"Temp","Temp Water","Temp Feels Like","Humidity","Pressure Mm","Pressure Hpa","Precip Mm","Precip Type","Precip Intensity","Wind Speed Ms","Wind Gust Speed Ms","Wind Dir","Condition","Created At"
"-3.60","","-7.50","62","748","998","","","","1.00","","S","Небольшая облачность","2025-12-29 00:00"
"-3.60","","-7.30","62","748","998","","","","0.60","","S","Небольшая облачность","2025-12-29 00:01"
"-3.60","","-7.10","62","748","998","","","","0.50","","S","Небольшая облачность","2025-12-29 00:02"
"-3.70","","-7.10","62","748","998","","","","0.50","","S","Небольшая облачность","2025-12-29 00:03"
"-3.70","","-7.70","62","748","998","","","","1.40","","S","Небольшая облачность","2025-12-29 00:04"
"-3.70","","-7.70","62","748","998","","","","1.40","","S","Небольшая облачность","2025-12-29 00:05"
"-3.70","","-7.20","62","748","998","","","","0.60","","S","Небольшая облачность","2025-12-29 00:06"
"-3.70","","-7.00","62","748","998","","","","0.40","","S","Небольшая облачность","2025-12-29 00:07"
"-3.70","","-7.00","62","748","998","","","","0.00","","S","Небольшая облачность","2025-12-29 00:08"
"-3.70","","-6.70","62","748","998","","","","0.50","","S","Небольшая облачность","2025-12-29 00:09"
"-3.70","","-7.10","62","748","998","","","","0.50","","S","Небольшая облачность","2025-12-29 00:10"
"-3.70","","-7.20","62","748","998","","","","0.70","","S","Небольшая облачность","2025-12-29 00:11"
"-3.70","","-7.10","62","748","998","","","","0.00","","S","Небольшая облачность","2025-12-29 00:12"
"-3.60","","-6.60","62","748","998","","","","0.00","","S","Небольшая облачность","2025-12-29 00:13"
"-3.60","","-6.60","62","748","998","","","","0.00","","S","Небольшая облачность","2025-12-29 00:14"
"-3.60","","-6.60","62","748","998","","","","0.00","","S","Небольшая облачность","2025-12-29 00:15"
"-3.60","","-6.60","62","748","998","","","","0.60","","S","Небольшая облачность","2025-12-29 00:16"
"-3.60","","-7.30","62","748","998","","","","0.90","","S","Небольшая облачность","2025-12-29 00:17"
"-3.60","","-7.30","62","748","998","","","","0.40","","S","Небольшая облачность","2025-12-29 00:18"
"-3.60","","-6.90","62","748","998","","","","0.40","","S","Небольшая облачность","2025-12-29 00:19"
"-3.70","","-7.20","62","748","998","","","","0.50","","S","Небольшая облачность","2025-12-29 00:20"
"-3.70","","-7.10","62","748","998","","","","0.50","","S","Небольшая облачность","2025-12-29 00:21"
"-3.70","","-7.10","62","748","998","","","","0.60","","S","Небольшая облачность","2025-12-29 00:22"
"-3.70","","-7.20","62","748","998","","","","0.50","","S","Небольшая облачность","2025-12-29 00:23"
"-3.70","","-7.10","62","748","998","","","","0.00","","S","Небольшая облачность","2025-12-29 00:24"
"-3.70","","-7.00","62","748","998","","","","0.40","","S","Небольшая облачность","2025-12-29 00:25"
"-3.70","","-7.00","62","748","998","","","","0.40","","S","Небольшая облачность","2025-12-29 00:26"
"-3.70","","-6.70","62","748","998","","","","0.00","","S","Небольшая облачность","2025-12-29 00:27"
"-3.70","","-7.40","62","748","998","","","","0.90","","S","Небольшая облачность","2025-12-29 00:28"
"-3.70","","-7.40","62","748","998","","","","0.90","","S","Небольшая облачность","2025-12-29 00:29"
"-3.70","","-7.90","62","748","998","","","","1.10","","S","Небольшая облачность","2025-12-29 00:30"
"-3.70","","-7.50","62","748","998","","","","1.10","","S","Небольшая облачность","2025-12-29 00:31"
"-3.70","","-7.50","62","748","998","","","","1.10","","S","Небольшая облачность","2025-12-29 00:32"
"-3.70","","-7.70","62","748","998","","","","1.40","","S","Небольшая облачность","2025-12-29 00:33"
"-3.70","","-7.70","62","748","998","","","","0.90","","S","Небольшая облачность","2025-12-29 00:34"
"-3.70","","-7.40","62","748","998","","","","1.10","","S","Небольшая облачность","2025-12-29 00:35"
"-3.70","","-7.50","62","748","998","","","","1.10","","S","Небольшая облачность","2025-12-29 00:36"
"-3.70","","-7.50","62","748","998","","","","0.70","","S","Небольшая облачность","2025-12-29 00:37"
"-3.70","","-7.20","62","748","998","","","","0.70","","S","Небольшая облачность","2025-12-29 00:38"
"-3.70","","-7.10","62","748","998","","","","1.10","","S","Небольшая облачность","2025-12-29 00:39"
"-3.70","","-7.40","62","748","998","","","","1.00","","S","Небольшая облачность","2025-12-29 00:40"
"-3.70","","-7.40","62","748","998","","","","1.00","","S","Небольшая облачность","2025-12-29 00:41"
"-3.70","","-7.10","62","748","998","","","","1.60","","S","Небольшая облачность","2025-12-29 00:42"
"-3.70","","-7.90","62","748","998","","","","1.10","","S","Небольшая облачность","2025-12-29 00:43"
"-3.70","","-7.50","62","748","998","","","","1.00","","SSE","Небольшая облачность","2025-12-29 00:44"
"-3.70","","-7.40","62","748","998","","","","1.00","","SSE","Небольшая облачность","2025-12-29 00:45"
"-3.70","","-7.10","62","748","998","","","","1.10","","SSE","Небольшая облачность","2025-12-29 00:46"
"-3.70","","-7.50","62","748","998","","","","1.40","","SSE","Небольшая облачность","2025-12-29 00:47"
"-3.70","","-7.70","62","748","998","","","","1.30","","SSE","Небольшая облачность","2025-12-29 00:48"
"-3.70","","-7.70","62","748","998","","","","1.30","","SSE","Небольшая облачность","2025-12-29 00:49"
"-3.70","","-7.40","62","748","998","","","","1.00","","SSE","Небольшая облачность","2025-12-29 00:50"
"-3.70","","-7.40","62","748","998","","","","0.00","","SSE","Небольшая облачность","2025-12-29 00:51"
"-3.70","","-6.70","62","748","998","","","","0.00","","SSE","Небольшая облачность","2025-12-29 00:52"
"-3.60","","-6.90","62","748","998","","","","0.00","","SSE","Небольшая облачность","2025-12-29 00:53"
"-3.60","","-6.90","62","748","998","","","","0.00","","SSE","Небольшая облачность","2025-12-29 00:54"
"-3.60","","-6.60","62","748","998","","","","0.00","","SSE","Небольшая облачность","2025-12-29 00:55"
"-3.60","","-6.60","63","748","998","","","","0.00","","SSE","Небольшая облачность","2025-12-29 00:56"
"-3.60","","-6.60","63","748","998","","","","0.00","","SSE","Небольшая облачность","2025-12-29 00:57"
"-3.60","","-6.60","63","748","998","","","","0.00","","SSE","Небольшая облачность","2025-12-29 00:58"
"-3.50","","-6.50","63","748","998","","","","0.50","","SSE","Небольшая облачность","2025-12-29 00:59"
"-3.50","","-6.90","63","748","998","","","","0.50","","SSE","Небольшая облачность","2025-12-29 01:00"
"-3.50","","-6.90","63","748","998","","","","1.00","","SSE","Небольшая облачность","2025-12-29 01:01"
"-3.60","","-7.30","63","748","998","","","","1.00","","SSE","Небольшая облачность","2025-12-29 01:02"
"-3.60","","-7.60","63","748","998","","","","1.40","","SSE","Небольшая облачность","2025-12-29 01:03"
"-3.60","","-7.60","63","748","998","","","","1.40","","SSE","Небольшая облачность","2025-12-29 01:04"
"-3.60","","-7.60","63","748","998","","","","1.40","","SSE","Небольшая облачность","2025-12-29 01:05"
"-3.60","","-7.60","63","748","998","","","","1.20","","SSE","Облачно","2025-12-29 01:06"
"-3.60","","-7.60","63","748","998","","","","1.20","","SSE","Облачно","2025-12-29 01:07"
"-3.60","","-7.60","63","748","998","","","","1.20","","SSE","Облачно","2025-12-29 01:08"
"-3.50","","-6.90","63","748","998","","","","0.60","","SSE","Облачно","2025-12-29 01:09"
"-3.50","","-7.30","63","748","998","","","","1.10","","SSE","Облачно","2025-12-29 01:10"
"-3.50","","-7.50","63","748","998","","","","1.40","","SSE","Облачно","2025-12-29 01:11"
"-3.50","","-7.50","63","748","998","","","","1.20","","SSE","Облачно","2025-12-29 01:12"
"-3.50","","-7.50","63","748","998","","","","1.20","","SSE","Облачно","2025-12-29 01:13"
"-3.60","","-7.30","63","748","998","","","","0.90","","SSE","Облачно","2025-12-29 01:14"
"-3.60","","-7.30","63","748","998","","","","0.50","","SSE","Облачно","2025-12-29 01:15"
"-3.60","","-7.00","63","748","998","","","","0.50","","SSE","Облачно","2025-12-29 01:16"
"-3.50","","-6.50","63","748","998","","","","0.00","","SSE","Облачно","2025-12-29 01:17"
"-3.50","","-6.50","63","748","998","","","","0.00","","SSE","Облачно","2025-12-29 01:18"
"-3.50","","-6.50","63","748","998","","","","0.00","","SSE","Облачно","2025-12-29 01:19"
"-3.50","","-6.90","63","748","998","","","","0.50","","SSE","Облачно","2025-12-29 01:20"
"-3.50","","-6.90","63","748","998","","","","0.50","","SSE","Облачно","2025-12-29 01:21"
"-3.50","","-7.40","63","748","998","","","","0.00","","SSE","Облачно","2025-12-29 01:22"
"-3.50","","-6.50","63","748","998","","","","0.00","","SSE","Облачно","2025-12-29 01:23"
"-3.50","","-6.50","63","748","998","","","","0.60","","SSE","Облачно","2025-12-29 01:24"
"-3.50","","-6.50","63","748","998","","","","0.00","","SSE","Облачно","2025-12-29 01:25"
"-3.50","","-6.50","63","748","998","","","","0.40","","SSE","Облачно","2025-12-29 01:26"
"-3.50","","-6.80","63","748","998","","","","0.00","","SSE","Облачно","2025-12-29 01:27"
"-3.50","","-6.50","63","748","998","","","","0.00","","SSE","Облачно","2025-12-29 01:28"
"-3.50","","-6.50","63","748","998","","","","0.50","","SSE","Облачно","2025-12-29 01:29"
"-3.50","","-6.90","63","748","998","","","","0.50","","SSE","Облачно","2025-12-29 01:30"
"-3.50","","-6.90","63","748","998","","","","0.50","","SSE","Облачно","2025-12-29 01:31"
"-3.50","","-7.10","63","748","998","","","","0.60","","SSE","Облачно","2025-12-29 01:32"
"-3.50","","-6.90","63","748","998","","","","0.40","","SSE","Облачно","2025-12-29 01:33"
"-3.50","","-6.80","63","748","998","","","","0.40","","SSE","Облачно","2025-12-29 01:34"
"-3.50","","-6.50","63","748","998","","","","0.00","","SSE","Облачно","2025-12-29 01:35"
"-3.50","","-6.50","63","748","998","","","","0.00","","SSE","Облачно","2025-12-29 01:36"
"-3.50","","-6.80","63","748","998","","","","0.00","","SSE","Облачно","2025-12-29 01:37"
"-3.50","","-6.50","63","748","998","","","","0.40","","SSE","Облачно","2025-12-29 01:38"
"-3.50","","-6.50","63","748","998","","","","0.40","","SSE","Облачно","2025-12-29 01:39"
"-3.50","","-6.50","63","748","998","","","","0.00","","SSE","Облачно","2025-12-29 01:40"
"-3.50","","-6.50","63","748","998","","","","1.20","","SSE","Облачно","2025-12-29 01:41"
"-3.50","","-7.60","63","748","998","","","","1.60","","SSE","Облачно","2025-12-29 01:42"
"-3.50","","-7.60","63","748","998","","","","1.60","","SSE","Облачно","2025-12-29 01:43"
"-3.50","","-7.50","63","748","998","","","","1.40","","SSE","Облачно","2025-12-29 01:44"
"-3.50","","-7.00","63","748","998","","","","0.50","","SSE","Облачно","2025-12-29 01:45"
"-3.50","","-6.90","63","748","998","","","","0.50","","SSE","Облачно","2025-12-29 01:46"
"-3.50","","-6.90","63","748","998","","","","1.20","","SSE","Облачно","2025-12-29 01:47"
"-3.50","","-6.90","63","748","998","","","","1.20","","SSE","Облачно","2025-12-29 01:48"
"-3.50","","-7.40","63","748","998","","","","0.70","","S","Облачно","2025-12-29 01:49"
"-3.50","","-6.90","63","748","998","","","","0.60","","S","Облачно","2025-12-29 01:50"
"-3.50","","-6.90","63","748","998","","","","0.60","","S","Облачно","2025-12-29 01:51"
"-3.50","","-6.90","63","748","998","","","","0.60","","S","Облачно","2025-12-29 01:52"
"-3.50","","-6.90","63","748","998","","","","2.20","","S","Облачно","2025-12-29 01:53"
"-3.50","","-6.90","63","748","998","","","","2.20","","S","Облачно","2025-12-29 01:54"
"-3.60","","-7.70","63","748","998","","","","1.50","","SSE","Облачно","2025-12-29 01:55"
"-3.60","","-7.70","63","748","998","","","","1.50","","SSE","Облачно","2025-12-29 01:56"
"-3.60","","-7.50","62","748","998","","","","1.20","","SSE","Облачно","2025-12-29 01:57"
"-3.60","","-7.50","62","748","998","","","","1.20","","SSE","Облачно","2025-12-29 01:58"
"-3.60","","-7.50","62","748","998","","","","1.20","","SSE","Облачно","2025-12-29 01:59"
"-3.60","","-6.60","63","748","998","","","","0.00","","SSE","Облачно","2025-12-29 02:00"
"-3.50","","-6.90","63","748","998","","","","0.60","","SSE","Облачно","2025-12-29 02:01"
"-3.50","","-6.90","63","748","998","","","","0.60","","SSE","Облачно","2025-12-29 02:02"
"-3.60","","-7.70","63","748","998","","","","1.50","","SSE","Облачно","2025-12-29 02:03"
"-3.60","","-7.70","63","748","998","","","","1.30","","SSE","Облачно","2025-12-29 02:04"
"-3.60","","-6.90","63","748","998","","","","0.40","","SSE","Облачно","2025-12-29 02:05"
"-3.60","","-6.90","63","748","998","","","","1.60","","SSE","Облачно","2025-12-29 02:06"
"-3.60","","-7.00","63","748","998","","","","0.60","","SSE","Облачно","2025-12-29 02:07"
"-3.60","","-7.00","63","748","998","","","","0.60","","SSE","Облачно","2025-12-29 02:08"
"-3.50","","-7.40","63","748","998","","","","1.20","","SSE","Облачно","2025-12-29 02:09"
"-3.60","","-7.50","63","748","998","","","","0.70","","SSE","Облачно","2025-12-29 02:10"
"-3.60","","-6.90","63","748","998","","","","0.50","","SSE","Облачно","2025-12-29 02:11"
"-3.60","","-7.00","63","748","998","","","","0.50","","SSE","Облачно","2025-12-29 02:12"
"-3.60","","-7.00","63","748","998","","","","0.50","","SSE","Облачно","2025-12-29 02:13"
"-3.60","","-7.00","63","748","998","","","","0.50","","SSE","Облачно","2025-12-29 02:14"
"-3.60","","-7.00","63","748","998","","","","0.50","","SSE","Облачно","2025-12-29 02:15"
"-3.60","","-8.20","62","748","998","","","","2.20","","SSE","Облачно","2025-12-29 02:16"
"-3.60","","-7.60","62","748","998","","","","1.40","","SSE","Облачно","2025-12-29 02:17"
"-3.60","","-7.60","62","748","998","","","","1.40","","SSE","Облачно","2025-12-29 02:18"
"-3.60","","-7.00","62","748","998","","","","1.10","","SSE","Облачно","2025-12-29 02:19"
"-3.70","","-7.90","62","748","998","","","","1.60","","SSE","Облачно","2025-12-29 02:20"
"-3.70","","-7.80","62","748","998","","","","1.50","","SSE","Облачно","2025-12-29 02:21"
"-3.70","","-8.20","62","748","998","","","","2.10","","SSE","Облачно","2025-12-29 02:22"
"-3.70","","-8.20","62","748","998","","","","2.10","","SSE","Облачно","2025-12-29 02:23"
"-3.70","","-7.90","62","748","998","","","","1.70","","SSE","Облачно","2025-12-29 02:24"
"-3.70","","-8.10","62","748","998","","","","2.00","","SSE","Облачно","2025-12-29 02:25"
"-3.70","","-7.50","62","748","998","","","","1.10","","SSE","Облачно","2025-12-29 02:26"
"-3.70","","-7.50","62","748","998","","","","1.10","","SSE","Облачно","2025-12-29 02:27"
"-3.70","","-7.00","62","748","998","","","","0.40","","SSE","Облачно","2025-12-29 02:28"
"-3.70","","-7.00","62","748","998","","","","0.40","","SSE","Облачно","2025-12-29 02:29"
"-3.70","","-7.00","62","748","998","","","","0.40","","SSE","Облачно","2025-12-29 02:30"
"-3.70","","-6.70","62","748","998","","","","0.00","","SSE","Облачно","2025-12-29 02:31"
"-3.70","","-7.00","62","748","998","","","","0.50","","SSE","Облачно","2025-12-29 02:32"
"-3.70","","-7.00","62","748","998","","","","0.50","","SSE","Облачно","2025-12-29 02:33"
"-3.70","","-7.10","62","748","998","","","","0.50","","SSE","Облачно","2025-12-29 02:34"
"-3.70","","-7.10","62","748","998","","","","0.50","","SSE","Облачно","2025-12-29 02:35"
"-3.70","","-6.70","63","747","997","","","","0.00","","SSE","Облачно","2025-12-29 02:36"
"-3.70","","-6.70","63","747","997","","","","0.00","","SSE","Облачно","2025-12-29 02:37"
"-3.70","","-7.00","63","747","997","","","","0.40","","SSE","Облачно","2025-12-29 02:38"
"-3.70","","-7.00","63","747","997","","","","0.00","","SSE","Облачно","2025-12-29 02:39"
"-3.70","","-7.00","63","747","997","","","","0.40","","SSE","Облачно","2025-12-29 02:40"
"-3.70","","-7.00","63","747","997","","","","0.40","","SSE","Облачно","2025-12-29 02:41"
"-3.70","","-6.70","63","747","997","","","","0.00","","SSE","Облачно","2025-12-29 02:42"
"-3.70","","-6.70","63","747","997","","","","0.00","","SSE","Облачно","2025-12-29 02:43"
"-3.70","","-6.70","63","747","997","","","","0.00","","SSE","Облачно","2025-12-29 02:44"
"-3.70","","-6.70","63","747","997","","","","0.50","","SSE","Облачно","2025-12-29 02:45"
"-3.70","","-6.70","63","747","997","","","","0.00","","SSE","Облачно","2025-12-29 02:46"
"-3.70","","-6.70","63","747","997","","","","0.00","","SSE","Облачно","2025-12-29 02:47"
"-3.70","","-6.70","63","747","997","","","","0.00","","SSE","Облачно","2025-12-29 02:48"
"-3.70","","-7.00","63","747","997","","","","1.20","","SSE","Облачно","2025-12-29 02:49"
"-3.70","","-7.40","63","747","997","","","","1.00","","SSE","Облачно","2025-12-29 02:50"
"-3.70","","-7.60","63","748","998","","","","1.20","","S","Облачно","2025-12-29 02:51"
"-3.70","","-7.60","63","748","998","","","","1.20","","S","Облачно","2025-12-29 02:52"
"-3.70","","-7.70","63","748","998","","","","0.50","","S","Облачно","2025-12-29 02:53"
"-4.70","","-8.20","63","748","998","","","","0.50","","S","Облачно","2025-12-29 02:54"
"-3.70","","-7.10","62","748","998","","","","1.60","","S","Облачно","2025-12-29 02:55"
"-3.70","","-7.10","62","748","998","","","","1.60","","S","Облачно","2025-12-29 02:56"
"-3.70","","-7.10","63","748","998","","","","0.50","","S","Облачно","2025-12-29 02:57"
"-3.70","","-7.10","63","748","998","","","","0.50","","S","Облачно","2025-12-29 02:58"
"-3.70","","-8.50","63","748","998","","","","2.50","","S","Облачно","2025-12-29 02:59"
"-3.70","","-8.20","63","748","998","","","","2.10","","S","Облачно","2025-12-29 03:00"
"-3.70","","-7.70","63","748","998","","","","1.40","","S","Облачно","2025-12-29 03:01"
"-3.80","","-7.80","62","748","998","","","","1.50","","S","Облачно","2025-12-29 03:02"
"-3.80","","-7.30","62","748","998","","","","0.40","","S","Облачно","2025-12-29 03:03"
"-3.80","","-7.10","62","748","998","","","","0.40","","S","Облачно","2025-12-29 03:04"
"-3.70","","-7.10","63","748","998","","","","0.50","","S","Облачно","2025-12-29 03:05"
"-3.80","","-7.10","63","747","997","","","","0.40","","S","Облачно","2025-12-29 03:06"
"-3.80","","-7.20","63","747","997","","","","0.00","","S","Облачно","2025-12-29 03:07"
"-3.80","","-6.90","62","747","997","","","","0.00","","S","Облачно","2025-12-29 03:08"
"-3.80","","-6.80","63","747","997","","","","0.00","","S","Облачно","2025-12-29 03:09"
"-3.80","","-7.20","63","747","997","","","","0.40","","S","Облачно","2025-12-29 03:10"
"-3.80","","-7.20","63","747","997","","","","0.40","","S","Облачно","2025-12-29 03:11"
"-3.80","","-7.10","63","747","997","","","","0.50","","S","Облачно","2025-12-29 03:12"
"-3.80","","-7.20","63","747","997","","","","0.60","","S","Облачно","2025-12-29 03:13"
"-3.80","","-7.20","63","747","997","","","","0.60","","S","Облачно","2025-12-29 03:14"
"-3.80","","-7.30","63","747","997","","","","0.50","","S","Облачно","2025-12-29 03:15"
"-3.80","","-7.10","63","747","997","","","","0.40","","S","Облачно","2025-12-29 03:16"
"-3.80","","-7.10","63","747","997","","","","0.40","","S","Облачно","2025-12-29 03:17"
"-3.80","","-7.10","63","747","997","","","","0.70","","S","Облачно","2025-12-29 03:18"
"-3.80","","-7.30","63","747","997","","","","0.40","","S","Облачно","2025-12-29 03:19"
"-3.80","","-7.50","63","747","997","","","","0.90","","S","Облачно","2025-12-29 03:20"
"-3.80","","-7.10","63","748","998","","","","0.40","","S","Облачно","2025-12-29 03:21"
"-3.80","","-7.10","63","748","998","","","","0.40","","S","Облачно","2025-12-29 03:22"
"-3.70","","-6.70","63","748","998","","","","0.00","","S","Облачно","2025-12-29 03:23"
"-3.70","","-6.70","63","748","998","","","","1.40","","S","Облачно","2025-12-29 03:24"
"-3.70","","-6.70","63","748","998","","","","1.40","","S","Облачно","2025-12-29 03:25"
"-3.70","","-7.20","63","748","998","","","","0.70","","S","Облачно","2025-12-29 03:26"
"-3.70","","-7.20","63","748","998","","","","0.00","","S","Облачно","2025-12-29 03:27"
"-3.70","","-7.10","63","748","998","","","","0.40","","S","Облачно","2025-12-29 03:28"
"-3.70","","-7.10","63","748","998","","","","0.40","","S","Облачно","2025-12-29 03:29"
"-3.70","","-7.20","63","748","998","","","","0.70","","S","Облачно","2025-12-29 03:30"
"-3.70","","-7.20","63","748","998","","","","0.60","","S","Облачно","2025-12-29 03:31"
"-3.70","","-7.20","63","748","998","","","","0.60","","S","Облачно","2025-12-29 03:32"
"-3.70","","-7.50","63","748","998","","","","1.10","","S","Облачно","2025-12-29 03:33"
"-3.70","","-7.40","63","748","998","","","","0.90","","S","Облачно","2025-12-29 03:34"
"-3.70","","-7.40","63","748","998","","","","1.00","","S","Облачно","2025-12-29 03:35"
"-3.70","","-7.40","63","748","998","","","","1.00","","S","Облачно","2025-12-29 03:36"
"-3.70","","-7.40","63","748","998","","","","1.00","","S","Облачно","2025-12-29 03:37"
"-3.70","","-7.40","63","748","998","","","","1.00","","S","Облачно","2025-12-29 03:38"
"-3.80","","-7.20","63","748","998","","","","0.50","","S","Облачно","2025-12-29 03:39"
"-3.80","","-7.20","63","748","998","","","","0.50","","S","Облачно","2025-12-29 03:40"
"-3.80","","-7.20","63","748","998","","","","0.50","","S","Облачно","2025-12-29 03:41"
"-3.80","","-7.20","63","748","998","","","","0.40","","S","Облачно","2025-12-29 03:42"
"-3.80","","-7.10","63","748","998","","","","0.40","","S","Облачно","2025-12-29 03:43"
"-3.70","","-7.00","63","748","998","","","","0.40","","S","Облачно","2025-12-29 03:44"
"-3.70","","-6.70","63","748","998","","","","0.00","","S","Облачно","2025-12-29 03:45"
"-3.70","","-7.00","63","748","998","","","","0.40","","S","Облачно","2025-12-29 03:46"
"-3.70","","-7.00","63","748","998","","","","0.40","","S","Облачно","2025-12-29 03:47"
"-3.70","","-7.50","63","748","998","","","","0.70","","S","Облачно","2025-12-29 03:48"
"-3.70","","-7.50","63","748","998","","","","0.70","","S","Облачно","2025-12-29 03:49"
"-3.70","","-7.20","63","748","998","","","","0.60","","S","Облачно","2025-12-29 03:50"
"-3.80","","-7.60","63","748","998","","","","1.10","","S","Облачно","2025-12-29 03:51"
"-3.80","","-7.60","63","748","998","","","","1.10","","S","Облачно","2025-12-29 03:52"
"-3.80","","-7.30","63","748","998","","","","0.70","","S","Облачно","2025-12-29 03:53"
"-3.80","","-7.30","63","748","998","","","","0.70","","S","Облачно","2025-12-29 03:54"
"-3.80","","-7.30","63","748","998","","","","0.60","","S","Облачно","2025-12-29 03:55"
"-3.80","","-7.30","63","748","998","","","","0.60","","S","Облачно","2025-12-29 03:56"
"-3.80","","-7.20","63","748","998","","","","0.50","","S","Облачно","2025-12-29 03:57"
"-3.80","","-7.50","63","748","998","","","","0.90","","S","Облачно","2025-12-29 03:58"
"-3.80","","-7.50","63","748","998","","","","0.90","","S","Облачно","2025-12-29 03:59"
"-3.90","","-8.20","62","748","998","","","","1.80","","S","Облачно","2025-12-29 04:00"
"-3.90","","-7.70","62","748","998","","","","1.00","","S","Облачно","2025-12-29 04:01"
"-3.90","","-7.70","62","748","998","","","","1.10","","S","Облачно","2025-12-29 04:02"
"-3.90","","-7.70","62","748","998","","","","1.40","","S","Облачно","2025-12-29 04:03"
"-3.90","","-7.70","62","748","998","","","","1.40","","S","Облачно","2025-12-29 04:04"
"-4.00","","-7.60","62","748","998","","","","0.70","","S","Облачно","2025-12-29 04:05"
"-4.00","","-7.60","62","747","997","","","","0.70","","S","Небольшая облачность","2025-12-29 04:06"
"-4.00","","-7.60","62","747","997","","","","0.70","","S","Небольшая облачность","2025-12-29 04:07"
"-4.00","","-8.70","62","747","997","","","","2.40","","S","Небольшая облачность","2025-12-29 04:08"
"-4.00","","-8.30","62","747","997","","","","1.10","","S","Небольшая облачность","2025-12-29 04:09"
"-4.10","","-7.90","62","747","997","","","","1.30","","S","Небольшая облачность","2025-12-29 04:10"
"-4.10","","-8.10","62","747","997","","","","1.30","","S","Небольшая облачность","2025-12-29 04:11"
"-4.10","","-8.10","62","747","997","","","","1.60","","S","Небольшая облачность","2025-12-29 04:12"
"-4.10","","-8.10","62","747","997","","","","1.90","","S","Небольшая облачность","2025-12-29 04:13"
"-4.10","","-8.50","62","747","997","","","","1.90","","S","Небольшая облачность","2025-12-29 04:14"
"-4.10","","-7.80","62","747","997","","","","0.90","","S","Небольшая облачность","2025-12-29 04:15"
"-4.10","","-7.80","62","747","997","","","","0.90","","S","Небольшая облачность","2025-12-29 04:16"
"-4.10","","-8.00","62","747","997","","","","1.10","","S","Небольшая облачность","2025-12-29 04:17"
"-4.10","","-7.90","62","747","997","","","","1.10","","S","Небольшая облачность","2025-12-29 04:18"
"-4.10","","-7.90","62","747","997","","","","1.30","","S","Небольшая облачность","2025-12-29 04:19"
"-4.20","","-7.70","62","747","997","","","","1.20","","S","Небольшая облачность","2025-12-29 04:20"
"-4.20","","-8.10","62","748","998","","","","1.20","","S","Небольшая облачность","2025-12-29 04:21"
"-4.20","","-7.60","62","748","998","","","","0.40","","S","Небольшая облачность","2025-12-29 04:22"
"-4.20","","-7.60","62","748","998","","","","0.50","","S","Небольшая облачность","2025-12-29 04:23"
"-4.20","","-7.60","62","748","998","","","","1.30","","S","Небольшая облачность","2025-12-29 04:24"
"-4.20","","-8.20","62","748","998","","","","1.30","","S","Небольшая облачность","2025-12-29 04:25"
"-4.20","","-8.30","62","748","998","","","","1.50","","S","Небольшая облачность","2025-12-29 04:26"
"-4.20","","-8.30","62","748","998","","","","1.00","","S","Небольшая облачность","2025-12-29 04:27"
"-4.20","","-8.00","62","748","998","","","","1.50","","S","Небольшая облачность","2025-12-29 04:28"
"-4.20","","-7.60","62","748","998","","","","0.50","","S","Небольшая облачность","2025-12-29 04:29"
"-4.20","","-7.60","62","748","998","","","","0.40","","S","Небольшая облачность","2025-12-29 04:30"
"-4.20","","-7.60","62","748","998","","","","0.60","","S","Небольшая облачность","2025-12-29 04:31"
"-4.20","","-7.60","62","748","998","","","","0.60","","S","Небольшая облачность","2025-12-29 04:32"
"-4.20","","-7.60","62","748","998","","","","0.40","","S","Небольшая облачность","2025-12-29 04:33"
"-4.20","","-7.60","62","748","998","","","","0.50","","S","Небольшая облачность","2025-12-29 04:34"
"-4.20","","-7.60","62","748","998","","","","0.50","","S","Небольшая облачность","2025-12-29 04:35"
"-4.20","","-7.60","62","748","998","","","","0.50","","S","Небольшая облачность","2025-12-29 04:36"
"-4.20","","-7.70","62","748","998","","","","0.40","","S","Небольшая облачность","2025-12-29 04:37"
"-4.20","","-7.60","62","748","998","","","","0.40","","S","Небольшая облачность","2025-12-29 04:38"
"-4.30","","-7.70","62","748","998","","","","0.40","","S","Небольшая облачность","2025-12-29 04:39"
"-4.30","","-7.70","62","748","998","","","","0.50","","S","Небольшая облачность","2025-12-29 04:40"
"-4.30","","-7.70","62","748","998","","","","0.50","","S","Небольшая облачность","2025-12-29 04:41"
"-4.30","","-7.70","62","748","998","","","","0.50","","S","Небольшая облачность","2025-12-29 04:42"
"-4.30","","-7.70","62","748","998","","","","0.50","","S","Небольшая облачность","2025-12-29 04:43"
"-4.30","","-7.90","62","748","998","","","","1.40","","S","Небольшая облачность","2025-12-29 04:44"
"-4.30","","-8.40","62","748","998","","","","0.50","","S","Небольшая облачность","2025-12-29 04:45"
"-4.30","","-8.40","62","748","998","","","","0.50","","S","Небольшая облачность","2025-12-29 04:46"
"-4.30","","-8.40","62","748","998","","","","0.50","","S","Небольшая облачность","2025-12-29 04:47"
"-4.30","","-8.40","62","748","998","","","","1.40","","S","Небольшая облачность","2025-12-29 04:48"
"-4.30","","-8.40","62","748","998","","","","2.00","","S","Небольшая облачность","2025-12-29 04:49"
"-4.30","","-8.60","62","748","998","","","","1.70","","S","Небольшая облачность","2025-12-29 04:50"
"-4.30","","-8.20","62","748","998","","","","0.00","","S","Небольшая облачность","2025-12-29 04:51"
"-4.30","","-7.40","62","748","998","","","","0.00","","S","Небольшая облачность","2025-12-29 04:52"
"-4.30","","-7.40","62","748","998","","","","0.00","","S","Небольшая облачность","2025-12-29 04:53"
"-4.30","","-7.40","62","748","998","","","","0.40","","S","Небольшая облачность","2025-12-29 04:54"
"-4.30","","-7.40","62","748","998","","","","0.60","","S","Небольшая облачность","2025-12-29 04:55"
"-4.30","","-7.40","62","748","998","","","","0.60","","S","Небольшая облачность","2025-12-29 04:56"
"-4.20","","-7.70","62","748","998","","","","0.60","","S","Небольшая облачность","2025-12-29 04:57"
"-4.20","","-7.90","63","748","998","","","","0.90","","S","Небольшая облачность","2025-12-29 04:58"
"-4.20","","-8.50","63","748","998","","","","1.70","","S","Небольшая облачность","2025-12-29 04:59"
"-4.20","","-8.90","63","748","998","","","","2.40","","S","Небольшая облачность","2025-12-29 05:00"
"-4.20","","-8.90","63","748","998","","","","2.40","","S","Небольшая облачность","2025-12-29 05:01"
"-4.20","","-8.50","63","748","998","","","","1.70","","S","Небольшая облачность","2025-12-29 05:02"
"-4.20","","-8.20","63","748","998","","","","1.30","","S","Небольшая облачность","2025-12-29 05:03"
"-4.20","","-8.00","63","748","998","","","","1.10","","S","Небольшая облачность","2025-12-29 05:04"
"-4.20","","-8.00","63","748","998","","","","2.50","","S","Небольшая облачность","2025-12-29 05:05"
"-4.20","","-9.00","63","748","998","","","","2.50","","S","Небольшая облачность","2025-12-29 05:06"
"-4.20","","-9.00","63","748","998","","","","1.90","","S","Небольшая облачность","2025-12-29 05:07"
"-4.20","","-8.60","63","748","998","","","","1.10","","S","Небольшая облачность","2025-12-29 05:08"
"-4.20","","-8.00","63","748","998","","","","0.50","","S","Небольшая облачность","2025-12-29 05:09"
"-4.20","","-7.60","63","748","998","","","","0.50","","S","Небольшая облачность","2025-12-29 05:10"
"-4.20","","-7.60","63","748","998","","","","0.50","","S","Небольшая облачность","2025-12-29 05:11"
"-4.20","","-8.20","63","748","998","","","","1.30","","S","Небольшая облачность","2025-12-29 05:12"
"-4.20","","-8.20","63","748","998","","","","1.40","","S","Небольшая облачность","2025-12-29 05:13"
"-4.20","","-8.40","63","748","998","","","","1.60","","S","Небольшая облачность","2025-12-29 05:14"
"-4.20","","-7.80","63","748","998","","","","0.70","","S","Небольшая облачность","2025-12-29 05:15"
"-4.20","","-7.60","63","748","998","","","","0.40","","S","Небольшая облачность","2025-12-29 05:16"
"-4.20","","-7.50","63","748","998","","","","0.40","","S","Небольшая облачность","2025-12-29 05:17"
"-4.20","","-7.30","63","748","998","","","","0.00","","S","Небольшая облачность","2025-12-29 05:18"
"-4.20","","-7.50","63","748","998","","","","0.40","","S","Небольшая облачность","2025-12-29 05:19"
"-4.20","","-7.50","63","748","998","","","","0.40","","S","Небольшая облачность","2025-12-29 05:20"
"-4.20","","-7.50","63","748","998","","","","0.40","","S","Небольшая облачность","2025-12-29 05:21"
"-4.20","","-7.80","63","748","998","","","","0.70","","S","Небольшая облачность","2025-12-29 05:22"
"-4.20","","-7.30","63","748","998","","","","0.00","","S","Небольшая облачность","2025-12-29 05:23"
"-4.10","","-7.20","63","748","998","","","","0.00","","S","Небольшая облачность","2025-12-29 05:24"
"-4.10","","-7.20","63","748","998","","","","0.00","","S","Небольшая облачность","2025-12-29 05:25"
"-4.10","","-7.20","63","748","998","","","","1.90","","S","Небольшая облачность","2025-12-29 05:26"
"-4.10","","-7.20","63","748","998","","","","1.90","","S","Небольшая облачность","2025-12-29 05:27"
"-4.10","","-8.50","63","748","998","","","","1.90","","S","Небольшая облачность","2025-12-29 05:28"
"-4.10","","-8.40","63","748","998","","","","1.80","","S","Небольшая облачность","2025-12-29 05:29"
"-4.10","","-8.10","63","748","998","","","","1.30","","S","Небольшая облачность","2025-12-29 05:30"
"-4.10","","-7.40","63","748","998","","","","0.40","","S","Небольшая облачность","2025-12-29 05:31"
"-4.10","","-7.80","63","748","998","","","","0.90","","S","Небольшая облачность","2025-12-29 05:32"
"-4.10","","-7.80","63","748","998","","","","1.30","","S","Небольшая облачность","2025-12-29 05:33"
"-4.10","","-8.10","63","748","998","","","","1.30","","S","Небольшая облачность","2025-12-29 05:34"
"-4.10","","-8.10","63","748","998","","","","1.40","","S","Небольшая облачность","2025-12-29 05:35"
"-4.10","","-8.00","63","748","998","","","","1.20","","S","Небольшая облачность","2025-12-29 05:36"
"-4.10","","-8.00","63","748","998","","","","1.20","","S","Небольшая облачность","2025-12-29 05:37"
"-4.10","","-8.00","63","748","998","","","","1.20","","S","Небольшая облачность","2025-12-29 05:38"
"-4.10","","-9.00","63","748","998","","","","2.60","","S","Небольшая облачность","2025-12-29 05:39"
"-4.10","","-9.00","63","748","998","","","","1.80","","S","Небольшая облачность","2025-12-29 05:40"
"-4.10","","-8.40","63","748","998","","","","1.80","","S","Небольшая облачность","2025-12-29 05:41"
"-4.10","","-8.40","63","748","998","","","","1.80","","S","Небольшая облачность","2025-12-29 05:42"
"-4.10","","-8.40","63","748","998","","","","1.60","","S","Небольшая облачность","2025-12-29 05:43"
"-4.10","","-8.30","63","748","998","","","","1.60","","S","Небольшая облачность","2025-12-29 05:44"
"-4.10","","-8.30","63","748","998","","","","1.60","","S","Небольшая облачность","2025-12-29 05:45"
"-4.10","","-8.30","63","748","998","","","","1.60","","S","Небольшая облачность","2025-12-29 05:46"
"-4.10","","-8.30","63","748","998","","","","1.90","","S","Небольшая облачность","2025-12-29 05:47"
"-4.10","","-8.10","63","748","998","","","","1.40","","S","Небольшая облачность","2025-12-29 05:48"
"-4.10","","-8.10","63","748","998","","","","1.90","","S","Небольшая облачность","2025-12-29 05:49"
"-4.10","","-8.10","63","748","998","","","","1.20","","S","Небольшая облачность","2025-12-29 05:50"
"-4.10","","-8.00","63","749","999","","","","1.20","","S","Небольшая облачность","2025-12-29 05:51"
"-4.10","","-8.00","63","749","999","","","","1.20","","S","Небольшая облачность","2025-12-29 05:52"
"-4.00","","-7.90","63","749","999","","","","1.20","","S","Небольшая облачность","2025-12-29 05:53"
"-4.00","","-7.90","63","749","999","","","","1.60","","S","Небольшая облачность","2025-12-29 05:54"
"-4.00","","-8.20","63","749","999","","","","1.60","","S","Небольшая облачность","2025-12-29 05:55"
"-4.00","","-7.40","63","749","999","","","","0.50","","S","Небольшая облачность","2025-12-29 05:56"
"-4.00","","-7.40","63","749","999","","","","1.10","","S","Небольшая облачность","2025-12-29 05:57"
"-4.00","","-7.80","63","749","999","","","","3.00","","S","Небольшая облачность","2025-12-29 05:58"
"-4.00","","-7.80","63","749","999","","","","3.00","","S","Небольшая облачность","2025-12-29 05:59"
"-4.00","","-9.20","63","749","999","","","","3.00","","S","Небольшая облачность","2025-12-29 06:00"
"-4.00","","-9.20","63","749","999","","","","3.00","","S","Небольшая облачность","2025-12-29 06:01"
"-3.90","","-9.00","63","749","999","","","","1.40","","S","Небольшая облачность","2025-12-29 06:02"
"-3.90","","-7.90","63","749","999","","","","1.40","","S","Небольшая облачность","2025-12-29 06:03"
"-3.90","","-7.90","64","749","999","","","","1.20","","S","Небольшая облачность","2025-12-29 06:04"
"-3.90","","-7.80","64","749","999","","","","2.60","","S","Небольшая облачность","2025-12-29 06:05"
"-3.90","","-8.80","64","748","998","","","","1.40","","S","Небольшая облачность","2025-12-29 06:06"
"-3.90","","-7.40","64","748","998","","","","0.70","","S","Небольшая облачность","2025-12-29 06:07"
"-3.90","","-7.40","64","748","998","","","","0.70","","S","Небольшая облачность","2025-12-29 06:08"
"-3.90","","-7.40","64","748","998","","","","0.70","","S","Небольшая облачность","2025-12-29 06:09"
"-3.90","","-9.30","64","748","998","","","","3.40","","S","Небольшая облачность","2025-12-29 06:10"
"-3.90","","-9.30","64","748","998","","","","3.40","","S","Небольшая облачность","2025-12-29 06:11"
"-3.90","","-9.30","64","748","998","","","","3.40","","S","Небольшая облачность","2025-12-29 06:12"
"-3.90","","-9.30","64","748","998","","","","2.90","","S","Небольшая облачность","2025-12-29 06:13"
"-3.90","","-8.70","64","748","998","","","","2.50","","S","Небольшая облачность","2025-12-29 06:14"
"-3.90","","-8.30","64","748","998","","","","2.00","","S","Небольшая облачность","2025-12-29 06:15"
"-3.90","","-8.30","64","748","998","","","","2.00","","S","Небольшая облачность","2025-12-29 06:16"
"-3.90","","-8.30","63","748","998","","","","2.00","","S","Небольшая облачность","2025-12-29 06:17"
"-3.90","","-8.30","63","748","998","","","","2.00","","S","Небольшая облачность","2025-12-29 06:18"
"-3.90","","-8.30","63","748","998","","","","2.00","","S","Небольшая облачность","2025-12-29 06:19"
"-3.90","","-8.30","63","748","998","","","","1.80","","S","Небольшая облачность","2025-12-29 06:20"
"-3.90","","-7.90","63","749","999","","","","1.40","","S","Небольшая облачность","2025-12-29 06:21"
"-3.90","","-7.90","63","749","999","","","","1.40","","S","Небольшая облачность","2025-12-29 06:22"
"-3.90","","-7.60","63","749","999","","","","1.00","","S","Небольшая облачность","2025-12-29 06:23"
"-3.90","","-8.70","63","749","999","","","","2.50","","S","Небольшая облачность","2025-12-29 06:24"
"-3.90","","-8.10","63","749","999","","","","1.50","","S","Небольшая облачность","2025-12-29 06:25"
"-3.90","","-8.00","63","749","999","","","","1.20","","S","Небольшая облачность","2025-12-29 06:26"
"-3.90","","-8.00","63","749","999","","","","1.20","","S","Небольшая облачность","2025-12-29 06:27"
"-3.90","","-8.00","63","749","999","","","","1.50","","S","Небольшая облачность","2025-12-29 06:28"
"-3.90","","-8.00","63","749","999","","","","1.50","","S","Небольшая облачность","2025-12-29 06:29"
"-3.90","","-8.00","63","749","999","","","","1.50","","S","Небольшая облачность","2025-12-29 06:30"
"-3.90","","-8.00","63","749","999","","","","1.50","","S","Небольшая облачность","2025-12-29 06:31"
"-3.90","","-9.00","63","749","999","","","","2.90","","S","Небольшая облачность","2025-12-29 06:32"
"-3.90","","-9.00","63","749","999","","","","2.90","","S","Небольшая облачность","2025-12-29 06:33"
"-3.90","","-9.00","63","749","999","","","","3.20","","S","Небольшая облачность","2025-12-29 06:34"
"-3.90","","-8.80","63","749","999","","","","2.70","","S","Небольшая облачность","2025-12-29 06:35"
"-3.90","","-8.80","63","749","999","","","","2.70","","S","Небольшая облачность","2025-12-29 06:36"
"-3.90","","-8.80","63","749","999","","","","2.70","","S","Небольшая облачность","2025-12-29 06:37"
"-3.90","","-8.80","63","749","999","","","","2.70","","S","Небольшая облачность","2025-12-29 06:38"
"-3.90","","-8.80","63","749","999","","","","2.70","","S","Небольшая облачность","2025-12-29 06:39"
"-3.90","","-8.80","63","749","999","","","","2.70","","S","Небольшая облачность","2025-12-29 06:40"
"-3.90","","-8.30","63","749","999","","","","2.00","","S","Небольшая облачность","2025-12-29 06:41"
"-3.90","","-8.30","63","749","999","","","","2.00","","S","Небольшая облачность","2025-12-29 06:42"
"-3.90","","-8.30","63","749","999","","","","2.00","","S","Небольшая облачность","2025-12-29 06:43"
"-3.90","","-8.30","63","749","999","","","","1.90","","S","Небольшая облачность","2025-12-29 06:44"
"-3.90","","-8.30","63","749","999","","","","1.90","","S","Небольшая облачность","2025-12-29 06:45"
"-3.90","","-8.30","63","749","999","","","","1.80","","S","Небольшая облачность","2025-12-29 06:46"
"-3.80","","-8.10","64","749","999","","","","0.90","","S","Небольшая облачность","2025-12-29 06:47"
"-3.80","","-7.50","64","749","999","","","","0.90","","S","Небольшая облачность","2025-12-29 06:48"
"-3.80","","-7.90","64","749","999","","","","1.60","","S","Небольшая облачность","2025-12-29 06:49"
"-3.80","","-7.90","64","749","999","","","","1.80","","S","Небольшая облачность","2025-12-29 06:50"
"-3.80","","-8.10","64","749","999","","","","1.80","","S","Небольшая облачность","2025-12-29 06:51"
"-3.80","","-8.10","64","749","999","","","","2.80","","S","Небольшая облачность","2025-12-29 06:52"
"-3.80","","-8.10","64","749","999","","","","0.70","","S","Небольшая облачность","2025-12-29 06:53"
"-3.80","","-8.10","64","749","999","","","","0.70","","S","Небольшая облачность","2025-12-29 06:54"
"-3.80","","-7.20","64","749","999","","","","0.50","","S","Небольшая облачность","2025-12-29 06:55"
"-3.80","","-7.20","64","749","999","","","","0.70","","S","Небольшая облачность","2025-12-29 06:56"
"-3.80","","-7.20","64","749","999","","","","0.70","","S","Небольшая облачность","2025-12-29 06:57"
"-3.80","","-7.20","64","749","999","","","","1.10","","S","Небольшая облачность","2025-12-29 06:58"
"-3.80","","-7.60","64","749","999","","","","1.10","","S","Небольшая облачность","2025-12-29 06:59"
"-3.80","","-7.60","64","749","999","","","","1.00","","S","Небольшая облачность","2025-12-29 07:00"
"-3.80","","-7.60","64","749","999","","","","1.00","","S","Небольшая облачность","2025-12-29 07:01"
"-3.80","","-7.50","64","749","999","","","","1.00","","S","Небольшая облачность","2025-12-29 07:02"
"-3.80","","-7.70","64","749","999","","","","1.50","","S","Небольшая облачность","2025-12-29 07:03"
"-3.80","","-7.70","64","749","999","","","","1.50","","S","Небольшая облачность","2025-12-29 07:04"
"-3.80","","-7.90","64","749","999","","","","1.50","","S","Небольшая облачность","2025-12-29 07:05"
"-3.80","","-7.90","64","749","999","","","","1.50","","S","Небольшая облачность","2025-12-29 07:06"
"-3.70","","-7.60","64","749","999","","","","1.20","","S","Небольшая облачность","2025-12-29 07:07"
"-3.70","","-8.00","64","749","999","","","","1.90","","S","Небольшая облачность","2025-12-29 07:08"
"-3.70","","-8.00","64","749","999","","","","1.90","","S","Небольшая облачность","2025-12-29 07:09"
"-3.70","","-7.10","64","749","999","","","","0.60","","S","Небольшая облачность","2025-12-29 07:10"
"-3.70","","-7.10","64","749","999","","","","2.40","","S","Небольшая облачность","2025-12-29 07:11"
"-3.70","","-7.10","64","749","999","","","","1.60","","S","Небольшая облачность","2025-12-29 07:12"
"-3.70","","-7.80","64","749","999","","","","1.60","","S","Небольшая облачность","2025-12-29 07:13"
"-3.70","","-7.80","64","749","999","","","","1.60","","S","Небольшая облачность","2025-12-29 07:14"
"-3.70","","-8.70","64","749","999","","","","2.90","","S","Небольшая облачность","2025-12-29 07:15"
"-3.70","","-8.70","64","749","999","","","","3.30","","S","Небольшая облачность","2025-12-29 07:16"
"-3.70","","-9.00","64","749","999","","","","3.30","","S","Небольшая облачность","2025-12-29 07:17"
"-3.70","","-9.00","64","749","999","","","","3.30","","S","Небольшая облачность","2025-12-29 07:18"
"-3.70","","-7.90","64","749","999","","","","1.70","","S","Небольшая облачность","2025-12-29 07:19"
"-3.70","","-7.90","64","749","999","","","","1.60","","S","Небольшая облачность","2025-12-29 07:20"
"-3.70","","-7.80","64","748","998","","","","1.60","","S","Небольшая облачность","2025-12-29 07:21"
"-3.70","","-8.30","64","748","998","","","","2.20","","S","Небольшая облачность","2025-12-29 07:22"
"-3.70","","-8.30","64","748","998","","","","2.20","","S","Небольшая облачность","2025-12-29 07:23"
"-3.70","","-8.30","64","748","998","","","","1.00","","S","Небольшая облачность","2025-12-29 07:24"
"-3.70","","-7.40","64","748","998","","","","1.00","","S","Небольшая облачность","2025-12-29 07:25"
"-3.70","","-7.40","64","748","998","","","","2.80","","S","Небольшая облачность","2025-12-29 07:26"
"-3.70","","-8.70","64","748","998","","","","2.00","","S","Небольшая облачность","2025-12-29 07:27"
"-3.70","","-8.10","64","748","998","","","","2.00","","S","Небольшая облачность","2025-12-29 07:28"
"-3.70","","-8.10","64","748","998","","","","2.00","","S","Небольшая облачность","2025-12-29 07:29"
"-3.70","","-7.60","64","748","998","","","","1.20","","S","Небольшая облачность","2025-12-29 07:30"
"-3.70","","-7.60","64","748","998","","","","1.20","","S","Небольшая облачность","2025-12-29 07:31"
"-3.70","","-8.80","64","748","998","","","","3.00","","S","Небольшая облачность","2025-12-29 07:32"
"-3.70","","-8.80","64","748","998","","","","3.00","","S","Небольшая облачность","2025-12-29 07:33"
"-3.70","","-8.80","64","748","998","","","","2.00","","S","Небольшая облачность","2025-12-29 07:34"
"-3.70","","-8.10","64","748","998","","","","2.00","","S","Небольшая облачность","2025-12-29 07:35"
"-3.70","","-8.10","64","749","999","","","","2.00","","S","Небольшая облачность","2025-12-29 07:36"
"-3.60","","-7.40","64","749","999","","","","1.20","","S","Небольшая облачность","2025-12-29 07:37"
"-3.60","","-7.60","64","749","999","","","","1.40","","S","Небольшая облачность","2025-12-29 07:38"
"-3.60","","-7.60","64","749","999","","","","1.40","","S","Небольшая облачность","2025-12-29 07:39"
"-3.60","","-7.60","64","749","999","","","","1.70","","S","Небольшая облачность","2025-12-29 07:40"
"-3.60","","-8.80","64","749","999","","","","3.10","","S","Небольшая облачность","2025-12-29 07:41"
"-3.60","","-8.80","64","749","999","","","","2.00","","S","Небольшая облачность","2025-12-29 07:42"
"-3.60","","-8.00","64","749","999","","","","2.50","","S","Небольшая облачность","2025-12-29 07:43"
"-3.60","","-8.40","64","749","999","","","","2.50","","S","Небольшая облачность","2025-12-29 07:44"
"-3.60","","-8.40","64","749","999","","","","2.50","","S","Небольшая облачность","2025-12-29 07:45"
"-3.60","","-8.40","64","749","999","","","","2.50","","S","Небольшая облачность","2025-12-29 07:46"
"-3.60","","-8.70","64","749","999","","","","3.00","","S","Небольшая облачность","2025-12-29 07:47"
"-3.60","","-8.10","64","749","999","","","","2.10","","S","Небольшая облачность","2025-12-29 07:48"
"-3.60","","-8.10","64","749","999","","","","2.60","","SSE","Небольшая облачность","2025-12-29 07:49"
"-3.60","","-8.60","64","749","999","","","","2.90","","SSE","Небольшая облачность","2025-12-29 07:50"
"-3.60","","-8.60","64","749","999","","","","2.90","","SSE","Небольшая облачность","2025-12-29 07:51"
"-3.60","","-8.10","64","748","998","","","","2.20","","SSE","Небольшая облачность","2025-12-29 07:52"
"-3.50","","-8.00","64","748","998","","","","2.40","","SSE","Небольшая облачность","2025-12-29 07:53"
"-3.50","","-8.00","64","748","998","","","","2.40","","SSE","Небольшая облачность","2025-12-29 07:54"
"-3.50","","-8.00","64","748","998","","","","1.20","","SSE","Небольшая облачность","2025-12-29 07:55"
"-3.50","","-7.30","64","748","998","","","","1.20","","SSE","Небольшая облачность","2025-12-29 07:56"
"-3.50","","-7.30","64","748","998","","","","1.20","","SSE","Небольшая облачность","2025-12-29 07:57"
"-3.50","","-8.30","64","748","998","","","","2.50","","SSE","Небольшая облачность","2025-12-29 07:58"
"-3.50","","-8.30","64","748","998","","","","2.50","","SSE","Небольшая облачность","2025-12-29 07:59"
"-3.40","","-7.20","64","748","998","","","","1.20","","SSE","Небольшая облачность","2025-12-29 08:00"
"-3.40","","-7.20","64","748","998","","","","2.20","","SSE","Небольшая облачность","2025-12-29 08:01"
"-3.40","","-7.20","64","748","998","","","","2.20","","SSE","Небольшая облачность","2025-12-29 08:02"
"-3.40","","-7.90","64","748","998","","","","1.80","","SSE","Небольшая облачность","2025-12-29 08:03"
"-3.40","","-7.30","64","748","998","","","","1.90","","SSE","Небольшая облачность","2025-12-29 08:04"
"-3.40","","-7.70","64","748","998","","","","1.90","","SSE","Небольшая облачность","2025-12-29 08:05"
"-3.40","","-7.70","64","748","998","","","","1.90","","SSE","Небольшая облачность","2025-12-29 08:06"
"-3.40","","-7.80","64","748","998","","","","2.00","","SSE","Небольшая облачность","2025-12-29 08:07"
"-3.40","","-7.80","64","748","998","","","","2.00","","SSE","Небольшая облачность","2025-12-29 08:08"
"-3.40","","-8.10","64","748","998","","","","2.40","","SSE","Небольшая облачность","2025-12-29 08:09"
"-3.40","","-8.10","64","748","998","","","","2.00","","SSE","Небольшая облачность","2025-12-29 08:10"
"-3.40","","-8.10","64","748","998","","","","1.80","","SSE","Небольшая облачность","2025-12-29 08:11"
"-3.40","","-8.10","64","748","998","","","","1.80","","SSE","Небольшая облачность","2025-12-29 08:12"
"-3.30","","-8.10","64","748","998","","","","2.60","","SSE","Небольшая облачность","2025-12-29 08:13"
"-3.30","","-7.80","64","748","998","","","","2.10","","SSE","Небольшая облачность","2025-12-29 08:14"
"-3.30","","-7.00","64","748","998","","","","1.00","","SSE","Небольшая облачность","2025-12-29 08:15"
"-3.30","","-7.00","64","748","998","","","","1.00","","SSE","Небольшая облачность","2025-12-29 08:16"
"-3.30","","-7.00","64","748","998","","","","1.80","","SSE","Небольшая облачность","2025-12-29 08:17"
"-3.30","","-7.50","64","748","998","","","","1.80","","SSE","Небольшая облачность","2025-12-29 08:18"
"-3.30","","-7.60","64","748","998","","","","1.90","","SSE","Небольшая облачность","2025-12-29 08:19"
"-3.20","","-7.50","64","748","998","","","","1.90","","SSE","Небольшая облачность","2025-12-29 08:20"
"-3.20","","-7.50","64","748","998","","","","1.90","","SSE","Небольшая облачность","2025-12-29 08:21"
"-3.20","","-7.50","64","748","998","","","","1.80","","SSE","Небольшая облачность","2025-12-29 08:22"
"-3.20","","-7.40","64","748","998","","","","1.80","","SSE","Небольшая облачность","2025-12-29 08:23"
"-3.20","","-7.40","64","748","998","","","","1.80","","SSE","Небольшая облачность","2025-12-29 08:24"
"-3.20","","-7.40","64","748","998","","","","1.80","","SSE","Небольшая облачность","2025-12-29 08:25"
"-3.20","","-8.10","64","748","998","","","","2.80","","SSE","Небольшая облачность","2025-12-29 08:26"
"-3.20","","-7.20","64","748","998","","","","1.40","","SSE","Небольшая облачность","2025-12-29 08:27"
"-3.20","","-7.20","64","748","998","","","","1.40","","SSE","Небольшая облачность","2025-12-29 08:28"
"-3.20","","-7.20","64","748","998","","","","2.90","","SSE","Небольшая облачность","2025-12-29 08:29"
"-3.20","","-7.70","63","748","998","","","","2.10","","SSE","Небольшая облачность","2025-12-29 08:30"
"-3.20","","-7.50","63","748","998","","","","1.90","","SSE","Небольшая облачность","2025-12-29 08:31"
"-3.20","","-7.50","63","748","998","","","","1.90","","SSE","Небольшая облачность","2025-12-29 08:32"
"-3.20","","-7.50","63","748","998","","","","2.70","","SSE","Небольшая облачность","2025-12-29 08:33"
"-3.20","","-7.50","63","748","998","","","","2.70","","SSE","Небольшая облачность","2025-12-29 08:34"
"-3.20","","-6.70","63","748","998","","","","0.70","","SSE","Небольшая облачность","2025-12-29 08:35"
"-3.20","","-6.70","63","748","998","","","","0.70","","SSE","Небольшая облачность","2025-12-29 08:36"
"-3.20","","-6.70","63","748","998","","","","0.70","","SSE","Небольшая облачность","2025-12-29 08:37"
"-3.20","","-6.70","63","748","998","","","","0.70","","SSE","Небольшая облачность","2025-12-29 08:38"
"-3.20","","-8.20","63","748","998","","","","2.90","","SSE","Небольшая облачность","2025-12-29 08:39"
"-3.20","","-7.50","63","748","998","","","","1.90","","SSE","Небольшая облачность","2025-12-29 08:40"
"-3.20","","-7.50","63","748","998","","","","1.90","","SSE","Небольшая облачность","2025-12-29 08:41"
"-3.20","","-8.10","63","748","998","","","","2.70","","SSE","Небольшая облачность","2025-12-29 08:42"
"-3.20","","-8.10","63","748","998","","","","2.70","","SSE","Небольшая облачность","2025-12-29 08:43"
"-3.20","","-8.10","63","748","998","","","","2.70","","SSE","Небольшая облачность","2025-12-29 08:44"
"-3.20","","-7.60","63","748","998","","","","2.60","","SSE","Небольшая облачность","2025-12-29 08:45"
"-3.20","","-7.60","63","748","998","","","","2.60","","SSE","Небольшая облачность","2025-12-29 08:46"
"-3.20","","-7.60","63","748","998","","","","2.00","","SSE","Небольшая облачность","2025-12-29 08:47"
"-3.20","","-7.60","63","748","998","","","","2.00","","SSE","Небольшая облачность","2025-12-29 08:48"
"-3.20","","-7.20","63","748","998","","","","1.50","","SSE","Небольшая облачность","2025-12-29 08:49"
"-3.10","","-7.10","63","748","998","","","","1.50","","SSE","Небольшая облачность","2025-12-29 08:50"
"-3.10","","-7.10","63","748","998","","","","1.50","","SSE","Небольшая облачность","2025-12-29 08:51"
"-3.10","","-7.10","63","748","998","","","","1.50","","SSE","Небольшая облачность","2025-12-29 08:52"
"-3.10","","-7.90","63","748","998","","","","2.60","","SSE","Небольшая облачность","2025-12-29 08:53"
"-3.10","","-7.60","63","748","998","","","","2.20","","SSE","Небольшая облачность","2025-12-29 08:54"
"-3.10","","-7.40","63","748","998","","","","1.30","","SSE","Небольшая облачность","2025-12-29 08:55"
"-3.10","","-7.00","63","748","998","","","","1.30","","SSE","Небольшая облачность","2025-12-29 08:56"
"-3.10","","-7.80","63","748","998","","","","1.50","","SSE","Небольшая облачность","2025-12-29 08:57"
"-3.10","","-7.10","63","748","998","","","","1.50","","SSE","Небольшая облачность","2025-12-29 08:58"
"-3.10","","-7.10","63","748","998","","","","1.50","","SSE","Небольшая облачность","2025-12-29 08:59"
"-3.10","","-7.10","63","748","998","","","","1.50","","SSE","Небольшая облачность","2025-12-29 09:00"
"-3.10","","-7.10","63","748","998","","","","1.50","","SSE","Небольшая облачность","2025-12-29 09:01"
"-3.10","","-7.10","63","748","998","","","","1.50","","SSE","Небольшая облачность","2025-12-29 09:02"
"-3.10","","-7.10","63","748","998","","","","1.50","","SSE","Небольшая облачность","2025-12-29 09:03"
"-3.10","","-8.20","63","748","998","","","","3.00","","SSE","Небольшая облачность","2025-12-29 09:04"
"-3.10","","-8.20","62","748","998","","","","3.00","","SSE","Небольшая облачность","2025-12-29 09:05"
"-3.10","","-8.20","62","748","998","","","","3.00","","SSE","Небольшая облачность","2025-12-29 09:06"
"-3.10","","-8.20","62","748","998","","","","3.00","","SSE","Небольшая облачность","2025-12-29 09:07"
"-3.10","","-8.90","62","748","998","","","","4.00","","SSE","Небольшая облачность","2025-12-29 09:08"
"-3.10","","-8.90","62","748","998","","","","4.00","","SSE","Небольшая облачность","2025-12-29 09:09"
"-3.10","","-8.90","62","748","998","","","","4.00","","SSE","Небольшая облачность","2025-12-29 09:10"
"-3.10","","-8.90","62","748","998","","","","2.20","","SSE","Небольшая облачность","2025-12-29 09:11"
"-3.10","","-7.60","62","748","998","","","","3.20","","SSE","Небольшая облачность","2025-12-29 09:12"
"-3.10","","-8.30","62","748","998","","","","3.20","","SSE","Небольшая облачность","2025-12-29 09:13"
"-3.10","","-8.30","62","748","998","","","","3.20","","SSE","Небольшая облачность","2025-12-29 09:14"
"-3.10","","-8.20","62","748","998","","","","3.00","","SSE","Небольшая облачность","2025-12-29 09:15"
"-3.10","","-7.90","62","748","998","","","","2.50","","SSE","Небольшая облачность","2025-12-29 09:16"
"-3.10","","-7.90","62","748","998","","","","2.50","","SSE","Небольшая облачность","2025-12-29 09:17"
"-3.10","","-7.90","62","748","998","","","","2.50","","SSE","Небольшая облачность","2025-12-29 09:18"
"-3.10","","-7.90","62","748","998","","","","2.50","","SSE","Небольшая облачность","2025-12-29 09:19"
"-3.10","","-7.90","62","748","998","","","","2.50","","SSE","Небольшая облачность","2025-12-29 09:20"
"-3.10","","-7.90","62","747","997","","","","2.50","","SSE","Небольшая облачность","2025-12-29 09:21"
"-3.10","","-8.60","62","747","997","","","","3.60","","SSE","Небольшая облачность","2025-12-29 09:22"
"-3.10","","-8.90","62","747","997","","","","4.00","","SSE","Небольшая облачность","2025-12-29 09:23"
"-3.10","","-8.30","62","747","997","","","","3.20","","SSE","Небольшая облачность","2025-12-29 09:24"
"-3.10","","-8.30","62","747","997","","","","3.20","","SSE","Небольшая облачность","2025-12-29 09:25"
"-3.10","","-8.30","62","747","997","","","","1.50","","SSE","Небольшая облачность","2025-12-29 09:26"
"-3.10","","-7.20","62","747","997","","","","1.50","","SSE","Небольшая облачность","2025-12-29 09:27"
"-3.10","","-7.20","62","747","997","","","","1.50","","SSE","Небольшая облачность","2025-12-29 09:28"
"-3.10","","-7.60","62","747","997","","","","2.60","","SSE","Небольшая облачность","2025-12-29 09:29"
"-3.10","","-7.90","62","747","997","","","","2.60","","SSE","Небольшая облачность","2025-12-29 09:30"
"-3.10","","-9.00","62","747","997","","","","4.10","","SSE","Небольшая облачность","2025-12-29 09:31"
"-3.10","","-8.80","62","747","997","","","","3.20","","SSE","Небольшая облачность","2025-12-29 09:32"
"-3.10","","-8.30","62","747","997","","","","4.30","","SSE","Небольшая облачность","2025-12-29 09:33"
"-3.10","","-9.10","62","747","997","","","","4.30","","SSE","Небольшая облачность","2025-12-29 09:34"
"-3.10","","-9.10","62","747","997","","","","4.30","","SSE","Небольшая облачность","2025-12-29 09:35"
"-3.10","","-9.10","62","748","998","","","","4.30","","SSE","Небольшая облачность","2025-12-29 09:36"
"-3.10","","-9.10","62","748","998","","","","4.30","","SSE","Небольшая облачность","2025-12-29 09:37"
"-3.10","","-8.00","62","748","998","","","","2.70","","SSE","Небольшая облачность","2025-12-29 09:38"
"-3.10","","-8.00","62","748","998","","","","2.70","","SSE","Небольшая облачность","2025-12-29 09:39"
"-3.10","","-8.00","62","748","998","","","","2.70","","SSE","Небольшая облачность","2025-12-29 09:40"
"-3.10","","-8.00","62","748","998","","","","2.70","","SSE","Небольшая облачность","2025-12-29 09:41"
"-3.10","","-8.00","62","748","998","","","","2.70","","SSE","Небольшая облачность","2025-12-29 09:42"
"-3.10","","-8.00","62","748","998","","","","1.70","","SSE","Небольшая облачность","2025-12-29 09:43"
"-3.10","","-8.00","62","748","998","","","","1.70","","SSE","Небольшая облачность","2025-12-29 09:44"
"-3.10","","-7.30","62","748","998","","","","1.70","","SSE","Небольшая облачность","2025-12-29 09:45"
"-3.10","","-7.30","61","748","998","","","","1.70","","SSE","Небольшая облачность","2025-12-29 09:46"
"-3.10","","-7.30","61","748","998","","","","1.70","","SSE","Небольшая облачность","2025-12-29 09:47"
"-3.10","","-8.40","61","748","998","","","","4.80","","SSE","Небольшая облачность","2025-12-29 09:48"
"-3.10","","-9.50","61","748","998","","","","4.80","","SSE","Небольшая облачность","2025-12-29 09:49"
"-3.10","","-8.40","61","748","998","","","","3.10","","SSE","Небольшая облачность","2025-12-29 09:50"
"-3.10","","-8.40","61","748","998","","","","3.10","","SSE","Небольшая облачность","2025-12-29 09:51"
"-3.10","","-8.30","61","748","998","","","","3.10","","SSE","Небольшая облачность","2025-12-29 09:52"
"-3.10","","-8.30","61","748","998","","","","3.10","","SSE","Небольшая облачность","2025-12-29 09:53"
"-3.10","","-8.30","61","748","998","","","","3.10","","SSE","Небольшая облачность","2025-12-29 09:54"
"-3.10","","-8.30","61","748","998","","","","3.10","","SSE","Небольшая облачность","2025-12-29 09:55"
"-3.10","","-8.30","61","748","998","","","","4.60","","SSE","Небольшая облачность","2025-12-29 09:56"
"-3.10","","-9.30","61","748","998","","","","3.30","","SSE","Небольшая облачность","2025-12-29 09:57"
"-3.10","","-8.40","61","748","998","","","","3.30","","SSE","Небольшая облачность","2025-12-29 09:58"
"-3.10","","-8.40","61","748","998","","","","3.30","","SSE","Небольшая облачность","2025-12-29 09:59"
"-3.10","","-8.40","61","748","998","","","","3.30","","SSE","Небольшая облачность","2025-12-29 10:00"
"-3.10","","-8.40","61","748","998","","","","3.30","","SSE","Небольшая облачность","2025-12-29 10:01"
"-3.10","","-7.70","61","748","998","","","","2.20","","SSE","Небольшая облачность","2025-12-29 10:02"
"-3.10","","-7.70","61","748","998","","","","2.20","","SSE","Небольшая облачность","2025-12-29 10:03"
"-3.10","","-7.70","61","748","998","","","","2.20","","SSE","Небольшая облачность","2025-12-29 10:04"
"-3.10","","-7.70","61","748","998","","","","4.30","","SSE","Небольшая облачность","2025-12-29 10:05"
"-3.10","","-8.20","61","748","998","","","","3.00","","SSE","Небольшая облачность","2025-12-29 10:06"
"-3.10","","-8.20","61","748","998","","","","3.00","","SSE","Небольшая облачность","2025-12-29 10:07"
"-3.10","","-8.20","61","748","998","","","","3.00","","SSE","Небольшая облачность","2025-12-29 10:08"
"-3.10","","-8.20","61","748","998","","","","3.00","","SSE","Небольшая облачность","2025-12-29 10:09"
"-3.10","","-7.50","61","748","998","","","","1.90","","SSE","Небольшая облачность","2025-12-29 10:10"
"-3.10","","-7.50","61","748","998","","","","1.90","","SSE","Небольшая облачность","2025-12-29 10:11"
"-3.10","","-7.50","61","748","998","","","","1.90","","SSE","Небольшая облачность","2025-12-29 10:12"
"-3.10","","-7.50","61","748","998","","","","3.10","","SSE","Небольшая облачность","2025-12-29 10:13"
"-3.10","","-8.30","61","748","998","","","","3.60","","SSE","Небольшая облачность","2025-12-29 10:14"
"-3.10","","-8.60","61","748","998","","","","3.60","","SSE","Небольшая облачность","2025-12-29 10:15"
"-3.10","","-8.60","61","748","998","","","","3.60","","SSE","Небольшая облачность","2025-12-29 10:16"
"-3.10","","-8.60","61","748","998","","","","3.60","","SSE","Небольшая облачность","2025-12-29 10:17"
"-3.10","","-8.60","61","748","998","","","","3.60","","SSE","Небольшая облачность","2025-12-29 10:18"
"-3.00","","-8.70","61","748","998","","","","3.90","","SSE","Небольшая облачность","2025-12-29 10:19"
"-3.00","","-8.70","61","748","998","","","","3.90","","SSE","Небольшая облачность","2025-12-29 10:20"
"-3.00","","-8.70","61","748","998","","","","3.90","","SSE","Небольшая облачность","2025-12-29 10:21"
"-3.00","","-8.70","61","748","998","","","","3.90","","SSE","Небольшая облачность","2025-12-29 10:22"
"-3.00","","-8.30","61","748","998","","","","3.20","","SSE","Небольшая облачность","2025-12-29 10:23"
"-3.00","","-8.30","61","748","998","","","","3.20","","SSE","Небольшая облачность","2025-12-29 10:24"
"-3.00","","-9.00","61","748","998","","","","4.30","","SSE","Небольшая облачность","2025-12-29 10:25"
"-3.00","","-9.00","61","748","998","","","","4.30","","SSE","Небольшая облачность","2025-12-29 10:26"
"-3.00","","-7.70","61","748","998","","","","2.40","","SSE","Небольшая облачность","2025-12-29 10:27"
"-3.00","","-7.50","61","748","998","","","","2.10","","SSE","Небольшая облачность","2025-12-29 10:28"
"-3.00","","-7.50","61","748","998","","","","2.10","","SSE","Небольшая облачность","2025-12-29 10:29"
"-3.00","","-7.80","61","748","998","","","","4.30","","SSE","Небольшая облачность","2025-12-29 10:30"
"-3.00","","-8.00","61","748","998","","","","2.80","","SSE","Небольшая облачность","2025-12-29 10:31"
"-3.00","","-8.70","61","748","998","","","","3.80","","SSE","Небольшая облачность","2025-12-29 10:32"
"-2.90","","-8.60","61","748","998","","","","3.80","","SSE","Небольшая облачность","2025-12-29 10:33"
"-2.90","","-9.90","61","748","998","","","","5.70","","SSE","Небольшая облачность","2025-12-29 10:34"
"-2.90","","-8.10","61","748","998","","","","3.20","","SSE","Небольшая облачность","2025-12-29 10:35"
"-2.90","","-8.10","61","747","997","","","","2.70","","SSE","Небольшая облачность","2025-12-29 10:36"
"-2.90","","-7.80","61","747","997","","","","2.70","","SSE","Небольшая облачность","2025-12-29 10:37"
"-2.90","","-7.90","61","747","997","","","","2.80","","SSE","Небольшая облачность","2025-12-29 10:38"
"-2.90","","-7.90","61","747","997","","","","2.80","","SSE","Небольшая облачность","2025-12-29 10:39"
"-2.90","","-7.90","61","747","997","","","","2.80","","SSE","Небольшая облачность","2025-12-29 10:40"
"-2.90","","-7.90","61","747","997","","","","2.80","","SSE","Небольшая облачность","2025-12-29 10:41"
"-2.90","","-8.30","61","747","997","","","","3.40","","SSE","Небольшая облачность","2025-12-29 10:42"
"-2.90","","-8.30","61","747","997","","","","3.40","","SSE","Небольшая облачность","2025-12-29 10:43"
"-2.90","","-8.30","60","747","997","","","","3.40","","SSE","Небольшая облачность","2025-12-29 10:44"
"-2.90","","-8.30","60","747","997","","","","3.40","","SSE","Небольшая облачность","2025-12-29 10:45"
"-2.90","","-8.30","60","747","997","","","","3.90","","SSE","Небольшая облачность","2025-12-29 10:46"
"-2.90","","-7.00","60","747","997","","","","1.60","","SSE","Небольшая облачность","2025-12-29 10:47"
"-2.90","","-7.00","60","747","997","","","","1.60","","SSE","Небольшая облачность","2025-12-29 10:48"
"-2.90","","-7.00","60","747","997","","","","1.60","","SSE","Небольшая облачность","2025-12-29 10:49"
"-2.90","","-7.00","60","747","997","","","","1.60","","SSE","Небольшая облачность","2025-12-29 10:50"
"-2.90","","-8.10","60","747","996","","","","3.10","","SSE","Небольшая облачность","2025-12-29 10:51"
"-2.90","","-6.70","60","747","996","","","","1.10","","SSE","Небольшая облачность","2025-12-29 10:52"
"-2.90","","-6.70","60","747","996","","","","1.10","","SSE","Небольшая облачность","2025-12-29 10:53"
"-2.90","","-6.70","60","747","996","","","","1.10","","SSE","Небольшая облачность","2025-12-29 10:54"
"-2.90","","-8.00","60","747","996","","","","1.70","","SSE","Небольшая облачность","2025-12-29 10:55"
"-2.90","","-7.00","60","747","996","","","","0.90","","SSE","Небольшая облачность","2025-12-29 10:56"
"-2.80","","-6.40","60","747","996","","","","0.90","","SSE","Небольшая облачность","2025-12-29 10:57"
"-2.80","","-6.20","60","747","996","","","","0.60","","SSE","Небольшая облачность","2025-12-29 10:58"
"-2.80","","-6.20","60","747","996","","","","0.60","","SSE","Небольшая облачность","2025-12-29 10:59"
"-2.80","","-7.20","60","747","996","","","","2.00","","SSE","Небольшая облачность","2025-12-29 11:00"
"-2.80","","-7.20","60","747","996","","","","1.40","","SSE","Небольшая облачность","2025-12-29 11:01"
"-2.80","","-5.80","60","747","996","","","","0.00","","SSE","Небольшая облачность","2025-12-29 11:02"
"-2.80","","-6.40","60","747","996","","","","0.90","","SSE","Небольшая облачность","2025-12-29 11:03"
"-2.80","","-6.70","60","747","996","","","","1.30","","SSE","Небольшая облачность","2025-12-29 11:04"
"-2.80","","-7.90","60","747","996","","","","3.00","","SSE","Небольшая облачность","2025-12-29 11:05"
"-2.80","","-7.00","60","747","996","","","","1.70","","SSE","Небольшая облачность","2025-12-29 11:06"
"-2.80","","-7.00","60","747","996","","","","1.10","","SSE","Небольшая облачность","2025-12-29 11:07"
"-2.80","","-6.90","60","747","996","","","","1.60","","SSE","Небольшая облачность","2025-12-29 11:08"
"-2.80","","-6.90","60","747","996","","","","1.60","","SSE","Небольшая облачность","2025-12-29 11:09"
"-2.80","","-6.90","60","747","996","","","","1.60","","SSE","Небольшая облачность","2025-12-29 11:10"
"-2.80","","-6.90","60","747","996","","","","1.60","","SSE","Небольшая облачность","2025-12-29 11:11"
"-2.80","","-7.80","60","747","996","","","","2.80","","SSE","Небольшая облачность","2025-12-29 11:12"
"-2.80","","-7.80","60","747","996","","","","1.70","","SSE","Небольшая облачность","2025-12-29 11:13"
"-2.80","","-7.30","60","747","996","","","","2.10","","SSE","Небольшая облачность","2025-12-29 11:14"
"-2.80","","-7.30","60","747","996","","","","1.00","","SSE","Небольшая облачность","2025-12-29 11:15"
"-2.80","","-7.30","60","747","996","","","","1.00","","SSE","Небольшая облачность","2025-12-29 11:16"
"-2.80","","-7.00","60","747","996","","","","1.70","","SSE","Небольшая облачность","2025-12-29 11:17"
"-2.80","","-7.00","60","747","996","","","","1.70","","SSE","Небольшая облачность","2025-12-29 11:18"
"-2.80","","-7.00","60","747","996","","","","1.70","","SSE","Небольшая облачность","2025-12-29 11:19"
"-2.80","","-7.00","60","747","996","","","","2.00","","SSE","Небольшая облачность","2025-12-29 11:20"
"-2.80","","-7.00","60","747","996","","","","2.00","","SSE","Небольшая облачность","2025-12-29 11:21"
"-2.80","","-7.20","60","747","996","","","","2.00","","SSE","Небольшая облачность","2025-12-29 11:22"
"-2.80","","-7.20","60","747","996","","","","2.00","","SSE","Небольшая облачность","2025-12-29 11:23"
"-2.80","","-7.20","60","747","996","","","","2.00","","SSE","Небольшая облачность","2025-12-29 11:24"
"-2.80","","-9.00","60","747","996","","","","4.50","","SSE","Небольшая облачность","2025-12-29 11:25"
"-2.80","","-7.60","60","747","996","","","","2.50","","SSE","Небольшая облачность","2025-12-29 11:26"
"-2.80","","-7.60","60","747","996","","","","1.20","","SSE","Небольшая облачность","2025-12-29 11:27"
"-2.80","","-6.70","60","747","996","","","","1.20","","SSE","Небольшая облачность","2025-12-29 11:28"
"-2.80","","-6.70","60","747","996","","","","1.20","","SSE","Небольшая облачность","2025-12-29 11:29"
"-2.80","","-6.70","60","747","996","","","","1.20","","SSE","Небольшая облачность","2025-12-29 11:30"
"-2.80","","-6.70","60","747","996","","","","1.20","","SSE","Небольшая облачность","2025-12-29 11:31"
"-2.80","","-6.70","60","747","996","","","","1.20","","SSE","Небольшая облачность","2025-12-29 11:32"
"-2.80","","-6.70","59","747","996","","","","1.20","","SSE","Небольшая облачность","2025-12-29 11:33"
"-2.80","","-7.00","59","747","996","","","","1.60","","SSE","Небольшая облачность","2025-12-29 11:34"
"-2.80","","-7.00","59","747","996","","","","1.60","","SSE","Небольшая облачность","2025-12-29 11:35"
"-2.80","","-7.00","59","747","997","","","","1.80","","SSE","Небольшая облачность","2025-12-29 11:36"
"-2.80","","-7.10","59","747","997","","","","1.80","","SSE","Небольшая облачность","2025-12-29 11:37"
"-2.80","","-7.10","59","747","997","","","","1.80","","SSE","Небольшая облачность","2025-12-29 11:38"
"-2.80","","-7.10","59","747","997","","","","2.60","","SSE","Небольшая облачность","2025-12-29 11:39"
"-2.80","","-7.70","59","747","997","","","","2.10","","SSE","Небольшая облачность","2025-12-29 11:40"
"-2.90","","-7.10","59","747","997","","","","2.10","","SSE","Небольшая облачность","2025-12-29 11:41"
"-2.90","","-7.10","59","747","997","","","","2.10","","SSE","Небольшая облачность","2025-12-29 11:42"
"-2.80","","-7.30","59","747","997","","","","2.10","","SSE","Небольшая облачность","2025-12-29 11:43"
"-2.80","","-7.30","59","747","997","","","","1.80","","SSE","Небольшая облачность","2025-12-29 11:44"
"-2.80","","-7.30","59","747","997","","","","1.80","","SSE","Небольшая облачность","2025-12-29 11:45"
"-2.80","","-7.30","59","747","997","","","","1.80","","SSE","Небольшая облачность","2025-12-29 11:46"
"-2.90","","-7.20","59","747","997","","","","1.80","","SSE","Небольшая облачность","2025-12-29 11:47"
"-2.90","","-7.20","59","747","997","","","","3.50","","SSE","Небольшая облачность","2025-12-29 11:48"
"-2.90","","-8.40","59","747","997","","","","3.50","","SSE","Небольшая облачность","2025-12-29 11:49"
"-2.90","","-8.00","59","747","997","","","","2.90","","SSE","Небольшая облачность","2025-12-29 11:50"
"-2.90","","-8.00","59","747","997","","","","2.90","","SSE","Небольшая облачность","2025-12-29 11:51"
"-2.90","","-6.80","59","747","997","","","","1.30","","SSE","Небольшая облачность","2025-12-29 11:52"
"-2.90","","-6.80","59","747","997","","","","1.10","","SSE","Небольшая облачность","2025-12-29 11:53"
"-2.90","","-7.10","59","747","997","","","","1.60","","SSE","Небольшая облачность","2025-12-29 11:54"
"-2.90","","-7.10","59","747","997","","","","3.30","","SSE","Небольшая облачность","2025-12-29 11:55"
"-2.90","","-7.10","59","747","997","","","","3.30","","SSE","Небольшая облачность","2025-12-29 11:56"
"-2.90","","-7.20","59","747","997","","","","1.80","","SSE","Небольшая облачность","2025-12-29 11:57"
"-2.90","","-7.20","59","747","997","","","","1.20","","SSE","Небольшая облачность","2025-12-29 11:58"
"-2.90","","-6.80","59","747","997","","","","0.40","","SSE","Небольшая облачность","2025-12-29 11:59"
"-2.90","","-6.20","59","747","997","","","","0.40","","SSE","Небольшая облачность","2025-12-29 12:00"
"-2.90","","-6.20","59","747","997","","","","0.60","","SSE","Небольшая облачность","2025-12-29 12:01"
"-2.90","","-6.20","59","747","997","","","","0.60","","SSE","Небольшая облачность","2025-12-29 12:02"
"-2.90","","-6.40","59","747","997","","","","2.50","","SSE","Небольшая облачность","2025-12-29 12:03"
"-2.90","","-6.40","59","747","997","","","","2.50","","SSE","Небольшая облачность","2025-12-29 12:04"
"-2.90","","-6.40","59","747","997","","","","2.40","","SSE","Небольшая облачность","2025-12-29 12:05"
"-2.90","","-6.40","59","747","997","","","","2.40","","SSE","Облачно","2025-12-29 12:06"
"-2.90","","-7.70","59","747","997","","","","2.50","","SSE","Облачно","2025-12-29 12:07"
"-2.90","","-7.30","59","747","997","","","","1.90","","SSE","Облачно","2025-12-29 12:08"
"-2.90","","-7.30","59","747","997","","","","1.90","","SSE","Облачно","2025-12-29 12:09"
"-2.90","","-6.80","59","747","997","","","","1.30","","SSE","Облачно","2025-12-29 12:10"
"-2.90","","-6.80","59","747","997","","","","1.30","","SSE","Облачно","2025-12-29 12:11"
"-2.90","","-7.20","59","747","997","","","","1.80","","SSE","Облачно","2025-12-29 12:12"
"-2.90","","-7.20","59","747","997","","","","2.50","","SSE","Облачно","2025-12-29 12:13"
"-2.90","","-7.70","59","747","997","","","","1.10","","SSE","Облачно","2025-12-29 12:14"
"-2.90","","-7.70","59","747","997","","","","1.10","","SSE","Облачно","2025-12-29 12:15"
"-2.90","","-6.70","59","747","997","","","","1.70","","SSE","Облачно","2025-12-29 12:16"
"-2.90","","-7.10","59","747","997","","","","1.70","","SSE","Облачно","2025-12-29 12:17"
"-2.90","","-7.10","59","747","997","","","","1.70","","SSE","Облачно","2025-12-29 12:18"
"-2.90","","-8.20","59","747","997","","","","3.20","","SSE","Облачно","2025-12-29 12:19"
"-2.90","","-8.20","59","747","997","","","","3.20","","SSE","Облачно","2025-12-29 12:20"
"-2.90","","-8.20","59","747","997","","","","2.40","","SSE","Облачно","2025-12-29 12:21"
"-3.00","","-7.00","58","747","997","","","","1.40","","SSE","Облачно","2025-12-29 12:22"
"-3.00","","-7.00","58","747","997","","","","1.30","","SSE","Облачно","2025-12-29 12:23"
"-3.00","","-7.00","58","747","997","","","","1.30","","SSE","Облачно","2025-12-29 12:24"
"-3.00","","-7.00","58","747","997","","","","1.30","","SSE","Облачно","2025-12-29 12:25"
"-3.00","","-7.00","58","747","997","","","","1.30","","SSE","Облачно","2025-12-29 12:26"
"-3.00","","-7.00","58","747","997","","","","1.30","","SSE","Облачно","2025-12-29 12:27"
"-3.00","","-7.60","58","747","997","","","","2.20","","SSE","Облачно","2025-12-29 12:28"
"-3.00","","-7.60","58","747","997","","","","2.70","","SSE","Облачно","2025-12-29 12:29"
"-3.00","","-7.30","58","747","997","","","","0.60","","SSE","Облачно","2025-12-29 12:30"
"-3.00","","-6.50","58","747","997","","","","0.60","","SSE","Облачно","2025-12-29 12:31"
"-3.00","","-7.00","58","747","997","","","","1.30","","SSE","Облачно","2025-12-29 12:32"
"-3.00","","-6.90","58","747","997","","","","1.20","","SSE","Облачно","2025-12-29 12:33"
"-3.00","","-6.90","58","747","997","","","","1.20","","SSE","Облачно","2025-12-29 12:34"
"-3.00","","-6.80","58","747","997","","","","1.00","","SSE","Облачно","2025-12-29 12:35"
"-3.00","","-6.90","58","747","997","","","","1.20","","SSE","Облачно","2025-12-29 12:36"
"-3.00","","-6.90","58","747","997","","","","1.20","","SSE","Облачно","2025-12-29 12:37"
"-3.00","","-6.90","58","747","997","","","","2.60","","SSE","Облачно","2025-12-29 12:38"
"-3.00","","-7.50","58","747","997","","","","2.10","","SSE","Облачно","2025-12-29 12:39"
"-3.00","","-7.30","58","747","997","","","","1.70","","SSE","Облачно","2025-12-29 12:40"
"-3.00","","-7.30","58","747","997","","","","1.70","","SSE","Облачно","2025-12-29 12:41"
"-3.00","","-7.30","58","747","997","","","","1.70","","SSE","Облачно","2025-12-29 12:42"
"-3.00","","-7.80","58","747","997","","","","2.50","","SSE","Облачно","2025-12-29 12:43"
"-3.00","","-7.20","58","747","997","","","","1.60","","SSE","Облачно","2025-12-29 12:44"
"-3.00","","-7.20","58","747","997","","","","0.60","","SSE","Облачно","2025-12-29 12:45"
"-2.90","","-6.70","58","747","997","","","","1.10","","SSE","Облачно","2025-12-29 12:46"
"-2.90","","-6.60","58","747","997","","","","0.90","","SSE","Облачно","2025-12-29 12:47"
"-2.90","","-6.60","58","747","997","","","","0.90","","SSE","Облачно","2025-12-29 12:48"
"-2.90","","-6.60","58","747","997","","","","0.90","","SSE","Облачно","2025-12-29 12:49"
"-2.90","","-8.00","58","747","997","","","","2.90","","SSE","Облачно","2025-12-29 12:50"
"-2.90","","-7.10","58","747","997","","","","1.00","","SSE","Облачно","2025-12-29 12:51"
"-2.90","","-6.70","58","747","997","","","","1.00","","SSE","Облачно","2025-12-29 12:52"
"-2.90","","-6.70","58","747","997","","","","1.00","","SSE","Облачно","2025-12-29 12:53"
"-2.90","","-6.80","58","747","997","","","","1.50","","SSE","Облачно","2025-12-29 12:54"
"-2.90","","-7.00","59","747","997","","","","1.50","","SSE","Облачно","2025-12-29 12:55"
"-2.90","","-7.00","59","747","997","","","","1.50","","SSE","Облачно","2025-12-29 12:56"
"-2.90","","-7.00","59","747","997","","","","1.50","","SSE","Облачно","2025-12-29 12:57"
"-2.90","","-7.00","59","747","997","","","","1.50","","SSE","Облачно","2025-12-29 12:58"
"-2.90","","-7.00","59","747","997","","","","1.50","","SSE","Облачно","2025-12-29 12:59"
"-2.90","","-7.00","59","747","997","","","","1.50","","SSE","Облачно","2025-12-29 13:00"
"-2.90","","-7.70","59","747","997","","","","2.50","","SSE","Облачно","2025-12-29 13:01"
"-2.90","","-7.70","59","747","997","","","","2.50","","SSE","Облачно","2025-12-29 13:02"
"-2.90","","-8.70","59","747","997","","","","3.90","","SSE","Облачно","2025-12-29 13:03"
"-2.80","","-7.40","59","747","997","","","","2.20","","SSE","Облачно","2025-12-29 13:04"
"-2.80","","-8.10","59","747","997","","","","3.20","","SSE","Облачно","2025-12-29 13:05"
"-2.80","","-8.00","59","747","997","","","","3.10","","SSE","Облачно","2025-12-29 13:06"
"-2.80","","-8.00","59","747","997","","","","1.90","","SSE","Облачно","2025-12-29 13:07"
"-2.80","","-7.70","59","747","997","","","","2.70","","SSE","Облачно","2025-12-29 13:08"
"-2.80","","-7.60","59","747","997","","","","2.50","","SSE","Облачно","2025-12-29 13:09"
"-2.80","","-7.60","59","747","997","","","","2.50","","SSE","Облачно","2025-12-29 13:10"
"-2.80","","-7.60","59","747","997","","","","2.40","","SSE","Облачно","2025-12-29 13:11"
"-2.80","","-7.70","59","747","997","","","","2.70","","SSE","Облачно","2025-12-29 13:12"
"-2.80","","-7.70","59","747","997","","","","2.70","","SSE","Облачно","2025-12-29 13:13"
"-2.80","","-7.70","59","747","997","","","","2.70","","SSE","Облачно","2025-12-29 13:14"
"-2.80","","-7.00","59","747","997","","","","1.20","","SSE","Облачно","2025-12-29 13:15"
"-2.80","","-6.70","59","747","997","","","","1.20","","SSE","Облачно","2025-12-29 13:16"
"-2.80","","-6.70","59","747","997","","","","1.20","","SSE","Облачно","2025-12-29 13:17"
"-2.80","","-8.10","59","747","997","","","","3.30","","SSE","Облачно","2025-12-29 13:18"
"-2.80","","-7.20","59","747","997","","","","1.90","","SSE","Облачно","2025-12-29 13:19"
"-2.80","","-7.20","59","747","997","","","","2.50","","SSE","Облачно","2025-12-29 13:20"
"-2.80","","-6.70","59","747","996","","","","1.30","","SSE","Облачно","2025-12-29 13:21"
"-2.80","","-6.70","59","747","996","","","","1.30","","SSE","Облачно","2025-12-29 13:22"
"-2.80","","-6.70","59","747","996","","","","2.80","","SSE","Облачно","2025-12-29 13:23"
"-2.80","","-6.70","59","747","996","","","","2.80","","SSE","Облачно","2025-12-29 13:24"
"-2.80","","-7.80","59","747","996","","","","2.50","","SSE","Облачно","2025-12-29 13:25"
"-2.80","","-7.60","59","747","996","","","","1.40","","SSE","Облачно","2025-12-29 13:26"
"-2.80","","-7.60","59","747","996","","","","2.00","","SSE","Облачно","2025-12-29 13:27"
"-2.80","","-7.20","59","747","996","","","","1.50","","SSE","Облачно","2025-12-29 13:28"
"-2.80","","-6.50","59","747","996","","","","0.50","","SSE","Облачно","2025-12-29 13:29"
"-2.80","","-6.20","59","747","996","","","","0.50","","SSE","Облачно","2025-12-29 13:30"
"-2.80","","-6.20","59","747","996","","","","0.50","","SSE","Облачно","2025-12-29 13:31"
"-2.80","","-7.20","59","747","996","","","","1.40","","SSE","Облачно","2025-12-29 13:32"
"-2.80","","-6.80","59","747","996","","","","1.40","","SSE","Облачно","2025-12-29 13:33"
"-2.80","","-6.80","59","747","996","","","","1.40","","SSE","Облачно","2025-12-29 13:34"
"-2.80","","-6.60","59","747","996","","","","1.10","","SSE","Облачно","2025-12-29 13:35"
"-2.80","","-6.10","59","747","996","","","","0.40","","SSE","Облачно","2025-12-29 13:36"
"-2.80","","-6.10","59","747","996","","","","2.60","","SSE","Облачно","2025-12-29 13:37"
"-2.80","","-7.70","59","747","996","","","","2.60","","SSE","Облачно","2025-12-29 13:38"
"-2.80","","-7.70","59","747","996","","","","2.60","","SSE","Облачно","2025-12-29 13:39"
"-2.80","","-7.70","59","747","996","","","","2.60","","SSE","Облачно","2025-12-29 13:40"
"-2.80","","-7.70","59","747","996","","","","2.60","","SSE","Облачно","2025-12-29 13:41"
"-2.80","","-8.10","59","747","996","","","","3.20","","SSE","Облачно","2025-12-29 13:42"
"-2.80","","-8.10","59","747","996","","","","3.20","","SSE","Облачно","2025-12-29 13:43"
"-2.80","","-7.70","59","747","996","","","","2.70","","SSE","Облачно","2025-12-29 13:44"
"-2.80","","-7.20","59","747","996","","","","2.00","","SSE","Облачно","2025-12-29 13:45"
"-2.80","","-7.20","59","747","996","","","","2.10","","SSE","Облачно","2025-12-29 13:46"
"-2.80","","-7.30","59","747","996","","","","3.90","","SSE","Облачно","2025-12-29 13:47"
"-2.80","","-8.60","59","747","996","","","","3.90","","SSE","Облачно","2025-12-29 13:48"
"-2.80","","-7.00","59","747","996","","","","1.60","","SSE","Облачно","2025-12-29 13:49"
"-2.80","","-7.00","59","747","996","","","","1.60","","SSE","Облачно","2025-12-29 13:50"
"-2.80","","-7.00","59","747","997","","","","1.60","","SSE","Облачно","2025-12-29 13:51"
"-2.80","","-7.00","59","747","997","","","","1.70","","SSE","Облачно","2025-12-29 13:52"
"-2.80","","-7.00","59","747","997","","","","1.70","","SSE","Облачно","2025-12-29 13:53"
"-2.80","","-7.00","59","747","997","","","","0.70","","SSE","Облачно","2025-12-29 13:54"
"-2.80","","-6.30","59","747","997","","","","0.60","","SSE","Облачно","2025-12-29 13:55"
"-2.80","","-6.30","59","747","997","","","","0.60","","SSE","Облачно","2025-12-29 13:56"
"-2.70","","-6.00","59","747","997","","","","0.40","","SSE","Облачно","2025-12-29 13:57"
"-2.70","","-6.00","60","747","997","","","","0.40","","SSE","Облачно","2025-12-29 13:58"
"-2.70","","-6.00","60","747","997","","","","0.40","","SSE","Облачно","2025-12-29 13:59"
"-2.70","","-6.60","60","747","997","","","","1.30","","SSE","Облачно","2025-12-29 14:00"
"-2.70","","-6.60","59","747","997","","","","2.00","","SSE","Облачно","2025-12-29 14:01"
"-2.70","","-6.60","59","747","997","","","","2.00","","SSE","Облачно","2025-12-29 14:02"
"-2.70","","-6.60","59","747","997","","","","1.20","","SSE","Облачно","2025-12-29 14:03"
"-2.70","","-6.60","59","747","997","","","","1.20","","SSE","Облачно","2025-12-29 14:04"
"-2.70","","-6.10","59","747","997","","","","0.50","","SSE","Облачно","2025-12-29 14:05"
"-2.70","","-7.10","59","747","996","","","","1.90","","SSE","Облачно","2025-12-29 14:06"
"-2.70","","-7.10","59","747","996","","","","1.90","","SSE","Облачно","2025-12-29 14:07"
"-2.70","","-6.00","60","747","996","","","","1.30","","SSE","Облачно","2025-12-29 14:08"
"-2.70","","-6.60","60","747","996","","","","1.30","","SSE","Облачно","2025-12-29 14:09"
"-2.70","","-6.70","60","747","996","","","","1.40","","SSE","Облачно","2025-12-29 14:10"
"-2.70","","-6.20","60","747","996","","","","0.70","","SSE","Облачно","2025-12-29 14:11"
"-2.70","","-6.20","60","747","996","","","","0.70","","SSE","Облачно","2025-12-29 14:12"
"-2.80","","-6.90","59","747","996","","","","1.50","","SSE","Облачно","2025-12-29 14:13"
"-2.80","","-7.30","59","747","996","","","","2.10","","SSE","Облачно","2025-12-29 14:14"
"-2.80","","-7.30","60","747","996","","","","2.10","","SSE","Облачно","2025-12-29 14:15"
"-2.80","","-7.30","60","747","996","","","","2.10","","SSE","Облачно","2025-12-29 14:16"
"-2.80","","-7.30","60","747","996","","","","2.10","","SSE","Облачно","2025-12-29 14:17"
"-2.80","","-7.30","60","747","996","","","","2.10","","SSE","Облачно","2025-12-29 14:18"
"-2.80","","-7.30","60","747","996","","","","2.10","","SSE","Облачно","2025-12-29 14:19"
"-2.80","","-7.30","60","747","996","","","","2.10","","SSE","Облачно","2025-12-29 14:20"
"-2.80","","-7.30","60","747","996","","","","2.60","","SSE","Облачно","2025-12-29 14:21"
"-2.80","","-7.60","60","747","996","","","","2.60","","SSE","Облачно","2025-12-29 14:22"
"-2.80","","-7.60","60","747","996","","","","1.40","","SSE","Облачно","2025-12-29 14:23"
"-2.80","","-6.80","60","747","996","","","","1.30","","SSE","Облачно","2025-12-29 14:24"
"-2.80","","-6.70","60","747","996","","","","1.40","","SSE","Облачно","2025-12-29 14:25"
"-2.80","","-6.20","60","747","996","","","","0.50","","SSE","Облачно","2025-12-29 14:26"
"-2.80","","-6.20","60","747","996","","","","0.50","","SSE","Облачно","2025-12-29 14:27"
"-2.80","","-6.20","60","747","996","","","","2.10","","SSE","Облачно","2025-12-29 14:28"
"-2.80","","-6.20","60","747","996","","","","2.10","","SSE","Облачно","2025-12-29 14:29"
"-2.80","","-7.30","60","747","996","","","","1.00","","SSE","Облачно","2025-12-29 14:30"
"-2.80","","-7.30","60","747","996","","","","1.00","","SSE","Облачно","2025-12-29 14:31"
"-2.80","","-6.50","60","747","996","","","","1.00","","SSE","Облачно","2025-12-29 14:32"
"-2.80","","-6.60","60","747","996","","","","1.10","","SSE","Облачно","2025-12-29 14:33"
"-2.80","","-6.60","60","747","996","","","","1.10","","SSE","Облачно","2025-12-29 14:34"
"-2.80","","-6.60","60","747","996","","","","1.10","","SSE","Облачно","2025-12-29 14:35"
"-2.80","","-6.60","60","747","996","","","","1.10","","SSE","Облачно","2025-12-29 14:36"
"-2.80","","-6.60","60","747","996","","","","1.10","","SSE","Облачно","2025-12-29 14:37"
"-2.80","","-6.60","60","747","996","","","","1.10","","SSE","Облачно","2025-12-29 14:38"
"-2.80","","-6.60","60","747","996","","","","1.10","","SSE","Облачно","2025-12-29 14:39"
"-2.80","","-6.60","60","747","996","","","","1.60","","SSE","Облачно","2025-12-29 14:40"
"-2.80","","-6.90","60","747","996","","","","1.60","","SSE","Облачно","2025-12-29 14:41"
"-2.80","","-6.90","60","747","996","","","","1.60","","SSE","Облачно","2025-12-29 14:42"
"-2.80","","-6.90","60","747","996","","","","1.60","","SSE","Облачно","2025-12-29 14:43"
"-2.80","","-6.90","60","747","996","","","","1.60","","SSE","Облачно","2025-12-29 14:44"
"-2.80","","-6.90","60","747","996","","","","1.60","","SSE","Облачно","2025-12-29 14:45"
"-2.80","","-6.90","60","747","996","","","","1.60","","SSE","Облачно","2025-12-29 14:46"
"-2.80","","-8.60","60","747","996","","","","4.00","","SSE","Облачно","2025-12-29 14:47"
"-2.80","","-8.60","60","747","996","","","","2.60","","SSE","Облачно","2025-12-29 14:48"
"-2.80","","-8.60","60","747","996","","","","2.60","","SSE","Облачно","2025-12-29 14:49"
"-2.80","","-6.90","60","747","996","","","","1.50","","SSE","Облачно","2025-12-29 14:50"
"-2.80","","-6.70","60","747","996","","","","1.30","","SSE","Облачно","2025-12-29 14:51"
"-2.80","","-6.20","60","747","996","","","","0.50","","SSE","Облачно","2025-12-29 14:52"
"-2.80","","-6.40","60","747","996","","","","0.90","","SSE","Облачно","2025-12-29 14:53"
"-2.80","","-6.40","60","747","996","","","","0.90","","SSE","Облачно","2025-12-29 14:54"
"-2.80","","-6.40","60","747","996","","","","0.90","","SSE","Облачно","2025-12-29 14:55"
"-2.80","","-6.40","60","747","996","","","","2.90","","SSE","Облачно","2025-12-29 14:56"
"-2.80","","-7.80","60","747","996","","","","2.90","","SSE","Облачно","2025-12-29 14:57"
"-2.80","","-7.30","60","747","996","","","","2.10","","SSE","Облачно","2025-12-29 14:58"
"-2.80","","-7.30","60","747","996","","","","2.10","","SSE","Облачно","2025-12-29 14:59"
"-2.80","","-7.30","60","747","996","","","","2.60","","SSE","Облачно","2025-12-29 15:00"
"-2.80","","-7.30","60","747","996","","","","2.60","","SSE","Облачно","2025-12-29 15:01"
"-2.80","","-7.60","60","747","996","","","","1.80","","SSE","Облачно","2025-12-29 15:02"
"-2.80","","-7.60","60","747","996","","","","1.80","","SSE","Облачно","2025-12-29 15:03"
"-2.80","","-7.10","60","747","996","","","","1.70","","SSE","Облачно","2025-12-29 15:04"
"-2.80","","-7.10","60","747","996","","","","1.70","","SSE","Облачно","2025-12-29 15:05"
"-2.90","","-6.80","60","747","996","","","","1.30","","SSE","Облачно","2025-12-29 15:06"
"-2.90","","-6.80","60","747","996","","","","1.30","","SSE","Облачно","2025-12-29 15:07"
"-2.90","","-6.80","60","747","996","","","","1.30","","SSE","Облачно","2025-12-29 15:08"
"-2.90","","-6.80","60","747","996","","","","1.30","","SSE","Облачно","2025-12-29 15:09"
"-2.90","","-6.70","60","747","996","","","","1.00","","SSE","Облачно","2025-12-29 15:10"
"-2.80","","-7.10","60","747","996","","","","1.80","","SSE","Облачно","2025-12-29 15:11"
"-2.80","","-7.10","60","747","996","","","","1.80","","SSE","Облачно","2025-12-29 15:12"
"-2.90","","-7.70","60","747","996","","","","2.60","","SSE","Облачно","2025-12-29 15:13"
"-2.90","","-7.20","60","747","996","","","","1.80","","SSE","Облачно","2025-12-29 15:14"
"-2.90","","-6.60","60","747","996","","","","0.90","","SSE","Облачно","2025-12-29 15:15"
"-2.90","","-7.00","60","747","996","","","","1.50","","SSE","Облачно","2025-12-29 15:16"
"-2.80","","-6.90","60","747","996","","","","1.50","","SSE","Облачно","2025-12-29 15:17"
"-2.90","","-7.00","60","747","996","","","","2.70","","SSE","Облачно","2025-12-29 15:18"
"-2.90","","-6.90","60","747","996","","","","1.40","","SSE","Облачно","2025-12-29 15:19"
"-2.90","","-6.90","60","747","996","","","","0.40","","SSE","Облачно","2025-12-29 15:20"
"-2.80","","-6.10","60","747","997","","","","0.70","","SSE","Облачно","2025-12-29 15:21"
"-2.80","","-6.30","60","747","997","","","","0.70","","SSE","Облачно","2025-12-29 15:22"
"-2.80","","-6.50","60","747","997","","","","1.00","","SSE","Облачно","2025-12-29 15:23"
"-2.80","","-6.50","60","747","997","","","","1.00","","SSE","Облачно","2025-12-29 15:24"
"-2.80","","-6.50","60","747","997","","","","1.00","","SSE","Облачно","2025-12-29 15:25"
"-2.80","","-6.70","60","747","997","","","","1.30","","SSE","Облачно","2025-12-29 15:26"
"-2.80","","-6.70","60","747","997","","","","1.30","","SSE","Облачно","2025-12-29 15:27"
"-2.80","","-6.70","60","747","997","","","","1.30","","SSE","Облачно","2025-12-29 15:28"
"-2.80","","-6.70","60","747","997","","","","2.80","","SSE","Облачно","2025-12-29 15:29"
"-2.80","","-7.80","60","747","997","","","","2.80","","SSE","Облачно","2025-12-29 15:30"
"-2.80","","-7.30","60","747","997","","","","2.10","","SSE","Облачно","2025-12-29 15:31"
"-2.80","","-7.30","60","747","997","","","","2.10","","SSE","Облачно","2025-12-29 15:32"
"-2.80","","-7.30","60","747","997","","","","1.40","","SSE","Облачно","2025-12-29 15:33"
"-2.80","","-6.80","60","747","997","","","","1.40","","SSE","Облачно","2025-12-29 15:34"
"-2.80","","-6.80","60","747","997","","","","1.40","","SSE","Облачно","2025-12-29 15:35"
"-2.80","","-6.40","61","747","996","","","","0.90","","SSE","Облачно","2025-12-29 15:36"
"-2.80","","-6.70","61","747","996","","","","1.30","","SSE","Облачно","2025-12-29 15:37"
"-2.80","","-6.70","61","747","996","","","","1.50","","SSE","Облачно","2025-12-29 15:38"
"-2.80","","-6.70","61","747","996","","","","1.50","","SSE","Облачно","2025-12-29 15:39"
"-2.80","","-6.80","61","747","996","","","","2.10","","SSE","Облачно","2025-12-29 15:40"
"-2.80","","-7.00","61","747","996","","","","1.70","","SSE","Облачно","2025-12-29 15:41"
"-2.80","","-7.00","61","747","996","","","","1.70","","SSE","Облачно","2025-12-29 15:42"
"-2.80","","-7.00","61","747","996","","","","1.60","","SSE","Облачно","2025-12-29 15:43"
"-2.80","","-6.90","61","747","996","","","","1.60","","SSE","Облачно","2025-12-29 15:44"
"-2.80","","-6.90","61","747","996","","","","1.60","","SSE","Облачно","2025-12-29 15:45"
"-2.80","","-6.90","61","747","996","","","","1.60","","SSE","Облачно","2025-12-29 15:46"
"-2.80","","-7.70","61","747","996","","","","2.70","","SSE","Облачно","2025-12-29 15:47"
"-2.80","","-7.70","61","747","996","","","","2.80","","SSE","Облачно","2025-12-29 15:48"
"-2.80","","-7.70","61","747","996","","","","2.80","","SSE","Облачно","2025-12-29 15:49"
"-2.80","","-6.90","61","747","996","","","","1.60","","SSE","Облачно","2025-12-29 15:50"
"-2.80","","-6.90","61","747","997","","","","1.60","","SSE","Небольшая облачность","2025-12-29 15:51"
"-2.80","","-7.00","61","747","997","","","","1.70","","SSE","Небольшая облачность","2025-12-29 15:52"
"-2.80","","-7.00","61","747","997","","","","1.70","","SSE","Небольшая облачность","2025-12-29 15:53"
"-2.80","","-6.50","61","747","997","","","","1.00","","SSE","Небольшая облачность","2025-12-29 15:54"
"-2.80","","-6.60","61","747","997","","","","1.20","","SSE","Небольшая облачность","2025-12-29 15:55"
"-2.80","","-6.60","61","747","997","","","","1.20","","SSE","Небольшая облачность","2025-12-29 15:56"
"-2.80","","-6.60","61","747","997","","","","1.20","","SSE","Небольшая облачность","2025-12-29 15:57"
"-2.80","","-7.20","61","747","997","","","","2.00","","SSE","Небольшая облачность","2025-12-29 15:58"
"-2.80","","-6.70","61","747","997","","","","0.90","","SSE","Небольшая облачность","2025-12-29 15:59"
"-2.80","","-6.40","61","747","997","","","","0.90","","SSE","Небольшая облачность","2025-12-29 16:00"
"-2.80","","-6.40","61","747","997","","","","2.00","","SSE","Небольшая облачность","2025-12-29 16:01"
"-2.80","","-6.80","61","747","997","","","","1.10","","SSE","Небольшая облачность","2025-12-29 16:02"
"-2.80","","-6.60","61","747","997","","","","1.10","","SSE","Небольшая облачность","2025-12-29 16:03"
"-2.80","","-6.40","61","747","997","","","","0.90","","SSE","Небольшая облачность","2025-12-29 16:04"
"-2.80","","-6.40","61","747","997","","","","0.90","","SSE","Небольшая облачность","2025-12-29 16:05"
"-2.80","","-6.40","61","747","997","","","","2.00","","SSE","Небольшая облачность","2025-12-29 16:06"
"-2.80","","-6.60","61","747","997","","","","1.10","","SSE","Небольшая облачность","2025-12-29 16:07"
"-2.80","","-6.60","61","747","997","","","","1.10","","SSE","Небольшая облачность","2025-12-29 16:08"
"-2.80","","-6.80","61","747","997","","","","1.50","","SSE","Небольшая облачность","2025-12-29 16:09"
"-2.80","","-6.80","61","747","997","","","","1.20","","SSE","Небольшая облачность","2025-12-29 16:10"
"-2.80","","-6.60","61","747","997","","","","1.00","","SSE","Небольшая облачность","2025-12-29 16:11"
"-2.80","","-6.50","61","747","997","","","","0.90","","SSE","Небольшая облачность","2025-12-29 16:12"
"-2.80","","-6.40","61","747","997","","","","1.40","","SSE","Небольшая облачность","2025-12-29 16:13"
"-2.80","","-6.80","61","747","997","","","","1.40","","SSE","Небольшая облачность","2025-12-29 16:14"
"-2.80","","-6.30","61","747","997","","","","0.70","","SSE","Небольшая облачность","2025-12-29 16:15"
"-2.80","","-6.30","61","747","997","","","","0.00","","SSE","Небольшая облачность","2025-12-29 16:16"
"-2.80","","-5.80","61","747","997","","","","0.00","","SSE","Небольшая облачность","2025-12-29 16:17"
"-2.80","","-6.10","61","747","997","","","","0.40","","SSE","Небольшая облачность","2025-12-29 16:18"
"-2.70","","-6.00","62","747","997","","","","0.40","","SSE","Небольшая облачность","2025-12-29 16:19"
"-2.70","","-6.30","62","747","997","","","","0.90","","SSE","Небольшая облачность","2025-12-29 16:20"
"-2.80","","-6.40","62","747","996","","","","0.90","","SSE","Небольшая облачность","2025-12-29 16:21"
"-2.80","","-6.40","62","747","996","","","","1.00","","SSE","Небольшая облачность","2025-12-29 16:22"
"-2.80","","-6.50","62","747","996","","","","1.00","","SSE","Небольшая облачность","2025-12-29 16:23"
"-2.80","","-6.50","62","747","996","","","","1.00","","SSE","Небольшая облачность","2025-12-29 16:24"
"-2.80","","-6.50","61","747","996","","","","2.40","","SSE","Небольшая облачность","2025-12-29 16:25"
"-2.80","","-7.50","61","747","996","","","","0.70","","SSE","Небольшая облачность","2025-12-29 16:26"
"-2.80","","-6.30","61","747","996","","","","0.70","","SSE","Небольшая облачность","2025-12-29 16:27"
"-2.80","","-6.30","61","747","996","","","","0.90","","SSE","Небольшая облачность","2025-12-29 16:28"
"-2.80","","-6.30","61","747","996","","","","0.90","","SSE","Небольшая облачность","2025-12-29 16:29"
"-2.80","","-6.70","62","747","996","","","","1.30","","SSE","Небольшая облачность","2025-12-29 16:30"
"-2.80","","-6.80","61","747","996","","","","1.50","","SSE","Небольшая облачность","2025-12-29 16:31"
"-2.80","","-6.80","61","747","996","","","","1.50","","SSE","Небольшая облачность","2025-12-29 16:32"
"-2.80","","-6.80","61","747","996","","","","1.50","","SSE","Небольшая облачность","2025-12-29 16:33"
"-2.80","","-6.80","61","747","996","","","","0.50","","SSE","Небольшая облачность","2025-12-29 16:34"
"-2.80","","-6.80","61","747","996","","","","0.50","","SSE","Небольшая облачность","2025-12-29 16:35"
"-2.80","","-6.60","62","747","996","","","","1.10","","SSE","Небольшая облачность","2025-12-29 16:36"
"-2.80","","-6.30","62","747","996","","","","0.90","","SSE","Небольшая облачность","2025-12-29 16:37"
"-2.80","","-6.40","62","747","996","","","","0.90","","SSE","Небольшая облачность","2025-12-29 16:38"
"-2.80","","-6.60","62","747","996","","","","1.20","","SSE","Небольшая облачность","2025-12-29 16:39"
"-2.80","","-6.60","62","747","996","","","","1.20","","SSE","Небольшая облачность","2025-12-29 16:40"
"-2.80","","-6.60","62","747","996","","","","0.50","","SSE","Небольшая облачность","2025-12-29 16:41"
"-2.80","","-6.10","62","747","996","","","","0.00","","SSE","Небольшая облачность","2025-12-29 16:42"
"-2.80","","-6.10","62","747","996","","","","0.00","","SSE","Небольшая облачность","2025-12-29 16:43"
"-2.70","","-6.50","62","747","996","","","","1.20","","SSE","Небольшая облачность","2025-12-29 16:44"
"-2.70","","-6.50","62","747","996","","","","1.20","","SSE","Небольшая облачность","2025-12-29 16:45"
"-2.70","","-6.50","62","747","996","","","","1.20","","SSE","Небольшая облачность","2025-12-29 16:46"
"-2.70","","-6.50","62","747","996","","","","1.40","","SSE","Небольшая облачность","2025-12-29 16:47"
"-2.80","","-6.80","62","747","996","","","","1.40","","SSE","Небольшая облачность","2025-12-29 16:48"
"-2.70","","-7.60","62","747","996","","","","2.70","","SSE","Небольшая облачность","2025-12-29 16:49"
"-2.70","","-7.60","62","747","996","","","","2.70","","SSE","Небольшая облачность","2025-12-29 16:50"
"-2.70","","-7.60","62","747","996","","","","2.00","","SSE","Небольшая облачность","2025-12-29 16:51"
"-2.70","","-7.60","62","747","996","","","","2.00","","SSE","Небольшая облачность","2025-12-29 16:52"
"-2.70","","-6.80","62","747","996","","","","1.60","","SSE","Небольшая облачность","2025-12-29 16:53"
"-2.70","","-6.80","62","747","996","","","","1.00","","SSE","Небольшая облачность","2025-12-29 16:54"
"-2.70","","-6.40","62","747","996","","","","1.40","","SSE","Небольшая облачность","2025-12-29 16:55"
"-2.70","","-6.40","62","747","996","","","","1.40","","SSE","Небольшая облачность","2025-12-29 16:56"
"-2.70","","-6.70","62","747","996","","","","1.40","","SSE","Небольшая облачность","2025-12-29 16:57"
"-2.70","","-6.70","62","747","996","","","","1.40","","SSE","Небольшая облачность","2025-12-29 16:58"
"-2.70","","-6.70","62","747","996","","","","1.40","","SSE","Небольшая облачность","2025-12-29 16:59"
"-2.70","","-6.70","62","747","996","","","","1.40","","SSE","Небольшая облачность","2025-12-29 17:00"
"-2.70","","-6.70","62","747","996","","","","1.40","","SSE","Небольшая облачность","2025-12-29 17:01"
"-2.80","","-6.80","62","747","996","","","","1.40","","SSE","Небольшая облачность","2025-12-29 17:02"
"-2.80","","-6.80","62","747","996","","","","1.40","","SSE","Небольшая облачность","2025-12-29 17:03"
"-2.80","","-7.20","62","747","996","","","","2.00","","SSE","Небольшая облачность","2025-12-29 17:04"
"-2.80","","-7.30","62","747","996","","","","2.20","","SSE","Небольшая облачность","2025-12-29 17:05"
"-2.80","","-7.30","62","747","996","","","","2.20","","SSE","Небольшая облачность","2025-12-29 17:06"
"-2.80","","-7.30","62","747","996","","","","2.20","","SSE","Небольшая облачность","2025-12-29 17:07"
"-2.70","","-6.30","62","747","996","","","","0.90","","SSE","Небольшая облачность","2025-12-29 17:08"
"-2.70","","-6.30","62","747","996","","","","0.90","","SSE","Небольшая облачность","2025-12-29 17:09"
"-2.70","","-6.30","62","747","996","","","","2.40","","SSE","Небольшая облачность","2025-12-29 17:10"
"-2.70","","-6.30","62","747","996","","","","2.40","","SSE","Небольшая облачность","2025-12-29 17:11"
"-2.70","","-6.60","62","747","996","","","","1.30","","SSE","Небольшая облачность","2025-12-29 17:12"
"-2.70","","-6.60","62","747","996","","","","1.30","","SSE","Небольшая облачность","2025-12-29 17:13"
"-2.70","","-6.60","62","747","996","","","","1.30","","SSE","Небольшая облачность","2025-12-29 17:14"
"-2.70","","-7.00","62","747","996","","","","1.90","","SSE","Небольшая облачность","2025-12-29 17:15"
"-2.70","","-7.00","62","747","996","","","","1.90","","SSE","Небольшая облачность","2025-12-29 17:16"
"-2.70","","-6.60","62","747","996","","","","1.30","","SSE","Небольшая облачность","2025-12-29 17:17"
"-2.70","","-6.50","62","747","996","","","","1.20","","SSE","Небольшая облачность","2025-12-29 17:18"
"-2.70","","-6.60","62","747","996","","","","1.30","","SSE","Небольшая облачность","2025-12-29 17:19"
"-2.70","","-6.00","62","747","996","","","","0.40","","SSE","Небольшая облачность","2025-12-29 17:20"
"-2.70","","-6.50","62","747","996","","","","1.20","","SSE","Небольшая облачность","2025-12-29 17:21"
"-2.70","","-6.90","62","747","996","","","","1.80","","SSE","Небольшая облачность","2025-12-29 17:22"
"-2.70","","-6.10","62","747","996","","","","0.60","","SSE","Небольшая облачность","2025-12-29 17:23"
"-2.70","","-6.10","62","747","996","","","","0.60","","SSE","Небольшая облачность","2025-12-29 17:24"
"-2.70","","-6.10","63","747","996","","","","0.60","","SSE","Небольшая облачность","2025-12-29 17:25"
"-2.70","","-6.10","63","747","996","","","","0.60","","SSE","Небольшая облачность","2025-12-29 17:26"
"-2.70","","-6.70","62","747","996","","","","1.50","","SSE","Небольшая облачность","2025-12-29 17:27"
"-2.70","","-6.70","62","747","996","","","","1.50","","SSE","Небольшая облачность","2025-12-29 17:28"
"-2.70","","-6.40","62","747","996","","","","1.00","","SSE","Небольшая облачность","2025-12-29 17:29"
"-2.70","","-6.60","62","747","996","","","","1.30","","SSE","Небольшая облачность","2025-12-29 17:30"
"-2.70","","-6.30","62","747","996","","","","1.10","","SSE","Небольшая облачность","2025-12-29 17:31"
"-2.70","","-6.30","62","747","996","","","","1.10","","SSE","Небольшая облачность","2025-12-29 17:32"
"-2.70","","-6.30","62","747","996","","","","1.10","","SSE","Небольшая облачность","2025-12-29 17:33"
"-2.70","","-6.80","63","747","996","","","","1.70","","SSE","Небольшая облачность","2025-12-29 17:34"
"-2.70","","-6.80","63","747","996","","","","1.70","","SSE","Небольшая облачность","2025-12-29 17:35"
"-2.70","","-6.70","63","747","996","","","","1.50","","SSE","Небольшая облачность","2025-12-29 17:36"
"-2.70","","-7.00","63","747","996","","","","1.90","","SSE","Небольшая облачность","2025-12-29 17:37"
"-2.70","","-7.00","63","747","996","","","","1.90","","SSE","Небольшая облачность","2025-12-29 17:38"
"-2.70","","-7.00","63","747","996","","","","1.90","","SSE","Небольшая облачность","2025-12-29 17:39"
"-2.70","","-7.00","63","747","996","","","","1.90","","SSE","Небольшая облачность","2025-12-29 17:40"
"-2.70","","-7.00","63","747","996","","","","1.90","","SSE","Небольшая облачность","2025-12-29 17:41"
"-2.70","","-6.10","63","747","996","","","","0.70","","SSE","Небольшая облачность","2025-12-29 17:42"
"-2.70","","-6.10","63","747","996","","","","0.70","","SSE","Небольшая облачность","2025-12-29 17:43"
"-2.60","","-6.30","63","747","996","","","","1.10","","SSE","Небольшая облачность","2025-12-29 17:44"
"-2.60","","-6.30","63","747","996","","","","1.70","","SSE","Небольшая облачность","2025-12-29 17:45"
"-2.60","","-6.30","63","747","996","","","","1.50","","SSE","Небольшая облачность","2025-12-29 17:46"
"-2.70","","-6.70","63","747","996","","","","1.20","","SSE","Небольшая облачность","2025-12-29 17:47"
"-2.70","","-6.50","63","747","996","","","","1.20","","SSE","Небольшая облачность","2025-12-29 17:48"
"-2.70","","-6.50","63","747","996","","","","1.00","","SSE","Небольшая облачность","2025-12-29 17:49"
"-2.70","","-6.10","63","747","996","","","","0.70","","SSE","Небольшая облачность","2025-12-29 17:50"
"-2.70","","-6.10","63","747","996","","","","0.70","","SSE","Небольшая облачность","2025-12-29 17:51"
"-2.70","","-6.60","63","747","996","","","","0.90","","SSE","Небольшая облачность","2025-12-29 17:52"
"-2.70","","-6.60","63","747","996","","","","0.90","","SSE","Небольшая облачность","2025-12-29 17:53"
"-2.70","","-6.70","63","747","996","","","","1.50","","SSE","Небольшая облачность","2025-12-29 17:54"
"-2.70","","-6.70","63","747","996","","","","1.50","","SSE","Небольшая облачность","2025-12-29 17:55"
"-2.70","","-6.70","63","747","996","","","","3.50","","SSE","Небольшая облачность","2025-12-29 17:56"
"-2.70","","-8.10","63","747","996","","","","3.50","","SSE","Небольшая облачность","2025-12-29 17:57"
"-2.60","","-5.90","63","747","996","","","","1.60","","SSE","Небольшая облачность","2025-12-29 17:58"
"-2.60","","-5.90","63","747","996","","","","1.60","","SSE","Небольшая облачность","2025-12-29 17:59"
"-2.60","","-7.10","63","747","996","","","","2.20","","SSE","Небольшая облачность","2025-12-29 18:00"
"-2.70","","-7.20","63","747","996","","","","1.40","","SSE","Небольшая облачность","2025-12-29 18:01"
"-2.70","","-6.60","63","747","996","","","","1.10","","SSE","Небольшая облачность","2025-12-29 18:02"
"-2.70","","-6.40","63","747","996","","","","0.40","","SSE","Небольшая облачность","2025-12-29 18:03"
"-2.70","","-5.90","63","747","996","","","","0.40","","SSE","Небольшая облачность","2025-12-29 18:04"
"-2.70","","-6.90","63","747","996","","","","1.80","","SSE","Небольшая облачность","2025-12-29 18:05"
"-2.70","","-6.90","63","747","996","","","","1.80","","SSE","Небольшая облачность","2025-12-29 18:06"
"-2.70","","-6.10","63","747","996","","","","0.70","","SSE","Небольшая облачность","2025-12-29 18:07"
"-2.70","","-6.10","63","747","996","","","","0.70","","SSE","Небольшая облачность","2025-12-29 18:08"
"-2.70","","-6.90","63","747","996","","","","1.80","","SSE","Небольшая облачность","2025-12-29 18:09"
"-2.70","","-6.90","63","747","996","","","","1.80","","SSE","Небольшая облачность","2025-12-29 18:10"
"-2.70","","-6.90","63","747","996","","","","1.80","","SSE","Небольшая облачность","2025-12-29 18:11"
"-2.70","","-6.90","63","747","996","","","","1.80","","SSE","Небольшая облачность","2025-12-29 18:12"
"-2.70","","-6.80","63","747","996","","","","1.60","","SSE","Небольшая облачность","2025-12-29 18:13"
"-2.70","","-6.80","63","747","996","","","","1.60","","SSE","Небольшая облачность","2025-12-29 18:14"
"-2.70","","-7.10","63","747","996","","","","2.10","","SSE","Небольшая облачность","2025-12-29 18:15"
"-2.70","","-6.60","63","747","996","","","","1.60","","SSE","Небольшая облачность","2025-12-29 18:16"
"-2.70","","-6.80","63","747","996","","","","1.60","","SSE","Небольшая облачность","2025-12-29 18:17"
"-2.70","","-6.80","63","747","996","","","","1.20","","SSE","Небольшая облачность","2025-12-29 18:18"
"-2.70","","-6.50","63","747","996","","","","1.20","","SSE","Небольшая облачность","2025-12-29 18:19"
"-2.60","","-6.20","63","747","996","","","","0.90","","SSE","Небольшая облачность","2025-12-29 18:20"
"-2.60","","-6.00","63","747","997","","","","0.90","","SSE","Небольшая облачность","2025-12-29 18:21"
"-2.60","","-6.00","63","747","997","","","","0.90","","SSE","Небольшая облачность","2025-12-29 18:22"
"-2.60","","-6.00","63","747","997","","","","0.90","","SSE","Небольшая облачность","2025-12-29 18:23"
"-2.70","","-6.70","63","747","997","","","","1.50","","SSE","Небольшая облачность","2025-12-29 18:24"
"-2.60","","-6.60","63","747","997","","","","1.50","","SSE","Небольшая облачность","2025-12-29 18:25"
"-2.60","","-6.60","63","747","997","","","","1.50","","SSE","Небольшая облачность","2025-12-29 18:26"
"-2.70","","-7.50","63","747","997","","","","2.70","","SSE","Небольшая облачность","2025-12-29 18:27"
"-2.70","","-7.50","63","747","997","","","","2.70","","SSE","Небольшая облачность","2025-12-29 18:28"
"-2.70","","-7.50","63","747","997","","","","2.70","","SSE","Небольшая облачность","2025-12-29 18:29"
"-2.60","","-6.00","63","747","997","","","","0.50","","SSE","Небольшая облачность","2025-12-29 18:30"
"-2.60","","-5.90","63","747","997","","","","0.50","","SSE","Небольшая облачность","2025-12-29 18:31"
"-2.60","","-5.50","63","747","997","","","","0.00","","SSE","Небольшая облачность","2025-12-29 18:32"
"-2.60","","-5.50","63","747","997","","","","0.90","","SSE","Небольшая облачность","2025-12-29 18:33"
"-2.60","","-6.20","63","747","997","","","","0.90","","SSE","Небольшая облачность","2025-12-29 18:34"
"-2.60","","-6.20","63","747","997","","","","0.90","","SSE","Небольшая облачность","2025-12-29 18:35"
"-2.60","","-6.90","63","747","996","","","","0.90","","SSE","Небольшая облачность","2025-12-29 18:36"
"-2.60","","-6.90","63","747","996","","","","0.90","","SSE","Небольшая облачность","2025-12-29 18:37"
"-2.60","","-6.00","63","747","996","","","","0.60","","SSE","Небольшая облачность","2025-12-29 18:38"
"-2.70","","-6.00","63","747","996","","","","0.50","","SSE","Небольшая облачность","2025-12-29 18:39"
"-2.70","","-6.00","63","747","996","","","","0.40","","SSE","Небольшая облачность","2025-12-29 18:40"
"-2.60","","-5.80","64","747","996","","","","0.40","","SSE","Небольшая облачность","2025-12-29 18:41"
"-2.60","","-5.80","64","747","996","","","","0.50","","SSE","Небольшая облачность","2025-12-29 18:42"
"-2.60","","-5.90","64","747","996","","","","0.50","","SSE","Небольшая облачность","2025-12-29 18:43"
"-2.60","","-7.00","64","747","996","","","","2.10","","SSE","Небольшая облачность","2025-12-29 18:44"
"-2.60","","-7.00","64","747","996","","","","2.10","","SSE","Небольшая облачность","2025-12-29 18:45"
"-2.60","","-6.40","64","747","996","","","","1.20","","SSE","Небольшая облачность","2025-12-29 18:46"
"-2.60","","-5.90","64","747","996","","","","0.50","","SSE","Небольшая облачность","2025-12-29 18:47"
"-2.60","","-6.40","64","747","996","","","","1.30","","SSE","Небольшая облачность","2025-12-29 18:48"
"-2.60","","-6.40","64","747","996","","","","1.50","","SSE","Небольшая облачность","2025-12-29 18:49"
"-2.60","","-6.60","63","747","996","","","","1.50","","SSE","Небольшая облачность","2025-12-29 18:50"
"-2.60","","-6.60","63","747","996","","","","1.50","","SSE","Небольшая облачность","2025-12-29 18:51"
"-2.60","","-6.50","63","747","996","","","","1.40","","SSE","Небольшая облачность","2025-12-29 18:52"
"-2.60","","-6.50","64","747","996","","","","1.40","","SSE","Небольшая облачность","2025-12-29 18:53"
"-2.60","","-6.50","64","747","996","","","","1.40","","SSE","Небольшая облачность","2025-12-29 18:54"
"-2.60","","-6.50","64","747","996","","","","1.40","","SSE","Небольшая облачность","2025-12-29 18:55"
"-2.60","","-6.80","64","747","996","","","","1.80","","SSE","Небольшая облачность","2025-12-29 18:56"
"-2.60","","-6.80","64","747","996","","","","1.20","","SSE","Небольшая облачность","2025-12-29 18:57"
"-2.60","","-6.80","64","747","996","","","","1.20","","SSE","Небольшая облачность","2025-12-29 18:58"
"-2.60","","-6.00","64","747","996","","","","1.30","","SSE","Небольшая облачность","2025-12-29 18:59"
"-2.60","","-6.00","64","747","996","","","","1.30","","SSE","Небольшая облачность","2025-12-29 19:00"
"-2.60","","-6.40","64","747","996","","","","1.30","","SSE","Небольшая облачность","2025-12-29 19:01"
"-2.60","","-6.40","64","747","996","","","","1.30","","SSE","Небольшая облачность","2025-12-29 19:02"
"-2.60","","-6.40","64","747","996","","","","1.70","","SSE","Небольшая облачность","2025-12-29 19:03"
"-2.60","","-6.70","64","747","996","","","","1.00","","SSE","Небольшая облачность","2025-12-29 19:04"
"-2.60","","-6.20","64","747","996","","","","1.00","","SSE","Небольшая облачность","2025-12-29 19:05"
"-2.60","","-7.00","64","746","995","","","","2.10","","SSE","Небольшая облачность","2025-12-29 19:06"
"-2.60","","-6.20","64","746","995","","","","1.00","","SSE","Небольшая облачность","2025-12-29 19:07"
"-2.60","","-6.60","64","746","995","","","","1.50","","SSE","Небольшая облачность","2025-12-29 19:08"
"-2.60","","-6.60","64","746","995","","","","1.50","","SSE","Небольшая облачность","2025-12-29 19:09"
"-2.60","","-6.60","64","746","995","","","","1.50","","SSE","Небольшая облачность","2025-12-29 19:10"
"-2.60","","-6.60","64","746","995","","","","1.40","","SSE","Небольшая облачность","2025-12-29 19:11"
"-2.60","","-6.60","64","746","995","","","","1.40","","SSE","Небольшая облачность","2025-12-29 19:12"
"-2.60","","-6.50","64","746","995","","","","1.70","","SSE","Небольшая облачность","2025-12-29 19:13"
"-2.60","","-6.70","64","746","995","","","","1.70","","SSE","Небольшая облачность","2025-12-29 19:14"
"-2.60","","-6.20","64","746","995","","","","1.00","","SSE","Небольшая облачность","2025-12-29 19:15"
"-2.60","","-6.20","64","746","995","","","","1.00","","SSE","Небольшая облачность","2025-12-29 19:16"
"-2.60","","-6.20","64","746","995","","","","1.00","","SSE","Небольшая облачность","2025-12-29 19:17"
"-2.60","","-6.20","64","746","995","","","","2.10","","SSE","Небольшая облачность","2025-12-29 19:18"
"-2.60","","-6.60","64","746","995","","","","1.50","","SSE","Небольшая облачность","2025-12-29 19:19"
"-2.60","","-6.60","64","746","995","","","","1.50","","SSE","Небольшая облачность","2025-12-29 19:20"
"-2.60","","-6.60","64","747","996","","","","2.10","","SSE","Небольшая облачность","2025-12-29 19:21"
"-2.60","","-7.00","64","747","996","","","","2.10","","SSE","Небольшая облачность","2025-12-29 19:22"
"-2.60","","-7.00","64","747","996","","","","2.10","","SSE","Небольшая облачность","2025-12-29 19:23"
"-2.60","","-6.20","64","747","996","","","","1.00","","SSE","Небольшая облачность","2025-12-29 19:24"
"-2.60","","-6.20","64","747","996","","","","1.30","","SSE","Небольшая облачность","2025-12-29 19:25"
"-2.60","","-6.30","64","747","996","","","","1.10","","SSE","Небольшая облачность","2025-12-29 19:26"
"-2.60","","-6.30","64","747","996","","","","1.60","","SSE","Небольшая облачность","2025-12-29 19:27"
"-2.60","","-6.70","64","747","996","","","","1.60","","SSE","Небольшая облачность","2025-12-29 19:28"
"-2.60","","-6.70","64","747","996","","","","1.60","","SSE","Небольшая облачность","2025-12-29 19:29"
"-2.60","","-6.70","64","747","996","","","","1.60","","SSE","Небольшая облачность","2025-12-29 19:30"
"-2.60","","-7.20","64","747","996","","","","2.40","","SSE","Небольшая облачность","2025-12-29 19:31"
"-2.60","","-7.20","64","747","996","","","","2.40","","SSE","Небольшая облачность","2025-12-29 19:32"
"-2.60","","-7.20","64","747","996","","","","2.40","","SSE","Небольшая облачность","2025-12-29 19:33"
"-2.60","","-7.10","64","747","996","","","","2.20","","SSE","Небольшая облачность","2025-12-29 19:34"
"-2.60","","-7.10","64","747","996","","","","3.00","","SSE","Небольшая облачность","2025-12-29 19:35"
"-2.60","","-7.10","64","747","996","","","","3.00","","SSE","Небольшая облачность","2025-12-29 19:36"
"-2.60","","-6.70","64","747","996","","","","1.70","","SSE","Небольшая облачность","2025-12-29 19:37"
"-2.60","","-6.70","64","747","996","","","","2.00","","SSE","Небольшая облачность","2025-12-29 19:38"
"-2.60","","-7.10","64","747","996","","","","2.20","","SSE","Небольшая облачность","2025-12-29 19:39"
"-2.60","","-6.40","64","747","996","","","","1.20","","SSE","Небольшая облачность","2025-12-29 19:40"
"-2.60","","-7.10","64","747","996","","","","2.20","","SSE","Небольшая облачность","2025-12-29 19:41"
"-2.60","","-7.10","64","747","996","","","","2.20","","SSE","Небольшая облачность","2025-12-29 19:42"
"-2.60","","-6.50","64","747","996","","","","1.60","","SSE","Небольшая облачность","2025-12-29 19:43"
"-2.60","","-6.70","64","747","996","","","","1.60","","SSE","Небольшая облачность","2025-12-29 19:44"
"-2.60","","-6.20","64","747","996","","","","0.90","","SSE","Небольшая облачность","2025-12-29 19:45"
"-2.60","","-6.00","64","747","996","","","","0.60","","SSE","Небольшая облачность","2025-12-29 19:46"
"-2.60","","-6.00","64","747","996","","","","0.60","","SSE","Небольшая облачность","2025-12-29 19:47"
"-2.60","","-5.90","64","747","996","","","","0.50","","SSE","Небольшая облачность","2025-12-29 19:48"
"-2.60","","-5.90","64","747","996","","","","1.50","","SSE","Небольшая облачность","2025-12-29 19:49"
"-2.60","","-6.40","64","747","996","","","","1.30","","SSE","Небольшая облачность","2025-12-29 19:50"
"-2.60","","-6.40","64","747","996","","","","1.30","","SSE","Небольшая облачность","2025-12-29 19:51"
"-2.60","","-6.30","64","747","996","","","","1.10","","SSE","Небольшая облачность","2025-12-29 19:52"
"-2.60","","-6.90","64","747","996","","","","1.90","","SSE","Небольшая облачность","2025-12-29 19:53"
"-2.60","","-6.80","64","747","996","","","","1.80","","SSE","Небольшая облачность","2025-12-29 19:54"
"-2.60","","-6.30","64","747","996","","","","1.10","","SSE","Небольшая облачность","2025-12-29 19:55"
"-2.60","","-6.30","64","747","996","","","","1.10","","SSE","Небольшая облачность","2025-12-29 19:56"
"-2.60","","-5.90","64","747","996","","","","0.50","","SSE","Небольшая облачность","2025-12-29 19:57"
"-2.60","","-5.80","64","747","996","","","","0.70","","SSE","Небольшая облачность","2025-12-29 19:58"
"-2.60","","-5.80","64","747","996","","","","0.70","","SSE","Небольшая облачность","2025-12-29 19:59"
"-2.60","","-6.30","64","747","996","","","","1.10","","SSE","Небольшая облачность","2025-12-29 20:00"
"-2.60","","-6.30","64","747","996","","","","1.10","","SSE","Небольшая облачность","2025-12-29 20:01"
"-2.60","","-7.00","64","747","996","","","","1.20","","SSE","Небольшая облачность","2025-12-29 20:02"
"-2.60","","-7.00","64","747","996","","","","1.20","","SSE","Небольшая облачность","2025-12-29 20:03"
"-2.60","","-7.00","64","747","996","","","","1.30","","SSE","Небольшая облачность","2025-12-29 20:04"
"-2.60","","-6.80","64","747","996","","","","1.80","","SSE","Небольшая облачность","2025-12-29 20:05"
"-2.60","","-6.50","64","747","996","","","","1.40","","SSE","Небольшая облачность","2025-12-29 20:06"
"-2.60","","-6.50","64","747","996","","","","1.10","","SSE","Небольшая облачность","2025-12-29 20:07"
"-2.60","","-6.00","64","747","996","","","","0.60","","SSE","Небольшая облачность","2025-12-29 20:08"
"-2.60","","-6.00","64","747","996","","","","0.60","","SSE","Небольшая облачность","2025-12-29 20:09"
"-2.70","","-7.00","64","747","996","","","","2.00","","SSE","Небольшая облачность","2025-12-29 20:10"
"-2.70","","-6.30","64","747","996","","","","1.00","","SSE","Небольшая облачность","2025-12-29 20:11"
"-2.70","","-7.50","64","747","996","","","","2.70","","SSE","Небольшая облачность","2025-12-29 20:12"
"-2.70","","-6.60","64","747","996","","","","1.40","","SSE","Небольшая облачность","2025-12-29 20:13"
"-2.70","","-6.60","64","747","996","","","","0.90","","SSE","Небольшая облачность","2025-12-29 20:14"
"-2.70","","-6.10","64","747","996","","","","0.70","","SSE","Небольшая облачность","2025-12-29 20:15"
"-2.70","","-6.10","64","747","996","","","","0.70","","SSE","Небольшая облачность","2025-12-29 20:16"
"-2.70","","-6.10","64","747","996","","","","0.70","","SSE","Небольшая облачность","2025-12-29 20:17"
"-2.70","","-6.60","64","747","996","","","","1.40","","SSE","Небольшая облачность","2025-12-29 20:18"
"-2.70","","-6.60","64","747","996","","","","1.30","","SSE","Небольшая облачность","2025-12-29 20:19"
"-2.70","","-6.30","64","747","996","","","","1.00","","SSE","Небольшая облачность","2025-12-29 20:20"
"-2.70","","-6.30","64","747","996","","","","1.00","","SSE","Небольшая облачность","2025-12-29 20:21"
"-2.70","","-6.00","64","746","995","","","","0.50","","SSE","Небольшая облачность","2025-12-29 20:22"
"-2.70","","-6.30","64","746","995","","","","0.90","","SSE","Небольшая облачность","2025-12-29 20:23"
"-2.80","","-6.20","64","746","995","","","","0.60","","SSE","Небольшая облачность","2025-12-29 20:24"
"-2.80","","-6.20","64","746","995","","","","0.60","","SSE","Небольшая облачность","2025-12-29 20:25"
"-2.80","","-6.20","64","746","995","","","","0.60","","SSE","Небольшая облачность","2025-12-29 20:26"
"-2.80","","-6.80","64","746","995","","","","1.50","","SSE","Небольшая облачность","2025-12-29 20:27"
"-2.80","","-7.10","64","746","995","","","","2.00","","SSE","Небольшая облачность","2025-12-29 20:28"
"-2.80","","-7.10","64","746","995","","","","2.00","","SSE","Небольшая облачность","2025-12-29 20:29"
"-2.80","","-6.40","64","746","995","","","","0.60","","SSE","Небольшая облачность","2025-12-29 20:30"
"-2.80","","-6.20","64","746","995","","","","0.60","","SSE","Небольшая облачность","2025-12-29 20:31"
"-2.80","","-6.20","64","746","995","","","","1.00","","SSE","Небольшая облачность","2025-12-29 20:32"
"-2.80","","-6.40","64","746","995","","","","1.00","","SSE","Небольшая облачность","2025-12-29 20:33"
"-2.80","","-6.70","64","746","995","","","","1.40","","SSE","Небольшая облачность","2025-12-29 20:34"
"-2.80","","-6.70","64","746","995","","","","1.00","","SSE","Небольшая облачность","2025-12-29 20:35"
"-2.80","","-6.40","64","747","996","","","","1.60","","SSE","Небольшая облачность","2025-12-29 20:36"
"-2.80","","-6.90","64","747","996","","","","0.40","","SSE","Небольшая облачность","2025-12-29 20:37"
"-2.80","","-6.00","64","747","996","","","","0.40","","SSE","Небольшая облачность","2025-12-29 20:38"
"-2.80","","-6.20","64","747","996","","","","0.60","","SSE","Небольшая облачность","2025-12-29 20:39"
"-2.80","","-6.60","64","747","996","","","","1.50","","SSE","Небольшая облачность","2025-12-29 20:40"
"-2.80","","-6.60","64","747","996","","","","1.50","","SSE","Небольшая облачность","2025-12-29 20:41"
"-2.80","","-6.80","64","747","996","","","","1.50","","SSE","Небольшая облачность","2025-12-29 20:42"
"-2.80","","-6.70","64","747","996","","","","1.40","","SSE","Небольшая облачность","2025-12-29 20:43"
"-2.80","","-6.20","64","747","996","","","","0.40","","SSE","Небольшая облачность","2025-12-29 20:44"
"-2.80","","-6.00","64","747","996","","","","0.40","","SSE","Небольшая облачность","2025-12-29 20:45"
"-2.80","","-6.00","64","747","996","","","","0.40","","SSE","Небольшая облачность","2025-12-29 20:46"
"-2.80","","-6.20","64","747","996","","","","0.60","","SSE","Небольшая облачность","2025-12-29 20:47"
"-2.80","","-6.00","64","747","996","","","","0.40","","SSE","Небольшая облачность","2025-12-29 20:48"
"-2.80","","-6.00","64","747","996","","","","0.40","","SSE","Небольшая облачность","2025-12-29 20:49"
"-2.80","","-6.20","64","747","996","","","","0.60","","SSE","Небольшая облачность","2025-12-29 20:50"
"-2.80","","-6.40","64","746","995","","","","1.30","","SSE","Небольшая облачность","2025-12-29 20:51"
"-2.80","","-6.70","64","746","995","","","","1.30","","SSE","Небольшая облачность","2025-12-29 20:52"
"-2.80","","-6.40","64","746","995","","","","0.90","","SSE","Небольшая облачность","2025-12-29 20:53"
"-2.80","","-6.40","64","746","995","","","","0.50","","SSE","Небольшая облачность","2025-12-29 20:54"
"-2.80","","-6.10","64","746","995","","","","0.50","","SSE","Небольшая облачность","2025-12-29 20:55"
"-2.90","","-6.70","64","746","995","","","","1.20","","SSE","Небольшая облачность","2025-12-29 20:56"
"-2.90","","-6.70","64","746","995","","","","1.20","","SSE","Небольшая облачность","2025-12-29 20:57"
"-2.80","","-6.20","64","746","995","","","","0.50","","SSE","Небольшая облачность","2025-12-29 20:58"
"-2.80","","-6.20","64","746","995","","","","0.50","","SSE","Небольшая облачность","2025-12-29 20:59"
"-2.80","","-6.10","65","746","995","","","","0.50","","SSE","Небольшая облачность","2025-12-29 21:00"
"-2.80","","-6.70","65","746","995","","","","1.40","","SSE","Небольшая облачность","2025-12-29 21:01"
"-2.80","","-6.70","65","746","995","","","","1.40","","SSE","Небольшая облачность","2025-12-29 21:02"
"-2.80","","-6.70","65","746","995","","","","0.90","","SSE","Небольшая облачность","2025-12-29 21:03"
"-2.80","","-6.70","65","746","995","","","","0.40","","SSE","Небольшая облачность","2025-12-29 21:04"
"-2.80","","-6.20","65","746","995","","","","0.00","","SSE","Небольшая облачность","2025-12-29 21:05"
"-2.80","","-5.70","65","747","996","","","","0.00","","SSE","Небольшая облачность","2025-12-29 21:06"
"-2.80","","-6.20","65","747","996","","","","0.60","","SSE","Небольшая облачность","2025-12-29 21:07"
"-2.80","","-6.20","65","747","996","","","","0.60","","SSE","Небольшая облачность","2025-12-29 21:08"
"-2.80","","-6.20","64","747","996","","","","0.70","","SSE","Небольшая облачность","2025-12-29 21:09"
"-2.80","","-6.70","64","747","996","","","","1.30","","SSE","Небольшая облачность","2025-12-29 21:10"
"-2.80","","-6.70","64","747","996","","","","1.30","","SSE","Небольшая облачность","2025-12-29 21:11"
"-2.80","","-6.70","64","747","996","","","","1.30","","SSE","Небольшая облачность","2025-12-29 21:12"
"-2.80","","-6.70","64","747","996","","","","1.30","","SSE","Небольшая облачность","2025-12-29 21:13"
"-2.80","","-6.70","64","747","996","","","","1.30","","SSE","Небольшая облачность","2025-12-29 21:14"
"-2.90","","-6.60","64","747","996","","","","1.00","","SSE","Небольшая облачность","2025-12-29 21:15"
"-2.80","","-6.40","64","747","996","","","","0.90","","SSE","Небольшая облачность","2025-12-29 21:16"
"-2.80","","-6.60","64","747","996","","","","1.20","","SSE","Небольшая облачность","2025-12-29 21:17"
"-2.80","","-6.60","64","747","996","","","","1.20","","SSE","Небольшая облачность","2025-12-29 21:18"
"-2.80","","-6.90","64","747","996","","","","1.20","","SSE","Небольшая облачность","2025-12-29 21:19"
"-2.80","","-6.60","64","747","996","","","","1.20","","SSE","Небольшая облачность","2025-12-29 21:20"
"-2.80","","-6.70","64","746","995","","","","1.40","","SSE","Небольшая облачность","2025-12-29 21:21"
"-2.80","","-6.70","64","746","995","","","","1.40","","SSE","Небольшая облачность","2025-12-29 21:22"
"-2.80","","-6.70","64","746","995","","","","1.70","","SSE","Небольшая облачность","2025-12-29 21:23"
"-2.80","","-6.90","64","746","995","","","","2.60","","SSE","Небольшая облачность","2025-12-29 21:24"
"-2.80","","-6.90","64","746","995","","","","2.60","","SSE","Небольшая облачность","2025-12-29 21:25"
"-2.80","","-7.80","64","746","995","","","","1.20","","SSE","Небольшая облачность","2025-12-29 21:26"
"-2.80","","-6.60","65","746","995","","","","1.20","","SSE","Небольшая облачность","2025-12-29 21:27"
"-2.80","","-6.60","65","746","995","","","","1.20","","SSE","Небольшая облачность","2025-12-29 21:28"
"-2.80","","-6.90","65","746","995","","","","0.50","","SSE","Небольшая облачность","2025-12-29 21:29"
"-2.80","","-6.10","65","746","995","","","","0.50","","SSE","Небольшая облачность","2025-12-29 21:30"
"-2.80","","-6.10","65","746","995","","","","0.50","","SSE","Небольшая облачность","2025-12-29 21:31"
"-2.80","","-6.60","65","746","995","","","","1.20","","SSE","Небольшая облачность","2025-12-29 21:32"
"-2.80","","-6.60","65","746","995","","","","1.20","","SSE","Небольшая облачность","2025-12-29 21:33"
"-2.80","","-6.60","65","746","995","","","","1.20","","SSE","Небольшая облачность","2025-12-29 21:34"
"-2.80","","-7.10","65","746","995","","","","2.00","","SSE","Небольшая облачность","2025-12-29 21:35"
"-2.70","","-6.40","65","747","996","","","","0.50","","SSE","Небольшая облачность","2025-12-29 21:36"
"-2.70","","-6.40","65","747","996","","","","0.50","","SSE","Небольшая облачность","2025-12-29 21:37"
"-2.70","","-6.10","65","747","996","","","","0.70","","SSE","Небольшая облачность","2025-12-29 21:38"
"-2.70","","-6.50","65","747","996","","","","0.70","","SSE","Небольшая облачность","2025-12-29 21:40"
"-2.70","","-6.10","65","747","996","","","","0.70","","SSE","Небольшая облачность","2025-12-29 21:41"
"-2.70","","-6.30","65","747","996","","","","0.90","","SSE","Небольшая облачность","2025-12-29 21:42"
"-2.70","","-6.30","65","747","996","","","","0.90","","SSE","Небольшая облачность","2025-12-29 21:43"
"-2.80","","-6.40","65","747","996","","","","0.90","","SSE","Небольшая облачность","2025-12-29 21:44"
"-2.80","","-6.40","65","747","996","","","","0.90","","SSE","Небольшая облачность","2025-12-29 21:45"
"-2.80","","-6.40","65","747","996","","","","2.50","","SSE","Небольшая облачность","2025-12-29 21:46"
"-2.80","","-7.70","65","747","996","","","","2.80","","SSE","Небольшая облачность","2025-12-29 21:47"
"-2.80","","-6.40","65","747","996","","","","1.00","","SSE","Небольшая облачность","2025-12-29 21:48"
"-2.80","","-6.40","65","747","996","","","","1.70","","SSE","Небольшая облачность","2025-12-29 21:49"
"-2.80","","-6.90","65","747","996","","","","1.70","","SSE","Небольшая облачность","2025-12-29 21:50"
"-2.80","","-6.90","65","746","995","","","","3.60","","SSE","Небольшая облачность","2025-12-29 21:51"
"-2.80","","-8.30","65","746","995","","","","3.40","","SSE","Небольшая облачность","2025-12-29 21:52"
"-2.80","","-8.10","65","746","995","","","","3.40","","SSE","Небольшая облачность","2025-12-29 21:53"
"-2.80","","-8.10","65","746","995","","","","1.30","","SSE","Небольшая облачность","2025-12-29 21:54"
"-2.80","","-6.60","65","746","995","","","","1.30","","SSE","Небольшая облачность","2025-12-29 21:55"
"-2.80","","-6.60","65","746","995","","","","1.30","","SSE","Небольшая облачность","2025-12-29 21:56"
"-2.80","","-6.20","65","746","995","","","","0.60","","SSE","Небольшая облачность","2025-12-29 21:57"
"-2.80","","-6.20","65","746","995","","","","3.10","","SSE","Небольшая облачность","2025-12-29 21:58"
"-2.80","","-7.90","65","746","995","","","","2.60","","SSE","Небольшая облачность","2025-12-29 21:59"
"-2.80","","-7.60","65","746","995","","","","2.60","","SSE","Небольшая облачность","2025-12-29 22:00"
"-2.80","","-7.60","65","746","995","","","","2.60","","SSE","Небольшая облачность","2025-12-29 22:01"
"-2.80","","-6.40","65","746","995","","","","2.40","","SSE","Небольшая облачность","2025-12-29 22:02"
"-2.80","","-7.00","65","746","995","","","","1.80","","SSE","Небольшая облачность","2025-12-29 22:03"
"-2.80","","-7.00","65","746","995","","","","1.80","","SSE","Небольшая облачность","2025-12-29 22:04"
"-2.90","","-7.10","65","746","995","","","","3.10","","SSE","Небольшая облачность","2025-12-29 22:05"
"-2.90","","-7.10","65","746","995","","","","3.20","","SSE","Небольшая облачность","2025-12-29 22:06"
"-2.90","","-8.10","64","746","995","","","","2.50","","SSE","Небольшая облачность","2025-12-29 22:07"
"-2.90","","-7.60","64","746","995","","","","2.50","","SSE","Небольшая облачность","2025-12-29 22:08"
"-2.90","","-7.60","64","746","995","","","","2.50","","SSE","Небольшая облачность","2025-12-29 22:09"
"-2.90","","-7.10","64","746","995","","","","1.80","","SSE","Небольшая облачность","2025-12-29 22:10"
"-2.90","","-6.70","64","746","995","","","","1.20","","SSE","Небольшая облачность","2025-12-29 22:11"
"-2.90","","-6.70","64","746","995","","","","1.20","","SSE","Небольшая облачность","2025-12-29 22:12"
"-2.90","","-6.70","64","746","995","","","","1.20","","SSE","Небольшая облачность","2025-12-29 22:13"
"-2.90","","-6.70","64","746","995","","","","3.00","","SSE","Небольшая облачность","2025-12-29 22:14"
"-2.90","","-8.00","64","746","995","","","","1.80","","SSE","Небольшая облачность","2025-12-29 22:15"
"-2.90","","-7.10","64","746","995","","","","1.80","","SSE","Небольшая облачность","2025-12-29 22:16"
"-2.90","","-6.80","64","746","995","","","","1.30","","SSE","Небольшая облачность","2025-12-29 22:17"
"-2.90","","-6.80","64","746","995","","","","1.30","","SSE","Небольшая облачность","2025-12-29 22:18"
"-2.90","","-7.30","64","746","995","","","","2.00","","SSE","Небольшая облачность","2025-12-29 22:19"
"-2.90","","-6.50","65","746","995","","","","1.00","","SSE","Небольшая облачность","2025-12-29 22:20"
"-2.90","","-6.60","65","746","995","","","","1.40","","SSE","Небольшая облачность","2025-12-29 22:21"
"-2.90","","-6.80","65","746","995","","","","0.70","","SSE","Небольшая облачность","2025-12-29 22:22"
"-2.90","","-6.30","65","746","995","","","","0.70","","SSE","Небольшая облачность","2025-12-29 22:23"
"-2.90","","-6.30","65","746","995","","","","0.70","","SSE","Небольшая облачность","2025-12-29 22:24"
"-2.90","","-6.80","65","746","995","","","","1.30","","SSE","Небольшая облачность","2025-12-29 22:25"
"-2.90","","-6.50","65","746","995","","","","0.90","","SSE","Небольшая облачность","2025-12-29 22:26"
"-2.90","","-6.50","65","746","995","","","","0.90","","SSE","Небольшая облачность","2025-12-29 22:27"
"-2.90","","-6.50","65","746","995","","","","1.20","","SSE","Небольшая облачность","2025-12-29 22:28"
"-2.90","","-6.70","65","746","995","","","","1.20","","SSE","Небольшая облачность","2025-12-29 22:29"
"-2.90","","-6.70","65","746","995","","","","0.90","","SSE","Небольшая облачность","2025-12-29 22:30"
"-2.90","","-7.00","65","746","995","","","","1.60","","SSE","Небольшая облачность","2025-12-29 22:31"
"-2.90","","-6.70","65","746","995","","","","1.20","","SSE","Небольшая облачность","2025-12-29 22:32"
"-2.90","","-6.70","65","746","995","","","","1.20","","SSE","Небольшая облачность","2025-12-29 22:33"
"-2.90","","-6.60","65","746","995","","","","1.10","","SSE","Небольшая облачность","2025-12-29 22:34"
"-2.90","","-6.60","65","746","995","","","","1.00","","SSE","Небольшая облачность","2025-12-29 22:35"
"-2.90","","-6.50","65","746","995","","","","1.30","","SSE","Небольшая облачность","2025-12-29 22:36"
"-2.90","","-6.80","65","746","995","","","","1.50","","SSE","Небольшая облачность","2025-12-29 22:37"
"-2.90","","-7.00","65","746","995","","","","1.60","","SSE","Небольшая облачность","2025-12-29 22:38"
"-2.90","","-7.00","65","746","995","","","","3.40","","SSE","Небольшая облачность","2025-12-29 22:39"
"-2.90","","-8.20","65","746","995","","","","3.40","","SSE","Небольшая облачность","2025-12-29 22:40"
"-2.90","","-8.20","65","746","995","","","","3.40","","SSE","Небольшая облачность","2025-12-29 22:41"
"-2.90","","-8.20","65","746","995","","","","2.40","","SSE","Небольшая облачность","2025-12-29 22:42"
"-2.90","","-7.50","65","746","995","","","","2.20","","SSE","Небольшая облачность","2025-12-29 22:43"
"-2.90","","-7.40","65","746","995","","","","1.80","","SSE","Небольшая облачность","2025-12-29 22:44"
"-2.90","","-7.10","64","746","995","","","","2.70","","SSE","Небольшая облачность","2025-12-29 22:45"
"-2.90","","-7.10","64","746","995","","","","2.70","","SSE","Небольшая облачность","2025-12-29 22:46"
"-3.00","","-7.90","64","746","995","","","","2.70","","SSE","Небольшая облачность","2025-12-29 22:47"
"-3.00","","-7.90","64","746","995","","","","1.80","","SSE","Небольшая облачность","2025-12-29 22:48"
"-3.00","","-7.70","64","746","995","","","","2.50","","SSE","Небольшая облачность","2025-12-29 22:49"
"-3.00","","-7.70","64","746","995","","","","2.50","","SSE","Небольшая облачность","2025-12-29 22:50"
"-3.00","","-7.70","64","746","995","","","","3.20","","SSE","Небольшая облачность","2025-12-29 22:51"
"-3.00","","-7.40","64","746","995","","","","2.00","","SSE","Небольшая облачность","2025-12-29 22:52"
"-3.00","","-6.90","64","746","995","","","","1.30","","SSE","Небольшая облачность","2025-12-29 22:53"
"-3.00","","-6.90","64","746","995","","","","1.30","","SSE","Небольшая облачность","2025-12-29 22:54"
"-3.00","","-6.90","64","746","995","","","","1.30","","SSE","Небольшая облачность","2025-12-29 22:55"
"-3.00","","-6.90","64","746","995","","","","1.30","","SSE","Небольшая облачность","2025-12-29 22:56"
"-3.00","","-6.70","64","746","995","","","","1.10","","SSE","Небольшая облачность","2025-12-29 22:57"
"-3.00","","-6.70","64","746","995","","","","1.10","","SSE","Небольшая облачность","2025-12-29 22:58"
"-3.00","","-6.90","64","746","995","","","","1.20","","SSE","Небольшая облачность","2025-12-29 22:59"
"-3.00","","-6.90","64","746","995","","","","1.20","","SSE","Небольшая облачность","2025-12-29 23:00"
"-3.00","","-6.40","64","746","995","","","","0.60","","SSE","Небольшая облачность","2025-12-29 23:01"
"-3.00","","-6.70","64","746","995","","","","1.10","","SSE","Небольшая облачность","2025-12-29 23:02"
"-3.00","","-6.70","64","746","995","","","","0.90","","SSE","Небольшая облачность","2025-12-29 23:03"
"-3.00","","-6.60","64","746","995","","","","1.30","","SSE","Небольшая облачность","2025-12-29 23:04"
"-3.00","","-6.90","64","746","995","","","","1.30","","SSE","Небольшая облачность","2025-12-29 23:05"
"-3.00","","-6.90","64","746","995","","","","1.30","","SSE","Небольшая облачность","2025-12-29 23:06"
"-3.00","","-7.00","64","745","994","","","","1.50","","SSE","Небольшая облачность","2025-12-29 23:07"
"-3.10","","-7.10","64","745","994","","","","1.50","","SSE","Небольшая облачность","2025-12-29 23:08"
"-3.10","","-7.10","64","745","994","","","","1.50","","SSE","Небольшая облачность","2025-12-29 23:09"
"-3.10","","-7.20","64","745","994","","","","0.60","","SSE","Небольшая облачность","2025-12-29 23:10"
"-3.10","","-7.20","64","745","994","","","","1.30","","SSE","Небольшая облачность","2025-12-29 23:11"
"-3.10","","-7.00","64","745","994","","","","1.30","","SSE","Небольшая облачность","2025-12-29 23:12"
"-3.10","","-7.00","64","745","994","","","","1.00","","SSE","Небольшая облачность","2025-12-29 23:13"
"-3.10","","-6.80","64","745","994","","","","1.00","","SSE","Небольшая облачность","2025-12-29 23:14"
"-3.00","","-6.70","64","745","994","","","","1.00","","SSE","Небольшая облачность","2025-12-29 23:15"
"-3.00","","-6.80","65","745","994","","","","1.20","","SSE","Небольшая облачность","2025-12-29 23:16"
"-3.00","","-6.80","65","745","994","","","","1.20","","SSE","Небольшая облачность","2025-12-29 23:17"
"-3.00","","-7.00","65","745","994","","","","1.50","","SSE","Небольшая облачность","2025-12-29 23:18"
"-3.00","","-7.00","65","745","994","","","","1.70","","SSE","Небольшая облачность","2025-12-29 23:19"
"-3.00","","-7.00","65","745","994","","","","1.50","","SSE","Небольшая облачность","2025-12-29 23:20"
"-3.00","","-7.00","65","745","994","","","","1.50","","SSE","Небольшая облачность","2025-12-29 23:21"
"-3.00","","-6.40","65","746","995","","","","0.70","","SSE","Небольшая облачность","2025-12-29 23:22"
"-3.00","","-6.40","65","746","995","","","","0.60","","SSE","Небольшая облачность","2025-12-29 23:23"
"-3.00","","-6.40","65","746","995","","","","0.60","","SSE","Небольшая облачность","2025-12-29 23:24"
"-3.00","","-6.40","65","746","995","","","","1.20","","SSE","Небольшая облачность","2025-12-29 23:25"
"-3.00","","-6.40","65","746","995","","","","1.20","","SSE","Небольшая облачность","2025-12-29 23:26"
"-3.00","","-8.20","65","746","995","","","","3.20","","SSE","Небольшая облачность","2025-12-29 23:27"
"-3.00","","-7.00","65","746","995","","","","1.50","","SSE","Небольшая облачность","2025-12-29 23:28"
"-3.00","","-7.00","65","746","995","","","","2.60","","SSE","Небольшая облачность","2025-12-29 23:29"
"-3.00","","-7.80","65","746","995","","","","2.40","","SSE","Небольшая облачность","2025-12-29 23:30"
"-3.10","","-7.60","65","746","995","","","","2.20","","SSE","Небольшая облачность","2025-12-29 23:31"
"-3.10","","-7.60","64","746","995","","","","2.20","","SSE","Небольшая облачность","2025-12-29 23:32"
"-3.10","","-7.60","64","746","995","","","","2.40","","SSE","Небольшая облачность","2025-12-29 23:33"
"-3.10","","-6.80","65","746","995","","","","1.00","","SSE","Небольшая облачность","2025-12-29 23:34"
"-3.10","","-7.50","64","746","995","","","","2.10","","SSE","Небольшая облачность","2025-12-29 23:35"
"-3.10","","-7.50","64","745","994","","","","1.60","","SSE","Облачно","2025-12-29 23:36"
"-3.10","","-7.20","64","745","994","","","","2.10","","SSE","Облачно","2025-12-29 23:37"
"-3.10","","-7.50","64","745","994","","","","2.10","","SSE","Облачно","2025-12-29 23:38"
"-3.10","","-7.10","64","745","994","","","","1.50","","SSE","Облачно","2025-12-29 23:39"
"-3.10","","-7.10","64","745","994","","","","1.50","","SSE","Облачно","2025-12-29 23:40"
"-3.10","","-7.10","64","745","994","","","","1.40","","SSE","Небольшая облачность","2025-12-29 23:41"
"-3.10","","-7.20","64","745","994","","","","1.60","","SSE","Небольшая облачность","2025-12-29 23:42"
"-3.10","","-7.20","64","745","994","","","","1.60","","SSE","Небольшая облачность","2025-12-29 23:43"
"-3.10","","-7.20","64","745","994","","","","1.60","","SSE","Небольшая облачность","2025-12-29 23:44"
"-3.10","","-7.20","64","745","994","","","","1.60","","SSE","Небольшая облачность","2025-12-29 23:45"
"-3.20","","-7.30","64","745","994","","","","1.60","","SSE","Небольшая облачность","2025-12-29 23:46"
"-3.20","","-7.30","64","745","994","","","","1.60","","SSE","Небольшая облачность","2025-12-29 23:47"
"-3.20","","-7.30","64","745","994","","","","1.60","","SSE","Небольшая облачность","2025-12-29 23:48"
"-3.20","","-8.00","64","745","994","","","","1.00","","SSE","Небольшая облачность","2025-12-29 23:49"
"-3.20","","-8.00","64","745","994","","","","1.00","","SSE","Небольшая облачность","2025-12-29 23:50"
"-3.20","","-8.10","64","745","994","","","","3.10","","SSE","Небольшая облачность","2025-12-29 23:51"
"-3.30","","-8.50","64","745","994","","","","3.10","","SSE","Небольшая облачность","2025-12-29 23:52"
"-3.30","","-8.50","64","745","994","","","","1.90","","SSE","Небольшая облачность","2025-12-29 23:53"
"-3.30","","-7.60","64","745","994","","","","1.90","","SSE","Небольшая облачность","2025-12-29 23:54"
"-3.30","","-7.60","64","745","994","","","","1.90","","SSE","Небольшая облачность","2025-12-29 23:55"
"-3.30","","-7.60","64","745","994","","","","1.90","","SSE","Небольшая облачность","2025-12-29 23:56"
"-3.30","","-8.70","64","745","994","","","","3.50","","SSE","Небольшая облачность","2025-12-29 23:57"
"-3.30","","-8.70","64","745","994","","","","1.60","","SSE","Небольшая облачность","2025-12-29 23:58"
"-3.30","","-7.40","64","745","994","","","","1.60","","SSE","Небольшая облачность","2025-12-29 23:59"