"Temp","Temp Water","Temp Feels Like","Humidity","Pressure Mm","Pressure Hpa","Precip Mm","Precip Type","Precip Intensity","Wind Speed Ms","Wind Gust Speed Ms","Wind Dir","Condition","Created At"
"4.10","","0.80","72","767","1023","","","","1.80","","SW","Облачно","2025-11-30 00:00"
"4.00","","0.70","72","767","1023","","","","1.80","","SW","Облачно","2025-11-30 00:01"
"4.00","","0.70","72","767","1023","","","","1.80","","SW","Облачно","2025-11-30 00:02"
"4.00","","0.70","72","767","1023","","","","1.80","","SW","Облачно","2025-11-30 00:03"
"4.00","","0.70","72","767","1023","","","","1.80","","SW","Облачно","2025-11-30 00:04"
"4.00","","0.70","72","767","1023","","","","1.80","","SW","Облачно","2025-11-30 00:05"
"4.00","","0.70","72","767","1023","","","","1.80","","SW","Небольшая облачность","2025-11-30 00:06"
"4.00","","0.70","72","767","1023","","","","1.80","","SW","Небольшая облачность","2025-11-30 00:07"
"4.00","","0.70","72","767","1023","","","","1.80","","SW","Небольшая облачность","2025-11-30 00:08"
"4.00","","0.70","72","767","1023","","","","1.80","","SW","Небольшая облачность","2025-11-30 00:09"
"4.00","","0.70","72","767","1023","","","","1.80","","SW","Небольшая облачность","2025-11-30 00:10"
"4.00","","0.70","72","767","1023","","","","1.80","","SW","Небольшая облачность","2025-11-30 00:11"
"4.00","","0.70","72","767","1023","","","","1.80","","SW","Небольшая облачность","2025-11-30 00:12"
"4.00","","0.70","72","767","1023","","","","1.80","","SW","Небольшая облачность","2025-11-30 00:13"
"4.00","","0.70","72","767","1023","","","","1.80","","SW","Небольшая облачность","2025-11-30 00:14"
"4.00","","0.70","72","767","1023","","","","1.80","","SW","Небольшая облачность","2025-11-30 00:15"
"4.00","","0.70","72","767","1023","","","","1.80","","SW","Небольшая облачность","2025-11-30 00:16"
"4.00","","0.70","72","767","1023","","","","1.80","","SW","Небольшая облачность","2025-11-30 00:17"
"3.90","","0.60","72","767","1023","","","","1.80","","SW","Небольшая облачность","2025-11-30 00:18"
"3.90","","0.60","72","767","1023","","","","1.80","","SW","Небольшая облачность","2025-11-30 00:19"
"3.90","","0.60","72","767","1023","","","","1.80","","SW","Небольшая облачность","2025-11-30 00:20"
"3.90","","0.60","72","766","1022","","","","1.80","","SW","Небольшая облачность","2025-11-30 00:21"
"3.90","","0.60","72","766","1022","","","","1.80","","SW","Небольшая облачность","2025-11-30 00:22"
"3.90","","0.60","72","766","1022","","","","1.80","","SW","Небольшая облачность","2025-11-30 00:23"
"3.90","","0.60","72","766","1022","","","","1.80","","SW","Небольшая облачность","2025-11-30 00:24"
"3.90","","0.60","73","766","1022","","","","1.80","","SW","Небольшая облачность","2025-11-30 00:25"
"3.90","","0.60","73","766","1022","","","","1.80","","SW","Небольшая облачность","2025-11-30 00:26"
"3.90","","0.60","73","766","1022","","","","1.80","","SW","Небольшая облачность","2025-11-30 00:27"
"3.90","","0.60","73","766","1022","","","","1.80","","SW","Небольшая облачность","2025-11-30 00:28"
"3.80","","0.50","73","766","1022","","","","1.80","","SW","Небольшая облачность","2025-11-30 00:29"
"3.80","","0.50","73","766","1022","","","","1.80","","SW","Небольшая облачность","2025-11-30 00:30"
"3.80","","0.50","73","766","1022","","","","1.80","","SW","Небольшая облачность","2025-11-30 00:31"
"3.80","","0.50","73","766","1022","","","","1.80","","SW","Небольшая облачность","2025-11-30 00:32"
"3.80","","0.50","73","766","1022","","","","1.80","","SW","Небольшая облачность","2025-11-30 00:33"
"3.80","","0.50","73","766","1022","","","","1.80","","SW","Небольшая облачность","2025-11-30 00:34"
"3.80","","0.50","73","766","1022","","","","1.80","","SW","Небольшая облачность","2025-11-30 00:35"
"3.80","","0.50","73","767","1023","","","","1.80","","SW","Небольшая облачность","2025-11-30 00:36"
"3.80","","0.50","73","767","1023","","","","1.80","","SW","Небольшая облачность","2025-11-30 00:37"
"3.80","","0.50","73","767","1023","","","","1.80","","SW","Небольшая облачность","2025-11-30 00:38"
"3.80","","0.50","73","767","1023","","","","1.80","","SW","Небольшая облачность","2025-11-30 00:39"
"3.80","","0.50","73","767","1023","","","","1.80","","SW","Небольшая облачность","2025-11-30 00:40"
"3.80","","0.50","73","767","1023","","","","1.80","","SW","Небольшая облачность","2025-11-30 00:41"
"3.80","","0.50","73","767","1023","","","","1.80","","SW","Небольшая облачность","2025-11-30 00:42"
"3.80","","0.50","73","767","1023","","","","1.80","","SW","Небольшая облачность","2025-11-30 00:43"
"3.80","","0.50","73","767","1023","","","","1.80","","SW","Небольшая облачность","2025-11-30 00:44"
"3.80","","0.50","73","767","1023","","","","1.80","","SW","Небольшая облачность","2025-11-30 00:45"
"3.80","","0.50","74","767","1023","","","","1.80","","SW","Переменная облачность","2025-11-30 00:46"
"3.80","","0.50","74","767","1023","","","","1.80","","SW","Переменная облачность","2025-11-30 00:47"
"3.80","","0.50","74","767","1023","","","","1.80","","SW","Переменная облачность","2025-11-30 00:48"
"3.80","","0.50","74","767","1023","","","","1.80","","SW","Переменная облачность","2025-11-30 00:49"
"3.80","","0.50","74","767","1023","","","","1.80","","SW","Переменная облачность","2025-11-30 00:50"
"3.80","","0.50","74","767","1023","","","","1.80","","SW","Переменная облачность","2025-11-30 00:51"
"3.80","","0.50","74","768","1024","","","","1.80","","SW","Переменная облачность","2025-11-30 00:52"
"3.80","","0.50","74","768","1024","","","","1.80","","SW","Переменная облачность","2025-11-30 00:53"
"3.80","","0.50","74","768","1024","","","","1.80","","SW","Переменная облачность","2025-11-30 00:54"
"3.80","","0.50","74","768","1024","","","","1.80","","SW","Переменная облачность","2025-11-30 00:55"
"3.70","","0.40","74","768","1024","","","","1.80","","SW","Переменная облачность","2025-11-30 00:56"
"3.70","","0.40","74","768","1024","","","","1.80","","SW","Переменная облачность","2025-11-30 00:57"
"3.70","","0.40","74","768","1024","","","","1.80","","SW","Переменная облачность","2025-11-30 00:58"
"3.70","","0.40","74","768","1024","","","","1.80","","SW","Переменная облачность","2025-11-30 00:59"
"3.70","","0.40","74","768","1024","","","","1.80","","SW","Переменная облачность","2025-11-30 01:00"
"3.70","","0.40","74","768","1024","","","","1.80","","SW","Переменная облачность","2025-11-30 01:01"
"3.70","","0.40","74","768","1024","","","","1.80","","SW","Переменная облачность","2025-11-30 01:02"
"3.70","","0.40","75","768","1024","","","","1.80","","SW","Переменная облачность","2025-11-30 01:03"
"3.70","","0.40","75","768","1024","","","","1.80","","SW","Переменная облачность","2025-11-30 01:04"
"3.70","","0.40","75","768","1024","","","","1.80","","SW","Переменная облачность","2025-11-30 01:05"
"3.70","","0.40","75","768","1024","","","","1.80","","SW","Переменная облачность","2025-11-30 01:06"
"3.70","","0.40","75","768","1024","","","","1.80","","SW","Переменная облачность","2025-11-30 01:07"
"3.70","","0.40","75","768","1024","","","","1.80","","SW","Переменная облачность","2025-11-30 01:08"
"3.60","","0.30","75","768","1024","","","","1.80","","SW","Переменная облачность","2025-11-30 01:09"
"3.60","","0.30","75","768","1024","","","","1.80","","SW","Переменная облачность","2025-11-30 01:10"
"3.60","","0.30","75","768","1024","","","","1.80","","SW","Переменная облачность","2025-11-30 01:11"
"3.60","","0.30","75","768","1024","","","","1.80","","SW","Переменная облачность","2025-11-30 01:12"
"3.60","","0.30","75","768","1024","","","","1.80","","SW","Переменная облачность","2025-11-30 01:13"
"3.60","","0.30","75","768","1024","","","","1.80","","SW","Переменная облачность","2025-11-30 01:14"
"3.60","","0.30","75","768","1024","","","","1.80","","SW","Переменная облачность","2025-11-30 01:15"
"3.60","","0.30","75","768","1024","","","","1.80","","SW","Переменная облачность","2025-11-30 01:16"
"3.60","","0.30","75","768","1024","","","","1.80","","SW","Переменная облачность","2025-11-30 01:17"
"3.60","","0.30","75","768","1024","","","","1.80","","SW","Переменная облачность","2025-11-30 01:18"
"3.60","","0.30","75","768","1024","","","","1.80","","SW","Переменная облачность","2025-11-30 01:19"
"3.60","","0.30","76","768","1024","","","","1.80","","SW","Переменная облачность","2025-11-30 01:20"
"3.60","","0.30","76","767","1023","","","","1.80","","SW","Переменная облачность","2025-11-30 01:21"
"3.60","","0.30","76","767","1023","","","","1.80","","SW","Переменная облачность","2025-11-30 01:22"
"3.60","","0.30","76","767","1023","","","","1.80","","SW","Переменная облачность","2025-11-30 01:23"
"3.60","","0.30","76","767","1023","","","","1.80","","SW","Переменная облачность","2025-11-30 01:24"
"3.60","","0.30","76","767","1023","","","","1.80","","SW","Переменная облачность","2025-11-30 01:25"
"3.60","","0.30","76","767","1023","","","","1.80","","SW","Переменная облачность","2025-11-30 01:26"
"3.60","","0.30","76","767","1023","","","","1.80","","SW","Переменная облачность","2025-11-30 01:27"
"3.60","","0.30","76","767","1023","","","","1.80","","SW","Переменная облачность","2025-11-30 01:28"
"3.60","","0.30","76","767","1023","","","","1.80","","SW","Переменная облачность","2025-11-30 01:29"
"3.60","","0.30","76","767","1023","","","","1.80","","SW","Переменная облачность","2025-11-30 01:30"
"3.50","","0.20","76","767","1023","","","","1.80","","SW","Переменная облачность","2025-11-30 01:31"
"3.50","","0.20","76","767","1023","","","","1.80","","SW","Переменная облачность","2025-11-30 01:32"
"3.50","","0.20","76","767","1023","","","","1.80","","SW","Переменная облачность","2025-11-30 01:33"
"3.50","","0.20","76","767","1023","","","","1.80","","SW","Переменная облачность","2025-11-30 01:34"
"3.50","","0.20","76","767","1023","","","","1.80","","SW","Переменная облачность","2025-11-30 01:35"
"3.50","","0.20","76","767","1023","","","","1.80","","SW","Переменная облачность","2025-11-30 01:36"
"3.50","","0.20","76","767","1023","","","","1.80","","SW","Переменная облачность","2025-11-30 01:37"
"3.50","","0.20","77","767","1023","","","","1.80","","SW","Переменная облачность","2025-11-30 01:38"
"3.60","","0.30","77","767","1023","","","","1.80","","SW","Переменная облачность","2025-11-30 01:39"
"3.60","","0.30","77","767","1023","","","","1.80","","SW","Переменная облачность","2025-11-30 01:40"
"3.60","","0.30","77","767","1023","","","","1.80","","SW","Переменная облачность","2025-11-30 01:41"
"3.60","","0.30","77","767","1023","","","","1.80","","SW","Переменная облачность","2025-11-30 01:42"
"3.60","","0.30","77","767","1023","","","","1.80","","SW","Переменная облачность","2025-11-30 01:43"
"3.50","","0.20","77","767","1023","","","","1.80","","SW","Переменная облачность","2025-11-30 01:44"
"3.50","","0.20","77","767","1023","","","","1.80","","SW","Переменная облачность","2025-11-30 01:45"
"3.50","","0.20","77","767","1023","","","","1.80","","SW","Переменная облачность","2025-11-30 01:46"
"3.50","","0.20","77","767","1023","","","","1.80","","SW","Переменная облачность","2025-11-30 01:47"
"3.50","","0.20","77","767","1023","","","","1.80","","SW","Переменная облачность","2025-11-30 01:48"
"3.50","","0.20","77","767","1023","","","","1.80","","SW","Переменная облачность","2025-11-30 01:49"
"3.50","","0.20","77","767","1023","","","","1.80","","SW","Переменная облачность","2025-11-30 01:50"
"3.50","","0.20","77","767","1023","","","","1.80","","SW","Переменная облачность","2025-11-30 01:51"
"3.50","","0.20","77","767","1023","","","","1.80","","SW","Переменная облачность","2025-11-30 01:52"
"3.60","","0.30","77","767","1023","","","","1.80","","SW","Переменная облачность","2025-11-30 01:53"
"3.60","","0.30","77","767","1023","","","","1.80","","SW","Переменная облачность","2025-11-30 01:54"
"3.50","","0.20","77","767","1023","","","","1.80","","SW","Переменная облачность","2025-11-30 01:55"
"3.50","","0.20","77","767","1023","","","","1.80","","SW","Переменная облачность","2025-11-30 01:56"
"3.50","","0.20","77","767","1023","","","","1.80","","SW","Переменная облачность","2025-11-30 01:57"
"3.50","","0.30","78","767","1023","","","","1.80","","SW","Переменная облачность","2025-11-30 01:58"
"3.50","","0.30","78","767","1023","","","","1.80","","SW","Переменная облачность","2025-11-30 01:59"
"3.50","","0.30","78","767","1023","","","","1.80","","SW","Переменная облачность","2025-11-30 02:00"
"3.50","","0.30","78","767","1023","","","","1.80","","SW","Переменная облачность","2025-11-30 02:01"
"3.50","","0.30","78","767","1023","","","","1.80","","SW","Переменная облачность","2025-11-30 02:02"
"3.50","","0.30","78","767","1023","","","","1.80","","SW","Переменная облачность","2025-11-30 02:03"
"3.50","","0.30","78","767","1023","","","","1.80","","SW","Переменная облачность","2025-11-30 02:04"
"3.40","","0.10","78","767","1023","","","","1.80","","SW","Переменная облачность","2025-11-30 02:05"
"3.40","","0.10","78","767","1023","","","","1.80","","SW","Переменная облачность","2025-11-30 02:06"
"3.40","","0.10","78","767","1023","","","","1.80","","SW","Переменная облачность","2025-11-30 02:07"
"3.40","","0.10","78","767","1023","","","","1.80","","SW","Переменная облачность","2025-11-30 02:08"
"3.40","","0.10","78","767","1023","","","","1.80","","SW","Переменная облачность","2025-11-30 02:09"
"3.40","","0.10","78","767","1023","","","","1.80","","SW","Переменная облачность","2025-11-30 02:10"
"3.40","","0.10","78","767","1023","","","","1.80","","SW","Переменная облачность","2025-11-30 02:11"
"3.40","","0.10","78","767","1023","","","","1.80","","SW","Переменная облачность","2025-11-30 02:12"
"3.50","","0.30","78","767","1023","","","","1.80","","SW","Переменная облачность","2025-11-30 02:13"
"3.50","","0.30","78","767","1023","","","","1.80","","SW","Переменная облачность","2025-11-30 02:14"
"3.50","","0.30","78","767","1023","","","","1.80","","SW","Переменная облачность","2025-11-30 02:15"
"3.50","","0.30","78","767","1023","","","","1.80","","SW","Переменная облачность","2025-11-30 02:16"
"3.50","","0.30","78","767","1023","","","","1.80","","SW","Переменная облачность","2025-11-30 02:17"
"3.50","","0.30","78","767","1023","","","","1.80","","SW","Переменная облачность","2025-11-30 02:18"
"3.50","","0.30","78","767","1023","","","","1.80","","SW","Переменная облачность","2025-11-30 02:19"
"3.50","","0.30","78","767","1023","","","","1.80","","SW","Переменная облачность","2025-11-30 02:20"
"3.50","","0.30","78","768","1024","","","","1.80","","SW","Переменная облачность","2025-11-30 02:21"
"3.40","","0.20","79","768","1024","","","","1.80","","SW","Переменная облачность","2025-11-30 02:22"
"3.40","","0.20","79","768","1024","","","","1.80","","SW","Переменная облачность","2025-11-30 02:23"
"3.50","","0.30","79","768","1024","","","","1.80","","SW","Переменная облачность","2025-11-30 02:24"
"3.50","","0.30","79","768","1024","","","","1.80","","SW","Переменная облачность","2025-11-30 02:25"
"3.50","","0.30","79","768","1024","","","","1.80","","SW","Переменная облачность","2025-11-30 02:26"
"3.50","","0.30","79","768","1024","","","","1.80","","SW","Переменная облачность","2025-11-30 02:27"
"3.50","","0.30","80","768","1024","","","","1.80","","SW","Переменная облачность","2025-11-30 02:28"
"3.50","","0.30","79","768","1024","","","","1.80","","SW","Переменная облачность","2025-11-30 02:29"
"3.50","","0.30","79","768","1024","","","","1.80","","SW","Переменная облачность","2025-11-30 02:30"
"3.50","","0.30","79","768","1024","","","","1.80","","SW","Переменная облачность","2025-11-30 02:31"
"3.50","","0.30","79","768","1024","","","","1.80","","SW","Переменная облачность","2025-11-30 02:32"
"3.50","","0.30","79","768","1024","","","","1.80","","SW","Переменная облачность","2025-11-30 02:33"
"3.50","","0.30","80","768","1024","","","","1.80","","SW","Переменная облачность","2025-11-30 02:34"
"3.50","","0.30","80","768","1024","","","","1.80","","SW","Переменная облачность","2025-11-30 02:35"
"3.50","","0.30","80","768","1024","","","","1.80","","SW","Переменная облачность","2025-11-30 02:36"
"3.50","","0.30","80","768","1024","","","","1.80","","SW","Переменная облачность","2025-11-30 02:37"
"3.50","","0.30","80","768","1024","","","","1.80","","SW","Переменная облачность","2025-11-30 02:38"
"3.50","","0.30","80","768","1024","","","","1.80","","SW","Переменная облачность","2025-11-30 02:39"
"3.50","","0.30","80","768","1024","","","","1.80","","SW","Переменная облачность","2025-11-30 02:40"
"3.50","","0.30","80","768","1024","","","","1.80","","SW","Переменная облачность","2025-11-30 02:41"
"3.50","","0.30","80","768","1024","","","","1.80","","SW","Переменная облачность","2025-11-30 02:42"
"3.50","","0.30","80","768","1024","","","","1.80","","SW","Переменная облачность","2025-11-30 02:43"
"3.50","","0.30","80","768","1024","","","","1.80","","SW","Переменная облачность","2025-11-30 02:44"
"3.50","","0.30","80","768","1024","","","","1.80","","SW","Переменная облачность","2025-11-30 02:45"
"3.50","","0.30","80","768","1024","","","","1.80","","SW","Переменная облачность","2025-11-30 02:46"
"3.50","","0.30","80","768","1024","","","","1.80","","SW","Переменная облачность","2025-11-30 02:47"
"3.50","","0.30","80","768","1024","","","","1.80","","SW","Переменная облачность","2025-11-30 02:48"
"3.50","","0.30","80","768","1024","","","","1.80","","SW","Переменная облачность","2025-11-30 02:49"
"3.50","","0.30","80","768","1024","","","","1.80","","SW","Переменная облачность","2025-11-30 02:50"
"3.50","","0.30","80","767","1023","","","","1.80","","SW","Переменная облачность","2025-11-30 02:51"
"3.50","","0.30","80","767","1023","","","","1.80","","SW","Переменная облачность","2025-11-30 02:52"
"3.50","","0.30","80","767","1023","","","","1.80","","SW","Переменная облачность","2025-11-30 02:53"
"3.50","","0.30","80","767","1023","","","","1.80","","SW","Переменная облачность","2025-11-30 02:54"
"3.50","","0.30","80","767","1023","","","","1.80","","SW","Переменная облачность","2025-11-30 02:55"
"3.50","","0.30","80","767","1023","","","","1.80","","SW","Переменная облачность","2025-11-30 02:56"
"3.50","","0.30","80","767","1023","","","","1.80","","SW","Переменная облачность","2025-11-30 02:57"
"3.50","","0.30","80","767","1023","","","","1.80","","SW","Переменная облачность","2025-11-30 02:58"
"3.50","","0.30","81","767","1023","","","","1.80","","SW","Переменная облачность","2025-11-30 02:59"
"3.50","","0.30","81","767","1023","","","","1.80","","SW","Переменная облачность","2025-11-30 03:00"
"3.50","","0.30","81","767","1023","","","","1.80","","SW","Небольшая облачность","2025-11-30 03:01"
"3.50","","0.30","81","767","1023","","","","1.80","","SW","Небольшая облачность","2025-11-30 03:02"
"3.50","","0.30","81","767","1023","","","","1.80","","SW","Небольшая облачность","2025-11-30 03:03"
"3.50","","0.30","80","767","1023","","","","1.80","","SW","Небольшая облачность","2025-11-30 03:04"
"3.50","","0.30","80","767","1023","","","","1.80","","SW","Небольшая облачность","2025-11-30 03:05"
"3.50","","0.30","80","768","1024","","","","1.80","","SW","Небольшая облачность","2025-11-30 03:06"
"3.50","","0.30","80","768","1024","","","","1.80","","SW","Небольшая облачность","2025-11-30 03:07"
"3.50","","0.30","80","768","1024","","","","1.80","","SW","Небольшая облачность","2025-11-30 03:08"
"3.50","","0.30","80","768","1024","","","","1.80","","SW","Небольшая облачность","2025-11-30 03:09"
"3.50","","0.30","80","768","1024","","","","1.80","","SW","Небольшая облачность","2025-11-30 03:10"
"3.50","","0.30","80","768","1024","","","","1.80","","SW","Небольшая облачность","2025-11-30 03:11"
"3.50","","0.30","80","768","1024","","","","1.80","","SW","Небольшая облачность","2025-11-30 03:12"
"3.50","","0.30","80","768","1024","","","","1.80","","SW","Небольшая облачность","2025-11-30 03:13"
"3.50","","0.30","80","768","1024","","","","1.80","","SW","Небольшая облачность","2025-11-30 03:14"
"3.50","","0.30","80","768","1024","","","","1.80","","SW","Небольшая облачность","2025-11-30 03:15"
"3.50","","0.30","80","768","1024","","","","1.80","","SW","Небольшая облачность","2025-11-30 03:16"
"3.50","","0.30","80","768","1024","","","","1.80","","SW","Небольшая облачность","2025-11-30 03:17"
"3.50","","0.30","80","768","1024","","","","1.80","","SW","Небольшая облачность","2025-11-30 03:18"
"3.50","","0.30","80","768","1024","","","","1.80","","SW","Небольшая облачность","2025-11-30 03:19"
"3.50","","0.30","80","768","1024","","","","1.80","","SW","Небольшая облачность","2025-11-30 03:20"
"3.50","","0.30","80","768","1024","","","","1.80","","SW","Небольшая облачность","2025-11-30 03:21"
"3.50","","0.30","80","768","1024","","","","1.80","","SW","Небольшая облачность","2025-11-30 03:22"
"3.50","","0.30","80","768","1024","","","","1.80","","SW","Небольшая облачность","2025-11-30 03:23"
"3.50","","0.30","80","768","1024","","","","1.80","","SW","Небольшая облачность","2025-11-30 03:24"
"3.50","","0.30","80","768","1024","","","","1.80","","SW","Небольшая облачность","2025-11-30 03:25"
"3.50","","0.30","80","768","1024","","","","1.80","","SW","Небольшая облачность","2025-11-30 03:26"
"3.50","","0.30","80","768","1024","","","","1.80","","SW","Небольшая облачность","2025-11-30 03:27"
"3.50","","0.30","80","768","1024","","","","1.80","","SW","Небольшая облачность","2025-11-30 03:28"
"3.40","","0.20","81","768","1024","","","","1.80","","SW","Небольшая облачность","2025-11-30 03:29"
"3.40","","0.20","80","768","1024","","","","1.80","","SW","Небольшая облачность","2025-11-30 03:30"
"3.40","","0.20","80","768","1024","","","","1.80","","SW","Небольшая облачность","2025-11-30 03:31"
"3.40","","0.20","80","768","1024","","","","1.80","","SW","Небольшая облачность","2025-11-30 03:32"
"3.40","","0.20","80","768","1024","","","","1.80","","SW","Небольшая облачность","2025-11-30 03:33"
"3.40","","0.20","80","768","1024","","","","1.80","","SW","Небольшая облачность","2025-11-30 03:34"
"3.40","","0.20","80","768","1024","","","","1.80","","SW","Небольшая облачность","2025-11-30 03:35"
"3.40","","0.20","80","768","1024","","","","1.80","","SW","Небольшая облачность","2025-11-30 03:36"
"3.30","","0.10","80","768","1024","","","","1.80","","SW","Небольшая облачность","2025-11-30 03:37"
"3.30","","0.10","80","768","1024","","","","1.80","","SW","Небольшая облачность","2025-11-30 03:38"
"3.40","","0.20","80","768","1024","","","","1.80","","SW","Небольшая облачность","2025-11-30 03:39"
"3.40","","0.20","80","768","1024","","","","1.80","","SW","Небольшая облачность","2025-11-30 03:40"
"3.40","","0.20","80","768","1024","","","","1.80","","SW","Небольшая облачность","2025-11-30 03:41"
"3.40","","0.20","80","768","1024","","","","1.80","","SW","Небольшая облачность","2025-11-30 03:42"
"3.40","","0.20","80","768","1024","","","","1.80","","SW","Небольшая облачность","2025-11-30 03:43"
"3.40","","0.20","80","768","1024","","","","1.80","","SW","Небольшая облачность","2025-11-30 03:44"
"3.40","","0.20","80","768","1024","","","","1.80","","SW","Небольшая облачность","2025-11-30 03:45"
"3.40","","0.20","80","768","1024","","","","1.80","","SW","Небольшая облачность","2025-11-30 03:46"
"3.40","","0.20","80","768","1024","","","","1.80","","SW","Небольшая облачность","2025-11-30 03:47"
"3.40","","0.20","80","768","1024","","","","1.80","","SW","Небольшая облачность","2025-11-30 03:48"
"3.40","","0.20","80","768","1024","","","","1.80","","SW","Небольшая облачность","2025-11-30 03:49"
"3.30","","0.10","80","768","1024","","","","1.80","","SW","Небольшая облачность","2025-11-30 03:50"
"3.30","","0.10","80","767","1023","","","","1.80","","SW","Небольшая облачность","2025-11-30 03:51"
"3.30","","0.10","80","767","1023","","","","1.80","","SW","Небольшая облачность","2025-11-30 03:52"
"3.30","","0.10","80","767","1023","","","","1.80","","SW","Небольшая облачность","2025-11-30 03:53"
"3.30","","0.10","80","767","1023","","","","1.80","","SW","Небольшая облачность","2025-11-30 03:54"
"3.30","","0.10","80","767","1023","","","","1.80","","SW","Небольшая облачность","2025-11-30 03:55"
"3.30","","0.10","80","767","1023","","","","1.80","","SW","Небольшая облачность","2025-11-30 03:56"
"3.30","","0.10","80","767","1023","","","","1.80","","SW","Небольшая облачность","2025-11-30 03:57"
"3.30","","0.10","80","767","1023","","","","1.80","","SW","Небольшая облачность","2025-11-30 03:58"
"3.30","","0.10","80","767","1023","","","","1.80","","SW","Небольшая облачность","2025-11-30 03:59"
"3.30","","0.10","80","767","1023","","","","1.80","","SW","Небольшая облачность","2025-11-30 04:00"
"3.30","","0.10","80","767","1023","","","","1.80","","SW","Небольшая облачность","2025-11-30 04:01"
"3.30","","0.10","80","767","1023","","","","1.80","","SW","Небольшая облачность","2025-11-30 04:02"
"3.30","","0.10","79","767","1023","","","","1.80","","SW","Небольшая облачность","2025-11-30 04:03"
"3.30","","0.10","80","767","1023","","","","1.80","","SW","Небольшая облачность","2025-11-30 04:04"
"3.30","","0.10","80","767","1023","","","","1.80","","SW","Небольшая облачность","2025-11-30 04:05"
"3.30","","0.10","80","767","1023","","","","1.80","","SW","Небольшая облачность","2025-11-30 04:06"
"3.30","","0.10","80","768","1024","","","","1.80","","SW","Небольшая облачность","2025-11-30 04:07"
"3.30","","0.10","80","768","1024","","","","1.80","","SW","Небольшая облачность","2025-11-30 04:08"
"3.30","","0.10","80","768","1024","","","","1.80","","SW","Небольшая облачность","2025-11-30 04:09"
"3.30","","0.10","80","768","1024","","","","1.80","","SW","Небольшая облачность","2025-11-30 04:10"
"3.30","","0.10","80","768","1024","","","","1.80","","SW","Небольшая облачность","2025-11-30 04:11"
"3.30","","0.10","80","768","1024","","","","1.80","","SW","Небольшая облачность","2025-11-30 04:12"
"3.30","","0.10","79","768","1024","","","","1.80","","SW","Небольшая облачность","2025-11-30 04:13"
"3.30","","0.10","79","768","1024","","","","1.80","","SW","Небольшая облачность","2025-11-30 04:14"
"3.30","","0.10","79","768","1024","","","","1.80","","SW","Небольшая облачность","2025-11-30 04:15"
"3.30","","0.10","79","768","1024","","","","1.80","","SW","Небольшая облачность","2025-11-30 04:16"
"3.30","","0.10","79","768","1024","","","","1.80","","SW","Небольшая облачность","2025-11-30 04:17"
"3.30","","0.10","79","768","1024","","","","1.80","","SW","Небольшая облачность","2025-11-30 04:18"
"3.30","","0.10","79","768","1024","","","","1.80","","SW","Небольшая облачность","2025-11-30 04:19"
"3.30","","0.10","79","768","1024","","","","1.80","","SW","Небольшая облачность","2025-11-30 04:20"
"3.30","","0.10","79","767","1023","","","","1.80","","SW","Небольшая облачность","2025-11-30 04:21"
"3.30","","0.10","79","767","1023","","","","1.80","","SW","Небольшая облачность","2025-11-30 04:22"
"3.20","","-0.10","79","767","1023","","","","1.80","","SW","Небольшая облачность","2025-11-30 04:23"
"3.30","","0.10","79","767","1023","","","","1.80","","SW","Небольшая облачность","2025-11-30 04:24"
"3.30","","0.10","79","767","1023","","","","1.80","","SW","Небольшая облачность","2025-11-30 04:25"
"3.20","","-0.10","79","767","1023","","","","1.80","","SW","Небольшая облачность","2025-11-30 04:26"
"3.20","","-0.10","79","767","1023","","","","1.80","","SW","Небольшая облачность","2025-11-30 04:27"
"3.20","","-0.10","79","767","1023","","","","1.80","","SW","Небольшая облачность","2025-11-30 04:28"
"3.20","","-0.10","79","767","1023","","","","1.80","","SW","Небольшая облачность","2025-11-30 04:29"
"3.20","","-0.10","79","767","1023","","","","1.80","","SW","Небольшая облачность","2025-11-30 04:30"
"3.20","","-0.10","79","767","1023","","","","1.80","","SW","Небольшая облачность","2025-11-30 04:31"
"3.20","","-0.10","79","767","1023","","","","1.80","","SW","Небольшая облачность","2025-11-30 04:32"
"3.20","","-0.10","79","767","1023","","","","1.80","","SW","Небольшая облачность","2025-11-30 04:33"
"3.20","","-0.10","79","767","1023","","","","1.80","","SW","Небольшая облачность","2025-11-30 04:34"
"3.20","","-0.10","79","767","1023","","","","1.80","","SW","Небольшая облачность","2025-11-30 04:35"
"3.20","","-0.10","79","768","1024","","","","1.80","","SW","Небольшая облачность","2025-11-30 04:36"
"3.20","","-0.10","79","768","1024","","","","1.80","","SW","Небольшая облачность","2025-11-30 04:37"
"3.20","","-0.10","78","768","1024","","","","1.80","","SW","Небольшая облачность","2025-11-30 04:38"
"3.20","","-0.10","78","768","1024","","","","1.80","","SW","Небольшая облачность","2025-11-30 04:39"
"3.20","","-0.10","79","768","1024","","","","1.80","","SW","Небольшая облачность","2025-11-30 04:40"
"3.20","","-0.10","78","768","1024","","","","1.80","","SW","Небольшая облачность","2025-11-30 04:41"
"3.20","","-0.10","78","768","1024","","","","1.80","","SW","Небольшая облачность","2025-11-30 04:42"
"3.20","","-0.10","79","768","1024","","","","1.80","","SW","Небольшая облачность","2025-11-30 04:43"
"3.20","","-0.10","79","768","1024","","","","1.80","","SW","Небольшая облачность","2025-11-30 04:44"
"3.20","","-0.10","79","768","1024","","","","1.80","","SW","Небольшая облачность","2025-11-30 04:45"
"3.20","","-0.10","78","768","1024","","","","1.80","","SW","Небольшая облачность","2025-11-30 04:46"
"3.20","","-0.10","78","768","1024","","","","1.80","","SW","Небольшая облачность","2025-11-30 04:47"
"3.20","","-0.10","78","768","1024","","","","1.80","","SW","Небольшая облачность","2025-11-30 04:48"
"3.20","","-0.10","78","768","1024","","","","1.80","","SW","Небольшая облачность","2025-11-30 04:49"
"3.20","","-0.10","78","768","1024","","","","1.80","","SW","Небольшая облачность","2025-11-30 04:50"
"3.20","","-0.10","78","768","1024","","","","1.80","","SW","Небольшая облачность","2025-11-30 04:51"
"3.20","","-0.10","79","768","1024","","","","1.80","","SW","Небольшая облачность","2025-11-30 04:52"
"3.30","","0.10","79","768","1024","","","","1.80","","SW","Небольшая облачность","2025-11-30 04:53"
"3.20","","-0.10","79","768","1024","","","","1.80","","SW","Небольшая облачность","2025-11-30 04:54"
"3.20","","-0.10","78","768","1024","","","","1.80","","SW","Небольшая облачность","2025-11-30 04:55"
"3.20","","-0.10","78","768","1024","","","","1.80","","SW","Небольшая облачность","2025-11-30 04:56"
"3.20","","-0.10","78","768","1024","","","","1.80","","SW","Небольшая облачность","2025-11-30 04:57"
"3.20","","-0.10","78","768","1024","","","","1.80","","SW","Небольшая облачность","2025-11-30 04:58"
"3.20","","-0.10","78","768","1024","","","","1.80","","SW","Небольшая облачность","2025-11-30 04:59"
"3.20","","-0.10","78","768","1024","","","","1.80","","SW","Небольшая облачность","2025-11-30 05:00"
"3.20","","-0.10","78","768","1024","","","","1.80","","SW","Небольшая облачность","2025-11-30 05:01"
"3.20","","-0.10","78","768","1024","","","","1.80","","SW","Небольшая облачность","2025-11-30 05:02"
"3.20","","-0.10","78","768","1024","","","","1.80","","SW","Небольшая облачность","2025-11-30 05:03"
"3.20","","-0.10","78","768","1024","","","","1.80","","SW","Небольшая облачность","2025-11-30 05:04"
"3.20","","-0.10","78","768","1024","","","","1.80","","SW","Небольшая облачность","2025-11-30 05:05"
"3.20","","-0.10","78","768","1024","","","","1.80","","SW","Переменная облачность","2025-11-30 05:06"
"3.10","","-0.20","78","768","1024","","","","1.80","","SW","Переменная облачность","2025-11-30 05:07"
"3.10","","-0.20","78","768","1024","","","","1.80","","SW","Переменная облачность","2025-11-30 05:08"
"3.10","","-0.20","78","768","1024","","","","1.80","","SW","Переменная облачность","2025-11-30 05:09"
"3.10","","-0.20","78","768","1024","","","","1.80","","SW","Переменная облачность","2025-11-30 05:10"
"3.20","","-0.10","78","768","1024","","","","1.80","","SW","Переменная облачность","2025-11-30 05:11"
"3.20","","-0.10","78","768","1024","","","","1.80","","SW","Переменная облачность","2025-11-30 05:12"
"3.20","","-0.10","78","768","1024","","","","1.80","","SW","Переменная облачность","2025-11-30 05:13"
"3.20","","-0.10","78","768","1024","","","","1.80","","SW","Переменная облачность","2025-11-30 05:14"
"3.20","","-0.10","78","768","1024","","","","1.80","","SW","Переменная облачность","2025-11-30 05:15"
"3.20","","-0.10","78","768","1024","","","","1.80","","SW","Переменная облачность","2025-11-30 05:16"
"3.20","","-0.10","78","768","1024","","","","1.80","","SW","Переменная облачность","2025-11-30 05:17"
"3.20","","-0.10","78","768","1024","","","","1.80","","SW","Переменная облачность","2025-11-30 05:18"
"3.20","","-0.10","78","768","1024","","","","1.80","","SW","Переменная облачность","2025-11-30 05:19"
"3.20","","-0.10","78","768","1024","","","","1.80","","SW","Переменная облачность","2025-11-30 05:20"
"3.20","","-0.10","78","768","1024","","","","1.80","","SW","Переменная облачность","2025-11-30 05:21"
"3.20","","-0.10","78","768","1024","","","","1.80","","SW","Переменная облачность","2025-11-30 05:22"
"3.20","","-0.10","78","768","1024","","","","1.80","","SW","Переменная облачность","2025-11-30 05:23"
"3.20","","-0.10","78","768","1024","","","","1.80","","SW","Переменная облачность","2025-11-30 05:24"
"3.20","","-0.10","78","768","1024","","","","1.80","","SW","Переменная облачность","2025-11-30 05:25"
"3.20","","-0.10","78","768","1024","","","","1.80","","SW","Переменная облачность","2025-11-30 05:26"
"3.20","","-0.10","78","768","1024","","","","1.80","","SW","Переменная облачность","2025-11-30 05:27"
"3.20","","-0.10","78","768","1024","","","","1.80","","SW","Переменная облачность","2025-11-30 05:28"
"3.20","","-0.10","78","768","1024","","","","1.80","","SW","Переменная облачность","2025-11-30 05:29"
"3.20","","-0.10","78","768","1024","","","","1.80","","SW","Переменная облачность","2025-11-30 05:30"
"3.20","","-0.10","78","768","1024","","","","1.80","","SW","Переменная облачность","2025-11-30 05:31"
"3.20","","-0.10","78","768","1024","","","","1.80","","SW","Переменная облачность","2025-11-30 05:32"
"3.20","","-0.10","78","768","1024","","","","1.80","","SW","Переменная облачность","2025-11-30 05:33"
"3.20","","-0.10","78","768","1024","","","","1.80","","SW","Переменная облачность","2025-11-30 05:34"
"3.20","","-0.10","78","768","1024","","","","1.80","","SW","Переменная облачность","2025-11-30 05:35"
"3.20","","-0.10","78","768","1024","","","","1.80","","SW","Переменная облачность","2025-11-30 05:36"
"3.20","","-0.10","78","768","1024","","","","1.80","","SW","Переменная облачность","2025-11-30 05:37"
"3.20","","-0.10","78","768","1024","","","","1.80","","SW","Переменная облачность","2025-11-30 05:38"
"3.20","","-0.10","78","768","1024","","","","1.80","","SW","Переменная облачность","2025-11-30 05:39"
"3.20","","-0.10","78","768","1024","","","","1.80","","SW","Переменная облачность","2025-11-30 05:40"
"3.20","","-0.10","78","768","1024","","","","1.80","","SW","Переменная облачность","2025-11-30 05:41"
"3.20","","-0.10","78","768","1024","","","","1.80","","SW","Переменная облачность","2025-11-30 05:42"
"3.20","","-0.10","78","768","1024","","","","1.80","","SW","Переменная облачность","2025-11-30 05:43"
"3.20","","-0.10","77","768","1024","","","","1.80","","SW","Переменная облачность","2025-11-30 05:44"
"3.20","","-0.10","77","768","1024","","","","1.80","","SW","Переменная облачность","2025-11-30 05:45"
"3.20","","-0.10","77","768","1024","","","","1.80","","SW","Переменная облачность","2025-11-30 05:46"
"3.20","","-0.10","77","768","1024","","","","1.80","","SW","Переменная облачность","2025-11-30 05:47"
"3.20","","-0.10","77","768","1024","","","","1.80","","SW","Переменная облачность","2025-11-30 05:48"
"3.20","","-0.10","77","768","1024","","","","1.80","","SW","Переменная облачность","2025-11-30 05:49"
"3.10","","-0.20","77","768","1024","","","","1.80","","SW","Переменная облачность","2025-11-30 05:50"
"3.20","","-0.10","77","768","1024","","","","1.80","","SW","Переменная облачность","2025-11-30 05:51"
"3.20","","-0.10","77","768","1024","","","","1.80","","SW","Переменная облачность","2025-11-30 05:52"
"3.10","","-0.20","77","768","1024","","","","1.80","","SW","Переменная облачность","2025-11-30 05:53"
"3.20","","-0.10","77","768","1024","","","","1.80","","SW","Переменная облачность","2025-11-30 05:54"
"3.20","","-0.10","77","768","1024","","","","1.80","","SW","Переменная облачность","2025-11-30 05:55"
"3.20","","-0.10","77","768","1024","","","","1.80","","SW","Переменная облачность","2025-11-30 05:56"
"3.20","","-0.10","77","768","1024","","","","1.80","","SW","Переменная облачность","2025-11-30 05:57"
"3.20","","-0.10","77","768","1024","","","","1.80","","SW","Переменная облачность","2025-11-30 05:58"
"3.20","","-0.10","77","768","1024","","","","1.80","","SW","Переменная облачность","2025-11-30 05:59"
"3.20","","-0.10","77","768","1024","","","","1.80","","SW","Переменная облачность","2025-11-30 06:00"
"3.20","","-0.10","77","768","1024","","","","1.80","","SW","Переменная облачность","2025-11-30 06:01"
"3.20","","-0.10","77","768","1024","","","","1.80","","SW","Переменная облачность","2025-11-30 06:02"
"3.20","","-0.10","77","768","1024","","","","1.80","","SW","Переменная облачность","2025-11-30 06:03"
"3.20","","-0.10","77","768","1024","","","","1.80","","SW","Переменная облачность","2025-11-30 06:04"
"3.20","","-0.10","77","768","1024","","","","1.80","","SW","Переменная облачность","2025-11-30 06:05"
"3.20","","-0.10","77","768","1024","","","","1.80","","SW","Переменная облачность","2025-11-30 06:06"
"3.20","","-0.10","77","768","1024","","","","1.80","","SW","Переменная облачность","2025-11-30 06:07"
"3.20","","-0.10","77","768","1024","","","","1.80","","SW","Переменная облачность","2025-11-30 06:08"
"3.20","","-0.10","77","768","1024","","","","1.80","","SW","Переменная облачность","2025-11-30 06:09"
"3.20","","-0.10","77","768","1024","","","","1.80","","SW","Переменная облачность","2025-11-30 06:10"
"3.20","","-0.10","77","768","1024","","","","1.80","","SW","Переменная облачность","2025-11-30 06:11"
"3.20","","-0.10","77","768","1024","","","","1.80","","SW","Переменная облачность","2025-11-30 06:12"
"3.20","","-0.10","77","768","1024","","","","1.80","","SW","Переменная облачность","2025-11-30 06:13"
"3.20","","-0.10","77","768","1024","","","","1.80","","SW","Переменная облачность","2025-11-30 06:14"
"3.20","","-0.10","77","768","1024","","","","1.80","","SW","Переменная облачность","2025-11-30 06:15"
"3.20","","-0.10","77","768","1024","","","","1.80","","SW","Переменная облачность","2025-11-30 06:16"
"3.20","","-0.10","77","768","1024","","","","1.80","","SW","Переменная облачность","2025-11-30 06:17"
"3.20","","-0.10","77","768","1024","","","","1.80","","SW","Переменная облачность","2025-11-30 06:18"
"3.20","","-0.10","77","768","1024","","","","1.80","","SW","Переменная облачность","2025-11-30 06:19"
"3.20","","-0.10","77","768","1024","","","","1.80","","SW","Переменная облачность","2025-11-30 06:20"
"3.20","","-0.10","77","768","1024","","","","1.80","","SW","Переменная облачность","2025-11-30 06:21"
"3.20","","-0.10","77","768","1024","","","","1.80","","SW","Переменная облачность","2025-11-30 06:22"
"3.20","","-0.10","77","768","1024","","","","1.80","","SW","Переменная облачность","2025-11-30 06:23"
"3.20","","-0.10","77","768","1024","","","","1.80","","SW","Переменная облачность","2025-11-30 06:24"
"3.20","","-0.10","76","768","1024","","","","1.80","","SW","Переменная облачность","2025-11-30 06:25"
"3.20","","-0.10","76","768","1024","","","","1.80","","SW","Переменная облачность","2025-11-30 06:26"
"3.20","","-0.10","76","768","1024","","","","1.80","","SW","Переменная облачность","2025-11-30 06:27"
"3.20","","-0.10","76","768","1024","","","","1.80","","SW","Переменная облачность","2025-11-30 06:28"
"3.20","","-0.10","76","768","1024","","","","1.80","","SW","Переменная облачность","2025-11-30 06:29"
"3.20","","-0.10","76","768","1024","","","","1.80","","SW","Переменная облачность","2025-11-30 06:30"
"3.30","","0.00","76","768","1024","","","","1.80","","SW","Переменная облачность","2025-11-30 06:31"
"3.30","","0.00","76","768","1024","","","","1.80","","SW","Переменная облачность","2025-11-30 06:32"
"3.30","","0.00","76","768","1024","","","","1.80","","SW","Переменная облачность","2025-11-30 06:33"
"3.30","","0.00","76","768","1024","","","","1.80","","SW","Переменная облачность","2025-11-30 06:34"
"3.30","","0.00","76","768","1024","","","","1.80","","SW","Переменная облачность","2025-11-30 06:35"
"3.30","","0.00","76","768","1024","","","","1.80","","SW","Переменная облачность","2025-11-30 06:36"
"3.30","","0.00","76","768","1024","","","","1.80","","SW","Переменная облачность","2025-11-30 06:37"
"3.30","","0.00","76","768","1024","","","","1.80","","SW","Переменная облачность","2025-11-30 06:38"
"3.30","","0.00","76","768","1024","","","","1.80","","SW","Переменная облачность","2025-11-30 06:39"
"3.30","","0.00","76","768","1024","","","","1.80","","SW","Переменная облачность","2025-11-30 06:40"
"3.20","","-0.20","75","768","1024","","","","1.80","","SW","Переменная облачность","2025-11-30 06:41"
"3.20","","-0.20","75","768","1024","","","","1.80","","SW","Переменная облачность","2025-11-30 06:42"
"3.20","","-0.20","75","768","1024","","","","1.80","","SW","Переменная облачность","2025-11-30 06:43"
"3.20","","-0.20","75","768","1024","","","","1.80","","SW","Переменная облачность","2025-11-30 06:44"
"3.30","","0.00","75","768","1024","","","","1.80","","SW","Переменная облачность","2025-11-30 06:45"
"3.30","","0.00","75","768","1024","","","","1.80","","SW","Переменная облачность","2025-11-30 06:46"
"3.30","","0.00","75","768","1024","","","","1.80","","SW","Переменная облачность","2025-11-30 06:47"
"3.40","","0.10","76","768","1024","","","","1.80","","SW","Переменная облачность","2025-11-30 06:48"
"3.40","","0.10","76","768","1024","","","","1.80","","SW","Переменная облачность","2025-11-30 06:49"
"3.40","","0.10","76","768","1024","","","","1.80","","SW","Переменная облачность","2025-11-30 06:50"
"3.40","","0.10","76","768","1024","","","","1.80","","SW","Переменная облачность","2025-11-30 06:51"
"3.50","","0.20","75","768","1024","","","","1.80","","SW","Переменная облачность","2025-11-30 06:52"
"3.50","","0.20","75","768","1024","","","","1.80","","SW","Переменная облачность","2025-11-30 06:53"
"3.50","","0.20","75","768","1024","","","","1.80","","SW","Переменная облачность","2025-11-30 06:54"
"3.60","","0.30","75","768","1024","","","","1.80","","SW","Переменная облачность","2025-11-30 06:55"
"3.60","","0.30","75","768","1024","","","","1.80","","SW","Переменная облачность","2025-11-30 06:56"
"3.60","","0.30","75","768","1024","","","","1.80","","SW","Переменная облачность","2025-11-30 06:57"
"3.70","","0.40","76","768","1024","","","","1.80","","SW","Переменная облачность","2025-11-30 06:58"
"3.70","","0.40","76","768","1024","","","","1.80","","SW","Переменная облачность","2025-11-30 06:59"
"3.70","","0.40","75","768","1024","","","","1.80","","SW","Переменная облачность","2025-11-30 07:00"
"3.80","","0.50","75","768","1024","","","","1.80","","SW","Переменная облачность","2025-11-30 07:01"
"3.80","","0.50","75","768","1024","","","","1.80","","SW","Переменная облачность","2025-11-30 07:02"
"3.90","","0.70","76","768","1024","","","","1.80","","SW","Переменная облачность","2025-11-30 07:03"
"3.90","","0.70","76","768","1024","","","","1.80","","SW","Переменная облачность","2025-11-30 07:04"
"4.00","","0.80","76","768","1024","","","","1.80","","SW","Переменная облачность","2025-11-30 07:05"
"3.90","","0.60","75","768","1024","","","","1.80","","SW","Переменная облачность","2025-11-30 07:06"
"3.90","","0.60","75","768","1024","","","","1.80","","SW","Переменная облачность","2025-11-30 07:07"
"3.90","","0.60","75","768","1024","","","","1.80","","SW","Переменная облачность","2025-11-30 07:08"
"3.90","","0.60","74","768","1024","","","","1.80","","SW","Переменная облачность","2025-11-30 07:09"
"3.90","","0.60","74","768","1024","","","","1.80","","SW","Переменная облачность","2025-11-30 07:10"
"3.80","","0.50","73","768","1024","","","","1.80","","SW","Переменная облачность","2025-11-30 07:11"
"3.80","","0.50","73","768","1024","","","","1.80","","SW","Переменная облачность","2025-11-30 07:12"
"3.80","","0.50","73","768","1024","","","","1.80","","SW","Переменная облачность","2025-11-30 07:13"
"3.90","","0.60","73","768","1024","","","","1.80","","SW","Переменная облачность","2025-11-30 07:14"
"3.90","","0.60","73","768","1024","","","","1.80","","SW","Переменная облачность","2025-11-30 07:15"
"3.90","","0.60","73","768","1024","","","","1.80","","SW","Переменная облачность","2025-11-30 07:16"
"3.90","","0.60","73","768","1024","","","","1.80","","SW","Переменная облачность","2025-11-30 07:17"
"3.90","","0.60","72","768","1024","","","","1.80","","SW","Переменная облачность","2025-11-30 07:18"
"3.90","","0.60","72","768","1024","","","","1.80","","SW","Переменная облачность","2025-11-30 07:19"
"3.90","","0.60","72","768","1024","","","","1.80","","SW","Переменная облачность","2025-11-30 07:20"
"3.90","","0.60","72","768","1024","","","","1.80","","SW","Переменная облачность","2025-11-30 07:21"
"3.90","","0.60","72","768","1024","","","","1.80","","SW","Переменная облачность","2025-11-30 07:22"
"3.90","","0.60","72","768","1024","","","","1.80","","SW","Переменная облачность","2025-11-30 07:23"
"3.90","","0.60","72","768","1024","","","","1.80","","SW","Переменная облачность","2025-11-30 07:24"
"4.00","","0.60","71","768","1024","","","","1.80","","SW","Переменная облачность","2025-11-30 07:25"
"4.00","","0.60","71","768","1024","","","","1.80","","SW","Переменная облачность","2025-11-30 07:26"
"4.00","","0.60","71","768","1024","","","","1.80","","SW","Переменная облачность","2025-11-30 07:27"
"4.00","","0.60","71","768","1024","","","","1.80","","SW","Переменная облачность","2025-11-30 07:28"
"4.00","","0.60","70","768","1024","","","","1.80","","SW","Переменная облачность","2025-11-30 07:29"
"4.00","","0.60","70","768","1024","","","","1.80","","SW","Переменная облачность","2025-11-30 07:30"
"3.90","","0.50","70","768","1024","","","","1.80","","SW","Переменная облачность","2025-11-30 07:31"
"3.90","","0.50","69","768","1024","","","","1.80","","SW","Переменная облачность","2025-11-30 07:32"
"3.90","","0.50","69","768","1024","","","","1.80","","SW","Переменная облачность","2025-11-30 07:33"
"4.00","","0.60","69","768","1024","","","","1.80","","SW","Переменная облачность","2025-11-30 07:34"
"4.00","","0.60","69","768","1024","","","","1.80","","SW","Переменная облачность","2025-11-30 07:35"
"4.00","","0.60","69","768","1024","","","","1.80","","SW","Переменная облачность","2025-11-30 07:36"
"4.00","","0.60","69","768","1024","","","","1.80","","SW","Переменная облачность","2025-11-30 07:37"
"4.00","","0.60","69","768","1024","","","","1.80","","SW","Переменная облачность","2025-11-30 07:38"
"4.00","","0.60","68","768","1024","","","","1.80","","SW","Переменная облачность","2025-11-30 07:39"
"4.00","","0.60","68","768","1024","","","","1.80","","SW","Переменная облачность","2025-11-30 07:40"
"4.00","","0.60","68","768","1024","","","","1.80","","SW","Переменная облачность","2025-11-30 07:41"
"4.00","","0.60","68","768","1024","","","","1.80","","SW","Переменная облачность","2025-11-30 07:42"
"4.00","","0.60","68","768","1024","","","","1.80","","SW","Переменная облачность","2025-11-30 07:43"
"4.00","","0.60","68","768","1024","","","","1.80","","SW","Переменная облачность","2025-11-30 07:44"
"4.10","","0.70","68","768","1024","","","","1.80","","SW","Переменная облачность","2025-11-30 07:45"
"4.10","","0.70","67","768","1024","","","","1.80","","SW","Переменная облачность","2025-11-30 07:46"
"4.00","","0.50","67","768","1024","","","","1.80","","SW","Переменная облачность","2025-11-30 07:47"
"4.00","","0.50","67","768","1024","","","","1.80","","SW","Переменная облачность","2025-11-30 07:48"
"4.00","","0.50","66","768","1024","","","","1.80","","SW","Переменная облачность","2025-11-30 07:49"
"4.10","","0.60","66","768","1024","","","","1.80","","SW","Переменная облачность","2025-11-30 07:50"
"4.00","","0.50","66","768","1024","","","","1.80","","SW","Переменная облачность","2025-11-30 07:51"
"4.00","","0.50","66","768","1024","","","","1.80","","SW","Переменная облачность","2025-11-30 07:52"
"4.00","","0.50","66","768","1024","","","","1.80","","SW","Переменная облачность","2025-11-30 07:53"
"4.00","","0.50","65","768","1024","","","","1.80","","SW","Переменная облачность","2025-11-30 07:54"
"4.00","","0.50","65","768","1024","","","","1.80","","SW","Переменная облачность","2025-11-30 07:55"
"4.00","","0.50","65","768","1024","","","","1.80","","SW","Переменная облачность","2025-11-30 07:56"
"4.00","","0.50","64","768","1024","","","","1.80","","SW","Переменная облачность","2025-11-30 07:57"
"4.00","","0.50","64","768","1024","","","","1.80","","SW","Переменная облачность","2025-11-30 07:58"
"4.00","","0.50","64","768","1024","","","","1.80","","SW","Переменная облачность","2025-11-30 07:59"
"4.00","","0.50","64","768","1024","","","","1.80","","SW","Переменная облачность","2025-11-30 08:00"
"4.00","","0.50","64","768","1024","","","","1.80","","SW","Переменная облачность","2025-11-30 08:01"
"4.00","","0.40","63","768","1024","","","","1.80","","SW","Переменная облачность","2025-11-30 08:02"
"4.00","","0.40","63","768","1024","","","","1.80","","SW","Переменная облачность","2025-11-30 08:03"
"4.00","","0.40","63","768","1024","","","","1.80","","SW","Переменная облачность","2025-11-30 08:04"
"4.00","","0.40","63","768","1024","","","","1.80","","SW","Переменная облачность","2025-11-30 08:05"
"4.00","","0.40","62","768","1024","","","","1.80","","SW","Переменная облачность","2025-11-30 08:06"
"4.00","","0.40","62","768","1024","","","","1.80","","SW","Переменная облачность","2025-11-30 08:07"
"4.00","","0.40","61","768","1024","","","","1.80","","SW","Переменная облачность","2025-11-30 08:08"
"4.00","","0.40","61","768","1024","","","","1.80","","SW","Переменная облачность","2025-11-30 08:09"
"3.90","","0.20","60","768","1024","","","","1.80","","SW","Переменная облачность","2025-11-30 08:10"
"3.90","","0.20","60","768","1024","","","","1.80","","SW","Переменная облачность","2025-11-30 08:11"
"3.90","","0.20","60","768","1024","","","","1.80","","SW","Переменная облачность","2025-11-30 08:12"
"3.90","","0.20","60","768","1024","","","","1.80","","SW","Переменная облачность","2025-11-30 08:13"
"4.00","","0.30","60","768","1024","","","","1.80","","SW","Переменная облачность","2025-11-30 08:14"
"4.00","","0.30","60","768","1024","","","","1.80","","SW","Переменная облачность","2025-11-30 08:15"
"4.00","","0.30","59","768","1024","","","","1.80","","SW","Переменная облачность","2025-11-30 08:16"
"4.00","","0.30","59","768","1024","","","","1.80","","SW","Переменная облачность","2025-11-30 08:17"
"3.90","","0.20","59","768","1024","","","","1.80","","SW","Переменная облачность","2025-11-30 08:18"
"4.00","","0.30","59","768","1024","","","","1.80","","SW","Переменная облачность","2025-11-30 08:19"
"4.00","","0.30","59","768","1024","","","","1.80","","SW","Переменная облачность","2025-11-30 08:20"
"4.00","","0.30","59","768","1024","","","","1.80","","SW","Переменная облачность","2025-11-30 08:21"
"4.00","","0.30","58","768","1024","","","","1.80","","SW","Переменная облачность","2025-11-30 08:22"
"4.00","","0.30","58","768","1024","","","","1.80","","SW","Переменная облачность","2025-11-30 08:23"
"4.00","","0.30","58","768","1024","","","","1.80","","SW","Переменная облачность","2025-11-30 08:24"
"4.00","","0.30","58","768","1024","","","","1.80","","SW","Переменная облачность","2025-11-30 08:25"
"4.00","","0.30","58","768","1024","","","","1.80","","SW","Переменная облачность","2025-11-30 08:26"
"4.00","","0.30","58","768","1024","","","","1.80","","SW","Переменная облачность","2025-11-30 08:27"
"4.00","","0.30","58","768","1024","","","","1.80","","SW","Переменная облачность","2025-11-30 08:28"
"4.00","","0.30","57","768","1024","","","","1.80","","SW","Переменная облачность","2025-11-30 08:29"
"4.00","","0.30","57","768","1024","","","","1.80","","SW","Переменная облачность","2025-11-30 08:30"
"4.10","","0.40","57","768","1024","","","","1.80","","SW","Переменная облачность","2025-11-30 08:31"
"4.10","","0.40","57","768","1024","","","","1.80","","SW","Переменная облачность","2025-11-30 08:32"
"4.10","","0.40","57","768","1024","","","","1.80","","SW","Переменная облачность","2025-11-30 08:33"
"4.10","","0.40","57","768","1024","","","","1.80","","SW","Переменная облачность","2025-11-30 08:34"
"4.10","","0.40","57","768","1024","","","","1.80","","SW","Переменная облачность","2025-11-30 08:35"
"4.10","","0.40","57","768","1024","","","","1.80","","SW","Небольшая облачность","2025-11-30 08:36"
"4.10","","0.40","57","768","1024","","","","1.80","","SW","Небольшая облачность","2025-11-30 08:37"
"4.10","","0.40","57","768","1024","","","","1.80","","SW","Небольшая облачность","2025-11-30 08:38"
"4.10","","0.40","57","768","1024","","","","1.80","","SW","Небольшая облачность","2025-11-30 08:39"
"4.10","","0.40","57","768","1024","","","","1.80","","SW","Небольшая облачность","2025-11-30 08:40"
"4.10","","0.40","56","768","1024","","","","1.80","","SW","Небольшая облачность","2025-11-30 08:41"
"4.10","","0.40","56","768","1024","","","","1.80","","SW","Небольшая облачность","2025-11-30 08:42"
"4.10","","0.40","56","768","1024","","","","1.80","","SW","Небольшая облачность","2025-11-30 08:43"
"4.10","","0.40","56","768","1024","","","","1.80","","SW","Небольшая облачность","2025-11-30 08:44"
"4.10","","0.40","56","768","1024","","","","1.80","","SW","Небольшая облачность","2025-11-30 08:45"
"4.10","","0.40","56","768","1024","","","","1.80","","SW","Небольшая облачность","2025-11-30 08:46"
"4.10","","0.40","56","768","1024","","","","1.80","","SW","Небольшая облачность","2025-11-30 08:47"
"4.10","","0.30","55","768","1024","","","","1.80","","SW","Небольшая облачность","2025-11-30 08:48"
"4.10","","0.30","55","768","1024","","","","1.80","","SW","Небольшая облачность","2025-11-30 08:49"
"4.10","","0.30","55","768","1024","","","","1.80","","SW","Небольшая облачность","2025-11-30 08:50"
"4.00","","0.20","55","768","1024","","","","1.80","","SW","Небольшая облачность","2025-11-30 08:51"
"3.90","","0.10","55","768","1024","","","","1.80","","SW","Небольшая облачность","2025-11-30 08:52"
"3.90","","0.10","55","768","1024","","","","1.80","","SW","Небольшая облачность","2025-11-30 08:53"
"4.00","","0.20","54","768","1024","","","","1.80","","SW","Небольшая облачность","2025-11-30 08:54"
"4.00","","0.20","54","768","1024","","","","1.80","","SW","Небольшая облачность","2025-11-30 08:55"
"3.90","","0.10","54","768","1024","","","","1.80","","SW","Небольшая облачность","2025-11-30 08:56"
"3.90","","0.10","54","768","1024","","","","1.80","","SW","Небольшая облачность","2025-11-30 08:57"
"3.90","","0.10","54","768","1024","","","","1.80","","SW","Небольшая облачность","2025-11-30 08:58"
"4.00","","0.20","54","768","1024","","","","1.80","","SW","Небольшая облачность","2025-11-30 08:59"
"4.00","","0.20","54","768","1024","","","","1.80","","SW","Небольшая облачность","2025-11-30 09:00"
"4.00","","0.20","54","768","1024","","","","1.80","","SW","Небольшая облачность","2025-11-30 09:01"
"4.00","","0.20","54","768","1024","","","","1.80","","SW","Небольшая облачность","2025-11-30 09:02"
"4.00","","0.20","54","768","1024","","","","1.80","","SW","Небольшая облачность","2025-11-30 09:03"
"4.00","","0.20","54","768","1024","","","","1.80","","SW","Небольшая облачность","2025-11-30 09:04"
"4.00","","0.20","53","768","1024","","","","1.80","","SW","Небольшая облачность","2025-11-30 09:05"
"4.00","","0.20","53","767","1023","","","","1.80","","SW","Переменная облачность","2025-11-30 09:06"
"4.00","","0.20","53","767","1023","","","","1.80","","SW","Переменная облачность","2025-11-30 09:07"
"4.00","","0.20","53","767","1023","","","","1.80","","SW","Переменная облачность","2025-11-30 09:08"
"4.00","","0.20","53","767","1023","","","","1.80","","SW","Переменная облачность","2025-11-30 09:09"
"4.00","","0.20","53","767","1023","","","","1.80","","SW","Переменная облачность","2025-11-30 09:10"
"4.00","","0.20","53","767","1023","","","","1.80","","SW","Переменная облачность","2025-11-30 09:11"
"4.10","","0.30","53","767","1023","","","","1.80","","SW","Переменная облачность","2025-11-30 09:12"
"4.10","","0.30","53","767","1023","","","","1.80","","SW","Переменная облачность","2025-11-30 09:13"
"4.10","","0.30","53","767","1023","","","","1.80","","SW","Переменная облачность","2025-11-30 09:14"
"4.10","","0.20","52","767","1023","","","","1.80","","SW","Переменная облачность","2025-11-30 09:15"
"4.10","","0.20","52","767","1023","","","","1.80","","SW","Переменная облачность","2025-11-30 09:16"
"4.10","","0.20","52","767","1023","","","","1.80","","SW","Переменная облачность","2025-11-30 09:17"
"4.10","","0.20","52","767","1023","","","","1.80","","SW","Переменная облачность","2025-11-30 09:18"
"4.10","","0.20","52","767","1023","","","","1.80","","SW","Переменная облачность","2025-11-30 09:19"
"4.00","","0.10","51","767","1023","","","","1.80","","SW","Переменная облачность","2025-11-30 09:20"
"4.00","","0.10","51","768","1024","","","","1.80","","SW","Переменная облачность","2025-11-30 09:21"
"4.00","","0.10","51","768","1024","","","","1.80","","SW","Переменная облачность","2025-11-30 09:22"
"4.00","","0.10","51","768","1024","","","","1.80","","SW","Переменная облачность","2025-11-30 09:23"
"4.10","","0.20","51","768","1024","","","","1.80","","SW","Переменная облачность","2025-11-30 09:24"
"4.10","","0.20","51","768","1024","","","","1.80","","SW","Переменная облачность","2025-11-30 09:25"
"4.10","","0.20","51","768","1024","","","","1.80","","SW","Переменная облачность","2025-11-30 09:26"
"4.10","","0.20","51","768","1024","","","","1.80","","SW","Переменная облачность","2025-11-30 09:27"
"4.20","","0.30","51","768","1024","","","","1.80","","SW","Переменная облачность","2025-11-30 09:28"
"4.20","","0.30","51","768","1024","","","","1.80","","SW","Переменная облачность","2025-11-30 09:29"
"4.20","","0.30","51","768","1024","","","","1.80","","SW","Переменная облачность","2025-11-30 09:30"
"4.20","","0.30","51","768","1024","","","","1.80","","SW","Переменная облачность","2025-11-30 09:31"
"4.10","","0.20","51","768","1024","","","","1.80","","SW","Переменная облачность","2025-11-30 09:32"
"4.10","","0.20","51","768","1024","","","","1.80","","SW","Переменная облачность","2025-11-30 09:33"
"4.10","","0.20","51","768","1024","","","","1.80","","SW","Переменная облачность","2025-11-30 09:34"
"4.10","","0.20","51","768","1024","","","","1.80","","SW","Переменная облачность","2025-11-30 09:35"
"4.00","","0.10","51","768","1024","","","","1.80","","SW","Переменная облачность","2025-11-30 09:36"
"4.00","","0.10","51","768","1024","","","","1.80","","SW","Переменная облачность","2025-11-30 09:37"
"4.00","","0.10","51","768","1024","","","","1.80","","SW","Переменная облачность","2025-11-30 09:38"
"4.00","","0.10","51","768","1024","","","","1.80","","SW","Переменная облачность","2025-11-30 09:39"
"4.00","","0.10","51","768","1024","","","","1.80","","SW","Переменная облачность","2025-11-30 09:40"
"3.90","","0.00","51","768","1024","","","","1.80","","SW","Переменная облачность","2025-11-30 09:41"
"3.90","","0.00","51","768","1024","","","","1.80","","SW","Переменная облачность","2025-11-30 09:42"
"3.90","","0.00","51","768","1024","","","","1.80","","SW","Переменная облачность","2025-11-30 09:43"
"3.90","","0.00","51","768","1024","","","","1.80","","SW","Переменная облачность","2025-11-30 09:44"
"3.90","","0.00","51","768","1024","","","","1.80","","SW","Переменная облачность","2025-11-30 09:45"
"3.90","","0.00","51","768","1024","","","","1.80","","SW","Переменная облачность","2025-11-30 09:46"
"3.90","","0.00","51","768","1024","","","","1.80","","SW","Переменная облачность","2025-11-30 09:47"
"3.90","","0.00","51","768","1024","","","","1.80","","SW","Переменная облачность","2025-11-30 09:48"
"3.90","","0.00","51","768","1024","","","","1.80","","SW","Переменная облачность","2025-11-30 09:49"
"3.90","","0.00","51","768","1024","","","","1.80","","SW","Переменная облачность","2025-11-30 09:50"
"3.90","","0.00","51","768","1024","","","","1.80","","SW","Переменная облачность","2025-11-30 09:51"
"3.90","","0.00","51","768","1024","","","","1.80","","SW","Переменная облачность","2025-11-30 09:52"
"4.00","","0.10","51","768","1024","","","","1.80","","SW","Переменная облачность","2025-11-30 09:53"
"4.00","","0.10","51","768","1024","","","","1.80","","SW","Переменная облачность","2025-11-30 09:54"
"4.00","","0.10","51","768","1024","","","","1.80","","SW","Переменная облачность","2025-11-30 09:55"
"4.00","","0.10","51","768","1024","","","","1.80","","SW","Переменная облачность","2025-11-30 09:56"
"4.00","","0.10","51","768","1024","","","","1.80","","SW","Переменная облачность","2025-11-30 09:57"
"3.90","","0.00","51","768","1024","","","","1.80","","SW","Переменная облачность","2025-11-30 09:58"
"3.90","","0.00","51","768","1024","","","","1.80","","SW","Переменная облачность","2025-11-30 09:59"
"3.90","","0.00","51","768","1024","","","","1.80","","SW","Переменная облачность","2025-11-30 10:00"
"3.90","","0.00","51","768","1024","","","","1.80","","SW","Переменная облачность","2025-11-30 10:01"
"3.90","","0.00","51","768","1024","","","","1.80","","SW","Переменная облачность","2025-11-30 10:02"
"3.90","","0.00","51","768","1024","","","","1.80","","SW","Переменная облачность","2025-11-30 10:03"
"3.90","","0.00","51","768","1024","","","","1.80","","SW","Переменная облачность","2025-11-30 10:04"
"3.90","","0.00","51","768","1024","","","","1.80","","SW","Переменная облачность","2025-11-30 10:05"
"3.90","","0.00","51","767","1023","","","","1.80","","SW","Переменная облачность","2025-11-30 10:06"
"3.90","","0.00","51","767","1023","","","","1.80","","SW","Переменная облачность","2025-11-30 10:07"
"3.90","","0.00","51","767","1023","","","","1.80","","SW","Переменная облачность","2025-11-30 10:08"
"3.90","","0.00","51","767","1023","","","","1.80","","SW","Переменная облачность","2025-11-30 10:09"
"3.90","","0.00","51","767","1023","","","","1.80","","SW","Переменная облачность","2025-11-30 10:10"
"3.90","","0.00","51","767","1023","","","","1.80","","SW","Переменная облачность","2025-11-30 10:11"
"3.90","","0.00","51","767","1023","","","","1.80","","SW","Переменная облачность","2025-11-30 10:12"
"3.90","","0.00","51","767","1023","","","","1.80","","SW","Переменная облачность","2025-11-30 10:13"
"3.90","","0.00","51","767","1023","","","","1.80","","SW","Переменная облачность","2025-11-30 10:14"
"3.90","","0.00","51","767","1023","","","","1.80","","SW","Переменная облачность","2025-11-30 10:15"
"3.90","","0.00","51","767","1023","","","","1.80","","SW","Переменная облачность","2025-11-30 10:16"
"3.90","","0.00","51","767","1023","","","","1.80","","SW","Переменная облачность","2025-11-30 10:17"
"3.90","","0.00","51","767","1023","","","","1.80","","SW","Переменная облачность","2025-11-30 10:18"
"3.90","","0.00","51","767","1023","","","","1.80","","SW","Переменная облачность","2025-11-30 10:19"
"3.90","","0.00","51","767","1023","","","","1.80","","SW","Переменная облачность","2025-11-30 10:20"
"3.90","","0.00","51","768","1024","","","","1.80","","SW","Переменная облачность","2025-11-30 10:21"
"3.90","","0.00","51","768","1024","","","","1.80","","SW","Переменная облачность","2025-11-30 10:22"
"3.90","","0.00","51","768","1024","","","","1.80","","SW","Переменная облачность","2025-11-30 10:23"
"3.90","","0.00","51","768","1024","","","","1.80","","SW","Переменная облачность","2025-11-30 10:24"
"3.90","","0.00","51","768","1024","","","","1.80","","SW","Переменная облачность","2025-11-30 10:25"
"3.90","","0.00","51","768","1024","","","","1.80","","SW","Переменная облачность","2025-11-30 10:26"
"3.80","","-0.10","51","768","1024","","","","1.80","","SW","Переменная облачность","2025-11-30 10:27"
"3.80","","-0.10","51","768","1024","","","","1.80","","SW","Переменная облачность","2025-11-30 10:28"
"3.80","","-0.10","51","768","1024","","","","1.80","","SW","Переменная облачность","2025-11-30 10:29"
"3.80","","-0.10","51","768","1024","","","","1.80","","SW","Переменная облачность","2025-11-30 10:30"
"3.80","","-0.10","51","768","1024","","","","1.80","","SW","Переменная облачность","2025-11-30 10:31"
"3.80","","-0.10","51","768","1024","","","","1.80","","SW","Переменная облачность","2025-11-30 10:32"
"3.80","","-0.10","51","768","1024","","","","1.80","","SW","Переменная облачность","2025-11-30 10:33"
"3.80","","-0.10","51","768","1024","","","","1.80","","SW","Переменная облачность","2025-11-30 10:34"
"3.80","","-0.10","51","768","1024","","","","1.80","","SW","Переменная облачность","2025-11-30 10:35"
"3.80","","-0.10","51","768","1024","","","","1.80","","SW","Переменная облачность","2025-11-30 10:36"
"3.80","","-0.10","51","768","1024","","","","1.80","","SW","Переменная облачность","2025-11-30 10:37"
"3.80","","-0.10","51","768","1024","","","","1.80","","SW","Переменная облачность","2025-11-30 10:38"
"3.80","","-0.10","51","768","1024","","","","1.80","","SW","Переменная облачность","2025-11-30 10:39"
"3.80","","-0.10","51","768","1024","","","","1.80","","SW","Переменная облачность","2025-11-30 10:40"
"3.70","","-0.20","51","768","1024","","","","1.80","","SW","Переменная облачность","2025-11-30 10:41"
"3.70","","-0.20","51","768","1024","","","","1.80","","SW","Переменная облачность","2025-11-30 10:42"
"3.70","","-0.20","51","768","1024","","","","1.80","","SW","Переменная облачность","2025-11-30 10:43"
"3.70","","-0.20","51","768","1024","","","","1.80","","SW","Переменная облачность","2025-11-30 10:44"
"3.60","","-0.30","51","768","1024","","","","1.80","","SW","Переменная облачность","2025-11-30 10:45"
"3.60","","-0.30","51","768","1024","","","","1.80","","SW","Переменная облачность","2025-11-30 10:46"
"3.60","","-0.30","51","768","1024","","","","1.80","","SW","Переменная облачность","2025-11-30 10:47"
"3.60","","-0.30","51","768","1024","","","","1.80","","SW","Переменная облачность","2025-11-30 10:48"
"3.60","","-0.30","51","768","1024","","","","1.80","","SW","Переменная облачность","2025-11-30 10:49"
"3.60","","-0.30","51","768","1024","","","","1.80","","SW","Переменная облачность","2025-11-30 10:50"
"3.60","","-0.30","51","768","1024","","","","1.80","","SW","Переменная облачность","2025-11-30 10:51"
"3.60","","-0.30","51","768","1024","","","","1.80","","SW","Переменная облачность","2025-11-30 10:52"
"3.70","","-0.20","51","768","1024","","","","1.80","","SW","Переменная облачность","2025-11-30 10:53"
"3.70","","-0.20","51","768","1024","","","","1.80","","SW","Переменная облачность","2025-11-30 10:54"
"3.70","","-0.20","51","768","1024","","","","1.80","","SW","Переменная облачность","2025-11-30 10:55"
"3.70","","-0.20","51","768","1024","","","","1.80","","SW","Переменная облачность","2025-11-30 10:56"
"3.80","","-0.10","51","768","1024","","","","1.80","","SW","Переменная облачность","2025-11-30 10:57"
"3.80","","-0.10","51","768","1024","","","","1.80","","SW","Переменная облачность","2025-11-30 10:58"
"3.80","","-0.10","51","768","1024","","","","1.80","","SW","Переменная облачность","2025-11-30 10:59"
"3.80","","-0.10","51","768","1024","","","","1.80","","SW","Переменная облачность","2025-11-30 11:00"
"3.70","","-0.20","51","768","1024","","","","1.80","","SW","Переменная облачность","2025-11-30 11:01"
"3.70","","-0.20","51","768","1024","","","","1.80","","SW","Переменная облачность","2025-11-30 11:02"
"3.70","","-0.20","51","768","1024","","","","1.80","","SW","Переменная облачность","2025-11-30 11:03"
"3.70","","-0.20","51","768","1024","","","","1.80","","SW","Переменная облачность","2025-11-30 11:04"
"3.70","","-0.20","51","768","1024","","","","1.80","","SW","Переменная облачность","2025-11-30 11:05"
"3.70","","-0.20","51","768","1024","","","","1.80","","SW","Переменная облачность","2025-11-30 11:06"
"3.70","","-0.20","51","768","1024","","","","1.80","","SW","Переменная облачность","2025-11-30 11:07"
"3.70","","-0.20","51","768","1024","","","","1.80","","SW","Переменная облачность","2025-11-30 11:08"
"3.70","","-0.20","51","768","1024","","","","1.80","","SW","Переменная облачность","2025-11-30 11:09"
"3.60","","-0.30","51","768","1024","","","","1.80","","SW","Переменная облачность","2025-11-30 11:10"
"3.60","","-0.30","51","768","1024","","","","1.80","","SW","Переменная облачность","2025-11-30 11:11"
"3.60","","-0.30","51","768","1024","","","","1.80","","SW","Переменная облачность","2025-11-30 11:12"
"3.60","","-0.30","51","768","1024","","","","1.80","","SW","Переменная облачность","2025-11-30 11:13"
"3.60","","-0.30","51","768","1024","","","","1.80","","SW","Переменная облачность","2025-11-30 11:14"
"3.60","","-0.30","51","768","1024","","","","1.80","","SW","Переменная облачность","2025-11-30 11:15"
"3.60","","-0.30","51","768","1024","","","","1.80","","SW","Переменная облачность","2025-11-30 11:16"
"3.60","","-0.30","51","768","1024","","","","1.80","","SW","Переменная облачность","2025-11-30 11:17"
"3.60","","-0.30","51","768","1024","","","","1.80","","SW","Переменная облачность","2025-11-30 11:18"
"3.50","","-0.40","51","768","1024","","","","1.80","","SW","Переменная облачность","2025-11-30 11:19"
"3.50","","-0.40","51","768","1024","","","","1.80","","SW","Переменная облачность","2025-11-30 11:20"
"3.50","","-0.40","51","768","1024","","","","1.80","","SW","Переменная облачность","2025-11-30 11:21"
"3.50","","-0.40","51","768","1024","","","","1.80","","SW","Переменная облачность","2025-11-30 11:22"
"3.50","","-0.40","51","768","1024","","","","1.80","","SW","Переменная облачность","2025-11-30 11:23"
"3.60","","-0.30","51","768","1024","","","","1.80","","SW","Переменная облачность","2025-11-30 11:24"
"3.60","","-0.30","51","768","1024","","","","1.80","","SW","Переменная облачность","2025-11-30 11:25"
"3.60","","-0.30","51","768","1024","","","","1.80","","SW","Переменная облачность","2025-11-30 11:26"
"3.60","","-0.30","51","768","1024","","","","1.80","","SW","Переменная облачность","2025-11-30 11:27"
"3.60","","-0.30","51","768","1024","","","","1.80","","SW","Переменная облачность","2025-11-30 11:28"
"3.60","","-0.30","51","768","1024","","","","1.80","","SW","Переменная облачность","2025-11-30 11:29"
"3.60","","-0.30","51","768","1024","","","","1.80","","SW","Переменная облачность","2025-11-30 11:30"
"3.60","","-0.30","51","768","1024","","","","1.80","","SW","Переменная облачность","2025-11-30 11:31"
"3.60","","-0.30","51","768","1024","","","","1.80","","SW","Переменная облачность","2025-11-30 11:32"
"3.60","","-0.30","51","768","1024","","","","1.80","","SW","Переменная облачность","2025-11-30 11:33"
"3.60","","-0.30","51","768","1024","","","","1.80","","SW","Переменная облачность","2025-11-30 11:34"
"3.60","","-0.30","51","768","1024","","","","1.80","","SW","Переменная облачность","2025-11-30 11:35"
"3.60","","-0.30","51","768","1024","","","","1.80","","SW","Переменная облачность","2025-11-30 11:36"
"3.60","","-0.30","51","768","1024","","","","1.80","","SW","Переменная облачность","2025-11-30 11:37"
"3.60","","-0.30","51","768","1024","","","","1.80","","SW","Переменная облачность","2025-11-30 11:38"
"3.60","","-0.30","51","768","1024","","","","1.80","","SW","Переменная облачность","2025-11-30 11:39"
"3.60","","-0.30","51","768","1024","","","","1.80","","SW","Переменная облачность","2025-11-30 11:40"
"3.60","","-0.30","51","768","1024","","","","1.80","","SW","Переменная облачность","2025-11-30 11:41"
"3.50","","-0.40","51","768","1024","","","","1.80","","SW","Переменная облачность","2025-11-30 11:42"
"3.50","","-0.40","51","768","1024","","","","1.80","","SW","Переменная облачность","2025-11-30 11:43"
"3.50","","-0.40","51","768","1024","","","","1.80","","SW","Переменная облачность","2025-11-30 11:44"
"3.60","","-0.30","51","768","1024","","","","1.80","","SW","Переменная облачность","2025-11-30 11:45"
"3.50","","-0.40","51","768","1024","","","","1.80","","SW","Переменная облачность","2025-11-30 11:46"
"3.50","","-0.40","51","768","1024","","","","1.80","","SW","Переменная облачность","2025-11-30 11:47"
"3.50","","-0.40","51","768","1024","","","","1.80","","SW","Переменная облачность","2025-11-30 11:48"
"3.60","","-0.30","51","768","1024","","","","1.80","","SW","Переменная облачность","2025-11-30 11:49"
"3.60","","-0.30","51","768","1024","","","","1.80","","SW","Переменная облачность","2025-11-30 11:50"
"3.60","","-0.30","51","768","1024","","","","1.80","","SW","Переменная облачность","2025-11-30 11:51"
"3.60","","-0.30","51","768","1024","","","","1.80","","SW","Переменная облачность","2025-11-30 11:52"
"3.50","","-0.40","51","768","1024","","","","1.80","","SW","Переменная облачность","2025-11-30 11:53"
"3.50","","-0.40","51","768","1024","","","","1.80","","SW","Переменная облачность","2025-11-30 11:54"
"3.50","","-0.40","51","768","1024","","","","1.80","","SW","Переменная облачность","2025-11-30 11:55"
"3.50","","-0.40","51","768","1024","","","","1.80","","SW","Переменная облачность","2025-11-30 11:56"
"3.50","","-0.40","51","768","1024","","","","1.80","","SW","Переменная облачность","2025-11-30 11:57"
"3.50","","-0.40","51","768","1024","","","","1.80","","SW","Переменная облачность","2025-11-30 11:58"
"3.50","","-0.40","51","768","1024","","","","1.80","","SW","Переменная облачность","2025-11-30 11:59"
"3.50","","-0.40","51","768","1024","","","","1.80","","SW","Переменная облачность","2025-11-30 12:00"
"3.50","","-0.40","51","768","1024","","","","1.80","","SW","Переменная облачность","2025-11-30 12:01"
"3.50","","-0.40","51","768","1024","","","","1.80","","SW","Переменная облачность","2025-11-30 12:02"
"3.50","","-0.40","51","768","1024","","","","1.80","","SW","Переменная облачность","2025-11-30 12:03"
"3.50","","-0.40","51","768","1024","","","","1.80","","SW","Переменная облачность","2025-11-30 12:04"
"3.50","","-0.40","51","768","1024","","","","1.80","","SW","Переменная облачность","2025-11-30 12:05"
"3.50","","-0.40","51","767","1023","","","","1.80","","SW","Переменная облачность","2025-11-30 12:06"
"3.50","","-0.40","51","767","1023","","","","1.80","","SW","Переменная облачность","2025-11-30 12:07"
"3.50","","-0.40","51","767","1023","","","","1.80","","SW","Переменная облачность","2025-11-30 12:08"
"3.50","","-0.40","51","767","1023","","","","1.80","","SW","Переменная облачность","2025-11-30 12:09"
"3.50","","-0.40","52","767","1023","","","","1.80","","SW","Переменная облачность","2025-11-30 12:10"
"3.50","","-0.40","52","767","1023","","","","1.80","","SW","Переменная облачность","2025-11-30 12:11"
"3.50","","-0.40","52","767","1023","","","","1.80","","SW","Переменная облачность","2025-11-30 12:12"
"3.50","","-0.40","52","767","1023","","","","1.80","","SW","Переменная облачность","2025-11-30 12:13"
"3.50","","-0.40","52","767","1023","","","","1.80","","SW","Переменная облачность","2025-11-30 12:14"
"3.50","","-0.40","52","767","1023","","","","1.80","","SW","Переменная облачность","2025-11-30 12:15"
"3.50","","-0.40","52","767","1023","","","","1.80","","SW","Переменная облачность","2025-11-30 12:16"
"3.50","","-0.40","52","767","1023","","","","1.80","","SW","Переменная облачность","2025-11-30 12:17"
"3.50","","-0.40","52","767","1023","","","","1.80","","SW","Переменная облачность","2025-11-30 12:18"
"3.50","","-0.40","52","767","1023","","","","1.80","","SW","Переменная облачность","2025-11-30 12:19"
"3.50","","-0.40","52","767","1023","","","","1.80","","SW","Переменная облачность","2025-11-30 12:20"
"3.50","","-0.40","51","767","1023","","","","1.80","","SW","Переменная облачность","2025-11-30 12:21"
"3.40","","-0.50","52","767","1023","","","","1.80","","SW","Переменная облачность","2025-11-30 12:22"
"3.40","","-0.50","52","767","1023","","","","1.80","","SW","Переменная облачность","2025-11-30 12:23"
"3.40","","-0.50","52","767","1023","","","","1.80","","SW","Переменная облачность","2025-11-30 12:24"
"3.40","","-0.50","52","767","1023","","","","1.80","","SW","Переменная облачность","2025-11-30 12:25"
"3.40","","-0.50","52","767","1023","","","","1.80","","SW","Переменная облачность","2025-11-30 12:26"
"3.40","","-0.50","51","767","1023","","","","1.80","","SW","Переменная облачность","2025-11-30 12:27"
"3.40","","-0.50","51","767","1023","","","","1.80","","SW","Переменная облачность","2025-11-30 12:28"
"3.30","","-0.70","51","767","1023","","","","1.80","","SW","Переменная облачность","2025-11-30 12:29"
"3.30","","-0.70","51","767","1023","","","","1.80","","SW","Переменная облачность","2025-11-30 12:30"
"3.30","","-0.70","51","767","1023","","","","1.80","","SW","Переменная облачность","2025-11-30 12:31"
"3.30","","-0.70","51","767","1023","","","","1.80","","SW","Переменная облачность","2025-11-30 12:32"
"3.30","","-0.70","51","767","1023","","","","1.80","","SW","Переменная облачность","2025-11-30 12:33"
"3.30","","-0.70","51","767","1023","","","","1.80","","SW","Переменная облачность","2025-11-30 12:34"
"3.30","","-0.70","51","767","1023","","","","1.80","","SW","Переменная облачность","2025-11-30 12:35"
"3.30","","-0.70","51","768","1024","","","","1.80","","SW","Облачно","2025-11-30 12:36"
"3.30","","-0.70","51","768","1024","","","","1.80","","SW","Облачно","2025-11-30 12:37"
"3.40","","-0.50","51","768","1024","","","","1.80","","SW","Облачно","2025-11-30 12:38"
"3.40","","-0.50","51","768","1024","","","","1.80","","SW","Облачно","2025-11-30 12:39"
"3.40","","-0.50","51","768","1024","","","","1.80","","SW","Облачно","2025-11-30 12:40"
"3.40","","-0.50","51","768","1024","","","","1.80","","SW","Облачно","2025-11-30 12:41"
"3.40","","-0.50","51","768","1024","","","","1.80","","SW","Облачно","2025-11-30 12:42"
"3.40","","-0.50","51","768","1024","","","","1.80","","SW","Облачно","2025-11-30 12:43"
"3.40","","-0.50","51","768","1024","","","","1.80","","SW","Облачно","2025-11-30 12:44"
"3.40","","-0.50","51","768","1024","","","","1.80","","SW","Облачно","2025-11-30 12:45"
"3.40","","-0.50","51","768","1024","","","","1.80","","SW","Облачно","2025-11-30 12:46"
"3.40","","-0.50","51","768","1024","","","","1.80","","SW","Облачно","2025-11-30 12:47"
"3.40","","-0.50","51","768","1024","","","","1.80","","SW","Облачно","2025-11-30 12:48"
"3.40","","-0.50","51","768","1024","","","","1.80","","SW","Облачно","2025-11-30 12:49"
"3.40","","-0.50","51","768","1024","","","","1.80","","SW","Облачно","2025-11-30 12:50"
"3.40","","-0.50","51","767","1023","","","","1.80","","SW","Облачно","2025-11-30 12:51"
"3.40","","-0.50","51","767","1023","","","","1.80","","SW","Облачно","2025-11-30 12:52"
"3.40","","-0.50","51","767","1023","","","","1.80","","SW","Облачно","2025-11-30 12:53"
"3.40","","-0.50","51","767","1023","","","","1.80","","SW","Облачно","2025-11-30 12:54"
"3.40","","-0.50","51","767","1023","","","","1.80","","SW","Облачно","2025-11-30 12:55"
"3.40","","-0.50","51","767","1023","","","","1.80","","SW","Облачно","2025-11-30 12:56"
"3.30","","-0.70","51","767","1023","","","","1.80","","SW","Облачно","2025-11-30 12:57"
"3.30","","-0.70","51","767","1023","","","","1.80","","SW","Облачно","2025-11-30 12:58"
"3.30","","-0.70","51","767","1023","","","","1.80","","SW","Облачно","2025-11-30 12:59"
"3.30","","-0.70","51","767","1023","","","","1.80","","SW","Облачно","2025-11-30 13:00"
"3.30","","-0.70","51","767","1023","","","","1.80","","SW","Облачно","2025-11-30 13:01"
"3.30","","-0.70","51","767","1023","","","","1.80","","SW","Облачно","2025-11-30 13:02"
"3.30","","-0.70","50","767","1023","","","","1.80","","SW","Облачно","2025-11-30 13:03"
"3.30","","-0.70","50","767","1023","","","","1.80","","SW","Облачно","2025-11-30 13:04"
"3.30","","-0.70","50","767","1023","","","","1.80","","SW","Облачно","2025-11-30 13:05"
"3.30","","-0.70","50","768","1024","","","","1.80","","SW","Облачно","2025-11-30 13:06"
"3.30","","-0.70","50","768","1024","","","","1.80","","SW","Облачно","2025-11-30 13:07"
"3.30","","-0.70","50","768","1024","","","","1.80","","SW","Облачно","2025-11-30 13:08"
"3.30","","-0.70","50","768","1024","","","","1.80","","SW","Облачно","2025-11-30 13:09"
"3.30","","-0.70","50","768","1024","","","","1.80","","SW","Облачно","2025-11-30 13:10"
"3.30","","-0.70","50","768","1024","","","","1.80","","SW","Облачно","2025-11-30 13:11"
"3.30","","-0.70","50","768","1024","","","","1.80","","SW","Облачно","2025-11-30 13:12"
"3.30","","-0.70","50","768","1024","","","","1.80","","SW","Облачно","2025-11-30 13:13"
"3.30","","-0.70","50","768","1024","","","","1.80","","SW","Облачно","2025-11-30 13:14"
"3.20","","-0.80","50","768","1024","","","","1.80","","SW","Облачно","2025-11-30 13:15"
"3.20","","-0.80","50","768","1024","","","","1.80","","SW","Облачно","2025-11-30 13:16"
"3.20","","-0.80","50","768","1024","","","","1.80","","SW","Облачно","2025-11-30 13:17"
"3.20","","-0.80","50","768","1024","","","","1.80","","SW","Облачно","2025-11-30 13:18"
"3.20","","-0.80","50","768","1024","","","","1.80","","SW","Облачно","2025-11-30 13:19"
"3.20","","-0.80","50","768","1024","","","","1.80","","SW","Облачно","2025-11-30 13:20"
"3.20","","-0.80","50","768","1024","","","","1.80","","SW","Облачно","2025-11-30 13:21"
"3.20","","-0.80","50","768","1024","","","","1.80","","SW","Облачно","2025-11-30 13:22"
"3.20","","-0.80","50","768","1024","","","","1.80","","SW","Облачно","2025-11-30 13:23"
"3.20","","-0.80","50","768","1024","","","","1.80","","SW","Облачно","2025-11-30 13:24"
"3.20","","-0.80","50","768","1024","","","","1.80","","SW","Облачно","2025-11-30 13:25"
"3.20","","-0.80","50","768","1024","","","","1.80","","SW","Облачно","2025-11-30 13:26"
"3.20","","-0.80","50","768","1024","","","","1.80","","SW","Облачно","2025-11-30 13:27"
"3.20","","-0.80","50","768","1024","","","","1.80","","SW","Облачно","2025-11-30 13:28"
"3.20","","-0.80","50","768","1024","","","","1.80","","SW","Облачно","2025-11-30 13:29"
"3.20","","-0.80","50","768","1024","","","","1.80","","SW","Облачно","2025-11-30 13:30"
"3.20","","-0.80","50","768","1024","","","","1.80","","SW","Облачно","2025-11-30 13:31"
"3.20","","-0.80","50","768","1024","","","","1.80","","SW","Облачно","2025-11-30 13:32"
"3.20","","-0.80","50","768","1024","","","","1.80","","SW","Облачно","2025-11-30 13:33"
"3.20","","-0.80","50","768","1024","","","","1.80","","SW","Облачно","2025-11-30 13:34"
"3.20","","-0.80","50","768","1024","","","","1.80","","SW","Облачно","2025-11-30 13:35"
"3.20","","-0.80","50","768","1024","","","","1.80","","SW","Облачно","2025-11-30 13:36"
"3.20","","-0.80","50","768","1024","","","","1.80","","SW","Облачно","2025-11-30 13:37"
"3.20","","-0.80","50","768","1024","","","","1.80","","SW","Облачно","2025-11-30 13:38"
"3.20","","-0.80","50","768","1024","","","","1.80","","SW","Облачно","2025-11-30 13:39"
"3.20","","-0.80","50","768","1024","","","","1.80","","SW","Облачно","2025-11-30 13:40"
"3.20","","-0.80","50","768","1024","","","","1.80","","SW","Облачно","2025-11-30 13:41"
"3.20","","-0.80","50","768","1024","","","","1.80","","SW","Облачно","2025-11-30 13:42"
"3.30","","-0.70","50","768","1024","","","","1.80","","SW","Облачно","2025-11-30 13:43"
"3.30","","-0.70","50","768","1024","","","","1.80","","SW","Облачно","2025-11-30 13:44"
"3.30","","-0.70","50","768","1024","","","","1.80","","SW","Облачно","2025-11-30 13:45"
"3.30","","-0.70","50","768","1024","","","","1.80","","SW","Облачно","2025-11-30 13:46"
"3.30","","-0.70","50","768","1024","","","","1.80","","SW","Облачно","2025-11-30 13:47"
"3.30","","-0.70","50","768","1024","","","","1.80","","SW","Облачно","2025-11-30 13:48"
"3.30","","-0.70","50","768","1024","","","","1.80","","SW","Облачно","2025-11-30 13:49"
"3.30","","-0.70","50","768","1024","","","","1.80","","SW","Облачно","2025-11-30 13:50"
"3.30","","-0.70","50","768","1024","","","","1.80","","SW","Облачно","2025-11-30 13:51"
"3.30","","-0.70","50","768","1024","","","","1.80","","SW","Облачно","2025-11-30 13:52"
"3.30","","-0.70","50","768","1024","","","","1.80","","SW","Облачно","2025-11-30 13:53"
"3.30","","-0.70","50","768","1024","","","","1.80","","SW","Облачно","2025-11-30 13:54"
"3.30","","-0.70","50","768","1024","","","","1.80","","SW","Облачно","2025-11-30 13:55"
"3.30","","-0.70","50","768","1024","","","","1.80","","SW","Облачно","2025-11-30 13:56"
"3.30","","-0.70","50","768","1024","","","","1.80","","SW","Облачно","2025-11-30 13:57"
"3.30","","-0.70","50","768","1024","","","","1.80","","SW","Облачно","2025-11-30 13:58"
"3.30","","-0.70","50","768","1024","","","","1.80","","SW","Облачно","2025-11-30 13:59"
"3.30","","-0.70","50","768","1024","","","","1.80","","SW","Облачно","2025-11-30 14:00"
"3.30","","-0.70","50","768","1024","","","","1.80","","SW","Облачно","2025-11-30 14:01"
"3.30","","-0.70","50","768","1024","","","","1.80","","SW","Облачно","2025-11-30 14:02"
"3.30","","-0.70","50","768","1024","","","","1.80","","SW","Облачно","2025-11-30 14:03"
"3.30","","-0.70","50","768","1024","","","","1.80","","SW","Облачно","2025-11-30 14:04"
"3.30","","-0.70","51","768","1024","","","","1.80","","SW","Облачно","2025-11-30 14:05"
"3.30","","-0.70","51","768","1024","","","","1.80","","SW","Облачно","2025-11-30 14:06"
"3.30","","-0.70","51","768","1024","","","","1.80","","SW","Облачно","2025-11-30 14:07"
"3.30","","-0.70","51","768","1024","","","","1.80","","SW","Облачно","2025-11-30 14:08"
"3.30","","-0.70","51","768","1024","","","","1.80","","SW","Облачно","2025-11-30 14:09"
"3.30","","-0.70","51","768","1024","","","","1.80","","SW","Облачно","2025-11-30 14:10"
"3.30","","-0.70","51","768","1024","","","","1.80","","SW","Облачно","2025-11-30 14:11"
"3.30","","-0.70","51","768","1024","","","","1.80","","SW","Облачно","2025-11-30 14:12"
"3.30","","-0.70","51","768","1024","","","","1.80","","SW","Облачно","2025-11-30 14:13"
"3.30","","-0.70","51","768","1024","","","","1.80","","SW","Облачно","2025-11-30 14:14"
"3.30","","-0.70","51","768","1024","","","","1.80","","SW","Облачно","2025-11-30 14:15"
"3.30","","-0.70","51","768","1024","","","","1.80","","SW","Облачно","2025-11-30 14:16"
"3.30","","-0.70","51","768","1024","","","","1.80","","SW","Облачно","2025-11-30 14:17"
"3.30","","-0.70","51","768","1024","","","","1.80","","SW","Облачно","2025-11-30 14:18"
"3.30","","-0.70","51","768","1024","","","","1.80","","SW","Облачно","2025-11-30 14:19"
"3.30","","-0.70","51","768","1024","","","","1.80","","SW","Облачно","2025-11-30 14:20"
"3.30","","-0.70","51","768","1024","","","","1.80","","SW","Облачно","2025-11-30 14:21"
"3.30","","-0.70","51","768","1024","","","","1.80","","SW","Облачно","2025-11-30 14:22"
"3.30","","-0.70","51","768","1024","","","","1.80","","SW","Облачно","2025-11-30 14:23"
"3.30","","-0.70","51","768","1024","","","","1.80","","SW","Облачно","2025-11-30 14:24"
"3.30","","-0.70","50","768","1024","","","","1.80","","SW","Облачно","2025-11-30 14:25"
"3.30","","-0.70","50","768","1024","","","","1.80","","SW","Облачно","2025-11-30 14:26"
"3.30","","-0.70","50","768","1024","","","","1.80","","SW","Облачно","2025-11-30 14:27"
"3.30","","-0.70","50","768","1024","","","","1.80","","SW","Облачно","2025-11-30 14:28"
"3.30","","-0.70","50","768","1024","","","","1.80","","SW","Облачно","2025-11-30 14:29"
"3.30","","-0.70","50","768","1024","","","","1.80","","SW","Облачно","2025-11-30 14:30"
"3.30","","-0.70","50","768","1024","","","","1.80","","SW","Облачно","2025-11-30 14:31"
"3.30","","-0.70","50","768","1024","","","","1.80","","SW","Облачно","2025-11-30 14:32"
"3.30","","-0.70","50","768","1024","","","","1.80","","SW","Облачно","2025-11-30 14:33"
"3.30","","-0.70","50","768","1024","","","","1.80","","SW","Облачно","2025-11-30 14:34"
"3.30","","-0.70","50","768","1024","","","","1.80","","SW","Облачно","2025-11-30 14:35"
"3.30","","-0.70","50","768","1024","","","","1.80","","SW","Облачно","2025-11-30 14:36"
"3.30","","-0.70","50","768","1024","","","","1.80","","SW","Облачно","2025-11-30 14:37"
"3.30","","-0.70","50","768","1024","","","","1.80","","SW","Облачно","2025-11-30 14:38"
"3.30","","-0.70","50","768","1024","","","","1.80","","SW","Облачно","2025-11-30 14:39"
"3.30","","-0.70","50","768","1024","","","","1.80","","SW","Облачно","2025-11-30 14:40"
"3.30","","-0.70","50","768","1024","","","","1.80","","SW","Облачно","2025-11-30 14:41"
"3.30","","-0.70","50","768","1024","","","","1.80","","SW","Облачно","2025-11-30 14:42"
"3.40","","-0.60","50","768","1024","","","","1.80","","SW","Облачно","2025-11-30 14:43"
"3.40","","-0.60","50","768","1024","","","","1.80","","SW","Облачно","2025-11-30 14:44"
"3.40","","-0.60","50","768","1024","","","","1.80","","SW","Облачно","2025-11-30 14:45"
"3.40","","-0.60","50","768","1024","","","","1.80","","SW","Облачно","2025-11-30 14:46"
"3.40","","-0.60","50","768","1024","","","","1.80","","SW","Облачно","2025-11-30 14:47"
"3.40","","-0.60","50","768","1024","","","","1.80","","SW","Облачно","2025-11-30 14:48"
"3.40","","-0.60","50","768","1024","","","","1.80","","SW","Облачно","2025-11-30 14:49"
"3.40","","-0.60","50","768","1024","","","","1.80","","SW","Облачно","2025-11-30 14:50"
"3.40","","-0.60","50","768","1024","","","","1.80","","SW","Облачно","2025-11-30 14:51"
"3.40","","-0.60","50","768","1024","","","","1.80","","SW","Облачно","2025-11-30 14:52"
"3.40","","-0.60","50","768","1024","","","","1.80","","SW","Облачно","2025-11-30 14:53"
"3.30","","-0.70","50","768","1024","","","","1.80","","SW","Облачно","2025-11-30 14:54"
"3.30","","-0.70","50","768","1024","","","","1.80","","SW","Облачно","2025-11-30 14:55"
"3.30","","-0.70","50","768","1024","","","","1.80","","SW","Облачно","2025-11-30 14:56"
"3.40","","-0.60","50","768","1024","","","","1.80","","SW","Облачно","2025-11-30 14:57"
"3.40","","-0.60","50","768","1024","","","","1.80","","SW","Облачно","2025-11-30 14:58"
"3.40","","-0.60","50","768","1024","","","","1.80","","SW","Облачно","2025-11-30 14:59"
"3.30","","-0.70","50","768","1024","","","","1.80","","SW","Облачно","2025-11-30 15:00"
"3.30","","-0.70","50","768","1024","","","","1.80","","SW","Облачно","2025-11-30 15:01"
"3.30","","-0.70","50","768","1024","","","","1.80","","SW","Облачно","2025-11-30 15:02"
"3.30","","-0.70","50","768","1024","","","","1.80","","SW","Облачно","2025-11-30 15:03"
"3.30","","-0.70","50","768","1024","","","","1.80","","SW","Облачно","2025-11-30 15:04"
"3.30","","-0.70","50","768","1024","","","","1.80","","SW","Облачно","2025-11-30 15:05"
"3.30","","-0.70","50","768","1024","","","","1.80","","SW","Облачно","2025-11-30 15:06"
"3.30","","-0.70","50","768","1024","","","","1.80","","SW","Облачно","2025-11-30 15:07"
"3.40","","-0.60","50","768","1024","","","","1.80","","SW","Облачно","2025-11-30 15:08"
"3.40","","-0.60","50","768","1024","","","","1.80","","SW","Облачно","2025-11-30 15:09"
"3.40","","-0.60","50","768","1024","","","","1.80","","SW","Облачно","2025-11-30 15:10"
"3.40","","-0.60","50","768","1024","","","","1.80","","SW","Облачно","2025-11-30 15:11"
"3.30","","-0.70","50","768","1024","","","","1.80","","SW","Облачно","2025-11-30 15:12"
"3.30","","-0.70","50","768","1024","","","","1.80","","SW","Облачно","2025-11-30 15:13"
"3.40","","-0.60","50","768","1024","","","","1.80","","SW","Облачно","2025-11-30 15:14"
"3.40","","-0.60","50","768","1024","","","","1.80","","SW","Облачно","2025-11-30 15:15"
"3.40","","-0.60","50","768","1024","","","","1.80","","SW","Облачно","2025-11-30 15:16"
"3.40","","-0.60","50","768","1024","","","","1.80","","SW","Облачно","2025-11-30 15:17"
"3.40","","-0.60","50","768","1024","","","","1.80","","SW","Облачно","2025-11-30 15:18"
"3.40","","-0.60","50","768","1024","","","","1.80","","SW","Облачно","2025-11-30 15:19"
"3.40","","-0.60","50","768","1024","","","","1.80","","SW","Облачно","2025-11-30 15:20"
"3.40","","-0.60","50","768","1024","","","","1.80","","SW","Облачно","2025-11-30 15:21"
"3.40","","-0.60","50","768","1024","","","","1.80","","SW","Облачно","2025-11-30 15:22"
"3.30","","-0.70","50","768","1024","","","","1.80","","SW","Облачно","2025-11-30 15:23"
"3.30","","-0.70","50","768","1024","","","","1.80","","SW","Облачно","2025-11-30 15:24"
"3.30","","-0.70","50","768","1024","","","","1.80","","SW","Облачно","2025-11-30 15:25"
"3.30","","-0.70","50","768","1024","","","","1.80","","SW","Облачно","2025-11-30 15:26"
"3.40","","-0.60","50","768","1024","","","","1.80","","SW","Облачно","2025-11-30 15:27"
"3.40","","-0.60","50","768","1024","","","","1.80","","SW","Облачно","2025-11-30 15:28"
"3.40","","-0.60","50","768","1024","","","","1.80","","SW","Облачно","2025-11-30 15:29"
"3.40","","-0.60","50","768","1024","","","","1.80","","SW","Облачно","2025-11-30 15:30"
"3.40","","-0.60","50","768","1024","","","","1.80","","SW","Облачно","2025-11-30 15:31"
"3.40","","-0.60","50","768","1024","","","","1.80","","SW","Облачно","2025-11-30 15:32"
"3.40","","-0.60","50","768","1024","","","","1.80","","SW","Облачно","2025-11-30 15:33"
"3.50","","-0.50","50","768","1024","","","","1.80","","SW","Облачно","2025-11-30 15:34"
"3.50","","-0.50","50","768","1024","","","","1.80","","SW","Облачно","2025-11-30 15:35"
"3.50","","-0.50","50","768","1024","","","","1.80","","SW","Облачно","2025-11-30 15:36"
"3.40","","-0.60","50","768","1024","","","","1.80","","SW","Облачно","2025-11-30 15:37"
"3.40","","-0.60","50","768","1024","","","","1.80","","SW","Облачно","2025-11-30 15:38"
"3.40","","-0.60","50","768","1024","","","","1.80","","SW","Облачно","2025-11-30 15:39"
"3.40","","-0.60","50","768","1024","","","","1.80","","SW","Облачно","2025-11-30 15:40"
"3.40","","-0.60","50","768","1024","","","","1.80","","SW","Облачно","2025-11-30 15:41"
"3.40","","-0.60","50","768","1024","","","","1.80","","SW","Облачно","2025-11-30 15:42"
"3.40","","-0.60","50","768","1024","","","","1.80","","SW","Облачно","2025-11-30 15:43"
"3.40","","-0.60","50","768","1024","","","","1.80","","SW","Облачно","2025-11-30 15:44"
"3.50","","-0.50","50","768","1024","","","","1.80","","SW","Облачно","2025-11-30 15:45"
"3.50","","-0.50","50","768","1024","","","","1.80","","SW","Облачно","2025-11-30 15:46"
"3.50","","-0.50","50","768","1024","","","","1.80","","SW","Облачно","2025-11-30 15:47"
"3.50","","-0.50","50","768","1024","","","","1.80","","SW","Облачно","2025-11-30 15:48"
"3.50","","-0.50","50","768","1024","","","","1.80","","SW","Облачно","2025-11-30 15:49"
"3.40","","-0.60","50","768","1024","","","","1.80","","SW","Облачно","2025-11-30 15:50"
"3.40","","-0.60","50","768","1024","","","","1.80","","SW","Облачно","2025-11-30 15:51"
"3.40","","-0.60","50","768","1024","","","","1.80","","SW","Облачно","2025-11-30 15:52"
"3.40","","-0.60","50","768","1024","","","","1.80","","SW","Облачно","2025-11-30 15:53"
"3.40","","-0.60","50","768","1024","","","","1.80","","SW","Облачно","2025-11-30 15:54"
"3.40","","-0.60","50","768","1024","","","","1.80","","SW","Облачно","2025-11-30 15:55"
"3.40","","-0.60","50","768","1024","","","","1.80","","SW","Облачно","2025-11-30 15:56"
"3.40","","-0.60","50","768","1024","","","","1.80","","SW","Облачно","2025-11-30 15:57"
"3.50","","-0.50","50","768","1024","","","","1.80","","SW","Облачно","2025-11-30 15:58"
"3.40","","-0.60","50","768","1024","","","","1.80","","SW","Облачно","2025-11-30 15:59"
"3.40","","-0.60","50","768","1024","","","","1.80","","SW","Облачно","2025-11-30 16:00"
"3.40","","-0.60","50","768","1024","","","","1.80","","SW","Облачно","2025-11-30 16:01"
"3.40","","-0.60","50","768","1024","","","","1.80","","SW","Облачно","2025-11-30 16:02"
"3.40","","-0.60","50","768","1024","","","","1.80","","SW","Облачно","2025-11-30 16:03"
"3.40","","-0.60","50","768","1024","","","","1.80","","SW","Облачно","2025-11-30 16:04"
"3.40","","-0.60","50","768","1024","","","","1.80","","SW","Облачно","2025-11-30 16:05"
"3.40","","-0.60","50","768","1024","","","","1.80","","SW","Облачно","2025-11-30 16:06"
"3.40","","-0.60","50","768","1024","","","","1.80","","SW","Облачно","2025-11-30 16:07"
"3.40","","-0.60","50","768","1024","","","","1.80","","SW","Облачно","2025-11-30 16:08"
"3.40","","-0.60","50","768","1024","","","","1.80","","SW","Облачно","2025-11-30 16:09"
"3.40","","-0.60","50","768","1024","","","","1.80","","SW","Облачно","2025-11-30 16:10"
"3.40","","-0.60","50","768","1024","","","","1.80","","SW","Облачно","2025-11-30 16:11"
"3.40","","-0.60","50","768","1024","","","","1.80","","SW","Облачно","2025-11-30 16:12"
"3.40","","-0.60","50","768","1024","","","","1.80","","SW","Облачно","2025-11-30 16:13"
"3.40","","-0.60","50","768","1024","","","","1.80","","SW","Облачно","2025-11-30 16:14"
"3.40","","-0.60","50","768","1024","","","","1.80","","SW","Облачно","2025-11-30 16:15"
"3.30","","-0.70","50","768","1024","","","","1.80","","SW","Облачно","2025-11-30 16:16"
"3.30","","-0.70","50","768","1024","","","","1.80","","SW","Облачно","2025-11-30 16:17"
"3.40","","-0.60","50","768","1024","","","","1.80","","SW","Облачно","2025-11-30 16:18"
"3.40","","-0.60","50","768","1024","","","","1.80","","SW","Облачно","2025-11-30 16:19"
"3.30","","-0.70","50","768","1024","","","","1.80","","SW","Облачно","2025-11-30 16:20"
"3.30","","-0.70","50","768","1024","","","","1.80","","SW","Облачно","2025-11-30 16:21"
"3.30","","-0.70","50","768","1024","","","","1.80","","SW","Облачно","2025-11-30 16:22"
"3.40","","-0.50","51","768","1024","","","","1.80","","SW","Облачно","2025-11-30 16:23"
"3.40","","-0.50","51","768","1024","","","","1.80","","SW","Облачно","2025-11-30 16:24"
"3.40","","-0.50","51","768","1024","","","","1.80","","SW","Облачно","2025-11-30 16:25"
"3.40","","-0.50","51","768","1024","","","","1.80","","SW","Облачно","2025-11-30 16:26"
"3.40","","-0.50","51","768","1024","","","","1.80","","SW","Облачно","2025-11-30 16:27"
"3.40","","-0.50","51","768","1024","","","","1.80","","SW","Облачно","2025-11-30 16:28"
"3.40","","-0.50","51","768","1024","","","","1.80","","SW","Облачно","2025-11-30 16:29"
"3.40","","-0.50","51","768","1024","","","","1.80","","SW","Облачно","2025-11-30 16:30"
"3.40","","-0.50","51","768","1024","","","","1.80","","SW","Облачно","2025-11-30 16:31"
"3.40","","-0.50","51","768","1024","","","","1.80","","SW","Облачно","2025-11-30 16:32"
"3.40","","-0.50","51","768","1024","","","","1.80","","SW","Облачно","2025-11-30 16:33"
"3.40","","-0.50","51","768","1024","","","","1.80","","SW","Облачно","2025-11-30 16:34"
"3.40","","-0.50","51","768","1024","","","","1.80","","SW","Облачно","2025-11-30 16:35"
"3.40","","-0.50","51","768","1025","","","","1.80","","SW","Облачно","2025-11-30 16:36"
"3.30","","-0.70","51","768","1025","","","","1.80","","SW","Облачно","2025-11-30 16:37"
"3.40","","-0.50","51","768","1025","","","","1.80","","SW","Облачно","2025-11-30 16:38"
"3.40","","-0.50","51","768","1025","","","","1.80","","SW","Облачно","2025-11-30 16:39"
"3.40","","-0.50","51","768","1025","","","","1.80","","SW","Облачно","2025-11-30 16:40"
"3.40","","-0.50","51","768","1025","","","","1.80","","SW","Облачно","2025-11-30 16:41"
"3.40","","-0.50","51","768","1025","","","","1.80","","SW","Облачно","2025-11-30 16:42"
"3.40","","-0.50","51","768","1025","","","","1.80","","SW","Облачно","2025-11-30 16:43"
"3.40","","-0.50","51","768","1025","","","","1.80","","SW","Облачно","2025-11-30 16:44"
"3.40","","-0.50","51","768","1025","","","","1.80","","SW","Облачно","2025-11-30 16:45"
"3.40","","-0.50","51","768","1025","","","","1.80","","SW","Облачно","2025-11-30 16:46"
"3.40","","-0.50","51","768","1025","","","","1.80","","SW","Облачно","2025-11-30 16:47"
"3.40","","-0.50","51","768","1025","","","","1.80","","SW","Облачно","2025-11-30 16:48"
"3.40","","-0.50","51","768","1025","","","","1.80","","SW","Облачно","2025-11-30 16:49"
"3.40","","-0.50","51","768","1025","","","","1.80","","SW","Облачно","2025-11-30 16:50"
"3.40","","-0.50","51","768","1025","","","","1.80","","SW","Облачно","2025-11-30 16:51"
"3.40","","-0.50","51","768","1025","","","","1.80","","SW","Облачно","2025-11-30 16:52"
"3.40","","-0.50","51","768","1025","","","","1.80","","SW","Облачно","2025-11-30 16:53"
"3.40","","-0.50","51","768","1025","","","","1.80","","SW","Облачно","2025-11-30 16:54"
"3.40","","-0.50","51","768","1025","","","","1.80","","SW","Облачно","2025-11-30 16:55"
"3.40","","-0.50","51","768","1025","","","","1.80","","SW","Облачно","2025-11-30 16:56"
"3.40","","-0.50","51","768","1025","","","","1.80","","SW","Облачно","2025-11-30 16:57"
"3.40","","-0.50","51","768","1025","","","","1.80","","SW","Облачно","2025-11-30 16:58"
"3.30","","-0.70","51","768","1025","","","","1.80","","SW","Облачно","2025-11-30 16:59"
"3.30","","-0.70","51","768","1025","","","","1.80","","SW","Облачно","2025-11-30 17:00"
"3.30","","-0.70","51","768","1025","","","","1.80","","SW","Облачно","2025-11-30 17:01"
"3.30","","-0.70","51","768","1025","","","","1.80","","SW","Облачно","2025-11-30 17:02"
"3.30","","-0.70","51","768","1025","","","","1.80","","SW","Облачно","2025-11-30 17:03"
"3.30","","-0.70","51","768","1025","","","","1.80","","SW","Облачно","2025-11-30 17:04"
"3.40","","-0.50","51","768","1025","","","","1.80","","SW","Облачно","2025-11-30 17:05"
"3.40","","-0.50","51","768","1024","","","","1.80","","SW","Облачно","2025-11-30 17:06"
"3.40","","-0.50","51","768","1024","","","","1.80","","SW","Облачно","2025-11-30 17:07"
"3.40","","-0.50","51","768","1024","","","","1.80","","SW","Облачно","2025-11-30 17:08"
"3.40","","-0.50","51","768","1024","","","","1.80","","SW","Облачно","2025-11-30 17:09"
"3.40","","-0.50","51","768","1024","","","","1.80","","SW","Облачно","2025-11-30 17:10"
"3.40","","-0.50","51","768","1024","","","","1.80","","SW","Облачно","2025-11-30 17:11"
"3.40","","-0.50","51","768","1024","","","","1.80","","SW","Облачно","2025-11-30 17:12"
"3.30","","-0.70","51","768","1024","","","","1.80","","SW","Облачно","2025-11-30 17:13"
"3.30","","-0.70","51","768","1024","","","","1.80","","SW","Облачно","2025-11-30 17:14"
"3.40","","-0.50","51","768","1024","","","","1.80","","SW","Облачно","2025-11-30 17:15"
"3.40","","-0.50","51","768","1024","","","","1.80","","SW","Облачно","2025-11-30 17:16"
"3.40","","-0.50","51","768","1024","","","","1.80","","SW","Облачно","2025-11-30 17:17"
"3.40","","-0.50","51","768","1024","","","","1.80","","SW","Облачно","2025-11-30 17:18"
"3.40","","-0.50","51","768","1024","","","","1.80","","SW","Облачно","2025-11-30 17:19"
"3.40","","-0.50","51","768","1024","","","","1.80","","SW","Облачно","2025-11-30 17:20"
"3.40","","-0.50","51","768","1024","","","","1.80","","SW","Облачно","2025-11-30 17:21"
"3.40","","-0.50","51","768","1024","","","","1.80","","SW","Облачно","2025-11-30 17:22"
"3.40","","-0.50","51","768","1024","","","","1.80","","SW","Облачно","2025-11-30 17:23"
"3.40","","-0.50","51","768","1024","","","","1.80","","SW","Облачно","2025-11-30 17:24"
"3.30","","-0.70","51","768","1024","","","","1.80","","SW","Облачно","2025-11-30 17:25"
"3.30","","-0.70","51","768","1024","","","","1.80","","SW","Облачно","2025-11-30 17:26"
"3.40","","-0.50","51","768","1024","","","","1.80","","SW","Облачно","2025-11-30 17:27"
"3.40","","-0.50","51","768","1024","","","","1.80","","SW","Облачно","2025-11-30 17:28"
"3.40","","-0.50","51","768","1024","","","","1.80","","SW","Облачно","2025-11-30 17:29"
"3.40","","-0.50","51","768","1024","","","","1.80","","SW","Облачно","2025-11-30 17:30"
"3.30","","-0.70","51","768","1024","","","","1.80","","SW","Облачно","2025-11-30 17:31"
"3.30","","-0.70","51","768","1024","","","","1.80","","SW","Облачно","2025-11-30 17:32"
"3.30","","-0.70","51","768","1024","","","","1.80","","SW","Облачно","2025-11-30 17:33"
"3.30","","-0.70","51","768","1024","","","","1.80","","SW","Облачно","2025-11-30 17:34"
"3.40","","-0.50","51","768","1024","","","","1.80","","SW","Облачно","2025-11-30 17:35"
"3.40","","-0.50","51","768","1024","","","","1.80","","SW","Облачно","2025-11-30 17:36"
"3.40","","-0.50","51","768","1024","","","","1.80","","SW","Облачно","2025-11-30 17:37"
"3.40","","-0.50","51","768","1024","","","","1.80","","SW","Облачно","2025-11-30 17:38"
"3.40","","-0.50","51","768","1024","","","","1.80","","SW","Облачно","2025-11-30 17:39"
"3.40","","-0.50","51","768","1024","","","","1.80","","SW","Облачно","2025-11-30 17:40"
"3.40","","-0.50","51","768","1024","","","","1.80","","SW","Облачно","2025-11-30 17:41"
"3.40","","-0.50","51","768","1024","","","","1.80","","SW","Облачно","2025-11-30 17:42"
"3.40","","-0.50","51","768","1024","","","","1.80","","SW","Облачно","2025-11-30 17:43"
"3.40","","-0.50","51","768","1024","","","","1.80","","SW","Облачно","2025-11-30 17:44"
"3.40","","-0.50","51","768","1024","","","","1.80","","SW","Облачно","2025-11-30 17:45"
"3.30","","-0.70","51","768","1024","","","","1.80","","SW","Облачно","2025-11-30 17:46"
"3.30","","-0.70","51","768","1024","","","","1.80","","SW","Облачно","2025-11-30 17:47"
"3.30","","-0.70","51","768","1024","","","","1.80","","SW","Облачно","2025-11-30 17:48"
"3.30","","-0.70","51","768","1024","","","","1.80","","SW","Облачно","2025-11-30 17:49"
"3.30","","-0.70","51","768","1024","","","","1.80","","SW","Облачно","2025-11-30 17:50"
"3.30","","-0.70","51","768","1024","","","","1.80","","SW","Облачно","2025-11-30 17:51"
"3.30","","-0.70","51","768","1024","","","","1.80","","SW","Облачно","2025-11-30 17:52"
"3.30","","-0.70","51","768","1024","","","","1.80","","SW","Облачно","2025-11-30 17:53"
"3.30","","-0.70","51","768","1024","","","","1.80","","SW","Облачно","2025-11-30 17:54"
"3.30","","-0.70","51","768","1024","","","","1.80","","SW","Облачно","2025-11-30 17:55"
"3.30","","-0.70","51","768","1024","","","","1.80","","SW","Облачно","2025-11-30 17:56"
"3.30","","-0.70","51","768","1024","","","","1.80","","SW","Облачно","2025-11-30 17:57"
"3.30","","-0.70","51","768","1024","","","","1.80","","SW","Облачно","2025-11-30 17:58"
"3.30","","-0.70","51","768","1024","","","","1.80","","SW","Облачно","2025-11-30 17:59"
"3.30","","-0.70","51","768","1024","","","","1.80","","SW","Облачно","2025-11-30 18:00"
"3.30","","-0.70","51","768","1024","","","","1.80","","SW","Облачно","2025-11-30 18:01"
"3.20","","-0.80","51","768","1024","","","","1.80","","SW","Облачно","2025-11-30 18:02"
"3.20","","-0.80","51","768","1024","","","","1.80","","SW","Облачно","2025-11-30 18:03"
"3.20","","-0.80","51","768","1024","","","","1.80","","SW","Облачно","2025-11-30 18:04"
"3.20","","-0.80","51","768","1024","","","","1.80","","SW","Облачно","2025-11-30 18:05"
"3.20","","-0.80","51","768","1024","","","","1.80","","SW","Облачно","2025-11-30 18:06"
"3.20","","-0.80","51","768","1024","","","","1.80","","SW","Облачно","2025-11-30 18:07"
"3.20","","-0.80","51","768","1024","","","","1.80","","SW","Облачно","2025-11-30 18:08"
"3.20","","-0.80","51","768","1024","","","","1.80","","SW","Облачно","2025-11-30 18:09"
"3.20","","-0.80","51","768","1024","","","","1.80","","SW","Облачно","2025-11-30 18:10"
"3.20","","-0.80","51","768","1024","","","","1.80","","SW","Облачно","2025-11-30 18:11"
"3.20","","-0.80","51","768","1024","","","","1.80","","SW","Облачно","2025-11-30 18:12"
"3.20","","-0.80","51","768","1024","","","","1.80","","SW","Облачно","2025-11-30 18:13"
"3.20","","-0.70","52","768","1024","","","","1.80","","SW","Облачно","2025-11-30 18:14"
"3.20","","-0.70","52","768","1024","","","","1.80","","SW","Облачно","2025-11-30 18:15"
"3.20","","-0.70","52","768","1024","","","","1.80","","SW","Облачно","2025-11-30 18:16"
"3.20","","-0.70","52","768","1024","","","","1.80","","SW","Облачно","2025-11-30 18:17"
"3.20","","-0.70","52","768","1024","","","","1.80","","SW","Облачно","2025-11-30 18:18"
"3.20","","-0.70","52","768","1024","","","","1.80","","SW","Облачно","2025-11-30 18:19"
"3.20","","-0.70","52","768","1024","","","","1.80","","SW","Облачно","2025-11-30 18:20"
"3.20","","-0.70","52","768","1024","","","","1.80","","SW","Облачно","2025-11-30 18:21"
"3.20","","-0.70","52","768","1024","","","","1.80","","SW","Облачно","2025-11-30 18:22"
"3.20","","-0.70","52","768","1024","","","","1.80","","SW","Облачно","2025-11-30 18:23"
"3.20","","-0.70","52","768","1024","","","","1.80","","SW","Облачно","2025-11-30 18:24"
"3.20","","-0.70","52","768","1024","","","","1.80","","SW","Облачно","2025-11-30 18:25"
"3.20","","-0.70","52","768","1024","","","","1.80","","SW","Облачно","2025-11-30 18:26"
"3.20","","-0.70","52","768","1024","","","","1.80","","SW","Облачно","2025-11-30 18:27"
"3.20","","-0.70","52","768","1024","","","","1.80","","SW","Облачно","2025-11-30 18:28"
"3.10","","-0.90","52","768","1024","","","","1.80","","SW","Облачно","2025-11-30 18:29"
"3.10","","-0.90","52","768","1024","","","","1.80","","SW","Облачно","2025-11-30 18:30"
"3.10","","-0.90","52","768","1024","","","","1.80","","SW","Облачно","2025-11-30 18:31"
"3.10","","-0.90","52","768","1024","","","","1.80","","SW","Облачно","2025-11-30 18:32"
"3.10","","-0.90","52","768","1024","","","","1.80","","SW","Облачно","2025-11-30 18:33"
"3.10","","-0.90","52","768","1024","","","","1.80","","SW","Облачно","2025-11-30 18:34"
"3.10","","-0.90","52","768","1024","","","","1.80","","SW","Облачно","2025-11-30 18:35"
"3.10","","-0.90","52","768","1024","","","","1.80","","SW","Облачно","2025-11-30 18:36"
"3.10","","-0.90","52","768","1024","","","","1.80","","SW","Облачно","2025-11-30 18:37"
"3.10","","-0.90","52","768","1024","","","","1.80","","SW","Облачно","2025-11-30 18:38"
"3.20","","-0.70","52","768","1024","","","","1.80","","SW","Облачно","2025-11-30 18:39"
"3.10","","-0.90","52","768","1024","","","","1.80","","SW","Облачно","2025-11-30 18:40"
"3.10","","-0.90","52","768","1024","","","","1.80","","SW","Облачно","2025-11-30 18:41"
"3.20","","-0.70","52","768","1024","","","","1.80","","SW","Облачно","2025-11-30 18:42"
"3.20","","-0.70","52","768","1024","","","","1.80","","SW","Облачно","2025-11-30 18:43"
"3.20","","-0.70","52","768","1024","","","","1.80","","SW","Облачно","2025-11-30 18:44"
"3.20","","-0.70","52","768","1024","","","","1.80","","SW","Облачно","2025-11-30 18:45"
"3.10","","-0.90","52","768","1024","","","","1.80","","SW","Облачно","2025-11-30 18:46"
"3.20","","-0.70","52","768","1024","","","","1.80","","SW","Облачно","2025-11-30 18:47"
"3.20","","-0.70","52","768","1024","","","","1.80","","SW","Облачно","2025-11-30 18:48"
"3.20","","-0.70","52","768","1024","","","","1.80","","SW","Облачно","2025-11-30 18:49"
"3.10","","-0.90","52","768","1024","","","","1.80","","SW","Облачно","2025-11-30 18:50"
"3.10","","-0.90","52","768","1024","","","","1.80","","SW","Облачно","2025-11-30 18:51"
"3.10","","-0.90","52","768","1024","","","","1.80","","SW","Облачно","2025-11-30 18:52"
"3.10","","-0.90","52","768","1024","","","","1.80","","SW","Облачно","2025-11-30 18:53"
"3.10","","-0.90","52","768","1024","","","","1.80","","SW","Облачно","2025-11-30 18:54"
"3.10","","-0.90","52","768","1024","","","","1.80","","SW","Облачно","2025-11-30 18:55"
"3.10","","-0.90","52","768","1024","","","","1.80","","SW","Облачно","2025-11-30 18:56"
"3.10","","-0.90","52","768","1024","","","","1.80","","SW","Облачно","2025-11-30 18:57"
"3.10","","-0.90","52","768","1024","","","","1.80","","SW","Облачно","2025-11-30 18:58"
"3.10","","-0.90","52","768","1024","","","","1.80","","SW","Облачно","2025-11-30 18:59"
"3.10","","-0.90","52","768","1024","","","","1.80","","SW","Облачно","2025-11-30 19:00"
"3.10","","-0.90","52","768","1024","","","","1.80","","SW","Облачно","2025-11-30 19:01"
"3.10","","-0.90","52","768","1024","","","","1.80","","SW","Облачно","2025-11-30 19:02"
"3.10","","-0.90","52","768","1024","","","","1.80","","SW","Облачно","2025-11-30 19:03"
"3.10","","-0.90","52","768","1024","","","","1.80","","SW","Облачно","2025-11-30 19:04"
"3.10","","-0.90","52","768","1024","","","","1.80","","SW","Облачно","2025-11-30 19:05"
"3.10","","-0.90","52","768","1024","","","","1.80","","SW","Облачно","2025-11-30 19:06"
"3.10","","-0.90","52","768","1024","","","","1.80","","SW","Облачно","2025-11-30 19:07"
"3.10","","-0.90","52","768","1024","","","","1.80","","SW","Облачно","2025-11-30 19:08"
"3.00","","-1.00","52","768","1024","","","","1.80","","SW","Облачно","2025-11-30 19:09"
"3.00","","-1.00","52","768","1024","","","","1.80","","SW","Облачно","2025-11-30 19:10"
"3.00","","-1.00","52","768","1024","","","","1.80","","SW","Облачно","2025-11-30 19:11"
"3.00","","-1.00","52","768","1024","","","","1.80","","SW","Облачно","2025-11-30 19:12"
"3.00","","-1.00","52","768","1024","","","","1.80","","SW","Облачно","2025-11-30 19:13"
"3.10","","-0.80","53","768","1024","","","","1.80","","SW","Облачно","2025-11-30 19:14"
"3.10","","-0.80","53","768","1024","","","","1.80","","SW","Облачно","2025-11-30 19:15"
"3.10","","-0.80","53","768","1024","","","","1.80","","SW","Облачно","2025-11-30 19:16"
"3.20","","-0.70","53","768","1024","","","","1.80","","SW","Облачно","2025-11-30 19:17"
"3.20","","-0.70","53","768","1024","","","","1.80","","SW","Облачно","2025-11-30 19:18"
"3.10","","-0.80","53","768","1024","","","","1.80","","SW","Облачно","2025-11-30 19:19"
"3.10","","-0.80","53","768","1024","","","","1.80","","SW","Облачно","2025-11-30 19:20"
"3.10","","-0.80","53","768","1024","","","","1.80","","SW","Облачно","2025-11-30 19:21"
"3.10","","-0.80","53","768","1024","","","","1.80","","SW","Облачно","2025-11-30 19:22"
"3.10","","-0.80","53","768","1024","","","","1.80","","SW","Облачно","2025-11-30 19:23"
"3.10","","-0.80","53","768","1024","","","","1.80","","SW","Облачно","2025-11-30 19:24"
"3.10","","-0.80","53","768","1024","","","","1.80","","SW","Облачно","2025-11-30 19:25"
"3.10","","-0.80","53","768","1024","","","","1.80","","SW","Облачно","2025-11-30 19:26"
"3.10","","-0.80","53","768","1024","","","","1.80","","SW","Облачно","2025-11-30 19:27"
"3.10","","-0.90","52","768","1024","","","","1.80","","SW","Облачно","2025-11-30 19:28"
"3.10","","-0.90","52","768","1024","","","","1.80","","SW","Облачно","2025-11-30 19:29"
"3.10","","-0.90","52","768","1024","","","","1.80","","SW","Облачно","2025-11-30 19:30"
"3.10","","-0.90","52","768","1024","","","","1.80","","SW","Облачно","2025-11-30 19:31"
"3.10","","-0.90","52","768","1024","","","","1.80","","SW","Облачно","2025-11-30 19:32"
"3.10","","-0.90","52","768","1024","","","","1.80","","SW","Облачно","2025-11-30 19:33"
"3.10","","-0.90","52","768","1024","","","","1.80","","SW","Облачно","2025-11-30 19:34"
"3.10","","-0.90","52","768","1024","","","","1.80","","SW","Облачно","2025-11-30 19:35"
"3.10","","-0.90","52","768","1024","","","","1.80","","SW","Облачно","2025-11-30 19:36"
"3.10","","-0.90","52","768","1024","","","","1.80","","SW","Облачно","2025-11-30 19:37"
"3.10","","-0.90","52","768","1024","","","","1.80","","SW","Облачно","2025-11-30 19:38"
"3.10","","-0.90","52","768","1024","","","","1.80","","SW","Облачно","2025-11-30 19:39"
"3.00","","-1.00","52","768","1024","","","","1.80","","SW","Облачно","2025-11-30 19:40"
"3.00","","-1.00","52","768","1024","","","","1.80","","SW","Облачно","2025-11-30 19:41"
"3.00","","-1.00","52","768","1024","","","","1.80","","SW","Облачно","2025-11-30 19:42"
"3.00","","-1.00","52","768","1024","","","","1.80","","SW","Облачно","2025-11-30 19:43"
"3.00","","-1.00","52","768","1024","","","","1.80","","SW","Облачно","2025-11-30 19:44"
"3.00","","-1.00","52","768","1024","","","","1.80","","SW","Облачно","2025-11-30 19:45"
"3.00","","-1.00","52","768","1024","","","","1.80","","SW","Облачно","2025-11-30 19:46"
"3.00","","-1.00","52","768","1024","","","","1.80","","SW","Облачно","2025-11-30 19:47"
"3.00","","-1.00","52","768","1024","","","","1.80","","SW","Облачно","2025-11-30 19:48"
"3.00","","-1.00","52","768","1024","","","","1.80","","SW","Облачно","2025-11-30 19:49"
"3.00","","-1.00","52","768","1024","","","","1.80","","SW","Облачно","2025-11-30 19:50"
"2.90","","-1.10","52","768","1024","","","","1.80","","SW","Облачно","2025-11-30 19:51"
"2.90","","-1.10","52","768","1024","","","","1.80","","SW","Облачно","2025-11-30 19:52"
"3.00","","-1.00","52","768","1024","","","","1.80","","SW","Облачно","2025-11-30 19:53"
"3.00","","-1.00","52","768","1024","","","","1.80","","SW","Облачно","2025-11-30 19:54"
"3.00","","-1.00","52","768","1024","","","","1.80","","SW","Облачно","2025-11-30 19:55"
"3.00","","-1.00","52","768","1024","","","","1.80","","SW","Облачно","2025-11-30 19:56"
"3.00","","-1.00","52","768","1024","","","","1.80","","SW","Облачно","2025-11-30 19:57"
"3.00","","-1.00","52","768","1024","","","","1.80","","SW","Облачно","2025-11-30 19:58"
"3.00","","-1.00","52","768","1024","","","","1.80","","SW","Облачно","2025-11-30 19:59"
"2.90","","-1.10","52","768","1024","","","","1.80","","SW","Облачно","2025-11-30 20:00"
"2.90","","-1.10","52","768","1024","","","","1.80","","SW","Облачно","2025-11-30 20:01"
"2.90","","-1.10","52","768","1024","","","","1.80","","SW","Облачно","2025-11-30 20:02"
"2.90","","-1.10","52","768","1024","","","","1.80","","SW","Облачно","2025-11-30 20:03"
"2.90","","-1.10","52","768","1024","","","","1.80","","SW","Облачно","2025-11-30 20:04"
"2.90","","-1.10","52","768","1024","","","","1.80","","SW","Облачно","2025-11-30 20:05"
"2.90","","-1.10","52","768","1024","","","","1.80","","SW","Облачно","2025-11-30 20:06"
"2.90","","-1.10","52","768","1024","","","","1.80","","SW","Облачно","2025-11-30 20:07"
"2.90","","-1.10","52","768","1024","","","","1.80","","SW","Облачно","2025-11-30 20:08"
"2.90","","-1.10","52","768","1024","","","","1.80","","SW","Облачно","2025-11-30 20:09"
"2.90","","-1.10","52","768","1024","","","","1.80","","SW","Облачно","2025-11-30 20:10"
"2.90","","-1.10","52","768","1024","","","","1.80","","SW","Облачно","2025-11-30 20:11"
"2.90","","-1.10","52","768","1024","","","","1.80","","SW","Облачно","2025-11-30 20:12"
"2.90","","-1.10","52","768","1024","","","","1.80","","SW","Облачно","2025-11-30 20:13"
"2.90","","-1.10","52","768","1024","","","","1.80","","SW","Облачно","2025-11-30 20:14"
"2.90","","-1.10","52","768","1024","","","","1.80","","SW","Облачно","2025-11-30 20:15"
"2.90","","-1.10","52","768","1024","","","","1.80","","SW","Облачно","2025-11-30 20:16"
"2.90","","-1.10","52","768","1024","","","","1.80","","SW","Облачно","2025-11-30 20:17"
"2.90","","-1.10","52","768","1024","","","","1.80","","SW","Облачно","2025-11-30 20:18"
"2.90","","-1.10","52","768","1024","","","","1.80","","SW","Облачно","2025-11-30 20:19"
"2.90","","-1.10","52","768","1024","","","","1.80","","SW","Облачно","2025-11-30 20:20"
"2.90","","-1.10","52","768","1025","","","","1.80","","SW","Облачно","2025-11-30 20:21"
"2.90","","-1.10","52","768","1025","","","","1.80","","SW","Облачно","2025-11-30 20:22"
"2.90","","-1.10","52","768","1025","","","","1.80","","SW","Облачно","2025-11-30 20:23"
"2.90","","-1.10","52","768","1025","","","","1.80","","SW","Облачно","2025-11-30 20:24"
"2.90","","-1.10","52","768","1025","","","","1.80","","SW","Облачно","2025-11-30 20:25"
"2.90","","-1.10","52","768","1025","","","","1.80","","SW","Облачно","2025-11-30 20:26"
"2.90","","-1.10","52","768","1025","","","","1.80","","SW","Облачно","2025-11-30 20:27"
"2.90","","-1.10","52","768","1025","","","","1.80","","SW","Облачно","2025-11-30 20:28"
"2.90","","-1.10","52","768","1025","","","","1.80","","SW","Облачно","2025-11-30 20:29"
"2.90","","-1.10","52","768","1025","","","","1.80","","SW","Облачно","2025-11-30 20:30"
"2.80","","-1.20","52","768","1025","","","","1.80","","SW","Облачно","2025-11-30 20:31"
"2.80","","-1.20","52","768","1025","","","","1.80","","SW","Облачно","2025-11-30 20:32"
"2.80","","-1.20","52","768","1025","","","","1.80","","SW","Облачно","2025-11-30 20:33"
"2.80","","-1.20","52","768","1025","","","","1.80","","SW","Облачно","2025-11-30 20:34"
"2.80","","-1.20","52","768","1025","","","","1.80","","SW","Облачно","2025-11-30 20:35"
"2.80","","-1.20","52","768","1025","","","","1.80","","SW","Облачно","2025-11-30 20:36"
"2.80","","-1.20","52","768","1025","","","","1.80","","SW","Облачно","2025-11-30 20:37"
"2.80","","-1.20","52","768","1025","","","","1.80","","SW","Облачно","2025-11-30 20:38"
"2.80","","-1.20","52","768","1025","","","","1.80","","SW","Облачно","2025-11-30 20:39"
"2.80","","-1.20","52","768","1025","","","","1.80","","SW","Облачно","2025-11-30 20:40"
"2.80","","-1.20","52","768","1025","","","","1.80","","SW","Облачно","2025-11-30 20:41"
"2.80","","-1.20","52","768","1025","","","","1.80","","SW","Облачно","2025-11-30 20:42"
"2.80","","-1.20","52","768","1025","","","","1.80","","SW","Облачно","2025-11-30 20:43"
"2.80","","-1.20","52","768","1025","","","","1.80","","SW","Облачно","2025-11-30 20:44"
"2.80","","-1.20","52","768","1025","","","","1.80","","SW","Облачно","2025-11-30 20:45"
"2.80","","-1.20","52","768","1025","","","","1.80","","SW","Облачно","2025-11-30 20:46"
"2.90","","-1.10","52","768","1025","","","","1.80","","SW","Облачно","2025-11-30 20:47"
"2.90","","-1.10","52","768","1025","","","","1.80","","SW","Облачно","2025-11-30 20:48"
"2.90","","-1.10","52","768","1025","","","","1.80","","SW","Облачно","2025-11-30 20:49"
"2.90","","-1.10","52","768","1025","","","","1.80","","SW","Облачно","2025-11-30 20:50"
"2.90","","-1.10","52","768","1025","","","","1.80","","SW","Облачно","2025-11-30 20:51"
"2.90","","-1.10","52","768","1025","","","","1.80","","SW","Облачно","2025-11-30 20:52"
"2.80","","-1.20","52","768","1025","","","","1.80","","SW","Облачно","2025-11-30 20:53"
"2.80","","-1.20","52","768","1025","","","","1.80","","SW","Облачно","2025-11-30 20:54"
"2.80","","-1.20","52","768","1025","","","","1.80","","SW","Облачно","2025-11-30 20:55"
"2.80","","-1.20","52","768","1025","","","","1.80","","SW","Облачно","2025-11-30 20:56"
"2.80","","-1.20","52","768","1025","","","","1.80","","SW","Облачно","2025-11-30 20:57"
"2.80","","-1.20","52","768","1025","","","","1.80","","SW","Облачно","2025-11-30 20:58"
"2.80","","-1.20","52","768","1025","","","","1.80","","SW","Облачно","2025-11-30 20:59"
"2.80","","-1.20","52","768","1025","","","","1.80","","SW","Облачно","2025-11-30 21:00"
"2.80","","-1.20","52","768","1025","","","","1.80","","SW","Облачно","2025-11-30 21:01"
"2.80","","-1.20","52","768","1025","","","","1.80","","SW","Облачно","2025-11-30 21:02"
"2.80","","-1.20","52","768","1025","","","","1.80","","SW","Облачно","2025-11-30 21:03"
"2.80","","-1.20","52","768","1025","","","","1.80","","SW","Облачно","2025-11-30 21:04"
"2.80","","-1.20","52","768","1025","","","","1.80","","SW","Облачно","2025-11-30 21:05"
"2.80","","-1.20","52","768","1025","","","","1.80","","SW","Облачно","2025-11-30 21:06"
"2.80","","-1.20","52","768","1025","","","","1.80","","SW","Облачно","2025-11-30 21:07"
"2.80","","-1.20","52","768","1025","","","","1.80","","SW","Облачно","2025-11-30 21:08"
"2.80","","-1.20","52","768","1025","","","","1.80","","SW","Облачно","2025-11-30 21:09"
"2.70","","-1.30","52","768","1025","","","","1.80","","SW","Облачно","2025-11-30 21:10"
"2.70","","-1.30","52","768","1025","","","","1.80","","SW","Облачно","2025-11-30 21:11"
"2.70","","-1.30","52","768","1025","","","","1.80","","SW","Облачно","2025-11-30 21:12"
"2.70","","-1.30","52","768","1025","","","","1.80","","SW","Облачно","2025-11-30 21:13"
"2.80","","-1.20","52","768","1025","","","","1.80","","SW","Облачно","2025-11-30 21:14"
"2.70","","-1.30","52","768","1025","","","","1.80","","SW","Облачно","2025-11-30 21:15"
"2.70","","-1.30","52","768","1025","","","","1.80","","SW","Облачно","2025-11-30 21:16"
"2.70","","-1.30","51","768","1025","","","","1.80","","SW","Облачно","2025-11-30 21:17"
"2.70","","-1.30","51","768","1025","","","","1.80","","SW","Облачно","2025-11-30 21:18"
"2.70","","-1.30","51","768","1025","","","","1.80","","SW","Облачно","2025-11-30 21:19"
"2.70","","-1.30","51","768","1025","","","","1.80","","SW","Облачно","2025-11-30 21:20"
"2.70","","-1.30","51","768","1025","","","","1.80","","SW","Облачно","2025-11-30 21:21"
"2.60","","-1.40","51","768","1025","","","","1.80","","SW","Облачно","2025-11-30 21:22"
"2.60","","-1.40","51","768","1025","","","","1.80","","SW","Облачно","2025-11-30 21:23"
"2.60","","-1.40","51","768","1025","","","","1.80","","SW","Облачно","2025-11-30 21:24"
"2.60","","-1.40","51","768","1025","","","","1.80","","SW","Облачно","2025-11-30 21:25"
"2.60","","-1.40","51","768","1025","","","","1.80","","SW","Облачно","2025-11-30 21:26"
"2.60","","-1.40","51","768","1025","","","","1.80","","SW","Облачно","2025-11-30 21:27"
"2.60","","-1.40","51","768","1025","","","","1.80","","SW","Облачно","2025-11-30 21:28"
"2.60","","-1.40","51","768","1025","","","","1.80","","SW","Облачно","2025-11-30 21:29"
"2.60","","-1.40","51","768","1025","","","","1.80","","SW","Облачно","2025-11-30 21:30"
"2.60","","-1.40","51","768","1025","","","","1.80","","SW","Облачно","2025-11-30 21:31"
"2.60","","-1.40","51","768","1025","","","","1.80","","SW","Облачно","2025-11-30 21:32"
"2.60","","-1.40","51","768","1025","","","","1.80","","SW","Облачно","2025-11-30 21:33"
"2.60","","-1.40","51","768","1025","","","","1.80","","SW","Облачно","2025-11-30 21:34"
"2.60","","-1.40","51","768","1025","","","","1.80","","SW","Облачно","2025-11-30 21:35"
"2.60","","-1.40","51","768","1025","","","","1.80","","SW","Облачно","2025-11-30 21:36"
"2.60","","-1.40","51","768","1025","","","","1.80","","SW","Облачно","2025-11-30 21:37"
"2.70","","-1.30","51","768","1025","","","","1.80","","SW","Облачно","2025-11-30 21:38"
"2.70","","-1.30","51","768","1025","","","","1.80","","SW","Облачно","2025-11-30 21:39"
"2.70","","-1.30","51","768","1025","","","","1.80","","SW","Облачно","2025-11-30 21:40"
"2.70","","-1.30","51","768","1025","","","","1.80","","SW","Облачно","2025-11-30 21:41"
"2.60","","-1.40","51","768","1025","","","","1.80","","SW","Облачно","2025-11-30 21:42"
"2.60","","-1.40","51","768","1025","","","","1.80","","SW","Облачно","2025-11-30 21:43"
"2.60","","-1.40","51","768","1025","","","","1.80","","SW","Облачно","2025-11-30 21:44"
"2.60","","-1.40","51","768","1025","","","","1.80","","SW","Облачно","2025-11-30 21:45"
"2.60","","-1.40","51","768","1025","","","","1.80","","SW","Облачно","2025-11-30 21:46"
"2.60","","-1.40","51","768","1025","","","","1.80","","SW","Облачно","2025-11-30 21:47"
"2.60","","-1.40","51","768","1025","","","","1.80","","SW","Облачно","2025-11-30 21:48"
"2.70","","-1.30","51","768","1025","","","","1.80","","SW","Облачно","2025-11-30 21:49"
"2.70","","-1.30","51","768","1025","","","","1.80","","SW","Облачно","2025-11-30 21:50"
"2.70","","-1.30","51","768","1024","","","","1.80","","SW","Облачно","2025-11-30 21:51"
"2.70","","-1.30","51","768","1024","","","","1.80","","SW","Облачно","2025-11-30 21:52"
"2.70","","-1.30","51","768","1024","","","","1.80","","SW","Облачно","2025-11-30 21:53"
"2.70","","-1.30","51","768","1024","","","","1.80","","SW","Облачно","2025-11-30 21:54"
"2.70","","-1.30","51","768","1024","","","","1.80","","SW","Облачно","2025-11-30 21:55"
"2.80","","-1.20","51","768","1024","","","","1.80","","SW","Облачно","2025-11-30 21:56"
"2.80","","-1.20","51","768","1024","","","","1.80","","SW","Облачно","2025-11-30 21:57"
"2.80","","-1.20","51","768","1024","","","","1.80","","SW","Облачно","2025-11-30 21:58"
"2.70","","-1.30","51","768","1024","","","","1.80","","SW","Облачно","2025-11-30 21:59"
"2.70","","-1.30","51","768","1024","","","","1.80","","SW","Облачно","2025-11-30 22:00"
"2.70","","-1.30","51","768","1024","","","","1.80","","SW","Облачно","2025-11-30 22:01"
"2.80","","-1.20","51","768","1024","","","","1.80","","SW","Облачно","2025-11-30 22:02"
"2.80","","-1.20","51","768","1024","","","","1.80","","SW","Облачно","2025-11-30 22:03"
"2.80","","-1.20","51","768","1024","","","","1.80","","SW","Облачно","2025-11-30 22:04"
"2.80","","-1.20","51","768","1024","","","","1.80","","SW","Облачно","2025-11-30 22:05"
"2.80","","-1.20","51","768","1024","","","","1.80","","SW","Облачно","2025-11-30 22:06"
"2.80","","-1.20","51","768","1024","","","","1.80","","SW","Облачно","2025-11-30 22:07"
"2.70","","-1.30","51","768","1024","","","","1.80","","SW","Облачно","2025-11-30 22:08"
"2.70","","-1.30","51","768","1024","","","","1.80","","SW","Облачно","2025-11-30 22:09"
"2.70","","-1.30","51","768","1024","","","","1.80","","SW","Облачно","2025-11-30 22:10"
"2.70","","-1.30","51","768","1024","","","","1.80","","SW","Облачно","2025-11-30 22:11"
"2.70","","-1.30","51","768","1024","","","","1.80","","SW","Облачно","2025-11-30 22:12"
"2.70","","-1.30","51","768","1024","","","","1.80","","SW","Облачно","2025-11-30 22:13"
"2.70","","-1.30","51","768","1024","","","","1.80","","SW","Облачно","2025-11-30 22:14"
"2.70","","-1.30","51","768","1024","","","","1.80","","SW","Облачно","2025-11-30 22:15"
"2.60","","-1.40","51","768","1024","","","","1.80","","SW","Облачно","2025-11-30 22:16"
"2.60","","-1.40","51","768","1024","","","","1.80","","SW","Облачно","2025-11-30 22:17"
"2.60","","-1.40","51","768","1024","","","","1.80","","SW","Облачно","2025-11-30 22:18"
"2.60","","-1.40","51","768","1024","","","","1.80","","SW","Облачно","2025-11-30 22:19"
"2.60","","-1.40","51","768","1024","","","","1.80","","SW","Облачно","2025-11-30 22:20"
"2.60","","-1.40","51","768","1024","","","","1.80","","SW","Облачно","2025-11-30 22:21"
"2.60","","-1.40","51","768","1024","","","","1.80","","SW","Облачно","2025-11-30 22:22"
"2.60","","-1.40","51","768","1024","","","","1.80","","SW","Облачно","2025-11-30 22:23"
"2.60","","-1.40","51","768","1024","","","","1.80","","SW","Облачно","2025-11-30 22:24"
"2.60","","-1.40","51","768","1024","","","","1.80","","SW","Облачно","2025-11-30 22:25"
"2.60","","-1.40","51","768","1024","","","","1.80","","SW","Облачно","2025-11-30 22:26"
"2.60","","-1.40","51","768","1024","","","","1.80","","SW","Облачно","2025-11-30 22:27"
"2.60","","-1.40","51","768","1024","","","","1.80","","SW","Облачно","2025-11-30 22:28"
"2.60","","-1.40","51","768","1024","","","","1.80","","SW","Облачно","2025-11-30 22:29"
"2.60","","-1.40","51","768","1024","","","","1.80","","SW","Облачно","2025-11-30 22:30"
"2.60","","-1.40","51","768","1024","","","","1.80","","SW","Облачно","2025-11-30 22:31"
"2.60","","-1.40","51","768","1024","","","","1.80","","SW","Облачно","2025-11-30 22:32"
"2.60","","-1.40","51","768","1024","","","","1.80","","SW","Облачно","2025-11-30 22:33"
"2.60","","-1.40","51","768","1024","","","","1.80","","SW","Облачно","2025-11-30 22:34"
"2.60","","-1.40","51","768","1024","","","","1.80","","SW","Облачно","2025-11-30 22:35"
"2.60","","-1.40","51","768","1025","","","","1.80","","SW","Облачно","2025-11-30 22:36"
"2.60","","-1.40","51","768","1025","","","","1.80","","SW","Облачно","2025-11-30 22:37"
"2.60","","-1.40","51","768","1025","","","","1.80","","SW","Облачно","2025-11-30 22:38"
"2.60","","-1.40","51","768","1025","","","","1.80","","SW","Облачно","2025-11-30 22:39"
"2.60","","-1.40","51","768","1025","","","","1.80","","SW","Облачно","2025-11-30 22:40"
"2.60","","-1.40","51","768","1025","","","","1.80","","SW","Облачно","2025-11-30 22:41"
"2.60","","-1.40","51","768","1025","","","","1.80","","SW","Облачно","2025-11-30 22:42"
"2.60","","-1.40","51","768","1025","","","","1.80","","SW","Облачно","2025-11-30 22:43"
"2.60","","-1.40","51","768","1025","","","","1.80","","SW","Облачно","2025-11-30 22:44"
"2.60","","-1.40","51","768","1025","","","","1.80","","SW","Облачно","2025-11-30 22:45"
"2.60","","-1.40","51","768","1025","","","","1.80","","SW","Облачно","2025-11-30 22:46"
"2.60","","-1.40","51","768","1025","","","","1.80","","SW","Облачно","2025-11-30 22:47"
"2.60","","-1.40","51","768","1025","","","","1.80","","SW","Облачно","2025-11-30 22:48"
"2.60","","-1.40","51","768","1025","","","","1.80","","SW","Облачно","2025-11-30 22:49"
"2.60","","-1.40","51","768","1025","","","","1.80","","SW","Облачно","2025-11-30 22:50"
"2.60","","-1.40","51","768","1025","","","","1.80","","SW","Облачно","2025-11-30 22:51"
"2.60","","-1.40","52","768","1025","","","","1.80","","SW","Облачно","2025-11-30 22:52"
"2.60","","-1.40","52","768","1025","","","","1.80","","SW","Облачно","2025-11-30 22:53"
"2.60","","-1.40","52","768","1025","","","","1.80","","SW","Облачно","2025-11-30 22:54"
"2.60","","-1.40","52","768","1025","","","","1.80","","SW","Облачно","2025-11-30 22:55"
"2.60","","-1.40","51","768","1025","","","","1.80","","SW","Облачно","2025-11-30 22:56"
"2.60","","-1.40","52","768","1025","","","","1.80","","SW","Облачно","2025-11-30 22:57"
"2.60","","-1.40","52","768","1025","","","","1.80","","SW","Облачно","2025-11-30 22:58"
"2.60","","-1.40","52","768","1025","","","","1.80","","SW","Облачно","2025-11-30 22:59"
"2.60","","-1.40","51","768","1025","","","","1.80","","SW","Облачно","2025-11-30 23:00"
"2.60","","-1.40","51","768","1025","","","","1.80","","SW","Облачно","2025-11-30 23:01"
"2.60","","-1.40","51","768","1025","","","","1.80","","SW","Облачно","2025-11-30 23:02"
"2.60","","-1.40","51","768","1025","","","","1.80","","SW","Облачно","2025-11-30 23:03"
"2.60","","-1.40","51","768","1025","","","","1.80","","SW","Облачно","2025-11-30 23:04"
"2.60","","-1.40","51","768","1025","","","","1.80","","SW","Облачно","2025-11-30 23:05"
"2.60","","-1.40","51","768","1025","","","","1.80","","SW","Облачно","2025-11-30 23:06"
"2.60","","-1.40","51","768","1025","","","","1.80","","SW","Облачно","2025-11-30 23:07"
"2.60","","-1.40","51","768","1025","","","","1.80","","SW","Облачно","2025-11-30 23:08"
"2.60","","-1.40","51","768","1025","","","","1.80","","SW","Облачно","2025-11-30 23:09"
"2.60","","-1.40","51","768","1025","","","","1.80","","SW","Облачно","2025-11-30 23:10"
"2.60","","-1.40","52","768","1025","","","","1.80","","SW","Облачно","2025-11-30 23:11"
"2.60","","-1.40","52","768","1025","","","","1.80","","SW","Облачно","2025-11-30 23:12"
"2.60","","-1.40","52","768","1025","","","","1.80","","SW","Облачно","2025-11-30 23:13"
"2.60","","-1.40","52","768","1025","","","","1.80","","SW","Облачно","2025-11-30 23:14"
"2.60","","-1.40","52","768","1025","","","","1.80","","SW","Облачно","2025-11-30 23:15"
"2.60","","-1.40","52","768","1025","","","","1.80","","SW","Облачно","2025-11-30 23:16"
"2.60","","-1.40","52","768","1025","","","","1.80","","SW","Облачно","2025-11-30 23:17"
"2.60","","-1.40","52","768","1025","","","","1.80","","SW","Облачно","2025-11-30 23:18"
"2.60","","-1.40","52","768","1025","","","","1.80","","SW","Облачно","2025-11-30 23:19"
"2.60","","-1.40","52","768","1025","","","","1.80","","SW","Облачно","2025-11-30 23:20"
"2.50","","-1.50","52","768","1025","","","","1.80","","SW","Облачно","2025-11-30 23:21"
"2.50","","-1.50","52","768","1025","","","","1.80","","SW","Облачно","2025-11-30 23:22"
"2.50","","-1.50","52","768","1025","","","","1.80","","SW","Облачно","2025-11-30 23:23"
"2.50","","-1.50","51","768","1025","","","","1.80","","SW","Облачно","2025-11-30 23:24"
"2.50","","-1.50","52","768","1025","","","","1.80","","SW","Облачно","2025-11-30 23:25"
"2.50","","-1.50","52","768","1025","","","","1.80","","SW","Облачно","2025-11-30 23:26"
"2.50","","-1.50","52","768","1025","","","","1.80","","SW","Облачно","2025-11-30 23:27"
"2.50","","-1.50","52","768","1025","","","","1.80","","SW","Облачно","2025-11-30 23:28"
"2.50","","-1.50","52","768","1025","","","","1.80","","SW","Облачно","2025-11-30 23:29"
"2.50","","-1.50","52","768","1025","","","","1.80","","SW","Облачно","2025-11-30 23:30"
"2.50","","-1.50","52","768","1025","","","","1.80","","SW","Облачно","2025-11-30 23:31"
"2.50","","-1.50","52","768","1025","","","","1.80","","SW","Облачно","2025-11-30 23:32"
"2.50","","-1.50","52","768","1025","","","","1.80","","SW","Облачно","2025-11-30 23:33"
"2.50","","-1.50","52","768","1025","","","","1.80","","SW","Облачно","2025-11-30 23:34"
"2.50","","-1.50","52","768","1025","","","","1.80","","SW","Облачно","2025-11-30 23:35"
"2.50","","-1.50","52","768","1025","","","","1.80","","SW","Облачно","2025-11-30 23:36"
"2.50","","-1.50","52","768","1025","","","","1.80","","SW","Облачно","2025-11-30 23:37"
"2.50","","-1.50","52","768","1025","","","","1.80","","SW","Облачно","2025-11-30 23:38"
"2.50","","-1.50","52","768","1025","","","","1.80","","SW","Облачно","2025-11-30 23:39"
"2.50","","-1.50","52","768","1025","","","","1.80","","SW","Облачно","2025-11-30 23:40"
"2.50","","-1.50","52","768","1025","","","","1.80","","SW","Облачно","2025-11-30 23:41"
"2.50","","-1.50","52","768","1025","","","","1.80","","SW","Облачно","2025-11-30 23:42"
"2.50","","-1.50","52","768","1025","","","","1.80","","SW","Облачно","2025-11-30 23:43"
"2.50","","-1.50","52","768","1025","","","","1.80","","SW","Облачно","2025-11-30 23:44"
"2.50","","-1.50","52","768","1025","","","","1.80","","SW","Облачно","2025-11-30 23:45"
"2.50","","-1.50","52","768","1025","","","","1.80","","SW","Облачно","2025-11-30 23:46"
"2.50","","-1.50","52","768","1025","","","","1.80","","SW","Облачно","2025-11-30 23:47"
"2.50","","-1.50","52","768","1025","","","","1.80","","SW","Облачно","2025-11-30 23:48"
"2.60","","-1.40","52","768","1025","","","","1.80","","SW","Облачно","2025-11-30 23:49"
"2.60","","-1.40","52","768","1025","","","","1.80","","SW","Облачно","2025-11-30 23:50"
"2.60","","-1.40","52","768","1025","","","","1.80","","SW","Облачно","2025-11-30 23:51"
"2.60","","-1.40","52","768","1025","","","","1.80","","SW","Облачно","2025-11-30 23:52"
"2.60","","-1.40","52","768","1025","","","","1.80","","SW","Облачно","2025-11-30 23:53"
"2.60","","-1.40","52","768","1025","","","","1.80","","SW","Облачно","2025-11-30 23:54"
"2.60","","-1.40","52","768","1025","","","","1.80","","SW","Облачно","2025-11-30 23:55"
"2.60","","-1.40","52","768","1025","","","","1.80","","SW","Облачно","2025-11-30 23:56"
"2.60","","-1.40","52","768","1025","","","","1.80","","SW","Облачно","2025-11-30 23:57"
"2.50","","-1.50","52","768","1025","","","","1.80","","SW","Облачно","2025-11-30 23:58"
"2.50","","-1.50","52","768","1025","","","","1.80","","SW","Облачно","2025-11-30 23:59"