"Temp","Temp Water","Temp Feels Like","Humidity","Pressure Mm","Pressure Hpa","Precip Mm","Precip Type","Precip Intensity","Wind Speed Ms","Wind Gust Speed Ms","Wind Dir","Condition","Created At"
"-8.20","","-13.40","46","750","1000","","","","2.40","17.00","SSW","Небольшая облачность","2025-12-14 00:00"
"-8.20","","-13.40","46","750","1000","","","","2.40","17.00","SSW","Небольшая облачность","2025-12-14 00:01"
"-8.20","","-13.40","46","750","1000","","","","2.40","17.00","SSW","Небольшая облачность","2025-12-14 00:02"
"-8.20","","-13.40","46","750","1000","","","","2.40","17.00","SSW","Небольшая облачность","2025-12-14 00:03"
"-8.20","","-13.40","46","750","1000","","","","2.40","17.00","SSW","Небольшая облачность","2025-12-14 00:04"
"-8.20","","-13.40","46","750","1000","","","","2.40","17.00","SSW","Небольшая облачность","2025-12-14 00:05"
"-8.20","","-13.40","46","750","1000","","","","2.40","","SSW","Небольшая облачность","2025-12-14 00:06"
"-8.20","","-13.40","46","750","1000","","","","2.40","","SSW","Небольшая облачность","2025-12-14 00:07"
"-8.20","","-13.40","46","750","1000","","","","2.40","","SSW","Небольшая облачность","2025-12-14 00:08"
"-8.20","","-13.40","46","750","1000","","","","2.40","","SSW","Небольшая облачность","2025-12-14 00:09"
"-8.30","","-13.50","46","750","1000","","","","2.40","","SSW","Небольшая облачность","2025-12-14 00:10"
"-8.30","","-13.50","46","750","1000","","","","2.40","","SSW","Небольшая облачность","2025-12-14 00:11"
"-8.30","","-13.50","46","750","1000","","","","2.40","","SSW","Небольшая облачность","2025-12-14 00:12"
"-8.30","","-13.50","46","750","1000","","","","2.40","","SSW","Небольшая облачность","2025-12-14 00:13"
"-8.30","","-13.50","46","750","1000","","","","2.40","","SSW","Небольшая облачность","2025-12-14 00:14"
"-8.30","","-13.50","46","750","1000","","","","2.40","","SSW","Небольшая облачность","2025-12-14 00:15"
"-8.30","","-13.50","46","750","1000","","","","2.40","","SSW","Небольшая облачность","2025-12-14 00:16"
"-8.30","","-13.50","46","750","1000","","","","2.40","","SSW","Небольшая облачность","2025-12-14 00:17"
"-8.30","","-13.50","46","750","1000","","","","2.40","","SSW","Небольшая облачность","2025-12-14 00:18"
"-8.40","","-13.60","46","750","1000","","","","2.40","","SSW","Небольшая облачность","2025-12-14 00:19"
"-8.40","","-13.60","46","750","1000","","","","2.40","","SSW","Небольшая облачность","2025-12-14 00:20"
"-8.40","","-13.60","46","750","1000","","","","2.40","","SSW","Небольшая облачность","2025-12-14 00:21"
"-8.40","","-13.60","46","750","1000","","","","2.40","","SSW","Небольшая облачность","2025-12-14 00:22"
"-8.40","","-13.60","46","750","1000","","","","2.40","","SSW","Небольшая облачность","2025-12-14 00:23"
"-8.40","","-13.60","46","750","1000","","","","2.40","","SSW","Небольшая облачность","2025-12-14 00:24"
"-8.40","","-13.60","46","750","1000","","","","2.40","","SSW","Небольшая облачность","2025-12-14 00:25"
"-8.40","","-13.60","46","750","1000","","","","2.40","","SSW","Небольшая облачность","2025-12-14 00:26"
"-8.40","","-13.60","46","750","1000","","","","2.40","","SSW","Небольшая облачность","2025-12-14 00:27"
"-8.40","","-13.60","46","750","1000","","","","2.40","","SSW","Небольшая облачность","2025-12-14 00:28"
"-8.40","","-13.60","46","750","1000","","","","2.40","","SSW","Небольшая облачность","2025-12-14 00:29"
"-8.40","","-13.60","46","750","1000","","","","2.40","","SSW","Небольшая облачность","2025-12-14 00:30"
"-8.40","","-13.60","46","750","1000","","","","2.40","","SSW","Небольшая облачность","2025-12-14 00:31"
"-8.40","","-13.60","46","750","1000","","","","2.40","","SSW","Небольшая облачность","2025-12-14 00:32"
"-8.40","","-13.60","46","750","1000","","","","2.40","","SSW","Небольшая облачность","2025-12-14 00:33"
"-8.40","","-13.60","46","750","1000","","","","2.40","","SSW","Небольшая облачность","2025-12-14 00:34"
"-8.40","","-13.60","46","750","1000","","","","2.40","","SSW","Небольшая облачность","2025-12-14 00:35"
"-8.40","","-13.60","46","749","999","","","","2.40","","SSW","Небольшая облачность","2025-12-14 00:36"
"-8.40","","-13.60","46","749","999","","","","2.40","","SSW","Небольшая облачность","2025-12-14 00:37"
"-8.40","","-13.60","46","749","999","","","","2.40","","SSW","Небольшая облачность","2025-12-14 00:38"
"-8.40","","-13.60","46","749","999","","","","2.40","","SSW","Небольшая облачность","2025-12-14 00:39"
"-8.40","","-13.60","46","749","999","","","","2.40","","SSW","Небольшая облачность","2025-12-14 00:40"
"-8.40","","-13.60","46","749","999","","","","2.40","","SSW","Небольшая облачность","2025-12-14 00:41"
"-8.40","","-13.60","46","749","999","","","","2.40","","SSW","Небольшая облачность","2025-12-14 00:42"
"-8.40","","-13.60","46","749","999","","","","2.40","","SSW","Небольшая облачность","2025-12-14 00:43"
"-8.40","","-13.60","46","749","999","","","","2.40","","SSW","Небольшая облачность","2025-12-14 00:44"
"-8.40","","-13.60","46","749","999","","","","2.40","","SSW","Небольшая облачность","2025-12-14 00:45"
"-8.40","","-13.60","46","749","999","","","","2.40","","SSW","Небольшая облачность","2025-12-14 00:46"
"-8.50","","-13.70","46","749","999","","","","2.40","","SSW","Небольшая облачность","2025-12-14 00:47"
"-8.50","","-13.70","46","749","999","","","","2.40","","SSW","Небольшая облачность","2025-12-14 00:48"
"-8.50","","-13.70","46","749","999","","","","2.40","","SSW","Небольшая облачность","2025-12-14 00:49"
"-8.50","","-13.70","46","749","999","","","","2.40","","SSW","Небольшая облачность","2025-12-14 00:50"
"-8.50","","-13.70","46","750","1000","","","","2.40","","SSW","Небольшая облачность","2025-12-14 00:51"
"-8.50","","-13.70","46","750","1000","","","","2.40","","SSW","Небольшая облачность","2025-12-14 00:52"
"-8.50","","-13.70","46","750","1000","","","","2.40","","SSW","Небольшая облачность","2025-12-14 00:53"
"-8.50","","-13.70","46","750","1000","","","","2.40","","SSW","Небольшая облачность","2025-12-14 00:54"
"-8.50","","-13.70","46","750","1000","","","","2.40","","SSW","Небольшая облачность","2025-12-14 00:55"
"-8.50","","-13.70","46","750","1000","","","","2.40","","SSW","Небольшая облачность","2025-12-14 00:56"
"-8.50","","-13.70","46","750","1000","","","","2.40","","SSW","Небольшая облачность","2025-12-14 00:57"
"-8.50","","-13.70","46","750","1000","","","","2.40","","SSW","Небольшая облачность","2025-12-14 00:58"
"-8.50","","-13.70","46","750","1000","","","","2.40","","SSW","Небольшая облачность","2025-12-14 00:59"
"-8.50","","-13.70","46","750","1000","","","","2.40","","SSW","Небольшая облачность","2025-12-14 01:00"
"-8.50","","-13.70","46","750","1000","","","","2.40","","SSW","Небольшая облачность","2025-12-14 01:01"
"-8.50","","-13.70","46","750","1000","","","","2.40","","SSW","Небольшая облачность","2025-12-14 01:02"
"-8.50","","-13.70","46","750","1000","","","","2.40","","SSW","Небольшая облачность","2025-12-14 01:03"
"-8.50","","-13.70","46","750","1000","","","","2.40","","SSW","Небольшая облачность","2025-12-14 01:04"
"-8.60","","-13.80","46","750","1000","","","","2.40","","SSW","Небольшая облачность","2025-12-14 01:05"
"-8.50","","-13.70","46","750","1000","","","","2.40","15.00","SSW","Небольшая облачность","2025-12-14 01:06"
"-8.50","","-13.70","46","750","1000","","","","2.40","15.00","SSW","Небольшая облачность","2025-12-14 01:07"
"-8.60","","-13.80","45","750","1000","","","","2.40","15.00","SSW","Небольшая облачность","2025-12-14 01:08"
"-8.60","","-13.80","45","750","1000","","","","2.40","15.00","SSW","Небольшая облачность","2025-12-14 01:09"
"-8.60","","-13.80","45","750","1000","","","","2.40","15.00","SSW","Небольшая облачность","2025-12-14 01:10"
"-8.60","","-13.80","45","750","1000","","","","2.40","15.00","SSW","Небольшая облачность","2025-12-14 01:11"
"-8.60","","-13.80","45","750","1000","","","","2.40","15.00","SSW","Небольшая облачность","2025-12-14 01:12"
"-8.60","","-13.80","45","750","1000","","","","2.40","15.00","SSW","Небольшая облачность","2025-12-14 01:13"
"-8.60","","-13.80","45","750","1000","","","","2.40","15.00","SSW","Небольшая облачность","2025-12-14 01:14"
"-8.60","","-13.80","45","750","1000","","","","2.40","15.00","SSW","Небольшая облачность","2025-12-14 01:15"
"-8.60","","-13.80","45","750","1000","","","","2.40","","SSW","Небольшая облачность","2025-12-14 01:16"
"-8.60","","-13.80","45","750","1000","","","","2.40","","SSW","Небольшая облачность","2025-12-14 01:17"
"-8.60","","-13.80","45","750","1000","","","","2.40","","SSW","Небольшая облачность","2025-12-14 01:18"
"-8.60","","-13.80","45","750","1000","","","","2.40","","SSW","Небольшая облачность","2025-12-14 01:19"
"-8.60","","-13.80","45","750","1000","","","","2.40","","SSW","Небольшая облачность","2025-12-14 01:20"
"-8.60","","-13.80","45","750","1000","","","","2.40","","SSW","Небольшая облачность","2025-12-14 01:21"
"-8.60","","-13.80","45","750","1001","","","","2.40","","SSW","Небольшая облачность","2025-12-14 01:22"
"-8.60","","-13.80","45","750","1001","","","","2.40","","SSW","Небольшая облачность","2025-12-14 01:23"
"-8.60","","-13.80","45","750","1001","","","","2.40","","SSW","Небольшая облачность","2025-12-14 01:24"
"-8.60","","-13.80","45","750","1001","","","","2.40","","SSW","Небольшая облачность","2025-12-14 01:25"
"-8.60","","-13.80","45","750","1001","","","","2.40","","SSW","Небольшая облачность","2025-12-14 01:26"
"-8.60","","-13.80","45","750","1001","","","","2.40","","SSW","Небольшая облачность","2025-12-14 01:27"
"-8.60","","-13.80","45","750","1001","","","","2.40","","SSW","Небольшая облачность","2025-12-14 01:28"
"-8.60","","-13.80","45","750","1001","","","","2.40","","SSW","Небольшая облачность","2025-12-14 01:29"
"-8.60","","-13.80","45","750","1001","","","","2.40","","SSW","Небольшая облачность","2025-12-14 01:30"
"-8.60","","-13.80","45","750","1001","","","","2.40","","SSW","Небольшая облачность","2025-12-14 01:31"
"-8.60","","-13.80","45","750","1001","","","","2.40","","SSW","Небольшая облачность","2025-12-14 01:32"
"-8.60","","-13.80","45","750","1001","","","","2.40","","SSW","Небольшая облачность","2025-12-14 01:33"
"-8.60","","-13.80","45","750","1001","","","","2.40","","SSW","Небольшая облачность","2025-12-14 01:34"
"-8.60","","-13.80","45","750","1001","","","","2.40","","SSW","Небольшая облачность","2025-12-14 01:35"
"-8.60","","-13.80","45","751","1002","","","","2.40","16.00","SSW","Небольшая облачность","2025-12-14 01:36"
"-8.60","","-13.80","45","751","1002","","","","2.40","16.00","SSW","Небольшая облачность","2025-12-14 01:37"
"-8.60","","-13.80","45","751","1002","","","","2.40","16.00","SSW","Небольшая облачность","2025-12-14 01:38"
"-8.60","","-13.80","45","751","1002","","","","2.40","16.00","SSW","Небольшая облачность","2025-12-14 01:39"
"-8.60","","-13.80","45","751","1002","","","","2.40","16.00","SSW","Небольшая облачность","2025-12-14 01:40"
"-8.60","","-13.80","45","751","1002","","","","2.40","16.00","SSW","Небольшая облачность","2025-12-14 01:41"
"-8.60","","-13.80","45","751","1002","","","","2.40","16.00","SSW","Небольшая облачность","2025-12-14 01:42"
"-8.60","","-13.80","45","751","1002","","","","2.40","16.00","SSW","Небольшая облачность","2025-12-14 01:43"
"-8.60","","-13.80","45","751","1002","","","","2.40","16.00","SSW","Небольшая облачность","2025-12-14 01:44"
"-8.60","","-13.80","45","751","1002","","","","2.40","16.00","SSW","Небольшая облачность","2025-12-14 01:45"
"-8.60","","-13.80","45","751","1002","","","","2.40","16.00","SSW","Небольшая облачность","2025-12-14 01:46"
"-8.60","","-13.80","45","751","1002","","","","2.40","16.00","SSW","Небольшая облачность","2025-12-14 01:47"
"-8.60","","-13.80","45","751","1002","","","","2.40","16.00","SSW","Небольшая облачность","2025-12-14 01:48"
"-8.60","","-13.80","45","751","1002","","","","2.40","16.00","SSW","Небольшая облачность","2025-12-14 01:49"
"-8.60","","-13.80","45","751","1002","","","","2.40","16.00","SSW","Небольшая облачность","2025-12-14 01:50"
"-8.60","","-13.80","45","751","1002","","","","2.40","16.00","SSW","Небольшая облачность","2025-12-14 01:51"
"-8.60","","-13.80","45","751","1002","","","","2.40","16.00","SSW","Небольшая облачность","2025-12-14 01:52"
"-8.60","","-13.80","45","751","1002","","","","2.40","16.00","SSW","Небольшая облачность","2025-12-14 01:53"
"-8.60","","-13.80","45","751","1002","","","","2.40","16.00","SSW","Небольшая облачность","2025-12-14 01:54"
"-8.60","","-13.80","45","751","1002","","","","2.40","16.00","SSW","Небольшая облачность","2025-12-14 01:55"
"-8.60","","-13.80","45","751","1002","","","","2.40","16.00","SSW","Небольшая облачность","2025-12-14 01:56"
"-8.60","","-13.80","45","751","1002","","","","2.40","16.00","SSW","Небольшая облачность","2025-12-14 01:57"
"-8.60","","-13.80","45","751","1002","","","","2.40","16.00","SSW","Небольшая облачность","2025-12-14 01:58"
"-8.60","","-13.80","45","751","1002","","","","2.40","16.00","SSW","Небольшая облачность","2025-12-14 01:59"
"-8.60","","-13.80","45","751","1002","","","","2.40","16.00","SSW","Небольшая облачность","2025-12-14 02:00"
"-8.60","","-13.80","45","751","1002","","","","2.40","16.00","SSW","Небольшая облачность","2025-12-14 02:01"
"-8.60","","-13.80","45","751","1002","","","","2.40","16.00","SSW","Небольшая облачность","2025-12-14 02:02"
"-8.60","","-13.80","45","751","1002","","","","2.40","16.00","SSW","Небольшая облачность","2025-12-14 02:03"
"-8.60","","-13.80","45","751","1002","","","","2.40","16.00","SSW","Небольшая облачность","2025-12-14 02:04"
"-8.60","","-13.80","45","751","1002","","","","2.40","17.00","SSW","Небольшая облачность","2025-12-14 02:05"
"-8.60","","-13.80","45","751","1002","","","","2.40","17.00","SSW","Небольшая облачность","2025-12-14 02:06"
"-8.60","","-13.80","45","751","1002","","","","2.40","17.00","SSW","Небольшая облачность","2025-12-14 02:07"
"-8.60","","-13.80","45","751","1002","","","","2.40","17.00","SSW","Небольшая облачность","2025-12-14 02:08"
"-8.60","","-13.80","45","751","1002","","","","2.40","17.00","SSW","Небольшая облачность","2025-12-14 02:09"
"-8.60","","-13.80","45","751","1002","","","","2.40","17.00","SSW","Небольшая облачность","2025-12-14 02:10"
"-8.60","","-13.80","45","751","1002","","","","2.40","17.00","SSW","Небольшая облачность","2025-12-14 02:11"
"-8.60","","-13.80","45","751","1002","","","","2.40","17.00","SSW","Небольшая облачность","2025-12-14 02:12"
"-8.60","","-13.80","45","751","1002","","","","2.40","17.00","SSW","Небольшая облачность","2025-12-14 02:13"
"-8.60","","-13.80","45","751","1002","","","","2.40","17.00","SSW","Небольшая облачность","2025-12-14 02:14"
"-8.60","","-13.80","45","751","1002","","","","2.40","17.00","SSW","Небольшая облачность","2025-12-14 02:15"
"-8.50","","-13.70","45","751","1002","","","","2.40","17.00","SSW","Небольшая облачность","2025-12-14 02:16"
"-8.50","","-13.70","45","751","1002","","","","2.40","17.00","SSW","Небольшая облачность","2025-12-14 02:17"
"-8.50","","-13.70","45","751","1002","","","","2.40","17.00","SSW","Небольшая облачность","2025-12-14 02:18"
"-8.50","","-13.70","45","751","1002","","","","2.40","17.00","SSW","Небольшая облачность","2025-12-14 02:19"
"-8.50","","-13.70","44","751","1002","","","","2.40","17.00","SSW","Пасмурно","2025-12-14 02:20"
"-8.50","","-13.70","44","751","1002","","","","2.40","17.00","SSW","Небольшая облачность","2025-12-14 02:21"
"-8.50","","-13.70","44","751","1002","","","","2.40","17.00","SSW","Небольшая облачность","2025-12-14 02:22"
"-8.50","","-13.70","44","751","1002","","","","2.40","17.00","SSW","Небольшая облачность","2025-12-14 02:23"
"-8.50","","-13.70","44","751","1002","","","","2.40","17.00","SSW","Небольшая облачность","2025-12-14 02:24"
"-8.50","","-13.70","44","751","1002","","","","2.40","17.00","SSW","Небольшая облачность","2025-12-14 02:25"
"-8.50","","-13.70","44","751","1002","","","","2.40","17.00","SSW","Небольшая облачность","2025-12-14 02:26"
"-8.50","","-13.70","44","751","1002","","","","2.40","17.00","SSW","Небольшая облачность","2025-12-14 02:27"
"-8.50","","-13.70","44","751","1002","","","","2.40","17.00","SSW","Небольшая облачность","2025-12-14 02:28"
"-8.50","","-13.70","44","751","1002","","","","2.40","17.00","SSW","Небольшая облачность","2025-12-14 02:29"
"-8.50","","-13.70","44","751","1002","","","","2.40","17.00","SSW","Небольшая облачность","2025-12-14 02:30"
"-8.50","","-13.70","44","751","1002","","","","2.40","17.00","SSW","Небольшая облачность","2025-12-14 02:31"
"-8.40","","-13.60","44","751","1002","","","","2.40","17.00","SSW","Небольшая облачность","2025-12-14 02:32"
"-8.40","","-13.60","44","751","1002","","","","2.40","17.00","SSW","Небольшая облачность","2025-12-14 02:33"
"-8.40","","-13.60","44","751","1002","","","","2.40","17.00","SSW","Небольшая облачность","2025-12-14 02:34"
"-8.50","","-13.70","44","751","1002","","","","2.40","17.00","SSW","Небольшая облачность","2025-12-14 02:35"
"-8.50","","-13.70","44","751","1002","","","","2.40","","SSW","Переменная облачность","2025-12-14 02:36"
"-8.50","","-13.70","44","751","1002","","","","2.40","","SSW","Переменная облачность","2025-12-14 02:37"
"-8.50","","-13.70","44","751","1002","","","","2.40","","SSW","Переменная облачность","2025-12-14 02:38"
"-8.50","","-13.70","44","751","1002","","","","2.40","","SSW","Переменная облачность","2025-12-14 02:39"
"-8.50","","-13.70","44","751","1002","","","","2.40","","SSW","Переменная облачность","2025-12-14 02:40"
"-8.50","","-13.70","44","751","1002","","","","2.40","","SSW","Переменная облачность","2025-12-14 02:41"
"-8.50","","-13.70","44","751","1002","","","","2.40","","SSW","Переменная облачность","2025-12-14 02:42"
"-8.50","","-13.70","44","751","1002","","","","2.40","","SSW","Переменная облачность","2025-12-14 02:43"
"-8.50","","-13.70","44","751","1002","","","","2.40","","SSW","Переменная облачность","2025-12-14 02:44"
"-8.50","","-13.70","44","751","1002","","","","2.40","","SSW","Переменная облачность","2025-12-14 02:45"
"-8.50","","-13.70","44","751","1002","","","","2.40","","SSW","Переменная облачность","2025-12-14 02:46"
"-8.50","","-13.70","44","751","1002","","","","2.40","","SSW","Переменная облачность","2025-12-14 02:47"
"-8.50","","-13.70","44","751","1002","","","","2.40","","SSW","Переменная облачность","2025-12-14 02:48"
"-8.50","","-13.70","44","751","1002","","","","2.40","","SSW","Переменная облачность","2025-12-14 02:49"
"-8.50","","-13.70","44","751","1002","","","","2.40","","SSW","Переменная облачность","2025-12-14 02:50"
"-8.50","","-13.70","44","752","1003","","","","2.40","","SSW","Переменная облачность","2025-12-14 02:51"
"-8.50","","-13.70","44","752","1003","","","","2.40","","SSW","Переменная облачность","2025-12-14 02:52"
"-8.50","","-13.70","44","752","1003","","","","2.40","","SSW","Переменная облачность","2025-12-14 02:53"
"-8.50","","-13.70","44","752","1003","","","","2.40","","SSW","Переменная облачность","2025-12-14 02:54"
"-8.50","","-13.70","44","752","1003","","","","2.40","","SSW","Переменная облачность","2025-12-14 02:55"
"-8.50","","-13.70","44","752","1003","","","","2.40","","SSW","Переменная облачность","2025-12-14 02:56"
"-8.50","","-13.70","44","752","1003","","","","2.40","","SSW","Переменная облачность","2025-12-14 02:57"
"-8.50","","-13.70","44","752","1003","","","","2.40","","SSW","Переменная облачность","2025-12-14 02:58"
"-8.50","","-13.70","44","752","1003","","","","2.40","","SSW","Переменная облачность","2025-12-14 02:59"
"-8.50","","-13.70","44","752","1003","","","","2.40","","SSW","Переменная облачность","2025-12-14 03:00"
"-8.50","","-13.70","44","752","1003","","","","2.40","","SSW","Переменная облачность","2025-12-14 03:01"
"-8.40","","-13.60","44","752","1003","","","","2.40","","SSW","Переменная облачность","2025-12-14 03:02"
"-8.40","","-13.60","44","752","1003","","","","2.40","","SSW","Переменная облачность","2025-12-14 03:03"
"-8.40","","-13.60","44","752","1003","","","","2.40","","SSW","Переменная облачность","2025-12-14 03:04"
"-8.40","","-13.60","44","752","1003","","","","2.40","","SSW","Переменная облачность","2025-12-14 03:05"
"-8.40","","-13.60","44","751","1002","","","","2.40","","SSW","Переменная облачность","2025-12-14 03:06"
"-8.40","","-13.60","44","751","1002","","","","2.40","","SSW","Переменная облачность","2025-12-14 03:07"
"-8.40","","-13.60","44","751","1002","","","","2.40","","SSW","Переменная облачность","2025-12-14 03:08"
"-8.40","","-13.60","44","751","1002","","","","2.40","","SSW","Переменная облачность","2025-12-14 03:09"
"-8.40","","-13.60","44","751","1002","","","","2.40","","SSW","Переменная облачность","2025-12-14 03:10"
"-8.40","","-13.60","44","751","1002","","","","2.40","","SSW","Переменная облачность","2025-12-14 03:11"
"-8.40","","-13.60","44","751","1002","","","","2.40","","SSW","Переменная облачность","2025-12-14 03:12"
"-8.40","","-13.60","44","751","1002","","","","2.40","","SSW","Переменная облачность","2025-12-14 03:13"
"-8.40","","-13.60","44","751","1002","","","","2.40","","SSW","Переменная облачность","2025-12-14 03:14"
"-8.40","","-13.60","44","751","1002","","","","2.40","","SSW","Переменная облачность","2025-12-14 03:15"
"-8.40","","-13.60","44","751","1002","","","","2.40","","SSW","Переменная облачность","2025-12-14 03:16"
"-8.40","","-13.60","44","751","1002","","","","2.40","","SSW","Переменная облачность","2025-12-14 03:17"
"-8.40","","-13.60","44","751","1002","","","","2.40","","SSW","Переменная облачность","2025-12-14 03:18"
"-8.40","","-13.60","44","751","1002","","","","2.40","","SSW","Переменная облачность","2025-12-14 03:19"
"-8.40","","-13.60","44","751","1002","","","","2.40","","SSW","Переменная облачность","2025-12-14 03:20"
"-8.40","","-13.60","44","751","1002","","","","2.40","14.00","SSW","Переменная облачность","2025-12-14 03:21"
"-8.40","","-13.60","44","751","1002","","","","2.40","14.00","SSW","Переменная облачность","2025-12-14 03:22"
"-8.40","","-13.60","44","751","1002","","","","2.40","14.00","SSW","Переменная облачность","2025-12-14 03:23"
"-8.40","","-13.60","44","751","1002","","","","2.40","14.00","SSW","Переменная облачность","2025-12-14 03:24"
"-8.40","","-13.60","44","751","1002","","","","2.40","14.00","SSW","Переменная облачность","2025-12-14 03:25"
"-8.40","","-13.60","44","751","1002","","","","2.40","14.00","SSW","Переменная облачность","2025-12-14 03:26"
"-8.40","","-13.60","44","751","1002","","","","2.40","14.00","SSW","Переменная облачность","2025-12-14 03:27"
"-8.40","","-13.60","44","751","1002","","","","2.40","14.00","SSW","Переменная облачность","2025-12-14 03:28"
"-8.40","","-13.60","44","751","1002","","","","2.40","14.00","SSW","Переменная облачность","2025-12-14 03:29"
"-8.40","","-13.60","44","751","1002","","","","2.40","14.00","SSW","Переменная облачность","2025-12-14 03:30"
"-8.40","","-13.60","44","751","1002","","","","2.40","14.00","SSW","Переменная облачность","2025-12-14 03:31"
"-8.40","","-13.60","44","751","1002","","","","2.40","14.00","SSW","Переменная облачность","2025-12-14 03:32"
"-8.40","","-13.60","44","751","1002","","","","2.40","14.00","SSW","Переменная облачность","2025-12-14 03:33"
"-8.40","","-13.60","44","751","1002","","","","2.40","14.00","SSW","Переменная облачность","2025-12-14 03:34"
"-8.40","","-13.60","44","751","1002","","","","2.40","14.00","SSW","Переменная облачность","2025-12-14 03:35"
"-8.40","","-13.60","44","752","1003","","","","2.40","","SSW","Переменная облачность","2025-12-14 03:36"
"-8.40","","-13.60","44","752","1003","","","","2.40","","SSW","Переменная облачность","2025-12-14 03:37"
"-8.40","","-13.60","44","752","1003","","","","2.40","","SSW","Переменная облачность","2025-12-14 03:38"
"-8.40","","-13.60","45","752","1003","","","","2.40","","SSW","Переменная облачность","2025-12-14 03:39"
"-8.40","","-13.60","45","752","1003","","","","2.40","","SSW","Переменная облачность","2025-12-14 03:40"
"-8.40","","-13.60","45","752","1003","","","","2.40","","SSW","Переменная облачность","2025-12-14 03:41"
"-8.40","","-13.60","45","752","1003","","","","2.40","","SSW","Переменная облачность","2025-12-14 03:42"
"-8.40","","-13.60","45","752","1003","","","","2.40","","SSW","Переменная облачность","2025-12-14 03:43"
"-8.30","","-13.50","45","752","1003","","","","2.40","","SSW","Переменная облачность","2025-12-14 03:44"
"-8.30","","-13.50","45","752","1003","","","","2.40","","SSW","Переменная облачность","2025-12-14 03:45"
"-8.30","","-13.50","45","752","1003","","","","2.40","","SSW","Переменная облачность","2025-12-14 03:46"
"-8.30","","-13.50","45","752","1003","","","","2.40","","SSW","Переменная облачность","2025-12-14 03:47"
"-8.30","","-13.50","45","752","1003","","","","2.40","","SSW","Переменная облачность","2025-12-14 03:48"
"-8.30","","-13.50","45","752","1003","","","","2.40","","SSW","Переменная облачность","2025-12-14 03:49"
"-8.20","","-13.40","45","752","1003","","","","2.40","","SSW","Переменная облачность","2025-12-14 03:50"
"-8.20","","-13.40","45","751","1002","","","","2.40","","SSW","Переменная облачность","2025-12-14 03:51"
"-8.20","","-13.40","45","751","1002","","","","2.40","","SSW","Переменная облачность","2025-12-14 03:52"
"-8.20","","-13.40","45","751","1002","","","","2.40","","SSW","Переменная облачность","2025-12-14 03:53"
"-8.20","","-13.40","45","751","1002","","","","2.40","","SSW","Переменная облачность","2025-12-14 03:54"
"-8.20","","-13.40","45","751","1002","","","","2.40","","SSW","Переменная облачность","2025-12-14 03:55"
"-8.20","","-13.40","45","751","1002","","","","2.40","","SSW","Переменная облачность","2025-12-14 03:56"
"-8.20","","-13.40","45","751","1002","","","","2.40","","SSW","Переменная облачность","2025-12-14 03:57"
"-8.10","","-13.30","45","751","1002","","","","2.40","","SSW","Переменная облачность","2025-12-14 03:58"
"-8.10","","-13.30","45","751","1002","","","","2.40","","SSW","Переменная облачность","2025-12-14 03:59"
"-8.10","","-13.30","45","751","1002","","","","2.40","","SSW","Переменная облачность","2025-12-14 04:00"
"-8.10","","-13.30","45","751","1002","","","","2.40","","SSW","Переменная облачность","2025-12-14 04:01"
"-8.10","","-13.30","44","751","1002","","","","2.40","","SSW","Переменная облачность","2025-12-14 04:02"
"-8.10","","-13.30","44","751","1002","","","","2.40","","SSW","Переменная облачность","2025-12-14 04:03"
"-8.10","","-13.30","44","751","1002","","","","2.40","","SSW","Переменная облачность","2025-12-14 04:04"
"-8.10","","-13.30","44","751","1002","","","","2.40","","SSW","Переменная облачность","2025-12-14 04:05"
"-8.10","","-13.30","44","752","1003","","","","2.40","","SSW","Небольшая облачность","2025-12-14 04:06"
"-8.10","","-13.30","44","752","1003","","","","2.40","","SSW","Небольшая облачность","2025-12-14 04:07"
"-8.10","","-13.30","44","752","1003","","","","2.40","","SSW","Небольшая облачность","2025-12-14 04:08"
"-8.10","","-13.30","44","752","1003","","","","2.40","","SSW","Небольшая облачность","2025-12-14 04:09"
"-8.10","","-13.30","44","752","1003","","","","2.40","","SSW","Небольшая облачность","2025-12-14 04:10"
"-8.10","","-13.30","44","752","1003","","","","2.40","","SSW","Небольшая облачность","2025-12-14 04:11"
"-8.10","","-13.30","44","752","1003","","","","2.40","","SSW","Небольшая облачность","2025-12-14 04:12"
"-8.10","","-13.30","44","752","1003","","","","2.40","","SSW","Небольшая облачность","2025-12-14 04:13"
"-8.10","","-13.30","44","752","1003","","","","2.40","","SSW","Небольшая облачность","2025-12-14 04:14"
"-8.10","","-13.30","44","752","1003","","","","2.40","","SSW","Небольшая облачность","2025-12-14 04:15"
"-8.10","","-13.30","44","752","1003","","","","2.40","","SSW","Небольшая облачность","2025-12-14 04:16"
"-8.10","","-13.30","44","752","1003","","","","2.40","","SSW","Небольшая облачность","2025-12-14 04:17"
"-8.10","","-13.30","44","752","1003","","","","2.40","","SSW","Небольшая облачность","2025-12-14 04:18"
"-8.00","","-13.20","44","752","1003","","","","2.40","","SSW","Небольшая облачность","2025-12-14 04:19"
"-8.00","","-13.20","44","752","1003","","","","2.40","","SSW","Небольшая облачность","2025-12-14 04:20"
"-8.00","","-13.20","44","752","1003","","","","2.40","","SSW","Небольшая облачность","2025-12-14 04:21"
"-8.00","","-13.20","44","752","1003","","","","2.40","","SSW","Небольшая облачность","2025-12-14 04:22"
"-8.00","","-13.20","44","752","1003","","","","2.40","","SSW","Небольшая облачность","2025-12-14 04:23"
"-8.00","","-13.20","44","752","1003","","","","2.40","","SSW","Небольшая облачность","2025-12-14 04:24"
"-8.00","","-13.20","44","752","1003","","","","2.40","","SSW","Небольшая облачность","2025-12-14 04:25"
"-8.00","","-13.20","44","752","1003","","","","2.40","14.00","SSW","Переменная облачность","2025-12-14 04:26"
"-8.00","","-13.20","44","752","1003","","","","2.40","14.00","SSW","Переменная облачность","2025-12-14 04:27"
"-8.00","","-13.20","44","752","1003","","","","2.40","14.00","SSW","Переменная облачность","2025-12-14 04:28"
"-8.00","","-13.20","44","752","1003","","","","2.40","14.00","SSW","Переменная облачность","2025-12-14 04:29"
"-8.00","","-13.20","44","752","1003","","","","2.40","14.00","SSW","Переменная облачность","2025-12-14 04:30"
"-8.00","","-13.20","44","752","1003","","","","2.40","14.00","SSW","Переменная облачность","2025-12-14 04:31"
"-8.00","","-13.20","44","752","1003","","","","2.40","14.00","SSW","Переменная облачность","2025-12-14 04:32"
"-8.00","","-13.20","44","752","1003","","","","2.40","14.00","SSW","Переменная облачность","2025-12-14 04:33"
"-8.00","","-13.20","44","752","1003","","","","2.40","14.00","SSW","Переменная облачность","2025-12-14 04:34"
"-8.10","","-13.30","43","752","1003","","","","2.40","14.00","SSW","Переменная облачность","2025-12-14 04:35"
"-8.10","","-13.30","43","752","1003","","","","2.40","14.00","SSW","Переменная облачность","2025-12-14 04:36"
"-8.10","","-13.30","43","752","1003","","","","2.40","14.00","SSW","Переменная облачность","2025-12-14 04:37"
"-8.10","","-13.30","43","752","1003","","","","2.40","14.00","SSW","Переменная облачность","2025-12-14 04:38"
"-8.10","","-13.30","43","752","1003","","","","2.40","14.00","SSW","Переменная облачность","2025-12-14 04:39"
"-8.10","","-13.30","43","752","1003","","","","2.40","14.00","SSW","Переменная облачность","2025-12-14 04:40"
"-8.10","","-13.30","43","752","1003","","","","2.40","14.00","SSW","Переменная облачность","2025-12-14 04:41"
"-8.10","","-13.30","43","752","1003","","","","2.40","14.00","SSW","Переменная облачность","2025-12-14 04:42"
"-8.10","","-13.30","43","752","1003","","","","2.40","14.00","SSW","Переменная облачность","2025-12-14 04:43"
"-8.10","","-13.30","43","752","1003","","","","2.40","14.00","SSW","Переменная облачность","2025-12-14 04:44"
"-8.10","","-13.30","43","752","1003","","","","2.40","14.00","SSW","Переменная облачность","2025-12-14 04:45"
"-8.10","","-13.30","43","752","1003","","","","2.40","","SSW","Переменная облачность","2025-12-14 04:46"
"-8.10","","-13.30","43","752","1003","","","","2.40","","SSW","Переменная облачность","2025-12-14 04:47"
"-8.10","","-13.30","43","752","1003","","","","2.40","","SSW","Переменная облачность","2025-12-14 04:48"
"-8.10","","-13.30","43","752","1003","","","","2.40","","SSW","Переменная облачность","2025-12-14 04:49"
"-8.10","","-13.30","43","752","1003","","","","2.40","","SSW","Переменная облачность","2025-12-14 04:50"
"-8.10","","-13.30","43","752","1003","","","","2.40","","SSW","Переменная облачность","2025-12-14 04:51"
"-8.10","","-13.30","43","752","1003","","","","2.40","","SSW","Переменная облачность","2025-12-14 04:52"
"-8.10","","-13.30","43","752","1003","","","","2.40","","SSW","Переменная облачность","2025-12-14 04:53"
"-8.10","","-13.30","43","752","1003","","","","2.40","","SSW","Переменная облачность","2025-12-14 04:54"
"-8.10","","-13.30","43","752","1003","","","","2.40","","SSW","Переменная облачность","2025-12-14 04:55"
"-8.10","","-13.30","43","752","1003","","","","2.40","15.00","SSW","Переменная облачность","2025-12-14 04:56"
"-8.10","","-13.30","43","752","1003","","","","2.40","15.00","SSW","Переменная облачность","2025-12-14 04:57"
"-8.10","","-13.30","43","752","1003","","","","2.40","15.00","SSW","Переменная облачность","2025-12-14 04:58"
"-8.10","","-13.30","43","752","1003","","","","2.40","15.00","SSW","Переменная облачность","2025-12-14 04:59"
"-8.10","","-13.30","43","752","1003","","","","2.40","15.00","SSW","Переменная облачность","2025-12-14 05:00"
"-8.10","","-13.30","43","752","1003","","","","2.40","15.00","SSW","Переменная облачность","2025-12-14 05:01"
"-8.10","","-13.30","43","752","1003","","","","2.40","15.00","SSW","Переменная облачность","2025-12-14 05:02"
"-8.10","","-13.30","43","752","1003","","","","2.40","15.00","SSW","Переменная облачность","2025-12-14 05:03"
"-8.10","","-13.30","43","752","1003","","","","2.40","15.00","SSW","Переменная облачность","2025-12-14 05:04"
"-8.10","","-13.30","43","752","1003","","","","2.40","15.00","SSW","Переменная облачность","2025-12-14 05:05"
"-8.10","","-13.30","43","752","1003","","","","2.40","15.00","SSW","Переменная облачность","2025-12-14 05:06"
"-8.10","","-13.30","43","752","1003","","","","2.40","15.00","SSW","Переменная облачность","2025-12-14 05:07"
"-8.10","","-13.30","43","752","1003","","","","2.40","15.00","SSW","Переменная облачность","2025-12-14 05:08"
"-8.10","","-13.30","43","752","1003","","","","2.40","15.00","SSW","Переменная облачность","2025-12-14 05:09"
"-8.10","","-13.30","43","752","1003","","","","2.40","15.00","SSW","Переменная облачность","2025-12-14 05:10"
"-8.10","","-13.30","43","752","1003","","","","2.40","15.00","SSW","Переменная облачность","2025-12-14 05:11"
"-8.10","","-13.30","43","752","1003","","","","2.40","15.00","SSW","Переменная облачность","2025-12-14 05:12"
"-8.10","","-13.30","43","752","1003","","","","2.40","15.00","SSW","Переменная облачность","2025-12-14 05:13"
"-8.10","","-13.30","43","752","1003","","","","2.40","15.00","SSW","Переменная облачность","2025-12-14 05:14"
"-8.10","","-13.30","43","752","1003","","","","2.40","15.00","SSW","Переменная облачность","2025-12-14 05:15"
"-8.10","","-13.30","43","752","1003","","","","2.40","","SSW","Переменная облачность","2025-12-14 05:16"
"-8.10","","-13.30","43","752","1003","","","","2.40","","SSW","Переменная облачность","2025-12-14 05:17"
"-8.10","","-13.30","43","752","1003","","","","2.40","","SSW","Переменная облачность","2025-12-14 05:18"
"-8.10","","-13.30","43","752","1003","","","","2.40","","SSW","Переменная облачность","2025-12-14 05:19"
"-8.10","","-13.30","43","752","1003","","","","2.40","","SSW","Переменная облачность","2025-12-14 05:20"
"-8.10","","-13.30","43","753","1004","","","","2.40","","SSW","Переменная облачность","2025-12-14 05:21"
"-8.10","","-13.30","43","753","1004","","","","2.40","","SSW","Переменная облачность","2025-12-14 05:22"
"-8.10","","-13.30","43","753","1004","","","","2.40","","SSW","Переменная облачность","2025-12-14 05:23"
"-8.10","","-13.30","43","753","1004","","","","2.40","","SSW","Переменная облачность","2025-12-14 05:24"
"-8.10","","-13.30","43","753","1004","","","","2.40","","SSW","Переменная облачность","2025-12-14 05:25"
"-8.10","","-13.30","44","753","1004","","","","2.40","","SSW","Переменная облачность","2025-12-14 05:26"
"-8.10","","-13.30","44","753","1004","","","","2.40","","SSW","Переменная облачность","2025-12-14 05:27"
"-8.10","","-13.30","44","753","1004","","","","2.40","","SSW","Переменная облачность","2025-12-14 05:28"
"-8.10","","-13.30","44","753","1004","","","","2.40","","SSW","Переменная облачность","2025-12-14 05:29"
"-8.10","","-13.30","44","753","1004","","","","2.40","","SSW","Переменная облачность","2025-12-14 05:30"
"-8.20","","-13.40","44","753","1004","","","","2.40","","SSW","Переменная облачность","2025-12-14 05:31"
"-8.20","","-13.40","44","753","1004","","","","2.40","","SSW","Переменная облачность","2025-12-14 05:32"
"-8.20","","-13.40","44","753","1004","","","","2.40","","SSW","Переменная облачность","2025-12-14 05:33"
"-8.20","","-13.40","44","753","1004","","","","2.40","","SSW","Переменная облачность","2025-12-14 05:34"
"-8.20","","-13.40","44","753","1004","","","","2.40","","SSW","Переменная облачность","2025-12-14 05:35"
"-8.20","","-13.40","44","753","1004","","","","2.40","14.00","SSW","Переменная облачность","2025-12-14 05:36"
"-8.20","","-13.40","44","753","1004","","","","2.40","14.00","SSW","Переменная облачность","2025-12-14 05:37"
"-8.20","","-13.40","44","753","1004","","","","2.40","14.00","SSW","Переменная облачность","2025-12-14 05:38"
"-8.20","","-13.40","44","753","1004","","","","2.40","14.00","SSW","Переменная облачность","2025-12-14 05:39"
"-8.20","","-13.40","44","753","1004","","","","2.40","14.00","SSW","Переменная облачность","2025-12-14 05:40"
"-8.20","","-13.40","44","753","1004","","","","2.40","14.00","SSW","Переменная облачность","2025-12-14 05:41"
"-8.10","","-13.30","44","753","1004","","","","2.40","14.00","SSW","Переменная облачность","2025-12-14 05:42"
"-8.10","","-13.30","44","753","1004","","","","2.40","14.00","SSW","Переменная облачность","2025-12-14 05:43"
"-8.10","","-13.30","44","753","1004","","","","2.40","14.00","SSW","Переменная облачность","2025-12-14 05:44"
"-8.10","","-13.30","44","753","1004","","","","2.40","14.00","SSW","Переменная облачность","2025-12-14 05:45"
"-8.10","","-13.30","44","753","1004","","","","2.40","14.00","SSW","Переменная облачность","2025-12-14 05:46"
"-8.10","","-13.30","44","753","1004","","","","2.40","14.00","SSW","Переменная облачность","2025-12-14 05:47"
"-8.10","","-13.30","44","753","1004","","","","2.40","14.00","SSW","Переменная облачность","2025-12-14 05:48"
"-8.10","","-13.30","44","753","1004","","","","2.40","14.00","SSW","Переменная облачность","2025-12-14 05:49"
"-8.10","","-13.30","44","753","1004","","","","2.40","14.00","SSW","Переменная облачность","2025-12-14 05:50"
"-8.00","","-13.20","44","752","1003","","","","2.40","14.00","SSW","Переменная облачность","2025-12-14 05:51"
"-8.00","","-13.20","44","752","1003","","","","2.40","14.00","SSW","Переменная облачность","2025-12-14 05:52"
"-8.00","","-13.20","44","752","1003","","","","2.40","14.00","SSW","Переменная облачность","2025-12-14 05:53"
"-8.00","","-13.20","44","752","1003","","","","2.40","14.00","SSW","Переменная облачность","2025-12-14 05:54"
"-8.00","","-13.20","44","752","1003","","","","2.40","14.00","SSW","Переменная облачность","2025-12-14 05:55"
"-8.00","","-13.20","44","752","1003","","","","2.40","14.00","SSW","Переменная облачность","2025-12-14 05:56"
"-8.00","","-13.20","44","752","1003","","","","2.40","14.00","SSW","Переменная облачность","2025-12-14 05:57"
"-8.00","","-13.20","44","752","1003","","","","2.40","14.00","SSW","Переменная облачность","2025-12-14 05:58"
"-8.00","","-13.20","44","752","1003","","","","2.40","14.00","SSW","Переменная облачность","2025-12-14 05:59"
"-7.90","","-13.10","44","752","1003","","","","2.40","","SSW","Переменная облачность","2025-12-14 06:00"
"-7.90","","-13.10","44","752","1003","","","","2.40","","SSW","Переменная облачность","2025-12-14 06:01"
"-7.90","","-13.10","44","752","1003","","","","2.40","","SSW","Переменная облачность","2025-12-14 06:02"
"-7.90","","-13.10","44","752","1003","","","","2.40","","SSW","Переменная облачность","2025-12-14 06:03"
"-7.90","","-13.10","44","752","1003","","","","2.40","","SSW","Переменная облачность","2025-12-14 06:04"
"-7.90","","-13.10","44","752","1003","","","","2.40","","SSW","Переменная облачность","2025-12-14 06:05"
"-7.90","","-13.10","44","753","1004","","","","2.40","","SSW","Переменная облачность","2025-12-14 06:06"
"-7.90","","-13.10","44","753","1004","","","","2.40","","SSW","Переменная облачность","2025-12-14 06:07"
"-7.90","","-13.10","44","753","1004","","","","2.40","","SSW","Переменная облачность","2025-12-14 06:08"
"-7.90","","-13.10","44","753","1004","","","","2.40","","SSW","Переменная облачность","2025-12-14 06:09"
"-7.80","","-13.00","44","753","1004","","","","2.40","","SSW","Переменная облачность","2025-12-14 06:10"
"-7.80","","-13.00","44","753","1004","","","","2.40","","SSW","Переменная облачность","2025-12-14 06:11"
"-7.80","","-13.00","44","753","1004","","","","2.40","","SSW","Переменная облачность","2025-12-14 06:12"
"-7.80","","-13.00","44","753","1004","","","","2.40","","SSW","Переменная облачность","2025-12-14 06:13"
"-7.70","","-12.90","44","753","1004","","","","2.40","","SSW","Переменная облачность","2025-12-14 06:14"
"-7.70","","-12.90","44","753","1004","","","","2.40","","SSW","Переменная облачность","2025-12-14 06:15"
"-7.70","","-12.90","44","753","1004","","","","2.40","","SSW","Переменная облачность","2025-12-14 06:16"
"-7.70","","-12.90","44","753","1004","","","","2.40","","SSW","Переменная облачность","2025-12-14 06:17"
"-7.70","","-12.90","44","753","1004","","","","2.40","","SSW","Переменная облачность","2025-12-14 06:18"
"-7.70","","-12.90","44","753","1004","","","","2.40","","SSW","Переменная облачность","2025-12-14 06:19"
"-7.70","","-12.90","44","753","1004","","","","2.40","","SSW","Переменная облачность","2025-12-14 06:20"
"-7.70","","-12.90","44","753","1004","","","","2.40","","SSW","Переменная облачность","2025-12-14 06:21"
"-7.70","","-12.90","44","753","1004","","","","2.40","","SSW","Переменная облачность","2025-12-14 06:22"
"-7.60","","-12.80","44","753","1004","","","","2.40","","SSW","Переменная облачность","2025-12-14 06:23"
"-7.60","","-12.80","44","753","1004","","","","2.40","","SSW","Переменная облачность","2025-12-14 06:24"
"-7.60","","-12.80","44","753","1004","","","","2.40","","SSW","Переменная облачность","2025-12-14 06:25"
"-7.60","","-12.80","44","753","1004","","","","2.40","","SSW","Переменная облачность","2025-12-14 06:26"
"-7.60","","-12.80","44","753","1004","","","","2.40","","SSW","Переменная облачность","2025-12-14 06:27"
"-7.60","","-12.80","44","753","1004","","","","2.40","","SSW","Переменная облачность","2025-12-14 06:28"
"-7.60","","-12.80","44","753","1004","","","","2.40","","SSW","Переменная облачность","2025-12-14 06:29"
"-7.50","","-12.70","44","753","1004","","","","2.40","","SSW","Переменная облачность","2025-12-14 06:30"
"-7.50","","-12.70","44","753","1004","","","","2.40","","SSW","Переменная облачность","2025-12-14 06:31"
"-7.50","","-12.70","44","753","1004","","","","2.40","","SSW","Переменная облачность","2025-12-14 06:32"
"-7.50","","-12.70","44","753","1004","","","","2.40","","SSW","Переменная облачность","2025-12-14 06:33"
"-7.50","","-12.70","44","753","1004","","","","2.40","","SSW","Переменная облачность","2025-12-14 06:34"
"-7.50","","-12.70","44","753","1004","","","","2.40","","SSW","Переменная облачность","2025-12-14 06:35"
"-7.50","","-12.70","44","753","1004","","","","2.40","","SSW","Переменная облачность","2025-12-14 06:36"
"-7.50","","-12.70","44","753","1004","","","","2.40","","SSW","Переменная облачность","2025-12-14 06:37"
"-7.50","","-12.70","44","753","1004","","","","2.40","","SSW","Переменная облачность","2025-12-14 06:38"
"-7.50","","-12.70","44","753","1004","","","","2.40","","SSW","Переменная облачность","2025-12-14 06:39"
"-7.50","","-12.70","44","753","1004","","","","2.40","","SSW","Переменная облачность","2025-12-14 06:40"
"-7.50","","-12.70","44","753","1004","","","","2.40","","SSW","Переменная облачность","2025-12-14 06:41"
"-7.50","","-12.70","44","753","1004","","","","2.40","","SSW","Переменная облачность","2025-12-14 06:42"
"-7.50","","-12.70","44","753","1004","","","","2.40","","SSW","Переменная облачность","2025-12-14 06:43"
"-7.50","","-12.70","44","753","1004","","","","2.40","","SSW","Переменная облачность","2025-12-14 06:44"
"-7.50","","-12.70","43","753","1004","","","","2.40","","SSW","Переменная облачность","2025-12-14 06:45"
"-7.50","","-12.70","43","753","1004","","","","2.40","","SSW","Переменная облачность","2025-12-14 06:46"
"-7.50","","-12.70","43","753","1004","","","","2.40","","SSW","Переменная облачность","2025-12-14 06:47"
"-7.40","","-12.60","43","753","1004","","","","2.40","","SSW","Переменная облачность","2025-12-14 06:48"
"-7.40","","-12.60","43","753","1004","","","","2.40","","SSW","Переменная облачность","2025-12-14 06:49"
"-7.40","","-12.60","43","753","1004","","","","2.40","","SSW","Переменная облачность","2025-12-14 06:50"
"-7.40","","-12.60","43","753","1004","","","","2.40","","SSW","Переменная облачность","2025-12-14 06:51"
"-7.40","","-12.60","43","753","1004","","","","2.40","","SSW","Переменная облачность","2025-12-14 06:52"
"-7.40","","-12.60","43","753","1004","","","","2.40","","SSW","Переменная облачность","2025-12-14 06:53"
"-7.40","","-12.60","43","753","1004","","","","2.40","","SSW","Переменная облачность","2025-12-14 06:54"
"-7.40","","-12.60","43","753","1004","","","","2.40","","SSW","Переменная облачность","2025-12-14 06:55"
"-7.40","","-12.60","43","753","1004","","","","2.40","","SSW","Переменная облачность","2025-12-14 06:56"
"-7.40","","-12.60","43","753","1004","","","","2.40","","SSW","Переменная облачность","2025-12-14 06:57"
"-7.40","","-12.60","43","753","1004","","","","2.40","","SSW","Переменная облачность","2025-12-14 06:58"
"-7.40","","-12.60","43","753","1004","","","","2.40","","SSW","Переменная облачность","2025-12-14 06:59"
"-7.40","","-12.60","43","753","1004","","","","2.40","","SSW","Переменная облачность","2025-12-14 07:00"
"-7.40","","-12.60","43","753","1004","","","","2.40","","SSW","Переменная облачность","2025-12-14 07:01"
"-7.40","","-12.60","43","753","1004","","","","2.40","","SSW","Переменная облачность","2025-12-14 07:02"
"-7.30","","-12.50","43","753","1004","","","","2.40","","SSW","Переменная облачность","2025-12-14 07:03"
"-7.30","","-12.50","43","753","1004","","","","2.40","","SSW","Переменная облачность","2025-12-14 07:04"
"-7.30","","-12.50","43","753","1004","","","","2.40","","SSW","Переменная облачность","2025-12-14 07:05"
"-7.30","","-12.50","43","753","1004","","","","2.40","","SSW","Переменная облачность","2025-12-14 07:06"
"-7.30","","-12.50","43","753","1004","","","","2.40","","SSW","Переменная облачность","2025-12-14 07:07"
"-7.30","","-12.50","43","753","1004","","","","2.40","","SSW","Переменная облачность","2025-12-14 07:08"
"-7.30","","-12.50","43","753","1004","","","","2.40","","SSW","Переменная облачность","2025-12-14 07:09"
"-7.30","","-12.50","43","753","1004","","","","2.40","","SSW","Переменная облачность","2025-12-14 07:10"
"-7.30","","-12.50","43","753","1004","","","","2.40","","SSW","Переменная облачность","2025-12-14 07:11"
"-7.30","","-12.50","43","753","1004","","","","2.40","","SSW","Переменная облачность","2025-12-14 07:12"
"-7.30","","-12.50","43","753","1004","","","","2.40","","SSW","Переменная облачность","2025-12-14 07:13"
"-7.30","","-12.50","43","753","1004","","","","2.40","","SSW","Переменная облачность","2025-12-14 07:14"
"-7.30","","-12.50","43","753","1004","","","","2.40","","SSW","Переменная облачность","2025-12-14 07:15"
"-7.30","","-12.50","43","753","1004","","","","2.40","","SSW","Переменная облачность","2025-12-14 07:16"
"-7.30","","-12.50","43","753","1004","","","","2.40","","SSW","Переменная облачность","2025-12-14 07:17"
"-7.30","","-12.50","43","753","1004","","","","2.40","","SSW","Переменная облачность","2025-12-14 07:18"
"-7.40","","-12.60","43","753","1004","","","","2.40","","SSW","Переменная облачность","2025-12-14 07:19"
"-7.40","","-12.60","43","753","1004","","","","2.40","","SSW","Переменная облачность","2025-12-14 07:20"
"-7.40","","-12.60","43","753","1005","","","","2.40","","SSW","Переменная облачность","2025-12-14 07:21"
"-7.40","","-12.60","43","753","1005","","","","2.40","","SSW","Переменная облачность","2025-12-14 07:22"
"-7.40","","-12.60","43","753","1005","","","","2.40","","SSW","Переменная облачность","2025-12-14 07:23"
"-7.40","","-12.60","43","753","1005","","","","2.40","","SSW","Переменная облачность","2025-12-14 07:24"
"-7.50","","-12.70","44","753","1005","","","","2.40","","SSW","Переменная облачность","2025-12-14 07:25"
"-7.50","","-12.70","44","753","1005","","","","2.40","","SSW","Переменная облачность","2025-12-14 07:26"
"-7.50","","-12.70","44","753","1005","","","","2.40","","SSW","Переменная облачность","2025-12-14 07:27"
"-7.50","","-12.70","44","753","1005","","","","2.40","","SSW","Переменная облачность","2025-12-14 07:28"
"-7.50","","-12.70","44","753","1005","","","","2.40","","SSW","Переменная облачность","2025-12-14 07:29"
"-7.50","","-12.70","44","753","1005","","","","2.40","","SSW","Переменная облачность","2025-12-14 07:30"
"-7.50","","-12.70","44","753","1005","","","","2.40","","SSW","Переменная облачность","2025-12-14 07:31"
"-7.50","","-12.70","44","753","1005","","","","2.40","","SSW","Переменная облачность","2025-12-14 07:32"
"-7.50","","-12.70","44","753","1005","","","","2.40","","SSW","Переменная облачность","2025-12-14 07:33"
"-7.50","","-12.70","44","753","1005","","","","2.40","","SSW","Переменная облачность","2025-12-14 07:34"
"-7.50","","-12.70","44","753","1005","","","","2.40","","SSW","Переменная облачность","2025-12-14 07:35"
"-7.50","","-12.70","44","753","1004","","","","2.40","","SSW","Переменная облачность","2025-12-14 07:36"
"-7.50","","-12.70","45","753","1004","","","","2.40","","SSW","Переменная облачность","2025-12-14 07:37"
"-7.50","","-12.70","45","753","1004","","","","2.40","","SSW","Переменная облачность","2025-12-14 07:38"
"-7.50","","-12.70","45","753","1004","","","","2.40","","SSW","Переменная облачность","2025-12-14 07:39"
"-7.50","","-12.70","45","753","1004","","","","2.40","","SSW","Переменная облачность","2025-12-14 07:40"
"-7.50","","-12.70","45","753","1004","","","","2.40","","SSW","Переменная облачность","2025-12-14 07:41"
"-7.50","","-12.70","45","753","1004","","","","2.40","","SSW","Переменная облачность","2025-12-14 07:42"
"-7.50","","-12.70","45","753","1004","","","","2.40","","SSW","Переменная облачность","2025-12-14 07:43"
"-7.50","","-12.70","45","753","1004","","","","2.40","","SSW","Переменная облачность","2025-12-14 07:44"
"-7.50","","-12.70","45","753","1004","","","","2.40","","SSW","Переменная облачность","2025-12-14 07:45"
"-7.40","","-12.60","45","753","1004","","","","2.40","","SSW","Переменная облачность","2025-12-14 07:46"
"-7.40","","-12.60","45","753","1004","","","","2.40","","SSW","Переменная облачность","2025-12-14 07:47"
"-7.40","","-12.60","45","753","1004","","","","2.40","","SSW","Переменная облачность","2025-12-14 07:48"
"-7.40","","-12.60","45","753","1004","","","","2.40","","SSW","Переменная облачность","2025-12-14 07:49"
"-7.30","","-12.50","45","753","1004","","","","2.40","","SSW","Переменная облачность","2025-12-14 07:50"
"-7.30","","-12.50","45","753","1004","","","","2.40","","SSW","Переменная облачность","2025-12-14 07:51"
"-7.30","","-12.50","45","753","1004","","","","2.40","","SSW","Переменная облачность","2025-12-14 07:52"
"-7.30","","-12.50","45","753","1004","","","","2.40","","SSW","Переменная облачность","2025-12-14 07:53"
"-7.30","","-12.50","45","753","1004","","","","2.40","","SSW","Переменная облачность","2025-12-14 07:54"
"-7.30","","-12.50","45","753","1004","","","","2.40","","SSW","Переменная облачность","2025-12-14 07:55"
"-7.30","","-12.50","45","753","1004","","","","2.40","","SSW","Переменная облачность","2025-12-14 07:56"
"-7.30","","-12.50","45","753","1004","","","","2.40","","SSW","Переменная облачность","2025-12-14 07:57"
"-7.20","","-12.30","45","753","1004","","","","2.40","","SSW","Переменная облачность","2025-12-14 07:58"
"-7.20","","-12.30","45","753","1004","","","","2.40","","SSW","Переменная облачность","2025-12-14 07:59"
"-7.20","","-12.30","45","753","1004","","","","2.40","","SSW","Переменная облачность","2025-12-14 08:00"
"-7.20","","-12.30","45","753","1004","","","","2.40","","SSW","Переменная облачность","2025-12-14 08:01"
"-7.10","","-12.20","45","753","1004","","","","2.40","","SSW","Переменная облачность","2025-12-14 08:02"
"-7.10","","-12.20","45","753","1004","","","","2.40","","SSW","Переменная облачность","2025-12-14 08:03"
"-7.10","","-12.20","45","753","1004","","","","2.40","","SSW","Переменная облачность","2025-12-14 08:04"
"-7.10","","-12.20","45","753","1004","","","","2.40","","SSW","Переменная облачность","2025-12-14 08:05"
"-7.10","","-12.20","45","753","1004","","","","2.40","15.00","SSW","Переменная облачность","2025-12-14 08:06"
"-7.10","","-12.20","45","753","1004","","","","2.40","15.00","SSW","Переменная облачность","2025-12-14 08:07"
"-7.10","","-12.20","45","753","1004","","","","2.40","15.00","SSW","Переменная облачность","2025-12-14 08:08"
"-7.10","","-12.20","45","753","1004","","","","2.40","15.00","SSW","Переменная облачность","2025-12-14 08:09"
"-7.10","","-12.20","45","753","1004","","","","2.40","15.00","SSW","Переменная облачность","2025-12-14 08:10"
"-7.10","","-12.20","45","753","1004","","","","2.40","15.00","SSW","Переменная облачность","2025-12-14 08:11"
"-7.10","","-12.20","45","753","1004","","","","2.40","15.00","SSW","Переменная облачность","2025-12-14 08:12"
"-7.10","","-12.20","45","753","1004","","","","2.40","15.00","SSW","Переменная облачность","2025-12-14 08:13"
"-7.10","","-12.20","45","753","1004","","","","2.40","15.00","SSW","Переменная облачность","2025-12-14 08:14"
"-7.10","","-12.20","45","753","1004","","","","2.40","15.00","SSW","Переменная облачность","2025-12-14 08:15"
"-7.00","","-12.10","45","753","1004","","","","2.40","17.00","SSW","Переменная облачность","2025-12-14 08:16"
"-7.00","","-12.10","45","753","1004","","","","2.40","17.00","SSW","Переменная облачность","2025-12-14 08:17"
"-7.00","","-12.10","45","753","1004","","","","2.40","17.00","SSW","Переменная облачность","2025-12-14 08:18"
"-7.00","","-12.10","45","753","1004","","","","2.40","17.00","SSW","Переменная облачность","2025-12-14 08:19"
"-7.00","","-12.10","45","753","1004","","","","2.40","17.00","SSW","Переменная облачность","2025-12-14 08:20"
"-7.00","","-12.10","45","753","1004","","","","2.40","17.00","SSW","Переменная облачность","2025-12-14 08:21"
"-7.00","","-12.10","45","753","1004","","","","2.40","17.00","SSW","Переменная облачность","2025-12-14 08:22"
"-7.00","","-12.10","45","753","1004","","","","2.40","17.00","SSW","Переменная облачность","2025-12-14 08:23"
"-7.00","","-12.10","45","753","1004","","","","2.40","17.00","SSW","Переменная облачность","2025-12-14 08:24"
"-7.00","","-12.20","44","753","1004","","","","2.40","17.00","SSW","Переменная облачность","2025-12-14 08:25"
"-7.00","","-12.20","44","753","1004","","","","2.40","17.00","SSW","Переменная облачность","2025-12-14 08:26"
"-7.00","","-12.20","44","753","1004","","","","2.40","17.00","SSW","Переменная облачность","2025-12-14 08:27"
"-7.00","","-12.20","44","753","1004","","","","2.40","17.00","SSW","Переменная облачность","2025-12-14 08:28"
"-7.00","","-12.20","44","753","1004","","","","2.40","17.00","SSW","Переменная облачность","2025-12-14 08:29"
"-7.00","","-12.20","44","753","1004","","","","2.40","17.00","SSW","Переменная облачность","2025-12-14 08:30"
"-7.00","","-12.20","44","753","1004","","","","2.40","17.00","SSW","Переменная облачность","2025-12-14 08:31"
"-7.00","","-12.20","44","753","1004","","","","2.40","17.00","SSW","Переменная облачность","2025-12-14 08:32"
"-7.00","","-12.20","44","753","1004","","","","2.40","17.00","SSW","Переменная облачность","2025-12-14 08:33"
"-6.90","","-12.00","44","753","1004","","","","2.40","17.00","SSW","Переменная облачность","2025-12-14 08:34"
"-6.90","","-12.00","44","753","1004","","","","2.40","17.00","SSW","Переменная облачность","2025-12-14 08:35"
"-6.90","","-12.00","44","753","1004","","","","2.40","17.00","SSW","Переменная облачность","2025-12-14 08:36"
"-6.90","","-12.00","44","753","1004","","","","2.40","17.00","SSW","Переменная облачность","2025-12-14 08:37"
"-6.90","","-12.00","44","753","1004","","","","2.40","17.00","SSW","Переменная облачность","2025-12-14 08:38"
"-6.90","","-12.00","44","753","1004","","","","2.40","17.00","SSW","Переменная облачность","2025-12-14 08:39"
"-6.90","","-12.00","44","753","1004","","","","2.40","17.00","SSW","Переменная облачность","2025-12-14 08:40"
"-6.90","","-12.00","44","753","1004","","","","2.40","17.00","SSW","Переменная облачность","2025-12-14 08:41"
"-6.80","","-11.90","44","753","1004","","","","2.40","17.00","SSW","Переменная облачность","2025-12-14 08:42"
"-6.80","","-11.90","44","753","1004","","","","2.40","17.00","SSW","Переменная облачность","2025-12-14 08:43"
"-6.80","","-11.90","44","753","1004","","","","2.40","17.00","SSW","Переменная облачность","2025-12-14 08:44"
"-6.80","","-11.90","44","753","1004","","","","2.40","17.00","SSW","Переменная облачность","2025-12-14 08:45"
"-6.80","","-11.90","44","753","1004","","","","2.40","17.00","SSW","Переменная облачность","2025-12-14 08:46"
"-6.80","","-11.90","44","753","1004","","","","2.40","17.00","SSW","Переменная облачность","2025-12-14 08:47"
"-6.90","","-12.00","44","753","1004","","","","2.40","17.00","SSW","Переменная облачность","2025-12-14 08:48"
"-6.90","","-12.00","44","753","1004","","","","2.40","17.00","SSW","Переменная облачность","2025-12-14 08:49"
"-6.90","","-12.00","44","753","1004","","","","2.40","17.00","SSW","Переменная облачность","2025-12-14 08:50"
"-6.90","","-12.00","44","753","1004","","","","2.40","17.00","SSW","Переменная облачность","2025-12-14 08:51"
"-6.80","","-11.90","44","753","1004","","","","2.40","17.00","SSW","Переменная облачность","2025-12-14 08:52"
"-6.80","","-11.90","44","753","1004","","","","2.40","17.00","SSW","Переменная облачность","2025-12-14 08:53"
"-6.80","","-11.90","44","753","1004","","","","2.40","17.00","SSW","Переменная облачность","2025-12-14 08:54"
"-6.80","","-11.90","44","753","1004","","","","2.40","17.00","SSW","Переменная облачность","2025-12-14 08:55"
"-6.80","","-11.90","44","753","1004","","","","2.40","17.00","SSW","Переменная облачность","2025-12-14 08:56"
"-6.80","","-11.90","44","753","1004","","","","2.40","17.00","SSW","Переменная облачность","2025-12-14 08:57"
"-6.80","","-11.90","44","753","1004","","","","2.40","17.00","SSW","Переменная облачность","2025-12-14 08:58"
"-6.80","","-11.90","44","753","1004","","","","2.40","17.00","SSW","Переменная облачность","2025-12-14 08:59"
"-6.80","","-11.90","44","753","1004","","","","2.40","17.00","SSW","Переменная облачность","2025-12-14 09:00"
"-6.80","","-11.90","44","753","1004","","","","2.40","17.00","SSW","Переменная облачность","2025-12-14 09:01"
"-6.80","","-11.90","44","753","1004","","","","2.40","17.00","SSW","Переменная облачность","2025-12-14 09:02"
"-6.80","","-11.90","44","753","1004","","","","2.40","17.00","SSW","Переменная облачность","2025-12-14 09:03"
"-6.80","","-11.90","44","753","1004","","","","2.40","17.00","SSW","Переменная облачность","2025-12-14 09:04"
"-6.80","","-11.90","44","753","1004","","","","2.40","17.00","SSW","Переменная облачность","2025-12-14 09:05"
"-6.70","","-11.80","44","753","1004","","","","2.40","","SSW","Переменная облачность","2025-12-14 09:06"
"-6.70","","-11.80","44","753","1004","","","","2.40","","SSW","Переменная облачность","2025-12-14 09:07"
"-6.70","","-11.80","44","753","1004","","","","2.40","","SSW","Переменная облачность","2025-12-14 09:08"
"-6.70","","-11.80","44","753","1004","","","","2.40","","SSW","Переменная облачность","2025-12-14 09:09"
"-6.70","","-11.80","44","753","1004","","","","2.40","","SSW","Переменная облачность","2025-12-14 09:10"
"-6.70","","-11.80","44","753","1004","","","","2.40","","SSW","Переменная облачность","2025-12-14 09:11"
"-6.70","","-11.80","44","753","1004","","","","2.40","","SSW","Переменная облачность","2025-12-14 09:12"
"-6.70","","-11.80","44","753","1004","","","","2.40","","SSW","Переменная облачность","2025-12-14 09:13"
"-6.70","","-11.80","44","753","1004","","","","2.40","","SSW","Переменная облачность","2025-12-14 09:14"
"-6.70","","-11.80","44","753","1004","","","","2.40","","SSW","Переменная облачность","2025-12-14 09:15"
"-6.80","","-11.90","44","753","1004","","","","2.40","","SSW","Переменная облачность","2025-12-14 09:16"
"-6.80","","-11.90","44","753","1004","","","","2.40","","SSW","Переменная облачность","2025-12-14 09:17"
"-6.80","","-11.90","44","753","1004","","","","2.40","","SSW","Переменная облачность","2025-12-14 09:18"
"-6.80","","-11.90","44","753","1004","","","","2.40","","SSW","Переменная облачность","2025-12-14 09:19"
"-6.80","","-11.90","44","753","1004","","","","2.40","","SSW","Переменная облачность","2025-12-14 09:20"
"-6.90","","-12.00","44","753","1005","","","","2.40","","SSW","Переменная облачность","2025-12-14 09:21"
"-6.90","","-12.00","44","753","1005","","","","2.40","","SSW","Переменная облачность","2025-12-14 09:22"
"-6.90","","-12.00","44","753","1005","","","","2.40","","SSW","Переменная облачность","2025-12-14 09:23"
"-6.90","","-12.00","44","753","1005","","","","2.40","","SSW","Переменная облачность","2025-12-14 09:24"
"-6.90","","-12.00","44","753","1005","","","","2.40","","SSW","Переменная облачность","2025-12-14 09:25"
"-6.90","","-12.00","44","753","1005","","","","2.40","","SSW","Переменная облачность","2025-12-14 09:26"
"-6.90","","-12.00","44","753","1005","","","","2.40","","SSW","Переменная облачность","2025-12-14 09:27"
"-6.90","","-12.00","44","753","1005","","","","2.40","","SSW","Переменная облачность","2025-12-14 09:28"
"-6.90","","-12.00","44","753","1005","","","","2.40","","SSW","Переменная облачность","2025-12-14 09:29"
"-6.90","","-12.00","44","753","1005","","","","2.40","","SSW","Переменная облачность","2025-12-14 09:30"
"-6.80","","-11.90","44","753","1005","","","","2.40","","SSW","Переменная облачность","2025-12-14 09:31"
"-6.90","","-12.00","44","753","1005","","","","2.40","","SSW","Переменная облачность","2025-12-14 09:32"
"-6.80","","-11.90","44","753","1005","","","","2.40","","SSW","Переменная облачность","2025-12-14 09:33"
"-6.80","","-11.90","44","753","1005","","","","2.40","","SSW","Переменная облачность","2025-12-14 09:34"
"-6.80","","-11.90","44","753","1005","","","","2.40","","SSW","Переменная облачность","2025-12-14 09:35"
"-6.80","","-11.90","44","753","1005","","","","2.40","17.00","SSW","Переменная облачность","2025-12-14 09:36"
"-6.80","","-11.90","44","753","1005","","","","2.40","17.00","SSW","Переменная облачность","2025-12-14 09:37"
"-6.80","","-11.90","44","753","1005","","","","2.40","17.00","SSW","Переменная облачность","2025-12-14 09:38"
"-6.80","","-11.90","44","753","1005","","","","2.40","17.00","SSW","Переменная облачность","2025-12-14 09:39"
"-6.80","","-11.90","44","753","1005","","","","2.40","17.00","SSW","Переменная облачность","2025-12-14 09:40"
"-6.70","","-11.80","44","753","1005","","","","2.40","17.00","SSW","Переменная облачность","2025-12-14 09:41"
"-6.80","","-11.90","44","753","1005","","","","2.40","17.00","SSW","Переменная облачность","2025-12-14 09:42"
"-6.80","","-11.90","44","753","1005","","","","2.40","17.00","SSW","Переменная облачность","2025-12-14 09:43"
"-6.70","","-11.80","44","753","1005","","","","2.40","17.00","SSW","Переменная облачность","2025-12-14 09:44"
"-6.80","","-11.90","44","753","1005","","","","2.40","17.00","SSW","Переменная облачность","2025-12-14 09:45"
"-6.80","","-11.90","44","753","1005","","","","2.40","17.00","SSW","Переменная облачность","2025-12-14 09:46"
"-6.80","","-11.90","44","753","1005","","","","2.40","17.00","SSW","Переменная облачность","2025-12-14 09:47"
"-6.80","","-11.90","44","753","1005","","","","2.40","17.00","SSW","Переменная облачность","2025-12-14 09:48"
"-6.80","","-11.90","44","753","1005","","","","2.40","17.00","SSW","Переменная облачность","2025-12-14 09:49"
"-6.80","","-11.90","44","753","1005","","","","2.40","17.00","SSW","Переменная облачность","2025-12-14 09:50"
"-6.80","","-11.90","44","753","1005","","","","2.40","17.00","SSW","Переменная облачность","2025-12-14 09:51"
"-6.80","","-11.90","44","753","1005","","","","2.40","17.00","SSW","Переменная облачность","2025-12-14 09:52"
"-6.80","","-11.90","44","753","1005","","","","2.40","17.00","SSW","Переменная облачность","2025-12-14 09:53"
"-6.80","","-11.90","44","753","1005","","","","2.40","17.00","SSW","Переменная облачность","2025-12-14 09:54"
"-6.80","","-11.90","44","753","1005","","","","2.40","17.00","SSW","Переменная облачность","2025-12-14 09:55"
"-6.80","","-11.90","44","753","1005","","","","2.40","17.00","SSW","Переменная облачность","2025-12-14 09:56"
"-6.80","","-11.90","44","753","1005","","","","2.40","17.00","SSW","Переменная облачность","2025-12-14 09:57"
"-6.80","","-11.90","44","753","1005","","","","2.40","17.00","SSW","Переменная облачность","2025-12-14 09:58"
"-6.80","","-11.90","44","753","1005","","","","2.40","17.00","SSW","Переменная облачность","2025-12-14 09:59"
"-6.70","","-11.80","44","753","1005","","","","2.40","17.00","SSW","Переменная облачность","2025-12-14 10:00"
"-6.70","","-11.80","44","753","1005","","","","2.40","17.00","SSW","Переменная облачность","2025-12-14 10:01"
"-6.80","","-11.90","44","753","1005","","","","2.40","17.00","SSW","Переменная облачность","2025-12-14 10:02"
"-6.80","","-11.90","44","753","1005","","","","2.40","17.00","SSW","Переменная облачность","2025-12-14 10:03"
"-6.80","","-11.90","44","753","1005","","","","2.40","17.00","SSW","Переменная облачность","2025-12-14 10:04"
"-6.80","","-11.90","44","753","1005","","","","2.40","17.00","SSW","Переменная облачность","2025-12-14 10:05"
"-6.80","","-11.90","44","753","1005","","","","2.40","18.00","SSW","Переменная облачность","2025-12-14 10:06"
"-6.80","","-11.90","44","753","1005","","","","2.40","18.00","SSW","Переменная облачность","2025-12-14 10:07"
"-6.80","","-11.90","44","753","1005","","","","2.40","18.00","SSW","Переменная облачность","2025-12-14 10:08"
"-6.80","","-11.90","44","753","1005","","","","2.40","18.00","SSW","Переменная облачность","2025-12-14 10:09"
"-6.80","","-11.90","44","753","1005","","","","2.40","18.00","SSW","Переменная облачность","2025-12-14 10:10"
"-6.80","","-11.90","44","753","1005","","","","2.40","18.00","SSW","Переменная облачность","2025-12-14 10:11"
"-6.80","","-11.90","44","753","1005","","","","2.40","18.00","SSW","Переменная облачность","2025-12-14 10:12"
"-6.80","","-11.90","44","753","1005","","","","2.40","18.00","SSW","Переменная облачность","2025-12-14 10:13"
"-6.80","","-11.90","44","753","1005","","","","2.40","18.00","SSW","Переменная облачность","2025-12-14 10:14"
"-6.80","","-11.90","44","753","1005","","","","2.40","18.00","SSW","Переменная облачность","2025-12-14 10:15"
"-6.80","","-11.90","44","753","1005","","","","2.40","18.00","SSW","Переменная облачность","2025-12-14 10:16"
"-6.80","","-11.90","44","753","1005","","","","2.40","18.00","SSW","Переменная облачность","2025-12-14 10:17"
"-6.80","","-11.90","44","753","1005","","","","2.40","18.00","SSW","Переменная облачность","2025-12-14 10:18"
"-6.80","","-11.90","44","753","1005","","","","2.40","18.00","SSW","Переменная облачность","2025-12-14 10:19"
"-6.90","","-12.00","44","753","1005","","","","2.40","18.00","SSW","Переменная облачность","2025-12-14 10:20"
"-6.90","","-12.00","44","754","1006","","","","2.40","18.00","SSW","Переменная облачность","2025-12-14 10:21"
"-6.80","","-11.90","44","754","1006","","","","2.40","18.00","SSW","Переменная облачность","2025-12-14 10:22"
"-6.90","","-12.00","44","754","1006","","","","2.40","18.00","SSW","Переменная облачность","2025-12-14 10:23"
"-6.90","","-12.00","44","754","1006","","","","2.40","18.00","SSW","Переменная облачность","2025-12-14 10:24"
"-6.80","","-11.90","44","754","1006","","","","2.40","18.00","SSW","Переменная облачность","2025-12-14 10:25"
"-6.80","","-11.90","44","754","1006","","","","2.40","18.00","SSW","Переменная облачность","2025-12-14 10:26"
"-6.80","","-11.90","44","754","1006","","","","2.40","18.00","SSW","Переменная облачность","2025-12-14 10:27"
"-6.80","","-11.90","44","754","1006","","","","2.40","18.00","SSW","Переменная облачность","2025-12-14 10:28"
"-6.80","","-11.90","44","754","1006","","","","2.40","18.00","SSW","Переменная облачность","2025-12-14 10:29"
"-6.70","","-11.80","44","754","1006","","","","2.40","","SSW","Переменная облачность","2025-12-14 10:30"
"-6.70","","-11.80","44","754","1006","","","","2.40","","SSW","Переменная облачность","2025-12-14 10:31"
"-6.70","","-11.80","44","754","1006","","","","2.40","","SSW","Переменная облачность","2025-12-14 10:32"
"-6.70","","-11.80","44","754","1006","","","","2.40","","SSW","Переменная облачность","2025-12-14 10:33"
"-6.80","","-11.90","44","754","1006","","","","2.40","","SSW","Переменная облачность","2025-12-14 10:34"
"-6.80","","-11.90","44","754","1006","","","","2.40","","SSW","Переменная облачность","2025-12-14 10:35"
"-6.80","","-11.90","44","754","1006","","","","2.40","","SSW","Переменная облачность","2025-12-14 10:36"
"-6.80","","-11.90","44","754","1006","","","","2.40","","SSW","Переменная облачность","2025-12-14 10:37"
"-6.80","","-11.90","44","754","1006","","","","2.40","","SSW","Переменная облачность","2025-12-14 10:38"
"-6.80","","-11.90","44","754","1006","","","","2.40","","SSW","Переменная облачность","2025-12-14 10:39"
"-6.90","","-12.00","44","754","1006","","","","2.40","","SSW","Переменная облачность","2025-12-14 10:40"
"-6.90","","-12.00","44","754","1006","","","","2.40","","SSW","Переменная облачность","2025-12-14 10:41"
"-6.90","","-12.00","44","754","1006","","","","2.40","","SSW","Переменная облачность","2025-12-14 10:42"
"-6.90","","-12.00","44","754","1006","","","","2.40","","SSW","Переменная облачность","2025-12-14 10:43"
"-6.90","","-12.00","44","754","1006","","","","2.40","","SSW","Переменная облачность","2025-12-14 10:44"
"-6.90","","-12.00","44","754","1006","","","","2.40","","SSW","Переменная облачность","2025-12-14 10:45"
"-7.00","","-12.20","44","754","1006","","","","2.40","17.00","SSW","Переменная облачность","2025-12-14 10:46"
"-7.00","","-12.20","44","754","1006","","","","2.40","17.00","SSW","Переменная облачность","2025-12-14 10:47"
"-7.00","","-12.20","44","754","1006","","","","2.40","17.00","SSW","Переменная облачность","2025-12-14 10:48"
"-7.00","","-12.20","44","754","1006","","","","2.40","17.00","SSW","Переменная облачность","2025-12-14 10:49"
"-7.00","","-12.20","44","754","1006","","","","2.40","17.00","SSW","Переменная облачность","2025-12-14 10:50"
"-7.00","","-12.20","44","753","1005","","","","2.40","17.00","SSW","Переменная облачность","2025-12-14 10:51"
"-7.00","","-12.20","44","753","1005","","","","2.40","17.00","SSW","Переменная облачность","2025-12-14 10:52"
"-7.00","","-12.20","44","753","1005","","","","2.40","17.00","SSW","Переменная облачность","2025-12-14 10:53"
"-7.00","","-12.20","44","753","1005","","","","2.40","17.00","SSW","Переменная облачность","2025-12-14 10:54"
"-7.00","","-12.20","44","753","1005","","","","2.40","17.00","SSW","Переменная облачность","2025-12-14 10:55"
"-7.00","","-12.20","44","753","1005","","","","2.40","17.00","SSW","Переменная облачность","2025-12-14 10:56"
"-7.00","","-12.20","44","753","1005","","","","2.40","17.00","SSW","Переменная облачность","2025-12-14 10:57"
"-7.00","","-12.20","44","753","1005","","","","2.40","17.00","SSW","Переменная облачность","2025-12-14 10:58"
"-7.00","","-12.20","44","753","1005","","","","2.40","17.00","SSW","Переменная облачность","2025-12-14 10:59"
"-7.00","","-12.20","44","753","1005","","","","2.40","17.00","SSW","Переменная облачность","2025-12-14 11:00"
"-7.00","","-12.20","44","753","1005","","","","2.40","17.00","SSW","Переменная облачность","2025-12-14 11:01"
"-7.00","","-12.20","44","753","1005","","","","2.40","17.00","SSW","Переменная облачность","2025-12-14 11:02"
"-7.00","","-12.20","44","753","1005","","","","2.40","17.00","SSW","Переменная облачность","2025-12-14 11:03"
"-7.00","","-12.20","44","753","1005","","","","2.40","17.00","SSW","Переменная облачность","2025-12-14 11:04"
"-7.00","","-12.20","44","753","1005","","","","2.40","17.00","SSW","Переменная облачность","2025-12-14 11:05"
"-7.00","","-12.20","44","754","1006","","","","2.40","","SSW","Переменная облачность","2025-12-14 11:06"
"-7.00","","-12.20","44","754","1006","","","","2.40","","SSW","Переменная облачность","2025-12-14 11:07"
"-7.00","","-12.20","44","754","1006","","","","2.40","","SSW","Переменная облачность","2025-12-14 11:08"
"-7.00","","-12.20","44","754","1006","","","","2.40","","SSW","Переменная облачность","2025-12-14 11:09"
"-7.10","","-12.30","44","754","1006","","","","2.40","","SSW","Переменная облачность","2025-12-14 11:10"
"-7.10","","-12.30","44","754","1006","","","","2.40","","SSW","Переменная облачность","2025-12-14 11:11"
"-7.10","","-12.30","44","754","1006","","","","2.40","","SSW","Переменная облачность","2025-12-14 11:12"
"-7.10","","-12.30","44","754","1006","","","","2.40","","SSW","Переменная облачность","2025-12-14 11:13"
"-7.10","","-12.30","44","754","1006","","","","2.40","","SSW","Переменная облачность","2025-12-14 11:14"
"-7.10","","-12.30","44","754","1006","","","","2.40","","SSW","Переменная облачность","2025-12-14 11:15"
"-7.10","","-12.30","44","754","1006","","","","2.40","","SSW","Переменная облачность","2025-12-14 11:16"
"-7.10","","-12.30","44","754","1006","","","","2.40","","SSW","Переменная облачность","2025-12-14 11:17"
"-7.10","","-12.30","44","754","1006","","","","2.40","","SSW","Переменная облачность","2025-12-14 11:18"
"-7.10","","-12.30","44","754","1006","","","","2.40","","SSW","Переменная облачность","2025-12-14 11:19"
"-7.20","","-12.40","44","754","1006","","","","2.40","","SSW","Переменная облачность","2025-12-14 11:20"
"-7.20","","-12.40","44","754","1006","","","","2.40","18.00","SSW","Переменная облачность","2025-12-14 11:21"
"-7.20","","-12.40","44","754","1006","","","","2.40","18.00","SSW","Переменная облачность","2025-12-14 11:22"
"-7.20","","-12.40","44","754","1006","","","","2.40","18.00","SSW","Переменная облачность","2025-12-14 11:23"
"-7.20","","-12.40","44","754","1006","","","","2.40","18.00","SSW","Переменная облачность","2025-12-14 11:24"
"-7.20","","-12.40","44","754","1006","","","","2.40","18.00","SSW","Переменная облачность","2025-12-14 11:25"
"-7.20","","-12.40","44","754","1006","","","","2.40","18.00","SSW","Переменная облачность","2025-12-14 11:26"
"-7.20","","-12.40","44","754","1006","","","","2.40","18.00","SSW","Переменная облачность","2025-12-14 11:27"
"-7.20","","-12.40","44","754","1006","","","","2.40","18.00","SSW","Переменная облачность","2025-12-14 11:28"
"-7.20","","-12.40","44","754","1006","","","","2.40","18.00","SSW","Переменная облачность","2025-12-14 11:29"
"-7.30","","-12.50","44","754","1006","","","","2.40","18.00","SSW","Переменная облачность","2025-12-14 11:30"
"-7.30","","-12.50","44","754","1006","","","","2.40","18.00","SSW","Переменная облачность","2025-12-14 11:31"
"-7.30","","-12.50","44","754","1006","","","","2.40","18.00","SSW","Переменная облачность","2025-12-14 11:32"
"-7.30","","-12.50","44","754","1006","","","","2.40","18.00","SSW","Переменная облачность","2025-12-14 11:33"
"-7.30","","-12.50","44","754","1006","","","","2.40","18.00","SSW","Переменная облачность","2025-12-14 11:34"
"-7.30","","-12.50","44","754","1006","","","","2.40","18.00","SSW","Переменная облачность","2025-12-14 11:35"
"-7.30","","-12.50","44","754","1006","","","","2.40","","SSW","Переменная облачность","2025-12-14 11:36"
"-7.30","","-12.50","44","754","1006","","","","2.40","","SSW","Переменная облачность","2025-12-14 11:37"
"-7.30","","-12.50","44","754","1006","","","","2.40","","SSW","Переменная облачность","2025-12-14 11:38"
"-7.30","","-12.50","44","754","1006","","","","2.40","","SSW","Переменная облачность","2025-12-14 11:39"
"-7.30","","-12.50","44","754","1006","","","","2.40","","SSW","Переменная облачность","2025-12-14 11:40"
"-7.30","","-12.50","44","754","1006","","","","2.40","","SSW","Переменная облачность","2025-12-14 11:41"
"-7.30","","-12.50","44","754","1006","","","","2.40","","SSW","Переменная облачность","2025-12-14 11:42"
"-7.30","","-12.50","44","754","1006","","","","2.40","","SSW","Переменная облачность","2025-12-14 11:43"
"-7.30","","-12.50","44","754","1006","","","","2.40","","SSW","Переменная облачность","2025-12-14 11:44"
"-7.30","","-12.50","44","754","1006","","","","2.40","","SSW","Переменная облачность","2025-12-14 11:45"
"-7.30","","-12.50","44","754","1006","","","","2.40","","SSW","Переменная облачность","2025-12-14 11:46"
"-7.30","","-12.50","44","754","1006","","","","2.40","","SSW","Переменная облачность","2025-12-14 11:47"
"-7.30","","-12.50","44","754","1006","","","","2.40","","SSW","Переменная облачность","2025-12-14 11:48"
"-7.30","","-12.50","44","754","1006","","","","2.40","","SSW","Переменная облачность","2025-12-14 11:49"
"-7.30","","-12.50","44","754","1006","","","","2.40","","SSW","Переменная облачность","2025-12-14 11:50"
"-7.30","","-12.50","44","754","1006","","","","2.40","","SSW","Переменная облачность","2025-12-14 11:51"
"-7.30","","-12.50","44","754","1006","","","","2.40","","SSW","Переменная облачность","2025-12-14 11:52"
"-7.30","","-12.50","44","754","1006","","","","2.40","","SSW","Переменная облачность","2025-12-14 11:53"
"-7.40","","-12.60","44","754","1006","","","","2.40","","SSW","Переменная облачность","2025-12-14 11:54"
"-7.40","","-12.60","44","754","1006","","","","2.40","","SSW","Переменная облачность","2025-12-14 11:55"
"-7.40","","-12.60","44","754","1006","","","","2.40","","SSW","Переменная облачность","2025-12-14 11:56"
"-7.40","","-12.60","44","754","1006","","","","2.40","","SSW","Переменная облачность","2025-12-14 11:57"
"-7.40","","-12.60","44","754","1006","","","","2.40","","SSW","Переменная облачность","2025-12-14 11:58"
"-7.40","","-12.60","44","754","1006","","","","2.40","","SSW","Переменная облачность","2025-12-14 11:59"
"-7.40","","-12.60","44","754","1006","","","","2.40","","SSW","Переменная облачность","2025-12-14 12:00"
"-7.40","","-12.60","44","754","1006","","","","2.40","","SSW","Переменная облачность","2025-12-14 12:01"
"-7.40","","-12.60","44","754","1006","","","","2.40","","SSW","Переменная облачность","2025-12-14 12:02"
"-7.40","","-12.60","44","754","1006","","","","2.40","","SSW","Переменная облачность","2025-12-14 12:03"
"-7.40","","-12.60","44","754","1006","","","","2.40","","SSW","Переменная облачность","2025-12-14 12:04"
"-7.50","","-12.70","44","754","1006","","","","2.40","","SSW","Переменная облачность","2025-12-14 12:05"
"-7.50","","-12.70","44","754","1006","","","","2.40","16.00","SSW","Переменная облачность","2025-12-14 12:06"
"-7.50","","-12.70","44","754","1006","","","","2.40","16.00","SSW","Переменная облачность","2025-12-14 12:07"
"-7.50","","-12.70","44","754","1006","","","","2.40","16.00","SSW","Переменная облачность","2025-12-14 12:08"
"-7.50","","-12.70","44","754","1006","","","","2.40","16.00","SSW","Переменная облачность","2025-12-14 12:09"
"-7.50","","-12.70","44","754","1006","","","","2.40","16.00","SSW","Переменная облачность","2025-12-14 12:10"
"-7.50","","-12.70","44","754","1006","","","","2.40","16.00","SSW","Переменная облачность","2025-12-14 12:11"
"-7.50","","-12.70","44","754","1006","","","","2.40","16.00","SSW","Переменная облачность","2025-12-14 12:12"
"-7.50","","-12.70","44","754","1006","","","","2.40","16.00","SSW","Переменная облачность","2025-12-14 12:13"
"-7.60","","-12.80","44","754","1006","","","","2.40","","SSW","Переменная облачность","2025-12-14 12:15"
"-7.60","","-12.80","44","754","1006","","","","2.40","","SSW","Переменная облачность","2025-12-14 12:16"
"-7.60","","-12.80","44","754","1006","","","","2.40","","SSW","Переменная облачность","2025-12-14 12:17"
"-7.60","","-12.80","44","754","1006","","","","2.40","","SSW","Переменная облачность","2025-12-14 12:18"
"-7.60","","-12.80","44","754","1006","","","","2.40","","SSW","Переменная облачность","2025-12-14 12:19"
"-7.60","","-12.80","44","754","1006","","","","2.40","","SSW","Переменная облачность","2025-12-14 12:20"
"-7.60","","-12.80","44","754","1006","","","","2.40","","SSW","Переменная облачность","2025-12-14 12:21"
"-7.60","","-12.80","44","754","1006","","","","2.40","","SSW","Переменная облачность","2025-12-14 12:22"
"-7.70","","-12.90","44","754","1006","","","","2.40","","SSW","Переменная облачность","2025-12-14 12:23"
"-7.70","","-12.90","44","754","1006","","","","2.40","","SSW","Переменная облачность","2025-12-14 12:24"
"-7.70","","-12.90","44","754","1006","","","","2.40","","SSW","Переменная облачность","2025-12-14 12:25"
"-7.70","","-12.90","44","754","1006","","","","2.40","","SSW","Переменная облачность","2025-12-14 12:26"
"-7.70","","-12.90","44","754","1006","","","","2.40","","SSW","Переменная облачность","2025-12-14 12:27"
"-7.70","","-12.90","44","754","1006","","","","2.40","","SSW","Переменная облачность","2025-12-14 12:28"
"-7.70","","-12.90","44","754","1006","","","","2.40","","SSW","Переменная облачность","2025-12-14 12:29"
"-7.80","","-13.00","44","754","1006","","","","2.40","","SSW","Переменная облачность","2025-12-14 12:30"
"-7.80","","-13.00","44","754","1006","","","","2.40","15.00","SSW","Переменная облачность","2025-12-14 12:31"
"-7.80","","-13.00","44","754","1006","","","","2.40","15.00","SSW","Переменная облачность","2025-12-14 12:32"
"-7.80","","-13.00","44","754","1006","","","","2.40","15.00","SSW","Переменная облачность","2025-12-14 12:33"
"-7.80","","-13.00","44","754","1006","","","","2.40","15.00","SSW","Переменная облачность","2025-12-14 12:34"
"-7.90","","-13.10","44","754","1006","","","","2.40","15.00","SSW","Переменная облачность","2025-12-14 12:35"
"-7.90","","-13.10","44","754","1006","","","","2.40","","SSW","Переменная облачность","2025-12-14 12:36"
"-7.90","","-13.10","44","754","1006","","","","2.40","","SSW","Переменная облачность","2025-12-14 12:37"
"-7.90","","-13.10","44","754","1006","","","","2.40","","SSW","Переменная облачность","2025-12-14 12:38"
"-7.90","","-13.10","44","754","1006","","","","2.40","","SSW","Переменная облачность","2025-12-14 12:39"
"-7.90","","-13.10","44","754","1006","","","","2.40","","SSW","Переменная облачность","2025-12-14 12:40"
"-7.90","","-13.10","44","754","1006","","","","2.40","16.00","SSW","Переменная облачность","2025-12-14 12:41"
"-7.90","","-13.10","44","754","1006","","","","2.40","16.00","SSW","Переменная облачность","2025-12-14 12:42"
"-7.90","","-13.10","44","754","1006","","","","2.40","16.00","SSW","Переменная облачность","2025-12-14 12:43"
"-7.90","","-13.10","44","754","1006","","","","2.40","16.00","SSW","Переменная облачность","2025-12-14 12:44"
"-7.90","","-13.10","44","754","1006","","","","2.40","16.00","SSW","Переменная облачность","2025-12-14 12:45"
"-7.90","","-13.10","44","754","1006","","","","2.40","16.00","SSW","Переменная облачность","2025-12-14 12:46"
"-7.90","","-13.10","44","754","1006","","","","2.40","16.00","SSW","Переменная облачность","2025-12-14 12:47"
"-7.90","","-13.10","44","754","1006","","","","2.40","16.00","SSW","Переменная облачность","2025-12-14 12:48"
"-7.90","","-13.10","44","754","1006","","","","2.40","16.00","SSW","Переменная облачность","2025-12-14 12:49"
"-8.00","","-13.20","44","754","1006","","","","2.40","16.00","SSW","Переменная облачность","2025-12-14 12:50"
"-8.00","","-13.20","44","754","1006","","","","2.40","16.00","SSW","Переменная облачность","2025-12-14 12:51"
"-8.00","","-13.20","44","754","1006","","","","2.40","16.00","SSW","Переменная облачность","2025-12-14 12:52"
"-8.00","","-13.20","44","754","1006","","","","2.40","16.00","SSW","Переменная облачность","2025-12-14 12:53"
"-8.00","","-13.20","44","754","1006","","","","2.40","16.00","SSW","Переменная облачность","2025-12-14 12:54"
"-8.00","","-13.20","44","754","1006","","","","2.40","16.00","SSW","Переменная облачность","2025-12-14 12:55"
"-8.00","","-13.20","44","754","1006","","","","2.40","16.00","SSW","Переменная облачность","2025-12-14 12:56"
"-8.00","","-13.20","44","754","1006","","","","2.40","16.00","SSW","Переменная облачность","2025-12-14 12:57"
"-8.00","","-13.20","44","754","1006","","","","2.40","16.00","SSW","Переменная облачность","2025-12-14 12:58"
"-8.00","","-13.20","44","754","1006","","","","2.40","16.00","SSW","Переменная облачность","2025-12-14 12:59"
"-8.00","","-13.20","44","754","1006","","","","2.40","16.00","SSW","Переменная облачность","2025-12-14 13:00"
"-8.00","","-13.20","44","754","1006","","","","2.40","","SSW","Переменная облачность","2025-12-14 13:01"
"-8.00","","-13.20","44","754","1006","","","","2.40","","SSW","Переменная облачность","2025-12-14 13:02"
"-8.00","","-13.20","44","754","1006","","","","2.40","","SSW","Переменная облачность","2025-12-14 13:03"
"-8.00","","-13.20","44","754","1006","","","","2.40","","SSW","Переменная облачность","2025-12-14 13:04"
"-8.00","","-13.20","44","754","1006","","","","2.40","","SSW","Переменная облачность","2025-12-14 13:05"
"-8.00","","-13.20","44","754","1006","","","","2.40","","SSW","Переменная облачность","2025-12-14 13:06"
"-8.00","","-13.20","44","754","1006","","","","2.40","","SSW","Переменная облачность","2025-12-14 13:07"
"-8.00","","-13.20","44","754","1006","","","","2.40","","SSW","Переменная облачность","2025-12-14 13:08"
"-8.00","","-13.20","44","754","1006","","","","2.40","","SSW","Переменная облачность","2025-12-14 13:09"
"-8.00","","-13.20","44","754","1006","","","","2.40","","SSW","Переменная облачность","2025-12-14 13:10"
"-8.00","","-13.20","44","754","1006","","","","2.40","","SSW","Переменная облачность","2025-12-14 13:11"
"-8.00","","-13.20","44","754","1006","","","","2.40","","SSW","Переменная облачность","2025-12-14 13:12"
"-8.00","","-13.20","44","754","1006","","","","2.40","","SSW","Переменная облачность","2025-12-14 13:13"
"-8.00","","-13.20","44","754","1006","","","","2.40","","SSW","Переменная облачность","2025-12-14 13:14"
"-8.00","","-13.20","44","754","1006","","","","2.40","","SSW","Переменная облачность","2025-12-14 13:15"
"-8.00","","-13.20","44","754","1006","","","","2.40","","SSW","Переменная облачность","2025-12-14 13:16"
"-8.00","","-13.20","44","754","1006","","","","2.40","","SSW","Переменная облачность","2025-12-14 13:17"
"-8.00","","-13.20","44","754","1006","","","","2.40","","SSW","Переменная облачность","2025-12-14 13:18"
"-8.00","","-13.20","44","754","1006","","","","2.40","","SSW","Переменная облачность","2025-12-14 13:19"
"-8.00","","-13.20","44","754","1006","","","","2.40","","SSW","Переменная облачность","2025-12-14 13:20"
"-8.00","","-13.20","44","754","1006","","","","2.40","15.00","SSW","Переменная облачность","2025-12-14 13:21"
"-8.00","","-13.20","44","754","1006","","","","2.40","15.00","SSW","Переменная облачность","2025-12-14 13:22"
"-8.00","","-13.20","44","754","1006","","","","2.40","15.00","SSW","Переменная облачность","2025-12-14 13:23"
"-8.00","","-13.20","44","754","1006","","","","2.40","15.00","SSW","Переменная облачность","2025-12-14 13:24"
"-8.00","","-13.20","44","754","1006","","","","2.40","15.00","SSW","Переменная облачность","2025-12-14 13:25"
"-8.00","","-13.20","44","754","1006","","","","2.40","15.00","SSW","Переменная облачность","2025-12-14 13:26"
"-8.00","","-13.20","44","754","1006","","","","2.40","15.00","SSW","Переменная облачность","2025-12-14 13:27"
"-8.00","","-13.20","44","754","1006","","","","2.40","15.00","SSW","Переменная облачность","2025-12-14 13:28"
"-8.00","","-13.20","44","754","1006","","","","2.40","15.00","SSW","Переменная облачность","2025-12-14 13:29"
"-8.00","","-13.20","44","754","1006","","","","2.40","15.00","SSW","Переменная облачность","2025-12-14 13:30"
"-8.00","","-13.20","44","754","1006","","","","2.40","15.00","SSW","Переменная облачность","2025-12-14 13:31"
"-8.00","","-13.20","44","754","1006","","","","2.40","15.00","SSW","Переменная облачность","2025-12-14 13:32"
"-7.90","","-13.10","44","754","1006","","","","2.40","15.00","SSW","Переменная облачность","2025-12-14 13:33"
"-7.90","","-13.10","44","754","1006","","","","2.40","15.00","SSW","Переменная облачность","2025-12-14 13:34"
"-7.90","","-13.10","44","754","1006","","","","2.40","15.00","SSW","Переменная облачность","2025-12-14 13:35"
"-7.90","","-13.10","44","755","1007","","","","2.40","","SSW","Переменная облачность","2025-12-14 13:36"
"-7.90","","-13.10","44","755","1007","","","","2.40","","SSW","Переменная облачность","2025-12-14 13:37"
"-7.90","","-13.10","44","755","1007","","","","2.40","","SSW","Переменная облачность","2025-12-14 13:38"
"-7.90","","-13.10","44","755","1007","","","","2.40","","SSW","Переменная облачность","2025-12-14 13:39"
"-7.90","","-13.10","44","755","1007","","","","2.40","","SSW","Переменная облачность","2025-12-14 13:40"
"-7.90","","-13.10","44","755","1007","","","","2.40","","SSW","Переменная облачность","2025-12-14 13:41"
"-7.90","","-13.10","44","755","1007","","","","2.40","","SSW","Переменная облачность","2025-12-14 13:42"
"-7.90","","-13.10","44","755","1007","","","","2.40","","SSW","Переменная облачность","2025-12-14 13:43"
"-7.90","","-13.10","44","755","1007","","","","2.40","","SSW","Переменная облачность","2025-12-14 13:44"
"-7.90","","-13.10","44","755","1007","","","","2.40","","SSW","Переменная облачность","2025-12-14 13:45"
"-7.90","","-13.10","44","755","1007","","","","2.40","","SSW","Переменная облачность","2025-12-14 13:46"
"-7.90","","-13.10","44","755","1007","","","","2.40","","SSW","Переменная облачность","2025-12-14 13:47"
"-7.90","","-13.10","44","755","1007","","","","2.40","","SSW","Переменная облачность","2025-12-14 13:48"
"-7.90","","-13.10","44","755","1007","","","","2.40","","SSW","Переменная облачность","2025-12-14 13:49"
"-7.90","","-13.10","44","755","1007","","","","2.40","","SSW","Переменная облачность","2025-12-14 13:50"
"-7.90","","-13.10","44","755","1007","","","","2.40","","SSW","Переменная облачность","2025-12-14 13:51"
"-7.90","","-13.10","44","755","1007","","","","2.40","","SSW","Переменная облачность","2025-12-14 13:52"
"-7.90","","-13.10","44","755","1007","","","","2.40","","SSW","Переменная облачность","2025-12-14 13:53"
"-7.90","","-13.10","44","755","1007","","","","2.40","","SSW","Переменная облачность","2025-12-14 13:54"
"-7.90","","-13.10","44","755","1007","","","","2.40","","SSW","Переменная облачность","2025-12-14 13:55"
"-7.90","","-13.10","44","755","1007","","","","2.40","","SSW","Переменная облачность","2025-12-14 13:56"
"-7.90","","-13.10","44","755","1007","","","","2.40","","SSW","Переменная облачность","2025-12-14 13:57"
"-7.90","","-13.10","44","755","1007","","","","2.40","","SSW","Переменная облачность","2025-12-14 13:58"
"-7.90","","-13.10","44","755","1007","","","","2.40","","SSW","Переменная облачность","2025-12-14 13:59"
"-7.90","","-13.10","44","755","1007","","","","2.40","","SSW","Переменная облачность","2025-12-14 14:00"
"-7.90","","-13.10","44","755","1007","","","","2.40","","SSW","Переменная облачность","2025-12-14 14:01"
"-7.90","","-13.10","44","755","1007","","","","2.40","","SSW","Переменная облачность","2025-12-14 14:02"
"-7.90","","-13.10","44","755","1007","","","","2.40","","SSW","Переменная облачность","2025-12-14 14:03"
"-7.90","","-13.10","44","755","1007","","","","2.40","","SSW","Переменная облачность","2025-12-14 14:04"
"-7.90","","-13.10","44","755","1007","","","","2.40","","SSW","Переменная облачность","2025-12-14 14:05"
"-7.90","","-13.10","45","755","1007","","","","2.40","","SSW","Переменная облачность","2025-12-14 14:06"
"-7.90","","-13.10","45","755","1007","","","","2.40","","SSW","Переменная облачность","2025-12-14 14:07"
"-7.90","","-13.10","45","755","1007","","","","2.40","","SSW","Переменная облачность","2025-12-14 14:08"
"-7.90","","-13.10","45","755","1007","","","","2.40","","SSW","Переменная облачность","2025-12-14 14:09"
"-7.90","","-13.10","45","755","1007","","","","2.40","","SSW","Переменная облачность","2025-12-14 14:10"
"-7.90","","-13.10","45","755","1007","","","","2.40","","SSW","Переменная облачность","2025-12-14 14:11"
"-7.90","","-13.10","45","755","1007","","","","2.40","","SSW","Переменная облачность","2025-12-14 14:12"
"-7.90","","-13.10","45","755","1007","","","","2.40","","SSW","Переменная облачность","2025-12-14 14:13"
"-7.90","","-13.10","45","755","1007","","","","2.40","","SSW","Переменная облачность","2025-12-14 14:14"
"-7.90","","-13.10","45","755","1007","","","","2.40","","SSW","Переменная облачность","2025-12-14 14:15"
"-7.90","","-13.10","45","755","1007","","","","2.40","","SSW","Переменная облачность","2025-12-14 14:16"
"-8.00","","-13.20","45","755","1007","","","","2.40","","SSW","Переменная облачность","2025-12-14 14:17"
"-8.00","","-13.20","45","755","1007","","","","2.40","","SSW","Переменная облачность","2025-12-14 14:18"
"-8.00","","-13.20","45","755","1007","","","","2.40","","SSW","Переменная облачность","2025-12-14 14:19"
"-8.00","","-13.20","45","755","1007","","","","2.40","","SSW","Переменная облачность","2025-12-14 14:20"
"-8.00","","-13.20","45","755","1007","","","","2.40","","SSW","Переменная облачность","2025-12-14 14:21"
"-8.00","","-13.20","45","755","1007","","","","2.40","","SSW","Переменная облачность","2025-12-14 14:22"
"-8.00","","-13.20","45","755","1007","","","","2.40","","SSW","Переменная облачность","2025-12-14 14:23"
"-7.90","","-13.10","45","755","1007","","","","2.40","","SSW","Переменная облачность","2025-12-14 14:24"
"-7.90","","-13.10","45","755","1007","","","","2.40","","SSW","Переменная облачность","2025-12-14 14:25"
"-8.00","","-13.20","45","755","1007","","","","2.40","","SSW","Переменная облачность","2025-12-14 14:26"
"-7.90","","-13.10","45","755","1007","","","","2.40","","SSW","Переменная облачность","2025-12-14 14:27"
"-7.90","","-13.10","45","755","1007","","","","2.40","","SSW","Переменная облачность","2025-12-14 14:28"
"-7.90","","-13.10","45","755","1007","","","","2.40","","SSW","Переменная облачность","2025-12-14 14:29"
"-7.90","","-13.10","45","755","1007","","","","2.40","","SSW","Переменная облачность","2025-12-14 14:30"
"-7.90","","-13.10","45","755","1007","","","","2.40","","SSW","Переменная облачность","2025-12-14 14:31"
"-8.00","","-13.20","45","755","1007","","","","2.40","","SSW","Переменная облачность","2025-12-14 14:32"
"-7.90","","-13.10","45","755","1007","","","","2.40","","SSW","Переменная облачность","2025-12-14 14:33"
"-7.90","","-13.10","45","755","1007","","","","2.40","","SSW","Переменная облачность","2025-12-14 14:34"
"-7.90","","-13.10","45","755","1007","","","","2.40","","SSW","Переменная облачность","2025-12-14 14:35"
"-7.90","","-13.10","45","755","1007","","","","2.40","","SSW","Переменная облачность","2025-12-14 14:36"
"-7.90","","-13.10","45","755","1007","","","","2.40","","SSW","Переменная облачность","2025-12-14 14:37"
"-7.90","","-13.10","45","755","1007","","","","2.40","","SSW","Переменная облачность","2025-12-14 14:38"
"-7.90","","-13.10","45","755","1007","","","","2.40","","SSW","Переменная облачность","2025-12-14 14:39"
"-7.90","","-13.10","45","755","1007","","","","2.40","","SSW","Переменная облачность","2025-12-14 14:40"
"-7.90","","-13.10","45","755","1007","","","","2.40","","SSW","Переменная облачность","2025-12-14 14:41"
"-7.90","","-13.10","45","755","1007","","","","2.40","","SSW","Переменная облачность","2025-12-14 14:42"
"-7.90","","-13.10","45","755","1007","","","","2.40","","SSW","Переменная облачность","2025-12-14 14:43"
"-8.00","","-13.20","45","755","1007","","","","2.40","","SSW","Переменная облачность","2025-12-14 14:44"
"-8.00","","-13.20","45","755","1007","","","","2.40","","SSW","Переменная облачность","2025-12-14 14:45"
"-8.00","","-13.20","45","755","1007","","","","2.40","","SSW","Переменная облачность","2025-12-14 14:46"
"-8.00","","-13.20","45","755","1007","","","","2.40","","SSW","Переменная облачность","2025-12-14 14:47"
"-8.00","","-13.20","45","755","1007","","","","2.40","","SSW","Переменная облачность","2025-12-14 14:48"
"-8.00","","-13.20","45","755","1007","","","","2.40","","SSW","Переменная облачность","2025-12-14 14:49"
"-8.00","","-13.20","45","755","1007","","","","2.40","","SSW","Переменная облачность","2025-12-14 14:50"
"-8.00","","-13.20","45","754","1006","","","","2.40","","SSW","Переменная облачность","2025-12-14 14:51"
"-8.00","","-13.20","45","754","1006","","","","2.40","","SSW","Переменная облачность","2025-12-14 14:52"
"-8.00","","-13.20","45","754","1006","","","","2.40","","SSW","Переменная облачность","2025-12-14 14:53"
"-8.00","","-13.20","45","754","1006","","","","2.40","","SSW","Переменная облачность","2025-12-14 14:54"
"-8.00","","-13.20","45","754","1006","","","","2.40","","SSW","Переменная облачность","2025-12-14 14:55"
"-8.00","","-13.20","45","754","1006","","","","2.40","","SSW","Переменная облачность","2025-12-14 14:56"
"-8.00","","-13.20","45","754","1006","","","","2.40","","SSW","Переменная облачность","2025-12-14 14:57"
"-8.00","","-13.20","45","754","1006","","","","2.40","","SSW","Переменная облачность","2025-12-14 14:58"
"-8.00","","-13.20","45","754","1006","","","","2.40","","SSW","Переменная облачность","2025-12-14 14:59"
"-8.00","","-13.20","45","754","1006","","","","2.40","","SSW","Переменная облачность","2025-12-14 15:00"
"-8.00","","-13.20","45","754","1006","","","","2.40","","SSW","Переменная облачность","2025-12-14 15:01"
"-8.00","","-13.20","45","754","1006","","","","2.40","","SSW","Переменная облачность","2025-12-14 15:02"
"-8.00","","-13.20","45","754","1006","","","","2.40","","SSW","Переменная облачность","2025-12-14 15:03"
"-8.00","","-13.20","45","754","1006","","","","2.40","","SSW","Переменная облачность","2025-12-14 15:04"
"-8.00","","-13.20","45","754","1006","","","","2.40","","SSW","Переменная облачность","2025-12-14 15:05"
"-8.00","","-13.20","45","754","1006","","","","2.40","","SSW","Переменная облачность","2025-12-14 15:06"
"-8.00","","-13.20","45","754","1006","","","","2.40","","SSW","Переменная облачность","2025-12-14 15:07"
"-8.00","","-13.20","45","754","1006","","","","2.40","","SSW","Переменная облачность","2025-12-14 15:08"
"-8.00","","-13.20","45","754","1006","","","","2.40","","SSW","Переменная облачность","2025-12-14 15:09"
"-8.00","","-13.20","45","754","1006","","","","2.40","","SSW","Переменная облачность","2025-12-14 15:10"
"-8.00","","-13.20","45","754","1006","","","","2.40","","SSW","Переменная облачность","2025-12-14 15:11"
"-8.00","","-13.20","45","754","1006","","","","2.40","","SSW","Переменная облачность","2025-12-14 15:12"
"-8.00","","-13.20","45","754","1006","","","","2.40","","SSW","Переменная облачность","2025-12-14 15:13"
"-8.00","","-13.20","45","754","1006","","","","2.40","","SSW","Переменная облачность","2025-12-14 15:14"
"-8.00","","-13.20","45","754","1006","","","","2.40","","SSW","Переменная облачность","2025-12-14 15:15"
"-8.00","","-13.20","45","754","1006","","","","2.40","","SSW","Переменная облачность","2025-12-14 15:16"
"-8.00","","-13.20","45","754","1006","","","","2.40","","SSW","Переменная облачность","2025-12-14 15:17"
"-8.00","","-13.20","45","754","1006","","","","2.40","","SSW","Переменная облачность","2025-12-14 15:18"
"-8.00","","-13.20","45","754","1006","","","","2.40","","SSW","Переменная облачность","2025-12-14 15:19"
"-8.00","","-13.20","45","754","1006","","","","2.40","","SSW","Переменная облачность","2025-12-14 15:20"
"-8.10","","-13.30","45","755","1007","","","","2.40","","SSW","Переменная облачность","2025-12-14 15:21"
"-8.10","","-13.30","45","755","1007","","","","2.40","","SSW","Переменная облачность","2025-12-14 15:22"
"-8.10","","-13.30","45","755","1007","","","","2.40","","SSW","Переменная облачность","2025-12-14 15:23"
"-8.10","","-13.30","45","755","1007","","","","2.40","","SSW","Переменная облачность","2025-12-14 15:24"
"-8.10","","-13.30","45","755","1007","","","","2.40","","SSW","Переменная облачность","2025-12-14 15:25"
"-8.10","","-13.30","45","755","1007","","","","2.40","","SSW","Переменная облачность","2025-12-14 15:26"
"-8.10","","-13.30","45","755","1007","","","","2.40","","SSW","Переменная облачность","2025-12-14 15:27"
"-8.10","","-13.30","45","755","1007","","","","2.40","","SSW","Переменная облачность","2025-12-14 15:28"
"-8.10","","-13.30","45","755","1007","","","","2.40","","SSW","Переменная облачность","2025-12-14 15:29"
"-8.10","","-13.30","45","755","1007","","","","2.40","","SSW","Переменная облачность","2025-12-14 15:30"
"-8.10","","-13.30","45","755","1007","","","","2.40","","SSW","Переменная облачность","2025-12-14 15:31"
"-8.10","","-13.30","45","755","1007","","","","2.40","","SSW","Переменная облачность","2025-12-14 15:32"
"-8.10","","-13.30","45","755","1007","","","","2.40","","SSW","Переменная облачность","2025-12-14 15:33"
"-8.10","","-13.30","45","755","1007","","","","2.40","","SSW","Переменная облачность","2025-12-14 15:34"
"-8.10","","-13.30","45","755","1007","","","","2.40","","SSW","Переменная облачность","2025-12-14 15:35"
"-8.10","","-13.30","45","755","1007","","","","2.40","","SSW","Небольшая облачность","2025-12-14 15:36"
"-8.10","","-13.30","45","755","1007","","","","2.40","","SSW","Небольшая облачность","2025-12-14 15:37"
"-8.10","","-13.30","45","755","1007","","","","2.40","","SSW","Небольшая облачность","2025-12-14 15:38"
"-8.10","","-13.30","45","755","1007","","","","2.40","","SSW","Небольшая облачность","2025-12-14 15:39"
"-8.10","","-13.30","45","755","1007","","","","2.40","","SSW","Небольшая облачность","2025-12-14 15:40"
"-8.10","","-13.30","45","755","1007","","","","2.40","","SSW","Небольшая облачность","2025-12-14 15:41"
"-8.10","","-13.30","45","755","1007","","","","2.40","","SSW","Небольшая облачность","2025-12-14 15:42"
"-8.10","","-13.30","45","755","1007","","","","2.40","","SSW","Небольшая облачность","2025-12-14 15:43"
"-8.10","","-13.30","45","755","1007","","","","2.40","","SSW","Небольшая облачность","2025-12-14 15:44"
"-8.10","","-13.30","45","755","1007","","","","2.40","","SSW","Небольшая облачность","2025-12-14 15:45"
"-8.10","","-13.30","45","755","1007","","","","2.40","","SSW","Небольшая облачность","2025-12-14 15:46"
"-8.10","","-13.30","45","755","1007","","","","2.40","","SSW","Небольшая облачность","2025-12-14 15:47"
"-8.10","","-13.30","45","755","1007","","","","2.40","","SSW","Небольшая облачность","2025-12-14 15:48"
"-8.10","","-13.30","45","755","1007","","","","2.40","","SSW","Небольшая облачность","2025-12-14 15:49"
"-8.10","","-13.30","45","755","1007","","","","2.40","","SSW","Небольшая облачность","2025-12-14 15:50"
"-8.10","","-13.30","45","755","1007","","","","2.40","","SSW","Небольшая облачность","2025-12-14 15:51"
"-8.10","","-13.30","45","755","1007","","","","2.40","","SSW","Небольшая облачность","2025-12-14 15:52"
"-8.10","","-13.30","44","755","1007","","","","2.40","","SSW","Небольшая облачность","2025-12-14 15:53"
"-8.10","","-13.30","44","755","1007","","","","2.40","","SSW","Небольшая облачность","2025-12-14 15:54"
"-8.10","","-13.30","44","755","1007","","","","2.40","","SSW","Небольшая облачность","2025-12-14 15:55"
"-8.20","","-13.40","44","755","1007","","","","2.40","","SSW","Небольшая облачность","2025-12-14 15:56"
"-8.20","","-13.40","44","755","1007","","","","2.40","","SSW","Небольшая облачность","2025-12-14 15:57"
"-8.10","","-13.30","44","755","1007","","","","2.40","","SSW","Небольшая облачность","2025-12-14 15:58"
"-8.20","","-13.40","44","755","1007","","","","2.40","","SSW","Небольшая облачность","2025-12-14 15:59"
"-8.20","","-13.40","44","755","1007","","","","2.40","","SSW","Небольшая облачность","2025-12-14 16:00"
"-8.20","","-13.40","44","755","1007","","","","2.40","","SSW","Небольшая облачность","2025-12-14 16:01"
"-8.20","","-13.40","44","755","1007","","","","2.40","","SSW","Небольшая облачность","2025-12-14 16:02"
"-8.20","","-13.40","44","755","1007","","","","2.40","","SSW","Небольшая облачность","2025-12-14 16:03"
"-8.20","","-13.40","44","755","1007","","","","2.40","","SSW","Небольшая облачность","2025-12-14 16:04"
"-8.20","","-13.40","44","755","1007","","","","2.40","","SSW","Небольшая облачность","2025-12-14 16:05"
"-8.20","","-13.40","44","755","1007","","","","2.40","","SSW","Небольшая облачность","2025-12-14 16:06"
"-8.20","","-13.40","44","755","1007","","","","2.40","","SSW","Небольшая облачность","2025-12-14 16:07"
"-8.20","","-13.40","44","755","1007","","","","2.40","","SSW","Небольшая облачность","2025-12-14 16:08"
"-8.20","","-13.40","44","755","1007","","","","2.40","","SSW","Небольшая облачность","2025-12-14 16:09"
"-8.20","","-13.40","44","755","1007","","","","2.40","","SSW","Небольшая облачность","2025-12-14 16:10"
"-8.20","","-13.40","44","755","1007","","","","2.40","","SSW","Небольшая облачность","2025-12-14 16:11"
"-8.20","","-13.40","44","755","1007","","","","2.40","","SSW","Небольшая облачность","2025-12-14 16:12"
"-8.20","","-13.40","44","755","1007","","","","2.40","","SSW","Небольшая облачность","2025-12-14 16:13"
"-8.20","","-13.40","44","755","1007","","","","2.40","","SSW","Небольшая облачность","2025-12-14 16:14"
"-8.20","","-13.40","44","755","1007","","","","2.40","","SSW","Небольшая облачность","2025-12-14 16:15"
"-8.20","","-13.40","44","755","1007","","","","2.40","","SSW","Небольшая облачность","2025-12-14 16:16"
"-8.20","","-13.40","44","755","1007","","","","2.40","","SSW","Небольшая облачность","2025-12-14 16:17"
"-8.20","","-13.40","44","755","1007","","","","2.40","","SSW","Небольшая облачность","2025-12-14 16:18"
"-8.20","","-13.40","44","755","1007","","","","2.40","","SSW","Небольшая облачность","2025-12-14 16:19"
"-8.20","","-13.40","44","755","1007","","","","2.40","","SSW","Небольшая облачность","2025-12-14 16:20"
"-8.20","","-13.40","44","755","1007","","","","2.40","","SSW","Небольшая облачность","2025-12-14 16:21"
"-8.20","","-13.40","44","755","1007","","","","2.40","","SSW","Небольшая облачность","2025-12-14 16:22"
"-8.20","","-13.40","44","755","1007","","","","2.40","","SSW","Небольшая облачность","2025-12-14 16:23"
"-8.20","","-13.40","44","755","1007","","","","2.40","","SSW","Небольшая облачность","2025-12-14 16:24"
"-8.20","","-13.40","44","755","1007","","","","2.40","","SSW","Небольшая облачность","2025-12-14 16:25"
"-8.20","","-13.40","44","755","1007","","","","2.40","","SSW","Небольшая облачность","2025-12-14 16:26"
"-8.20","","-13.40","44","755","1007","","","","2.40","","SSW","Небольшая облачность","2025-12-14 16:27"
"-8.30","","-13.50","44","755","1007","","","","2.40","","SSW","Небольшая облачность","2025-12-14 16:28"
"-8.30","","-13.50","44","755","1007","","","","2.40","","SSW","Небольшая облачность","2025-12-14 16:29"
"-8.30","","-13.50","44","755","1007","","","","2.40","","SSW","Небольшая облачность","2025-12-14 16:30"
"-8.30","","-13.50","44","755","1007","","","","2.40","","SSW","Небольшая облачность","2025-12-14 16:31"
"-8.30","","-13.50","44","755","1007","","","","2.40","","SSW","Небольшая облачность","2025-12-14 16:32"
"-8.30","","-13.50","44","755","1007","","","","2.40","","SSW","Небольшая облачность","2025-12-14 16:33"
"-8.30","","-13.50","44","755","1007","","","","2.40","","SSW","Небольшая облачность","2025-12-14 16:34"
"-8.30","","-13.50","44","755","1007","","","","2.40","","SSW","Небольшая облачность","2025-12-14 16:35"
"-8.30","","-13.50","44","755","1007","","","","2.40","","SSW","Небольшая облачность","2025-12-14 16:36"
"-8.30","","-13.50","44","755","1007","","","","2.40","","SSW","Небольшая облачность","2025-12-14 16:37"
"-8.30","","-13.50","44","755","1007","","","","2.40","","SSW","Небольшая облачность","2025-12-14 16:38"
"-8.30","","-13.50","44","755","1007","","","","2.40","","SSW","Небольшая облачность","2025-12-14 16:39"
"-8.30","","-13.50","44","755","1007","","","","2.40","","SSW","Небольшая облачность","2025-12-14 16:40"
"-8.30","","-13.50","44","755","1007","","","","2.40","","SSW","Небольшая облачность","2025-12-14 16:41"
"-8.30","","-13.50","44","755","1007","","","","2.40","","SSW","Небольшая облачность","2025-12-14 16:42"
"-8.40","","-13.60","44","755","1007","","","","2.40","","SSW","Небольшая облачность","2025-12-14 16:43"
"-8.40","","-13.60","44","755","1007","","","","2.40","","SSW","Небольшая облачность","2025-12-14 16:44"
"-8.40","","-13.60","44","755","1007","","","","2.40","","SSW","Небольшая облачность","2025-12-14 16:45"
"-8.40","","-13.60","44","755","1007","","","","2.40","","SSW","Небольшая облачность","2025-12-14 16:46"
"-8.40","","-13.60","44","755","1007","","","","2.40","","SSW","Небольшая облачность","2025-12-14 16:47"
"-8.40","","-13.60","44","755","1007","","","","2.40","","SSW","Небольшая облачность","2025-12-14 16:48"
"-8.40","","-13.60","44","755","1007","","","","2.40","","SSW","Небольшая облачность","2025-12-14 16:49"
"-8.40","","-13.60","44","755","1007","","","","2.40","","SSW","Небольшая облачность","2025-12-14 16:50"
"-8.40","","-13.60","44","755","1007","","","","2.40","","SSW","Небольшая облачность","2025-12-14 16:51"
"-8.40","","-13.60","44","755","1007","","","","2.40","","SSW","Небольшая облачность","2025-12-14 16:52"
"-8.40","","-13.60","44","755","1007","","","","2.40","","SSW","Небольшая облачность","2025-12-14 16:53"
"-8.40","","-13.60","44","755","1007","","","","2.40","","SSW","Небольшая облачность","2025-12-14 16:54"
"-8.40","","-13.60","44","755","1007","","","","2.40","","SSW","Небольшая облачность","2025-12-14 16:55"
"-8.40","","-13.60","44","755","1007","","","","2.40","","SSW","Небольшая облачность","2025-12-14 16:56"
"-8.40","","-13.60","44","755","1007","","","","2.40","","SSW","Небольшая облачность","2025-12-14 16:57"
"-8.40","","-13.60","44","755","1007","","","","2.40","","SSW","Небольшая облачность","2025-12-14 16:58"
"-8.40","","-13.60","44","755","1007","","","","2.40","","SSW","Небольшая облачность","2025-12-14 16:59"
"-8.40","","-13.60","44","755","1007","","","","2.40","","SSW","Небольшая облачность","2025-12-14 17:00"
"-8.40","","-13.60","44","755","1007","","","","2.40","","SSW","Небольшая облачность","2025-12-14 17:01"
"-8.40","","-13.60","44","755","1007","","","","2.40","","SSW","Небольшая облачность","2025-12-14 17:02"
"-8.40","","-13.60","44","755","1007","","","","2.40","","SSW","Небольшая облачность","2025-12-14 17:03"
"-8.40","","-13.60","44","755","1007","","","","2.40","","SSW","Небольшая облачность","2025-12-14 17:04"
"-8.40","","-13.60","44","755","1007","","","","2.40","","SSW","Небольшая облачность","2025-12-14 17:05"
"-8.40","","-13.60","44","755","1007","","","","2.40","","SSW","Небольшая облачность","2025-12-14 17:06"
"-8.40","","-13.60","44","754","1006","","","","2.40","","SSW","Небольшая облачность","2025-12-14 17:07"
"-8.40","","-13.60","44","754","1006","","","","2.40","","SSW","Небольшая облачность","2025-12-14 17:08"
"-8.40","","-13.60","44","754","1006","","","","2.40","","SSW","Небольшая облачность","2025-12-14 17:09"
"-8.40","","-13.60","44","754","1006","","","","2.40","","SSW","Небольшая облачность","2025-12-14 17:10"
"-8.40","","-13.60","44","754","1006","","","","2.40","","SSW","Небольшая облачность","2025-12-14 17:11"
"-8.40","","-13.60","44","754","1006","","","","2.40","","SSW","Небольшая облачность","2025-12-14 17:12"
"-8.40","","-13.60","44","754","1006","","","","2.40","","SSW","Небольшая облачность","2025-12-14 17:13"
"-8.40","","-13.60","44","754","1006","","","","2.40","","SSW","Небольшая облачность","2025-12-14 17:14"
"-8.50","","-13.70","44","754","1006","","","","2.40","","SSW","Небольшая облачность","2025-12-14 17:15"
"-8.50","","-13.70","44","754","1006","","","","2.40","","SSW","Небольшая облачность","2025-12-14 17:16"
"-8.50","","-13.70","44","754","1006","","","","2.40","","SSW","Небольшая облачность","2025-12-14 17:17"
"-8.50","","-13.70","44","754","1006","","","","2.40","","SSW","Небольшая облачность","2025-12-14 17:18"
"-8.50","","-13.70","44","754","1006","","","","2.40","","SSW","Небольшая облачность","2025-12-14 17:19"
"-8.50","","-13.70","44","754","1006","","","","2.40","","SSW","Небольшая облачность","2025-12-14 17:20"
"-8.50","","-13.70","44","755","1007","","","","2.40","","SSW","Небольшая облачность","2025-12-14 17:21"
"-8.50","","-13.70","44","755","1007","","","","2.40","","SSW","Небольшая облачность","2025-12-14 17:22"
"-8.50","","-13.70","44","755","1007","","","","2.40","","SSW","Небольшая облачность","2025-12-14 17:23"
"-8.50","","-13.70","44","755","1007","","","","2.40","","SSW","Небольшая облачность","2025-12-14 17:24"
"-8.50","","-13.70","44","755","1007","","","","2.40","","SSW","Небольшая облачность","2025-12-14 17:25"
"-8.50","","-13.70","44","755","1007","","","","2.40","","SSW","Небольшая облачность","2025-12-14 17:26"
"-8.50","","-13.70","44","755","1007","","","","2.40","","SSW","Небольшая облачность","2025-12-14 17:27"
"-8.50","","-13.70","44","755","1007","","","","2.40","","SSW","Небольшая облачность","2025-12-14 17:28"
"-8.50","","-13.70","44","755","1007","","","","2.40","","SSW","Небольшая облачность","2025-12-14 17:29"
"-8.50","","-13.70","44","755","1007","","","","2.40","","SSW","Небольшая облачность","2025-12-14 17:30"
"-8.50","","-13.70","44","755","1007","","","","2.40","","SSW","Небольшая облачность","2025-12-14 17:31"
"-8.50","","-13.70","44","755","1007","","","","2.40","","SSW","Небольшая облачность","2025-12-14 17:32"
"-8.50","","-13.70","44","755","1007","","","","2.40","","SSW","Небольшая облачность","2025-12-14 17:33"
"-8.50","","-13.70","44","755","1007","","","","2.40","","SSW","Небольшая облачность","2025-12-14 17:34"
"-8.50","","-13.70","44","755","1007","","","","2.40","","SSW","Небольшая облачность","2025-12-14 17:35"
"-8.50","","-13.70","44","755","1007","","","","2.40","","SSW","Переменная облачность","2025-12-14 17:36"
"-8.50","","-13.70","44","755","1007","","","","2.40","","SSW","Переменная облачность","2025-12-14 17:37"
"-8.50","","-13.70","44","755","1007","","","","2.40","","SSW","Переменная облачность","2025-12-14 17:38"
"-8.50","","-13.70","44","755","1007","","","","2.40","","SSW","Переменная облачность","2025-12-14 17:39"
"-8.50","","-13.70","44","755","1007","","","","2.40","","SSW","Переменная облачность","2025-12-14 17:40"
"-8.50","","-13.70","44","755","1007","","","","2.40","","SSW","Переменная облачность","2025-12-14 17:41"
"-8.50","","-13.70","44","755","1007","","","","2.40","","SSW","Переменная облачность","2025-12-14 17:42"
"-8.50","","-13.70","44","755","1007","","","","2.40","","SSW","Переменная облачность","2025-12-14 17:43"
"-8.50","","-13.70","44","755","1007","","","","2.40","","SSW","Переменная облачность","2025-12-14 17:44"
"-8.50","","-13.70","44","755","1007","","","","2.40","","SSW","Переменная облачность","2025-12-14 17:45"
"-8.50","","-13.70","44","755","1007","","","","2.40","","SSW","Переменная облачность","2025-12-14 17:46"
"-8.50","","-13.70","44","755","1007","","","","2.40","","SSW","Переменная облачность","2025-12-14 17:47"
"-8.50","","-13.70","44","755","1007","","","","2.40","","SSW","Переменная облачность","2025-12-14 17:48"
"-8.50","","-13.70","44","755","1007","","","","2.40","","SSW","Переменная облачность","2025-12-14 17:49"
"-8.50","","-13.70","44","755","1007","","","","2.40","","SSW","Переменная облачность","2025-12-14 17:50"
"-8.50","","-13.70","44","756","1008","","","","2.40","","SSW","Переменная облачность","2025-12-14 17:51"
"-8.50","","-13.70","44","756","1008","","","","2.40","","SSW","Переменная облачность","2025-12-14 17:52"
"-8.50","","-13.70","44","756","1008","","","","2.40","","SSW","Переменная облачность","2025-12-14 17:53"
"-8.50","","-13.70","44","756","1008","","","","2.40","","SSW","Переменная облачность","2025-12-14 17:54"
"-8.50","","-13.70","44","756","1008","","","","2.40","","SSW","Переменная облачность","2025-12-14 17:55"
"-8.50","","-13.70","44","756","1008","","","","2.40","","SSW","Переменная облачность","2025-12-14 17:56"
"-8.50","","-13.70","44","756","1008","","","","2.40","","SSW","Переменная облачность","2025-12-14 17:57"
"-8.50","","-13.70","44","756","1008","","","","2.40","","SSW","Переменная облачность","2025-12-14 17:58"
"-8.50","","-13.70","44","756","1008","","","","2.40","","SSW","Переменная облачность","2025-12-14 17:59"
"-8.50","","-13.70","45","756","1008","","","","2.40","","SSW","Переменная облачность","2025-12-14 18:00"
"-8.50","","-13.70","45","756","1008","","","","2.40","","SSW","Переменная облачность","2025-12-14 18:01"
"-8.50","","-13.70","45","756","1008","","","","2.40","","SSW","Переменная облачность","2025-12-14 18:02"
"-8.50","","-13.70","45","756","1008","","","","2.40","","SSW","Переменная облачность","2025-12-14 18:03"
"-8.50","","-13.70","45","756","1008","","","","2.40","","SSW","Переменная облачность","2025-12-14 18:04"
"-8.50","","-13.70","45","756","1008","","","","2.40","","SSW","Переменная облачность","2025-12-14 18:05"
"-8.50","","-13.70","45","755","1007","","","","2.40","","SSW","Переменная облачность","2025-12-14 18:06"
"-8.50","","-13.70","45","755","1007","","","","2.40","","SSW","Переменная облачность","2025-12-14 18:07"
"-8.50","","-13.70","45","755","1007","","","","2.40","","SSW","Переменная облачность","2025-12-14 18:08"
"-8.50","","-13.70","45","755","1007","","","","2.40","","SSW","Переменная облачность","2025-12-14 18:09"
"-8.50","","-13.70","45","755","1007","","","","2.40","","SSW","Переменная облачность","2025-12-14 18:10"
"-8.50","","-13.70","45","755","1007","","","","2.40","","SSW","Переменная облачность","2025-12-14 18:11"
"-8.40","","-13.60","44","755","1007","","","","2.40","","SSW","Переменная облачность","2025-12-14 18:12"
"-8.40","","-13.60","45","755","1007","","","","2.40","","SSW","Переменная облачность","2025-12-14 18:13"
"-8.40","","-13.60","45","755","1007","","","","2.40","","SSW","Переменная облачность","2025-12-14 18:14"
"-8.40","","-13.60","45","755","1007","","","","2.40","","SSW","Переменная облачность","2025-12-14 18:15"
"-8.40","","-13.60","45","755","1007","","","","2.40","","SSW","Переменная облачность","2025-12-14 18:16"
"-8.40","","-13.60","45","755","1007","","","","2.40","","SSW","Переменная облачность","2025-12-14 18:17"
"-8.40","","-13.60","45","755","1007","","","","2.40","","SSW","Переменная облачность","2025-12-14 18:18"
"-8.40","","-13.60","45","755","1007","","","","2.40","","SSW","Переменная облачность","2025-12-14 18:19"
"-8.40","","-13.60","45","755","1007","","","","2.40","","SSW","Переменная облачность","2025-12-14 18:20"
"-8.40","","-13.60","45","755","1007","","","","2.40","","SSW","Переменная облачность","2025-12-14 18:21"
"-8.40","","-13.60","45","755","1007","","","","2.40","","SSW","Переменная облачность","2025-12-14 18:22"
"-8.40","","-13.60","45","755","1007","","","","2.40","","SSW","Переменная облачность","2025-12-14 18:23"
"-8.40","","-13.60","45","755","1007","","","","2.40","","SSW","Переменная облачность","2025-12-14 18:24"
"-8.30","","-13.50","45","755","1007","","","","2.40","","SSW","Переменная облачность","2025-12-14 18:25"
"-8.30","","-13.50","45","755","1007","","","","2.40","","SSW","Переменная облачность","2025-12-14 18:26"
"-8.30","","-13.50","45","755","1007","","","","2.40","","SSW","Переменная облачность","2025-12-14 18:27"
"-8.20","","-13.40","45","755","1007","","","","2.40","","SSW","Переменная облачность","2025-12-14 18:28"
"-8.20","","-13.40","45","755","1007","","","","2.40","","SSW","Переменная облачность","2025-12-14 18:29"
"-8.20","","-13.40","45","755","1007","","","","2.40","","SSW","Переменная облачность","2025-12-14 18:30"
"-8.20","","-13.40","45","755","1007","","","","2.40","","SSW","Переменная облачность","2025-12-14 18:31"
"-8.20","","-13.40","45","755","1007","","","","2.40","","SSW","Переменная облачность","2025-12-14 18:32"
"-8.20","","-13.40","45","755","1007","","","","2.40","","SSW","Переменная облачность","2025-12-14 18:33"
"-8.20","","-13.40","45","755","1007","","","","2.40","","SSW","Переменная облачность","2025-12-14 18:34"
"-8.20","","-13.40","45","755","1007","","","","2.40","","SSW","Переменная облачность","2025-12-14 18:35"
"-8.20","","-13.40","45","755","1007","","","","2.40","","SSW","Переменная облачность","2025-12-14 18:36"
"-8.20","","-13.40","45","755","1007","","","","2.40","","SSW","Переменная облачность","2025-12-14 18:37"
"-8.20","","-13.40","45","755","1007","","","","2.40","","SSW","Переменная облачность","2025-12-14 18:38"
"-8.10","","-13.30","45","755","1007","","","","2.40","","SSW","Переменная облачность","2025-12-14 18:39"
"-8.10","","-13.30","45","755","1007","","","","2.40","","SSW","Переменная облачность","2025-12-14 18:40"
"-8.10","","-13.30","45","755","1007","","","","2.40","","SSW","Переменная облачность","2025-12-14 18:41"
"-8.10","","-13.30","45","755","1007","","","","2.40","","SSW","Переменная облачность","2025-12-14 18:42"
"-8.10","","-13.30","45","755","1007","","","","2.40","","SSW","Переменная облачность","2025-12-14 18:43"
"-8.10","","-13.30","45","755","1007","","","","2.40","","SSW","Переменная облачность","2025-12-14 18:44"
"-8.10","","-13.30","45","755","1007","","","","2.40","","SSW","Переменная облачность","2025-12-14 18:45"
"-8.10","","-13.30","45","755","1007","","","","2.40","","SSW","Переменная облачность","2025-12-14 18:46"
"-8.10","","-13.30","45","755","1007","","","","2.40","","SSW","Переменная облачность","2025-12-14 18:47"
"-8.10","","-13.30","45","755","1007","","","","2.40","","SSW","Переменная облачность","2025-12-14 18:48"
"-8.10","","-13.30","45","755","1007","","","","2.40","","SSW","Переменная облачность","2025-12-14 18:49"
"-8.10","","-13.30","45","755","1007","","","","2.40","","SSW","Переменная облачность","2025-12-14 18:50"
"-8.10","","-13.30","45","755","1007","","","","2.40","","SSW","Переменная облачность","2025-12-14 18:51"
"-8.10","","-13.30","45","755","1007","","","","2.40","","SSW","Переменная облачность","2025-12-14 18:52"
"-8.10","","-13.30","45","755","1007","","","","2.40","","SSW","Переменная облачность","2025-12-14 18:53"
"-8.10","","-13.30","45","755","1007","","","","2.40","","SSW","Переменная облачность","2025-12-14 18:54"
"-8.00","","-13.20","45","755","1007","","","","2.40","","SSW","Переменная облачность","2025-12-14 18:55"
"-8.00","","-13.20","45","755","1007","","","","2.40","","SSW","Переменная облачность","2025-12-14 18:56"
"-8.00","","-13.20","46","755","1007","","","","2.40","","SSW","Переменная облачность","2025-12-14 18:57"
"-8.00","","-13.20","46","755","1007","","","","2.40","","SSW","Переменная облачность","2025-12-14 18:58"
"-8.00","","-13.20","46","755","1007","","","","2.40","","SSW","Переменная облачность","2025-12-14 18:59"
"-8.00","","-13.20","46","755","1007","","","","2.40","","SSW","Переменная облачность","2025-12-14 19:00"
"-8.00","","-13.20","46","755","1007","","","","2.40","","SSW","Переменная облачность","2025-12-14 19:01"
"-8.00","","-13.20","46","755","1007","","","","2.40","","SSW","Переменная облачность","2025-12-14 19:02"
"-8.00","","-13.20","46","755","1007","","","","2.40","","SSW","Переменная облачность","2025-12-14 19:03"
"-8.00","","-13.20","46","755","1007","","","","2.40","","SSW","Переменная облачность","2025-12-14 19:04"
"-7.90","","-13.10","46","755","1007","","","","2.40","","SSW","Переменная облачность","2025-12-14 19:05"
"-7.90","","-13.10","46","755","1007","","","","2.40","","SSW","Переменная облачность","2025-12-14 19:06"
"-7.90","","-13.10","46","755","1007","","","","2.40","","SSW","Переменная облачность","2025-12-14 19:07"
"-7.90","","-13.10","46","755","1007","","","","2.40","","SSW","Переменная облачность","2025-12-14 19:08"
"-7.90","","-13.10","46","755","1007","","","","2.40","","SSW","Переменная облачность","2025-12-14 19:09"
"-7.90","","-13.10","46","755","1007","","","","2.40","","SSW","Переменная облачность","2025-12-14 19:10"
"-7.90","","-13.10","46","755","1007","","","","2.40","","SSW","Переменная облачность","2025-12-14 19:11"
"-7.90","","-13.10","46","755","1007","","","","2.40","","SSW","Переменная облачность","2025-12-14 19:12"
"-7.80","","-13.00","46","755","1007","","","","2.40","","SSW","Переменная облачность","2025-12-14 19:13"
"-7.80","","-13.00","46","755","1007","","","","2.40","","SSW","Переменная облачность","2025-12-14 19:14"
"-7.70","","-12.90","46","755","1007","","","","2.40","","SSW","Переменная облачность","2025-12-14 19:15"
"-7.70","","-12.90","46","755","1007","","","","2.40","","SSW","Переменная облачность","2025-12-14 19:16"
"-7.70","","-12.90","46","755","1007","","","","2.40","","SSW","Переменная облачность","2025-12-14 19:17"
"-7.70","","-12.90","46","755","1007","","","","2.40","","SSW","Переменная облачность","2025-12-14 19:18"
"-7.70","","-12.90","46","755","1007","","","","2.40","","SSW","Переменная облачность","2025-12-14 19:19"
"-7.70","","-12.90","46","755","1007","","","","2.40","","SSW","Переменная облачность","2025-12-14 19:20"
"-7.70","","-12.90","46","755","1007","","","","2.40","","SSW","Переменная облачность","2025-12-14 19:21"
"-7.70","","-12.90","46","755","1007","","","","2.40","","SSW","Переменная облачность","2025-12-14 19:22"
"-7.70","","-12.90","46","755","1007","","","","2.40","","SSW","Переменная облачность","2025-12-14 19:23"
"-7.70","","-12.90","46","755","1007","","","","2.40","","SSW","Переменная облачность","2025-12-14 19:24"
"-7.70","","-12.90","46","755","1007","","","","2.40","","SSW","Переменная облачность","2025-12-14 19:25"
"-7.70","","-12.90","46","755","1007","","","","2.40","","SSW","Переменная облачность","2025-12-14 19:26"
"-7.70","","-12.90","46","755","1007","","","","2.40","","SSW","Переменная облачность","2025-12-14 19:27"
"-7.70","","-12.90","46","755","1007","","","","2.40","","SSW","Переменная облачность","2025-12-14 19:28"
"-7.70","","-12.90","46","755","1007","","","","2.40","","SSW","Переменная облачность","2025-12-14 19:29"
"-7.70","","-12.90","45","755","1007","","","","2.40","","SSW","Переменная облачность","2025-12-14 19:30"
"-7.70","","-12.90","45","755","1007","","","","2.40","","SSW","Переменная облачность","2025-12-14 19:31"
"-7.70","","-12.90","45","755","1007","","","","2.40","","SSW","Переменная облачность","2025-12-14 19:32"
"-7.70","","-12.90","45","755","1007","","","","2.40","","SSW","Переменная облачность","2025-12-14 19:33"
"-7.70","","-12.90","45","755","1007","","","","2.40","","SSW","Переменная облачность","2025-12-14 19:34"
"-7.70","","-12.90","45","755","1007","","","","2.40","","SSW","Переменная облачность","2025-12-14 19:35"
"-7.70","","-12.90","45","755","1007","","","","2.40","","SSW","Переменная облачность","2025-12-14 19:36"
"-7.70","","-12.90","45","755","1007","","","","2.40","","SSW","Переменная облачность","2025-12-14 19:37"
"-7.70","","-12.90","45","755","1007","","","","2.40","","SSW","Переменная облачность","2025-12-14 19:38"
"-7.70","","-12.90","45","755","1007","","","","2.40","","SSW","Переменная облачность","2025-12-14 19:39"
"-7.70","","-12.90","45","755","1007","","","","2.40","","SSW","Переменная облачность","2025-12-14 19:40"
"-7.70","","-12.90","45","755","1007","","","","2.40","","SSW","Переменная облачность","2025-12-14 19:41"
"-7.80","","-13.00","45","755","1007","","","","2.40","","SSW","Переменная облачность","2025-12-14 19:42"
"-7.80","","-13.00","45","755","1007","","","","2.40","","SSW","Переменная облачность","2025-12-14 19:43"
"-7.80","","-13.00","45","755","1007","","","","2.40","","SSW","Переменная облачность","2025-12-14 19:44"
"-7.80","","-13.00","45","755","1007","","","","2.40","","SSW","Переменная облачность","2025-12-14 19:45"
"-7.80","","-13.00","45","755","1007","","","","2.40","","SSW","Переменная облачность","2025-12-14 19:46"
"-7.80","","-13.00","45","755","1007","","","","2.40","","SSW","Переменная облачность","2025-12-14 19:47"
"-7.90","","-13.10","45","755","1007","","","","2.40","","SSW","Переменная облачность","2025-12-14 19:48"
"-7.90","","-13.10","45","755","1007","","","","2.40","","SSW","Переменная облачность","2025-12-14 19:49"
"-7.90","","-13.10","45","755","1007","","","","2.40","","SSW","Переменная облачность","2025-12-14 19:50"
"-7.90","","-13.10","45","755","1007","","","","2.40","","SSW","Переменная облачность","2025-12-14 19:51"
"-7.90","","-13.10","45","755","1007","","","","2.40","","SSW","Переменная облачность","2025-12-14 19:52"
"-7.90","","-13.10","45","755","1007","","","","2.40","","SSW","Переменная облачность","2025-12-14 19:53"
"-7.90","","-13.10","45","755","1007","","","","2.40","","SSW","Переменная облачность","2025-12-14 19:54"
"-7.90","","-13.10","45","755","1007","","","","2.40","","SSW","Переменная облачность","2025-12-14 19:55"
"-8.00","","-13.20","45","755","1007","","","","2.40","","SSW","Переменная облачность","2025-12-14 19:56"
"-8.00","","-13.20","45","755","1007","","","","2.40","","SSW","Переменная облачность","2025-12-14 19:57"
"-8.00","","-13.20","45","755","1007","","","","2.40","","SSW","Переменная облачность","2025-12-14 19:58"
"-8.00","","-13.20","45","755","1007","","","","2.40","","SSW","Переменная облачность","2025-12-14 19:59"
"-8.00","","-13.20","45","755","1007","","","","2.40","","SSW","Переменная облачность","2025-12-14 20:00"
"-8.00","","-13.20","45","755","1007","","","","2.40","","SSW","Переменная облачность","2025-12-14 20:01"
"-8.00","","-13.20","45","755","1007","","","","2.40","","SSW","Переменная облачность","2025-12-14 20:02"
"-8.00","","-13.20","45","755","1007","","","","2.40","","SSW","Переменная облачность","2025-12-14 20:03"
"-8.00","","-13.20","45","755","1007","","","","2.40","","SSW","Переменная облачность","2025-12-14 20:04"
"-8.00","","-13.20","45","755","1007","","","","2.40","","SSW","Переменная облачность","2025-12-14 20:05"
"-8.10","","-13.30","45","755","1007","","","","2.40","","SSW","Переменная облачность","2025-12-14 20:06"
"-8.10","","-13.30","45","755","1007","","","","2.40","","SSW","Переменная облачность","2025-12-14 20:07"
"-8.10","","-13.30","45","755","1007","","","","2.40","","SSW","Переменная облачность","2025-12-14 20:08"
"-8.10","","-13.30","45","755","1007","","","","2.40","","SSW","Переменная облачность","2025-12-14 20:09"
"-8.10","","-13.30","45","755","1007","","","","2.40","","SSW","Переменная облачность","2025-12-14 20:10"
"-8.10","","-13.30","45","755","1007","","","","2.40","","SSW","Переменная облачность","2025-12-14 20:11"
"-8.10","","-13.30","45","755","1007","","","","2.40","","SSW","Переменная облачность","2025-12-14 20:12"
"-8.10","","-13.30","45","755","1007","","","","2.40","","SSW","Переменная облачность","2025-12-14 20:13"
"-8.10","","-13.30","45","755","1007","","","","2.40","","SSW","Переменная облачность","2025-12-14 20:14"
"-8.10","","-13.30","45","755","1007","","","","2.40","","SSW","Переменная облачность","2025-12-14 20:15"
"-8.10","","-13.30","45","755","1007","","","","2.40","","SSW","Переменная облачность","2025-12-14 20:16"
"-8.10","","-13.30","45","755","1007","","","","2.40","","SSW","Переменная облачность","2025-12-14 20:17"
"-8.10","","-13.30","45","755","1007","","","","2.40","","SSW","Переменная облачность","2025-12-14 20:18"
"-8.10","","-13.30","45","755","1007","","","","2.40","","SSW","Переменная облачность","2025-12-14 20:19"
"-8.10","","-13.30","45","755","1007","","","","2.40","","SSW","Переменная облачность","2025-12-14 20:20"
"-8.10","","-13.30","45","755","1007","","","","2.40","","SSW","Переменная облачность","2025-12-14 20:21"
"-8.10","","-13.30","45","755","1007","","","","2.40","","SSW","Переменная облачность","2025-12-14 20:22"
"-8.10","","-13.30","45","755","1007","","","","2.40","","SSW","Переменная облачность","2025-12-14 20:23"
"-8.20","","-13.40","45","755","1007","","","","2.40","","SSW","Переменная облачность","2025-12-14 20:24"
"-8.20","","-13.40","45","755","1007","","","","2.40","","SSW","Переменная облачность","2025-12-14 20:25"
"-8.20","","-13.40","45","755","1007","","","","2.40","","SSW","Переменная облачность","2025-12-14 20:26"
"-8.20","","-13.40","45","755","1007","","","","2.40","","SSW","Переменная облачность","2025-12-14 20:27"
"-8.20","","-13.40","45","755","1007","","","","2.40","","SSW","Переменная облачность","2025-12-14 20:28"
"-8.20","","-13.40","45","755","1007","","","","2.40","","SSW","Переменная облачность","2025-12-14 20:29"
"-8.20","","-13.40","45","755","1007","","","","2.40","","SSW","Переменная облачность","2025-12-14 20:30"
"-8.20","","-13.40","45","755","1007","","","","2.40","","SSW","Переменная облачность","2025-12-14 20:31"
"-8.20","","-13.40","45","755","1007","","","","2.40","","SSW","Переменная облачность","2025-12-14 20:32"
"-8.20","","-13.40","45","755","1007","","","","2.40","","SSW","Переменная облачность","2025-12-14 20:33"
"-8.20","","-13.40","45","755","1007","","","","2.40","","SSW","Переменная облачность","2025-12-14 20:34"
"-8.20","","-13.40","45","755","1007","","","","2.40","","SSW","Переменная облачность","2025-12-14 20:35"
"-8.30","","-13.50","45","755","1007","","","","2.40","","SSW","Переменная облачность","2025-12-14 20:36"
"-8.30","","-13.50","45","755","1007","","","","2.40","","SSW","Переменная облачность","2025-12-14 20:37"
"-8.30","","-13.50","45","755","1007","","","","2.40","","SSW","Переменная облачность","2025-12-14 20:38"
"-8.30","","-13.50","45","755","1007","","","","2.40","","SSW","Переменная облачность","2025-12-14 20:39"
"-8.30","","-13.50","45","755","1007","","","","2.40","","SSW","Переменная облачность","2025-12-14 20:40"
"-8.40","","-13.60","45","755","1007","","","","2.40","","SSW","Переменная облачность","2025-12-14 20:41"
"-8.40","","-13.60","45","755","1007","","","","2.40","","SSW","Переменная облачность","2025-12-14 20:42"
"-8.40","","-13.60","45","755","1007","","","","2.40","","SSW","Переменная облачность","2025-12-14 20:43"
"-8.40","","-13.60","45","755","1007","","","","2.40","","SSW","Переменная облачность","2025-12-14 20:44"
"-8.40","","-13.60","45","755","1007","","","","2.40","","SSW","Переменная облачность","2025-12-14 20:45"
"-8.40","","-13.60","45","755","1007","","","","2.40","","SSW","Переменная облачность","2025-12-14 20:46"
"-8.40","","-13.60","45","755","1007","","","","2.40","","SSW","Переменная облачность","2025-12-14 20:47"
"-8.40","","-13.60","45","755","1007","","","","2.40","","SSW","Переменная облачность","2025-12-14 20:48"
"-8.40","","-13.60","45","755","1007","","","","2.40","","SSW","Переменная облачность","2025-12-14 20:49"
"-8.40","","-13.60","45","755","1007","","","","2.40","","SSW","Переменная облачность","2025-12-14 20:50"
"-8.40","","-13.60","45","755","1007","","","","2.40","","SSW","Переменная облачность","2025-12-14 20:51"
"-8.40","","-13.60","45","754","1006","","","","2.40","","SSW","Переменная облачность","2025-12-14 20:52"
"-8.40","","-13.60","45","754","1006","","","","2.40","","SSW","Переменная облачность","2025-12-14 20:53"
"-8.40","","-13.60","45","754","1006","","","","2.40","","SSW","Переменная облачность","2025-12-14 20:54"
"-8.40","","-13.60","45","754","1006","","","","2.40","","SSW","Переменная облачность","2025-12-14 20:55"
"-8.40","","-13.60","45","754","1006","","","","2.40","","SSW","Переменная облачность","2025-12-14 20:56"
"-8.40","","-13.60","45","754","1006","","","","2.40","","SSW","Переменная облачность","2025-12-14 20:57"
"-8.50","","-13.70","45","754","1006","","","","2.40","","SSW","Переменная облачность","2025-12-14 20:58"
"-8.50","","-13.70","45","754","1006","","","","2.40","","SSW","Переменная облачность","2025-12-14 20:59"
"-8.50","","-13.70","45","754","1006","","","","2.40","","SSW","Переменная облачность","2025-12-14 21:00"
"-8.50","","-13.70","45","754","1006","","","","2.40","","SSW","Переменная облачность","2025-12-14 21:01"
"-8.50","","-13.70","45","754","1006","","","","2.40","","SSW","Переменная облачность","2025-12-14 21:02"
"-8.50","","-13.70","45","754","1006","","","","2.40","","SSW","Переменная облачность","2025-12-14 21:03"
"-8.50","","-13.70","45","754","1006","","","","2.40","","SSW","Переменная облачность","2025-12-14 21:04"
"-8.50","","-13.70","45","754","1006","","","","2.40","","SSW","Переменная облачность","2025-12-14 21:05"
"-8.50","","-13.70","45","755","1007","","","","2.40","","SSW","Переменная облачность","2025-12-14 21:06"
"-8.50","","-13.70","45","755","1007","","","","2.40","","SSW","Переменная облачность","2025-12-14 21:07"
"-8.50","","-13.70","45","755","1007","","","","2.40","","SSW","Переменная облачность","2025-12-14 21:08"
"-8.50","","-13.70","45","755","1007","","","","2.40","","SSW","Переменная облачность","2025-12-14 21:09"
"-8.50","","-13.70","45","755","1007","","","","2.40","","SSW","Переменная облачность","2025-12-14 21:10"
"-8.50","","-13.70","45","755","1007","","","","2.40","","SSW","Переменная облачность","2025-12-14 21:11"
"-8.50","","-13.70","45","755","1007","","","","2.40","","SSW","Переменная облачность","2025-12-14 21:12"
"-8.60","","-13.80","45","755","1007","","","","2.40","","SSW","Переменная облачность","2025-12-14 21:13"
"-8.60","","-13.80","45","755","1007","","","","2.40","","SSW","Переменная облачность","2025-12-14 21:14"
"-8.60","","-13.80","45","755","1007","","","","2.40","","SSW","Переменная облачность","2025-12-14 21:15"
"-8.60","","-13.80","45","755","1007","","","","2.40","","SSW","Переменная облачность","2025-12-14 21:16"
"-8.60","","-13.80","45","755","1007","","","","2.40","","SSW","Переменная облачность","2025-12-14 21:17"
"-8.60","","-13.80","45","755","1007","","","","2.40","","SSW","Переменная облачность","2025-12-14 21:18"
"-8.60","","-13.80","45","755","1007","","","","2.40","","SSW","Переменная облачность","2025-12-14 21:19"
"-8.60","","-13.80","45","755","1007","","","","2.40","","SSW","Переменная облачность","2025-12-14 21:20"
"-8.60","","-13.80","45","755","1007","","","","2.40","","SSW","Переменная облачность","2025-12-14 21:21"
"-8.60","","-13.80","45","755","1007","","","","2.40","","SSW","Переменная облачность","2025-12-14 21:22"
"-8.60","","-13.80","45","755","1007","","","","2.40","","SSW","Переменная облачность","2025-12-14 21:23"
"-8.70","","-13.90","45","755","1007","","","","2.40","","SSW","Переменная облачность","2025-12-14 21:24"
"-8.70","","-13.90","45","755","1007","","","","2.40","","SSW","Переменная облачность","2025-12-14 21:25"
"-8.70","","-13.90","45","755","1007","","","","2.40","","SSW","Переменная облачность","2025-12-14 21:26"
"-8.70","","-13.90","45","755","1007","","","","2.40","","SSW","Переменная облачность","2025-12-14 21:27"
"-8.70","","-13.90","45","755","1007","","","","2.40","","SSW","Переменная облачность","2025-12-14 21:28"
"-8.70","","-13.90","45","755","1007","","","","2.40","","SSW","Переменная облачность","2025-12-14 21:29"
"-8.80","","-14.00","45","755","1007","","","","2.40","","SSW","Переменная облачность","2025-12-14 21:30"
"-8.80","","-14.00","45","755","1007","","","","2.40","","SSW","Переменная облачность","2025-12-14 21:31"
"-8.80","","-14.00","45","755","1007","","","","2.40","","SSW","Переменная облачность","2025-12-14 21:32"
"-8.80","","-14.00","45","755","1007","","","","2.40","","SSW","Переменная облачность","2025-12-14 21:33"
"-8.80","","-14.00","45","755","1007","","","","2.40","","SSW","Переменная облачность","2025-12-14 21:34"
"-8.80","","-14.00","45","755","1007","","","","2.40","","SSW","Переменная облачность","2025-12-14 21:35"
"-8.80","","-14.00","45","755","1007","","","","2.40","","SSW","Переменная облачность","2025-12-14 21:36"
"-8.80","","-14.00","45","755","1007","","","","2.40","","SSW","Переменная облачность","2025-12-14 21:37"
"-8.80","","-14.00","45","755","1007","","","","2.40","","SSW","Переменная облачность","2025-12-14 21:38"
"-8.80","","-14.00","45","755","1007","","","","2.40","","SSW","Переменная облачность","2025-12-14 21:39"
"-8.80","","-14.00","45","755","1007","","","","2.40","","SSW","Переменная облачность","2025-12-14 21:40"
"-8.80","","-14.00","45","755","1007","","","","2.40","","SSW","Переменная облачность","2025-12-14 21:41"
"-8.90","","-14.10","45","755","1007","","","","2.40","","SSW","Переменная облачность","2025-12-14 21:42"
"-8.90","","-14.10","45","755","1007","","","","2.40","","SSW","Переменная облачность","2025-12-14 21:43"
"-8.90","","-14.10","45","755","1007","","","","2.40","","SSW","Переменная облачность","2025-12-14 21:44"
"-8.90","","-14.10","45","755","1007","","","","2.40","","SSW","Переменная облачность","2025-12-14 21:45"
"-8.90","","-14.10","45","755","1007","","","","2.40","","SSW","Переменная облачность","2025-12-14 21:46"
"-8.90","","-14.10","45","755","1007","","","","2.40","","SSW","Переменная облачность","2025-12-14 21:47"
"-8.90","","-14.10","45","755","1007","","","","2.40","","SSW","Переменная облачность","2025-12-14 21:48"
"-8.90","","-14.10","45","755","1007","","","","2.40","","SSW","Переменная облачность","2025-12-14 21:49"
"-8.90","","-14.10","45","755","1007","","","","2.40","","SSW","Переменная облачность","2025-12-14 21:50"
"-8.90","","-14.10","45","755","1007","","","","2.40","","SSW","Переменная облачность","2025-12-14 21:51"
"-8.90","","-14.10","45","755","1007","","","","2.40","","SSW","Переменная облачность","2025-12-14 21:52"
"-8.90","","-14.10","45","755","1007","","","","2.40","","SSW","Переменная облачность","2025-12-14 21:53"
"-8.90","","-14.10","45","755","1007","","","","2.40","","SSW","Переменная облачность","2025-12-14 21:54"
"-8.90","","-14.10","45","755","1007","","","","2.40","","SSW","Переменная облачность","2025-12-14 21:55"
"-8.90","","-14.10","45","755","1007","","","","2.40","","SSW","Переменная облачность","2025-12-14 21:56"
"-8.90","","-14.10","45","755","1007","","","","2.40","","SSW","Переменная облачность","2025-12-14 21:57"
"-8.90","","-14.10","45","755","1007","","","","2.40","","SSW","Переменная облачность","2025-12-14 21:58"
"-8.90","","-14.10","45","755","1007","","","","2.40","","SSW","Переменная облачность","2025-12-14 21:59"
"-8.90","","-14.10","45","755","1007","","","","2.40","","SSW","Переменная облачность","2025-12-14 22:00"
"-8.90","","-14.10","45","755","1007","","","","2.40","","SSW","Переменная облачность","2025-12-14 22:01"
"-8.90","","-14.10","45","755","1007","","","","2.40","","SSW","Переменная облачность","2025-12-14 22:02"
"-8.90","","-14.10","45","755","1007","","","","2.40","","SSW","Переменная облачность","2025-12-14 22:03"
"-8.90","","-14.10","45","755","1007","","","","2.40","","SSW","Переменная облачность","2025-12-14 22:04"
"-8.90","","-14.10","45","755","1007","","","","2.40","","SSW","Переменная облачность","2025-12-14 22:05"
"-8.90","","-14.10","45","755","1007","","","","2.40","","SSW","Переменная облачность","2025-12-14 22:06"
"-8.90","","-14.10","45","755","1007","","","","2.40","","SSW","Переменная облачность","2025-12-14 22:07"
"-8.90","","-14.10","46","755","1007","","","","2.40","","SSW","Переменная облачность","2025-12-14 22:08"
"-8.90","","-14.10","46","755","1007","","","","2.40","","SSW","Переменная облачность","2025-12-14 22:09"
"-8.90","","-14.10","46","755","1007","","","","2.40","","SSW","Переменная облачность","2025-12-14 22:10"
"-8.90","","-14.10","46","755","1007","","","","2.40","","SSW","Переменная облачность","2025-12-14 22:11"
"-8.90","","-14.10","46","755","1007","","","","2.40","","SSW","Переменная облачность","2025-12-14 22:12"
"-8.80","","-14.00","46","755","1007","","","","2.40","","SSW","Переменная облачность","2025-12-14 22:13"
"-8.80","","-14.00","46","755","1007","","","","2.40","","SSW","Переменная облачность","2025-12-14 22:14"
"-8.80","","-14.00","46","755","1007","","","","2.40","","SSW","Переменная облачность","2025-12-14 22:15"
"-8.80","","-14.00","46","755","1007","","","","2.40","","SSW","Переменная облачность","2025-12-14 22:16"
"-8.80","","-14.00","46","755","1007","","","","2.40","","SSW","Переменная облачность","2025-12-14 22:17"
"-8.80","","-14.00","46","755","1007","","","","2.40","","SSW","Переменная облачность","2025-12-14 22:18"
"-8.80","","-14.00","46","755","1007","","","","2.40","","SSW","Переменная облачность","2025-12-14 22:19"
"-8.80","","-14.00","46","755","1007","","","","2.40","","SSW","Переменная облачность","2025-12-14 22:20"
"-8.80","","-14.00","46","755","1007","","","","2.40","","SSW","Переменная облачность","2025-12-14 22:21"
"-8.80","","-14.00","46","755","1007","","","","2.40","","SSW","Переменная облачность","2025-12-14 22:22"
"-8.80","","-14.00","46","755","1007","","","","2.40","","SSW","Переменная облачность","2025-12-14 22:23"
"-8.80","","-14.00","46","755","1007","","","","2.40","","SSW","Переменная облачность","2025-12-14 22:24"
"-8.80","","-14.00","46","755","1007","","","","2.40","","SSW","Переменная облачность","2025-12-14 22:25"
"-8.80","","-14.00","46","755","1007","","","","2.40","","SSW","Переменная облачность","2025-12-14 22:26"
"-8.80","","-14.00","46","755","1007","","","","2.40","","SSW","Переменная облачность","2025-12-14 22:27"
"-8.80","","-14.00","46","755","1007","","","","2.40","","SSW","Переменная облачность","2025-12-14 22:28"
"-8.80","","-14.00","46","755","1007","","","","2.40","","SSW","Переменная облачность","2025-12-14 22:29"
"-8.80","","-14.00","46","755","1007","","","","2.40","","SSW","Переменная облачность","2025-12-14 22:30"
"-8.80","","-14.00","46","755","1007","","","","2.40","","SSW","Переменная облачность","2025-12-14 22:31"
"-8.80","","-14.00","46","755","1007","","","","2.40","","SSW","Переменная облачность","2025-12-14 22:32"
"-8.80","","-14.00","46","755","1007","","","","2.40","","SSW","Переменная облачность","2025-12-14 22:33"
"-8.80","","-14.00","46","755","1007","","","","2.40","","SSW","Переменная облачность","2025-12-14 22:34"
"-8.80","","-14.00","46","755","1007","","","","2.40","","SSW","Переменная облачность","2025-12-14 22:35"
"-8.80","","-14.00","46","756","1008","","","","2.40","","SSW","Переменная облачность","2025-12-14 22:36"
"-8.80","","-14.00","46","756","1008","","","","2.40","","SSW","Переменная облачность","2025-12-14 22:37"
"-8.80","","-14.00","46","756","1008","","","","2.40","","SSW","Переменная облачность","2025-12-14 22:38"
"-8.80","","-14.00","46","756","1008","","","","2.40","","SSW","Переменная облачность","2025-12-14 22:39"
"-8.80","","-14.00","46","756","1008","","","","2.40","","SSW","Переменная облачность","2025-12-14 22:40"
"-8.80","","-14.00","46","756","1008","","","","2.40","","SSW","Переменная облачность","2025-12-14 22:41"
"-8.90","","-14.10","46","756","1008","","","","2.40","","SSW","Переменная облачность","2025-12-14 22:42"
"-8.90","","-14.10","46","756","1008","","","","2.40","","SSW","Переменная облачность","2025-12-14 22:43"
"-8.90","","-14.10","46","756","1008","","","","2.40","","SSW","Переменная облачность","2025-12-14 22:44"
"-8.90","","-14.10","46","756","1008","","","","2.40","","SSW","Переменная облачность","2025-12-14 22:45"
"-8.90","","-14.10","46","756","1008","","","","2.40","","SSW","Переменная облачность","2025-12-14 22:46"
"-8.80","","-14.00","46","756","1008","","","","2.40","","SSW","Переменная облачность","2025-12-14 22:47"
"-8.80","","-14.00","46","756","1008","","","","2.40","","SSW","Переменная облачность","2025-12-14 22:48"
"-8.80","","-14.00","46","756","1008","","","","2.40","","SSW","Переменная облачность","2025-12-14 22:49"
"-8.80","","-14.00","46","756","1008","","","","2.40","","SSW","Переменная облачность","2025-12-14 22:50"
"-8.80","","-14.00","46","755","1007","","","","2.40","","SSW","Переменная облачность","2025-12-14 22:51"
"-8.80","","-14.00","46","755","1007","","","","2.40","","SSW","Переменная облачность","2025-12-14 22:52"
"-8.80","","-14.00","46","755","1007","","","","2.40","","SSW","Переменная облачность","2025-12-14 22:53"
"-8.80","","-14.00","46","755","1007","","","","2.40","","SSW","Переменная облачность","2025-12-14 22:54"
"-8.80","","-14.00","46","755","1007","","","","2.40","","SSW","Переменная облачность","2025-12-14 22:55"
"-8.80","","-14.00","46","755","1007","","","","2.40","","SSW","Переменная облачность","2025-12-14 22:56"
"-8.80","","-14.00","46","755","1007","","","","2.40","","SSW","Переменная облачность","2025-12-14 22:57"
"-8.80","","-14.00","46","755","1007","","","","2.40","","SSW","Переменная облачность","2025-12-14 22:58"
"-8.80","","-14.00","46","755","1007","","","","2.40","","SSW","Переменная облачность","2025-12-14 22:59"
"-8.80","","-14.00","46","755","1007","","","","2.40","","SSW","Переменная облачность","2025-12-14 23:00"
"-8.80","","-14.00","46","755","1007","","","","2.40","","SSW","Переменная облачность","2025-12-14 23:01"
"-8.80","","-14.00","46","755","1007","","","","2.40","","SSW","Переменная облачность","2025-12-14 23:02"
"-8.80","","-14.00","46","755","1007","","","","2.40","","SSW","Переменная облачность","2025-12-14 23:03"
"-8.80","","-14.00","46","755","1007","","","","2.40","","SSW","Переменная облачность","2025-12-14 23:04"
"-8.80","","-14.00","46","755","1007","","","","2.40","","SSW","Переменная облачность","2025-12-14 23:05"
"-8.80","","-14.00","46","755","1007","","","","2.40","","SSW","Переменная облачность","2025-12-14 23:06"
"-8.80","","-14.00","46","755","1007","","","","2.40","","SSW","Переменная облачность","2025-12-14 23:07"
"-8.80","","-14.00","46","755","1007","","","","2.40","","SSW","Переменная облачность","2025-12-14 23:08"
"-8.90","","-14.10","46","755","1007","","","","2.40","","SSW","Переменная облачность","2025-12-14 23:09"
"-8.90","","-14.10","46","755","1007","","","","2.40","","SSW","Переменная облачность","2025-12-14 23:10"
"-8.90","","-14.10","46","755","1007","","","","2.40","","SSW","Переменная облачность","2025-12-14 23:11"
"-8.90","","-14.10","46","755","1007","","","","2.40","","SSW","Переменная облачность","2025-12-14 23:12"
"-8.90","","-14.10","46","755","1007","","","","2.40","","SSW","Переменная облачность","2025-12-14 23:13"
"-8.90","","-14.10","46","755","1007","","","","2.40","","SSW","Переменная облачность","2025-12-14 23:14"
"-8.90","","-14.10","46","755","1007","","","","2.40","","SSW","Переменная облачность","2025-12-14 23:15"
"-8.90","","-14.10","46","755","1007","","","","2.40","","SSW","Переменная облачность","2025-12-14 23:16"
"-8.90","","-14.10","46","755","1007","","","","2.40","","SSW","Переменная облачность","2025-12-14 23:17"
"-8.90","","-14.10","46","755","1007","","","","2.40","","SSW","Переменная облачность","2025-12-14 23:18"
"-8.90","","-14.10","46","755","1007","","","","2.40","","SSW","Переменная облачность","2025-12-14 23:19"
"-8.90","","-14.10","46","755","1007","","","","2.40","","SSW","Переменная облачность","2025-12-14 23:20"
"-8.90","","-14.10","46","755","1007","","","","2.40","","SSW","Переменная облачность","2025-12-14 23:21"
"-8.90","","-14.10","46","755","1007","","","","2.40","","SSW","Переменная облачность","2025-12-14 23:22"
"-8.90","","-14.10","46","755","1007","","","","2.40","","SSW","Переменная облачность","2025-12-14 23:23"
"-8.90","","-14.10","46","755","1007","","","","2.40","","SSW","Переменная облачность","2025-12-14 23:24"
"-8.90","","-14.10","46","755","1007","","","","2.40","","SSW","Переменная облачность","2025-12-14 23:25"
"-8.90","","-14.10","46","755","1007","","","","2.40","","SSW","Переменная облачность","2025-12-14 23:26"
"-8.90","","-14.10","46","755","1007","","","","2.40","","SSW","Переменная облачность","2025-12-14 23:27"
"-8.90","","-14.10","46","755","1007","","","","2.40","","SSW","Переменная облачность","2025-12-14 23:28"
"-8.90","","-14.10","46","755","1007","","","","2.40","","SSW","Переменная облачность","2025-12-14 23:29"
"-8.90","","-14.10","46","755","1007","","","","2.40","","SSW","Переменная облачность","2025-12-14 23:30"
"-8.90","","-14.10","46","755","1007","","","","2.40","","SSW","Переменная облачность","2025-12-14 23:31"
"-8.90","","-14.10","46","755","1007","","","","2.40","","SSW","Переменная облачность","2025-12-14 23:32"
"-9.00","","-14.20","46","755","1007","","","","2.40","","SSW","Переменная облачность","2025-12-14 23:33"
"-9.00","","-14.20","46","755","1007","","","","2.40","","SSW","Переменная облачность","2025-12-14 23:34"
"-9.00","","-14.20","46","755","1007","","","","2.40","","SSW","Переменная облачность","2025-12-14 23:35"
"-9.00","","-14.20","46","756","1008","","","","2.40","","SSW","Переменная облачность","2025-12-14 23:36"
"-9.00","","-14.20","46","756","1008","","","","2.40","","SSW","Переменная облачность","2025-12-14 23:37"
"-9.00","","-14.20","46","756","1008","","","","2.40","","SSW","Переменная облачность","2025-12-14 23:38"
"-9.00","","-14.20","46","756","1008","","","","2.40","","SSW","Переменная облачность","2025-12-14 23:39"
"-9.00","","-14.20","46","756","1008","","","","2.40","","SSW","Переменная облачность","2025-12-14 23:40"
"-9.00","","-14.20","46","756","1008","","","","2.40","","SSW","Переменная облачность","2025-12-14 23:41"
"-9.00","","-14.20","46","756","1008","","","","2.40","","SSW","Переменная облачность","2025-12-14 23:42"
"-9.00","","-14.20","46","756","1008","","","","2.40","","SSW","Переменная облачность","2025-12-14 23:43"
"-9.00","","-14.20","46","756","1008","","","","2.40","","SSW","Переменная облачность","2025-12-14 23:44"
"-9.00","","-14.20","46","756","1008","","","","2.40","","SSW","Переменная облачность","2025-12-14 23:45"
"-9.00","","-14.20","46","756","1008","","","","2.40","","SSW","Переменная облачность","2025-12-14 23:46"
"-9.00","","-14.20","46","756","1008","","","","2.40","","SSW","Переменная облачность","2025-12-14 23:47"
"-9.00","","-14.20","46","756","1008","","","","2.40","","SSW","Переменная облачность","2025-12-14 23:48"
"-9.00","","-14.20","46","756","1008","","","","2.40","","SSW","Переменная облачность","2025-12-14 23:49"
"-9.00","","-14.20","46","756","1008","","","","2.40","","SSW","Переменная облачность","2025-12-14 23:50"
"-9.00","","-14.20","46","756","1008","","","","2.40","","SSW","Переменная облачность","2025-12-14 23:51"
"-9.00","","-14.20","46","756","1008","","","","2.40","","SSW","Переменная облачность","2025-12-14 23:52"
"-9.00","","-14.20","46","756","1008","","","","2.40","","SSW","Переменная облачность","2025-12-14 23:53"
"-9.00","","-14.20","46","756","1008","","","","2.40","","SSW","Переменная облачность","2025-12-14 23:54"
"-9.00","","-14.20","46","756","1008","","","","2.40","","SSW","Переменная облачность","2025-12-14 23:55"
"-9.00","","-14.20","46","756","1008","","","","2.40","","SSW","Переменная облачность","2025-12-14 23:56"
"-9.00","","-14.20","46","756","1008","","","","2.40","","SSW","Переменная облачность","2025-12-14 23:57"
"-9.00","","-14.20","46","756","1008","","","","2.40","","SSW","Переменная облачность","2025-12-14 23:58"
"-9.00","","-14.20","46","756","1008","","","","2.40","","SSW","Переменная облачность","2025-12-14 23:59"