"Temp","Temp Water","Temp Feels Like","Humidity","Pressure Mm","Pressure Hpa","Precip Mm","Precip Type","Precip Intensity","Wind Speed Ms","Wind Gust Speed Ms","Wind Dir","Condition","Created At"
"-10.90","","-14.50","48","762","1016","","","","0.00","","S","Ясно","2026-01-02 00:00"
"-10.90","","-14.50","48","762","1016","","","","0.00","","S","Ясно","2026-01-02 00:01"
"-10.90","","-14.50","48","762","1016","","","","0.00","","S","Ясно","2026-01-02 00:02"
"-10.90","","-14.50","48","762","1016","","","","0.00","","S","Ясно","2026-01-02 00:03"
"-10.90","","-14.50","48","762","1016","","","","0.00","","S","Ясно","2026-01-02 00:04"
"-10.90","","-14.50","48","762","1016","","","","0.00","","S","Ясно","2026-01-02 00:05"
"-10.90","","-14.50","48","762","1016","","","","0.00","","S","Ясно","2026-01-02 00:06"
"-10.80","","-14.40","48","762","1017","","","","0.00","","S","Ясно","2026-01-02 00:07"
"-10.80","","-14.40","48","762","1017","","","","0.00","","S","Ясно","2026-01-02 00:08"
"-10.80","","-14.40","48","762","1017","","","","0.00","","S","Ясно","2026-01-02 00:09"
"-10.90","","-14.50","48","762","1017","","","","0.00","","S","Ясно","2026-01-02 00:10"
"-10.90","","-14.50","48","762","1017","","","","0.00","","S","Ясно","2026-01-02 00:11"
"-10.90","","-14.50","48","762","1017","","","","0.00","","S","Ясно","2026-01-02 00:12"
"-10.90","","-14.50","48","762","1017","","","","0.00","","S","Ясно","2026-01-02 00:13"
"-10.90","","-14.80","48","762","1017","","","","0.40","","S","Ясно","2026-01-02 00:14"
"-11.00","","-14.90","48","762","1017","","","","0.40","","S","Ясно","2026-01-02 00:15"
"-11.00","","-16.30","48","762","1017","","","","2.50","","S","Ясно","2026-01-02 00:16"
"-11.00","","-16.30","48","762","1017","","","","1.70","","S","Ясно","2026-01-02 00:17"
"-11.10","","-15.80","48","762","1017","","","","1.60","","S","Ясно","2026-01-02 00:18"
"-11.10","","-15.80","48","762","1017","","","","1.10","","S","Ясно","2026-01-02 00:19"
"-11.20","","-15.10","48","762","1017","","","","0.50","","S","Ясно","2026-01-02 00:20"
"-11.20","","-15.10","48","763","1018","","","","0.50","","S","Ясно","2026-01-02 00:21"
"-11.20","","-15.10","48","763","1018","","","","0.50","","S","Ясно","2026-01-02 00:22"
"-11.20","","-14.80","48","763","1018","","","","0.00","","S","Ясно","2026-01-02 00:23"
"-11.20","","-14.80","48","763","1018","","","","0.00","","S","Ясно","2026-01-02 00:24"
"-11.20","","-14.80","48","763","1018","","","","0.00","","S","Ясно","2026-01-02 00:25"
"-11.20","","-14.80","48","763","1018","","","","0.00","","S","Ясно","2026-01-02 00:26"
"-11.20","","-14.80","48","763","1018","","","","0.00","","S","Ясно","2026-01-02 00:27"
"-11.20","","-14.80","48","763","1018","","","","0.00","","S","Ясно","2026-01-02 00:28"
"-11.20","","-14.80","48","763","1018","","","","0.00","","S","Ясно","2026-01-02 00:29"
"-11.10","","-15.00","48","763","1018","","","","0.40","","S","Ясно","2026-01-02 00:30"
"-11.10","","-15.00","48","763","1018","","","","0.40","","S","Ясно","2026-01-02 00:31"
"-11.10","","-15.00","48","763","1018","","","","0.40","","S","Ясно","2026-01-02 00:32"
"-11.10","","-15.00","48","763","1018","","","","0.50","","S","Ясно","2026-01-02 00:33"
"-11.00","","-15.00","48","763","1018","","","","0.60","","S","Ясно","2026-01-02 00:34"
"-11.00","","-15.00","48","763","1018","","","","0.40","","S","Ясно","2026-01-02 00:35"
"-11.00","","-15.00","48","763","1018","","","","0.40","","S","Ясно","2026-01-02 00:36"
"-10.90","","-14.80","48","763","1018","","","","0.40","","S","Ясно","2026-01-02 00:37"
"-10.90","","-14.80","48","763","1018","","","","0.40","","S","Ясно","2026-01-02 00:38"
"-10.80","","-14.70","48","763","1018","","","","0.40","","S","Ясно","2026-01-02 00:39"
"-10.80","","-14.70","48","763","1018","","","","0.40","","S","Ясно","2026-01-02 00:40"
"-10.80","","-14.70","48","763","1018","","","","0.40","","S","Ясно","2026-01-02 00:41"
"-10.80","","-14.70","48","763","1018","","","","0.40","","S","Ясно","2026-01-02 00:42"
"-10.70","","-14.50","48","763","1018","","","","0.50","","S","Ясно","2026-01-02 00:43"
"-10.70","","-14.50","48","763","1018","","","","0.50","","S","Ясно","2026-01-02 00:44"
"-10.70","","-14.50","48","763","1018","","","","0.40","","S","Ясно","2026-01-02 00:45"
"-10.70","","-14.50","48","763","1018","","","","0.40","","S","Ясно","2026-01-02 00:46"
"-10.70","","-14.70","48","763","1018","","","","0.60","","S","Ясно","2026-01-02 00:47"
"-10.60","","-14.50","48","763","1018","","","","0.50","","S","Ясно","2026-01-02 00:48"
"-10.60","","-14.50","48","763","1018","","","","0.50","","S","Ясно","2026-01-02 00:49"
"-10.60","","-14.50","48","763","1018","","","","0.00","","S","Ясно","2026-01-02 00:50"
"-10.60","","-14.20","48","762","1017","","","","0.60","","S","Ясно","2026-01-02 00:51"
"-10.60","","-14.60","48","762","1017","","","","0.60","","S","Ясно","2026-01-02 00:52"
"-10.60","","-14.60","48","762","1017","","","","0.60","","S","Ясно","2026-01-02 00:53"
"-10.50","","-14.40","52","762","1017","","","","0.50","","S","Ясно","2026-01-02 00:54"
"-10.50","","-14.30","52","762","1017","","","","0.40","","S","Ясно","2026-01-02 00:55"
"-10.50","","-14.40","52","762","1017","","","","0.60","","S","Ясно","2026-01-02 00:56"
"-10.50","","-14.40","52","762","1017","","","","0.60","","S","Ясно","2026-01-02 00:57"
"-10.50","","-14.40","52","762","1017","","","","0.40","","S","Ясно","2026-01-02 00:58"
"-10.40","","-14.40","51","762","1017","","","","0.70","","S","Ясно","2026-01-02 00:59"
"-10.40","","-13.90","51","762","1017","","","","0.00","","S","Ясно","2026-01-02 01:00"
"-10.30","","-13.80","52","762","1017","","","","0.00","","S","Ясно","2026-01-02 01:01"
"-10.30","","-13.80","52","762","1017","","","","0.00","","S","Ясно","2026-01-02 01:02"
"-10.30","","-13.80","52","762","1017","","","","0.00","","S","Ясно","2026-01-02 01:03"
"-10.30","","-13.80","52","762","1017","","","","0.00","","S","Ясно","2026-01-02 01:04"
"-10.30","","-13.80","52","762","1017","","","","0.00","","S","Ясно","2026-01-02 01:05"
"-10.30","","-13.80","52","762","1017","","","","0.00","","S","Переменная облачность","2026-01-02 01:06"
"-10.20","","-13.70","52","763","1018","","","","0.00","","S","Переменная облачность","2026-01-02 01:07"
"-10.20","","-13.70","52","763","1018","","","","0.00","","S","Переменная облачность","2026-01-02 01:08"
"-10.10","","-13.90","52","763","1018","","","","0.40","","S","Переменная облачность","2026-01-02 01:09"
"-10.10","","-13.90","52","763","1018","","","","0.40","","S","Переменная облачность","2026-01-02 01:10"
"-10.10","","-13.60","52","763","1018","","","","0.00","","S","Переменная облачность","2026-01-02 01:11"
"-10.10","","-13.60","52","763","1018","","","","0.00","","S","Переменная облачность","2026-01-02 01:12"
"-10.00","","-13.50","52","763","1018","","","","0.00","","S","Переменная облачность","2026-01-02 01:13"
"-10.00","","-13.50","52","763","1018","","","","0.00","","S","Переменная облачность","2026-01-02 01:14"
"-10.00","","-13.50","52","763","1018","","","","0.00","","S","Переменная облачность","2026-01-02 01:15"
"-10.00","","-13.50","52","763","1018","","","","0.00","","S","Переменная облачность","2026-01-02 01:16"
"-10.00","","-13.50","52","763","1018","","","","0.00","","S","Переменная облачность","2026-01-02 01:17"
"-9.90","","-13.40","52","763","1018","","","","0.60","","S","Переменная облачность","2026-01-02 01:18"
"-9.90","","-13.80","52","763","1018","","","","0.60","","S","Переменная облачность","2026-01-02 01:19"
"-9.90","","-13.70","52","763","1018","","","","0.40","","S","Переменная облачность","2026-01-02 01:20"
"-9.90","","-13.70","52","763","1018","","","","0.40","","S","Переменная облачность","2026-01-02 01:21"
"-9.90","","-13.80","52","762","1017","","","","0.50","","S","Переменная облачность","2026-01-02 01:22"
"-9.90","","-13.80","52","762","1017","","","","0.50","","S","Переменная облачность","2026-01-02 01:23"
"-9.90","","-13.70","52","762","1017","","","","0.40","","S","Переменная облачность","2026-01-02 01:24"
"-9.90","","-13.40","52","762","1017","","","","0.00","","S","Переменная облачность","2026-01-02 01:25"
"-9.90","","-13.70","52","762","1017","","","","0.40","","S","Переменная облачность","2026-01-02 01:26"
"-9.90","","-13.70","52","762","1017","","","","0.00","","S","Переменная облачность","2026-01-02 01:27"
"-9.90","","-13.40","52","762","1017","","","","0.00","","S","Переменная облачность","2026-01-02 01:28"
"-9.90","","-13.40","52","762","1017","","","","0.00","","S","Переменная облачность","2026-01-02 01:29"
"-9.90","","-13.70","52","762","1017","","","","0.40","","S","Переменная облачность","2026-01-02 01:30"
"-9.90","","-13.70","52","762","1017","","","","0.40","","S","Переменная облачность","2026-01-02 01:31"
"-9.90","","-13.40","52","762","1017","","","","0.00","","S","Переменная облачность","2026-01-02 01:32"
"-9.90","","-13.40","52","762","1017","","","","0.00","","S","Переменная облачность","2026-01-02 01:33"
"-9.90","","-13.40","52","762","1017","","","","0.70","","S","Переменная облачность","2026-01-02 01:34"
"-9.90","","-14.20","52","762","1017","","","","1.10","","S","Переменная облачность","2026-01-02 01:35"
"-9.80","","-14.10","52","763","1018","","","","0.90","","S","Переменная облачность","2026-01-02 01:36"
"-9.80","","-13.30","52","763","1018","","","","0.00","","S","Переменная облачность","2026-01-02 01:37"
"-9.80","","-13.30","52","763","1018","","","","0.00","","S","Переменная облачность","2026-01-02 01:38"
"-9.80","","-13.30","52","763","1018","","","","0.00","","S","Переменная облачность","2026-01-02 01:39"
"-9.80","","-13.30","52","763","1018","","","","0.00","","S","Переменная облачность","2026-01-02 01:40"
"-9.80","","-13.60","52","763","1018","","","","0.40","","S","Переменная облачность","2026-01-02 01:41"
"-9.80","","-13.60","52","763","1018","","","","0.40","","S","Переменная облачность","2026-01-02 01:42"
"-9.80","","-13.60","52","763","1018","","","","0.40","","S","Переменная облачность","2026-01-02 01:43"
"-9.80","","-13.60","52","763","1018","","","","0.40","","S","Переменная облачность","2026-01-02 01:44"
"-9.80","","-13.80","52","763","1018","","","","0.70","","S","Переменная облачность","2026-01-02 01:45"
"-9.90","","-13.40","51","763","1018","","","","0.00","","S","Переменная облачность","2026-01-02 01:46"
"-9.90","","-13.40","51","763","1018","","","","0.00","","S","Переменная облачность","2026-01-02 01:47"
"-9.90","","-13.40","51","763","1018","","","","0.00","","S","Переменная облачность","2026-01-02 01:48"
"-9.90","","-13.40","51","763","1018","","","","0.50","","S","Переменная облачность","2026-01-02 01:49"
"-9.90","","-13.90","51","763","1018","","","","0.70","","S","Переменная облачность","2026-01-02 01:50"
"-9.90","","-13.90","51","762","1017","","","","0.50","","S","Переменная облачность","2026-01-02 01:51"
"-9.90","","-13.40","51","762","1017","","","","0.00","","S","Переменная облачность","2026-01-02 01:52"
"-9.90","","-13.40","51","762","1017","","","","0.00","","S","Переменная облачность","2026-01-02 01:53"
"-9.90","","-13.40","51","762","1017","","","","0.00","","S","Переменная облачность","2026-01-02 01:54"
"-9.90","","-13.40","51","762","1017","","","","0.00","","S","Переменная облачность","2026-01-02 01:55"
"-9.90","","-13.40","51","762","1017","","","","0.00","","S","Переменная облачность","2026-01-02 01:56"
"-9.90","","-13.40","51","762","1017","","","","0.00","","S","Переменная облачность","2026-01-02 01:57"
"-9.90","","-13.40","51","762","1017","","","","0.00","","S","Переменная облачность","2026-01-02 01:58"
"-9.90","","-13.40","51","762","1017","","","","0.00","","S","Переменная облачность","2026-01-02 01:59"
"-9.90","","-13.40","51","762","1017","","","","0.00","","S","Переменная облачность","2026-01-02 02:00"
"-9.90","","-13.40","51","762","1017","","","","0.00","","S","Переменная облачность","2026-01-02 02:01"
"-9.90","","-13.40","51","762","1017","","","","0.00","","S","Переменная облачность","2026-01-02 02:02"
"-9.90","","-13.70","51","762","1017","","","","0.40","","S","Переменная облачность","2026-01-02 02:03"
"-10.00","","-13.90","51","762","1017","","","","0.50","","S","Переменная облачность","2026-01-02 02:04"
"-10.00","","-13.90","51","762","1017","","","","0.40","","S","Переменная облачность","2026-01-02 02:05"
"-10.00","","-13.80","51","763","1018","","","","0.50","","S","Переменная облачность","2026-01-02 02:06"
"-10.00","","-13.90","51","763","1018","","","","0.40","","S","Переменная облачность","2026-01-02 02:07"
"-10.00","","-13.90","51","763","1018","","","","0.50","","S","Переменная облачность","2026-01-02 02:08"
"-10.00","","-13.50","51","763","1018","","","","0.00","","S","Переменная облачность","2026-01-02 02:09"
"-10.00","","-13.50","51","763","1018","","","","0.00","","S","Переменная облачность","2026-01-02 02:10"
"-10.00","","-13.50","51","763","1018","","","","0.40","","S","Переменная облачность","2026-01-02 02:11"
"-10.00","","-13.80","51","763","1018","","","","0.40","","S","Переменная облачность","2026-01-02 02:12"
"-10.00","","-13.80","51","763","1018","","","","0.00","","S","Переменная облачность","2026-01-02 02:13"
"-10.00","","-13.50","51","763","1018","","","","0.00","","S","Переменная облачность","2026-01-02 02:14"
"-10.00","","-13.50","51","763","1018","","","","0.40","","S","Переменная облачность","2026-01-02 02:15"
"-10.00","","-14.10","51","763","1018","","","","0.90","","S","Переменная облачность","2026-01-02 02:16"
"-9.90","","-14.00","51","763","1018","","","","0.90","","S","Переменная облачность","2026-01-02 02:17"
"-9.90","","-14.00","51","763","1018","","","","0.90","","S","Переменная облачность","2026-01-02 02:18"
"-9.90","","-13.80","51","763","1018","","","","0.40","","S","Переменная облачность","2026-01-02 02:19"
"-9.90","","-13.70","51","763","1018","","","","0.40","","S","Переменная облачность","2026-01-02 02:20"
"-9.90","","-13.70","51","762","1017","","","","0.90","","S","Переменная облачность","2026-01-02 02:21"
"-9.90","","-13.80","51","762","1017","","","","0.60","","S","Переменная облачность","2026-01-02 02:22"
"-9.90","","-13.80","51","762","1017","","","","0.60","","S","Переменная облачность","2026-01-02 02:23"
"-9.90","","-13.40","51","762","1017","","","","0.00","","S","Переменная облачность","2026-01-02 02:24"
"-9.90","","-13.40","51","762","1017","","","","0.60","","S","Переменная облачность","2026-01-02 02:25"
"-9.90","","-13.40","51","762","1017","","","","0.60","","S","Переменная облачность","2026-01-02 02:26"
"-9.90","","-13.40","51","762","1017","","","","0.60","","S","Переменная облачность","2026-01-02 02:27"
"-9.90","","-13.70","51","762","1017","","","","0.40","","S","Переменная облачность","2026-01-02 02:28"
"-9.90","","-13.80","51","762","1017","","","","0.60","","S","Переменная облачность","2026-01-02 02:29"
"-9.90","","-14.00","51","762","1017","","","","0.90","","S","Переменная облачность","2026-01-02 02:30"
"-9.90","","-13.70","51","762","1017","","","","0.40","","S","Переменная облачность","2026-01-02 02:31"
"-9.90","","-13.80","51","762","1017","","","","0.50","","S","Переменная облачность","2026-01-02 02:32"
"-9.90","","-13.40","51","762","1017","","","","0.00","","S","Переменная облачность","2026-01-02 02:33"
"-9.90","","-13.70","51","762","1017","","","","0.40","","S","Переменная облачность","2026-01-02 02:34"
"-9.90","","-13.40","51","762","1017","","","","0.00","","S","Переменная облачность","2026-01-02 02:35"
"-9.90","","-13.40","51","763","1018","","","","0.40","","S","Небольшая облачность","2026-01-02 02:36"
"-9.90","","-13.70","51","763","1018","","","","0.40","","S","Небольшая облачность","2026-01-02 02:37"
"-9.90","","-13.70","51","763","1018","","","","0.50","","S","Небольшая облачность","2026-01-02 02:38"
"-10.00","","-13.50","51","763","1018","","","","0.00","","S","Небольшая облачность","2026-01-02 02:39"
"-10.00","","-13.50","51","763","1018","","","","0.00","","S","Небольшая облачность","2026-01-02 02:40"
"-10.00","","-13.50","51","763","1018","","","","0.40","","S","Небольшая облачность","2026-01-02 02:41"
"-10.00","","-13.50","51","763","1018","","","","0.00","","S","Небольшая облачность","2026-01-02 02:42"
"-10.00","","-13.50","51","763","1018","","","","0.00","","S","Небольшая облачность","2026-01-02 02:43"
"-10.00","","-13.50","51","763","1018","","","","0.00","","S","Небольшая облачность","2026-01-02 02:44"
"-10.00","","-13.50","51","763","1018","","","","0.00","","S","Небольшая облачность","2026-01-02 02:45"
"-10.00","","-13.80","51","763","1018","","","","0.40","","S","Небольшая облачность","2026-01-02 02:46"
"-10.00","","-13.50","51","763","1018","","","","0.00","","S","Небольшая облачность","2026-01-02 02:47"
"-10.00","","-13.80","51","763","1018","","","","0.40","","S","Небольшая облачность","2026-01-02 02:48"
"-10.00","","-13.80","51","763","1018","","","","0.70","","S","Небольшая облачность","2026-01-02 02:49"
"-10.00","","-14.00","51","763","1018","","","","0.50","","S","Небольшая облачность","2026-01-02 02:50"
"-10.00","","-13.90","51","763","1018","","","","0.40","","S","Небольшая облачность","2026-01-02 02:51"
"-10.00","","-13.90","51","763","1018","","","","0.40","","S","Небольшая облачность","2026-01-02 02:52"
"-10.00","","-13.50","51","763","1018","","","","0.00","","S","Небольшая облачность","2026-01-02 02:53"
"-10.00","","-13.50","51","763","1018","","","","0.00","","S","Небольшая облачность","2026-01-02 02:54"
"-10.00","","-13.50","51","763","1018","","","","0.40","","S","Небольшая облачность","2026-01-02 02:55"
"-9.90","","-13.70","51","763","1018","","","","0.00","","S","Небольшая облачность","2026-01-02 02:56"
"-9.90","","-13.70","51","763","1018","","","","0.50","","S","Небольшая облачность","2026-01-02 02:57"
"-9.90","","-13.40","51","763","1018","","","","0.00","","S","Небольшая облачность","2026-01-02 02:58"
"-9.90","","-13.40","51","763","1018","","","","0.40","","S","Небольшая облачность","2026-01-02 02:59"
"-9.90","","-13.80","51","763","1018","","","","0.60","","S","Небольшая облачность","2026-01-02 03:00"
"-9.90","","-14.00","51","763","1018","","","","0.90","","S","Небольшая облачность","2026-01-02 03:01"
"-9.90","","-14.00","51","763","1018","","","","0.90","","S","Небольшая облачность","2026-01-02 03:02"
"-9.90","","-14.20","51","763","1018","","","","1.10","","S","Небольшая облачность","2026-01-02 03:03"
"-9.90","","-14.20","51","763","1018","","","","0.50","","S","Небольшая облачность","2026-01-02 03:04"
"-9.90","","-13.40","51","763","1018","","","","0.00","","S","Небольшая облачность","2026-01-02 03:05"
"-9.90","","-13.40","51","764","1019","","","","0.50","","S","Переменная облачность","2026-01-02 03:06"
"-9.90","","-13.80","51","764","1019","","","","0.50","","S","Переменная облачность","2026-01-02 03:07"
"-9.90","","-13.70","51","764","1019","","","","0.40","","S","Переменная облачность","2026-01-02 03:08"
"-9.90","","-13.70","51","764","1019","","","","0.40","","S","Переменная облачность","2026-01-02 03:09"
"-9.90","","-13.70","51","764","1019","","","","0.40","","S","Переменная облачность","2026-01-02 03:10"
"-9.90","","-13.80","51","764","1019","","","","0.50","","S","Переменная облачность","2026-01-02 03:11"
"-9.90","","-13.70","51","764","1019","","","","0.40","","S","Переменная облачность","2026-01-02 03:12"
"-9.90","","-13.70","51","764","1019","","","","0.40","","S","Переменная облачность","2026-01-02 03:13"
"-9.90","","-13.70","51","764","1019","","","","0.40","","S","Переменная облачность","2026-01-02 03:14"
"-9.90","","-13.80","51","764","1019","","","","0.50","","S","Переменная облачность","2026-01-02 03:15"
"-9.90","","-13.40","51","764","1019","","","","0.00","","S","Переменная облачность","2026-01-02 03:16"
"-9.90","","-13.40","51","764","1019","","","","0.00","","S","Переменная облачность","2026-01-02 03:17"
"-9.90","","-13.40","51","764","1019","","","","0.00","","S","Переменная облачность","2026-01-02 03:18"
"-9.90","","-13.40","51","764","1019","","","","0.00","","S","Переменная облачность","2026-01-02 03:19"
"-9.90","","-13.40","51","764","1019","","","","0.00","","S","Переменная облачность","2026-01-02 03:20"
"-9.90","","-13.40","51","764","1019","","","","0.00","","S","Переменная облачность","2026-01-02 03:21"
"-9.90","","-13.40","51","764","1019","","","","0.00","","S","Переменная облачность","2026-01-02 03:22"
"-9.90","","-13.70","51","764","1019","","","","0.40","","S","Переменная облачность","2026-01-02 03:23"
"-9.90","","-13.70","51","764","1019","","","","0.40","","S","Переменная облачность","2026-01-02 03:24"
"-9.90","","-13.80","51","764","1019","","","","0.60","","S","Переменная облачность","2026-01-02 03:25"
"-9.90","","-13.80","51","764","1019","","","","0.50","","S","Переменная облачность","2026-01-02 03:26"
"-9.90","","-13.80","51","764","1019","","","","0.40","","S","Переменная облачность","2026-01-02 03:27"
"-9.90","","-13.40","51","764","1019","","","","0.00","","S","Переменная облачность","2026-01-02 03:28"
"-9.90","","-13.40","51","764","1019","","","","0.00","","S","Переменная облачность","2026-01-02 03:29"
"-9.90","","-13.40","51","764","1019","","","","0.90","","S","Переменная облачность","2026-01-02 03:30"
"-9.90","","-13.80","51","764","1019","","","","0.60","","S","Переменная облачность","2026-01-02 03:31"
"-9.90","","-13.40","51","764","1019","","","","0.00","","S","Переменная облачность","2026-01-02 03:32"
"-9.90","","-13.40","51","764","1019","","","","0.00","","S","Переменная облачность","2026-01-02 03:33"
"-9.90","","-13.80","51","764","1019","","","","0.60","","S","Переменная облачность","2026-01-02 03:34"
"-9.90","","-13.80","51","764","1019","","","","0.60","","S","Переменная облачность","2026-01-02 03:35"
"-9.90","","-13.90","50","764","1019","","","","0.70","","S","Переменная облачность","2026-01-02 03:36"
"-9.90","","-13.90","50","764","1019","","","","0.60","","S","Переменная облачность","2026-01-02 03:37"
"-9.90","","-13.80","50","764","1019","","","","0.50","","S","Переменная облачность","2026-01-02 03:38"
"-9.90","","-13.80","50","764","1019","","","","0.50","","S","Переменная облачность","2026-01-02 03:39"
"-9.90","","-14.10","50","764","1019","","","","0.90","","S","Переменная облачность","2026-01-02 03:40"
"-9.90","","-14.30","50","764","1019","","","","1.20","","S","Переменная облачность","2026-01-02 03:41"
"-9.90","","-14.30","50","764","1019","","","","1.20","","S","Переменная облачность","2026-01-02 03:42"
"-10.00","","-14.20","50","764","1019","","","","0.60","","S","Переменная облачность","2026-01-02 03:43"
"-9.90","","-13.80","50","764","1019","","","","0.60","","S","Переменная облачность","2026-01-02 03:44"
"-9.90","","-13.80","50","764","1019","","","","0.50","","S","Переменная облачность","2026-01-02 03:45"
"-9.90","","-13.80","50","764","1019","","","","0.50","","S","Переменная облачность","2026-01-02 03:46"
"-9.90","","-13.80","50","764","1019","","","","0.90","","S","Переменная облачность","2026-01-02 03:47"
"-9.90","","-13.80","51","764","1019","","","","0.50","","S","Переменная облачность","2026-01-02 03:48"
"-9.90","","-13.80","51","764","1019","","","","1.00","","SSW","Переменная облачность","2026-01-02 03:49"
"-9.90","","-14.10","50","764","1019","","","","0.60","","SSW","Переменная облачность","2026-01-02 03:50"
"-9.90","","-13.80","50","764","1019","","","","0.50","","SSW","Переменная облачность","2026-01-02 03:51"
"-9.90","","-13.80","50","764","1019","","","","0.60","","SSW","Переменная облачность","2026-01-02 03:52"
"-9.90","","-13.80","50","764","1019","","","","0.60","","SSW","Переменная облачность","2026-01-02 03:53"
"-9.90","","-14.20","50","764","1019","","","","1.10","","SSW","Переменная облачность","2026-01-02 03:54"
"-9.90","","-14.10","50","764","1019","","","","0.90","","SSW","Переменная облачность","2026-01-02 03:55"
"-9.90","","-14.10","50","764","1019","","","","0.90","","SSW","Переменная облачность","2026-01-02 03:56"
"-9.90","","-14.10","50","764","1019","","","","0.50","","SSW","Переменная облачность","2026-01-02 03:57"
"-9.90","","-13.80","50","764","1019","","","","0.50","","SSW","Переменная облачность","2026-01-02 03:58"
"-9.90","","-13.80","50","764","1019","","","","0.50","","SSW","Переменная облачность","2026-01-02 03:59"
"-9.90","","-13.70","50","764","1019","","","","0.40","","SSW","Переменная облачность","2026-01-02 04:00"
"-9.90","","-13.40","50","764","1019","","","","0.00","","SSW","Переменная облачность","2026-01-02 04:01"
"-9.90","","-13.40","50","764","1019","","","","0.00","","SSW","Переменная облачность","2026-01-02 04:02"
"-9.90","","-13.40","50","764","1019","","","","0.00","","SSW","Переменная облачность","2026-01-02 04:03"
"-9.90","","-13.40","50","764","1019","","","","0.00","","SSW","Переменная облачность","2026-01-02 04:04"
"-9.90","","-13.40","50","764","1019","","","","0.50","","SSW","Переменная облачность","2026-01-02 04:05"
"-9.90","","-14.10","50","764","1019","","","","1.00","","SSW","Небольшая облачность","2026-01-02 04:06"
"-9.90","","-13.80","50","764","1019","","","","0.60","","SSW","Небольшая облачность","2026-01-02 04:07"
"-9.90","","-13.70","50","764","1019","","","","0.40","","SSW","Небольшая облачность","2026-01-02 04:08"
"-9.90","","-13.70","50","764","1019","","","","0.40","","SSW","Небольшая облачность","2026-01-02 04:09"
"-9.90","","-13.40","50","764","1019","","","","0.00","","SSW","Небольшая облачность","2026-01-02 04:10"
"-9.90","","-13.70","50","764","1019","","","","0.40","","SSW","Небольшая облачность","2026-01-02 04:11"
"-9.90","","-13.70","50","764","1019","","","","0.40","","SSW","Небольшая облачность","2026-01-02 04:12"
"-9.90","","-13.70","50","764","1019","","","","0.40","","SSW","Небольшая облачность","2026-01-02 04:13"
"-9.90","","-14.10","50","764","1019","","","","0.60","","SSW","Небольшая облачность","2026-01-02 04:14"
"-9.90","","-14.10","50","764","1019","","","","0.90","","SSW","Небольшая облачность","2026-01-02 04:15"
"-9.90","","-14.10","50","764","1019","","","","0.90","","SSW","Небольшая облачность","2026-01-02 04:16"
"-9.90","","-13.80","50","764","1019","","","","0.60","","SSW","Небольшая облачность","2026-01-02 04:17"
"-10.00","","-13.90","50","764","1019","","","","0.00","","SSW","Небольшая облачность","2026-01-02 04:18"
"-10.00","","-13.50","50","764","1019","","","","0.00","","SSW","Небольшая облачность","2026-01-02 04:19"
"-10.00","","-13.50","50","764","1019","","","","0.50","","SSW","Небольшая облачность","2026-01-02 04:20"
"-10.00","","-13.50","50","764","1019","","","","0.00","","SSW","Небольшая облачность","2026-01-02 04:21"
"-10.00","","-13.50","50","764","1019","","","","0.00","","SSW","Небольшая облачность","2026-01-02 04:22"
"-10.00","","-13.50","50","764","1019","","","","0.00","","SSW","Небольшая облачность","2026-01-02 04:23"
"-10.00","","-13.50","50","764","1019","","","","0.00","","SSW","Небольшая облачность","2026-01-02 04:24"
"-10.00","","-13.50","50","764","1019","","","","0.40","","SSW","Небольшая облачность","2026-01-02 04:25"
"-10.00","","-13.80","50","764","1019","","","","0.60","","SSW","Небольшая облачность","2026-01-02 04:26"
"-10.00","","-14.40","50","764","1019","","","","1.30","","SSW","Небольшая облачность","2026-01-02 04:27"
"-10.00","","-14.40","50","764","1019","","","","1.00","","SSW","Небольшая облачность","2026-01-02 04:28"
"-10.00","","-13.90","50","764","1019","","","","0.60","","SSW","Небольшая облачность","2026-01-02 04:29"
"-10.00","","-13.80","50","764","1019","","","","0.40","","SSW","Небольшая облачность","2026-01-02 04:30"
"-10.00","","-14.20","50","764","1019","","","","1.00","","SSW","Небольшая облачность","2026-01-02 04:31"
"-10.00","","-14.40","50","764","1019","","","","1.20","","SSW","Небольшая облачность","2026-01-02 04:32"
"-10.00","","-13.90","50","764","1019","","","","0.50","","SSW","Небольшая облачность","2026-01-02 04:33"
"-10.00","","-13.90","50","764","1019","","","","0.50","","SSW","Небольшая облачность","2026-01-02 04:34"
"-10.00","","-13.50","50","764","1019","","","","0.00","","SSW","Небольшая облачность","2026-01-02 04:35"
"-10.00","","-13.90","50","764","1019","","","","0.50","","SSW","Небольшая облачность","2026-01-02 04:36"
"-10.00","","-13.90","50","764","1019","","","","0.50","","SSW","Небольшая облачность","2026-01-02 04:37"
"-10.10","","-14.10","50","764","1019","","","","0.70","","SSW","Небольшая облачность","2026-01-02 04:38"
"-10.10","","-14.10","50","764","1019","","","","0.00","","SSW","Небольшая облачность","2026-01-02 04:39"
"-10.20","","-13.70","50","764","1019","","","","0.00","","SSW","Небольшая облачность","2026-01-02 04:40"
"-10.20","","-13.70","50","764","1019","","","","0.70","","SSW","Небольшая облачность","2026-01-02 04:41"
"-10.20","","-14.40","50","764","1019","","","","1.00","","SSW","Небольшая облачность","2026-01-02 04:42"
"-10.20","","-14.40","50","764","1019","","","","1.00","","SSW","Небольшая облачность","2026-01-02 04:43"
"-10.20","","-14.20","50","764","1019","","","","0.70","","SSW","Небольшая облачность","2026-01-02 04:44"
"-10.20","","-14.20","50","764","1019","","","","0.70","","SSW","Небольшая облачность","2026-01-02 04:45"
"-10.20","","-14.20","50","764","1019","","","","1.10","","SSW","Небольшая облачность","2026-01-02 04:46"
"-10.20","","-14.20","50","764","1019","","","","1.10","","SSW","Небольшая облачность","2026-01-02 04:47"
"-10.20","","-14.20","50","764","1019","","","","1.10","","SSW","Небольшая облачность","2026-01-02 04:48"
"-10.20","","-14.40","50","764","1019","","","","0.90","","SSW","Небольшая облачность","2026-01-02 04:49"
"-10.20","","-14.40","50","764","1019","","","","0.90","","SSW","Небольшая облачность","2026-01-02 04:50"
"-10.30","","-14.20","50","764","1019","","","","0.50","","SSW","Небольшая облачность","2026-01-02 04:51"
"-10.30","","-14.20","50","764","1019","","","","0.40","","SSW","Небольшая облачность","2026-01-02 04:52"
"-10.30","","-14.20","50","764","1019","","","","0.40","","SSW","Небольшая облачность","2026-01-02 04:53"
"-10.30","","-13.80","50","764","1019","","","","0.00","","S","Небольшая облачность","2026-01-02 04:54"
"-10.30","","-14.20","50","764","1019","","","","0.50","","S","Небольшая облачность","2026-01-02 04:55"
"-10.30","","-14.30","50","764","1019","","","","0.60","","S","Небольшая облачность","2026-01-02 04:56"
"-10.30","","-14.30","50","764","1019","","","","0.60","","S","Небольшая облачность","2026-01-02 04:57"
"-10.30","","-14.10","50","764","1019","","","","0.40","","S","Небольшая облачность","2026-01-02 04:58"
"-10.30","","-14.50","50","764","1019","","","","1.00","","S","Небольшая облачность","2026-01-02 04:59"
"-10.30","","-14.50","50","764","1019","","","","1.40","","S","Небольшая облачность","2026-01-02 05:00"
"-10.30","","-14.50","50","764","1019","","","","1.40","","S","Небольшая облачность","2026-01-02 05:01"
"-10.30","","-14.30","50","764","1019","","","","0.70","","S","Небольшая облачность","2026-01-02 05:02"
"-10.20","","-14.20","50","764","1019","","","","0.70","","S","Небольшая облачность","2026-01-02 05:03"
"-10.20","","-14.20","50","764","1019","","","","0.70","","S","Небольшая облачность","2026-01-02 05:04"
"-10.20","","-14.40","50","764","1019","","","","1.00","","S","Небольшая облачность","2026-01-02 05:05"
"-10.20","","-14.40","50","765","1020","","","","1.00","","S","Облачно","2026-01-02 05:06"
"-10.20","","-14.40","50","765","1020","","","","1.40","","S","Облачно","2026-01-02 05:07"
"-10.20","","-14.40","50","765","1020","","","","1.40","","S","Облачно","2026-01-02 05:08"
"-10.20","","-14.40","50","765","1020","","","","1.40","","S","Облачно","2026-01-02 05:09"
"-10.20","","-14.10","50","765","1020","","","","0.50","","S","Облачно","2026-01-02 05:10"
"-10.20","","-14.10","50","765","1020","","","","0.50","","S","Облачно","2026-01-02 05:11"
"-10.20","","-14.10","50","765","1020","","","","0.50","","S","Облачно","2026-01-02 05:12"
"-10.20","","-14.10","50","765","1020","","","","0.50","","S","Облачно","2026-01-02 05:13"
"-10.20","","-14.60","50","765","1020","","","","1.00","","S","Облачно","2026-01-02 05:14"
"-10.20","","-14.40","50","765","1020","","","","1.00","","S","Облачно","2026-01-02 05:15"
"-10.20","","-14.40","50","765","1020","","","","0.40","","S","Облачно","2026-01-02 05:16"
"-10.20","","-14.40","50","765","1020","","","","0.40","","S","Облачно","2026-01-02 05:17"
"-10.20","","-14.00","50","765","1020","","","","0.00","","S","Облачно","2026-01-02 05:18"
"-10.20","","-13.70","50","765","1020","","","","0.60","","S","Облачно","2026-01-02 05:19"
"-10.20","","-14.20","50","765","1020","","","","1.00","","S","Облачно","2026-01-02 05:20"
"-10.20","","-14.00","50","765","1020","","","","0.40","","S","Облачно","2026-01-02 05:21"
"-10.20","","-14.00","50","765","1020","","","","0.40","","S","Облачно","2026-01-02 05:22"
"-10.20","","-14.00","50","765","1020","","","","0.40","","S","Облачно","2026-01-02 05:23"
"-10.20","","-13.70","50","765","1020","","","","0.00","","S","Облачно","2026-01-02 05:24"
"-10.20","","-14.00","50","765","1020","","","","0.40","","S","Облачно","2026-01-02 05:25"
"-10.20","","-14.00","50","765","1020","","","","0.40","","S","Облачно","2026-01-02 05:26"
"-10.20","","-14.00","50","765","1020","","","","0.50","","S","Облачно","2026-01-02 05:27"
"-10.10","","-14.00","50","765","1020","","","","0.40","","S","Облачно","2026-01-02 05:28"
"-10.10","","-13.90","50","765","1020","","","","0.40","","S","Облачно","2026-01-02 05:29"
"-10.10","","-13.90","50","765","1020","","","","1.20","","S","Облачно","2026-01-02 05:30"
"-10.00","","-14.00","51","765","1020","","","","0.70","","S","Облачно","2026-01-02 05:31"
"-10.00","","-14.00","51","765","1020","","","","0.70","","S","Облачно","2026-01-02 05:32"
"-10.00","","-13.90","50","765","1020","","","","0.60","","S","Облачно","2026-01-02 05:33"
"-10.00","","-13.90","50","765","1020","","","","0.60","","S","Облачно","2026-01-02 05:34"
"-10.00","","-13.90","50","765","1020","","","","0.60","","S","Облачно","2026-01-02 05:35"
"-10.00","","-14.30","51","765","1020","","","","0.90","","S","Облачно","2026-01-02 05:36"
"-10.00","","-14.60","51","765","1020","","","","1.60","","S","Облачно","2026-01-02 05:37"
"-10.00","","-13.50","51","765","1020","","","","0.00","","S","Облачно","2026-01-02 05:38"
"-10.00","","-13.50","51","765","1020","","","","0.00","","S","Облачно","2026-01-02 05:39"
"-10.00","","-13.50","51","765","1020","","","","0.70","","S","Облачно","2026-01-02 05:40"
"-10.00","","-13.90","51","765","1020","","","","0.50","","S","Облачно","2026-01-02 05:41"
"-10.00","","-13.90","51","765","1020","","","","0.50","","S","Облачно","2026-01-02 05:42"
"-9.90","","-13.70","51","765","1020","","","","0.40","","S","Облачно","2026-01-02 05:43"
"-9.90","","-13.80","51","765","1020","","","","0.60","","S","Облачно","2026-01-02 05:44"
"-9.90","","-13.80","51","765","1020","","","","0.60","","S","Облачно","2026-01-02 05:45"
"-9.90","","-13.80","51","765","1020","","","","0.60","","S","Облачно","2026-01-02 05:46"
"-9.90","","-13.80","51","765","1020","","","","0.60","","S","Облачно","2026-01-02 05:47"
"-9.90","","-13.80","51","765","1020","","","","0.50","","S","Облачно","2026-01-02 05:48"
"-9.90","","-13.80","51","765","1020","","","","0.50","","S","Облачно","2026-01-02 05:49"
"-9.90","","-13.80","51","765","1020","","","","0.60","","S","Облачно","2026-01-02 05:50"
"-9.90","","-13.80","51","764","1019","","","","1.20","","S","Облачно","2026-01-02 05:51"
"-9.90","","-13.80","51","764","1019","","","","0.60","","S","Облачно","2026-01-02 05:52"
"-9.90","","-13.80","51","764","1019","","","","0.40","","S","Облачно","2026-01-02 05:53"
"-9.90","","-13.80","51","764","1019","","","","0.70","","S","Облачно","2026-01-02 05:54"
"-9.90","","-13.90","51","764","1019","","","","1.00","","S","Облачно","2026-01-02 05:55"
"-9.80","","-13.70","51","764","1019","","","","0.60","","S","Облачно","2026-01-02 05:56"
"-9.80","","-13.70","51","764","1019","","","","0.60","","S","Облачно","2026-01-02 05:57"
"-9.80","","-13.70","51","764","1019","","","","0.60","","S","Облачно","2026-01-02 05:58"
"-9.80","","-13.80","51","764","1019","","","","0.70","","S","Облачно","2026-01-02 05:59"
"-9.80","","-14.10","51","764","1019","","","","1.20","","S","Облачно","2026-01-02 06:00"
"-9.80","","-14.10","51","764","1019","","","","0.70","","S","Облачно","2026-01-02 06:01"
"-9.80","","-13.80","51","764","1019","","","","0.90","","S","Облачно","2026-01-02 06:02"
"-9.80","","-13.80","51","764","1019","","","","0.90","","S","Облачно","2026-01-02 06:03"
"-9.80","","-14.40","51","764","1019","","","","1.60","","S","Облачно","2026-01-02 06:04"
"-9.80","","-14.20","51","764","1019","","","","1.30","","S","Облачно","2026-01-02 06:05"
"-9.80","","-14.20","51","765","1020","","","","1.30","","S","Облачно","2026-01-02 06:06"
"-9.80","","-14.20","51","765","1020","","","","0.60","","S","Облачно","2026-01-02 06:07"
"-9.80","","-14.20","51","765","1020","","","","0.60","","S","Облачно","2026-01-02 06:08"
"-9.80","","-14.20","51","765","1020","","","","1.40","","S","Облачно","2026-01-02 06:09"
"-9.80","","-14.30","51","765","1020","","","","1.00","","S","Облачно","2026-01-02 06:10"
"-9.70","","-13.90","51","765","1020","","","","1.00","","S","Облачно","2026-01-02 06:11"
"-9.70","","-14.40","51","765","1020","","","","1.70","","S","Облачно","2026-01-02 06:12"
"-9.70","","-13.70","51","765","1020","","","","0.70","","S","Облачно","2026-01-02 06:13"
"-9.70","","-14.20","51","765","1020","","","","1.40","","S","Облачно","2026-01-02 06:14"
"-9.70","","-14.20","51","765","1020","","","","1.80","","S","Облачно","2026-01-02 06:15"
"-9.70","","-14.50","51","765","1020","","","","1.80","","S","Облачно","2026-01-02 06:16"
"-9.70","","-14.50","51","765","1020","","","","1.80","","S","Облачно","2026-01-02 06:17"
"-9.70","","-13.80","51","765","1020","","","","0.90","","S","Облачно","2026-01-02 06:18"
"-9.70","","-13.80","51","765","1020","","","","0.90","","S","Облачно","2026-01-02 06:19"
"-9.70","","-14.30","51","765","1020","","","","1.00","","S","Облачно","2026-01-02 06:20"
"-9.70","","-13.90","51","765","1020","","","","1.00","","S","Облачно","2026-01-02 06:21"
"-9.70","","-13.90","51","765","1020","","","","1.00","","S","Облачно","2026-01-02 06:22"
"-9.70","","-13.90","51","765","1020","","","","1.00","","S","Облачно","2026-01-02 06:23"
"-9.70","","-13.80","51","765","1020","","","","0.90","","S","Облачно","2026-01-02 06:24"
"-9.60","","-13.70","51","765","1020","","","","0.40","","S","Облачно","2026-01-02 06:25"
"-9.50","","-13.30","51","765","1020","","","","0.00","","S","Облачно","2026-01-02 06:26"
"-9.50","","-13.00","51","765","1020","","","","0.00","","S","Облачно","2026-01-02 06:27"
"-9.50","","-13.50","51","765","1020","","","","0.70","","S","Облачно","2026-01-02 06:28"
"-9.50","","-13.50","51","765","1020","","","","0.70","","S","Облачно","2026-01-02 06:29"
"-9.50","","-13.50","51","765","1020","","","","1.10","","S","Облачно","2026-01-02 06:30"
"-9.50","","-13.50","51","765","1020","","","","1.10","","S","Облачно","2026-01-02 06:31"
"-9.50","","-14.10","51","765","1020","","","","1.20","","S","Облачно","2026-01-02 06:32"
"-9.50","","-13.40","51","765","1020","","","","0.60","","S","Облачно","2026-01-02 06:33"
"-9.50","","-13.40","51","765","1020","","","","0.60","","S","Облачно","2026-01-02 06:34"
"-9.50","","-13.40","51","765","1020","","","","0.40","","S","Облачно","2026-01-02 06:35"
"-9.40","","-13.20","51","765","1020","","","","0.40","","S","Облачно","2026-01-02 06:36"
"-9.40","","-13.20","51","765","1020","","","","0.70","","S","Облачно","2026-01-02 06:37"
"-9.40","","-13.20","51","765","1020","","","","0.70","","S","Облачно","2026-01-02 06:38"
"-9.40","","-13.90","51","765","1020","","","","1.40","","S","Облачно","2026-01-02 06:39"
"-9.40","","-13.90","51","765","1020","","","","0.00","","S","Облачно","2026-01-02 06:40"
"-9.30","","-13.10","51","765","1020","","","","0.40","","S","Облачно","2026-01-02 06:41"
"-9.30","","-13.80","51","765","1020","","","","1.50","","S","Облачно","2026-01-02 06:42"
"-9.30","","-13.10","51","765","1020","","","","0.40","","S","Облачно","2026-01-02 06:43"
"-9.30","","-13.50","51","765","1020","","","","1.00","","S","Облачно","2026-01-02 06:44"
"-9.30","","-13.10","51","765","1020","","","","0.40","","S","Облачно","2026-01-02 06:45"
"-9.30","","-13.10","51","765","1020","","","","0.60","","S","Облачно","2026-01-02 06:46"
"-9.30","","-13.20","51","765","1020","","","","0.40","","S","Облачно","2026-01-02 06:47"
"-9.30","","-12.80","51","765","1020","","","","0.00","","S","Облачно","2026-01-02 06:48"
"-9.30","","-12.80","51","765","1020","","","","1.60","","S","Облачно","2026-01-02 06:49"
"-9.30","","-13.80","51","765","1020","","","","1.40","","S","Облачно","2026-01-02 06:50"
"-9.30","","-13.80","51","765","1020","","","","0.90","","S","Облачно","2026-01-02 06:51"
"-9.20","","-13.00","51","765","1020","","","","0.50","","S","Облачно","2026-01-02 06:52"
"-9.20","","-13.00","51","765","1020","","","","0.50","","S","Облачно","2026-01-02 06:53"
"-9.20","","-13.00","51","765","1020","","","","0.40","","S","Облачно","2026-01-02 06:54"
"-9.10","","-12.90","51","765","1020","","","","0.40","","S","Облачно","2026-01-02 06:55"
"-9.10","","-12.90","51","765","1020","","","","0.40","","S","Облачно","2026-01-02 06:56"
"-9.10","","-12.90","51","765","1020","","","","0.40","","S","Облачно","2026-01-02 06:57"
"-9.10","","-12.60","51","765","1020","","","","0.00","","S","Облачно","2026-01-02 06:58"
"-9.10","","-12.90","51","765","1020","","","","0.40","","S","Облачно","2026-01-02 06:59"
"-9.10","","-12.90","51","765","1020","","","","0.40","","S","Облачно","2026-01-02 07:00"
"-9.10","","-12.90","51","765","1020","","","","0.60","","S","Облачно","2026-01-02 07:01"
"-9.10","","-12.90","51","765","1020","","","","0.40","","S","Облачно","2026-01-02 07:02"
"-9.10","","-12.90","51","765","1020","","","","0.40","","S","Облачно","2026-01-02 07:03"
"-9.10","","-12.90","51","765","1020","","","","0.40","","S","Облачно","2026-01-02 07:04"
"-9.10","","-12.90","51","765","1020","","","","0.40","","S","Облачно","2026-01-02 07:05"
"-9.00","","-12.80","51","765","1020","","","","0.40","","S","Облачно","2026-01-02 07:06"
"-9.00","","-12.50","51","765","1020","","","","0.00","","S","Облачно","2026-01-02 07:07"
"-9.00","","-12.50","51","765","1020","","","","0.00","","S","Облачно","2026-01-02 07:08"
"-9.00","","-12.50","51","765","1020","","","","0.70","","S","Облачно","2026-01-02 07:09"
"-9.00","","-13.00","51","765","1020","","","","0.60","","S","Облачно","2026-01-02 07:10"
"-8.90","","-12.40","51","765","1020","","","","0.00","","S","Облачно","2026-01-02 07:11"
"-8.80","","-12.30","51","765","1020","","","","0.00","","S","Облачно","2026-01-02 07:12"
"-8.80","","-12.50","51","765","1020","","","","0.40","","S","Облачно","2026-01-02 07:13"
"-8.80","","-12.30","51","765","1020","","","","0.00","","S","Облачно","2026-01-02 07:14"
"-8.80","","-12.30","51","765","1020","","","","0.00","","S","Облачно","2026-01-02 07:15"
"-8.80","","-12.30","51","765","1020","","","","0.40","","S","Облачно","2026-01-02 07:16"
"-8.80","","-12.50","51","765","1020","","","","0.00","","S","Облачно","2026-01-02 07:17"
"-8.80","","-12.50","51","765","1020","","","","0.70","","S","Облачно","2026-01-02 07:18"
"-8.80","","-12.30","51","765","1020","","","","0.00","","S","Облачно","2026-01-02 07:19"
"-8.80","","-12.80","51","765","1020","","","","0.70","","S","Облачно","2026-01-02 07:20"
"-8.80","","-12.60","51","765","1020","","","","0.50","","S","Облачно","2026-01-02 07:21"
"-8.80","","-12.60","51","765","1020","","","","0.90","","S","Облачно","2026-01-02 07:22"
"-8.80","","-12.90","51","765","1020","","","","0.70","","S","Облачно","2026-01-02 07:23"
"-8.80","","-12.60","51","765","1020","","","","0.50","","S","Облачно","2026-01-02 07:24"
"-8.80","","-12.60","51","765","1020","","","","0.40","","S","Облачно","2026-01-02 07:25"
"-8.80","","-12.60","51","765","1020","","","","0.40","","S","Облачно","2026-01-02 07:26"
"-8.70","","-12.40","51","765","1020","","","","0.40","","S","Облачно","2026-01-02 07:27"
"-8.70","","-12.40","51","765","1020","","","","0.40","","S","Облачно","2026-01-02 07:28"
"-8.70","","-12.40","51","765","1020","","","","0.00","","S","Облачно","2026-01-02 07:29"
"-8.60","","-12.10","51","765","1020","","","","0.00","","S","Облачно","2026-01-02 07:30"
"-8.50","","-12.30","51","765","1020","","","","0.50","","S","Облачно","2026-01-02 07:31"
"-8.50","","-12.30","51","765","1020","","","","0.60","","S","Облачно","2026-01-02 07:32"
"-8.50","","-12.40","51","765","1020","","","","1.00","","S","Облачно","2026-01-02 07:33"
"-8.50","","-12.40","51","765","1020","","","","1.00","","S","Облачно","2026-01-02 07:34"
"-8.60","","-12.80","51","765","1020","","","","1.00","","S","Облачно","2026-01-02 07:35"
"-8.60","","-12.90","50","765","1020","","","","1.20","","S","Облачно","2026-01-02 07:36"
"-8.60","","-12.50","50","765","1020","","","","0.60","","S","Облачно","2026-01-02 07:37"
"-8.60","","-12.40","50","765","1020","","","","0.50","","S","Облачно","2026-01-02 07:38"
"-8.60","","-12.40","50","765","1020","","","","0.40","","S","Облачно","2026-01-02 07:39"
"-8.60","","-12.40","50","765","1020","","","","0.50","","S","Облачно","2026-01-02 07:40"
"-8.60","","-12.60","50","765","1020","","","","0.70","","S","Облачно","2026-01-02 07:41"
"-8.60","","-12.60","50","765","1020","","","","0.70","","S","Облачно","2026-01-02 07:42"
"-8.60","","-12.50","50","765","1020","","","","0.60","","S","Облачно","2026-01-02 07:43"
"-8.60","","-12.50","50","765","1020","","","","0.60","","S","Облачно","2026-01-02 07:44"
"-8.60","","-12.40","50","765","1020","","","","0.40","","S","Облачно","2026-01-02 07:45"
"-8.60","","-12.40","50","765","1020","","","","0.40","","S","Облачно","2026-01-02 07:46"
"-8.50","","-12.20","50","765","1020","","","","0.00","","S","Облачно","2026-01-02 07:47"
"-8.50","","-12.20","50","765","1020","","","","0.90","","S","Облачно","2026-01-02 07:48"
"-8.50","","-12.40","51","765","1020","","","","0.70","","S","Облачно","2026-01-02 07:49"
"-8.50","","-12.40","51","765","1020","","","","0.60","","S","Облачно","2026-01-02 07:50"
"-8.40","","-12.30","50","765","1020","","","","0.40","","S","Облачно","2026-01-02 07:51"
"-8.40","","-12.10","50","765","1020","","","","0.40","","S","Облачно","2026-01-02 07:52"
"-8.40","","-12.10","50","765","1020","","","","0.00","","S","Облачно","2026-01-02 07:53"
"-8.40","","-11.90","50","765","1020","","","","0.00","","S","Облачно","2026-01-02 07:54"
"-8.40","","-11.90","50","765","1020","","","","0.00","","S","Облачно","2026-01-02 07:55"
"-8.30","","-12.10","50","765","1020","","","","0.50","","S","Облачно","2026-01-02 07:56"
"-8.30","","-12.40","50","765","1020","","","","0.90","","S","Облачно","2026-01-02 07:57"
"-8.40","","-12.30","50","765","1020","","","","0.60","","S","Облачно","2026-01-02 07:58"
"-8.40","","-11.90","50","765","1020","","","","0.00","","S","Облачно","2026-01-02 07:59"
"-8.40","","-11.90","50","765","1020","","","","0.60","","S","Облачно","2026-01-02 08:00"
"-8.40","","-12.30","50","765","1020","","","","0.60","","S","Облачно","2026-01-02 08:01"
"-8.40","","-12.30","50","765","1020","","","","0.60","","S","Облачно","2026-01-02 08:02"
"-8.40","","-12.10","50","765","1020","","","","0.40","","S","Облачно","2026-01-02 08:03"
"-8.40","","-12.10","50","765","1020","","","","0.40","","S","Облачно","2026-01-02 08:04"
"-8.30","","-12.00","50","765","1020","","","","0.40","","S","Облачно","2026-01-02 08:05"
"-8.30","","-12.00","50","765","1020","","","","0.40","","S","Облачно","2026-01-02 08:06"
"-8.30","","-12.00","50","765","1020","","","","0.50","","S","Облачно","2026-01-02 08:07"
"-8.30","","-12.00","50","765","1020","","","","0.40","","S","Облачно","2026-01-02 08:08"
"-8.30","","-12.00","50","765","1020","","","","0.40","","S","Облачно","2026-01-02 08:09"
"-8.20","","-11.90","50","765","1020","","","","0.40","","S","Облачно","2026-01-02 08:10"
"-8.10","","-11.90","50","765","1020","","","","0.50","","S","Облачно","2026-01-02 08:11"
"-8.10","","-11.90","50","765","1020","","","","0.50","","S","Облачно","2026-01-02 08:12"
"-8.20","","-12.60","50","765","1020","","","","1.40","","S","Облачно","2026-01-02 08:13"
"-8.10","","-12.80","50","765","1020","","","","1.80","","S","Облачно","2026-01-02 08:14"
"-8.10","","-12.80","50","765","1020","","","","0.50","","S","Облачно","2026-01-02 08:15"
"-8.10","","-11.90","50","765","1020","","","","0.50","","S","Облачно","2026-01-02 08:16"
"-8.10","","-11.90","50","765","1020","","","","0.50","","S","Облачно","2026-01-02 08:17"
"-8.10","","-11.90","50","765","1020","","","","0.50","","S","Облачно","2026-01-02 08:18"
"-8.10","","-12.30","50","765","1020","","","","1.00","","S","Облачно","2026-01-02 08:19"
"-8.10","","-11.60","50","765","1020","","","","0.00","","S","Облачно","2026-01-02 08:20"
"-8.00","","-11.80","50","764","1019","","","","0.50","","S","Облачно","2026-01-02 08:21"
"-8.00","","-11.40","50","764","1019","","","","0.00","","S","Облачно","2026-01-02 08:22"
"-8.00","","-11.40","50","764","1019","","","","0.00","","S","Облачно","2026-01-02 08:23"
"-8.00","","-11.70","50","764","1019","","","","0.60","","S","Облачно","2026-01-02 08:24"
"-8.00","","-11.90","50","764","1019","","","","0.60","","S","Облачно","2026-01-02 08:25"
"-8.00","","-11.80","50","764","1019","","","","0.50","","S","Облачно","2026-01-02 08:26"
"-8.00","","-11.70","50","764","1019","","","","0.40","","S","Облачно","2026-01-02 08:27"
"-8.00","","-11.70","50","764","1019","","","","0.40","","S","Облачно","2026-01-02 08:28"
"-7.90","","-11.80","50","764","1019","","","","0.70","","S","Облачно","2026-01-02 08:29"
"-7.70","","-11.60","51","764","1019","","","","0.70","","S","Облачно","2026-01-02 08:30"
"-7.60","","-11.60","51","764","1019","","","","0.90","","S","Облачно","2026-01-02 08:31"
"-7.60","","-11.60","51","764","1019","","","","1.90","","S","Облачно","2026-01-02 08:32"
"-7.60","","-11.60","51","764","1019","","","","1.90","","S","Облачно","2026-01-02 08:33"
"-7.40","","-12.20","51","764","1019","","","","2.00","","S","Облачно","2026-01-02 08:34"
"-7.30","","-11.80","51","764","1019","","","","1.50","","S","Облачно","2026-01-02 08:35"
"-7.30","","-11.40","51","765","1020","","","","1.00","","S","Небольшая облачность","2026-01-02 08:36"
"-7.20","","-11.10","51","765","1020","","","","0.70","","S","Небольшая облачность","2026-01-02 08:37"
"-7.20","","-11.10","51","765","1020","","","","0.70","","S","Небольшая облачность","2026-01-02 08:38"
"-7.10","","-10.80","52","765","1020","","","","0.60","","S","Небольшая облачность","2026-01-02 08:39"
"-7.00","","-10.80","52","765","1020","","","","0.00","","S","Небольшая облачность","2026-01-02 08:40"
"-7.00","","-10.40","52","765","1020","","","","0.00","","S","Небольшая облачность","2026-01-02 08:41"
"-6.90","","-10.30","52","765","1020","","","","0.00","","S","Небольшая облачность","2026-01-02 08:42"
"-6.90","","-10.30","52","765","1020","","","","0.00","","S","Небольшая облачность","2026-01-02 08:43"
"-6.90","","-10.30","52","765","1020","","","","0.00","","S","Небольшая облачность","2026-01-02 08:44"
"-6.90","","-10.30","52","765","1020","","","","0.00","","S","Небольшая облачность","2026-01-02 08:45"
"-6.90","","-10.30","51","765","1020","","","","0.00","","S","Небольшая облачность","2026-01-02 08:46"
"-6.90","","-10.30","51","765","1020","","","","1.60","","S","Небольшая облачность","2026-01-02 08:47"
"-6.80","","-11.30","51","765","1020","","","","1.60","","S","Небольшая облачность","2026-01-02 08:48"
"-6.80","","-11.30","51","765","1020","","","","1.60","","S","Небольшая облачность","2026-01-02 08:49"
"-6.80","","-11.30","51","765","1020","","","","1.60","","S","Небольшая облачность","2026-01-02 08:50"
"-6.90","","-11.40","51","765","1020","","","","1.60","","S","Небольшая облачность","2026-01-02 08:51"
"-6.90","","-11.10","50","765","1020","","","","1.10","","S","Небольшая облачность","2026-01-02 08:52"
"-7.00","","-11.20","50","765","1020","","","","0.60","","S","Небольшая облачность","2026-01-02 08:53"
"-7.00","","-11.20","50","765","1020","","","","0.70","","S","Небольшая облачность","2026-01-02 08:54"
"-7.00","","-11.20","50","765","1020","","","","0.40","","S","Небольшая облачность","2026-01-02 08:55"
"-7.00","","-11.20","50","765","1020","","","","0.40","","S","Небольшая облачность","2026-01-02 08:56"
"-7.00","","-11.20","49","765","1020","","","","1.10","","S","Небольшая облачность","2026-01-02 08:57"
"-7.10","","-11.40","49","765","1020","","","","1.20","","S","Небольшая облачность","2026-01-02 08:58"
"-7.10","","-11.40","49","765","1020","","","","1.10","","S","Небольшая облачность","2026-01-02 08:59"
"-7.10","","-11.30","49","765","1020","","","","1.10","","S","Небольшая облачность","2026-01-02 09:00"
"-7.10","","-11.30","49","765","1020","","","","2.90","","S","Небольшая облачность","2026-01-02 09:01"
"-7.10","","-11.30","49","765","1020","","","","2.90","","S","Небольшая облачность","2026-01-02 09:02"
"-7.20","","-11.80","49","765","1020","","","","1.90","","S","Небольшая облачность","2026-01-02 09:03"
"-7.20","","-12.00","49","765","1020","","","","1.90","","S","Небольшая облачность","2026-01-02 09:04"
"-7.20","","-12.00","49","765","1020","","","","1.30","","S","Небольшая облачность","2026-01-02 09:05"
"-7.10","","-11.40","49","765","1020","","","","2.00","","S","Небольшая облачность","2026-01-02 09:06"
"-7.10","","-11.40","49","765","1020","","","","2.40","","S","Небольшая облачность","2026-01-02 09:07"
"-7.00","","-12.10","49","765","1020","","","","2.40","","S","Небольшая облачность","2026-01-02 09:08"
"-7.00","","-12.10","49","765","1020","","","","2.40","","S","Небольшая облачность","2026-01-02 09:09"
"-6.90","","-12.00","49","765","1020","","","","2.40","","S","Небольшая облачность","2026-01-02 09:10"
"-6.90","","-12.00","49","765","1020","","","","2.40","","S","Небольшая облачность","2026-01-02 09:11"
"-6.70","","-11.80","49","765","1020","","","","2.40","","S","Небольшая облачность","2026-01-02 09:12"
"-6.70","","-11.80","49","765","1020","","","","2.40","","S","Небольшая облачность","2026-01-02 09:13"
"-6.70","","-12.00","49","765","1020","","","","2.70","","S","Небольшая облачность","2026-01-02 09:14"
"-6.60","","-11.90","49","765","1020","","","","2.70","","S","Небольшая облачность","2026-01-02 09:15"
"-6.60","","-12.10","49","765","1020","","","","3.00","","S","Небольшая облачность","2026-01-02 09:16"
"-6.60","","-11.00","49","765","1020","","","","1.40","","S","Небольшая облачность","2026-01-02 09:17"
"-6.60","","-11.00","49","765","1020","","","","2.20","","S","Небольшая облачность","2026-01-02 09:18"
"-6.60","","-11.70","49","765","1020","","","","2.50","","S","Небольшая облачность","2026-01-02 09:19"
"-6.60","","-11.50","48","765","1020","","","","2.10","","S","Небольшая облачность","2026-01-02 09:20"
"-6.60","","-11.50","48","764","1019","","","","1.80","","S","Небольшая облачность","2026-01-02 09:21"
"-6.70","","-11.90","48","764","1019","","","","2.60","","S","Небольшая облачность","2026-01-02 09:22"
"-6.70","","-11.90","48","764","1019","","","","2.60","","S","Небольшая облачность","2026-01-02 09:23"
"-6.70","","-11.90","48","764","1019","","","","3.00","","S","Небольшая облачность","2026-01-02 09:24"
"-6.80","","-12.30","48","764","1019","","","","3.00","","S","Небольшая облачность","2026-01-02 09:25"
"-6.80","","-12.30","47","764","1019","","","","1.20","","S","Небольшая облачность","2026-01-02 09:26"
"-6.80","","-12.30","47","764","1019","","","","1.20","","S","Небольшая облачность","2026-01-02 09:27"
"-6.70","","-11.30","47","764","1019","","","","1.70","","S","Небольшая облачность","2026-01-02 09:28"
"-6.70","","-11.30","47","764","1019","","","","1.70","","S","Небольшая облачность","2026-01-02 09:29"
"-6.80","","-11.40","47","764","1019","","","","1.80","","S","Небольшая облачность","2026-01-02 09:30"
"-6.80","","-11.50","47","764","1019","","","","1.00","","S","Небольшая облачность","2026-01-02 09:31"
"-6.80","","-10.90","47","764","1019","","","","0.90","","S","Небольшая облачность","2026-01-02 09:32"
"-6.80","","-10.90","47","764","1019","","","","0.70","","S","Небольшая облачность","2026-01-02 09:33"
"-6.70","","-10.80","47","764","1019","","","","0.90","","S","Небольшая облачность","2026-01-02 09:34"
"-6.60","","-10.70","47","764","1019","","","","0.90","","S","Небольшая облачность","2026-01-02 09:35"
"-6.60","","-10.70","47","765","1020","","","","0.90","","S","Небольшая облачность","2026-01-02 09:36"
"-6.60","","-10.90","47","765","1020","","","","1.30","","S","Небольшая облачность","2026-01-02 09:37"
"-6.70","","-11.00","47","765","1020","","","","2.00","","S","Небольшая облачность","2026-01-02 09:38"
"-6.70","","-11.70","46","765","1020","","","","2.20","","S","Небольшая облачность","2026-01-02 09:39"
"-6.80","","-11.80","46","765","1020","","","","1.60","","S","Небольшая облачность","2026-01-02 09:40"
"-6.80","","-11.80","46","765","1020","","","","1.60","","S","Небольшая облачность","2026-01-02 09:41"
"-6.80","","-10.70","46","765","1020","","","","0.70","","S","Небольшая облачность","2026-01-02 09:42"
"-6.90","","-11.50","46","765","1020","","","","1.70","","S","Небольшая облачность","2026-01-02 09:43"
"-6.90","","-11.30","46","765","1020","","","","1.40","","S","Небольшая облачность","2026-01-02 09:44"
"-7.00","","-11.40","46","765","1020","","","","2.20","","S","Небольшая облачность","2026-01-02 09:45"
"-7.00","","-11.60","46","765","1020","","","","1.60","","S","Небольшая облачность","2026-01-02 09:46"
"-7.00","","-11.60","46","765","1020","","","","0.90","","S","Небольшая облачность","2026-01-02 09:47"
"-7.00","","-11.10","46","765","1020","","","","1.60","","S","Небольшая облачность","2026-01-02 09:48"
"-7.00","","-11.20","46","765","1020","","","","1.10","","S","Небольшая облачность","2026-01-02 09:49"
"-7.00","","-11.60","46","765","1020","","","","1.60","","S","Небольшая облачность","2026-01-02 09:50"
"-7.00","","-11.40","46","765","1020","","","","1.30","","S","Небольшая облачность","2026-01-02 09:51"
"-7.00","","-11.10","46","765","1020","","","","1.00","","S","Небольшая облачность","2026-01-02 09:52"
"-7.00","","-11.10","46","765","1020","","","","1.00","","S","Небольшая облачность","2026-01-02 09:53"
"-7.00","","-11.10","46","765","1020","","","","2.10","","S","Небольшая облачность","2026-01-02 09:54"
"-7.00","","-11.90","46","765","1020","","","","2.60","","S","Небольшая облачность","2026-01-02 09:55"
"-7.00","","-12.30","46","765","1020","","","","1.80","","S","Небольшая облачность","2026-01-02 09:56"
"-7.10","","-11.80","46","765","1020","","","","1.80","","S","Небольшая облачность","2026-01-02 09:57"
"-7.10","","-11.80","46","765","1020","","","","1.80","","S","Небольшая облачность","2026-01-02 09:58"
"-7.10","","-11.70","46","765","1020","","","","0.90","","S","Небольшая облачность","2026-01-02 09:59"
"-7.10","","-11.40","46","765","1020","","","","1.20","","S","Небольшая облачность","2026-01-02 10:00"
"-7.10","","-11.40","46","765","1020","","","","1.20","","S","Небольшая облачность","2026-01-02 10:01"
"-7.10","","-11.40","46","765","1020","","","","0.70","","S","Небольшая облачность","2026-01-02 10:02"
"-7.10","","-11.00","46","765","1020","","","","0.70","","S","Небольшая облачность","2026-01-02 10:03"
"-7.10","","-12.00","46","765","1020","","","","2.10","","S","Небольшая облачность","2026-01-02 10:04"
"-7.10","","-11.40","46","765","1020","","","","1.20","","S","Небольшая облачность","2026-01-02 10:05"
"-7.10","","-11.60","46","765","1020","","","","1.50","","S","Переменная облачность","2026-01-02 10:06"
"-7.10","","-12.00","46","765","1020","","","","2.00","","S","Переменная облачность","2026-01-02 10:07"
"-7.10","","-11.80","46","765","1020","","","","1.80","","S","Переменная облачность","2026-01-02 10:08"
"-7.10","","-11.80","46","765","1020","","","","1.90","","S","Переменная облачность","2026-01-02 10:09"
"-7.20","","-11.60","46","765","1020","","","","1.40","","S","Переменная облачность","2026-01-02 10:10"
"-7.20","","-11.60","46","765","1020","","","","1.40","","S","Переменная облачность","2026-01-02 10:11"
"-7.20","","-12.00","46","765","1020","","","","1.90","","S","Переменная облачность","2026-01-02 10:12"
"-7.20","","-12.00","46","765","1020","","","","1.90","","S","Переменная облачность","2026-01-02 10:13"
"-7.20","","-12.10","46","765","1020","","","","2.00","","S","Переменная облачность","2026-01-02 10:14"
"-7.20","","-12.10","46","765","1020","","","","1.40","","S","Переменная облачность","2026-01-02 10:15"
"-7.20","","-12.10","46","765","1020","","","","1.40","","S","Переменная облачность","2026-01-02 10:16"
"-7.20","","-11.30","46","765","1020","","","","0.90","","S","Переменная облачность","2026-01-02 10:17"
"-7.20","","-12.10","46","765","1020","","","","2.00","","S","Переменная облачность","2026-01-02 10:18"
"-7.20","","-12.10","46","765","1020","","","","2.00","","S","Переменная облачность","2026-01-02 10:19"
"-7.20","","-12.10","46","765","1020","","","","2.00","","S","Переменная облачность","2026-01-02 10:20"
"-7.20","","-12.10","46","765","1020","","","","2.00","","S","Переменная облачность","2026-01-02 10:21"
"-7.20","","-12.10","46","765","1020","","","","1.30","","S","Переменная облачность","2026-01-02 10:22"
"-7.20","","-11.10","46","765","1020","","","","0.70","","S","Переменная облачность","2026-01-02 10:23"
"-7.20","","-11.30","46","765","1020","","","","0.90","","S","Переменная облачность","2026-01-02 10:24"
"-7.20","","-11.30","46","765","1020","","","","0.90","","S","Переменная облачность","2026-01-02 10:25"
"-7.10","","-11.00","46","765","1020","","","","0.70","","S","Переменная облачность","2026-01-02 10:26"
"-7.10","","-11.00","46","765","1020","","","","0.70","","S","Переменная облачность","2026-01-02 10:27"
"-7.10","","-11.00","46","765","1020","","","","0.70","","S","Переменная облачность","2026-01-02 10:28"
"-7.10","","-11.00","46","765","1020","","","","0.60","","S","Переменная облачность","2026-01-02 10:29"
"-7.10","","-11.30","46","765","1020","","","","1.10","","S","Переменная облачность","2026-01-02 10:30"
"-7.10","","-11.30","46","765","1020","","","","1.10","","S","Переменная облачность","2026-01-02 10:31"
"-7.00","","-11.20","46","765","1020","","","","0.60","","S","Переменная облачность","2026-01-02 10:32"
"-7.00","","-11.10","46","765","1020","","","","1.00","","S","Переменная облачность","2026-01-02 10:33"
"-7.00","","-11.10","46","765","1020","","","","1.20","","S","Переменная облачность","2026-01-02 10:34"
"-7.00","","-10.90","46","765","1020","","","","0.60","","S","Переменная облачность","2026-01-02 10:35"
"-7.00","","-10.90","46","765","1020","","","","1.30","","S","Небольшая облачность","2026-01-02 10:36"
"-7.00","","-10.90","46","765","1020","","","","1.30","","S","Небольшая облачность","2026-01-02 10:37"
"-7.00","","-11.10","46","765","1020","","","","0.90","","S","Небольшая облачность","2026-01-02 10:38"
"-7.00","","-11.10","46","765","1020","","","","0.90","","S","Небольшая облачность","2026-01-02 10:39"
"-6.90","","-10.80","46","765","1020","","","","0.70","","S","Небольшая облачность","2026-01-02 10:40"
"-6.90","","-10.80","46","765","1020","","","","0.40","","S","Небольшая облачность","2026-01-02 10:41"
"-6.90","","-10.60","46","765","1020","","","","0.40","","S","Небольшая облачность","2026-01-02 10:42"
"-6.90","","-10.60","46","765","1020","","","","0.40","","S","Небольшая облачность","2026-01-02 10:43"
"-6.90","","-11.90","46","765","1020","","","","2.20","","S","Небольшая облачность","2026-01-02 10:44"
"-6.90","","-11.80","46","765","1020","","","","2.10","","S","Небольшая облачность","2026-01-02 10:45"
"-6.90","","-11.70","46","765","1020","","","","1.90","","S","Небольшая облачность","2026-01-02 10:46"
"-6.90","","-11.70","46","765","1020","","","","1.60","","S","Небольшая облачность","2026-01-02 10:47"
"-6.90","","-11.00","46","765","1020","","","","1.00","","S","Небольшая облачность","2026-01-02 10:48"
"-6.90","","-11.00","46","765","1020","","","","0.70","","S","Небольшая облачность","2026-01-02 10:49"
"-6.90","","-11.50","46","765","1020","","","","1.70","","S","Небольшая облачность","2026-01-02 10:50"
"-6.90","","-11.40","46","765","1020","","","","1.50","","S","Небольшая облачность","2026-01-02 10:51"
"-6.90","","-11.70","46","765","1020","","","","1.90","","S","Небольшая облачность","2026-01-02 10:52"
"-7.00","","-11.10","46","765","1020","","","","1.00","","S","Небольшая облачность","2026-01-02 10:53"
"-7.00","","-11.10","46","765","1020","","","","1.00","","S","Небольшая облачность","2026-01-02 10:54"
"-7.00","","-11.30","46","765","1020","","","","1.20","","S","Небольшая облачность","2026-01-02 10:55"
"-7.00","","-11.30","46","765","1020","","","","1.20","","S","Небольшая облачность","2026-01-02 10:56"
"-7.00","","-10.90","46","765","1020","","","","0.60","","S","Небольшая облачность","2026-01-02 10:57"
"-7.00","","-10.90","46","765","1020","","","","0.70","","S","Небольшая облачность","2026-01-02 10:58"
"-7.00","","-10.90","46","765","1020","","","","0.70","","S","Небольшая облачность","2026-01-02 10:59"
"-7.00","","-11.30","46","765","1020","","","","1.20","","S","Небольшая облачность","2026-01-02 11:00"
"-7.00","","-11.30","46","765","1020","","","","1.20","","S","Небольшая облачность","2026-01-02 11:01"
"-7.00","","-12.50","46","765","1020","","","","3.00","","S","Небольшая облачность","2026-01-02 11:02"
"-7.00","","-12.50","46","765","1020","","","","3.30","","S","Небольшая облачность","2026-01-02 11:03"
"-7.00","","-12.50","46","765","1020","","","","2.00","","S","Небольшая облачность","2026-01-02 11:04"
"-7.10","","-12.20","46","765","1020","","","","2.40","","S","Небольшая облачность","2026-01-02 11:05"
"-7.10","","-12.20","46","765","1020","","","","2.40","","S","Облачно","2026-01-02 11:06"
"-7.10","","-11.30","46","765","1020","","","","1.00","","S","Облачно","2026-01-02 11:07"
"-7.10","","-11.60","46","765","1020","","","","1.50","","S","Облачно","2026-01-02 11:08"
"-7.20","","-11.10","46","765","1020","","","","0.70","","S","Облачно","2026-01-02 11:09"
"-7.20","","-11.10","46","765","1020","","","","0.70","","S","Облачно","2026-01-02 11:10"
"-7.20","","-11.10","46","765","1020","","","","0.70","","S","Облачно","2026-01-02 11:11"
"-7.20","","-11.30","46","765","1020","","","","0.90","","S","Облачно","2026-01-02 11:12"
"-7.20","","-11.10","46","765","1020","","","","0.60","","S","Облачно","2026-01-02 11:13"
"-7.20","","-11.10","46","765","1020","","","","1.80","","S","Облачно","2026-01-02 11:14"
"-7.20","","-12.50","46","765","1020","","","","2.60","","S","Облачно","2026-01-02 11:15"
"-7.20","","-12.50","46","765","1020","","","","2.60","","S","Облачно","2026-01-02 11:16"
"-7.20","","-11.90","46","765","1020","","","","1.80","","S","Облачно","2026-01-02 11:17"
"-7.20","","-11.40","46","765","1020","","","","1.10","","S","Облачно","2026-01-02 11:18"
"-7.20","","-11.40","46","765","1020","","","","0.40","","S","Облачно","2026-01-02 11:19"
"-7.10","","-11.20","46","765","1020","","","","0.90","","S","Облачно","2026-01-02 11:20"
"-7.10","","-10.90","46","765","1020","","","","0.50","","S","Облачно","2026-01-02 11:21"
"-7.10","","-10.90","46","765","1020","","","","0.50","","S","Облачно","2026-01-02 11:22"
"-7.10","","-11.30","46","765","1020","","","","1.00","","S","Облачно","2026-01-02 11:23"
"-7.10","","-11.50","46","765","1020","","","","1.30","","S","Облачно","2026-01-02 11:24"
"-7.10","","-11.50","46","765","1020","","","","1.30","","S","Облачно","2026-01-02 11:25"
"-7.10","","-11.50","46","765","1020","","","","1.00","","S","Облачно","2026-01-02 11:26"
"-7.10","","-11.50","46","765","1020","","","","1.00","","S","Облачно","2026-01-02 11:27"
"-7.10","","-11.30","46","765","1020","","","","1.00","","S","Облачно","2026-01-02 11:28"
"-7.10","","-11.00","46","765","1020","","","","0.60","","S","Облачно","2026-01-02 11:29"
"-7.20","","-11.10","46","765","1020","","","","0.60","","S","Облачно","2026-01-02 11:30"
"-7.20","","-11.10","46","765","1020","","","","0.60","","S","Облачно","2026-01-02 11:31"
"-7.20","","-11.10","46","765","1020","","","","2.70","","S","Облачно","2026-01-02 11:32"
"-7.20","","-12.50","46","765","1020","","","","1.60","","S","Облачно","2026-01-02 11:33"
"-7.20","","-11.80","46","765","1020","","","","0.70","","S","Облачно","2026-01-02 11:34"
"-7.20","","-11.60","46","765","1020","","","","1.40","","S","Облачно","2026-01-02 11:35"
"-7.20","","-11.90","45","765","1020","","","","1.70","","S","Небольшая облачность","2026-01-02 11:36"
"-7.20","","-11.40","45","765","1020","","","","1.00","","S","Небольшая облачность","2026-01-02 11:37"
"-7.20","","-11.40","45","765","1020","","","","1.00","","S","Небольшая облачность","2026-01-02 11:38"
"-7.20","","-11.40","45","765","1020","","","","1.00","","S","Небольшая облачность","2026-01-02 11:39"
"-7.20","","-11.60","45","765","1020","","","","1.40","","S","Небольшая облачность","2026-01-02 11:40"
"-7.20","","-11.60","45","765","1020","","","","0.70","","S","Небольшая облачность","2026-01-02 11:41"
"-7.20","","-11.50","45","765","1020","","","","1.20","","S","Небольшая облачность","2026-01-02 11:42"
"-7.20","","-11.00","45","765","1020","","","","0.50","","S","Небольшая облачность","2026-01-02 11:43"
"-7.20","","-11.00","45","765","1020","","","","1.10","","S","Небольшая облачность","2026-01-02 11:44"
"-7.20","","-11.20","45","765","1020","","","","0.70","","S","Небольшая облачность","2026-01-02 11:45"
"-7.20","","-11.20","45","765","1020","","","","0.70","","S","Небольшая облачность","2026-01-02 11:46"
"-7.20","","-11.20","45","765","1020","","","","0.70","","S","Небольшая облачность","2026-01-02 11:47"
"-7.20","","-11.20","45","765","1020","","","","1.20","","S","Небольшая облачность","2026-01-02 11:48"
"-7.20","","-11.50","45","765","1020","","","","1.00","","S","Небольшая облачность","2026-01-02 11:49"
"-7.20","","-11.50","45","765","1020","","","","1.20","","S","Небольшая облачность","2026-01-02 11:50"
"-7.20","","-11.50","45","765","1020","","","","2.60","","S","Небольшая облачность","2026-01-02 11:51"
"-7.20","","-11.20","45","765","1020","","","","0.70","","S","Небольшая облачность","2026-01-02 11:52"
"-7.20","","-10.70","45","765","1020","","","","0.00","","S","Небольшая облачность","2026-01-02 11:53"
"-7.20","","-11.10","45","765","1020","","","","0.60","","S","Небольшая облачность","2026-01-02 11:54"
"-7.20","","-11.10","45","765","1020","","","","0.70","","S","Небольшая облачность","2026-01-02 11:55"
"-7.20","","-11.20","45","765","1020","","","","0.90","","S","Небольшая облачность","2026-01-02 11:56"
"-7.20","","-11.30","45","765","1020","","","","1.60","","S","Небольшая облачность","2026-01-02 11:57"
"-7.20","","-11.80","45","765","1020","","","","1.70","","S","Небольшая облачность","2026-01-02 11:58"
"-7.30","","-12.00","45","765","1020","","","","1.70","","S","Небольшая облачность","2026-01-02 11:59"
"-7.30","","-12.00","45","765","1020","","","","2.00","","S","Небольшая облачность","2026-01-02 12:00"
"-7.30","","-11.50","45","765","1020","","","","1.10","","S","Небольшая облачность","2026-01-02 12:01"
"-7.30","","-11.60","45","765","1020","","","","1.20","","S","Небольшая облачность","2026-01-02 12:02"
"-7.30","","-11.60","45","765","1020","","","","2.50","","S","Небольшая облачность","2026-01-02 12:03"
"-7.30","","-12.50","45","765","1020","","","","1.50","","S","Небольшая облачность","2026-01-02 12:04"
"-7.30","","-11.40","45","765","1020","","","","0.90","","S","Небольшая облачность","2026-01-02 12:05"
"-7.30","","-11.40","45","765","1020","","","","0.90","","S","Небольшая облачность","2026-01-02 12:06"
"-7.30","","-12.20","45","765","1020","","","","2.10","","S","Небольшая облачность","2026-01-02 12:07"
"-7.30","","-11.60","45","765","1020","","","","1.20","","S","Небольшая облачность","2026-01-02 12:08"
"-7.30","","-11.30","45","765","1020","","","","0.70","","S","Небольшая облачность","2026-01-02 12:09"
"-7.30","","-11.30","45","765","1020","","","","1.40","","S","Небольшая облачность","2026-01-02 12:10"
"-7.30","","-11.30","45","765","1020","","","","1.40","","S","Небольшая облачность","2026-01-02 12:11"
"-7.30","","-11.70","45","765","1020","","","","1.40","","S","Небольшая облачность","2026-01-02 12:12"
"-7.30","","-11.40","45","765","1020","","","","0.90","","S","Небольшая облачность","2026-01-02 12:13"
"-7.30","","-11.40","45","765","1020","","","","0.90","","S","Небольшая облачность","2026-01-02 12:14"
"-7.30","","-11.40","45","765","1020","","","","1.00","","S","Небольшая облачность","2026-01-02 12:15"
"-7.30","","-11.50","45","765","1020","","","","1.00","","S","Небольшая облачность","2026-01-02 12:16"
"-7.30","","-11.50","45","765","1020","","","","1.00","","S","Небольшая облачность","2026-01-02 12:17"
"-7.30","","-11.50","45","765","1020","","","","1.60","","S","Небольшая облачность","2026-01-02 12:18"
"-7.30","","-11.90","45","765","1020","","","","1.60","","S","Небольшая облачность","2026-01-02 12:19"
"-7.30","","-11.30","45","765","1020","","","","0.70","","S","Небольшая облачность","2026-01-02 12:20"
"-7.30","","-11.50","45","765","1020","","","","1.10","","S","Небольшая облачность","2026-01-02 12:21"
"-7.30","","-11.80","45","765","1020","","","","1.50","","S","Небольшая облачность","2026-01-02 12:22"
"-7.30","","-11.80","45","765","1020","","","","1.40","","S","Небольшая облачность","2026-01-02 12:23"
"-7.30","","-11.70","45","765","1020","","","","1.30","","S","Небольшая облачность","2026-01-02 12:24"
"-7.30","","-11.70","45","765","1020","","","","1.30","","S","Небольшая облачность","2026-01-02 12:25"
"-7.30","","-11.70","45","765","1020","","","","1.30","","S","Небольшая облачность","2026-01-02 12:26"
"-7.30","","-11.70","45","765","1020","","","","1.30","","S","Небольшая облачность","2026-01-02 12:27"
"-7.30","","-11.80","45","765","1020","","","","1.50","","S","Небольшая облачность","2026-01-02 12:28"
"-7.30","","-11.20","45","765","1020","","","","0.60","","S","Небольшая облачность","2026-01-02 12:29"
"-7.30","","-12.30","45","765","1020","","","","2.20","","S","Небольшая облачность","2026-01-02 12:30"
"-7.30","","-12.30","45","765","1020","","","","2.20","","S","Небольшая облачность","2026-01-02 12:31"
"-7.30","","-13.20","45","765","1020","","","","2.60","","S","Небольшая облачность","2026-01-02 12:32"
"-7.30","","-12.60","45","765","1020","","","","2.80","","S","Небольшая облачность","2026-01-02 12:33"
"-7.30","","-12.70","45","765","1020","","","","1.80","","S","Небольшая облачность","2026-01-02 12:34"
"-7.30","","-12.00","45","765","1020","","","","1.80","","S","Небольшая облачность","2026-01-02 12:35"
"-7.30","","-12.00","45","765","1020","","","","1.80","","S","Небольшая облачность","2026-01-02 12:36"
"-7.30","","-11.60","45","765","1020","","","","1.20","","S","Небольшая облачность","2026-01-02 12:37"
"-7.30","","-11.60","45","765","1020","","","","1.20","","S","Небольшая облачность","2026-01-02 12:38"
"-7.30","","-11.60","45","765","1020","","","","1.20","","S","Небольшая облачность","2026-01-02 12:39"
"-7.30","","-11.60","45","765","1020","","","","1.20","","S","Небольшая облачность","2026-01-02 12:40"
"-7.30","","-11.60","45","765","1020","","","","1.20","","S","Небольшая облачность","2026-01-02 12:41"
"-7.30","","-11.60","45","765","1020","","","","1.20","","S","Небольшая облачность","2026-01-02 12:42"
"-7.30","","-11.60","45","765","1020","","","","1.20","","S","Небольшая облачность","2026-01-02 12:43"
"-7.30","","-11.60","45","765","1020","","","","1.20","","S","Небольшая облачность","2026-01-02 12:44"
"-7.30","","-11.70","45","765","1020","","","","1.30","","S","Небольшая облачность","2026-01-02 12:45"
"-7.30","","-11.70","45","765","1020","","","","1.30","","S","Небольшая облачность","2026-01-02 12:46"
"-7.30","","-11.20","45","765","1020","","","","0.60","","S","Небольшая облачность","2026-01-02 12:47"
"-7.30","","-11.20","45","765","1020","","","","0.60","","S","Небольшая облачность","2026-01-02 12:48"
"-7.30","","-11.20","45","765","1020","","","","1.40","","S","Небольшая облачность","2026-01-02 12:49"
"-7.30","","-11.80","45","765","1020","","","","1.50","","S","Небольшая облачность","2026-01-02 12:50"
"-7.30","","-11.50","45","765","1020","","","","1.10","","S","Небольшая облачность","2026-01-02 12:51"
"-7.30","","-11.30","45","765","1020","","","","0.70","","S","Небольшая облачность","2026-01-02 12:52"
"-7.30","","-11.30","45","765","1020","","","","0.70","","S","Небольшая облачность","2026-01-02 12:53"
"-7.30","","-11.30","45","765","1020","","","","0.70","","S","Небольшая облачность","2026-01-02 12:54"
"-7.30","","-11.50","45","765","1020","","","","1.10","","S","Небольшая облачность","2026-01-02 12:55"
"-7.30","","-11.50","45","765","1020","","","","1.20","","S","Небольшая облачность","2026-01-02 12:56"
"-7.40","","-11.70","45","765","1020","","","","1.80","","S","Небольшая облачность","2026-01-02 12:57"
"-7.40","","-12.20","45","765","1020","","","","1.90","","S","Небольшая облачность","2026-01-02 12:58"
"-7.40","","-12.20","45","765","1020","","","","1.00","","S","Небольшая облачность","2026-01-02 12:59"
"-7.40","","-11.40","45","765","1020","","","","0.70","","S","Небольшая облачность","2026-01-02 13:00"
"-7.40","","-11.60","45","765","1020","","","","1.10","","S","Небольшая облачность","2026-01-02 13:01"
"-7.40","","-11.60","45","765","1020","","","","1.10","","S","Небольшая облачность","2026-01-02 13:02"
"-7.40","","-11.60","45","765","1020","","","","1.30","","S","Небольшая облачность","2026-01-02 13:03"
"-7.40","","-11.80","45","765","1020","","","","1.30","","S","Небольшая облачность","2026-01-02 13:04"
"-7.50","","-11.60","45","765","1020","","","","0.90","","S","Небольшая облачность","2026-01-02 13:05"
"-7.50","","-11.40","45","765","1020","","","","0.60","","S","Небольшая облачность","2026-01-02 13:06"
"-7.50","","-11.40","45","765","1020","","","","1.10","","S","Небольшая облачность","2026-01-02 13:07"
"-7.50","","-11.70","45","765","1020","","","","1.00","","S","Небольшая облачность","2026-01-02 13:08"
"-7.50","","-11.70","45","765","1020","","","","1.00","","S","Небольшая облачность","2026-01-02 13:09"
"-7.50","","-11.30","45","765","1020","","","","0.50","","S","Небольшая облачность","2026-01-02 13:10"
"-7.60","","-11.40","45","765","1020","","","","0.50","","S","Небольшая облачность","2026-01-02 13:11"
"-7.60","","-12.60","45","765","1020","","","","2.10","","S","Небольшая облачность","2026-01-02 13:12"
"-7.60","","-11.80","45","765","1020","","","","1.00","","S","Небольшая облачность","2026-01-02 13:13"
"-7.60","","-11.10","45","765","1020","","","","0.00","","S","Небольшая облачность","2026-01-02 13:14"
"-7.60","","-12.00","45","765","1020","","","","1.30","","S","Небольшая облачность","2026-01-02 13:15"
"-7.70","","-11.90","45","765","1020","","","","1.00","","S","Небольшая облачность","2026-01-02 13:16"
"-7.70","","-11.50","45","765","1020","","","","0.50","","S","Небольшая облачность","2026-01-02 13:17"
"-7.70","","-11.50","45","765","1020","","","","0.50","","S","Небольшая облачность","2026-01-02 13:18"
"-7.70","","-12.40","45","765","1020","","","","1.70","","S","Небольшая облачность","2026-01-02 13:19"
"-7.80","","-11.90","45","765","1020","","","","0.90","","S","Небольшая облачность","2026-01-02 13:20"
"-7.90","","-12.20","45","765","1020","","","","1.10","","S","Небольшая облачность","2026-01-02 13:21"
"-7.90","","-12.20","45","765","1020","","","","1.10","","S","Небольшая облачность","2026-01-02 13:22"
"-7.90","","-12.40","45","765","1020","","","","1.40","","S","Небольшая облачность","2026-01-02 13:23"
"-7.90","","-12.30","45","765","1020","","","","1.30","","S","Небольшая облачность","2026-01-02 13:24"
"-8.00","","-12.40","45","765","1020","","","","0.70","","S","Небольшая облачность","2026-01-02 13:25"
"-8.00","","-12.40","45","765","1020","","","","1.50","","S","Небольшая облачность","2026-01-02 13:26"
"-8.00","","-12.40","45","765","1020","","","","1.50","","S","Небольшая облачность","2026-01-02 13:27"
"-8.10","","-12.20","45","765","1020","","","","0.90","","S","Небольшая облачность","2026-01-02 13:28"
"-8.10","","-12.20","45","765","1020","","","","0.90","","S","Небольшая облачность","2026-01-02 13:29"
"-8.10","","-12.40","45","765","1020","","","","1.20","","S","Небольшая облачность","2026-01-02 13:30"
"-8.10","","-12.40","45","765","1020","","","","1.30","","S","Небольшая облачность","2026-01-02 13:31"
"-8.10","","-12.50","45","765","1020","","","","1.30","","S","Небольшая облачность","2026-01-02 13:32"
"-8.20","","-12.60","45","765","1020","","","","1.30","","S","Небольшая облачность","2026-01-02 13:33"
"-8.20","","-12.60","45","765","1020","","","","1.30","","S","Небольшая облачность","2026-01-02 13:34"
"-8.20","","-13.20","45","765","1020","","","","1.20","","S","Небольшая облачность","2026-01-02 13:35"
"-8.20","","-13.20","45","765","1020","","","","1.20","","S","Небольшая облачность","2026-01-02 13:36"
"-8.20","","-12.50","45","765","1020","","","","1.20","","S","Небольшая облачность","2026-01-02 13:37"
"-8.20","","-12.80","45","765","1020","","","","1.30","","S","Небольшая облачность","2026-01-02 13:38"
"-8.20","","-12.80","45","765","1020","","","","1.30","","S","Небольшая облачность","2026-01-02 13:39"
"-8.20","","-12.30","45","765","1020","","","","0.90","","S","Небольшая облачность","2026-01-02 13:40"
"-8.30","","-12.50","45","765","1020","","","","1.00","","S","Небольшая облачность","2026-01-02 13:41"
"-8.30","","-12.50","45","765","1020","","","","1.40","","S","Небольшая облачность","2026-01-02 13:42"
"-8.40","","-12.90","45","765","1020","","","","1.40","","S","Небольшая облачность","2026-01-02 13:43"
"-8.40","","-12.90","45","765","1020","","","","1.40","","S","Небольшая облачность","2026-01-02 13:44"
"-8.40","","-12.70","45","765","1020","","","","1.10","","S","Небольшая облачность","2026-01-02 13:45"
"-8.40","","-12.70","45","765","1020","","","","1.10","","S","Небольшая облачность","2026-01-02 13:46"
"-8.40","","-12.70","45","765","1020","","","","1.10","","S","Небольшая облачность","2026-01-02 13:47"
"-8.50","","-12.80","46","765","1020","","","","0.90","","S","Небольшая облачность","2026-01-02 13:48"
"-8.50","","-12.60","46","765","1020","","","","1.10","","S","Небольшая облачность","2026-01-02 13:49"
"-8.50","","-12.80","46","765","1020","","","","0.90","","S","Небольшая облачность","2026-01-02 13:50"
"-8.50","","-12.40","46","765","1020","","","","0.60","","S","Небольшая облачность","2026-01-02 13:51"
"-8.50","","-12.40","46","765","1020","","","","1.20","","S","Небольшая облачность","2026-01-02 13:52"
"-8.60","","-12.70","46","765","1020","","","","0.90","","S","Небольшая облачность","2026-01-02 13:53"
"-8.60","","-12.50","46","765","1020","","","","0.60","","S","Небольшая облачность","2026-01-02 13:54"
"-8.60","","-12.90","46","765","1020","","","","0.60","","S","Небольшая облачность","2026-01-02 13:55"
"-8.60","","-12.50","46","765","1020","","","","0.60","","S","Небольшая облачность","2026-01-02 13:56"
"-8.60","","-12.50","46","765","1020","","","","0.60","","S","Небольшая облачность","2026-01-02 13:57"
"-8.60","","-12.50","46","765","1020","","","","0.60","","S","Небольшая облачность","2026-01-02 13:58"
"-8.60","","-12.60","46","765","1020","","","","1.30","","S","Небольшая облачность","2026-01-02 13:59"
"-8.60","","-13.00","46","765","1020","","","","1.30","","S","Небольшая облачность","2026-01-02 14:00"
"-8.60","","-13.00","46","765","1020","","","","1.30","","S","Небольшая облачность","2026-01-02 14:01"
"-8.60","","-12.50","46","765","1020","","","","1.20","","S","Небольшая облачность","2026-01-02 14:02"
"-8.60","","-12.50","46","765","1020","","","","1.20","","S","Небольшая облачность","2026-01-02 14:03"
"-8.60","","-13.00","46","765","1020","","","","0.70","","S","Небольшая облачность","2026-01-02 14:04"
"-8.60","","-12.60","46","765","1020","","","","0.90","","S","Небольшая облачность","2026-01-02 14:05"
"-8.60","","-12.60","46","765","1020","","","","1.20","","S","Переменная облачность","2026-01-02 14:06"
"-8.70","","-13.10","46","765","1020","","","","1.20","","S","Переменная облачность","2026-01-02 14:07"
"-8.70","","-13.10","46","765","1020","","","","1.30","","S","Переменная облачность","2026-01-02 14:08"
"-8.70","","-13.10","46","765","1020","","","","1.30","","S","Переменная облачность","2026-01-02 14:09"
"-8.80","","-13.20","46","765","1020","","","","1.30","","S","Переменная облачность","2026-01-02 14:10"
"-8.80","","-13.20","46","765","1020","","","","1.30","","S","Переменная облачность","2026-01-02 14:11"
"-8.80","","-13.20","46","765","1020","","","","0.40","","S","Переменная облачность","2026-01-02 14:12"
"-8.80","","-12.80","46","765","1020","","","","0.70","","S","Переменная облачность","2026-01-02 14:13"
"-8.80","","-12.80","46","765","1020","","","","1.00","","S","Переменная облачность","2026-01-02 14:14"
"-8.80","","-13.50","46","765","1020","","","","1.70","","S","Переменная облачность","2026-01-02 14:15"
"-8.80","","-13.00","46","765","1020","","","","1.00","","S","Переменная облачность","2026-01-02 14:16"
"-8.90","","-13.70","46","765","1020","","","","1.80","","S","Переменная облачность","2026-01-02 14:17"
"-8.90","","-13.70","46","765","1020","","","","1.80","","S","Переменная облачность","2026-01-02 14:18"
"-8.90","","-13.70","46","765","1020","","","","1.80","","S","Переменная облачность","2026-01-02 14:19"
"-8.90","","-13.70","46","765","1020","","","","1.90","","S","Переменная облачность","2026-01-02 14:20"
"-8.90","","-13.70","46","765","1020","","","","1.90","","S","Переменная облачность","2026-01-02 14:21"
"-8.90","","-13.70","46","765","1020","","","","2.80","","S","Переменная облачность","2026-01-02 14:22"
"-9.00","","-13.80","46","765","1020","","","","1.80","","S","Переменная облачность","2026-01-02 14:23"
"-9.00","","-13.80","46","765","1020","","","","1.80","","S","Переменная облачность","2026-01-02 14:24"
"-9.00","","-14.60","46","765","1020","","","","2.90","","S","Переменная облачность","2026-01-02 14:25"
"-9.00","","-13.40","46","765","1020","","","","1.20","","S","Переменная облачность","2026-01-02 14:26"
"-9.00","","-13.40","46","765","1020","","","","1.20","","S","Переменная облачность","2026-01-02 14:27"
"-9.00","","-13.40","46","765","1020","","","","1.20","","S","Переменная облачность","2026-01-02 14:28"
"-9.10","","-13.50","46","765","1020","","","","2.40","","S","Переменная облачность","2026-01-02 14:29"
"-9.10","","-13.50","46","765","1020","","","","1.20","","S","Переменная облачность","2026-01-02 14:30"
"-9.10","","-14.10","46","765","1020","","","","2.10","","S","Переменная облачность","2026-01-02 14:31"
"-9.20","","-14.20","46","765","1020","","","","2.10","","S","Переменная облачность","2026-01-02 14:32"
"-9.20","","-13.80","46","765","1020","","","","1.50","","S","Переменная облачность","2026-01-02 14:33"
"-9.20","","-13.80","46","765","1020","","","","1.50","","S","Переменная облачность","2026-01-02 14:34"
"-9.30","","-13.90","46","765","1020","","","","1.80","","S","Переменная облачность","2026-01-02 14:35"
"-9.30","","-14.10","46","765","1020","","","","0.60","","S","Небольшая облачность","2026-01-02 14:36"
"-9.30","","-13.30","46","765","1020","","","","0.60","","S","Небольшая облачность","2026-01-02 14:37"
"-9.30","","-13.70","46","765","1020","","","","1.20","","S","Небольшая облачность","2026-01-02 14:38"
"-9.40","","-13.80","46","765","1020","","","","1.60","","S","Небольшая облачность","2026-01-02 14:39"
"-9.40","","-14.10","46","765","1020","","","","1.70","","S","Небольшая облачность","2026-01-02 14:40"
"-9.40","","-14.00","46","765","1020","","","","1.50","","S","Небольшая облачность","2026-01-02 14:41"
"-9.50","","-13.70","46","765","1020","","","","0.90","","S","Небольшая облачность","2026-01-02 14:42"
"-9.50","","-13.70","46","765","1020","","","","1.30","","S","Небольшая облачность","2026-01-02 14:43"
"-9.50","","-13.70","46","765","1020","","","","1.30","","S","Небольшая облачность","2026-01-02 14:44"
"-9.50","","-13.70","46","765","1020","","","","1.40","","S","Небольшая облачность","2026-01-02 14:45"
"-9.50","","-14.10","46","765","1020","","","","1.50","","S","Небольшая облачность","2026-01-02 14:46"
"-9.50","","-13.70","46","765","1020","","","","1.00","","S","Небольшая облачность","2026-01-02 14:47"
"-9.60","","-13.90","46","765","1020","","","","1.60","","S","Небольшая облачность","2026-01-02 14:48"
"-9.60","","-13.90","46","765","1020","","","","1.70","","S","Небольшая облачность","2026-01-02 14:49"
"-9.60","","-13.90","46","765","1020","","","","1.40","","S","Небольшая облачность","2026-01-02 14:50"
"-9.70","","-14.20","46","765","1020","","","","1.10","","S","Небольшая облачность","2026-01-02 14:51"
"-9.70","","-14.00","46","765","1020","","","","0.60","","S","Небольшая облачность","2026-01-02 14:52"
"-9.70","","-14.20","46","765","1020","","","","1.30","","S","Небольшая облачность","2026-01-02 14:53"
"-9.70","","-14.00","46","765","1020","","","","1.10","","S","Небольшая облачность","2026-01-02 14:54"
"-9.70","","-13.60","46","765","1020","","","","0.50","","S","Небольшая облачность","2026-01-02 14:55"
"-9.70","","-13.60","46","765","1020","","","","0.50","","S","Небольшая облачность","2026-01-02 14:56"
"-9.70","","-13.60","47","765","1020","","","","1.40","","S","Небольшая облачность","2026-01-02 14:57"
"-9.70","","-14.20","47","765","1020","","","","1.40","","S","Небольшая облачность","2026-01-02 14:58"
"-9.70","","-14.20","47","765","1020","","","","2.20","","S","Небольшая облачность","2026-01-02 14:59"
"-9.70","","-14.80","47","765","1020","","","","2.70","","S","Небольшая облачность","2026-01-02 15:00"
"-9.70","","-15.10","47","765","1020","","","","1.30","","S","Небольшая облачность","2026-01-02 15:01"
"-9.70","","-14.20","47","765","1020","","","","1.70","","S","Небольшая облачность","2026-01-02 15:02"
"-9.70","","-14.40","47","765","1020","","","","1.70","","S","Небольшая облачность","2026-01-02 15:03"
"-9.70","","-14.70","47","765","1020","","","","2.10","","S","Небольшая облачность","2026-01-02 15:04"
"-9.70","","-14.70","47","765","1020","","","","2.10","","S","Небольшая облачность","2026-01-02 15:05"
"-9.70","","-14.70","47","765","1020","","","","1.00","","S","Переменная облачность","2026-01-02 15:06"
"-9.70","","-13.90","47","765","1020","","","","1.00","","S","Переменная облачность","2026-01-02 15:07"
"-9.70","","-14.20","47","765","1020","","","","1.40","","S","Переменная облачность","2026-01-02 15:08"
"-9.70","","-13.70","47","765","1020","","","","0.70","","S","Переменная облачность","2026-01-02 15:09"
"-9.70","","-13.70","47","765","1020","","","","0.70","","S","Переменная облачность","2026-01-02 15:10"
"-9.70","","-13.70","47","765","1020","","","","0.60","","S","Переменная облачность","2026-01-02 15:11"
"-9.70","","-14.10","47","765","1020","","","","1.20","","S","Переменная облачность","2026-01-02 15:12"
"-9.80","","-14.30","47","765","1020","","","","1.30","","S","Переменная облачность","2026-01-02 15:13"
"-9.80","","-14.30","47","765","1020","","","","1.10","","S","Переменная облачность","2026-01-02 15:14"
"-9.80","","-14.10","47","765","1020","","","","0.40","","S","Переменная облачность","2026-01-02 15:15"
"-9.80","","-14.10","47","765","1020","","","","1.10","","S","Переменная облачность","2026-01-02 15:16"
"-9.80","","-14.10","47","765","1020","","","","1.50","","S","Переменная облачность","2026-01-02 15:17"
"-9.80","","-14.30","47","765","1020","","","","1.30","","S","Переменная облачность","2026-01-02 15:18"
"-9.80","","-14.30","47","765","1020","","","","1.30","","S","Переменная облачность","2026-01-02 15:19"
"-9.80","","-13.80","47","765","1020","","","","0.60","","S","Переменная облачность","2026-01-02 15:20"
"-9.80","","-13.80","47","765","1020","","","","0.70","","S","Переменная облачность","2026-01-02 15:21"
"-9.80","","-13.80","47","765","1020","","","","1.00","","S","Переменная облачность","2026-01-02 15:22"
"-9.90","","-14.70","47","765","1020","","","","1.80","","S","Переменная облачность","2026-01-02 15:23"
"-9.90","","-13.70","47","765","1020","","","","0.40","","S","Переменная облачность","2026-01-02 15:24"
"-9.90","","-13.90","47","765","1020","","","","0.60","","S","Переменная облачность","2026-01-02 15:25"
"-9.90","","-13.80","47","765","1020","","","","0.50","","S","Переменная облачность","2026-01-02 15:26"
"-9.90","","-13.80","47","765","1020","","","","0.50","","S","Переменная облачность","2026-01-02 15:27"
"-10.00","","-13.90","47","765","1020","","","","1.70","","S","Переменная облачность","2026-01-02 15:28"
"-10.00","","-14.70","47","765","1020","","","","1.70","","S","Переменная облачность","2026-01-02 15:29"
"-10.00","","-14.40","47","765","1020","","","","0.70","","S","Переменная облачность","2026-01-02 15:30"
"-10.00","","-14.00","47","765","1020","","","","0.70","","S","Переменная облачность","2026-01-02 15:31"
"-10.00","","-14.00","47","765","1020","","","","0.70","","S","Переменная облачность","2026-01-02 15:32"
"-10.00","","-14.00","47","765","1020","","","","0.70","","S","Переменная облачность","2026-01-02 15:33"
"-10.10","","-14.10","47","765","1020","","","","0.60","","S","Переменная облачность","2026-01-02 15:34"
"-10.10","","-14.10","47","765","1020","","","","1.20","","S","Переменная облачность","2026-01-02 15:35"
"-10.10","","-14.50","47","765","1020","","","","1.20","","S","Небольшая облачность","2026-01-02 15:36"
"-10.10","","-14.50","47","765","1020","","","","1.50","","S","Небольшая облачность","2026-01-02 15:37"
"-10.10","","-14.70","47","765","1020","","","","1.50","","S","Небольшая облачность","2026-01-02 15:38"
"-10.20","","-14.50","47","765","1020","","","","1.00","","S","Небольшая облачность","2026-01-02 15:39"
"-10.20","","-14.50","47","765","1020","","","","1.00","","S","Небольшая облачность","2026-01-02 15:40"
"-10.20","","-14.70","47","765","1020","","","","1.40","","S","Небольшая облачность","2026-01-02 15:41"
"-10.20","","-14.70","47","765","1020","","","","0.70","","S","Небольшая облачность","2026-01-02 15:42"
"-10.20","","-14.70","47","765","1020","","","","1.40","","S","Небольшая облачность","2026-01-02 15:43"
"-10.20","","-14.70","47","765","1020","","","","1.10","","S","Небольшая облачность","2026-01-02 15:44"
"-10.20","","-14.50","47","765","1020","","","","1.10","","S","Небольшая облачность","2026-01-02 15:45"
"-10.30","","-15.40","47","765","1020","","","","2.20","","S","Небольшая облачность","2026-01-02 15:46"
"-10.30","","-15.10","47","765","1020","","","","1.70","","S","Небольшая облачность","2026-01-02 15:47"
"-10.30","","-15.20","47","765","1020","","","","1.90","","S","Небольшая облачность","2026-01-02 15:48"
"-10.30","","-15.20","47","765","1020","","","","1.90","","S","Небольшая облачность","2026-01-02 15:49"
"-10.30","","-15.20","47","765","1020","","","","1.00","","S","Небольшая облачность","2026-01-02 15:50"
"-10.30","","-14.60","47","765","1020","","","","1.00","","S","Небольшая облачность","2026-01-02 15:51"
"-10.30","","-14.60","47","765","1020","","","","1.00","","S","Небольшая облачность","2026-01-02 15:52"
"-10.40","","-14.70","47","765","1020","","","","1.00","","S","Небольшая облачность","2026-01-02 15:53"
"-10.40","","-15.90","47","765","1020","","","","2.70","","S","Небольшая облачность","2026-01-02 15:54"
"-10.40","","-15.50","47","765","1020","","","","2.20","","S","Небольшая облачность","2026-01-02 15:55"
"-10.40","","-14.40","47","765","1020","","","","0.60","","S","Небольшая облачность","2026-01-02 15:56"
"-10.40","","-14.90","47","765","1020","","","","1.30","","S","Небольшая облачность","2026-01-02 15:57"
"-10.50","","-15.00","48","765","1020","","","","1.60","","S","Небольшая облачность","2026-01-02 15:58"
"-10.50","","-15.20","48","765","1020","","","","1.00","","S","Небольшая облачность","2026-01-02 15:59"
"-10.50","","-14.80","48","765","1020","","","","1.00","","S","Небольшая облачность","2026-01-02 16:00"
"-10.50","","-14.80","48","765","1020","","","","1.00","","S","Небольшая облачность","2026-01-02 16:01"
"-10.50","","-15.00","48","765","1020","","","","1.40","","S","Небольшая облачность","2026-01-02 16:02"
"-10.50","","-15.00","48","765","1020","","","","1.40","","S","Небольшая облачность","2026-01-02 16:03"
"-10.60","","-15.40","48","765","1020","","","","1.70","","S","Небольшая облачность","2026-01-02 16:04"
"-10.60","","-15.40","48","765","1020","","","","1.80","","S","Небольшая облачность","2026-01-02 16:05"
"-10.60","","-15.40","48","764","1019","","","","1.80","","S","Переменная облачность","2026-01-02 16:06"
"-10.60","","-15.40","48","764","1019","","","","0.70","","S","Переменная облачность","2026-01-02 16:07"
"-10.60","","-15.40","48","764","1019","","","","0.90","","S","Переменная облачность","2026-01-02 16:08"
"-10.60","","-15.40","48","764","1019","","","","0.90","","S","Переменная облачность","2026-01-02 16:09"
"-10.70","","-14.90","48","764","1019","","","","0.90","","S","Переменная облачность","2026-01-02 16:10"
"-10.70","","-14.80","48","764","1019","","","","0.70","","S","Переменная облачность","2026-01-02 16:11"
"-10.70","","-14.80","48","764","1019","","","","0.70","","S","Переменная облачность","2026-01-02 16:12"
"-10.70","","-15.00","48","764","1019","","","","1.00","","S","Переменная облачность","2026-01-02 16:13"
"-10.70","","-15.00","48","764","1019","","","","1.00","","S","Переменная облачность","2026-01-02 16:14"
"-10.70","","-15.20","48","764","1019","","","","2.80","","S","Переменная облачность","2026-01-02 16:15"
"-10.70","","-15.20","48","764","1019","","","","1.30","","S","Переменная облачность","2026-01-02 16:16"
"-10.70","","-15.00","48","764","1019","","","","1.00","","S","Переменная облачность","2026-01-02 16:17"
"-10.70","","-14.70","48","764","1019","","","","0.60","","S","Переменная облачность","2026-01-02 16:18"
"-10.70","","-14.70","48","764","1019","","","","0.60","","S","Переменная облачность","2026-01-02 16:19"
"-10.70","","-16.20","48","764","1019","","","","2.70","","S","Переменная облачность","2026-01-02 16:20"
"-10.70","","-16.20","48","765","1020","","","","1.80","","S","Переменная облачность","2026-01-02 16:21"
"-10.80","","-15.60","48","765","1020","","","","1.90","","S","Переменная облачность","2026-01-02 16:22"
"-10.80","","-15.70","48","765","1020","","","","1.00","","S","Переменная облачность","2026-01-02 16:23"
"-10.80","","-15.40","48","765","1020","","","","1.50","","S","Переменная облачность","2026-01-02 16:24"
"-10.80","","-15.00","48","765","1020","","","","0.90","","S","Переменная облачность","2026-01-02 16:25"
"-10.80","","-15.10","48","765","1020","","","","1.10","","S","Переменная облачность","2026-01-02 16:26"
"-10.80","","-15.10","48","765","1020","","","","1.10","","S","Переменная облачность","2026-01-02 16:27"
"-10.80","","-15.10","48","765","1020","","","","1.10","","S","Переменная облачность","2026-01-02 16:28"
"-10.80","","-15.10","48","765","1020","","","","1.10","","S","Переменная облачность","2026-01-02 16:29"
"-10.80","","-16.10","48","765","1020","","","","0.70","","S","Переменная облачность","2026-01-02 16:30"
"-10.90","","-15.20","48","765","1020","","","","1.10","","S","Переменная облачность","2026-01-02 16:31"
"-10.90","","-15.30","48","765","1020","","","","1.20","","S","Переменная облачность","2026-01-02 16:32"
"-10.90","","-15.30","48","765","1020","","","","1.20","","S","Переменная облачность","2026-01-02 16:33"
"-10.90","","-15.30","48","765","1020","","","","1.70","","S","Переменная облачность","2026-01-02 16:34"
"-10.90","","-15.70","48","765","1020","","","","0.90","","S","Переменная облачность","2026-01-02 16:35"
"-10.90","","-15.10","48","765","1020","","","","0.50","","S","Переменная облачность","2026-01-02 16:36"
"-10.90","","-15.10","48","765","1020","","","","1.30","","S","Переменная облачность","2026-01-02 16:37"
"-10.90","","-15.10","48","765","1020","","","","1.30","","S","Переменная облачность","2026-01-02 16:38"
"-11.00","","-15.50","48","765","1020","","","","1.30","","S","Переменная облачность","2026-01-02 16:39"
"-11.10","","-16.00","48","765","1020","","","","1.90","","S","Переменная облачность","2026-01-02 16:40"
"-11.10","","-15.50","48","765","1020","","","","1.10","","S","Переменная облачность","2026-01-02 16:41"
"-11.10","","-15.50","48","765","1020","","","","0.70","","S","Переменная облачность","2026-01-02 16:42"
"-11.10","","-15.30","48","765","1020","","","","0.90","","S","Переменная облачность","2026-01-02 16:43"
"-11.10","","-15.30","48","765","1020","","","","0.90","","S","Переменная облачность","2026-01-02 16:44"
"-11.10","","-15.30","48","765","1020","","","","1.30","","S","Переменная облачность","2026-01-02 16:45"
"-11.10","","-15.70","48","765","1020","","","","1.50","","S","Переменная облачность","2026-01-02 16:46"
"-11.10","","-15.70","48","765","1020","","","","1.50","","S","Переменная облачность","2026-01-02 16:47"
"-11.10","","-15.30","48","765","1020","","","","0.90","","S","Переменная облачность","2026-01-02 16:48"
"-11.10","","-15.50","48","765","1020","","","","1.20","","S","Переменная облачность","2026-01-02 16:49"
"-11.10","","-15.50","48","765","1020","","","","1.20","","S","Переменная облачность","2026-01-02 16:50"
"-11.10","","-15.50","48","765","1020","","","","1.70","","S","Переменная облачность","2026-01-02 16:51"
"-11.20","","-16.00","48","765","1020","","","","1.70","","S","Переменная облачность","2026-01-02 16:52"
"-11.20","","-16.00","48","765","1020","","","","1.90","","S","Переменная облачность","2026-01-02 16:53"
"-11.20","","-15.90","48","765","1020","","","","1.60","","S","Переменная облачность","2026-01-02 16:54"
"-11.20","","-15.90","48","765","1020","","","","1.60","","S","Переменная облачность","2026-01-02 16:55"
"-11.20","","-15.90","48","765","1020","","","","1.60","","S","Переменная облачность","2026-01-02 16:56"
"-11.20","","-15.70","48","765","1020","","","","1.30","","S","Переменная облачность","2026-01-02 16:57"
"-11.20","","-15.70","48","765","1020","","","","1.50","","S","Переменная облачность","2026-01-02 16:58"
"-11.20","","-16.30","48","765","1020","","","","2.10","","S","Переменная облачность","2026-01-02 16:59"
"-11.20","","-16.30","48","765","1020","","","","1.90","","S","Переменная облачность","2026-01-02 17:00"
"-11.30","","-15.90","48","765","1020","","","","1.40","","S","Переменная облачность","2026-01-02 17:01"
"-11.30","","-16.30","48","765","1020","","","","2.00","","S","Переменная облачность","2026-01-02 17:02"
"-11.30","","-16.10","48","765","1020","","","","1.70","","S","Переменная облачность","2026-01-02 17:03"
"-11.30","","-16.10","48","765","1020","","","","1.70","","S","Переменная облачность","2026-01-02 17:04"
"-11.30","","-15.70","48","765","1020","","","","1.10","","S","Переменная облачность","2026-01-02 17:05"
"-11.40","","-15.80","48","765","1020","","","","1.10","","S","Переменная облачность","2026-01-02 17:06"
"-11.40","","-15.80","48","765","1020","","","","1.10","","S","Переменная облачность","2026-01-02 17:07"
"-11.40","","-16.00","48","765","1020","","","","1.50","","S","Переменная облачность","2026-01-02 17:08"
"-11.40","","-17.50","48","765","1020","","","","3.60","","S","Переменная облачность","2026-01-02 17:09"
"-11.40","","-16.90","48","765","1020","","","","2.70","","S","Переменная облачность","2026-01-02 17:10"
"-11.40","","-16.90","48","765","1020","","","","2.70","","S","Переменная облачность","2026-01-02 17:11"
"-11.50","","-17.00","48","765","1020","","","","2.70","","S","Переменная облачность","2026-01-02 17:12"
"-11.50","","-17.00","48","765","1020","","","","2.00","","S","Переменная облачность","2026-01-02 17:13"
"-11.50","","-16.50","48","765","1020","","","","2.00","","S","Переменная облачность","2026-01-02 17:14"
"-11.50","","-16.50","48","765","1020","","","","2.00","","S","Переменная облачность","2026-01-02 17:15"
"-11.50","","-16.10","48","765","1020","","","","1.40","","S","Переменная облачность","2026-01-02 17:16"
"-11.50","","-16.50","48","765","1020","","","","2.00","","S","Переменная облачность","2026-01-02 17:17"
"-11.50","","-16.50","48","765","1020","","","","1.70","","S","Переменная облачность","2026-01-02 17:18"
"-11.50","","-15.70","48","765","1020","","","","0.90","","S","Переменная облачность","2026-01-02 17:19"
"-11.50","","-15.60","48","765","1020","","","","0.70","","S","Переменная облачность","2026-01-02 17:20"
"-11.50","","-15.60","48","765","1020","","","","0.60","","S","Переменная облачность","2026-01-02 17:21"
"-11.50","","-15.50","48","765","1020","","","","1.50","","S","Переменная облачность","2026-01-02 17:22"
"-11.50","","-15.50","48","765","1020","","","","0.60","","S","Переменная облачность","2026-01-02 17:23"
"-11.50","","-15.50","48","765","1020","","","","0.60","","S","Переменная облачность","2026-01-02 17:24"
"-11.50","","-15.80","48","765","1020","","","","1.00","","S","Переменная облачность","2026-01-02 17:25"
"-11.50","","-15.50","48","765","1020","","","","0.60","","S","Переменная облачность","2026-01-02 17:26"
"-11.50","","-15.50","48","765","1020","","","","1.00","","S","Переменная облачность","2026-01-02 17:27"
"-11.50","","-15.80","48","765","1020","","","","0.60","","S","Переменная облачность","2026-01-02 17:28"
"-11.50","","-15.80","48","765","1020","","","","0.60","","S","Переменная облачность","2026-01-02 17:29"
"-11.50","","-15.40","48","765","1020","","","","0.50","","S","Переменная облачность","2026-01-02 17:30"
"-11.50","","-15.40","48","765","1020","","","","0.00","","S","Переменная облачность","2026-01-02 17:31"
"-11.50","","-15.10","48","765","1020","","","","0.00","","S","Переменная облачность","2026-01-02 17:32"
"-11.50","","-15.10","48","765","1020","","","","0.00","","S","Переменная облачность","2026-01-02 17:33"
"-11.50","","-15.10","48","765","1020","","","","0.00","","S","Переменная облачность","2026-01-02 17:34"
"-11.50","","-15.80","48","765","1020","","","","1.00","","S","Переменная облачность","2026-01-02 17:35"
"-11.50","","-15.80","48","765","1020","","","","1.00","","S","Переменная облачность","2026-01-02 17:36"
"-11.50","","-16.00","48","764","1019","","","","1.00","","S","Переменная облачность","2026-01-02 17:37"
"-11.50","","-15.80","48","764","1019","","","","1.20","","S","Переменная облачность","2026-01-02 17:38"
"-11.50","","-15.60","48","764","1019","","","","0.70","","S","Переменная облачность","2026-01-02 17:39"
"-11.60","","-15.50","48","764","1019","","","","0.50","","S","Переменная облачность","2026-01-02 17:40"
"-11.60","","-15.50","48","764","1019","","","","0.50","","S","Переменная облачность","2026-01-02 17:41"
"-11.50","","-15.10","48","764","1019","","","","0.00","","S","Переменная облачность","2026-01-02 17:42"
"-11.50","","-15.10","48","764","1019","","","","0.50","","S","Переменная облачность","2026-01-02 17:43"
"-11.60","","-15.50","48","764","1019","","","","0.50","","S","Переменная облачность","2026-01-02 17:44"
"-11.60","","-15.50","48","764","1019","","","","1.10","","S","Переменная облачность","2026-01-02 17:45"
"-11.60","","-16.00","48","764","1019","","","","1.20","","S","Переменная облачность","2026-01-02 17:46"
"-11.60","","-16.00","48","764","1019","","","","1.20","","S","Переменная облачность","2026-01-02 17:47"
"-11.60","","-16.00","48","764","1019","","","","1.20","","S","Переменная облачность","2026-01-02 17:48"
"-11.60","","-15.80","48","764","1019","","","","0.90","","S","Переменная облачность","2026-01-02 17:49"
"-11.60","","-15.80","48","764","1019","","","","1.10","","S","Переменная облачность","2026-01-02 17:50"
"-11.60","","-16.00","48","764","1019","","","","0.90","","S","Переменная облачность","2026-01-02 17:51"
"-11.60","","-16.00","48","764","1019","","","","0.90","","S","Переменная облачность","2026-01-02 17:52"
"-11.70","","-15.70","48","764","1019","","","","0.90","","S","Переменная облачность","2026-01-02 17:53"
"-11.70","","-15.70","48","764","1019","","","","0.60","","S","Переменная облачность","2026-01-02 17:54"
"-11.70","","-15.70","48","764","1019","","","","0.60","","S","Переменная облачность","2026-01-02 17:55"
"-11.60","","-15.60","48","764","1019","","","","0.60","","S","Переменная облачность","2026-01-02 17:56"
"-11.60","","-15.60","48","764","1019","","","","0.60","","S","Переменная облачность","2026-01-02 17:57"
"-11.60","","-15.50","48","764","1019","","","","0.50","","S","Переменная облачность","2026-01-02 17:58"
"-11.50","","-15.40","48","764","1019","","","","0.50","","S","Переменная облачность","2026-01-02 17:59"
"-11.50","","-15.40","48","764","1019","","","","1.10","","S","Переменная облачность","2026-01-02 18:00"
"-11.50","","-15.90","48","764","1019","","","","1.10","","S","Переменная облачность","2026-01-02 18:01"
"-11.50","","-15.90","48","764","1019","","","","1.10","","S","Переменная облачность","2026-01-02 18:02"
"-11.50","","-15.80","48","764","1019","","","","1.00","","S","Переменная облачность","2026-01-02 18:03"
"-11.40","","-15.40","48","764","1019","","","","0.60","","S","Переменная облачность","2026-01-02 18:04"
"-11.40","","-15.30","48","764","1019","","","","0.50","","S","Переменная облачность","2026-01-02 18:05"
"-11.40","","-15.30","48","764","1019","","","","0.50","","S","Переменная облачность","2026-01-02 18:06"
"-11.40","","-15.30","48","764","1019","","","","1.00","","S","Переменная облачность","2026-01-02 18:07"
"-11.40","","-15.30","48","764","1019","","","","1.00","","S","Переменная облачность","2026-01-02 18:08"
"-11.40","","-15.40","48","764","1019","","","","0.50","","S","Переменная облачность","2026-01-02 18:09"
"-11.40","","-15.30","48","764","1019","","","","0.40","","S","Переменная облачность","2026-01-02 18:10"
"-11.40","","-15.30","48","764","1019","","","","0.40","","S","Переменная облачность","2026-01-02 18:11"
"-11.40","","-15.30","48","764","1019","","","","0.60","","S","Переменная облачность","2026-01-02 18:12"
"-11.40","","-15.30","48","764","1019","","","","0.60","","S","Переменная облачность","2026-01-02 18:13"
"-11.40","","-15.30","48","764","1019","","","","0.40","","S","Переменная облачность","2026-01-02 18:14"
"-11.40","","-15.30","48","764","1019","","","","0.40","","S","Переменная облачность","2026-01-02 18:15"
"-11.30","","-15.20","48","764","1019","","","","1.10","","S","Переменная облачность","2026-01-02 18:16"
"-11.30","","-15.40","48","764","1019","","","","0.70","","S","Переменная облачность","2026-01-02 18:17"
"-11.30","","-15.20","48","764","1019","","","","0.50","","S","Переменная облачность","2026-01-02 18:18"
"-11.40","","-15.30","48","764","1019","","","","0.50","","S","Переменная облачность","2026-01-02 18:19"
"-11.40","","-15.30","48","764","1019","","","","0.70","","S","Переменная облачность","2026-01-02 18:20"
"-11.40","","-15.50","48","764","1019","","","","0.70","","S","Переменная облачность","2026-01-02 18:21"
"-11.40","","-15.30","48","764","1019","","","","0.40","","S","Переменная облачность","2026-01-02 18:22"
"-11.40","","-15.30","48","764","1019","","","","1.30","","S","Переменная облачность","2026-01-02 18:23"
"-11.40","","-15.40","48","764","1019","","","","0.60","","S","Переменная облачность","2026-01-02 18:24"
"-11.40","","-15.30","48","764","1019","","","","0.50","","S","Переменная облачность","2026-01-02 18:25"
"-11.50","","-15.90","48","764","1019","","","","1.10","","S","Переменная облачность","2026-01-02 18:26"
"-11.50","","-15.70","48","764","1019","","","","0.90","","S","Переменная облачность","2026-01-02 18:27"
"-11.50","","-15.70","48","764","1019","","","","0.90","","S","Переменная облачность","2026-01-02 18:28"
"-11.50","","-16.30","48","764","1019","","","","1.70","","S","Переменная облачность","2026-01-02 18:29"
"-11.50","","-16.30","48","764","1019","","","","0.90","","S","Переменная облачность","2026-01-02 18:30"
"-11.40","","-15.60","48","764","1019","","","","0.90","","S","Переменная облачность","2026-01-02 18:31"
"-11.40","","-15.60","48","764","1019","","","","0.90","","S","Переменная облачность","2026-01-02 18:32"
"-11.40","","-15.60","48","764","1019","","","","0.90","","S","Переменная облачность","2026-01-02 18:33"
"-11.40","","-15.60","48","764","1019","","","","1.20","","S","Переменная облачность","2026-01-02 18:34"
"-11.40","","-15.60","48","764","1019","","","","1.00","","S","Переменная облачность","2026-01-02 18:35"
"-11.50","","-15.90","48","764","1019","","","","1.20","","S","Переменная облачность","2026-01-02 18:36"
"-11.50","","-15.90","48","764","1019","","","","0.40","","S","Переменная облачность","2026-01-02 18:37"
"-11.50","","-15.90","48","764","1019","","","","0.40","","S","Переменная облачность","2026-01-02 18:38"
"-11.40","","-15.30","48","764","1019","","","","0.50","","S","Переменная облачность","2026-01-02 18:39"
"-11.40","","-15.40","48","764","1019","","","","0.60","","S","Переменная облачность","2026-01-02 18:40"
"-11.40","","-15.50","48","764","1019","","","","0.70","","S","Переменная облачность","2026-01-02 18:41"
"-11.40","","-15.50","48","764","1019","","","","0.70","","S","Переменная облачность","2026-01-02 18:42"
"-11.40","","-16.10","48","764","1019","","","","1.60","","S","Переменная облачность","2026-01-02 18:43"
"-11.40","","-16.10","48","764","1019","","","","1.00","","S","Переменная облачность","2026-01-02 18:44"
"-11.40","","-15.70","48","764","1019","","","","1.00","","S","Переменная облачность","2026-01-02 18:45"
"-11.40","","-15.70","48","764","1019","","","","1.00","","S","Переменная облачность","2026-01-02 18:46"
"-11.40","","-15.30","48","764","1019","","","","0.40","","S","Переменная облачность","2026-01-02 18:47"
"-11.40","","-15.40","48","764","1019","","","","0.60","","S","Переменная облачность","2026-01-02 18:48"
"-11.30","","-15.20","48","764","1019","","","","0.50","","S","Переменная облачность","2026-01-02 18:49"
"-11.30","","-15.40","48","764","1019","","","","0.70","","S","Переменная облачность","2026-01-02 18:50"
"-11.30","","-15.40","48","764","1019","","","","0.70","","S","Переменная облачность","2026-01-02 18:51"
"-11.30","","-15.60","48","764","1019","","","","1.00","","S","Переменная облачность","2026-01-02 18:52"
"-11.30","","-15.60","48","764","1019","","","","1.00","","S","Переменная облачность","2026-01-02 18:53"
"-11.30","","-15.50","48","764","1019","","","","0.90","","S","Переменная облачность","2026-01-02 18:54"
"-11.30","","-15.50","48","764","1019","","","","0.90","","S","Переменная облачность","2026-01-02 18:55"
"-11.30","","-15.40","48","764","1019","","","","0.70","","S","Переменная облачность","2026-01-02 18:56"
"-11.30","","-15.40","48","764","1019","","","","0.50","","S","Переменная облачность","2026-01-02 18:57"
"-11.20","","-15.10","48","764","1019","","","","0.40","","S","Переменная облачность","2026-01-02 18:58"
"-11.20","","-15.10","48","764","1019","","","","0.40","","S","Переменная облачность","2026-01-02 18:59"
"-11.20","","-15.20","48","764","1019","","","","1.30","","S","Переменная облачность","2026-01-02 19:00"
"-11.20","","-15.70","48","764","1019","","","","1.30","","S","Переменная облачность","2026-01-02 19:01"
"-11.20","","-15.50","48","764","1019","","","","1.00","","S","Переменная облачность","2026-01-02 19:02"
"-11.20","","-15.50","48","764","1019","","","","1.00","","S","Переменная облачность","2026-01-02 19:03"
"-11.10","","-15.10","48","764","1019","","","","0.60","","S","Переменная облачность","2026-01-02 19:04"
"-11.10","","-15.10","48","764","1019","","","","0.60","","S","Переменная облачность","2026-01-02 19:05"
"-11.10","","-15.10","48","764","1019","","","","0.50","","S","Переменная облачность","2026-01-02 19:06"
"-11.10","","-15.10","48","764","1019","","","","0.50","","S","Переменная облачность","2026-01-02 19:07"
"-11.10","","-15.90","48","764","1019","","","","1.70","","S","Переменная облачность","2026-01-02 19:08"
"-11.10","","-15.90","48","764","1019","","","","1.70","","S","Переменная облачность","2026-01-02 19:09"
"-11.10","","-15.70","48","764","1019","","","","1.40","","S","Переменная облачность","2026-01-02 19:10"
"-11.10","","-15.50","48","764","1019","","","","1.10","","S","Переменная облачность","2026-01-02 19:11"
"-11.10","","-15.50","48","764","1019","","","","1.10","","S","Переменная облачность","2026-01-02 19:12"
"-11.00","","-15.10","48","764","1019","","","","0.70","","S","Переменная облачность","2026-01-02 19:13"
"-11.00","","-15.00","48","764","1019","","","","0.60","","S","Переменная облачность","2026-01-02 19:14"
"-10.90","","-14.90","48","764","1019","","","","0.60","","S","Переменная облачность","2026-01-02 19:15"
"-10.90","","-14.90","48","764","1019","","","","1.20","","S","Переменная облачность","2026-01-02 19:16"
"-10.90","","-14.90","48","764","1019","","","","1.20","","S","Переменная облачность","2026-01-02 19:17"
"-10.90","","-15.90","48","764","1019","","","","2.00","","S","Переменная облачность","2026-01-02 19:18"
"-10.90","","-15.90","48","764","1019","","","","2.00","","S","Переменная облачность","2026-01-02 19:19"
"-10.90","","-15.30","48","764","1019","","","","1.20","","S","Переменная облачность","2026-01-02 19:20"
"-10.90","","-15.50","48","764","1019","","","","1.50","","S","Переменная облачность","2026-01-02 19:21"
"-10.90","","-15.50","48","764","1019","","","","1.30","","S","Переменная облачность","2026-01-02 19:22"
"-10.90","","-14.90","48","764","1019","","","","0.60","","S","Переменная облачность","2026-01-02 19:23"
"-10.90","","-14.90","48","764","1019","","","","0.50","","S","Переменная облачность","2026-01-02 19:24"
"-10.90","","-14.90","48","764","1019","","","","0.50","","S","Переменная облачность","2026-01-02 19:25"
"-10.80","","-15.40","48","764","1019","","","","1.50","","S","Переменная облачность","2026-01-02 19:26"
"-10.80","","-15.00","48","764","1019","","","","0.90","","S","Переменная облачность","2026-01-02 19:27"
"-10.80","","-15.10","48","764","1019","","","","1.00","","S","Переменная облачность","2026-01-02 19:28"
"-10.80","","-15.10","48","764","1019","","","","0.40","","S","Переменная облачность","2026-01-02 19:29"
"-10.80","","-14.70","48","764","1019","","","","1.00","","S","Переменная облачность","2026-01-02 19:30"
"-10.80","","-15.10","48","764","1019","","","","1.60","","S","Переменная облачность","2026-01-02 19:31"
"-10.80","","-15.10","48","764","1019","","","","1.60","","S","Переменная облачность","2026-01-02 19:32"
"-10.80","","-15.50","48","764","1019","","","","1.60","","S","Переменная облачность","2026-01-02 19:33"
"-10.80","","-15.80","48","764","1019","","","","2.00","","S","Переменная облачность","2026-01-02 19:34"
"-10.80","","-15.60","48","764","1019","","","","1.70","","S","Переменная облачность","2026-01-02 19:35"
"-10.80","","-15.60","48","764","1019","","","","2.40","","S","Облачно","2026-01-02 19:36"
"-10.80","","-16.20","48","764","1019","","","","2.60","","S","Облачно","2026-01-02 19:37"
"-10.80","","-16.20","48","764","1019","","","","2.00","","S","Облачно","2026-01-02 19:38"
"-10.70","","-15.50","48","764","1019","","","","1.70","","S","Облачно","2026-01-02 19:39"
"-10.70","","-15.50","48","764","1019","","","","1.70","","S","Облачно","2026-01-02 19:40"
"-10.70","","-15.50","48","764","1019","","","","1.70","","S","Облачно","2026-01-02 19:41"
"-10.70","","-15.50","48","764","1019","","","","1.70","","S","Облачно","2026-01-02 19:42"
"-10.70","","-15.70","48","764","1019","","","","2.10","","S","Облачно","2026-01-02 19:43"
"-10.60","","-14.90","48","764","1019","","","","1.00","","S","Облачно","2026-01-02 19:44"
"-10.60","","-14.90","48","764","1019","","","","0.70","","S","Облачно","2026-01-02 19:45"
"-10.60","","-14.90","48","764","1019","","","","0.70","","S","Облачно","2026-01-02 19:46"
"-10.60","","-15.90","48","764","1019","","","","2.50","","S","Облачно","2026-01-02 19:47"
"-10.60","","-15.80","48","764","1019","","","","2.40","","S","Облачно","2026-01-02 19:48"
"-10.50","","-14.40","52","764","1019","","","","0.50","","S","Облачно","2026-01-02 19:49"
"-10.50","","-14.40","52","764","1019","","","","1.10","","S","Облачно","2026-01-02 19:50"
"-10.50","","-14.80","52","764","1019","","","","1.10","","S","Облачно","2026-01-02 19:51"
"-10.50","","-14.80","52","764","1019","","","","1.80","","S","Облачно","2026-01-02 19:52"
"-10.50","","-15.30","52","764","1019","","","","1.80","","S","Облачно","2026-01-02 19:53"
"-10.40","","-15.20","52","764","1019","","","","1.80","","S","Облачно","2026-01-02 19:54"
"-10.50","","-15.80","52","764","1019","","","","2.60","","S","Облачно","2026-01-02 19:55"
"-10.50","","-15.30","52","764","1019","","","","1.80","","S","Облачно","2026-01-02 19:56"
"-10.40","","-14.60","52","764","1019","","","","1.00","","S","Облачно","2026-01-02 19:57"
"-10.40","","-14.40","52","764","1019","","","","0.70","","S","Облачно","2026-01-02 19:58"
"-10.40","","-14.40","52","764","1019","","","","0.70","","S","Облачно","2026-01-02 19:59"
"-10.40","","-16.20","52","764","1019","","","","3.30","","S","Облачно","2026-01-02 20:00"
"-10.40","","-16.20","52","764","1019","","","","3.30","","S","Облачно","2026-01-02 20:01"
"-10.40","","-15.90","52","764","1019","","","","2.80","","S","Облачно","2026-01-02 20:02"
"-10.40","","-16.40","52","764","1019","","","","3.60","","S","Облачно","2026-01-02 20:03"
"-10.40","","-16.40","52","764","1019","","","","3.60","","S","Облачно","2026-01-02 20:04"
"-10.40","","-16.40","52","764","1019","","","","3.60","","S","Облачно","2026-01-02 20:05"
"-10.40","","-16.40","52","764","1019","","","","2.50","","S","Облачно","2026-01-02 20:06"
"-10.40","","-16.40","52","764","1019","","","","2.50","","S","Облачно","2026-01-02 20:07"
"-10.40","","-15.00","52","764","1019","","","","1.00","","S","Облачно","2026-01-02 20:08"
"-10.30","","-14.50","52","764","1019","","","","1.30","","S","Облачно","2026-01-02 20:09"
"-10.30","","-15.20","52","764","1019","","","","2.00","","S","Облачно","2026-01-02 20:10"
"-10.30","","-14.70","52","764","1019","","","","1.30","","S","Облачно","2026-01-02 20:11"
"-10.30","","-14.70","52","764","1019","","","","1.30","","S","Облачно","2026-01-02 20:12"
"-10.30","","-14.30","52","764","1019","","","","0.70","","S","Облачно","2026-01-02 20:13"
"-10.30","","-14.30","52","764","1019","","","","0.70","","S","Облачно","2026-01-02 20:14"
"-10.30","","-14.30","52","764","1019","","","","1.10","","S","Облачно","2026-01-02 20:15"
"-10.30","","-14.60","52","764","1019","","","","1.10","","SSW","Облачно","2026-01-02 20:16"
"-10.30","","-14.60","52","764","1019","","","","1.10","","SSW","Облачно","2026-01-02 20:17"
"-10.30","","-14.60","52","764","1019","","","","1.10","","SSW","Облачно","2026-01-02 20:18"
"-10.30","","-14.80","52","764","1019","","","","1.40","","SSW","Облачно","2026-01-02 20:19"
"-10.30","","-14.80","52","764","1019","","","","1.40","","SSW","Облачно","2026-01-02 20:20"
"-10.30","","-14.80","52","763","1018","","","","1.30","","SSW","Облачно","2026-01-02 20:21"
"-10.30","","-14.40","52","763","1018","","","","0.90","","SSW","Облачно","2026-01-02 20:22"
"-10.30","","-14.20","52","763","1018","","","","0.60","","SSW","Облачно","2026-01-02 20:23"
"-10.30","","-14.20","52","763","1018","","","","1.90","","SSW","Облачно","2026-01-02 20:24"
"-10.20","","-14.60","52","763","1018","","","","1.30","","SSW","Облачно","2026-01-02 20:25"
"-10.20","","-14.80","52","763","1018","","","","1.60","","SSW","Облачно","2026-01-02 20:26"
"-10.20","","-14.30","52","763","1018","","","","0.90","","SSW","Облачно","2026-01-02 20:27"
"-10.20","","-14.40","52","763","1018","","","","1.00","","SSW","Облачно","2026-01-02 20:28"
"-10.20","","-14.40","52","763","1018","","","","1.00","","SSW","Облачно","2026-01-02 20:29"
"-10.20","","-14.40","52","763","1018","","","","0.90","","SSW","Облачно","2026-01-02 20:30"
"-10.20","","-15.00","52","763","1018","","","","1.90","","SSW","Облачно","2026-01-02 20:31"
"-10.20","","-14.40","52","763","1018","","","","1.00","","SSW","Облачно","2026-01-02 20:32"
"-10.10","","-14.00","52","763","1018","","","","0.60","","SSW","Облачно","2026-01-02 20:33"
"-10.10","","-14.30","53","763","1018","","","","1.00","","SSW","Облачно","2026-01-02 20:34"
"-10.10","","-14.30","53","763","1018","","","","1.00","","S","Облачно","2026-01-02 20:35"
"-10.00","","-13.80","53","763","1018","","","","0.50","","S","Облачно","2026-01-02 20:36"
"-10.00","","-13.80","53","763","1018","","","","0.50","","S","Облачно","2026-01-02 20:37"
"-10.00","","-14.50","53","763","1018","","","","1.50","","S","Облачно","2026-01-02 20:38"
"-10.00","","-14.50","53","763","1018","","","","2.20","","S","Облачно","2026-01-02 20:39"
"-10.00","","-14.50","53","763","1018","","","","1.50","","S","Облачно","2026-01-02 20:40"
"-9.90","","-14.30","53","763","1018","","","","1.30","","S","Облачно","2026-01-02 20:41"
"-9.90","","-14.30","53","763","1018","","","","1.40","","S","Облачно","2026-01-02 20:42"
"-9.90","","-14.40","53","763","1018","","","","1.00","","S","Облачно","2026-01-02 20:43"
"-9.90","","-14.10","53","763","1018","","","","1.40","","S","Облачно","2026-01-02 20:44"
"-9.90","","-14.20","53","763","1018","","","","1.10","","S","Облачно","2026-01-02 20:45"
"-9.90","","-14.20","53","763","1018","","","","0.70","","S","Облачно","2026-01-02 20:46"
"-9.80","","-13.80","53","763","1018","","","","1.30","","S","Облачно","2026-01-02 20:47"
"-9.70","","-14.10","53","763","1018","","","","1.30","","S","Облачно","2026-01-02 20:48"
"-9.70","","-14.20","53","763","1018","","","","1.50","","S","Облачно","2026-01-02 20:49"
"-9.60","","-14.10","54","763","1018","","","","1.50","","S","Облачно","2026-01-02 20:50"
"-9.50","","-14.20","54","763","1018","","","","1.70","","S","Облачно","2026-01-02 20:51"
"-9.50","","-14.20","54","763","1018","","","","2.00","","S","Облачно","2026-01-02 20:52"
"-9.40","","-14.80","53","763","1018","","","","2.70","","S","Облачно","2026-01-02 20:53"
"-9.40","","-14.80","53","763","1018","","","","2.70","","S","Облачно","2026-01-02 20:54"
"-9.30","","-14.60","54","763","1018","","","","2.70","","S","Облачно","2026-01-02 20:55"
"-9.30","","-14.60","54","763","1018","","","","3.50","","S","Облачно","2026-01-02 20:56"
"-9.30","","-14.60","54","763","1018","","","","3.50","","S","Облачно","2026-01-02 20:57"
"-9.10","","-15.00","54","763","1018","","","","3.50","","S","Облачно","2026-01-02 20:58"
"-9.10","","-15.00","54","763","1018","","","","3.50","","S","Облачно","2026-01-02 20:59"
"-9.00","","-14.30","54","763","1018","","","","2.60","","S","Облачно","2026-01-02 21:00"
"-9.00","","-14.30","54","763","1018","","","","3.60","","S","Облачно","2026-01-02 21:01"
"-9.00","","-14.30","54","763","1018","","","","3.60","","S","Облачно","2026-01-02 21:02"
"-8.90","","-14.90","54","763","1018","","","","4.70","","S","Облачно","2026-01-02 21:03"
"-8.90","","-15.60","54","763","1018","","","","4.70","","S","Облачно","2026-01-02 21:04"
"-8.90","","-14.70","54","763","1018","","","","3.30","","S","Облачно","2026-01-02 21:05"
"-8.80","","-14.50","54","763","1018","","","","3.30","","S","Облачно","2026-01-02 21:06"
"-8.80","","-14.20","54","763","1018","","","","2.80","","S","Облачно","2026-01-02 21:07"
"-8.80","","-14.20","54","763","1018","","","","2.80","","S","Облачно","2026-01-02 21:08"
"-8.80","","-14.20","54","763","1018","","","","3.50","","S","Облачно","2026-01-02 21:09"
"-8.70","","-14.60","54","763","1018","","","","3.50","","S","Облачно","2026-01-02 21:10"
"-8.70","","-14.60","54","763","1018","","","","3.50","","S","Облачно","2026-01-02 21:11"
"-8.70","","-14.60","54","763","1018","","","","5.50","","S","Облачно","2026-01-02 21:12"
"-8.60","","-13.20","54","763","1018","","","","1.70","","S","Облачно","2026-01-02 21:13"
"-8.60","","-12.90","54","763","1018","","","","1.20","","S","Облачно","2026-01-02 21:14"
"-8.60","","-12.90","54","763","1018","","","","1.20","","S","Облачно","2026-01-02 21:15"
"-8.60","","-14.10","54","763","1018","","","","2.90","","S","Облачно","2026-01-02 21:16"
"-8.60","","-14.10","54","763","1018","","","","1.70","","S","Облачно","2026-01-02 21:17"
"-8.60","","-14.10","54","763","1018","","","","1.70","","S","Облачно","2026-01-02 21:18"
"-8.60","","-14.10","54","763","1018","","","","2.90","","S","Облачно","2026-01-02 21:19"
"-8.60","","-14.10","54","763","1018","","","","4.00","","S","Облачно","2026-01-02 21:20"
"-8.60","","-13.60","54","763","1018","","","","2.20","","S","Облачно","2026-01-02 21:21"
"-8.60","","-13.60","54","763","1018","","","","1.90","","S","Облачно","2026-01-02 21:22"
"-8.60","","-13.40","54","763","1018","","","","1.90","","S","Облачно","2026-01-02 21:23"
"-8.60","","-13.40","54","763","1018","","","","1.90","","S","Облачно","2026-01-02 21:24"
"-8.50","","-14.80","54","763","1018","","","","4.10","","S","Облачно","2026-01-02 21:25"
"-8.50","","-14.80","54","763","1018","","","","4.10","","S","Облачно","2026-01-02 21:26"
"-8.50","","-14.80","54","763","1018","","","","4.10","","S","Облачно","2026-01-02 21:27"
"-8.50","","-12.60","54","763","1018","","","","0.90","","S","Облачно","2026-01-02 21:28"
"-8.50","","-12.60","54","763","1018","","","","0.90","","S","Облачно","2026-01-02 21:29"
"-8.50","","-12.60","54","763","1018","","","","0.90","","S","Облачно","2026-01-02 21:30"
"-8.50","","-12.60","54","763","1018","","","","0.90","","S","Облачно","2026-01-02 21:31"
"-8.50","","-12.60","54","763","1018","","","","2.10","","S","Облачно","2026-01-02 21:32"
"-8.50","","-13.40","54","763","1018","","","","2.10","","S","Облачно","2026-01-02 21:33"
"-8.50","","-14.00","54","763","1018","","","","2.90","","S","Облачно","2026-01-02 21:34"
"-8.50","","-13.80","54","763","1018","","","","2.70","","S","Облачно","2026-01-02 21:35"
"-8.50","","-13.80","54","762","1017","","","","3.20","","S","Облачно","2026-01-02 21:36"
"-8.50","","-14.20","54","762","1017","","","","3.20","","S","Облачно","2026-01-02 21:37"
"-8.50","","-14.20","54","762","1017","","","","1.40","","S","Облачно","2026-01-02 21:38"
"-8.50","","-12.90","54","762","1017","","","","1.40","","S","Облачно","2026-01-02 21:39"
"-8.50","","-12.90","54","762","1017","","","","1.40","","S","Облачно","2026-01-02 21:40"
"-8.50","","-12.90","54","762","1017","","","","1.40","","S","Облачно","2026-01-02 21:41"
"-8.50","","-13.60","53","762","1017","","","","2.40","","S","Облачно","2026-01-02 21:42"
"-8.50","","-13.60","53","762","1017","","","","2.40","","SSW","Облачно","2026-01-02 21:43"
"-8.50","","-13.60","53","762","1017","","","","2.40","","SSW","Облачно","2026-01-02 21:44"
"-8.50","","-13.60","53","762","1017","","","","4.70","","SSW","Облачно","2026-01-02 21:45"
"-8.50","","-15.20","53","762","1017","","","","3.20","","SSW","Облачно","2026-01-02 21:46"
"-8.50","","-15.20","53","762","1017","","","","2.80","","SSW","Облачно","2026-01-02 21:47"
"-8.60","","-14.00","53","762","1017","","","","2.80","","SSW","Облачно","2026-01-02 21:48"
"-8.60","","-14.80","53","762","1017","","","","3.90","","SSW","Облачно","2026-01-02 21:49"
"-8.60","","-14.80","53","762","1017","","","","3.90","","SSW","Облачно","2026-01-02 21:50"
"-8.60","","-14.80","53","763","1018","","","","3.90","","SSW","Облачно","2026-01-02 21:51"
"-8.60","","-14.80","53","763","1018","","","","3.90","","SSW","Облачно","2026-01-02 21:52"
"-8.60","","-14.80","53","763","1018","","","","3.90","","SSW","Облачно","2026-01-02 21:53"
"-8.60","","-14.80","53","763","1018","","","","4.10","","SSW","Облачно","2026-01-02 21:54"
"-8.60","","-14.10","53","763","1018","","","","2.90","","SSW","Облачно","2026-01-02 21:55"
"-8.60","","-14.10","53","763","1018","","","","2.90","","SSW","Облачно","2026-01-02 21:56"
"-8.60","","-14.10","53","763","1018","","","","2.90","","SSW","Облачно","2026-01-02 21:57"
"-8.60","","-13.40","53","763","1018","","","","2.00","","SSW","Облачно","2026-01-02 21:58"
"-8.60","","-13.40","53","763","1018","","","","1.80","","SSW","Облачно","2026-01-02 21:59"
"-8.60","","-13.30","53","763","1018","","","","1.10","","SSW","Облачно","2026-01-02 22:00"
"-8.60","","-13.30","53","763","1018","","","","1.10","","SSW","Облачно","2026-01-02 22:01"
"-8.60","","-13.30","53","763","1018","","","","1.10","","SSW","Облачно","2026-01-02 22:02"
"-8.60","","-13.30","53","763","1018","","","","1.10","","SSW","Облачно","2026-01-02 22:03"
"-8.60","","-12.80","53","763","1018","","","","1.10","","SSW","Облачно","2026-01-02 22:04"
"-8.60","","-12.80","53","763","1018","","","","1.10","","SSW","Облачно","2026-01-02 22:05"
"-8.60","","-12.80","53","763","1018","","","","1.60","","SSW","Облачно","2026-01-02 22:06"
"-8.60","","-13.20","53","763","1018","","","","1.50","","SSW","Облачно","2026-01-02 22:07"
"-8.60","","-13.00","53","763","1018","","","","1.40","","SSW","Облачно","2026-01-02 22:08"
"-8.60","","-13.00","53","763","1018","","","","1.40","","SSW","Облачно","2026-01-02 22:09"
"-8.60","","-13.00","53","763","1018","","","","1.40","","SSW","Облачно","2026-01-02 22:10"
"-8.60","","-13.00","53","763","1018","","","","1.40","","SSW","Облачно","2026-01-02 22:11"
"-8.60","","-13.00","53","763","1018","","","","1.40","","SSW","Облачно","2026-01-02 22:12"
"-8.60","","-13.20","53","763","1018","","","","1.60","","SSW","Облачно","2026-01-02 22:13"
"-8.60","","-13.70","53","763","1018","","","","2.40","","SSW","Облачно","2026-01-02 22:14"
"-8.50","","-14.50","53","763","1018","","","","3.60","","SSW","Облачно","2026-01-02 22:15"
"-8.50","","-14.50","53","763","1018","","","","3.60","","SSW","Облачно","2026-01-02 22:16"
"-8.50","","-14.50","53","763","1018","","","","2.20","","SSW","Облачно","2026-01-02 22:17"
"-8.50","","-13.70","54","763","1018","","","","2.60","","SSW","Облачно","2026-01-02 22:18"
"-8.50","","-13.10","54","763","1018","","","","1.70","","SSW","Облачно","2026-01-02 22:19"
"-8.50","","-13.10","54","763","1018","","","","1.70","","SSW","Облачно","2026-01-02 22:20"
"-8.50","","-14.40","54","763","1018","","","","3.50","","SSW","Облачно","2026-01-02 22:21"
"-8.40","","-14.30","53","763","1018","","","","3.50","","SSW","Облачно","2026-01-02 22:22"
"-8.40","","-14.10","53","763","1018","","","","2.60","","SSW","Облачно","2026-01-02 22:23"
"-8.40","","-14.10","53","763","1018","","","","2.60","","SSW","Облачно","2026-01-02 22:24"
"-8.40","","-13.70","53","763","1018","","","","2.10","","SSW","Облачно","2026-01-02 22:25"
"-8.40","","-13.30","53","763","1018","","","","2.10","","SSW","Облачно","2026-01-02 22:26"
"-8.40","","-13.60","53","763","1018","","","","3.00","","SSW","Облачно","2026-01-02 22:27"
"-8.40","","-13.60","53","763","1018","","","","3.00","","SSW","Облачно","2026-01-02 22:28"
"-8.40","","-13.60","53","763","1018","","","","3.00","","S","Облачно","2026-01-02 22:29"
"-8.40","","-13.60","53","763","1018","","","","3.00","","S","Облачно","2026-01-02 22:30"
"-8.40","","-13.60","53","763","1018","","","","3.00","","S","Облачно","2026-01-02 22:31"
"-8.40","","-13.90","53","763","1018","","","","3.00","","S","Облачно","2026-01-02 22:32"
"-8.40","","-13.90","53","763","1018","","","","3.00","","S","Облачно","2026-01-02 22:33"
"-8.40","","-15.30","53","763","1018","","","","5.00","","S","Облачно","2026-01-02 22:34"
"-8.40","","-15.30","53","763","1018","","","","5.00","","S","Облачно","2026-01-02 22:35"
"-8.30","","-14.80","53","763","1018","","","","4.40","","S","Небольшая облачность","2026-01-02 22:36"
"-8.30","","-14.80","53","763","1018","","","","4.40","","S","Небольшая облачность","2026-01-02 22:37"
"-8.30","","-14.80","53","763","1018","","","","4.40","","S","Небольшая облачность","2026-01-02 22:38"
"-8.30","","-14.80","53","763","1018","","","","4.40","","S","Небольшая облачность","2026-01-02 22:39"
"-8.30","","-13.10","53","763","1018","","","","1.90","","S","Небольшая облачность","2026-01-02 22:40"
"-8.30","","-13.10","53","763","1018","","","","1.90","","S","Небольшая облачность","2026-01-02 22:41"
"-8.30","","-13.10","53","763","1018","","","","4.10","","S","Небольшая облачность","2026-01-02 22:42"
"-8.30","","-15.40","53","763","1018","","","","5.30","","S","Небольшая облачность","2026-01-02 22:43"
"-8.20","","-15.30","53","763","1018","","","","5.30","","S","Небольшая облачность","2026-01-02 22:44"
"-8.20","","-15.30","53","763","1018","","","","3.80","","S","Небольшая облачность","2026-01-02 22:45"
"-8.20","","-12.90","53","763","1018","","","","1.80","","S","Небольшая облачность","2026-01-02 22:46"
"-8.20","","-12.40","53","763","1018","","","","1.10","","SSW","Небольшая облачность","2026-01-02 22:47"
"-8.20","","-12.40","53","763","1018","","","","2.60","","SSW","Небольшая облачность","2026-01-02 22:48"
"-8.20","","-13.40","53","763","1018","","","","2.60","","SSW","Небольшая облачность","2026-01-02 22:49"
"-8.20","","-13.50","53","763","1018","","","","2.70","","SSW","Небольшая облачность","2026-01-02 22:50"
"-8.20","","-13.50","53","762","1017","","","","2.70","","SSW","Облачно","2026-01-02 22:51"
"-8.20","","-13.70","53","762","1017","","","","2.90","","SSW","Облачно","2026-01-02 22:52"
"-8.10","","-13.50","53","762","1017","","","","2.90","","SSW","Облачно","2026-01-02 22:53"
"-8.10","","-13.50","53","762","1017","","","","2.90","","SSW","Облачно","2026-01-02 22:54"
"-8.10","","-13.50","53","762","1017","","","","2.90","","SSW","Облачно","2026-01-02 22:55"
"-8.10","","-13.50","53","762","1017","","","","2.60","","SSW","Облачно","2026-01-02 22:56"
"-8.10","","-13.30","54","762","1017","","","","2.60","","SSW","Облачно","2026-01-02 22:57"
"-8.10","","-12.80","54","762","1017","","","","1.90","","SSW","Облачно","2026-01-02 22:58"
"-8.10","","-12.80","54","762","1017","","","","1.90","","SSW","Облачно","2026-01-02 22:59"
"-8.10","","-12.80","54","762","1017","","","","1.90","","SSW","Облачно","2026-01-02 23:00"
"-8.10","","-12.80","53","762","1017","","","","1.90","","SSW","Облачно","2026-01-02 23:01"
"-8.10","","-12.80","53","762","1017","","","","1.90","","SSW","Облачно","2026-01-02 23:02"
"-8.10","","-12.80","53","762","1017","","","","1.90","","SSW","Облачно","2026-01-02 23:03"
"-8.10","","-12.80","53","762","1017","","","","1.90","","SSW","Облачно","2026-01-02 23:04"
"-8.10","","-12.80","54","762","1017","","","","1.90","","SSW","Облачно","2026-01-02 23:05"
"-8.00","","-13.10","54","762","1017","","","","2.40","","SSW","Облачно","2026-01-02 23:06"
"-8.00","","-13.10","54","762","1017","","","","2.40","","SSW","Облачно","2026-01-02 23:07"
"-8.00","","-12.50","54","762","1017","","","","3.60","","SSW","Облачно","2026-01-02 23:08"
"-8.00","","-13.20","54","762","1017","","","","2.50","","SSW","Облачно","2026-01-02 23:09"
"-8.00","","-13.20","54","762","1017","","","","2.50","","SSW","Облачно","2026-01-02 23:10"
"-8.00","","-13.20","54","762","1017","","","","2.50","","SSW","Облачно","2026-01-02 23:11"
"-8.00","","-13.20","54","762","1017","","","","2.50","","SSW","Облачно","2026-01-02 23:12"
"-8.00","","-15.00","54","762","1017","","","","5.10","","SSW","Облачно","2026-01-02 23:13"
"-8.00","","-13.20","54","762","1017","","","","2.50","","SSW","Облачно","2026-01-02 23:14"
"-8.00","","-13.20","54","762","1017","","","","2.50","","SSW","Облачно","2026-01-02 23:15"
"-8.00","","-12.80","54","762","1017","","","","2.00","","SSW","Облачно","2026-01-02 23:16"
"-8.00","","-12.80","54","762","1017","","","","2.00","","SSW","Облачно","2026-01-02 23:17"
"-8.00","","-12.80","54","762","1017","","","","5.30","","SSW","Облачно","2026-01-02 23:18"
"-8.00","","-15.10","54","762","1017","","","","5.30","","SSW","Облачно","2026-01-02 23:19"
"-8.00","","-15.10","54","762","1017","","","","5.30","","SSW","Облачно","2026-01-02 23:20"
"-7.90","","-12.80","54","762","1016","","","","2.20","","SSW","Облачно","2026-01-02 23:21"
"-7.90","","-12.80","54","762","1016","","","","2.20","","SSW","Облачно","2026-01-02 23:22"
"-7.90","","-12.40","54","762","1016","","","","2.00","","SSW","Облачно","2026-01-02 23:23"
"-7.90","","-12.40","54","762","1016","","","","2.00","","SSW","Облачно","2026-01-02 23:24"
"-7.90","","-12.40","54","762","1016","","","","2.00","","SSW","Облачно","2026-01-02 23:25"
"-7.90","","-12.40","54","762","1016","","","","2.00","","SSW","Облачно","2026-01-02 23:26"
"-7.90","","-12.70","54","762","1016","","","","2.00","","SSW","Облачно","2026-01-02 23:27"
"-7.80","","-12.60","54","762","1016","","","","2.00","","SSW","Облачно","2026-01-02 23:28"
"-7.80","","-12.60","54","762","1016","","","","2.00","","SSW","Облачно","2026-01-02 23:29"
"-7.80","","-12.60","54","762","1016","","","","2.00","","SSW","Облачно","2026-01-02 23:30"
"-7.80","","-12.60","54","762","1016","","","","2.00","","SSW","Облачно","2026-01-02 23:31"
"-7.70","","-12.50","54","762","1016","","","","2.00","","SSW","Облачно","2026-01-02 23:32"
"-7.70","","-12.80","54","762","1016","","","","2.40","","SSW","Облачно","2026-01-02 23:33"
"-7.70","","-12.80","54","762","1016","","","","1.80","","SSW","Облачно","2026-01-02 23:34"
"-7.70","","-12.30","54","762","1016","","","","1.80","","SSW","Облачно","2026-01-02 23:35"
"-7.70","","-12.30","54","762","1017","","","","1.80","","SSW","Облачно","2026-01-02 23:36"
"-7.60","","-12.70","54","762","1017","","","","2.40","","SSW","Облачно","2026-01-02 23:37"
"-7.60","","-12.70","54","762","1017","","","","2.40","","SSW","Облачно","2026-01-02 23:38"
"-7.60","","-12.70","54","762","1017","","","","2.70","","SSW","Облачно","2026-01-02 23:39"
"-7.60","","-12.90","54","762","1017","","","","1.50","","SSW","Облачно","2026-01-02 23:40"
"-7.60","","-12.00","54","762","1017","","","","1.50","","SSW","Облачно","2026-01-02 23:41"
"-7.60","","-12.00","54","762","1017","","","","1.50","","SSW","Облачно","2026-01-02 23:42"
"-7.60","","-12.70","54","762","1017","","","","2.40","","S","Облачно","2026-01-02 23:43"
"-7.60","","-12.70","54","762","1017","","","","4.40","","S","Облачно","2026-01-02 23:44"
"-7.60","","-14.10","54","762","1017","","","","4.40","","S","Облачно","2026-01-02 23:45"
"-7.60","","-14.10","54","762","1017","","","","4.40","","S","Облачно","2026-01-02 23:46"
"-7.50","","-11.70","54","762","1017","","","","1.20","","S","Облачно","2026-01-02 23:47"
"-7.50","","-11.70","54","762","1017","","","","1.00","","S","Облачно","2026-01-02 23:48"
"-7.50","","-11.60","54","762","1017","","","","1.70","","S","Облачно","2026-01-02 23:49"
"-7.50","","-12.10","54","762","1017","","","","1.70","","S","Облачно","2026-01-02 23:50"
"-7.50","","-12.30","54","762","1017","","","","2.00","","S","Облачно","2026-01-02 23:51"
"-7.50","","-12.30","54","762","1017","","","","2.00","","S","Облачно","2026-01-02 23:52"
"-7.50","","-11.60","54","762","1017","","","","1.10","","S","Облачно","2026-01-02 23:53"
"-7.40","","-11.50","54","762","1017","","","","1.10","","S","Облачно","2026-01-02 23:54"
"-7.40","","-11.50","54","762","1017","","","","1.10","","S","Облачно","2026-01-02 23:55"
"-7.40","","-11.50","54","762","1017","","","","1.10","","S","Облачно","2026-01-02 23:56"
"-7.40","","-11.50","54","762","1017","","","","1.10","","S","Облачно","2026-01-02 23:57"
"-7.40","","-11.50","54","762","1017","","","","1.10","","S","Облачно","2026-01-02 23:58"
"-7.40","","-11.80","54","762","1017","","","","3.00","","S","Облачно","2026-01-02 23:59"