"Temp","Temp Water","Temp Feels Like","Humidity","Pressure Mm","Pressure Hpa","Precip Mm","Precip Type","Precip Intensity","Wind Speed Ms","Wind Gust Speed Ms","Wind Dir","Condition","Created At"
"-2.60","","-5.70","51","762","1017","","","","0.00","","SSW","Ясно","2026-01-05 00:00"
"-2.60","","-6.00","51","762","1017","","","","0.40","","SSW","Ясно","2026-01-05 00:01"
"-2.60","","-6.00","51","762","1017","","","","0.40","","SSW","Ясно","2026-01-05 00:02"
"-2.60","","-6.00","51","762","1017","","","","0.40","","SSW","Ясно","2026-01-05 00:03"
"-2.60","","-6.20","51","762","1017","","","","0.70","","SSW","Ясно","2026-01-05 00:04"
"-2.50","","-5.60","51","762","1017","","","","0.00","","SSW","Ясно","2026-01-05 00:05"
"-2.50","","-5.60","51","762","1017","","","","0.40","","SSW","Ясно","2026-01-05 00:06"
"-2.50","","-5.60","51","762","1017","","","","0.00","","SSW","Ясно","2026-01-05 00:07"
"-2.50","","-5.60","51","762","1017","","","","0.00","","SSW","Ясно","2026-01-05 00:08"
"-2.50","","-5.60","51","762","1017","","","","0.00","","SSW","Ясно","2026-01-05 00:09"
"-2.50","","-5.60","51","762","1017","","","","0.00","","SSW","Ясно","2026-01-05 00:10"
"-2.50","","-5.60","51","762","1017","","","","0.00","","SSW","Ясно","2026-01-05 00:11"
"-2.50","","-6.50","51","762","1017","","","","1.20","","SSW","Ясно","2026-01-05 00:12"
"-2.50","","-6.00","51","762","1017","","","","0.50","","SSW","Ясно","2026-01-05 00:13"
"-2.50","","-6.00","51","762","1017","","","","0.50","","SSW","Ясно","2026-01-05 00:14"
"-2.40","","-5.90","51","762","1017","","","","0.60","","SSW","Ясно","2026-01-05 00:15"
"-2.40","","-6.00","51","762","1017","","","","0.40","","SSW","Ясно","2026-01-05 00:16"
"-2.40","","-6.30","51","762","1017","","","","1.10","","SSW","Ясно","2026-01-05 00:17"
"-2.40","","-6.50","51","762","1017","","","","1.40","","SSW","Ясно","2026-01-05 00:18"
"-2.40","","-6.50","51","762","1017","","","","1.40","","SSW","Ясно","2026-01-05 00:19"
"-2.40","","-5.90","51","762","1017","","","","0.50","","SSW","Ясно","2026-01-05 00:20"
"-2.40","","-5.80","51","762","1016","","","","0.40","","SSW","Ясно","2026-01-05 00:21"
"-2.40","","-5.90","51","762","1016","","","","0.50","","SSW","Ясно","2026-01-05 00:22"
"-2.40","","-5.50","51","762","1016","","","","0.00","","SSW","Ясно","2026-01-05 00:23"
"-2.40","","-5.50","51","762","1016","","","","0.00","","SSW","Ясно","2026-01-05 00:24"
"-2.30","","-5.40","51","762","1016","","","","0.00","","SSW","Ясно","2026-01-05 00:25"
"-2.40","","-5.50","51","762","1016","","","","0.00","","SSW","Ясно","2026-01-05 00:26"
"-2.40","","-5.50","51","762","1016","","","","0.00","","SSW","Ясно","2026-01-05 00:27"
"-2.30","","-5.80","51","762","1016","","","","0.50","","SSW","Ясно","2026-01-05 00:28"
"-2.30","","-5.80","51","762","1016","","","","1.90","","SSW","Ясно","2026-01-05 00:29"
"-2.30","","-5.90","51","762","1016","","","","0.70","","SSW","Ясно","2026-01-05 00:30"
"-2.30","","-5.90","51","762","1016","","","","0.70","","SSW","Ясно","2026-01-05 00:31"
"-2.30","","-5.70","51","762","1016","","","","0.40","","SSW","Ясно","2026-01-05 00:32"
"-2.30","","-5.70","51","762","1016","","","","0.40","","SSW","Ясно","2026-01-05 00:33"
"-2.30","","-6.10","51","762","1016","","","","1.00","","SSW","Ясно","2026-01-05 00:34"
"-2.30","","-6.10","51","762","1016","","","","0.70","","SSW","Ясно","2026-01-05 00:35"
"-2.30","","-6.10","51","762","1016","","","","0.70","","SSW","Небольшая облачность","2026-01-05 00:36"
"-2.30","","-5.80","51","762","1016","","","","0.50","","SSW","Небольшая облачность","2026-01-05 00:37"
"-2.30","","-5.90","51","762","1016","","","","0.70","","SSW","Небольшая облачность","2026-01-05 00:38"
"-2.30","","-5.90","51","762","1016","","","","0.70","","SSW","Небольшая облачность","2026-01-05 00:39"
"-2.30","","-5.80","51","762","1016","","","","0.90","","SSW","Небольшая облачность","2026-01-05 00:40"
"-2.30","","-5.80","51","762","1016","","","","0.60","","SSW","Небольшая облачность","2026-01-05 00:41"
"-2.20","","-5.60","51","762","1016","","","","0.40","","SSW","Небольшая облачность","2026-01-05 00:42"
"-2.20","","-5.60","51","762","1016","","","","0.40","","SSW","Небольшая облачность","2026-01-05 00:43"
"-2.20","","-5.30","51","762","1016","","","","0.00","","SSW","Небольшая облачность","2026-01-05 00:44"
"-2.20","","-5.80","51","762","1016","","","","0.70","","SSW","Небольшая облачность","2026-01-05 00:45"
"-2.30","","-5.90","51","762","1016","","","","0.00","","SSW","Небольшая облачность","2026-01-05 00:46"
"-2.30","","-5.40","51","762","1016","","","","0.40","","SSW","Небольшая облачность","2026-01-05 00:47"
"-2.30","","-5.70","51","762","1016","","","","0.40","","SSW","Небольшая облачность","2026-01-05 00:48"
"-2.30","","-5.70","51","762","1016","","","","0.40","","SSW","Небольшая облачность","2026-01-05 00:49"
"-2.40","","-6.00","50","762","1016","","","","0.70","","SSW","Небольшая облачность","2026-01-05 00:50"
"-2.40","","-6.20","50","762","1016","","","","0.90","","SSW","Небольшая облачность","2026-01-05 00:51"
"-2.40","","-6.20","50","762","1016","","","","0.90","","SSW","Небольшая облачность","2026-01-05 00:52"
"-2.40","","-6.20","50","762","1016","","","","0.90","","SSW","Небольшая облачность","2026-01-05 00:53"
"-2.40","","-6.20","50","762","1016","","","","1.10","","SSW","Небольшая облачность","2026-01-05 00:54"
"-2.40","","-6.30","50","762","1016","","","","0.50","","SSW","Небольшая облачность","2026-01-05 00:55"
"-2.50","","-6.00","51","762","1016","","","","0.40","","SSW","Небольшая облачность","2026-01-05 00:56"
"-2.50","","-6.00","51","762","1016","","","","0.40","","SSW","Небольшая облачность","2026-01-05 00:57"
"-2.50","","-5.60","51","762","1016","","","","0.40","","SSW","Небольшая облачность","2026-01-05 00:58"
"-2.50","","-6.30","51","762","1016","","","","1.00","","SSW","Небольшая облачность","2026-01-05 00:59"
"-2.50","","-6.30","51","762","1016","","","","0.90","","SSW","Небольшая облачность","2026-01-05 01:00"
"-2.50","","-6.10","51","762","1016","","","","0.70","","SSW","Небольшая облачность","2026-01-05 01:01"
"-2.50","","-6.00","51","762","1016","","","","0.50","","SSW","Небольшая облачность","2026-01-05 01:02"
"-2.60","","-6.10","51","762","1016","","","","0.60","","SSW","Небольшая облачность","2026-01-05 01:03"
"-2.60","","-6.10","51","762","1016","","","","0.60","","SSW","Небольшая облачность","2026-01-05 01:04"
"-2.60","","-6.40","51","762","1016","","","","0.90","","SSW","Небольшая облачность","2026-01-05 01:05"
"-2.60","","-6.20","51","762","1017","","","","0.70","","SSW","Небольшая облачность","2026-01-05 01:06"
"-2.60","","-6.20","51","762","1017","","","","0.70","","SSW","Небольшая облачность","2026-01-05 01:07"
"-2.60","","-6.20","51","762","1017","","","","0.70","","SSW","Небольшая облачность","2026-01-05 01:08"
"-2.70","","-6.60","51","762","1017","","","","1.10","","SSW","Небольшая облачность","2026-01-05 01:09"
"-2.70","","-6.60","51","762","1017","","","","1.10","","SSW","Небольшая облачность","2026-01-05 01:10"
"-2.70","","-6.60","51","762","1017","","","","1.10","","SSW","Небольшая облачность","2026-01-05 01:11"
"-2.80","","-7.80","51","762","1017","","","","2.60","","SSW","Небольшая облачность","2026-01-05 01:12"
"-2.80","","-7.70","51","762","1017","","","","2.50","","SSW","Небольшая облачность","2026-01-05 01:13"
"-2.80","","-6.90","51","762","1017","","","","1.30","","SSW","Небольшая облачность","2026-01-05 01:14"
"-2.90","","-7.00","51","762","1017","","","","1.40","","SSW","Небольшая облачность","2026-01-05 01:15"
"-2.90","","-7.00","51","762","1017","","","","2.50","","SSW","Небольшая облачность","2026-01-05 01:16"
"-2.90","","-7.80","51","762","1017","","","","2.50","","S","Небольшая облачность","2026-01-05 01:17"
"-2.90","","-6.80","51","762","1017","","","","1.90","","S","Небольшая облачность","2026-01-05 01:18"
"-3.00","","-7.50","51","762","1017","","","","0.90","","S","Небольшая облачность","2026-01-05 01:19"
"-3.00","","-6.80","51","762","1017","","","","0.90","","S","Небольшая облачность","2026-01-05 01:20"
"-3.00","","-7.30","51","762","1016","","","","1.60","","S","Небольшая облачность","2026-01-05 01:21"
"-3.00","","-7.30","51","762","1016","","","","1.60","","S","Небольшая облачность","2026-01-05 01:22"
"-3.00","","-7.30","51","762","1016","","","","1.60","","S","Небольшая облачность","2026-01-05 01:23"
"-3.10","","-7.50","51","762","1016","","","","1.10","","S","Небольшая облачность","2026-01-05 01:24"
"-3.10","","-7.10","51","762","1016","","","","0.90","","S","Небольшая облачность","2026-01-05 01:25"
"-3.10","","-6.90","51","762","1016","","","","1.10","","S","Небольшая облачность","2026-01-05 01:26"
"-3.10","","-7.10","51","762","1016","","","","0.40","","S","Небольшая облачность","2026-01-05 01:27"
"-3.10","","-6.30","51","762","1016","","","","0.00","","S","Небольшая облачность","2026-01-05 01:28"
"-3.10","","-6.60","51","762","1016","","","","0.40","","S","Небольшая облачность","2026-01-05 01:29"
"-3.10","","-6.30","51","762","1016","","","","0.00","","S","Небольшая облачность","2026-01-05 01:30"
"-3.10","","-6.30","51","762","1016","","","","0.00","","S","Небольшая облачность","2026-01-05 01:31"
"-3.10","","-6.30","51","762","1016","","","","0.00","","S","Небольшая облачность","2026-01-05 01:32"
"-3.10","","-6.30","51","762","1016","","","","0.00","","S","Небольшая облачность","2026-01-05 01:33"
"-3.10","","-6.30","51","762","1016","","","","0.00","","S","Небольшая облачность","2026-01-05 01:34"
"-3.20","","-6.70","51","762","1016","","","","0.40","","S","Небольшая облачность","2026-01-05 01:35"
"-3.20","","-6.70","51","762","1016","","","","0.40","","S","Небольшая облачность","2026-01-05 01:36"
"-3.20","","-6.70","51","761","1015","","","","0.50","","S","Небольшая облачность","2026-01-05 01:37"
"-3.20","","-6.70","51","761","1015","","","","0.50","","S","Небольшая облачность","2026-01-05 01:38"
"-3.20","","-6.70","51","761","1015","","","","0.60","","S","Небольшая облачность","2026-01-05 01:39"
"-3.20","","-6.70","51","761","1015","","","","0.50","","S","Небольшая облачность","2026-01-05 01:40"
"-3.20","","-6.70","51","761","1015","","","","0.50","","S","Небольшая облачность","2026-01-05 01:41"
"-3.20","","-6.40","52","761","1015","","","","0.00","","S","Небольшая облачность","2026-01-05 01:42"
"-3.20","","-6.40","52","761","1015","","","","0.00","","S","Небольшая облачность","2026-01-05 01:43"
"-3.20","","-6.40","52","761","1015","","","","0.00","","S","Небольшая облачность","2026-01-05 01:44"
"-3.20","","-6.40","52","761","1015","","","","0.00","","S","Небольшая облачность","2026-01-05 01:45"
"-3.20","","-6.40","52","761","1015","","","","0.00","","S","Небольшая облачность","2026-01-05 01:46"
"-3.20","","-6.40","52","761","1015","","","","0.00","","S","Небольшая облачность","2026-01-05 01:47"
"-3.10","","-6.30","52","761","1015","","","","0.00","","S","Небольшая облачность","2026-01-05 01:48"
"-3.10","","-6.30","52","761","1015","","","","0.00","","S","Небольшая облачность","2026-01-05 01:49"
"-3.10","","-6.30","52","761","1015","","","","0.00","","S","Небольшая облачность","2026-01-05 01:50"
"-3.10","","-6.30","52","761","1015","","","","0.00","","S","Небольшая облачность","2026-01-05 01:51"
"-3.10","","-6.30","52","761","1015","","","","0.00","","S","Небольшая облачность","2026-01-05 01:52"
"-3.10","","-6.30","52","761","1015","","","","0.00","","S","Небольшая облачность","2026-01-05 01:53"
"-3.10","","-6.30","52","761","1015","","","","0.00","","S","Небольшая облачность","2026-01-05 01:54"
"-3.10","","-6.30","52","761","1015","","","","0.50","","S","Небольшая облачность","2026-01-05 01:55"
"-3.10","","-6.30","52","761","1015","","","","0.00","","S","Небольшая облачность","2026-01-05 01:56"
"-3.10","","-6.30","52","761","1015","","","","0.00","","S","Небольшая облачность","2026-01-05 01:57"
"-3.10","","-6.30","52","761","1015","","","","0.00","","S","Небольшая облачность","2026-01-05 01:58"
"-3.10","","-6.30","52","761","1015","","","","0.00","","S","Небольшая облачность","2026-01-05 01:59"
"-3.10","","-6.30","52","761","1015","","","","0.00","","S","Небольшая облачность","2026-01-05 02:00"
"-3.10","","-6.30","52","761","1015","","","","0.00","","S","Небольшая облачность","2026-01-05 02:01"
"-3.10","","-6.30","52","761","1015","","","","0.00","","S","Небольшая облачность","2026-01-05 02:02"
"-3.10","","-6.30","52","761","1015","","","","0.00","","S","Небольшая облачность","2026-01-05 02:03"
"-3.10","","-6.20","53","761","1015","","","","0.00","","S","Небольшая облачность","2026-01-05 02:04"
"-3.10","","-6.50","53","761","1015","","","","0.40","","S","Небольшая облачность","2026-01-05 02:05"
"-3.10","","-6.60","53","761","1015","","","","0.50","","S","Небольшая облачность","2026-01-05 02:06"
"-3.10","","-6.60","53","761","1015","","","","0.50","","S","Небольшая облачность","2026-01-05 02:07"
"-3.10","","-6.70","53","761","1015","","","","0.60","","S","Небольшая облачность","2026-01-05 02:08"
"-3.10","","-6.70","53","761","1015","","","","0.40","","S","Небольшая облачность","2026-01-05 02:09"
"-3.10","","-6.50","53","761","1015","","","","0.70","","S","Небольшая облачность","2026-01-05 02:10"
"-3.10","","-6.70","53","761","1015","","","","0.50","","S","Небольшая облачность","2026-01-05 02:11"
"-3.00","","-6.40","53","761","1015","","","","0.40","","S","Небольшая облачность","2026-01-05 02:12"
"-3.10","","-6.50","53","761","1015","","","","0.40","","S","Небольшая облачность","2026-01-05 02:13"
"-3.10","","-6.60","53","761","1015","","","","0.50","","S","Небольшая облачность","2026-01-05 02:14"
"-3.00","","-6.40","53","761","1015","","","","0.40","","S","Небольшая облачность","2026-01-05 02:15"
"-3.00","","-6.40","53","761","1015","","","","0.40","","S","Небольшая облачность","2026-01-05 02:16"
"-3.00","","-6.10","53","761","1015","","","","0.00","","S","Небольшая облачность","2026-01-05 02:17"
"-3.00","","-6.10","53","761","1015","","","","0.40","","S","Небольшая облачность","2026-01-05 02:18"
"-3.00","","-6.10","53","761","1015","","","","0.40","","S","Небольшая облачность","2026-01-05 02:19"
"-3.10","","-6.50","53","761","1015","","","","0.90","","S","Небольшая облачность","2026-01-05 02:20"
"-3.00","","-6.40","53","760","1014","","","","0.40","","S","Небольшая облачность","2026-01-05 02:21"
"-3.00","","-6.40","53","760","1014","","","","0.40","","S","Небольшая облачность","2026-01-05 02:22"
"-3.00","","-6.40","53","760","1014","","","","0.40","","S","Небольшая облачность","2026-01-05 02:23"
"-3.10","","-6.50","53","760","1014","","","","0.50","","S","Небольшая облачность","2026-01-05 02:24"
"-3.10","","-6.60","53","760","1014","","","","0.00","","S","Небольшая облачность","2026-01-05 02:25"
"-3.10","","-6.20","53","760","1014","","","","0.50","","S","Небольшая облачность","2026-01-05 02:26"
"-3.10","","-6.20","53","760","1014","","","","0.00","","S","Небольшая облачность","2026-01-05 02:27"
"-3.10","","-6.20","53","760","1014","","","","0.00","","S","Небольшая облачность","2026-01-05 02:28"
"-3.10","","-6.20","53","760","1014","","","","0.50","","S","Небольшая облачность","2026-01-05 02:29"
"-3.10","","-6.60","53","760","1014","","","","0.50","","S","Небольшая облачность","2026-01-05 02:30"
"-3.10","","-6.60","53","760","1014","","","","0.50","","S","Небольшая облачность","2026-01-05 02:31"
"-3.10","","-6.60","53","760","1014","","","","0.50","","S","Небольшая облачность","2026-01-05 02:32"
"-3.10","","-6.60","53","760","1014","","","","0.50","","S","Небольшая облачность","2026-01-05 02:33"
"-3.10","","-6.50","53","760","1014","","","","0.40","","S","Небольшая облачность","2026-01-05 02:34"
"-3.10","","-6.50","54","760","1014","","","","0.40","","S","Небольшая облачность","2026-01-05 02:35"
"-3.10","","-6.50","54","760","1014","","","","0.40","","S","Небольшая облачность","2026-01-05 02:36"
"-3.10","","-6.50","54","760","1014","","","","0.40","","S","Небольшая облачность","2026-01-05 02:37"
"-3.10","","-6.50","54","760","1014","","","","0.90","","S","Небольшая облачность","2026-01-05 02:38"
"-3.10","","-6.90","54","760","1014","","","","1.00","","S","Небольшая облачность","2026-01-05 02:39"
"-3.10","","-6.90","54","760","1014","","","","0.70","","S","Небольшая облачность","2026-01-05 02:40"
"-3.10","","-6.70","54","760","1014","","","","1.00","","S","Небольшая облачность","2026-01-05 02:41"
"-3.10","","-6.70","54","760","1014","","","","0.70","","S","Небольшая облачность","2026-01-05 02:42"
"-3.10","","-6.90","54","760","1014","","","","0.90","","S","Небольшая облачность","2026-01-05 02:43"
"-3.10","","-6.70","54","760","1014","","","","0.60","","S","Небольшая облачность","2026-01-05 02:44"
"-3.10","","-6.60","54","760","1014","","","","0.50","","S","Небольшая облачность","2026-01-05 02:45"
"-3.10","","-6.70","54","760","1014","","","","0.60","","S","Небольшая облачность","2026-01-05 02:46"
"-3.10","","-6.70","54","760","1014","","","","0.40","","S","Небольшая облачность","2026-01-05 02:47"
"-3.00","","-6.40","54","760","1014","","","","0.40","","S","Небольшая облачность","2026-01-05 02:48"
"-3.00","","-6.40","54","760","1014","","","","0.50","","S","Небольшая облачность","2026-01-05 02:49"
"-3.00","","-6.40","54","760","1014","","","","0.50","","S","Небольшая облачность","2026-01-05 02:50"
"-3.00","","-6.40","54","759","1013","","","","0.40","","S","Небольшая облачность","2026-01-05 02:51"
"-3.00","","-6.50","54","759","1013","","","","0.50","","S","Небольшая облачность","2026-01-05 02:52"
"-3.00","","-6.10","54","759","1013","","","","0.00","","S","Небольшая облачность","2026-01-05 02:53"
"-3.00","","-6.10","54","759","1013","","","","0.00","","S","Небольшая облачность","2026-01-05 02:54"
"-3.00","","-6.60","54","759","1013","","","","0.70","","S","Небольшая облачность","2026-01-05 02:55"
"-3.00","","-6.60","54","759","1013","","","","0.00","","S","Небольшая облачность","2026-01-05 02:56"
"-2.90","","-6.00","54","759","1013","","","","0.50","","S","Небольшая облачность","2026-01-05 02:57"
"-2.90","","-6.40","55","759","1013","","","","0.50","","S","Небольшая облачность","2026-01-05 02:58"
"-2.90","","-6.40","55","759","1013","","","","0.50","","S","Небольшая облачность","2026-01-05 02:59"
"-2.90","","-6.40","55","759","1013","","","","0.50","","S","Небольшая облачность","2026-01-05 03:00"
"-2.90","","-6.40","55","759","1013","","","","0.40","","S","Небольшая облачность","2026-01-05 03:01"
"-2.90","","-6.30","55","759","1013","","","","0.40","","S","Небольшая облачность","2026-01-05 03:02"
"-2.80","","-6.20","55","759","1013","","","","0.70","","S","Небольшая облачность","2026-01-05 03:03"
"-2.80","","-6.20","55","759","1013","","","","0.70","","S","Небольшая облачность","2026-01-05 03:04"
"-2.80","","-6.50","55","759","1013","","","","0.90","","S","Небольшая облачность","2026-01-05 03:05"
"-2.80","","-6.20","55","759","1012","","","","0.40","","S","Небольшая облачность","2026-01-05 03:06"
"-2.80","","-6.20","55","759","1012","","","","0.40","","S","Небольшая облачность","2026-01-05 03:07"
"-2.80","","-6.20","55","759","1012","","","","0.50","","S","Небольшая облачность","2026-01-05 03:08"
"-2.80","","-6.20","55","759","1012","","","","0.40","","S","Небольшая облачность","2026-01-05 03:09"
"-2.80","","-6.20","55","759","1012","","","","0.50","","S","Небольшая облачность","2026-01-05 03:10"
"-2.80","","-6.20","55","759","1012","","","","0.50","","S","Небольшая облачность","2026-01-05 03:11"
"-2.80","","-6.20","55","759","1012","","","","0.70","","S","Небольшая облачность","2026-01-05 03:12"
"-2.80","","-6.40","55","759","1012","","","","0.70","","S","Небольшая облачность","2026-01-05 03:13"
"-2.80","","-6.20","55","759","1012","","","","0.50","","S","Небольшая облачность","2026-01-05 03:14"
"-2.80","","-6.20","55","759","1012","","","","0.60","","S","Небольшая облачность","2026-01-05 03:15"
"-2.80","","-6.50","55","759","1012","","","","0.90","","S","Небольшая облачность","2026-01-05 03:16"
"-2.80","","-6.20","55","759","1012","","","","0.50","","S","Небольшая облачность","2026-01-05 03:17"
"-2.80","","-6.20","55","759","1012","","","","1.10","","S","Небольшая облачность","2026-01-05 03:18"
"-2.80","","-6.20","55","759","1012","","","","0.70","","S","Небольшая облачность","2026-01-05 03:19"
"-2.80","","-6.20","55","759","1012","","","","0.40","","S","Небольшая облачность","2026-01-05 03:20"
"-2.80","","-6.20","55","759","1012","","","","0.40","","S","Небольшая облачность","2026-01-05 03:21"
"-2.80","","-6.20","55","758","1011","","","","0.50","","S","Небольшая облачность","2026-01-05 03:22"
"-2.80","","-6.20","55","758","1011","","","","0.50","","S","Небольшая облачность","2026-01-05 03:23"
"-2.80","","-6.20","55","758","1011","","","","0.50","","S","Небольшая облачность","2026-01-05 03:24"
"-2.80","","-6.50","55","758","1011","","","","0.90","","S","Небольшая облачность","2026-01-05 03:25"
"-2.80","","-6.50","55","758","1011","","","","0.40","","S","Небольшая облачность","2026-01-05 03:26"
"-2.80","","-6.50","55","758","1011","","","","0.40","","S","Небольшая облачность","2026-01-05 03:27"
"-2.80","","-6.20","56","758","1011","","","","0.50","","S","Небольшая облачность","2026-01-05 03:28"
"-2.80","","-6.20","56","758","1011","","","","1.00","","S","Небольшая облачность","2026-01-05 03:29"
"-2.80","","-6.20","56","758","1011","","","","0.50","","S","Небольшая облачность","2026-01-05 03:30"
"-2.80","","-6.20","56","758","1011","","","","0.90","","S","Небольшая облачность","2026-01-05 03:31"
"-2.70","","-6.20","56","758","1011","","","","0.60","","S","Небольшая облачность","2026-01-05 03:32"
"-2.70","","-6.20","56","758","1011","","","","0.60","","S","Небольшая облачность","2026-01-05 03:33"
"-2.70","","-6.30","56","758","1011","","","","0.00","","S","Небольшая облачность","2026-01-05 03:34"
"-2.70","","-6.20","56","758","1011","","","","0.60","","S","Небольшая облачность","2026-01-05 03:35"
"-2.70","","-6.10","56","759","1012","","","","0.50","","S","Небольшая облачность","2026-01-05 03:36"
"-2.70","","-6.10","56","759","1012","","","","0.50","","S","Небольшая облачность","2026-01-05 03:37"
"-2.70","","-6.30","56","759","1012","","","","0.70","","S","Небольшая облачность","2026-01-05 03:38"
"-2.70","","-6.30","56","759","1012","","","","0.70","","S","Небольшая облачность","2026-01-05 03:39"
"-2.70","","-6.30","56","759","1012","","","","0.90","","S","Небольшая облачность","2026-01-05 03:40"
"-2.70","","-6.30","56","759","1012","","","","0.90","","S","Небольшая облачность","2026-01-05 03:41"
"-2.70","","-6.40","56","759","1012","","","","0.70","","S","Небольшая облачность","2026-01-05 03:42"
"-2.70","","-6.50","56","759","1012","","","","1.00","","S","Небольшая облачность","2026-01-05 03:43"
"-2.70","","-6.50","56","759","1012","","","","1.00","","S","Небольшая облачность","2026-01-05 03:44"
"-2.70","","-6.50","56","759","1012","","","","1.00","","S","Небольшая облачность","2026-01-05 03:45"
"-2.70","","-6.50","56","759","1012","","","","1.00","","S","Небольшая облачность","2026-01-05 03:46"
"-2.70","","-6.50","56","759","1012","","","","0.50","","S","Небольшая облачность","2026-01-05 03:47"
"-2.70","","-6.50","56","759","1012","","","","0.90","","S","Небольшая облачность","2026-01-05 03:48"
"-2.70","","-6.50","56","759","1012","","","","0.90","","S","Небольшая облачность","2026-01-05 03:49"
"-2.60","","-6.00","56","759","1012","","","","0.50","","SSW","Небольшая облачность","2026-01-05 03:50"
"-2.60","","-6.20","56","758","1011","","","","0.70","","SSW","Небольшая облачность","2026-01-05 03:51"
"-2.60","","-6.00","56","758","1011","","","","0.50","","SSW","Небольшая облачность","2026-01-05 03:52"
"-2.60","","-6.00","56","758","1011","","","","0.50","","SSW","Небольшая облачность","2026-01-05 03:53"
"-2.60","","-6.00","56","758","1011","","","","0.70","","SSW","Небольшая облачность","2026-01-05 03:54"
"-2.60","","-6.30","56","758","1011","","","","0.90","","SSW","Небольшая облачность","2026-01-05 03:55"
"-2.60","","-6.30","56","758","1011","","","","0.90","","SSW","Небольшая облачность","2026-01-05 03:56"
"-2.60","","-6.30","56","758","1011","","","","1.30","","SSW","Небольшая облачность","2026-01-05 03:57"
"-2.60","","-6.10","56","758","1011","","","","0.60","","SSW","Небольшая облачность","2026-01-05 03:58"
"-2.60","","-6.40","56","758","1011","","","","1.10","","SSW","Небольшая облачность","2026-01-05 03:59"
"-2.60","","-6.40","56","758","1011","","","","1.10","","SSW","Небольшая облачность","2026-01-05 04:00"
"-2.60","","-6.40","56","758","1011","","","","1.10","","SSW","Небольшая облачность","2026-01-05 04:01"
"-2.60","","-6.10","57","758","1011","","","","0.70","","SSW","Небольшая облачность","2026-01-05 04:02"
"-2.60","","-6.10","57","758","1011","","","","0.60","","SSW","Небольшая облачность","2026-01-05 04:03"
"-2.60","","-6.00","57","758","1011","","","","0.50","","SSW","Небольшая облачность","2026-01-05 04:04"
"-2.60","","-6.00","57","758","1011","","","","1.00","","SSW","Небольшая облачность","2026-01-05 04:05"
"-2.60","","-6.00","57","758","1011","","","","1.00","","SSW","Небольшая облачность","2026-01-05 04:06"
"-2.60","","-6.00","57","758","1011","","","","0.60","","SSW","Небольшая облачность","2026-01-05 04:07"
"-2.60","","-6.10","57","758","1011","","","","0.60","","SSW","Небольшая облачность","2026-01-05 04:08"
"-2.60","","-6.30","57","758","1011","","","","1.10","","SSW","Небольшая облачность","2026-01-05 04:09"
"-2.50","","-6.30","57","758","1011","","","","0.40","","SSW","Небольшая облачность","2026-01-05 04:10"
"-2.50","","-6.30","57","758","1011","","","","0.40","","SSW","Небольшая облачность","2026-01-05 04:11"
"-2.50","","-6.00","57","758","1011","","","","1.10","","SSW","Небольшая облачность","2026-01-05 04:12"
"-2.50","","-6.00","57","758","1011","","","","1.00","","SSW","Небольшая облачность","2026-01-05 04:13"
"-2.50","","-6.00","57","758","1011","","","","1.00","","SSW","Небольшая облачность","2026-01-05 04:14"
"-2.50","","-5.80","57","758","1011","","","","0.40","","SSW","Небольшая облачность","2026-01-05 04:15"
"-2.50","","-5.80","57","758","1011","","","","0.40","","SSW","Небольшая облачность","2026-01-05 04:16"
"-2.50","","-6.30","57","758","1011","","","","0.70","","SSW","Небольшая облачность","2026-01-05 04:17"
"-2.50","","-6.00","57","758","1011","","","","1.20","","SSW","Небольшая облачность","2026-01-05 04:18"
"-2.50","","-6.40","57","758","1011","","","","1.20","","SSW","Небольшая облачность","2026-01-05 04:19"
"-2.50","","-6.40","57","758","1011","","","","1.20","","SSW","Небольшая облачность","2026-01-05 04:20"
"-2.50","","-6.50","57","757","1010","","","","1.30","","SSW","Небольшая облачность","2026-01-05 04:21"
"-2.50","","-6.50","57","757","1010","","","","0.70","","SSW","Небольшая облачность","2026-01-05 04:22"
"-2.50","","-6.00","57","757","1010","","","","0.70","","SSW","Небольшая облачность","2026-01-05 04:23"
"-2.50","","-6.30","57","757","1010","","","","1.10","","SSW","Небольшая облачность","2026-01-05 04:24"
"-2.50","","-6.30","57","757","1010","","","","1.60","","SSW","Небольшая облачность","2026-01-05 04:25"
"-2.50","","-6.70","57","757","1010","","","","1.60","","SSW","Небольшая облачность","2026-01-05 04:26"
"-2.50","","-7.40","57","757","1010","","","","1.10","","SSW","Небольшая облачность","2026-01-05 04:27"
"-2.60","","-6.50","57","757","1010","","","","1.20","","SSW","Небольшая облачность","2026-01-05 04:28"
"-2.60","","-6.30","57","757","1010","","","","1.00","","SSW","Небольшая облачность","2026-01-05 04:29"
"-2.60","","-6.30","57","757","1010","","","","1.00","","SSW","Небольшая облачность","2026-01-05 04:30"
"-2.60","","-6.30","57","757","1010","","","","1.00","","SSW","Небольшая облачность","2026-01-05 04:31"
"-2.50","","-6.00","57","757","1010","","","","0.60","","SSW","Небольшая облачность","2026-01-05 04:32"
"-2.50","","-6.00","57","757","1010","","","","0.90","","SSW","Небольшая облачность","2026-01-05 04:33"
"-2.50","","-6.20","57","757","1010","","","","1.20","","SSW","Небольшая облачность","2026-01-05 04:34"
"-2.50","","-6.20","57","757","1010","","","","1.10","","SSW","Небольшая облачность","2026-01-05 04:35"
"-2.60","","-6.30","57","756","1009","","","","0.90","","SSW","Небольшая облачность","2026-01-05 04:36"
"-2.60","","-6.30","57","756","1009","","","","0.90","","SSW","Небольшая облачность","2026-01-05 04:37"
"-2.60","","-6.30","57","756","1009","","","","0.70","","SSW","Небольшая облачность","2026-01-05 04:38"
"-2.60","","-6.10","57","756","1009","","","","0.90","","SSW","Небольшая облачность","2026-01-05 04:39"
"-2.60","","-6.00","57","756","1009","","","","0.50","","SSW","Небольшая облачность","2026-01-05 04:40"
"-2.60","","-6.10","57","756","1009","","","","0.60","","SSW","Небольшая облачность","2026-01-05 04:41"
"-2.60","","-6.10","57","756","1009","","","","1.00","","SSW","Небольшая облачность","2026-01-05 04:42"
"-2.60","","-6.30","57","756","1009","","","","0.50","","SSW","Небольшая облачность","2026-01-05 04:43"
"-2.60","","-6.00","57","756","1009","","","","0.50","","SSW","Небольшая облачность","2026-01-05 04:44"
"-2.60","","-6.30","57","756","1009","","","","1.00","","SSW","Небольшая облачность","2026-01-05 04:45"
"-2.60","","-6.10","57","756","1009","","","","0.70","","SSW","Небольшая облачность","2026-01-05 04:46"
"-2.60","","-6.10","57","756","1009","","","","0.60","","SSW","Небольшая облачность","2026-01-05 04:47"
"-2.60","","-6.10","57","756","1009","","","","0.90","","SSW","Небольшая облачность","2026-01-05 04:48"
"-2.60","","-6.40","57","756","1009","","","","1.10","","SSW","Небольшая облачность","2026-01-05 04:49"
"-2.60","","-6.40","57","756","1009","","","","1.60","","SSW","Небольшая облачность","2026-01-05 04:50"
"-2.60","","-6.80","57","757","1010","","","","1.60","","SSW","Небольшая облачность","2026-01-05 04:51"
"-2.60","","-6.80","57","757","1010","","","","1.60","","SSW","Небольшая облачность","2026-01-05 04:52"
"-2.60","","-6.40","57","757","1010","","","","1.10","","SSW","Небольшая облачность","2026-01-05 04:53"
"-2.60","","-6.10","57","757","1010","","","","0.70","","SSW","Небольшая облачность","2026-01-05 04:54"
"-2.60","","-6.00","58","757","1010","","","","0.50","","SSW","Небольшая облачность","2026-01-05 04:55"
"-2.60","","-6.30","58","757","1010","","","","0.90","","SSW","Небольшая облачность","2026-01-05 04:56"
"-2.60","","-6.30","58","757","1010","","","","0.90","","SSW","Небольшая облачность","2026-01-05 04:57"
"-2.60","","-6.90","58","757","1010","","","","1.80","","SSW","Небольшая облачность","2026-01-05 04:58"
"-2.60","","-6.90","58","757","1010","","","","1.80","","SSW","Небольшая облачность","2026-01-05 04:59"
"-2.60","","-6.90","58","757","1010","","","","1.80","","SSW","Небольшая облачность","2026-01-05 05:00"
"-2.60","","-6.90","58","757","1010","","","","1.80","","SSW","Небольшая облачность","2026-01-05 05:01"
"-2.60","","-6.50","58","757","1010","","","","1.10","","SSW","Небольшая облачность","2026-01-05 05:02"
"-2.60","","-6.50","58","757","1010","","","","0.90","","SSW","Небольшая облачность","2026-01-05 05:03"
"-2.60","","-6.30","58","757","1010","","","","1.40","","SSW","Небольшая облачность","2026-01-05 05:04"
"-2.60","","-6.60","58","757","1010","","","","0.70","","SSW","Небольшая облачность","2026-01-05 05:05"
"-2.60","","-6.10","58","756","1009","","","","0.70","","SSW","Небольшая облачность","2026-01-05 05:06"
"-2.60","","-6.70","58","756","1009","","","","1.50","","SSW","Небольшая облачность","2026-01-05 05:07"
"-2.60","","-6.70","58","756","1009","","","","1.50","","SSW","Небольшая облачность","2026-01-05 05:08"
"-2.60","","-6.80","58","756","1009","","","","1.60","","SSW","Небольшая облачность","2026-01-05 05:09"
"-2.60","","-6.80","58","756","1009","","","","1.50","","SSW","Небольшая облачность","2026-01-05 05:10"
"-2.60","","-6.70","58","756","1009","","","","0.90","","SSW","Небольшая облачность","2026-01-05 05:11"
"-2.50","","-6.20","58","756","1009","","","","1.20","","SSW","Небольшая облачность","2026-01-05 05:12"
"-2.50","","-6.20","58","756","1009","","","","0.90","","SSW","Небольшая облачность","2026-01-05 05:13"
"-2.50","","-5.50","58","756","1009","","","","0.00","","SSW","Небольшая облачность","2026-01-05 05:14"
"-2.50","","-5.50","58","756","1009","","","","0.00","","SSW","Небольшая облачность","2026-01-05 05:15"
"-2.50","","-6.20","58","756","1009","","","","1.00","","SSW","Небольшая облачность","2026-01-05 05:16"
"-2.50","","-6.00","58","756","1009","","","","0.70","","SSW","Небольшая облачность","2026-01-05 05:17"
"-2.50","","-6.00","58","756","1009","","","","0.40","","SSW","Небольшая облачность","2026-01-05 05:18"
"-2.50","","-6.00","58","756","1009","","","","0.50","","SSW","Небольшая облачность","2026-01-05 05:19"
"-2.50","","-6.00","58","756","1009","","","","0.90","","SSW","Небольшая облачность","2026-01-05 05:20"
"-2.50","","-6.00","58","756","1009","","","","0.90","","SSW","Небольшая облачность","2026-01-05 05:21"
"-2.40","","-6.00","58","756","1008","","","","1.00","","SSW","Небольшая облачность","2026-01-05 05:22"
"-2.40","","-6.10","58","756","1008","","","","1.50","","SSW","Небольшая облачность","2026-01-05 05:23"
"-2.40","","-6.50","58","756","1008","","","","1.50","","SSW","Небольшая облачность","2026-01-05 05:24"
"-2.40","","-5.80","58","756","1008","","","","0.50","","SSW","Небольшая облачность","2026-01-05 05:25"
"-2.40","","-5.80","58","756","1008","","","","0.50","","SSW","Небольшая облачность","2026-01-05 05:26"
"-2.40","","-5.80","58","756","1008","","","","0.40","","SSW","Небольшая облачность","2026-01-05 05:27"
"-2.40","","-5.70","58","756","1008","","","","0.40","","SSW","Небольшая облачность","2026-01-05 05:28"
"-2.40","","-5.70","58","756","1008","","","","0.70","","SSW","Небольшая облачность","2026-01-05 05:29"
"-2.40","","-5.70","58","756","1008","","","","0.90","","SSW","Небольшая облачность","2026-01-05 05:30"
"-2.40","","-5.70","58","756","1008","","","","0.50","","SSW","Небольшая облачность","2026-01-05 05:31"
"-2.40","","-5.70","58","756","1008","","","","0.40","","SSW","Небольшая облачность","2026-01-05 05:32"
"-2.30","","-5.60","59","756","1008","","","","0.50","","SSW","Небольшая облачность","2026-01-05 05:33"
"-2.30","","-5.60","59","756","1008","","","","0.60","","SSW","Небольшая облачность","2026-01-05 05:34"
"-2.30","","-5.60","59","756","1008","","","","0.60","","SSW","Небольшая облачность","2026-01-05 05:35"
"-2.30","","-5.70","59","756","1008","","","","0.60","","SSW","Небольшая облачность","2026-01-05 05:36"
"-2.30","","-5.80","59","756","1008","","","","0.70","","SSW","Небольшая облачность","2026-01-05 05:37"
"-2.30","","-5.90","59","756","1008","","","","0.90","","SSW","Небольшая облачность","2026-01-05 05:38"
"-2.30","","-6.00","59","756","1008","","","","1.00","","SSW","Небольшая облачность","2026-01-05 05:39"
"-2.30","","-6.00","59","756","1008","","","","0.70","","SSW","Небольшая облачность","2026-01-05 05:40"
"-2.30","","-6.00","59","756","1008","","","","0.70","","SSW","Небольшая облачность","2026-01-05 05:41"
"-2.30","","-6.00","59","756","1008","","","","0.70","","SSW","Небольшая облачность","2026-01-05 05:42"
"-2.30","","-5.80","59","756","1008","","","","0.70","","SSW","Небольшая облачность","2026-01-05 05:43"
"-2.30","","-5.70","59","756","1008","","","","0.60","","SSW","Небольшая облачность","2026-01-05 05:44"
"-2.30","","-6.00","59","756","1008","","","","1.00","","SSW","Небольшая облачность","2026-01-05 05:45"
"-2.30","","-6.00","59","756","1008","","","","1.00","","SSW","Небольшая облачность","2026-01-05 05:46"
"-2.30","","-6.30","59","756","1008","","","","1.50","","SSW","Небольшая облачность","2026-01-05 05:47"
"-2.30","","-6.30","59","756","1008","","","","1.50","","SSW","Небольшая облачность","2026-01-05 05:48"
"-2.20","","-6.20","59","756","1008","","","","1.50","","SSW","Небольшая облачность","2026-01-05 05:49"
"-2.20","","-6.20","59","756","1008","","","","1.50","","SSW","Небольшая облачность","2026-01-05 05:50"
"-2.20","","-6.20","59","756","1008","","","","1.50","","SSW","Небольшая облачность","2026-01-05 05:51"
"-2.20","","-6.20","59","756","1008","","","","1.50","","SSW","Небольшая облачность","2026-01-05 05:52"
"-2.20","","-6.10","59","756","1008","","","","1.30","","SSW","Небольшая облачность","2026-01-05 05:53"
"-2.20","","-5.70","59","756","1008","","","","0.70","","SSW","Небольшая облачность","2026-01-05 05:54"
"-2.20","","-5.80","59","756","1008","","","","0.90","","SSW","Небольшая облачность","2026-01-05 05:55"
"-2.20","","-5.80","59","756","1008","","","","0.90","","SSW","Небольшая облачность","2026-01-05 05:56"
"-2.20","","-6.10","59","756","1008","","","","1.30","","SSW","Небольшая облачность","2026-01-05 05:57"
"-2.20","","-6.50","59","756","1008","","","","1.60","","SSW","Небольшая облачность","2026-01-05 05:58"
"-2.20","","-6.20","59","756","1008","","","","1.40","","SSW","Небольшая облачность","2026-01-05 05:59"
"-2.20","","-6.20","59","756","1008","","","","1.20","","SSW","Небольшая облачность","2026-01-05 06:00"
"-2.20","","-6.60","59","756","1008","","","","2.00","","SSW","Небольшая облачность","2026-01-05 06:01"
"-2.20","","-6.60","59","756","1008","","","","1.00","","SSW","Небольшая облачность","2026-01-05 06:02"
"-2.20","","-5.90","59","756","1008","","","","1.00","","SSW","Небольшая облачность","2026-01-05 06:03"
"-2.20","","-5.90","59","756","1008","","","","1.00","","SSW","Небольшая облачность","2026-01-05 06:04"
"-2.20","","-5.90","59","756","1008","","","","1.00","","SSW","Небольшая облачность","2026-01-05 06:05"
"-2.20","","-5.90","59","756","1008","","","","1.00","","SSW","Небольшая облачность","2026-01-05 06:06"
"-2.20","","-5.90","59","756","1008","","","","1.00","","SSW","Небольшая облачность","2026-01-05 06:07"
"-2.20","","-6.00","59","756","1008","","","","1.20","","SSW","Небольшая облачность","2026-01-05 06:08"
"-2.20","","-6.00","59","756","1008","","","","0.70","","SSW","Небольшая облачность","2026-01-05 06:09"
"-2.20","","-5.70","59","756","1008","","","","1.50","","SSW","Небольшая облачность","2026-01-05 06:10"
"-2.20","","-5.70","59","756","1008","","","","1.50","","SSW","Небольшая облачность","2026-01-05 06:11"
"-2.20","","-6.20","59","756","1008","","","","1.50","","SSW","Небольшая облачность","2026-01-05 06:12"
"-2.10","","-6.10","59","756","1008","","","","1.50","","SSW","Небольшая облачность","2026-01-05 06:13"
"-2.10","","-6.50","59","756","1008","","","","2.10","","SSW","Небольшая облачность","2026-01-05 06:14"
"-2.10","","-6.10","59","756","1008","","","","1.40","","SSW","Небольшая облачность","2026-01-05 06:15"
"-2.10","","-6.10","59","756","1008","","","","1.40","","SSW","Небольшая облачность","2026-01-05 06:16"
"-2.10","","-5.30","60","756","1008","","","","0.40","","SSW","Небольшая облачность","2026-01-05 06:17"
"-2.10","","-5.30","60","756","1008","","","","1.20","","SSW","Небольшая облачность","2026-01-05 06:18"
"-2.10","","-5.90","60","756","1008","","","","1.20","","SSW","Небольшая облачность","2026-01-05 06:19"
"-2.10","","-5.90","60","756","1008","","","","1.20","","SSW","Небольшая облачность","2026-01-05 06:20"
"-2.00","","-5.70","60","756","1008","","","","1.00","","SSW","Небольшая облачность","2026-01-05 06:21"
"-2.00","","-5.70","60","756","1008","","","","0.60","","SSW","Небольшая облачность","2026-01-05 06:22"
"-2.00","","-5.40","60","756","1008","","","","0.60","","SSW","Небольшая облачность","2026-01-05 06:23"
"-2.00","","-5.40","60","756","1008","","","","1.40","","SSW","Небольшая облачность","2026-01-05 06:24"
"-2.00","","-5.40","60","756","1008","","","","1.40","","SSW","Небольшая облачность","2026-01-05 06:25"
"-2.00","","-5.90","60","756","1008","","","","1.40","","SSW","Небольшая облачность","2026-01-05 06:26"
"-2.00","","-5.90","60","756","1008","","","","1.40","","SSW","Небольшая облачность","2026-01-05 06:27"
"-2.00","","-5.40","60","756","1008","","","","0.70","","SSW","Небольшая облачность","2026-01-05 06:28"
"-2.00","","-5.40","60","756","1008","","","","0.70","","SSW","Небольшая облачность","2026-01-05 06:29"
"-1.90","","-5.20","60","756","1008","","","","0.50","","SSW","Небольшая облачность","2026-01-05 06:30"
"-1.90","","-5.20","60","756","1008","","","","0.50","","SSW","Небольшая облачность","2026-01-05 06:31"
"-1.90","","-5.20","60","756","1008","","","","0.50","","SSW","Небольшая облачность","2026-01-05 06:32"
"-1.90","","-5.20","60","756","1008","","","","0.50","","SSW","Небольшая облачность","2026-01-05 06:33"
"-1.90","","-5.90","60","756","1008","","","","1.50","","SSW","Небольшая облачность","2026-01-05 06:34"
"-1.90","","-5.90","60","756","1008","","","","1.50","","SSW","Небольшая облачность","2026-01-05 06:35"
"-1.90","","-5.90","60","756","1008","","","","1.50","","SSW","Небольшая облачность","2026-01-05 06:36"
"-1.90","","-5.30","60","755","1007","","","","0.60","","SSW","Небольшая облачность","2026-01-05 06:37"
"-1.90","","-5.70","60","755","1007","","","","1.20","","SSW","Небольшая облачность","2026-01-05 06:38"
"-1.90","","-5.80","60","755","1007","","","","1.30","","SSW","Небольшая облачность","2026-01-05 06:39"
"-1.90","","-5.80","60","755","1007","","","","0.70","","SSW","Небольшая облачность","2026-01-05 06:40"
"-1.90","","-5.80","60","755","1007","","","","0.70","","SSW","Небольшая облачность","2026-01-05 06:41"
"-1.90","","-5.30","60","755","1007","","","","0.70","","SSW","Небольшая облачность","2026-01-05 06:42"
"-1.90","","-5.30","60","755","1007","","","","0.60","","SSW","Небольшая облачность","2026-01-05 06:43"
"-1.90","","-5.30","60","755","1007","","","","0.60","","SSW","Небольшая облачность","2026-01-05 06:44"
"-1.90","","-5.20","60","755","1007","","","","0.50","","SSW","Небольшая облачность","2026-01-05 06:45"
"-1.90","","-5.20","61","755","1007","","","","0.50","","SSW","Небольшая облачность","2026-01-05 06:46"
"-1.90","","-5.20","61","755","1007","","","","0.90","","SSW","Небольшая облачность","2026-01-05 06:47"
"-1.80","","-5.60","61","755","1007","","","","1.20","","SSW","Небольшая облачность","2026-01-05 06:48"
"-1.80","","-5.60","61","755","1007","","","","1.20","","SSW","Небольшая облачность","2026-01-05 06:49"
"-1.80","","-5.20","61","755","1007","","","","0.90","","SSW","Небольшая облачность","2026-01-05 06:50"
"-1.80","","-5.40","61","755","1007","","","","0.90","","SSW","Небольшая облачность","2026-01-05 06:51"
"-1.80","","-5.40","61","755","1007","","","","0.90","","SSW","Небольшая облачность","2026-01-05 06:52"
"-1.70","","-5.00","61","755","1007","","","","0.50","","SSW","Небольшая облачность","2026-01-05 06:53"
"-1.70","","-5.00","61","755","1007","","","","1.00","","SSW","Небольшая облачность","2026-01-05 06:54"
"-1.70","","-5.00","61","755","1007","","","","1.00","","SSW","Небольшая облачность","2026-01-05 06:55"
"-1.70","","-5.20","61","755","1007","","","","0.90","","SSW","Небольшая облачность","2026-01-05 06:56"
"-1.70","","-5.20","61","755","1007","","","","0.90","","SSW","Небольшая облачность","2026-01-05 06:57"
"-1.70","","-5.20","61","755","1007","","","","1.20","","SSW","Небольшая облачность","2026-01-05 06:58"
"-1.70","","-5.50","61","755","1007","","","","0.60","","SSW","Небольшая облачность","2026-01-05 06:59"
"-1.60","","-4.90","61","755","1007","","","","0.60","","SSW","Небольшая облачность","2026-01-05 07:00"
"-1.60","","-4.90","61","755","1007","","","","0.60","","SSW","Небольшая облачность","2026-01-05 07:01"
"-1.60","","-4.90","61","755","1007","","","","0.60","","SSW","Небольшая облачность","2026-01-05 07:02"
"-1.60","","-4.90","61","755","1007","","","","0.90","","SSW","Небольшая облачность","2026-01-05 07:03"
"-1.60","","-5.10","61","755","1007","","","","0.70","","SSW","Небольшая облачность","2026-01-05 07:04"
"-1.60","","-5.10","61","755","1007","","","","0.60","","SSW","Небольшая облачность","2026-01-05 07:05"
"-1.60","","-5.10","61","755","1007","","","","0.60","","SSW","Небольшая облачность","2026-01-05 07:06"
"-1.50","","-4.80","62","754","1006","","","","0.60","","SSW","Небольшая облачность","2026-01-05 07:07"
"-1.50","","-4.80","62","754","1006","","","","0.60","","SSW","Небольшая облачность","2026-01-05 07:08"
"-1.50","","-4.80","62","754","1006","","","","0.60","","SSW","Небольшая облачность","2026-01-05 07:09"
"-1.50","","-4.90","62","754","1006","","","","0.70","","SSW","Небольшая облачность","2026-01-05 07:10"
"-1.50","","-4.90","62","754","1006","","","","0.70","","SSW","Небольшая облачность","2026-01-05 07:11"
"-1.50","","-4.90","62","754","1006","","","","0.70","","SSW","Небольшая облачность","2026-01-05 07:12"
"-1.40","","-4.70","62","754","1006","","","","0.90","","SSW","Небольшая облачность","2026-01-05 07:13"
"-1.40","","-4.90","62","754","1006","","","","0.90","","SSW","Небольшая облачность","2026-01-05 07:14"
"-1.40","","-4.90","62","754","1006","","","","1.00","","SSW","Небольшая облачность","2026-01-05 07:15"
"-1.40","","-5.00","62","754","1006","","","","1.00","","SSW","Небольшая облачность","2026-01-05 07:16"
"-1.40","","-5.00","62","754","1006","","","","1.00","","SSW","Небольшая облачность","2026-01-05 07:17"
"-1.40","","-5.00","62","754","1006","","","","1.00","","SSW","Небольшая облачность","2026-01-05 07:18"
"-1.30","","-4.60","62","754","1006","","","","1.40","","SSW","Небольшая облачность","2026-01-05 07:19"
"-1.30","","-5.10","62","754","1006","","","","1.10","","S","Небольшая облачность","2026-01-05 07:20"
"-1.30","","-4.90","62","755","1007","","","","1.10","","S","Небольшая облачность","2026-01-05 07:21"
"-1.30","","-4.90","62","755","1007","","","","1.10","","S","Небольшая облачность","2026-01-05 07:22"
"-1.30","","-4.60","62","755","1007","","","","0.60","","S","Небольшая облачность","2026-01-05 07:23"
"-1.30","","-4.60","62","755","1007","","","","0.60","","S","Небольшая облачность","2026-01-05 07:24"
"-1.20","","-4.50","62","755","1007","","","","0.50","","S","Небольшая облачность","2026-01-05 07:25"
"-1.20","","-4.50","62","755","1007","","","","0.40","","S","Небольшая облачность","2026-01-05 07:26"
"-1.10","","-4.20","63","755","1007","","","","0.50","","S","Небольшая облачность","2026-01-05 07:27"
"-1.10","","-4.30","63","755","1007","","","","0.50","","S","Небольшая облачность","2026-01-05 07:28"
"-1.10","","-4.30","63","755","1007","","","","0.50","","S","Небольшая облачность","2026-01-05 07:29"
"-1.10","","-4.60","63","755","1007","","","","1.00","","S","Небольшая облачность","2026-01-05 07:30"
"-1.10","","-4.60","63","755","1007","","","","1.00","","S","Небольшая облачность","2026-01-05 07:31"
"-1.10","","-4.30","63","755","1007","","","","0.60","","S","Небольшая облачность","2026-01-05 07:32"
"-1.00","","-4.20","63","755","1007","","","","1.10","","S","Небольшая облачность","2026-01-05 07:33"
"-1.00","","-4.20","63","755","1007","","","","0.60","","S","Небольшая облачность","2026-01-05 07:34"
"-1.00","","-4.20","63","755","1007","","","","1.30","","S","Небольшая облачность","2026-01-05 07:35"
"-1.00","","-4.70","63","755","1007","","","","1.30","","S","Небольшая облачность","2026-01-05 07:36"
"-1.00","","-4.70","63","755","1007","","","","1.30","","S","Небольшая облачность","2026-01-05 07:37"
"-1.00","","-4.70","63","755","1007","","","","1.40","","S","Небольшая облачность","2026-01-05 07:38"
"-1.00","","-4.70","63","755","1007","","","","1.20","","S","Небольшая облачность","2026-01-05 07:39"
"-1.00","","-4.70","63","755","1007","","","","1.10","","S","Небольшая облачность","2026-01-05 07:40"
"-1.00","","-4.40","63","755","1007","","","","0.90","","S","Небольшая облачность","2026-01-05 07:41"
"-1.00","","-4.40","63","755","1007","","","","0.70","","S","Небольшая облачность","2026-01-05 07:42"
"-1.00","","-4.40","63","755","1007","","","","0.60","","S","Небольшая облачность","2026-01-05 07:43"
"-1.00","","-4.40","63","755","1007","","","","0.60","","S","Небольшая облачность","2026-01-05 07:44"
"-0.90","","-4.40","63","755","1007","","","","1.10","","S","Небольшая облачность","2026-01-05 07:45"
"-0.90","","-4.50","63","755","1007","","","","1.10","","S","Небольшая облачность","2026-01-05 07:46"
"-0.90","","-4.50","63","755","1007","","","","1.20","","S","Небольшая облачность","2026-01-05 07:47"
"-0.90","","-4.50","63","755","1007","","","","1.10","","S","Небольшая облачность","2026-01-05 07:48"
"-0.90","","-4.50","63","755","1007","","","","1.20","","S","Небольшая облачность","2026-01-05 07:49"
"-0.90","","-4.50","63","755","1007","","","","1.10","","S","Небольшая облачность","2026-01-05 07:50"
"-0.90","","-4.30","63","755","1007","","","","0.90","","S","Небольшая облачность","2026-01-05 07:51"
"-0.80","","-4.40","63","755","1007","","","","1.10","","S","Небольшая облачность","2026-01-05 07:52"
"-0.80","","-4.40","63","755","1007","","","","1.10","","S","Небольшая облачность","2026-01-05 07:53"
"-0.80","","-4.40","63","755","1007","","","","1.30","","S","Небольшая облачность","2026-01-05 07:54"
"-0.80","","-4.50","63","755","1007","","","","1.30","","S","Небольшая облачность","2026-01-05 07:55"
"-0.80","","-4.50","63","755","1007","","","","1.30","","S","Небольшая облачность","2026-01-05 07:56"
"-0.80","","-4.40","63","755","1007","","","","1.10","","S","Небольшая облачность","2026-01-05 07:57"
"-0.80","","-4.20","63","755","1007","","","","0.90","","S","Небольшая облачность","2026-01-05 07:58"
"-0.80","","-4.20","63","755","1007","","","","0.90","","S","Небольшая облачность","2026-01-05 07:59"
"-0.80","","-4.20","63","755","1007","","","","1.40","","S","Небольшая облачность","2026-01-05 08:00"
"-0.80","","-4.70","63","755","1007","","","","1.50","","S","Небольшая облачность","2026-01-05 08:01"
"-0.80","","-4.60","63","755","1007","","","","1.40","","S","Небольшая облачность","2026-01-05 08:02"
"-0.80","","-4.60","63","755","1007","","","","1.40","","S","Небольшая облачность","2026-01-05 08:03"
"-0.80","","-4.60","63","755","1007","","","","1.40","","S","Небольшая облачность","2026-01-05 08:04"
"-0.90","","-5.20","63","755","1007","","","","2.20","","S","Небольшая облачность","2026-01-05 08:05"
"-0.90","","-5.20","63","755","1007","","","","1.00","","S","Небольшая облачность","2026-01-05 08:06"
"-0.90","","-4.40","63","755","1007","","","","1.00","","S","Небольшая облачность","2026-01-05 08:07"
"-0.90","","-4.40","63","755","1007","","","","1.00","","S","Небольшая облачность","2026-01-05 08:08"
"-0.80","","-4.90","63","755","1007","","","","1.80","","S","Небольшая облачность","2026-01-05 08:09"
"-0.80","","-5.00","63","755","1007","","","","2.00","","S","Небольшая облачность","2026-01-05 08:10"
"-0.80","","-4.90","63","755","1007","","","","1.80","","S","Небольшая облачность","2026-01-05 08:11"
"-0.80","","-4.90","63","755","1007","","","","1.40","","S","Небольшая облачность","2026-01-05 08:12"
"-0.80","","-4.60","63","755","1007","","","","1.40","","S","Небольшая облачность","2026-01-05 08:13"
"-0.80","","-4.60","63","755","1007","","","","2.20","","S","Небольшая облачность","2026-01-05 08:14"
"-0.80","","-5.10","63","755","1007","","","","2.20","","S","Небольшая облачность","2026-01-05 08:15"
"-0.80","","-5.10","63","755","1007","","","","2.20","","S","Небольшая облачность","2026-01-05 08:16"
"-0.80","","-4.50","63","755","1007","","","","1.30","","S","Небольшая облачность","2026-01-05 08:17"
"-0.80","","-4.80","63","755","1007","","","","1.70","","S","Небольшая облачность","2026-01-05 08:18"
"-0.80","","-4.80","63","755","1007","","","","1.80","","S","Небольшая облачность","2026-01-05 08:19"
"-0.80","","-4.90","63","755","1007","","","","1.40","","S","Небольшая облачность","2026-01-05 08:20"
"-0.70","","-4.50","63","756","1008","","","","0.70","","S","Небольшая облачность","2026-01-05 08:21"
"-0.70","","-4.00","64","756","1008","","","","0.70","","S","Небольшая облачность","2026-01-05 08:22"
"-0.70","","-4.00","64","756","1008","","","","1.20","","S","Небольшая облачность","2026-01-05 08:23"
"-0.70","","-4.00","64","756","1008","","","","1.20","","S","Небольшая облачность","2026-01-05 08:24"
"-0.70","","-4.00","64","756","1008","","","","1.20","","S","Небольшая облачность","2026-01-05 08:25"
"-0.70","","-4.00","64","756","1008","","","","1.20","","S","Небольшая облачность","2026-01-05 08:26"
"-0.70","","-4.00","64","756","1008","","","","1.20","","S","Небольшая облачность","2026-01-05 08:27"
"-0.70","","-4.00","64","756","1008","","","","1.20","","S","Небольшая облачность","2026-01-05 08:28"
"-0.70","","-4.00","64","756","1008","","","","1.20","","S","Небольшая облачность","2026-01-05 08:29"
"-0.70","","-4.00","64","756","1008","","","","1.20","","S","Небольшая облачность","2026-01-05 08:30"
"-0.70","","-4.00","64","756","1008","","","","1.20","","S","Небольшая облачность","2026-01-05 08:31"
"-0.70","","-4.00","64","756","1008","","","","1.20","","S","Небольшая облачность","2026-01-05 08:32"
"-0.70","","-4.00","64","756","1008","","","","1.20","","S","Небольшая облачность","2026-01-05 08:33"
"-0.70","","-4.00","64","756","1008","","","","1.50","","S","Небольшая облачность","2026-01-05 08:34"
"-0.70","","-4.00","64","756","1008","","","","1.50","","S","Небольшая облачность","2026-01-05 08:35"
"-0.50","","-4.30","64","756","1008","","","","1.50","","S","Небольшая облачность","2026-01-05 08:36"
"-0.50","","-4.30","64","756","1008","","","","1.50","","S","Небольшая облачность","2026-01-05 08:37"
"-0.50","","-4.30","64","756","1008","","","","1.50","","S","Небольшая облачность","2026-01-05 08:38"
"-0.50","","-4.30","64","756","1008","","","","1.50","","S","Небольшая облачность","2026-01-05 08:39"
"-0.50","","-4.30","64","756","1008","","","","1.50","","S","Небольшая облачность","2026-01-05 08:40"
"-0.50","","-4.30","64","756","1008","","","","1.50","","S","Небольшая облачность","2026-01-05 08:41"
"-0.50","","-4.30","64","756","1008","","","","1.50","","S","Небольшая облачность","2026-01-05 08:42"
"-0.50","","-4.30","64","756","1008","","","","1.50","","S","Небольшая облачность","2026-01-05 08:43"
"-0.50","","-4.30","64","756","1008","","","","1.50","","S","Небольшая облачность","2026-01-05 08:44"
"-0.50","","-4.30","64","756","1008","","","","1.50","","S","Небольшая облачность","2026-01-05 08:45"
"-0.80","","-4.70","62","756","1008","","","","1.50","","S","Небольшая облачность","2026-01-05 08:46"
"-0.80","","-4.70","62","756","1008","","","","1.50","","S","Небольшая облачность","2026-01-05 08:47"
"-0.80","","-4.70","62","756","1008","","","","3.30","","S","Небольшая облачность","2026-01-05 08:48"
"-0.80","","-4.70","62","756","1008","","","","3.30","","S","Небольшая облачность","2026-01-05 08:49"
"-0.80","","-4.70","62","756","1008","","","","2.80","","S","Небольшая облачность","2026-01-05 08:50"
"-0.80","","-4.70","62","756","1008","","","","2.80","","SSW","Небольшая облачность","2026-01-05 08:51"
"-0.80","","-4.70","62","756","1008","","","","2.80","","SSW","Небольшая облачность","2026-01-05 08:52"
"-0.80","","-4.70","62","756","1008","","","","2.80","","SSW","Небольшая облачность","2026-01-05 08:53"
"-0.80","","-4.70","62","756","1008","","","","2.80","","SSW","Небольшая облачность","2026-01-05 08:54"
"-0.80","","-4.70","62","756","1008","","","","2.80","","SSW","Небольшая облачность","2026-01-05 08:55"
"-0.80","","-4.70","62","756","1008","","","","2.80","","SSW","Небольшая облачность","2026-01-05 08:56"
"-0.80","","-4.70","62","756","1008","","","","2.80","","SSW","Небольшая облачность","2026-01-05 08:57"
"-0.80","","-4.70","62","756","1008","","","","2.80","","SSW","Небольшая облачность","2026-01-05 08:58"
"-0.80","","-4.70","62","756","1008","","","","2.80","","SSW","Небольшая облачность","2026-01-05 08:59"
"-0.80","","-4.70","62","756","1008","","","","2.80","","SSW","Небольшая облачность","2026-01-05 09:00"
"-0.80","","-4.70","62","756","1008","","","","2.80","","SSW","Небольшая облачность","2026-01-05 09:01"
"-0.80","","-4.70","62","756","1008","","","","2.80","","SSW","Небольшая облачность","2026-01-05 09:02"
"-0.80","","-4.70","62","756","1008","","","","2.80","","SSW","Небольшая облачность","2026-01-05 09:03"
"-0.80","","-4.70","62","756","1008","","","","2.80","","SSW","Небольшая облачность","2026-01-05 09:04"
"-0.80","","-4.70","62","756","1008","","","","2.80","","SSW","Небольшая облачность","2026-01-05 09:05"
"-0.80","","-4.70","62","756","1009","","","","2.80","","SSW","Небольшая облачность","2026-01-05 09:06"
"-0.80","","-4.70","62","756","1009","","","","2.80","","SSW","Небольшая облачность","2026-01-05 09:07"
"-0.80","","-4.70","62","756","1009","","","","2.80","","SSW","Небольшая облачность","2026-01-05 09:08"
"-1.10","","-5.00","61","756","1009","","","","1.50","","SSW","Небольшая облачность","2026-01-05 09:09"
"-1.10","","-5.00","61","756","1009","","","","1.50","","SSW","Небольшая облачность","2026-01-05 09:10"
"-1.20","","-5.10","61","756","1009","","","","1.50","","SSW","Небольшая облачность","2026-01-05 09:11"
"-1.30","","-5.20","60","756","1009","","","","1.50","","SSW","Небольшая облачность","2026-01-05 09:12"
"-1.40","","-5.40","60","756","1009","","","","1.50","","SSW","Небольшая облачность","2026-01-05 09:13"
"-1.40","","-5.40","60","756","1009","","","","1.50","","SSW","Небольшая облачность","2026-01-05 09:14"
"-1.40","","-6.10","60","756","1009","","","","2.60","","SSW","Небольшая облачность","2026-01-05 09:15"
"-1.40","","-6.10","60","756","1009","","","","2.80","","SSW","Небольшая облачность","2026-01-05 09:16"
"-1.20","","-5.50","61","756","1009","","","","2.00","","SW","Небольшая облачность","2026-01-05 09:17"
"-1.20","","-5.50","61","756","1009","","","","2.00","","SW","Небольшая облачность","2026-01-05 09:18"
"-1.20","","-5.50","61","756","1009","","","","2.00","","SW","Небольшая облачность","2026-01-05 09:19"
"-1.20","","-5.50","61","756","1009","","","","2.00","","SW","Небольшая облачность","2026-01-05 09:20"
"-1.30","","-5.60","61","756","1009","","","","2.00","","SW","Небольшая облачность","2026-01-05 09:21"
"-1.30","","-5.60","61","756","1009","","","","1.00","","SW","Небольшая облачность","2026-01-05 09:22"
"-1.30","","-4.90","60","756","1009","","","","1.00","","SW","Небольшая облачность","2026-01-05 09:23"
"-1.30","","-5.40","60","756","1009","","","","1.70","","SW","Небольшая облачность","2026-01-05 09:24"
"-1.40","","-5.50","60","756","1009","","","","1.70","","SW","Небольшая облачность","2026-01-05 09:25"
"-1.40","","-5.50","60","756","1009","","","","1.80","","SW","Небольшая облачность","2026-01-05 09:26"
"-1.40","","-5.30","60","756","1009","","","","1.40","","SW","Небольшая облачность","2026-01-05 09:27"
"-1.40","","-4.80","60","756","1009","","","","0.70","","SW","Небольшая облачность","2026-01-05 09:28"
"-1.40","","-4.80","60","756","1009","","","","1.00","","SW","Небольшая облачность","2026-01-05 09:29"
"-1.30","","-4.90","60","756","1009","","","","1.00","","SW","Небольшая облачность","2026-01-05 09:30"
"-1.30","","-4.90","60","756","1009","","","","1.60","","SW","Небольшая облачность","2026-01-05 09:31"
"-1.30","","-5.30","60","756","1009","","","","1.60","","SW","Небольшая облачность","2026-01-05 09:32"
"-1.30","","-5.30","60","756","1009","","","","1.60","","SW","Небольшая облачность","2026-01-05 09:33"
"-1.30","","-5.30","60","756","1009","","","","1.60","","SW","Небольшая облачность","2026-01-05 09:34"
"-1.30","","-5.30","60","756","1009","","","","1.60","","WSW","Небольшая облачность","2026-01-05 09:35"
"-1.30","","-5.30","60","757","1010","","","","2.60","","WSW","Небольшая облачность","2026-01-05 09:36"
"-1.30","","-6.00","60","757","1010","","","","1.60","","WSW","Небольшая облачность","2026-01-05 09:37"
"-1.30","","-6.00","60","757","1010","","","","1.60","","WSW","Небольшая облачность","2026-01-05 09:38"
"-1.20","","-5.20","60","757","1010","","","","1.60","","WSW","Небольшая облачность","2026-01-05 09:39"
"-1.20","","-5.20","60","757","1010","","","","1.60","","WSW","Небольшая облачность","2026-01-05 09:40"
"-1.20","","-5.20","60","757","1010","","","","2.60","","WSW","Небольшая облачность","2026-01-05 09:41"
"-1.20","","-5.20","60","757","1010","","","","2.60","","WSW","Небольшая облачность","2026-01-05 09:42"
"-1.20","","-5.20","60","757","1010","","","","2.60","","WSW","Небольшая облачность","2026-01-05 09:43"
"-1.20","","-6.00","60","757","1010","","","","2.70","","WSW","Небольшая облачность","2026-01-05 09:44"
"-1.10","","-5.90","60","757","1010","","","","2.70","","W","Небольшая облачность","2026-01-05 09:45"
"-1.10","","-5.90","60","757","1010","","","","2.00","","W","Небольшая облачность","2026-01-05 09:46"
"-1.10","","-5.90","60","757","1010","","","","2.00","","W","Небольшая облачность","2026-01-05 09:47"
"-1.10","","-5.90","60","757","1010","","","","2.70","","W","Небольшая облачность","2026-01-05 09:48"
"-1.00","","-5.80","60","757","1010","","","","2.70","","W","Небольшая облачность","2026-01-05 09:49"
"-1.00","","-5.80","60","757","1010","","","","2.70","","W","Небольшая облачность","2026-01-05 09:50"
"-1.00","","-5.80","60","757","1010","","","","2.70","","W","Небольшая облачность","2026-01-05 09:51"
"-1.00","","-5.80","60","757","1010","","","","2.70","","W","Небольшая облачность","2026-01-05 09:52"
"-1.00","","-5.80","60","757","1010","","","","2.70","","W","Небольшая облачность","2026-01-05 09:53"
"-1.00","","-5.10","60","757","1010","","","","1.70","","W","Небольшая облачность","2026-01-05 09:54"
"-1.00","","-5.10","60","757","1010","","","","1.70","","W","Небольшая облачность","2026-01-05 09:55"
"-1.00","","-5.10","60","757","1010","","","","1.70","","WNW","Небольшая облачность","2026-01-05 09:56"
"-1.00","","-5.10","60","757","1010","","","","1.70","","WNW","Небольшая облачность","2026-01-05 09:57"
"-1.00","","-5.10","60","757","1010","","","","1.70","","WNW","Небольшая облачность","2026-01-05 09:58"
"-1.00","","-5.10","59","757","1010","","","","1.70","","WNW","Небольшая облачность","2026-01-05 09:59"
"-1.00","","-5.10","59","757","1010","","","","1.70","","WNW","Небольшая облачность","2026-01-05 10:00"
"-1.00","","-5.10","59","757","1010","","","","1.70","","WNW","Небольшая облачность","2026-01-05 10:01"
"-1.00","","-5.40","59","757","1010","","","","2.20","","WNW","Небольшая облачность","2026-01-05 10:02"
"-1.00","","-5.40","59","757","1010","","","","2.20","","WNW","Небольшая облачность","2026-01-05 10:03"
"-0.90","","-5.30","59","757","1010","","","","2.20","","WNW","Небольшая облачность","2026-01-05 10:04"
"-0.90","","-5.30","59","757","1010","","","","2.20","","WNW","Небольшая облачность","2026-01-05 10:05"
"-0.90","","-5.30","59","757","1010","","","","2.20","","WNW","Небольшая облачность","2026-01-05 10:06"
"-0.80","","-5.20","59","757","1010","","","","2.20","","WNW","Небольшая облачность","2026-01-05 10:07"
"-0.80","","-5.20","59","757","1010","","","","2.20","","WNW","Небольшая облачность","2026-01-05 10:08"
"-0.80","","-5.20","59","757","1010","","","","2.20","","WNW","Небольшая облачность","2026-01-05 10:09"
"-0.70","","-5.10","59","757","1010","","","","2.20","","WNW","Небольшая облачность","2026-01-05 10:10"
"-0.70","","-5.10","59","757","1010","","","","2.20","","WNW","Небольшая облачность","2026-01-05 10:11"
"-0.70","","-5.10","59","757","1010","","","","2.20","","WNW","Небольшая облачность","2026-01-05 10:12"
"-0.70","","-5.10","59","757","1010","","","","2.20","","WNW","Небольшая облачность","2026-01-05 10:13"
"-0.60","","-5.00","59","757","1010","","","","2.20","","WNW","Небольшая облачность","2026-01-05 10:14"
"-0.60","","-5.00","59","757","1010","","","","2.20","","WNW","Небольшая облачность","2026-01-05 10:15"
"-0.60","","-5.00","59","757","1010","","","","2.20","","WNW","Небольшая облачность","2026-01-05 10:16"
"-0.60","","-5.00","59","757","1010","","","","2.20","","WNW","Небольшая облачность","2026-01-05 10:17"
"-0.60","","-5.00","59","757","1010","","","","2.20","","WNW","Небольшая облачность","2026-01-05 10:18"
"-0.60","","-5.00","59","757","1010","","","","2.20","","WNW","Небольшая облачность","2026-01-05 10:19"
"-0.50","","-4.90","59","757","1010","","","","2.20","","WNW","Небольшая облачность","2026-01-05 10:20"
"-0.50","","-4.90","59","758","1011","","","","2.20","","WNW","Небольшая облачность","2026-01-05 10:21"
"-0.50","","-4.90","59","758","1011","","","","2.20","","WNW","Небольшая облачность","2026-01-05 10:22"
"-0.50","","-4.90","59","758","1011","","","","2.20","","WNW","Небольшая облачность","2026-01-05 10:23"
"-0.40","","-4.80","58","758","1011","","","","2.20","","WNW","Небольшая облачность","2026-01-05 10:24"
"-0.40","","-4.80","58","758","1011","","","","2.20","","WNW","Небольшая облачность","2026-01-05 10:25"
"-0.40","","-4.80","58","758","1011","","","","2.20","","WNW","Небольшая облачность","2026-01-05 10:26"
"-0.40","","-4.80","58","758","1011","","","","2.20","","WNW","Небольшая облачность","2026-01-05 10:27"
"-0.40","","-4.80","58","758","1011","","","","2.20","","WNW","Небольшая облачность","2026-01-05 10:28"
"-0.40","","-4.80","58","758","1011","","","","2.20","","WNW","Небольшая облачность","2026-01-05 10:29"
"-0.40","","-4.80","58","758","1011","","","","2.20","","WNW","Небольшая облачность","2026-01-05 10:30"
"-0.40","","-4.80","57","758","1011","","","","2.20","","WNW","Небольшая облачность","2026-01-05 10:31"
"-0.40","","-4.80","57","758","1011","","","","2.20","","WNW","Небольшая облачность","2026-01-05 10:32"
"-0.40","","-4.80","57","758","1011","","","","2.20","","WNW","Небольшая облачность","2026-01-05 10:33"
"-0.40","","-4.80","57","758","1011","","","","2.20","","WNW","Небольшая облачность","2026-01-05 10:34"
"-0.40","","-4.80","57","758","1011","","","","2.20","","WNW","Небольшая облачность","2026-01-05 10:35"
"-0.40","","-4.80","57","758","1011","","","","2.20","","WNW","Переменная облачность","2026-01-05 10:36"
"-0.50","","-4.90","57","759","1012","","","","2.20","","WNW","Переменная облачность","2026-01-05 10:37"
"-0.50","","-5.00","56","759","1012","","","","2.20","","WNW","Переменная облачность","2026-01-05 10:38"
"-0.50","","-5.00","56","759","1012","","","","2.20","","WNW","Переменная облачность","2026-01-05 10:39"
"-0.50","","-5.00","56","759","1012","","","","2.20","","WNW","Переменная облачность","2026-01-05 10:40"
"-0.60","","-5.30","56","759","1012","","","","2.50","","NW","Переменная облачность","2026-01-05 10:41"
"-0.60","","-5.30","56","759","1012","","","","2.50","","WNW","Переменная облачность","2026-01-05 10:42"
"-0.60","","-5.30","56","759","1012","","","","2.50","","WNW","Переменная облачность","2026-01-05 10:43"
"-0.60","","-5.30","56","759","1012","","","","2.50","","WNW","Переменная облачность","2026-01-05 10:44"
"-0.50","","-5.20","56","759","1012","","","","2.50","","WNW","Переменная облачность","2026-01-05 10:45"
"-0.50","","-5.20","56","759","1012","","","","2.50","","WNW","Переменная облачность","2026-01-05 10:46"
"-0.50","","-5.20","56","759","1012","","","","2.50","","WNW","Переменная облачность","2026-01-05 10:47"
"-0.40","","-5.10","56","759","1012","","","","2.50","","WNW","Переменная облачность","2026-01-05 10:48"
"-0.40","","-5.10","56","759","1012","","","","2.50","","WNW","Переменная облачность","2026-01-05 10:49"
"-0.40","","-5.10","56","759","1012","","","","2.50","","WNW","Переменная облачность","2026-01-05 10:50"
"-0.40","","-5.10","56","759","1012","","","","2.50","","WNW","Переменная облачность","2026-01-05 10:51"
"-0.40","","-5.10","56","759","1012","","","","2.50","","WNW","Переменная облачность","2026-01-05 10:52"
"-0.40","","-5.10","56","759","1012","","","","2.50","","WNW","Переменная облачность","2026-01-05 10:53"
"-0.40","","-5.10","56","759","1012","","","","2.50","","WNW","Переменная облачность","2026-01-05 10:54"
"-0.40","","-5.10","55","759","1012","","","","2.50","","WNW","Переменная облачность","2026-01-05 10:55"
"-0.30","","-5.00","55","759","1012","","","","2.50","","WNW","Переменная облачность","2026-01-05 10:56"
"-0.30","","-5.00","55","759","1012","","","","2.50","","WNW","Переменная облачность","2026-01-05 10:57"
"-0.30","","-5.00","55","759","1012","","","","2.50","","WNW","Переменная облачность","2026-01-05 10:58"
"-0.30","","-5.00","55","759","1012","","","","2.50","","WNW","Переменная облачность","2026-01-05 10:59"
"-0.20","","-4.90","55","759","1012","","","","2.50","","WNW","Переменная облачность","2026-01-05 11:00"
"-0.20","","-4.90","55","759","1012","","","","2.50","","WNW","Переменная облачность","2026-01-05 11:01"
"-0.30","","-5.00","55","759","1012","","","","2.50","","WNW","Переменная облачность","2026-01-05 11:02"
"-0.30","","-5.00","55","759","1012","","","","2.50","","WNW","Переменная облачность","2026-01-05 11:03"
"-0.30","","-5.00","55","759","1012","","","","2.50","","WNW","Переменная облачность","2026-01-05 11:04"
"-0.30","","-5.00","54","759","1012","","","","2.50","","WNW","Переменная облачность","2026-01-05 11:05"
"-0.30","","-5.00","54","759","1012","","","","2.50","","WNW","Переменная облачность","2026-01-05 11:06"
"-0.30","","-5.00","54","759","1012","","","","2.50","","WNW","Переменная облачность","2026-01-05 11:07"
"-0.30","","-5.00","54","759","1012","","","","2.50","","WNW","Переменная облачность","2026-01-05 11:08"
"-0.30","","-5.00","54","759","1012","","","","2.50","","WNW","Переменная облачность","2026-01-05 11:09"
"-0.40","","-5.10","54","759","1012","","","","2.50","","WNW","Переменная облачность","2026-01-05 11:10"
"-0.40","","-5.10","54","759","1012","","","","2.50","","WNW","Переменная облачность","2026-01-05 11:11"
"-0.40","","-5.10","54","759","1012","","","","2.50","","WNW","Переменная облачность","2026-01-05 11:12"
"-0.40","","-5.10","54","759","1012","","","","2.50","","WNW","Переменная облачность","2026-01-05 11:13"
"-0.40","","-5.10","54","759","1012","","","","2.50","","WNW","Переменная облачность","2026-01-05 11:14"
"-0.50","","-5.20","53","759","1012","","","","2.50","","WNW","Переменная облачность","2026-01-05 11:15"
"-0.50","","-5.20","53","759","1012","","","","2.50","","WNW","Переменная облачность","2026-01-05 11:16"
"-0.50","","-5.20","53","759","1012","","","","2.50","","WNW","Переменная облачность","2026-01-05 11:17"
"-0.50","","-5.20","53","759","1012","","","","2.50","","WNW","Переменная облачность","2026-01-05 11:18"
"-0.50","","-5.20","53","759","1012","","","","2.50","","WNW","Переменная облачность","2026-01-05 11:19"
"-0.40","","-5.10","53","759","1012","","","","2.50","","WNW","Переменная облачность","2026-01-05 11:20"
"-0.40","","-5.10","53","759","1012","","","","2.50","","WNW","Переменная облачность","2026-01-05 11:21"
"-0.40","","-5.10","53","760","1014","","","","2.50","","WNW","Переменная облачность","2026-01-05 11:22"
"-0.40","","-5.10","53","760","1014","","","","2.50","","WNW","Переменная облачность","2026-01-05 11:23"
"-0.40","","-5.10","53","760","1014","","","","2.50","","WNW","Переменная облачность","2026-01-05 11:24"
"-0.50","","-5.20","53","760","1014","","","","2.50","","WNW","Переменная облачность","2026-01-05 11:25"
"-0.50","","-5.20","53","760","1014","","","","2.50","","WNW","Переменная облачность","2026-01-05 11:26"
"-0.50","","-5.20","53","760","1014","","","","2.50","","WNW","Переменная облачность","2026-01-05 11:27"
"-0.50","","-5.20","53","760","1014","","","","1.90","","WNW","Переменная облачность","2026-01-05 11:28"
"-0.50","","-5.20","53","760","1014","","","","1.90","","WNW","Переменная облачность","2026-01-05 11:29"
"-0.60","","-4.90","53","760","1014","","","","1.90","","WNW","Переменная облачность","2026-01-05 11:30"
"-0.60","","-4.90","52","760","1014","","","","1.90","","WNW","Переменная облачность","2026-01-05 11:31"
"-0.70","","-7.20","52","760","1014","","","","5.00","","WNW","Переменная облачность","2026-01-05 11:32"
"-0.70","","-7.20","52","760","1014","","","","5.00","","WNW","Переменная облачность","2026-01-05 11:33"
"-0.80","","-7.30","52","760","1014","","","","2.50","","WNW","Переменная облачность","2026-01-05 11:34"
"-0.80","","-7.30","52","760","1014","","","","2.50","","WNW","Переменная облачность","2026-01-05 11:35"
"-0.90","","-5.70","52","760","1014","","","","2.50","","WNW","Переменная облачность","2026-01-05 11:36"
"-0.90","","-5.70","52","760","1014","","","","2.60","","WNW","Переменная облачность","2026-01-05 11:37"
"-0.90","","-5.70","52","760","1014","","","","2.60","","WNW","Переменная облачность","2026-01-05 11:38"
"-0.90","","-5.70","52","760","1014","","","","2.60","","WNW","Переменная облачность","2026-01-05 11:39"
"-0.90","","-5.70","52","760","1014","","","","2.60","","WNW","Переменная облачность","2026-01-05 11:40"
"-1.00","","-5.70","52","760","1014","","","","2.40","","WNW","Переменная облачность","2026-01-05 11:41"
"-1.00","","-5.70","51","760","1014","","","","2.40","","WNW","Переменная облачность","2026-01-05 11:42"
"-1.00","","-5.70","52","760","1014","","","","2.40","","WNW","Переменная облачность","2026-01-05 11:43"
"-1.00","","-5.70","52","760","1014","","","","2.20","","WNW","Переменная облачность","2026-01-05 11:44"
"-1.00","","-5.70","52","760","1014","","","","0.70","","WNW","Переменная облачность","2026-01-05 11:45"
"-1.00","","-5.70","52","760","1014","","","","2.20","","WNW","Переменная облачность","2026-01-05 11:46"
"-1.00","","-5.60","52","760","1014","","","","2.20","","WNW","Переменная облачность","2026-01-05 11:47"
"-1.10","","-6.40","51","760","1014","","","","3.20","","WNW","Переменная облачность","2026-01-05 11:48"
"-1.10","","-6.40","51","760","1014","","","","3.20","","WNW","Переменная облачность","2026-01-05 11:49"
"-1.10","","-5.50","51","760","1014","","","","1.90","","WNW","Переменная облачность","2026-01-05 11:50"
"-1.10","","-5.50","51","760","1014","","","","1.90","","WNW","Переменная облачность","2026-01-05 11:51"
"-1.10","","-6.30","51","759","1013","","","","3.00","","WNW","Переменная облачность","2026-01-05 11:52"
"-1.10","","-6.30","51","759","1013","","","","3.00","","WNW","Переменная облачность","2026-01-05 11:53"
"-1.20","","-5.40","51","759","1013","","","","1.60","","WNW","Переменная облачность","2026-01-05 11:54"
"-1.20","","-5.40","51","759","1013","","","","1.60","","WNW","Переменная облачность","2026-01-05 11:55"
"-1.20","","-5.40","51","759","1013","","","","1.60","","WNW","Переменная облачность","2026-01-05 11:56"
"-1.20","","-6.60","51","759","1013","","","","3.30","","WNW","Переменная облачность","2026-01-05 11:57"
"-1.20","","-6.60","51","759","1013","","","","3.30","","WNW","Переменная облачность","2026-01-05 11:58"
"-1.20","","-6.60","51","759","1013","","","","3.30","","WNW","Переменная облачность","2026-01-05 11:59"
"-1.20","","-5.50","51","759","1013","","","","1.80","","WNW","Переменная облачность","2026-01-05 12:00"
"-1.20","","-5.50","51","759","1013","","","","1.80","","WNW","Переменная облачность","2026-01-05 12:01"
"-1.20","","-5.50","51","759","1013","","","","1.80","","WNW","Переменная облачность","2026-01-05 12:02"
"-1.20","","-5.50","51","759","1013","","","","1.80","","WNW","Переменная облачность","2026-01-05 12:03"
"-1.30","","-5.60","51","759","1013","","","","1.80","","WNW","Переменная облачность","2026-01-05 12:04"
"-1.30","","-5.80","51","759","1013","","","","2.10","","WNW","Переменная облачность","2026-01-05 12:05"
"-1.30","","-5.80","51","759","1013","","","","2.10","","WNW","Небольшая облачность","2026-01-05 12:06"
"-1.30","","-5.20","51","761","1015","","","","1.20","","WNW","Небольшая облачность","2026-01-05 12:07"
"-1.30","","-5.20","51","761","1015","","","","2.50","","WNW","Небольшая облачность","2026-01-05 12:08"
"-1.30","","-5.20","51","761","1015","","","","2.50","","WNW","Небольшая облачность","2026-01-05 12:09"
"-1.30","","-5.90","51","761","1015","","","","2.20","","WNW","Небольшая облачность","2026-01-05 12:10"
"-1.30","","-5.90","51","761","1015","","","","2.10","","WNW","Небольшая облачность","2026-01-05 12:11"
"-1.30","","-5.90","51","761","1015","","","","1.70","","WNW","Небольшая облачность","2026-01-05 12:12"
"-1.40","","-6.00","51","761","1015","","","","2.20","","WNW","Небольшая облачность","2026-01-05 12:13"
"-1.40","","-6.00","51","761","1015","","","","2.20","","WNW","Небольшая облачность","2026-01-05 12:14"
"-1.40","","-6.00","51","761","1015","","","","2.90","","WNW","Небольшая облачность","2026-01-05 12:15"
"-1.40","","-6.50","51","761","1015","","","","2.50","","WNW","Небольшая облачность","2026-01-05 12:16"
"-1.40","","-6.20","51","761","1015","","","","2.50","","WNW","Небольшая облачность","2026-01-05 12:17"
"-1.40","","-6.20","51","761","1015","","","","2.50","","WNW","Небольшая облачность","2026-01-05 12:18"
"-1.40","","-6.20","51","761","1015","","","","1.80","","WNW","Небольшая облачность","2026-01-05 12:19"
"-1.40","","-6.20","51","761","1015","","","","3.60","","WNW","Небольшая облачность","2026-01-05 12:20"
"-1.40","","-6.20","51","761","1015","","","","3.60","","WNW","Небольшая облачность","2026-01-05 12:21"
"-1.50","","-5.70","52","761","1015","","","","1.70","","WNW","Небольшая облачность","2026-01-05 12:22"
"-1.50","","-5.70","52","761","1015","","","","2.10","","WNW","Небольшая облачность","2026-01-05 12:23"
"-1.50","","-5.70","52","761","1015","","","","2.10","","WNW","Небольшая облачность","2026-01-05 12:24"
"-1.50","","-5.00","52","761","1015","","","","0.70","","WNW","Небольшая облачность","2026-01-05 12:25"
"-1.50","","-5.30","52","761","1015","","","","1.00","","WNW","Небольшая облачность","2026-01-05 12:26"
"-1.50","","-5.30","52","761","1015","","","","1.00","","WNW","Небольшая облачность","2026-01-05 12:27"
"-1.50","","-5.30","52","761","1015","","","","2.40","","WNW","Небольшая облачность","2026-01-05 12:28"
"-1.50","","-5.30","52","761","1015","","","","2.40","","WNW","Небольшая облачность","2026-01-05 12:29"
"-1.50","","-5.30","52","761","1015","","","","1.70","","WNW","Небольшая облачность","2026-01-05 12:30"
"-1.60","","-5.90","52","761","1015","","","","0.70","","WNW","Небольшая облачность","2026-01-05 12:31"
"-1.60","","-5.90","52","761","1015","","","","0.70","","WNW","Небольшая облачность","2026-01-05 12:32"
"-1.70","","-5.50","52","761","1015","","","","1.10","","WNW","Небольшая облачность","2026-01-05 12:33"
"-1.70","","-5.50","52","761","1015","","","","1.10","","WNW","Небольшая облачность","2026-01-05 12:34"
"-1.70","","-5.50","52","761","1015","","","","1.10","","WNW","Небольшая облачность","2026-01-05 12:35"
"-1.70","","-5.80","52","761","1015","","","","1.70","","WNW","Переменная облачность","2026-01-05 12:36"
"-1.70","","-6.00","52","761","1015","","","","1.70","","WNW","Переменная облачность","2026-01-05 12:37"
"-1.70","","-6.00","52","761","1015","","","","1.90","","WNW","Переменная облачность","2026-01-05 12:38"
"-1.80","","-6.20","52","761","1015","","","","0.90","","WNW","Переменная облачность","2026-01-05 12:39"
"-1.80","","-5.80","52","761","1015","","","","1.30","","WNW","Переменная облачность","2026-01-05 12:40"
"-1.80","","-5.80","52","761","1015","","","","1.10","","WNW","Переменная облачность","2026-01-05 12:41"
"-1.80","","-5.70","52","761","1015","","","","1.10","","WNW","Переменная облачность","2026-01-05 12:42"
"-1.90","","-5.40","52","761","1015","","","","0.60","","WNW","Переменная облачность","2026-01-05 12:43"
"-1.90","","-5.40","52","761","1015","","","","0.60","","WNW","Переменная облачность","2026-01-05 12:44"
"-1.90","","-5.40","52","761","1015","","","","3.90","","WNW","Переменная облачность","2026-01-05 12:45"
"-1.90","","-5.40","52","761","1015","","","","3.90","","WNW","Переменная облачность","2026-01-05 12:46"
"-1.90","","-7.70","52","761","1015","","","","3.90","","WNW","Переменная облачность","2026-01-05 12:47"
"-1.90","","-6.90","52","761","1015","","","","2.80","","WNW","Переменная облачность","2026-01-05 12:48"
"-1.90","","-5.90","52","761","1015","","","","1.30","","WNW","Переменная облачность","2026-01-05 12:49"
"-1.90","","-6.00","52","761","1015","","","","1.50","","WNW","Переменная облачность","2026-01-05 12:50"
"-1.90","","-7.60","52","762","1016","","","","3.80","","WNW","Переменная облачность","2026-01-05 12:51"
"-1.90","","-5.70","52","762","1016","","","","1.00","","WNW","Переменная облачность","2026-01-05 12:52"
"-1.90","","-5.70","52","762","1016","","","","1.00","","WNW","Переменная облачность","2026-01-05 12:53"
"-1.90","","-5.70","52","762","1016","","","","1.00","","WNW","Переменная облачность","2026-01-05 12:54"
"-2.00","","-6.40","52","762","1016","","","","1.80","","WNW","Переменная облачность","2026-01-05 12:55"
"-2.00","","-6.10","52","762","1016","","","","1.40","","WNW","Переменная облачность","2026-01-05 12:56"
"-2.00","","-6.10","52","762","1016","","","","1.30","","WNW","Переменная облачность","2026-01-05 12:57"
"-2.00","","-6.10","52","762","1016","","","","1.30","","WNW","Переменная облачность","2026-01-05 12:58"
"-2.00","","-6.00","52","762","1016","","","","1.30","","WNW","Переменная облачность","2026-01-05 12:59"
"-2.00","","-6.00","52","762","1016","","","","1.60","","WNW","Переменная облачность","2026-01-05 13:00"
"-2.00","","-6.20","52","762","1016","","","","1.60","","WNW","Переменная облачность","2026-01-05 13:01"
"-2.00","","-6.20","52","762","1016","","","","2.10","","WNW","Переменная облачность","2026-01-05 13:02"
"-2.00","","-6.20","52","762","1016","","","","2.10","","WNW","Переменная облачность","2026-01-05 13:03"
"-2.00","","-6.00","52","762","1016","","","","1.30","","WNW","Переменная облачность","2026-01-05 13:04"
"-2.00","","-6.80","52","762","1016","","","","2.40","","WNW","Переменная облачность","2026-01-05 13:05"
"-2.00","","-6.80","52","762","1016","","","","2.40","","WNW","Небольшая облачность","2026-01-05 13:06"
"-2.00","","-5.70","52","762","1016","","","","0.90","","WNW","Небольшая облачность","2026-01-05 13:07"
"-2.00","","-5.70","52","762","1016","","","","0.90","","WNW","Небольшая облачность","2026-01-05 13:08"
"-2.00","","-5.70","52","762","1016","","","","0.90","","WNW","Небольшая облачность","2026-01-05 13:09"
"-2.10","","-5.80","52","762","1016","","","","0.90","","WNW","Небольшая облачность","2026-01-05 13:10"
"-2.10","","-5.80","52","762","1016","","","","1.60","","WNW","Небольшая облачность","2026-01-05 13:11"
"-2.10","","-5.80","52","762","1016","","","","3.40","","WNW","Небольшая облачность","2026-01-05 13:12"
"-2.00","","-7.50","52","762","1016","","","","3.40","","WNW","Небольшая облачность","2026-01-05 13:13"
"-2.00","","-7.50","52","762","1016","","","","3.40","","WNW","Небольшая облачность","2026-01-05 13:14"
"-2.00","","-6.40","52","762","1016","","","","1.80","","WNW","Небольшая облачность","2026-01-05 13:15"
"-2.00","","-5.40","52","762","1016","","","","0.50","","WNW","Небольшая облачность","2026-01-05 13:16"
"-2.00","","-5.40","52","762","1016","","","","0.50","","WNW","Небольшая облачность","2026-01-05 13:17"
"-2.00","","-5.60","52","762","1016","","","","0.70","","WNW","Небольшая облачность","2026-01-05 13:18"
"-2.00","","-5.60","52","762","1016","","","","0.70","","WNW","Небольшая облачность","2026-01-05 13:19"
"-2.00","","-5.80","52","762","1016","","","","1.00","","WNW","Небольшая облачность","2026-01-05 13:20"
"-2.00","","-5.80","52","762","1016","","","","1.30","","WNW","Небольшая облачность","2026-01-05 13:21"
"-2.00","","-6.00","52","762","1016","","","","1.90","","WNW","Небольшая облачность","2026-01-05 13:22"
"-2.00","","-6.10","52","762","1016","","","","1.50","","WNW","Небольшая облачность","2026-01-05 13:23"
"-2.00","","-6.10","52","762","1016","","","","0.40","","WNW","Небольшая облачность","2026-01-05 13:24"
"-2.00","","-6.10","52","762","1016","","","","0.70","","WNW","Небольшая облачность","2026-01-05 13:25"
"-2.00","","-5.60","52","762","1016","","","","2.00","","WNW","Небольшая облачность","2026-01-05 13:26"
"-2.00","","-5.60","52","762","1016","","","","2.70","","WNW","Небольшая облачность","2026-01-05 13:27"
"-2.00","","-6.00","52","762","1016","","","","1.30","","WNW","Небольшая облачность","2026-01-05 13:28"
"-2.00","","-5.40","52","762","1016","","","","0.50","","WNW","Небольшая облачность","2026-01-05 13:29"
"-2.00","","-5.40","52","762","1016","","","","1.50","","WNW","Небольшая облачность","2026-01-05 13:30"
"-2.00","","-5.40","52","762","1016","","","","1.50","","WNW","Небольшая облачность","2026-01-05 13:31"
"-2.00","","-6.10","52","762","1016","","","","4.20","","WNW","Небольшая облачность","2026-01-05 13:32"
"-2.00","","-6.40","52","762","1016","","","","1.90","","WNW","Небольшая облачность","2026-01-05 13:33"
"-2.00","","-6.60","52","762","1016","","","","2.10","","WNW","Небольшая облачность","2026-01-05 13:34"
"-1.90","","-6.40","52","762","1016","","","","2.00","","WNW","Небольшая облачность","2026-01-05 13:35"
"-1.90","","-6.20","52","763","1018","","","","1.70","","WNW","Небольшая облачность","2026-01-05 13:36"
"-1.90","","-6.00","52","763","1018","","","","1.50","","WNW","Небольшая облачность","2026-01-05 13:37"
"-1.90","","-6.00","52","763","1018","","","","2.00","","WNW","Небольшая облачность","2026-01-05 13:38"
"-1.90","","-6.40","52","763","1018","","","","1.70","","WNW","Небольшая облачность","2026-01-05 13:39"
"-1.90","","-6.20","52","763","1018","","","","1.70","","WNW","Небольшая облачность","2026-01-05 13:40"
"-1.90","","-6.20","52","763","1018","","","","1.70","","WNW","Небольшая облачность","2026-01-05 13:41"
"-1.90","","-6.00","52","763","1018","","","","1.50","","WNW","Небольшая облачность","2026-01-05 13:42"
"-1.90","","-6.00","52","763","1018","","","","1.50","","WNW","Небольшая облачность","2026-01-05 13:43"
"-1.90","","-6.00","52","763","1018","","","","1.50","","WNW","Небольшая облачность","2026-01-05 13:44"
"-1.90","","-6.10","52","763","1018","","","","1.60","","WNW","Небольшая облачность","2026-01-05 13:45"
"-1.90","","-6.10","52","763","1018","","","","1.50","","WNW","Небольшая облачность","2026-01-05 13:46"
"-1.90","","-6.00","52","763","1018","","","","1.60","","WNW","Небольшая облачность","2026-01-05 13:47"
"-1.90","","-6.40","52","763","1018","","","","2.00","","WNW","Небольшая облачность","2026-01-05 13:48"
"-1.90","","-6.40","52","763","1018","","","","1.40","","WNW","Небольшая облачность","2026-01-05 13:49"
"-1.90","","-6.40","52","763","1018","","","","3.00","","WNW","Небольшая облачность","2026-01-05 13:50"
"-1.90","","-5.60","52","763","1018","","","","0.90","","WNW","Небольшая облачность","2026-01-05 13:51"
"-1.90","","-5.60","52","763","1018","","","","0.90","","WNW","Небольшая облачность","2026-01-05 13:52"
"-1.90","","-5.60","52","763","1018","","","","2.80","","WNW","Небольшая облачность","2026-01-05 13:53"
"-1.90","","-6.90","52","763","1018","","","","2.20","","WNW","Небольшая облачность","2026-01-05 13:54"
"-1.90","","-6.90","52","763","1018","","","","1.70","","WNW","Небольшая облачность","2026-01-05 13:55"
"-1.90","","-6.20","52","763","1018","","","","1.70","","WNW","Небольшая облачность","2026-01-05 13:56"
"-1.90","","-6.30","52","763","1018","","","","1.90","","WNW","Небольшая облачность","2026-01-05 13:57"
"-1.90","","-6.30","52","763","1018","","","","1.90","","WNW","Небольшая облачность","2026-01-05 13:58"
"-1.90","","-6.30","52","763","1018","","","","1.00","","WNW","Небольшая облачность","2026-01-05 13:59"
"-1.80","","-6.40","52","763","1018","","","","1.50","","WNW","Небольшая облачность","2026-01-05 14:00"
"-1.80","","-6.00","52","763","1018","","","","1.60","","WNW","Небольшая облачность","2026-01-05 14:01"
"-1.80","","-6.00","52","763","1018","","","","1.60","","WNW","Небольшая облачность","2026-01-05 14:02"
"-1.80","","-6.00","52","763","1018","","","","1.60","","WNW","Небольшая облачность","2026-01-05 14:03"
"-1.80","","-6.00","52","763","1018","","","","3.10","","WNW","Небольшая облачность","2026-01-05 14:04"
"-1.80","","-5.80","52","763","1018","","","","1.30","","WNW","Небольшая облачность","2026-01-05 14:05"
"-1.80","","-5.80","52","763","1018","","","","1.30","","WNW","Небольшая облачность","2026-01-05 14:06"
"-1.80","","-6.60","52","763","1018","","","","2.40","","WNW","Небольшая облачность","2026-01-05 14:07"
"-1.80","","-6.60","52","763","1018","","","","2.40","","WNW","Небольшая облачность","2026-01-05 14:08"
"-1.80","","-6.60","52","763","1018","","","","2.40","","WNW","Небольшая облачность","2026-01-05 14:09"
"-1.80","","-6.10","52","763","1018","","","","1.70","","WNW","Небольшая облачность","2026-01-05 14:10"
"-1.80","","-6.10","52","763","1018","","","","1.70","","WNW","Небольшая облачность","2026-01-05 14:11"
"-1.80","","-6.10","52","763","1018","","","","1.70","","WNW","Небольшая облачность","2026-01-05 14:12"
"-1.80","","-6.60","52","763","1018","","","","2.50","","WNW","Небольшая облачность","2026-01-05 14:13"
"-1.80","","-6.40","52","763","1018","","","","2.40","","WNW","Небольшая облачность","2026-01-05 14:14"
"-1.70","","-6.50","52","763","1018","","","","2.00","","WNW","Небольшая облачность","2026-01-05 14:15"
"-1.70","","-7.20","52","763","1018","","","","3.50","","WNW","Небольшая облачность","2026-01-05 14:16"
"-1.70","","-7.20","52","763","1018","","","","3.50","","WNW","Небольшая облачность","2026-01-05 14:17"
"-1.70","","-6.70","52","763","1018","","","","2.80","","WNW","Небольшая облачность","2026-01-05 14:18"
"-1.70","","-5.10","52","763","1018","","","","0.50","","WNW","Небольшая облачность","2026-01-05 14:19"
"-1.70","","-6.20","52","763","1018","","","","2.00","","WNW","Небольшая облачность","2026-01-05 14:20"
"-1.70","","-6.20","52","763","1018","","","","2.00","","WNW","Небольшая облачность","2026-01-05 14:21"
"-1.70","","-5.80","52","763","1018","","","","1.40","","WNW","Небольшая облачность","2026-01-05 14:22"
"-1.70","","-5.80","52","763","1018","","","","2.50","","WNW","Небольшая облачность","2026-01-05 14:23"
"-1.70","","-6.50","52","763","1018","","","","2.50","","WNW","Небольшая облачность","2026-01-05 14:24"
"-1.70","","-6.50","52","763","1018","","","","2.50","","WNW","Небольшая облачность","2026-01-05 14:25"
"-1.70","","-6.50","52","763","1018","","","","2.50","","WNW","Небольшая облачность","2026-01-05 14:26"
"-1.70","","-6.50","52","763","1018","","","","3.10","","WNW","Небольшая облачность","2026-01-05 14:27"
"-1.70","","-6.90","52","763","1018","","","","3.10","","WNW","Небольшая облачность","2026-01-05 14:28"
"-1.70","","-6.80","52","763","1018","","","","2.90","","WNW","Небольшая облачность","2026-01-05 14:29"
"-1.70","","-6.80","52","763","1018","","","","2.90","","WNW","Небольшая облачность","2026-01-05 14:30"
"-1.70","","-6.80","52","763","1018","","","","2.90","","WNW","Небольшая облачность","2026-01-05 14:31"
"-1.70","","-6.80","52","763","1018","","","","2.90","","WNW","Небольшая облачность","2026-01-05 14:32"
"-1.70","","-6.60","52","763","1018","","","","2.60","","WNW","Небольшая облачность","2026-01-05 14:33"
"-1.70","","-6.60","52","763","1018","","","","2.50","","WNW","Небольшая облачность","2026-01-05 14:34"
"-1.70","","-6.50","52","763","1018","","","","2.50","","WNW","Небольшая облачность","2026-01-05 14:35"
"-1.70","","-6.50","52","763","1018","","","","2.50","","WNW","Небольшая облачность","2026-01-05 14:36"
"-1.70","","-6.90","52","763","1018","","","","1.60","","WNW","Небольшая облачность","2026-01-05 14:37"
"-1.70","","-6.90","52","763","1018","","","","1.60","","WNW","Небольшая облачность","2026-01-05 14:38"
"-1.70","","-6.90","52","763","1018","","","","1.80","","WNW","Небольшая облачность","2026-01-05 14:39"
"-1.70","","-6.00","52","763","1018","","","","1.60","","WNW","Небольшая облачность","2026-01-05 14:40"
"-1.70","","-6.00","52","763","1018","","","","1.70","","WNW","Небольшая облачность","2026-01-05 14:41"
"-1.70","","-5.50","52","763","1018","","","","1.00","","WNW","Небольшая облачность","2026-01-05 14:42"
"-1.80","","-5.90","52","763","1018","","","","1.40","","WNW","Небольшая облачность","2026-01-05 14:43"
"-1.80","","-5.90","52","763","1018","","","","1.40","","WNW","Небольшая облачность","2026-01-05 14:44"
"-1.80","","-5.90","52","763","1018","","","","1.40","","WNW","Небольшая облачность","2026-01-05 14:45"
"-1.80","","-5.90","52","763","1018","","","","1.40","","WNW","Небольшая облачность","2026-01-05 14:46"
"-1.80","","-6.30","52","763","1018","","","","1.90","","WNW","Небольшая облачность","2026-01-05 14:47"
"-1.80","","-6.20","52","763","1018","","","","1.90","","WNW","Небольшая облачность","2026-01-05 14:48"
"-1.80","","-6.20","52","763","1018","","","","1.90","","WNW","Небольшая облачность","2026-01-05 14:49"
"-1.80","","-6.80","52","763","1018","","","","2.80","","WNW","Небольшая облачность","2026-01-05 14:50"
"-1.80","","-6.80","52","764","1019","","","","1.40","","WNW","Небольшая облачность","2026-01-05 14:51"
"-1.80","","-6.80","52","764","1019","","","","1.40","","WNW","Небольшая облачность","2026-01-05 14:52"
"-1.90","","-5.60","52","764","1019","","","","0.90","","WNW","Небольшая облачность","2026-01-05 14:53"
"-1.90","","-5.60","52","764","1019","","","","1.70","","WNW","Небольшая облачность","2026-01-05 14:54"
"-1.90","","-5.60","52","764","1019","","","","1.70","","WNW","Небольшая облачность","2026-01-05 14:55"
"-1.90","","-5.80","52","764","1019","","","","1.20","","WNW","Небольшая облачность","2026-01-05 14:56"
"-1.90","","-6.10","52","764","1019","","","","1.60","","WNW","Небольшая облачность","2026-01-05 14:57"
"-1.90","","-6.10","52","764","1019","","","","1.60","","WNW","Небольшая облачность","2026-01-05 14:58"
"-1.90","","-6.80","52","764","1019","","","","2.60","","WNW","Небольшая облачность","2026-01-05 14:59"
"-1.90","","-6.80","52","764","1019","","","","2.70","","WNW","Небольшая облачность","2026-01-05 15:00"
"-1.90","","-6.30","52","764","1019","","","","1.90","","WNW","Небольшая облачность","2026-01-05 15:01"
"-1.90","","-6.30","52","764","1019","","","","0.00","","WNW","Небольшая облачность","2026-01-05 15:02"
"-1.90","","-5.00","52","764","1019","","","","1.20","","WNW","Небольшая облачность","2026-01-05 15:03"
"-2.00","","-6.80","52","764","1019","","","","2.40","","WNW","Небольшая облачность","2026-01-05 15:04"
"-2.00","","-6.80","52","764","1019","","","","2.40","","WNW","Небольшая облачность","2026-01-05 15:05"
"-2.00","","-6.80","52","764","1019","","","","2.40","","WNW","Небольшая облачность","2026-01-05 15:06"
"-2.00","","-7.40","52","764","1019","","","","3.30","","WNW","Небольшая облачность","2026-01-05 15:07"
"-2.00","","-7.40","52","764","1019","","","","1.40","","WNW","Небольшая облачность","2026-01-05 15:08"
"-2.00","","-6.10","52","764","1019","","","","1.40","","WNW","Небольшая облачность","2026-01-05 15:09"
"-2.00","","-6.10","52","764","1019","","","","1.40","","WNW","Небольшая облачность","2026-01-05 15:10"
"-2.10","","-6.20","52","764","1019","","","","1.40","","WNW","Небольшая облачность","2026-01-05 15:11"
"-2.10","","-6.20","52","764","1019","","","","1.40","","WNW","Небольшая облачность","2026-01-05 15:12"
"-2.10","","-7.70","52","764","1019","","","","3.60","","WNW","Небольшая облачность","2026-01-05 15:13"
"-2.10","","-7.70","52","764","1019","","","","3.60","","WNW","Небольшая облачность","2026-01-05 15:14"
"-2.10","","-7.20","52","764","1019","","","","2.40","","WNW","Небольшая облачность","2026-01-05 15:15"
"-2.10","","-7.20","52","764","1019","","","","2.40","","WNW","Небольшая облачность","2026-01-05 15:16"
"-2.20","","-7.00","52","764","1019","","","","2.50","","WNW","Небольшая облачность","2026-01-05 15:17"
"-2.20","","-7.10","52","764","1019","","","","2.50","","WNW","Небольшая облачность","2026-01-05 15:18"
"-2.20","","-7.10","51","764","1019","","","","2.50","","WNW","Небольшая облачность","2026-01-05 15:19"
"-2.20","","-7.50","51","764","1019","","","","3.10","","WNW","Небольшая облачность","2026-01-05 15:20"
"-2.20","","-6.20","51","764","1019","","","","1.30","","WNW","Небольшая облачность","2026-01-05 15:21"
"-2.20","","-6.20","51","764","1019","","","","1.50","","WNW","Небольшая облачность","2026-01-05 15:22"
"-2.20","","-6.40","51","764","1019","","","","1.50","","WNW","Небольшая облачность","2026-01-05 15:23"
"-2.30","","-7.00","51","764","1019","","","","2.20","","WNW","Небольшая облачность","2026-01-05 15:24"
"-2.30","","-7.00","51","764","1019","","","","1.00","","WNW","Небольшая облачность","2026-01-05 15:25"
"-2.30","","-7.00","51","764","1019","","","","1.00","","WNW","Небольшая облачность","2026-01-05 15:26"
"-2.30","","-6.40","51","764","1019","","","","1.40","","WNW","Небольшая облачность","2026-01-05 15:27"
"-2.30","","-6.30","51","764","1019","","","","1.20","","WNW","Небольшая облачность","2026-01-05 15:28"
"-2.30","","-7.30","51","764","1019","","","","2.60","","WNW","Небольшая облачность","2026-01-05 15:29"
"-2.30","","-7.30","51","764","1019","","","","2.40","","WNW","Небольшая облачность","2026-01-05 15:30"
"-2.30","","-7.30","51","764","1019","","","","2.40","","WNW","Небольшая облачность","2026-01-05 15:31"
"-2.30","","-7.80","51","764","1019","","","","3.40","","WNW","Небольшая облачность","2026-01-05 15:32"
"-2.30","","-7.80","51","764","1019","","","","3.40","","WNW","Небольшая облачность","2026-01-05 15:33"
"-2.30","","-7.80","51","764","1019","","","","3.40","","WNW","Небольшая облачность","2026-01-05 15:34"
"-2.30","","-8.00","51","764","1019","","","","1.80","","WNW","Небольшая облачность","2026-01-05 15:35"
"-2.30","","-8.00","51","764","1019","","","","1.80","","WNW","Небольшая облачность","2026-01-05 15:36"
"-2.40","","-6.80","51","764","1019","","","","1.40","","WNW","Небольшая облачность","2026-01-05 15:37"
"-2.40","","-6.80","51","764","1019","","","","1.40","","WNW","Небольшая облачность","2026-01-05 15:38"
"-2.40","","-6.30","51","764","1019","","","","1.10","","WNW","Небольшая облачность","2026-01-05 15:39"
"-2.40","","-6.30","51","764","1019","","","","1.10","","WNW","Небольшая облачность","2026-01-05 15:40"
"-2.40","","-6.30","51","764","1019","","","","1.10","","WNW","Небольшая облачность","2026-01-05 15:41"
"-2.40","","-6.30","51","764","1019","","","","1.10","","WNW","Небольшая облачность","2026-01-05 15:42"
"-2.40","","-6.30","51","764","1019","","","","1.10","","WNW","Небольшая облачность","2026-01-05 15:43"
"-2.40","","-6.30","51","764","1019","","","","1.10","","WNW","Небольшая облачность","2026-01-05 15:44"
"-2.40","","-7.30","51","764","1019","","","","2.50","","WNW","Небольшая облачность","2026-01-05 15:45"
"-2.40","","-7.30","51","764","1019","","","","2.10","","WNW","Небольшая облачность","2026-01-05 15:46"
"-2.40","","-7.00","51","764","1019","","","","1.20","","WNW","Небольшая облачность","2026-01-05 15:47"
"-2.40","","-6.40","51","764","1019","","","","1.20","","WNW","Небольшая облачность","2026-01-05 15:48"
"-2.40","","-6.40","51","764","1019","","","","1.20","","WNW","Небольшая облачность","2026-01-05 15:49"
"-2.40","","-8.20","51","764","1019","","","","3.80","","WNW","Небольшая облачность","2026-01-05 15:50"
"-2.40","","-6.60","51","765","1020","","","","1.50","","WNW","Небольшая облачность","2026-01-05 15:51"
"-2.40","","-6.60","51","765","1020","","","","1.50","","WNW","Небольшая облачность","2026-01-05 15:52"
"-2.40","","-6.60","51","765","1020","","","","1.50","","WNW","Небольшая облачность","2026-01-05 15:53"
"-2.40","","-6.80","51","765","1020","","","","2.00","","WNW","Небольшая облачность","2026-01-05 15:54"
"-2.50","","-7.00","52","765","1020","","","","2.20","","WNW","Небольшая облачность","2026-01-05 15:55"
"-2.40","","-7.80","51","765","1020","","","","3.30","","WNW","Небольшая облачность","2026-01-05 15:56"
"-2.40","","-7.80","51","765","1020","","","","2.80","","WNW","Небольшая облачность","2026-01-05 15:57"
"-2.50","","-7.40","52","765","1020","","","","2.50","","WNW","Небольшая облачность","2026-01-05 15:58"
"-2.50","","-7.40","52","765","1020","","","","2.50","","WNW","Небольшая облачность","2026-01-05 15:59"
"-2.50","","-7.40","52","765","1020","","","","2.50","","WNW","Небольшая облачность","2026-01-05 16:00"
"-2.50","","-7.40","52","765","1020","","","","2.00","","WNW","Небольшая облачность","2026-01-05 16:01"
"-2.50","","-7.40","52","765","1020","","","","2.00","","WNW","Небольшая облачность","2026-01-05 16:02"
"-2.50","","-7.40","52","765","1020","","","","1.50","","WNW","Небольшая облачность","2026-01-05 16:03"
"-2.50","","-6.00","52","765","1020","","","","0.60","","WNW","Небольшая облачность","2026-01-05 16:04"
"-2.50","","-6.60","51","765","1020","","","","1.40","","WNW","Небольшая облачность","2026-01-05 16:05"
"-2.50","","-7.90","51","765","1020","","","","3.20","","WNW","Небольшая облачность","2026-01-05 16:06"
"-2.50","","-7.90","51","765","1020","","","","3.20","","WNW","Небольшая облачность","2026-01-05 16:07"
"-2.50","","-8.40","51","765","1020","","","","3.90","","WNW","Небольшая облачность","2026-01-05 16:08"
"-2.50","","-8.40","51","765","1020","","","","3.90","","WNW","Небольшая облачность","2026-01-05 16:09"
"-2.50","","-8.40","51","765","1020","","","","3.80","","WNW","Небольшая облачность","2026-01-05 16:10"
"-2.50","","-7.40","51","765","1020","","","","2.50","","WNW","Небольшая облачность","2026-01-05 16:11"
"-2.50","","-7.30","51","765","1020","","","","2.40","","WNW","Небольшая облачность","2026-01-05 16:12"
"-2.50","","-7.30","51","765","1020","","","","2.40","","WNW","Небольшая облачность","2026-01-05 16:13"
"-2.50","","-7.70","51","765","1020","","","","3.00","","WNW","Небольшая облачность","2026-01-05 16:14"
"-2.50","","-7.70","51","765","1020","","","","2.90","","WNW","Небольшая облачность","2026-01-05 16:15"
"-2.50","","-7.00","51","765","1020","","","","2.00","","WNW","Небольшая облачность","2026-01-05 16:16"
"-2.50","","-7.00","51","765","1020","","","","2.00","","WNW","Небольшая облачность","2026-01-05 16:17"
"-2.50","","-7.00","51","765","1020","","","","1.70","","WNW","Небольшая облачность","2026-01-05 16:18"
"-2.50","","-7.00","51","765","1020","","","","1.70","","WNW","Небольшая облачность","2026-01-05 16:19"
"-2.50","","-7.50","51","765","1020","","","","2.60","","WNW","Небольшая облачность","2026-01-05 16:20"
"-2.50","","-8.30","51","765","1020","","","","3.80","","WNW","Небольшая облачность","2026-01-05 16:21"
"-2.50","","-8.30","51","765","1020","","","","3.80","","WNW","Небольшая облачность","2026-01-05 16:22"
"-2.50","","-8.30","51","765","1020","","","","3.80","","WNW","Небольшая облачность","2026-01-05 16:23"
"-2.50","","-8.30","51","765","1020","","","","3.80","","WNW","Небольшая облачность","2026-01-05 16:24"
"-2.50","","-8.30","51","765","1020","","","","2.90","","WNW","Небольшая облачность","2026-01-05 16:25"
"-2.50","","-7.60","52","765","1020","","","","2.80","","WNW","Небольшая облачность","2026-01-05 16:26"
"-2.50","","-7.60","52","765","1020","","","","2.80","","WNW","Небольшая облачность","2026-01-05 16:27"
"-2.50","","-9.10","52","765","1020","","","","4.90","","WNW","Небольшая облачность","2026-01-05 16:28"
"-2.50","","-9.10","52","765","1020","","","","4.90","","WNW","Небольшая облачность","2026-01-05 16:29"
"-2.50","","-6.50","52","765","1020","","","","3.80","","WNW","Небольшая облачность","2026-01-05 16:30"
"-2.50","","-8.30","51","765","1020","","","","2.90","","WNW","Небольшая облачность","2026-01-05 16:31"
"-2.50","","-8.30","51","765","1020","","","","2.90","","WNW","Небольшая облачность","2026-01-05 16:32"
"-2.50","","-7.40","51","765","1020","","","","1.70","","WNW","Небольшая облачность","2026-01-05 16:33"
"-2.50","","-7.40","51","765","1020","","","","1.70","","WNW","Небольшая облачность","2026-01-05 16:34"
"-2.50","","-7.50","51","765","1020","","","","2.70","","WNW","Небольшая облачность","2026-01-05 16:35"
"-2.50","","-7.30","51","765","1021","","","","2.40","","WNW","Небольшая облачность","2026-01-05 16:36"
"-2.50","","-7.30","51","765","1021","","","","2.40","","WNW","Небольшая облачность","2026-01-05 16:37"
"-2.50","","-7.30","51","765","1021","","","","2.40","","WNW","Небольшая облачность","2026-01-05 16:38"
"-2.50","","-7.30","51","765","1021","","","","2.40","","WNW","Небольшая облачность","2026-01-05 16:39"
"-2.60","","-7.40","51","765","1021","","","","4.60","","WNW","Небольшая облачность","2026-01-05 16:40"
"-2.60","","-9.00","51","765","1021","","","","2.70","","WNW","Небольшая облачность","2026-01-05 16:41"
"-2.60","","-7.60","51","765","1021","","","","2.70","","WNW","Небольшая облачность","2026-01-05 16:42"
"-2.60","","-7.60","51","765","1021","","","","2.70","","WNW","Небольшая облачность","2026-01-05 16:43"
"-2.60","","-7.60","51","765","1021","","","","2.50","","WNW","Небольшая облачность","2026-01-05 16:44"
"-2.60","","-6.50","51","765","1021","","","","1.10","","WNW","Небольшая облачность","2026-01-05 16:45"
"-2.70","","-6.60","51","765","1021","","","","1.10","","WNW","Небольшая облачность","2026-01-05 16:46"
"-2.70","","-6.60","51","765","1021","","","","1.10","","WNW","Небольшая облачность","2026-01-05 16:47"
"-2.70","","-6.60","51","765","1021","","","","1.10","","WNW","Небольшая облачность","2026-01-05 16:48"
"-2.70","","-6.60","51","765","1021","","","","1.10","","WNW","Небольшая облачность","2026-01-05 16:49"
"-2.70","","-7.70","51","765","1021","","","","2.60","","WNW","Небольшая облачность","2026-01-05 16:50"
"-2.70","","-7.70","51","765","1021","","","","2.60","","WNW","Небольшая облачность","2026-01-05 16:51"
"-2.70","","-7.70","51","766","1022","","","","1.80","","WNW","Небольшая облачность","2026-01-05 16:52"
"-2.70","","-7.30","51","766","1022","","","","2.10","","WNW","Небольшая облачность","2026-01-05 16:53"
"-2.70","","-7.30","51","766","1022","","","","2.10","","WNW","Небольшая облачность","2026-01-05 16:54"
"-2.70","","-7.30","51","766","1022","","","","2.10","","WNW","Небольшая облачность","2026-01-05 16:55"
"-2.70","","-7.30","51","766","1022","","","","2.10","","WNW","Небольшая облачность","2026-01-05 16:56"
"-2.70","","-7.30","51","766","1022","","","","1.90","","WNW","Небольшая облачность","2026-01-05 16:57"
"-2.70","","-7.30","51","766","1022","","","","1.90","","WNW","Небольшая облачность","2026-01-05 16:58"
"-2.70","","-7.70","51","766","1022","","","","2.70","","WNW","Небольшая облачность","2026-01-05 16:59"
"-2.70","","-7.70","51","766","1022","","","","2.00","","WNW","Небольшая облачность","2026-01-05 17:00"
"-2.70","","-7.30","51","766","1022","","","","2.00","","WNW","Небольшая облачность","2026-01-05 17:01"
"-2.70","","-7.80","51","766","1022","","","","2.80","","WNW","Небольшая облачность","2026-01-05 17:02"
"-2.70","","-7.80","51","766","1022","","","","2.80","","WNW","Небольшая облачность","2026-01-05 17:03"
"-2.70","","-7.80","51","766","1022","","","","2.80","","WNW","Небольшая облачность","2026-01-05 17:04"
"-2.70","","-7.80","51","766","1022","","","","2.80","","WNW","Небольшая облачность","2026-01-05 17:05"
"-2.60","","-7.80","51","766","1022","","","","2.90","","WNW","Небольшая облачность","2026-01-05 17:06"
"-2.60","","-7.40","51","766","1022","","","","2.40","","WNW","Небольшая облачность","2026-01-05 17:07"
"-2.60","","-6.50","51","766","1022","","","","1.10","","WNW","Небольшая облачность","2026-01-05 17:08"
"-2.60","","-6.50","51","766","1022","","","","1.10","","WNW","Небольшая облачность","2026-01-05 17:09"
"-2.60","","-7.80","51","766","1022","","","","3.00","","WNW","Небольшая облачность","2026-01-05 17:10"
"-2.60","","-7.80","51","766","1022","","","","1.60","","WNW","Небольшая облачность","2026-01-05 17:11"
"-2.60","","-7.20","51","766","1022","","","","2.10","","WNW","Небольшая облачность","2026-01-05 17:12"
"-2.60","","-7.20","51","766","1022","","","","3.10","","WNW","Небольшая облачность","2026-01-05 17:13"
"-2.60","","-6.40","51","766","1022","","","","1.00","","WNW","Небольшая облачность","2026-01-05 17:14"
"-2.60","","-6.40","51","766","1022","","","","1.30","","WNW","Небольшая облачность","2026-01-05 17:15"
"-2.60","","-6.70","51","766","1022","","","","2.20","","WNW","Небольшая облачность","2026-01-05 17:16"
"-2.60","","-6.70","51","766","1022","","","","2.20","","WNW","Небольшая облачность","2026-01-05 17:17"
"-2.60","","-6.90","51","766","1022","","","","1.60","","WNW","Небольшая облачность","2026-01-05 17:18"
"-2.60","","-8.10","51","766","1022","","","","3.20","","WNW","Небольшая облачность","2026-01-05 17:19"
"-2.50","","-7.90","51","766","1022","","","","3.20","","WNW","Небольшая облачность","2026-01-05 17:20"
"-2.50","","-7.40","51","766","1022","","","","2.50","","WNW","Небольшая облачность","2026-01-05 17:21"
"-2.50","","-6.30","51","766","1022","","","","1.00","","WNW","Небольшая облачность","2026-01-05 17:22"
"-2.50","","-6.30","51","766","1022","","","","1.00","","WNW","Небольшая облачность","2026-01-05 17:23"
"-2.50","","-6.40","51","766","1022","","","","1.10","","WNW","Небольшая облачность","2026-01-05 17:24"
"-2.50","","-6.10","51","766","1022","","","","0.60","","WNW","Небольшая облачность","2026-01-05 17:25"
"-2.50","","-6.10","51","766","1022","","","","0.60","","WNW","Небольшая облачность","2026-01-05 17:26"
"-2.50","","-6.10","51","766","1022","","","","1.00","","WNW","Небольшая облачность","2026-01-05 17:27"
"-2.50","","-6.10","51","766","1022","","","","1.00","","WNW","Небольшая облачность","2026-01-05 17:28"
"-2.50","","-6.30","51","766","1022","","","","1.00","","WNW","Небольшая облачность","2026-01-05 17:29"
"-2.50","","-6.30","51","766","1022","","","","0.70","","WNW","Небольшая облачность","2026-01-05 17:30"
"-2.40","","-6.00","51","766","1022","","","","0.70","","WNW","Небольшая облачность","2026-01-05 17:31"
"-2.40","","-5.90","51","766","1022","","","","0.50","","WNW","Небольшая облачность","2026-01-05 17:32"
"-2.40","","-5.90","51","766","1022","","","","1.80","","WNW","Небольшая облачность","2026-01-05 17:33"
"-2.40","","-5.90","51","766","1022","","","","1.80","","WNW","Небольшая облачность","2026-01-05 17:34"
"-2.40","","-7.10","51","766","1022","","","","2.40","","WNW","Небольшая облачность","2026-01-05 17:35"
"-2.40","","-7.20","51","767","1023","","","","0.70","","WNW","Небольшая облачность","2026-01-05 17:36"
"-2.40","","-6.00","51","767","1023","","","","0.60","","WNW","Небольшая облачность","2026-01-05 17:37"
"-2.40","","-6.00","51","767","1023","","","","0.60","","WNW","Небольшая облачность","2026-01-05 17:38"
"-2.40","","-6.00","51","767","1023","","","","0.60","","WNW","Небольшая облачность","2026-01-05 17:39"
"-2.40","","-6.00","51","767","1023","","","","1.20","","WNW","Небольшая облачность","2026-01-05 17:40"
"-2.40","","-6.40","51","767","1023","","","","1.20","","WNW","Небольшая облачность","2026-01-05 17:41"
"-2.40","","-6.80","51","767","1023","","","","1.80","","WNW","Небольшая облачность","2026-01-05 17:42"
"-2.40","","-6.80","51","767","1023","","","","1.80","","WNW","Небольшая облачность","2026-01-05 17:43"
"-2.50","","-6.90","51","767","1023","","","","2.50","","WNW","Небольшая облачность","2026-01-05 17:44"
"-2.50","","-7.40","51","767","1023","","","","2.50","","WNW","Небольшая облачность","2026-01-05 17:45"
"-2.50","","-7.40","51","767","1023","","","","2.50","","WNW","Небольшая облачность","2026-01-05 17:46"
"-2.50","","-6.80","51","767","1023","","","","1.60","","WNW","Небольшая облачность","2026-01-05 17:47"
"-2.50","","-7.70","51","767","1023","","","","3.00","","WNW","Небольшая облачность","2026-01-05 17:48"
"-2.50","","-7.70","51","767","1023","","","","3.00","","WNW","Небольшая облачность","2026-01-05 17:49"
"-2.50","","-6.90","51","767","1023","","","","1.80","","WNW","Небольшая облачность","2026-01-05 17:50"
"-2.50","","-6.90","51","766","1022","","","","1.80","","WNW","Небольшая облачность","2026-01-05 17:51"
"-2.50","","-5.90","51","766","1022","","","","0.40","","WNW","Небольшая облачность","2026-01-05 17:52"
"-2.50","","-6.50","51","766","1022","","","","1.20","","WNW","Небольшая облачность","2026-01-05 17:53"
"-2.50","","-6.50","51","766","1022","","","","1.20","","WNW","Небольшая облачность","2026-01-05 17:54"
"-2.50","","-6.30","51","766","1022","","","","2.60","","WNW","Небольшая облачность","2026-01-05 17:55"
"-2.50","","-6.30","51","766","1022","","","","2.60","","WNW","Небольшая облачность","2026-01-05 17:56"
"-2.50","","-6.80","51","766","1022","","","","1.60","","WNW","Небольшая облачность","2026-01-05 17:57"
"-2.50","","-6.80","51","766","1022","","","","1.60","","WNW","Небольшая облачность","2026-01-05 17:58"
"-2.50","","-8.00","51","766","1022","","","","3.30","","WNW","Небольшая облачность","2026-01-05 17:59"
"-2.50","","-6.70","51","766","1022","","","","1.50","","WNW","Небольшая облачность","2026-01-05 18:00"
"-2.50","","-6.70","51","766","1022","","","","1.50","","WNW","Небольшая облачность","2026-01-05 18:01"
"-2.50","","-6.30","51","766","1022","","","","0.70","","WNW","Небольшая облачность","2026-01-05 18:02"
"-2.50","","-7.20","51","766","1022","","","","2.20","","WNW","Небольшая облачность","2026-01-05 18:03"
"-2.50","","-7.20","51","766","1022","","","","1.00","","WNW","Небольшая облачность","2026-01-05 18:04"
"-2.50","","-6.30","51","766","1022","","","","1.00","","WNW","Небольшая облачность","2026-01-05 18:05"
"-2.60","","-6.40","51","767","1023","","","","2.00","","WNW","Небольшая облачность","2026-01-05 18:06"
"-2.60","","-7.00","51","767","1023","","","","1.80","","WNW","Небольшая облачность","2026-01-05 18:07"
"-2.60","","-7.00","51","767","1023","","","","1.80","","WNW","Небольшая облачность","2026-01-05 18:08"
"-2.60","","-6.90","51","767","1023","","","","1.70","","WNW","Небольшая облачность","2026-01-05 18:09"
"-2.60","","-6.90","51","767","1023","","","","1.70","","WNW","Небольшая облачность","2026-01-05 18:10"
"-2.60","","-6.90","51","767","1023","","","","1.70","","WNW","Небольшая облачность","2026-01-05 18:11"
"-2.60","","-6.90","51","767","1023","","","","3.20","","WNW","Небольшая облачность","2026-01-05 18:12"
"-2.60","","-6.90","51","767","1023","","","","0.90","","WNW","Небольшая облачность","2026-01-05 18:13"
"-2.60","","-6.40","51","767","1023","","","","0.90","","WNW","Небольшая облачность","2026-01-05 18:14"
"-2.60","","-8.20","51","767","1023","","","","3.50","","WNW","Небольшая облачность","2026-01-05 18:15"
"-2.60","","-8.20","51","767","1023","","","","3.50","","WNW","Небольшая облачность","2026-01-05 18:16"
"-2.60","","-6.40","51","767","1023","","","","1.00","","WNW","Небольшая облачность","2026-01-05 18:17"
"-2.60","","-6.40","51","767","1023","","","","1.00","","WNW","Небольшая облачность","2026-01-05 18:18"
"-2.60","","-6.40","51","767","1023","","","","0.90","","WNW","Небольшая облачность","2026-01-05 18:19"
"-2.60","","-6.70","51","767","1023","","","","0.40","","WNW","Небольшая облачность","2026-01-05 18:20"
"-2.60","","-6.00","50","768","1024","","","","1.20","","WNW","Небольшая облачность","2026-01-05 18:21"
"-2.60","","-6.80","50","768","1024","","","","1.50","","WNW","Небольшая облачность","2026-01-05 18:22"
"-2.60","","-6.80","50","768","1024","","","","1.50","","WNW","Небольшая облачность","2026-01-05 18:23"
"-2.70","","-6.90","50","768","1024","","","","1.50","","WNW","Небольшая облачность","2026-01-05 18:24"
"-2.70","","-6.90","50","768","1024","","","","1.50","","WNW","Небольшая облачность","2026-01-05 18:25"
"-2.70","","-7.10","50","768","1024","","","","1.90","","WNW","Небольшая облачность","2026-01-05 18:26"
"-2.70","","-7.20","50","768","1024","","","","1.90","","WNW","Небольшая облачность","2026-01-05 18:27"
"-2.70","","-7.20","50","768","1024","","","","2.40","","WNW","Небольшая облачность","2026-01-05 18:28"
"-2.70","","-8.20","50","768","1024","","","","3.30","","WNW","Небольшая облачность","2026-01-05 18:29"
"-2.70","","-8.20","50","768","1024","","","","3.30","","WNW","Небольшая облачность","2026-01-05 18:30"
"-2.70","","-8.20","50","768","1024","","","","3.30","","WNW","Небольшая облачность","2026-01-05 18:31"
"-2.70","","-8.20","50","768","1024","","","","3.90","","WNW","Небольшая облачность","2026-01-05 18:32"
"-2.70","","-8.60","50","768","1024","","","","3.90","","WNW","Небольшая облачность","2026-01-05 18:33"
"-2.70","","-8.60","50","768","1024","","","","3.90","","WNW","Небольшая облачность","2026-01-05 18:34"
"-2.70","","-8.60","50","768","1024","","","","3.90","","WNW","Небольшая облачность","2026-01-05 18:35"
"-2.70","","-8.60","50","768","1024","","","","3.90","","WNW","Небольшая облачность","2026-01-05 18:36"
"-2.70","","-7.60","50","768","1024","","","","2.40","","WNW","Небольшая облачность","2026-01-05 18:37"
"-2.70","","-7.60","50","768","1024","","","","2.10","","WNW","Небольшая облачность","2026-01-05 18:38"
"-2.70","","-7.10","50","768","1024","","","","1.70","","WNW","Небольшая облачность","2026-01-05 18:39"
"-2.70","","-7.10","50","768","1024","","","","1.90","","WNW","Небольшая облачность","2026-01-05 18:40"
"-2.70","","-7.20","50","768","1024","","","","1.90","","WNW","Небольшая облачность","2026-01-05 18:41"
"-2.70","","-7.20","50","768","1024","","","","1.90","","WNW","Небольшая облачность","2026-01-05 18:42"
"-2.70","","-6.50","50","768","1024","","","","0.90","","WNW","Небольшая облачность","2026-01-05 18:43"
"-2.70","","-6.70","50","768","1024","","","","1.20","","WNW","Небольшая облачность","2026-01-05 18:44"
"-2.70","","-6.50","50","768","1024","","","","0.90","","WNW","Небольшая облачность","2026-01-05 18:45"
"-2.70","","-7.40","50","768","1024","","","","2.20","","WNW","Небольшая облачность","2026-01-05 18:46"
"-2.70","","-7.40","50","768","1024","","","","2.20","","WNW","Небольшая облачность","2026-01-05 18:47"
"-2.70","","-7.30","50","768","1024","","","","2.10","","WNW","Небольшая облачность","2026-01-05 18:48"
"-2.70","","-7.30","50","768","1024","","","","2.10","","WNW","Небольшая облачность","2026-01-05 18:49"
"-2.70","","-6.60","50","768","1024","","","","0.50","","WNW","Небольшая облачность","2026-01-05 18:50"
"-2.70","","-6.60","50","768","1024","","","","0.50","","WNW","Небольшая облачность","2026-01-05 18:51"
"-2.70","","-6.20","50","768","1024","","","","0.50","","WNW","Небольшая облачность","2026-01-05 18:52"
"-2.70","","-6.20","50","768","1024","","","","0.50","","WNW","Небольшая облачность","2026-01-05 18:53"
"-2.70","","-7.40","49","768","1024","","","","2.10","","WNW","Небольшая облачность","2026-01-05 18:54"
"-2.70","","-7.40","49","768","1024","","","","2.10","","WNW","Небольшая облачность","2026-01-05 18:55"
"-2.70","","-7.40","49","768","1024","","","","2.50","","WNW","Небольшая облачность","2026-01-05 18:56"
"-2.70","","-7.60","49","768","1024","","","","2.50","","WNW","Небольшая облачность","2026-01-05 18:57"
"-2.70","","-7.60","49","768","1024","","","","2.50","","WNW","Небольшая облачность","2026-01-05 18:58"
"-2.70","","-7.60","49","768","1024","","","","3.10","","WNW","Небольшая облачность","2026-01-05 18:59"
"-2.70","","-6.90","49","768","1024","","","","1.50","","WNW","Небольшая облачность","2026-01-05 19:00"
"-2.70","","-6.90","49","768","1024","","","","1.40","","WNW","Небольшая облачность","2026-01-05 19:01"
"-2.80","","-6.80","49","768","1024","","","","1.10","","WNW","Небольшая облачность","2026-01-05 19:02"
"-2.80","","-6.30","49","768","1024","","","","0.50","","WNW","Небольшая облачность","2026-01-05 19:03"
"-2.80","","-6.30","49","768","1024","","","","0.50","","WNW","Небольшая облачность","2026-01-05 19:04"
"-2.80","","-6.80","49","768","1024","","","","3.20","","WNW","Небольшая облачность","2026-01-05 19:05"
"-2.80","","-8.20","49","768","1025","","","","3.20","","WNW","Небольшая облачность","2026-01-05 19:06"
"-2.80","","-7.30","49","768","1025","","","","1.80","","WNW","Небольшая облачность","2026-01-05 19:07"
"-2.80","","-6.30","49","768","1025","","","","0.40","","WNW","Небольшая облачность","2026-01-05 19:08"
"-2.90","","-7.40","49","768","1025","","","","1.80","","WNW","Небольшая облачность","2026-01-05 19:09"
"-2.90","","-7.20","49","768","1025","","","","1.60","","WNW","Небольшая облачность","2026-01-05 19:10"
"-2.90","","-7.20","49","768","1025","","","","1.10","","WNW","Небольшая облачность","2026-01-05 19:11"
"-2.90","","-6.90","48","768","1025","","","","0.50","","WNW","Небольшая облачность","2026-01-05 19:12"
"-2.90","","-6.50","48","768","1025","","","","1.00","","WNW","Небольшая облачность","2026-01-05 19:13"
"-2.90","","-6.80","48","768","1025","","","","1.00","","WNW","Небольшая облачность","2026-01-05 19:14"
"-3.00","","-9.40","48","768","1025","","","","4.60","","WNW","Небольшая облачность","2026-01-05 19:15"
"-3.00","","-9.40","48","768","1025","","","","4.60","","WNW","Небольшая облачность","2026-01-05 19:16"
"-3.00","","-6.90","48","768","1025","","","","1.00","","WNW","Небольшая облачность","2026-01-05 19:17"
"-3.00","","-6.90","48","768","1025","","","","1.00","","WNW","Небольшая облачность","2026-01-05 19:18"
"-3.00","","-8.50","48","768","1025","","","","3.20","","WNW","Небольшая облачность","2026-01-05 19:19"
"-3.10","","-8.60","48","768","1025","","","","3.20","","WNW","Небольшая облачность","2026-01-05 19:20"
"-3.10","","-8.60","48","768","1025","","","","3.20","","WNW","Небольшая облачность","2026-01-05 19:21"
"-3.10","","-8.60","48","768","1025","","","","3.20","","WNW","Небольшая облачность","2026-01-05 19:22"
"-3.10","","-8.00","48","768","1025","","","","2.40","","WNW","Небольшая облачность","2026-01-05 19:23"
"-3.10","","-7.70","48","768","1025","","","","1.90","","WNW","Небольшая облачность","2026-01-05 19:24"
"-3.10","","-7.70","48","768","1025","","","","1.70","","WNW","Небольшая облачность","2026-01-05 19:25"
"-3.10","","-7.70","48","768","1025","","","","1.70","","WNW","Небольшая облачность","2026-01-05 19:26"
"-3.10","","-7.60","48","768","1025","","","","0.60","","WNW","Небольшая облачность","2026-01-05 19:27"
"-3.10","","-6.70","48","768","1025","","","","1.50","","WNW","Небольшая облачность","2026-01-05 19:28"
"-3.10","","-7.40","48","768","1025","","","","0.70","","WNW","Небольшая облачность","2026-01-05 19:29"
"-3.10","","-6.80","48","768","1025","","","","0.70","","WNW","Небольшая облачность","2026-01-05 19:30"
"-3.10","","-7.60","48","768","1025","","","","1.80","","WNW","Небольшая облачность","2026-01-05 19:31"
"-3.10","","-7.60","48","768","1025","","","","1.40","","WNW","Небольшая облачность","2026-01-05 19:32"
"-3.10","","-7.30","48","768","1025","","","","1.40","","WNW","Небольшая облачность","2026-01-05 19:33"
"-3.20","","-7.40","48","768","1025","","","","0.60","","WNW","Небольшая облачность","2026-01-05 19:34"
"-3.20","","-7.40","48","768","1025","","","","0.60","","WNW","Небольшая облачность","2026-01-05 19:35"
"-3.20","","-6.70","48","768","1025","","","","0.60","","WNW","Небольшая облачность","2026-01-05 19:36"
"-3.10","","-6.60","48","768","1025","","","","0.40","","WNW","Небольшая облачность","2026-01-05 19:37"
"-3.10","","-6.30","48","768","1025","","","","0.00","","WNW","Небольшая облачность","2026-01-05 19:38"
"-3.20","","-6.80","48","768","1025","","","","0.50","","WNW","Небольшая облачность","2026-01-05 19:39"
"-3.20","","-6.80","48","768","1025","","","","1.20","","WNW","Небольшая облачность","2026-01-05 19:40"
"-3.10","","-7.10","48","768","1025","","","","1.10","","WNW","Небольшая облачность","2026-01-05 19:41"
"-3.10","","-6.60","48","768","1025","","","","0.40","","WNW","Небольшая облачность","2026-01-05 19:42"
"-3.10","","-6.60","48","768","1025","","","","0.60","","WNW","Небольшая облачность","2026-01-05 19:43"
"-3.20","","-6.90","48","768","1025","","","","1.60","","WNW","Небольшая облачность","2026-01-05 19:44"
"-3.20","","-7.10","48","768","1025","","","","1.00","","WNW","Небольшая облачность","2026-01-05 19:45"
"-3.20","","-7.10","48","768","1025","","","","0.40","","WNW","Небольшая облачность","2026-01-05 19:46"
"-3.20","","-6.70","48","768","1025","","","","1.20","","WNW","Небольшая облачность","2026-01-05 19:47"
"-3.20","","-6.90","48","768","1025","","","","0.60","","WNW","Небольшая облачность","2026-01-05 19:48"
"-3.20","","-6.90","48","768","1025","","","","0.60","","WNW","Небольшая облачность","2026-01-05 19:49"
"-3.20","","-7.10","48","768","1025","","","","1.20","","WNW","Небольшая облачность","2026-01-05 19:50"
"-3.20","","-7.10","48","768","1025","","","","0.00","","WNW","Небольшая облачность","2026-01-05 19:51"
"-3.20","","-6.40","48","768","1025","","","","0.40","","WNW","Небольшая облачность","2026-01-05 19:52"
"-3.20","","-6.40","48","768","1025","","","","0.00","","WNW","Небольшая облачность","2026-01-05 19:53"
"-3.20","","-6.40","48","768","1025","","","","0.00","","WNW","Небольшая облачность","2026-01-05 19:54"
"-3.20","","-6.80","48","768","1025","","","","0.90","","WNW","Небольшая облачность","2026-01-05 19:55"
"-3.20","","-7.10","48","768","1025","","","","0.70","","WNW","Небольшая облачность","2026-01-05 19:56"
"-3.20","","-6.90","48","768","1025","","","","1.40","","WNW","Небольшая облачность","2026-01-05 19:57"
"-3.20","","-7.40","47","768","1025","","","","1.40","","WNW","Небольшая облачность","2026-01-05 19:58"
"-3.20","","-7.40","47","768","1025","","","","1.40","","WNW","Небольшая облачность","2026-01-05 19:59"
"-3.20","","-7.40","47","768","1025","","","","0.70","","WNW","Небольшая облачность","2026-01-05 20:00"
"-3.20","","-7.40","47","768","1025","","","","0.70","","WNW","Небольшая облачность","2026-01-05 20:01"
"-3.20","","-7.20","47","768","1025","","","","1.00","","WNW","Небольшая облачность","2026-01-05 20:02"
"-3.20","","-7.20","47","768","1025","","","","1.00","","WNW","Небольшая облачность","2026-01-05 20:03"
"-3.20","","-8.80","47","768","1025","","","","3.30","","WNW","Небольшая облачность","2026-01-05 20:04"
"-3.20","","-8.80","47","768","1025","","","","1.90","","WNW","Небольшая облачность","2026-01-05 20:05"
"-3.20","","-8.80","47","769","1026","","","","1.40","","WNW","Небольшая облачность","2026-01-05 20:06"
"-3.20","","-7.40","47","769","1026","","","","1.30","","WNW","Небольшая облачность","2026-01-05 20:07"
"-3.20","","-7.40","47","769","1026","","","","1.30","","WNW","Небольшая облачность","2026-01-05 20:08"
"-3.20","","-7.40","47","769","1026","","","","1.30","","WNW","Небольшая облачность","2026-01-05 20:09"
"-3.20","","-7.90","47","769","1026","","","","2.00","","W","Небольшая облачность","2026-01-05 20:10"
"-3.20","","-7.90","47","769","1026","","","","2.00","","W","Небольшая облачность","2026-01-05 20:11"
"-3.20","","-7.90","47","769","1026","","","","1.70","","W","Небольшая облачность","2026-01-05 20:12"
"-3.20","","-6.80","47","769","1026","","","","0.50","","W","Небольшая облачность","2026-01-05 20:13"
"-3.20","","-6.80","47","769","1026","","","","0.50","","W","Небольшая облачность","2026-01-05 20:14"
"-3.20","","-7.40","47","769","1026","","","","1.40","","W","Небольшая облачность","2026-01-05 20:15"
"-3.20","","-7.40","47","769","1026","","","","1.40","","W","Небольшая облачность","2026-01-05 20:16"
"-3.20","","-6.50","47","769","1026","","","","0.00","","W","Небольшая облачность","2026-01-05 20:17"
"-3.20","","-6.70","47","769","1026","","","","0.40","","W","Небольшая облачность","2026-01-05 20:18"
"-3.20","","-6.70","47","769","1026","","","","0.40","","W","Небольшая облачность","2026-01-05 20:19"
"-3.20","","-6.50","47","769","1026","","","","1.10","","W","Небольшая облачность","2026-01-05 20:20"
"-3.20","","-7.20","47","769","1026","","","","1.00","","W","Небольшая облачность","2026-01-05 20:21"
"-3.20","","-7.20","47","769","1026","","","","0.40","","W","Небольшая облачность","2026-01-05 20:22"
"-3.30","","-7.90","47","769","1026","","","","1.90","","W","Небольшая облачность","2026-01-05 20:23"
"-3.30","","-8.20","47","769","1026","","","","2.40","","W","Небольшая облачность","2026-01-05 20:24"
"-3.30","","-8.20","47","769","1026","","","","2.40","","W","Небольшая облачность","2026-01-05 20:25"
"-3.30","","-8.20","47","769","1026","","","","2.40","","W","Небольшая облачность","2026-01-05 20:26"
"-3.30","","-8.80","47","769","1026","","","","3.20","","W","Небольшая облачность","2026-01-05 20:27"
"-3.30","","-8.80","47","769","1026","","","","1.20","","W","Небольшая облачность","2026-01-05 20:28"
"-3.30","","-7.40","46","769","1026","","","","1.50","","W","Небольшая облачность","2026-01-05 20:29"
"-3.30","","-7.90","46","769","1026","","","","1.90","","W","Небольшая облачность","2026-01-05 20:30"
"-3.30","","-7.90","46","769","1026","","","","1.90","","W","Небольшая облачность","2026-01-05 20:31"
"-3.30","","-7.30","46","769","1026","","","","1.10","","W","Небольшая облачность","2026-01-05 20:32"
"-3.30","","-7.00","46","769","1026","","","","0.60","","W","Небольшая облачность","2026-01-05 20:33"
"-3.30","","-7.30","46","769","1026","","","","1.00","","W","Небольшая облачность","2026-01-05 20:34"
"-3.40","","-7.40","46","769","1026","","","","2.00","","W","Небольшая облачность","2026-01-05 20:35"
"-3.40","","-8.10","46","769","1026","","","","1.40","","W","Небольшая облачность","2026-01-05 20:36"
"-3.40","","-8.10","46","769","1026","","","","1.40","","W","Небольшая облачность","2026-01-05 20:37"
"-3.40","","-8.20","46","769","1026","","","","2.20","","W","Небольшая облачность","2026-01-05 20:38"
"-3.50","","-8.30","46","769","1026","","","","2.20","","W","Небольшая облачность","2026-01-05 20:39"
"-3.50","","-8.30","46","769","1026","","","","4.30","","W","Небольшая облачность","2026-01-05 20:40"
"-3.50","","-8.20","46","769","1026","","","","2.00","","W","Небольшая облачность","2026-01-05 20:41"
"-3.50","","-8.20","46","769","1026","","","","2.00","","W","Небольшая облачность","2026-01-05 20:42"
"-3.50","","-8.00","46","769","1026","","","","1.00","","W","Небольшая облачность","2026-01-05 20:43"
"-3.50","","-7.50","46","769","1026","","","","3.00","","W","Небольшая облачность","2026-01-05 20:44"
"-3.50","","-7.70","46","769","1026","","","","1.30","","W","Небольшая облачность","2026-01-05 20:45"
"-3.50","","-7.60","46","769","1026","","","","1.20","","W","Небольшая облачность","2026-01-05 20:46"
"-3.50","","-7.40","46","769","1026","","","","0.90","","W","Небольшая облачность","2026-01-05 20:47"
"-3.50","","-7.10","46","769","1026","","","","0.50","","W","Небольшая облачность","2026-01-05 20:48"
"-3.50","","-7.10","46","769","1026","","","","0.50","","W","Небольшая облачность","2026-01-05 20:49"
"-3.60","","-7.20","46","769","1026","","","","1.40","","W","Небольшая облачность","2026-01-05 20:50"
"-3.60","","-7.90","46","769","1026","","","","0.70","","W","Небольшая облачность","2026-01-05 20:51"
"-3.60","","-7.90","46","769","1026","","","","0.70","","W","Небольшая облачность","2026-01-05 20:52"
"-3.60","","-7.20","46","769","1026","","","","0.40","","W","Небольшая облачность","2026-01-05 20:53"
"-3.60","","-7.20","46","769","1026","","","","0.40","","W","Небольшая облачность","2026-01-05 20:54"
"-3.50","","-6.80","46","769","1026","","","","0.00","","W","Небольшая облачность","2026-01-05 20:55"
"-3.60","","-6.90","46","769","1026","","","","0.00","","W","Небольшая облачность","2026-01-05 20:56"
"-3.60","","-6.90","46","769","1026","","","","0.90","","W","Небольшая облачность","2026-01-05 20:57"
"-3.60","","-6.90","46","769","1026","","","","0.90","","W","Небольшая облачность","2026-01-05 20:58"
"-3.60","","-7.50","46","769","1026","","","","0.90","","W","Небольшая облачность","2026-01-05 20:59"
"-3.60","","-7.60","46","769","1026","","","","1.00","","W","Небольшая облачность","2026-01-05 21:00"
"-3.60","","-7.60","46","769","1026","","","","1.00","","W","Небольшая облачность","2026-01-05 21:01"
"-3.60","","-7.60","46","769","1026","","","","1.00","","W","Небольшая облачность","2026-01-05 21:02"
"-3.60","","-7.30","46","769","1026","","","","0.60","","W","Небольшая облачность","2026-01-05 21:03"
"-3.60","","-7.30","46","769","1026","","","","0.40","","W","Небольшая облачность","2026-01-05 21:04"
"-3.60","","-7.50","46","769","1026","","","","0.90","","W","Небольшая облачность","2026-01-05 21:05"
"-3.60","","-7.50","46","769","1026","","","","0.90","","W","Небольшая облачность","2026-01-05 21:06"
"-3.60","","-7.50","46","769","1026","","","","2.10","","W","Небольшая облачность","2026-01-05 21:07"
"-3.60","","-7.50","46","769","1026","","","","3.00","","W","Небольшая облачность","2026-01-05 21:08"
"-3.60","","-7.50","46","769","1026","","","","3.00","","W","Небольшая облачность","2026-01-05 21:09"
"-3.70","","-8.30","46","769","1026","","","","2.20","","W","Небольшая облачность","2026-01-05 21:10"
"-3.70","","-8.30","46","769","1026","","","","2.20","","W","Небольшая облачность","2026-01-05 21:11"
"-3.70","","-8.40","46","769","1026","","","","2.40","","W","Небольшая облачность","2026-01-05 21:12"
"-3.70","","-8.40","46","769","1026","","","","2.40","","W","Небольшая облачность","2026-01-05 21:13"
"-3.70","","-7.30","46","769","1026","","","","0.70","","W","Небольшая облачность","2026-01-05 21:14"
"-3.70","","-7.50","46","769","1026","","","","0.50","","W","Небольшая облачность","2026-01-05 21:15"
"-3.70","","-7.50","46","769","1026","","","","0.50","","W","Небольшая облачность","2026-01-05 21:16"
"-3.70","","-7.50","46","769","1026","","","","0.00","","W","Небольшая облачность","2026-01-05 21:17"
"-3.70","","-7.00","46","769","1026","","","","0.00","","W","Небольшая облачность","2026-01-05 21:18"
"-3.70","","-7.00","46","769","1026","","","","1.20","","W","Небольшая облачность","2026-01-05 21:19"
"-3.70","","-7.70","46","769","1026","","","","1.00","","W","Небольшая облачность","2026-01-05 21:20"
"-3.70","","-7.70","46","770","1027","","","","0.40","","W","Небольшая облачность","2026-01-05 21:21"
"-3.70","","-7.70","46","770","1027","","","","0.40","","W","Небольшая облачность","2026-01-05 21:22"
"-3.70","","-7.70","46","770","1027","","","","0.00","","W","Небольшая облачность","2026-01-05 21:23"
"-3.80","","-7.50","46","770","1027","","","","0.60","","W","Небольшая облачность","2026-01-05 21:24"
"-3.80","","-7.40","46","770","1027","","","","0.50","","W","Небольшая облачность","2026-01-05 21:25"
"-3.80","","-7.40","46","770","1027","","","","0.50","","W","Небольшая облачность","2026-01-05 21:26"
"-3.80","","-7.90","45","770","1027","","","","1.10","","W","Небольшая облачность","2026-01-05 21:27"
"-3.80","","-7.90","45","770","1027","","","","1.10","","W","Небольшая облачность","2026-01-05 21:28"
"-3.80","","-7.90","45","770","1027","","","","0.50","","W","Небольшая облачность","2026-01-05 21:29"
"-3.80","","-7.50","45","770","1027","","","","1.10","","W","Небольшая облачность","2026-01-05 21:30"
"-3.80","","-7.90","45","770","1027","","","","1.10","","W","Небольшая облачность","2026-01-05 21:31"
"-3.80","","-7.90","45","770","1027","","","","1.10","","W","Небольшая облачность","2026-01-05 21:32"
"-3.80","","-8.90","45","770","1027","","","","1.80","","W","Небольшая облачность","2026-01-05 21:33"
"-3.80","","-8.20","45","770","1027","","","","1.60","","W","Небольшая облачность","2026-01-05 21:34"
"-3.80","","-8.20","45","770","1027","","","","2.10","","WNW","Небольшая облачность","2026-01-05 21:35"
"-3.80","","-8.60","45","770","1027","","","","0.60","","WNW","Небольшая облачность","2026-01-05 21:36"
"-3.80","","-7.50","45","770","1027","","","","1.00","","WNW","Небольшая облачность","2026-01-05 21:37"
"-3.80","","-7.50","45","770","1027","","","","1.00","","WNW","Небольшая облачность","2026-01-05 21:38"
"-3.80","","-7.70","45","770","1027","","","","0.90","","WNW","Небольшая облачность","2026-01-05 21:39"
"-3.80","","-7.50","45","770","1027","","","","0.60","","WNW","Небольшая облачность","2026-01-05 21:40"
"-3.80","","-7.50","45","770","1027","","","","0.60","","WNW","Небольшая облачность","2026-01-05 21:41"
"-3.80","","-7.50","45","770","1027","","","","0.60","","WNW","Небольшая облачность","2026-01-05 21:42"
"-3.80","","-7.10","45","770","1027","","","","0.00","","WNW","Небольшая облачность","2026-01-05 21:43"
"-3.80","","-7.10","45","770","1027","","","","0.00","","WNW","Небольшая облачность","2026-01-05 21:44"
"-3.80","","-7.10","45","770","1027","","","","0.00","","WNW","Небольшая облачность","2026-01-05 21:45"
"-3.80","","-8.10","45","770","1027","","","","1.40","","WNW","Небольшая облачность","2026-01-05 21:46"
"-3.80","","-8.10","45","770","1027","","","","0.40","","WNW","Небольшая облачность","2026-01-05 21:47"
"-3.80","","-8.10","45","770","1027","","","","0.40","","WNW","Небольшая облачность","2026-01-05 21:48"
"-3.80","","-7.70","45","770","1027","","","","0.90","","WNW","Небольшая облачность","2026-01-05 21:49"
"-3.80","","-7.90","45","770","1027","","","","1.10","","WNW","Небольшая облачность","2026-01-05 21:50"
"-3.80","","-8.50","45","770","1027","","","","2.00","","WNW","Небольшая облачность","2026-01-05 21:51"
"-3.80","","-8.50","45","770","1027","","","","2.00","","WNW","Небольшая облачность","2026-01-05 21:52"
"-3.80","","-8.20","45","770","1027","","","","1.50","","WNW","Небольшая облачность","2026-01-05 21:53"
"-3.80","","-8.20","45","770","1027","","","","1.50","","WNW","Небольшая облачность","2026-01-05 21:54"
"-3.80","","-8.20","45","770","1027","","","","1.50","","WNW","Небольшая облачность","2026-01-05 21:55"
"-3.80","","-8.20","45","770","1027","","","","1.50","","WNW","Небольшая облачность","2026-01-05 21:56"
"-3.80","","-7.60","45","770","1027","","","","0.70","","WNW","Небольшая облачность","2026-01-05 21:57"
"-3.70","","-7.50","45","770","1027","","","","0.70","","WNW","Небольшая облачность","2026-01-05 21:58"
"-3.70","","-7.50","45","770","1027","","","","0.50","","WNW","Небольшая облачность","2026-01-05 21:59"
"-3.70","","-7.00","45","770","1027","","","","0.00","","WNW","Небольшая облачность","2026-01-05 22:00"
"-3.80","","-7.40","45","770","1027","","","","0.40","","WNW","Небольшая облачность","2026-01-05 22:01"
"-3.80","","-7.40","45","770","1027","","","","0.00","","WNW","Небольшая облачность","2026-01-05 22:02"
"-3.80","","-7.40","45","770","1027","","","","0.00","","WNW","Небольшая облачность","2026-01-05 22:03"
"-3.80","","-7.40","45","770","1027","","","","0.40","","WNW","Небольшая облачность","2026-01-05 22:04"
"-3.80","","-7.10","45","770","1027","","","","0.00","","WNW","Небольшая облачность","2026-01-05 22:05"
"-3.80","","-7.10","45","770","1027","","","","0.00","","WNW","Небольшая облачность","2026-01-05 22:06"
"-3.80","","-7.10","45","770","1027","","","","0.00","","WNW","Небольшая облачность","2026-01-05 22:07"
"-3.80","","-7.10","45","770","1027","","","","0.00","","WNW","Небольшая облачность","2026-01-05 22:08"
"-3.80","","-7.40","45","770","1027","","","","0.40","","WNW","Небольшая облачность","2026-01-05 22:09"
"-3.80","","-7.50","45","770","1027","","","","0.60","","WNW","Небольшая облачность","2026-01-05 22:10"
"-3.80","","-7.50","45","770","1027","","","","0.60","","WNW","Небольшая облачность","2026-01-05 22:11"
"-3.80","","-7.50","45","770","1027","","","","0.60","","WNW","Небольшая облачность","2026-01-05 22:12"
"-3.80","","-7.80","45","770","1027","","","","0.60","","WNW","Небольшая облачность","2026-01-05 22:13"
"-3.80","","-7.50","45","770","1027","","","","1.00","","WNW","Небольшая облачность","2026-01-05 22:14"
"-3.80","","-7.80","45","770","1027","","","","0.40","","WNW","Небольшая облачность","2026-01-05 22:15"
"-3.80","","-7.10","45","770","1027","","","","0.00","","WNW","Небольшая облачность","2026-01-05 22:16"
"-3.80","","-7.10","45","770","1027","","","","0.00","","WNW","Небольшая облачность","2026-01-05 22:17"
"-3.80","","-7.10","45","770","1027","","","","0.50","","WNW","Небольшая облачность","2026-01-05 22:18"
"-3.80","","-7.70","45","770","1027","","","","0.90","","WNW","Небольшая облачность","2026-01-05 22:19"
"-3.80","","-7.70","45","770","1027","","","","0.90","","WNW","Небольшая облачность","2026-01-05 22:20"
"-3.80","","-7.70","45","770","1027","","","","0.60","","WNW","Небольшая облачность","2026-01-05 22:21"
"-3.80","","-7.70","45","770","1027","","","","0.60","","WNW","Небольшая облачность","2026-01-05 22:22"
"-3.80","","-8.60","45","770","1027","","","","2.10","","WNW","Небольшая облачность","2026-01-05 22:23"
"-3.80","","-8.60","45","770","1027","","","","2.10","","WNW","Небольшая облачность","2026-01-05 22:24"
"-3.80","","-7.50","45","770","1027","","","","0.60","","WNW","Небольшая облачность","2026-01-05 22:25"
"-3.80","","-7.70","45","770","1027","","","","0.90","","WNW","Небольшая облачность","2026-01-05 22:26"
"-3.80","","-7.70","45","770","1027","","","","0.90","","WNW","Небольшая облачность","2026-01-05 22:27"
"-3.70","","-7.40","45","770","1027","","","","0.60","","WNW","Небольшая облачность","2026-01-05 22:28"
"-3.70","","-8.20","45","770","1027","","","","1.70","","WNW","Небольшая облачность","2026-01-05 22:29"
"-3.70","","-8.20","45","770","1027","","","","0.40","","WNW","Небольшая облачность","2026-01-05 22:30"
"-3.70","","-7.50","45","770","1027","","","","0.70","","WNW","Небольшая облачность","2026-01-05 22:31"
"-3.70","","-7.40","45","770","1027","","","","0.60","","WNW","Небольшая облачность","2026-01-05 22:32"
"-3.70","","-7.40","45","770","1027","","","","0.60","","WNW","Небольшая облачность","2026-01-05 22:33"
"-3.70","","-7.40","44","770","1027","","","","1.00","","WNW","Небольшая облачность","2026-01-05 22:34"
"-3.70","","-7.30","44","770","1027","","","","0.40","","WNW","Небольшая облачность","2026-01-05 22:35"
"-3.70","","-7.30","44","770","1027","","","","0.40","","WNW","Небольшая облачность","2026-01-05 22:36"
"-3.70","","-7.00","44","771","1028","","","","0.50","","WNW","Небольшая облачность","2026-01-05 22:37"
"-3.70","","-7.40","44","771","1028","","","","0.50","","WNW","Небольшая облачность","2026-01-05 22:38"
"-3.70","","-8.20","44","771","1028","","","","1.70","","WNW","Небольшая облачность","2026-01-05 22:39"
"-3.70","","-8.20","44","771","1028","","","","1.60","","WNW","Небольшая облачность","2026-01-05 22:40"
"-3.70","","-8.10","44","771","1028","","","","1.60","","WNW","Небольшая облачность","2026-01-05 22:41"
"-3.70","","-8.10","44","771","1028","","","","2.60","","WNW","Небольшая облачность","2026-01-05 22:42"
"-3.70","","-8.80","44","771","1028","","","","2.50","","WNW","Небольшая облачность","2026-01-05 22:43"
"-3.70","","-8.80","44","771","1028","","","","2.50","","WNW","Небольшая облачность","2026-01-05 22:44"
"-3.70","","-8.80","44","771","1028","","","","2.50","","WNW","Небольшая облачность","2026-01-05 22:45"
"-3.70","","-8.80","44","771","1028","","","","2.50","","WNW","Небольшая облачность","2026-01-05 22:46"
"-3.70","","-8.80","44","771","1028","","","","2.80","","WNW","Небольшая облачность","2026-01-05 22:47"
"-3.80","","-9.10","44","771","1028","","","","2.10","","WNW","Небольшая облачность","2026-01-05 22:48"
"-3.80","","-9.10","44","771","1028","","","","1.80","","WNW","Небольшая облачность","2026-01-05 22:49"
"-3.80","","-8.10","44","771","1028","","","","1.40","","WNW","Небольшая облачность","2026-01-05 22:50"
"-3.80","","-8.10","44","771","1028","","","","1.40","","WNW","Небольшая облачность","2026-01-05 22:51"
"-3.80","","-7.80","44","771","1028","","","","0.90","","WNW","Небольшая облачность","2026-01-05 22:52"
"-3.80","","-8.90","44","771","1028","","","","2.60","","WNW","Небольшая облачность","2026-01-05 22:53"
"-3.80","","-9.30","44","771","1028","","","","3.10","","WNW","Небольшая облачность","2026-01-05 22:54"
"-3.80","","-9.30","44","771","1028","","","","2.10","","WNW","Небольшая облачность","2026-01-05 22:55"
"-3.80","","-9.30","44","771","1028","","","","2.10","","WNW","Небольшая облачность","2026-01-05 22:56"
"-3.80","","-9.20","44","771","1028","","","","2.90","","WNW","Небольшая облачность","2026-01-05 22:57"
"-3.80","","-9.20","44","771","1028","","","","2.90","","WNW","Небольшая облачность","2026-01-05 22:58"
"-3.80","","-9.20","44","771","1028","","","","2.90","","WNW","Небольшая облачность","2026-01-05 22:59"
"-3.80","","-9.20","44","771","1028","","","","3.50","","WNW","Небольшая облачность","2026-01-05 23:00"
"-3.80","","-9.20","44","771","1028","","","","2.90","","WNW","Небольшая облачность","2026-01-05 23:01"
"-3.80","","-8.60","44","771","1028","","","","2.10","","WNW","Небольшая облачность","2026-01-05 23:02"
"-3.80","","-7.80","44","771","1028","","","","0.90","","WNW","Небольшая облачность","2026-01-05 23:03"
"-3.80","","-7.80","44","771","1028","","","","1.20","","WNW","Небольшая облачность","2026-01-05 23:04"
"-3.80","","-7.80","44","771","1028","","","","0.90","","WNW","Небольшая облачность","2026-01-05 23:05"
"-3.80","","-7.80","44","771","1028","","","","0.60","","WNW","Переменная облачность","2026-01-05 23:06"
"-3.90","","-7.70","44","771","1028","","","","0.60","","WNW","Переменная облачность","2026-01-05 23:07"
"-3.90","","-9.60","44","771","1028","","","","3.40","","WNW","Переменная облачность","2026-01-05 23:08"
"-3.90","","-9.30","44","771","1028","","","","2.90","","WNW","Переменная облачность","2026-01-05 23:09"
"-3.90","","-9.00","44","771","1028","","","","2.50","","WNW","Переменная облачность","2026-01-05 23:10"
"-3.90","","-8.70","44","771","1028","","","","2.10","","WNW","Переменная облачность","2026-01-05 23:11"
"-3.90","","-8.70","44","771","1028","","","","2.10","","WNW","Переменная облачность","2026-01-05 23:12"
"-3.90","","-8.60","44","771","1028","","","","1.90","","WNW","Переменная облачность","2026-01-05 23:13"
"-3.90","","-8.10","44","771","1028","","","","1.20","","WNW","Переменная облачность","2026-01-05 23:14"
"-3.90","","-8.10","44","771","1028","","","","1.30","","WNW","Переменная облачность","2026-01-05 23:15"
"-3.90","","-8.10","44","771","1028","","","","1.30","","WNW","Переменная облачность","2026-01-05 23:16"
"-3.90","","-8.10","44","771","1028","","","","1.30","","WNW","Переменная облачность","2026-01-05 23:17"
"-3.90","","-8.60","43","771","1028","","","","1.90","","WNW","Переменная облачность","2026-01-05 23:18"
"-4.00","","-8.30","43","771","1028","","","","1.30","","WNW","Переменная облачность","2026-01-05 23:19"
"-4.00","","-8.30","43","771","1028","","","","1.30","","WNW","Переменная облачность","2026-01-05 23:20"
"-4.00","","-8.30","43","770","1027","","","","1.80","","WNW","Переменная облачность","2026-01-05 23:21"
"-4.00","","-8.20","43","770","1027","","","","1.20","","WNW","Переменная облачность","2026-01-05 23:22"
"-4.00","","-8.80","43","770","1027","","","","2.00","","WNW","Переменная облачность","2026-01-05 23:23"
"-4.00","","-8.90","43","770","1027","","","","2.20","","WNW","Переменная облачность","2026-01-05 23:24"
"-4.00","","-8.30","43","770","1027","","","","1.40","","WNW","Переменная облачность","2026-01-05 23:25"
"-4.00","","-8.10","43","770","1027","","","","1.10","","WNW","Переменная облачность","2026-01-05 23:26"
"-4.10","","-8.20","43","770","1027","","","","1.20","","WNW","Переменная облачность","2026-01-05 23:27"
"-4.10","","-8.20","43","770","1027","","","","1.20","","WNW","Переменная облачность","2026-01-05 23:28"
"-4.10","","-8.20","43","770","1027","","","","1.20","","WNW","Переменная облачность","2026-01-05 23:29"
"-4.10","","-9.20","43","770","1027","","","","2.60","","WNW","Переменная облачность","2026-01-05 23:30"
"-4.10","","-9.30","43","770","1027","","","","1.70","","WNW","Переменная облачность","2026-01-05 23:31"
"-4.10","","-8.60","43","770","1027","","","","1.70","","WNW","Переменная облачность","2026-01-05 23:32"
"-4.10","","-8.60","43","770","1027","","","","1.70","","WNW","Переменная облачность","2026-01-05 23:33"
"-4.10","","-8.50","43","770","1027","","","","1.50","","WNW","Переменная облачность","2026-01-05 23:34"
"-4.10","","-8.50","43","770","1027","","","","0.90","","WNW","Переменная облачность","2026-01-05 23:35"
"-4.20","","-8.20","43","770","1027","","","","1.90","","WNW","Переменная облачность","2026-01-05 23:36"
"-4.20","","-8.20","43","770","1027","","","","1.90","","WNW","Переменная облачность","2026-01-05 23:37"
"-4.20","","-9.40","43","771","1028","","","","2.60","","WNW","Переменная облачность","2026-01-05 23:38"
"-4.20","","-8.90","43","771","1028","","","","1.90","","WNW","Переменная облачность","2026-01-05 23:39"
"-4.20","","-8.50","43","771","1028","","","","1.30","","WNW","Переменная облачность","2026-01-05 23:40"
"-4.20","","-8.50","43","771","1028","","","","1.70","","WNW","Переменная облачность","2026-01-05 23:41"
"-4.20","","-8.80","43","771","1028","","","","1.80","","WNW","Переменная облачность","2026-01-05 23:42"
"-4.20","","-8.80","43","771","1028","","","","1.80","","WNW","Переменная облачность","2026-01-05 23:43"
"-4.20","","-8.30","43","771","1028","","","","1.10","","WNW","Переменная облачность","2026-01-05 23:44"
"-4.20","","-8.30","43","771","1028","","","","1.60","","WNW","Переменная облачность","2026-01-05 23:45"
"-4.20","","-8.70","43","771","1028","","","","1.60","","WNW","Переменная облачность","2026-01-05 23:46"
"-4.20","","-9.40","43","771","1028","","","","2.60","","WNW","Переменная облачность","2026-01-05 23:47"
"-4.20","","-9.40","43","771","1028","","","","1.70","","WNW","Переменная облачность","2026-01-05 23:48"
"-4.20","","-8.60","43","771","1028","","","","1.50","","WNW","Переменная облачность","2026-01-05 23:49"
"-4.20","","-9.00","43","771","1028","","","","2.10","","WNW","Переменная облачность","2026-01-05 23:50"
"-4.20","","-9.00","43","770","1027","","","","1.20","","WNW","Переменная облачность","2026-01-05 23:51"
"-4.20","","-9.00","43","770","1027","","","","1.20","","WNW","Переменная облачность","2026-01-05 23:52"
"-4.20","","-8.60","43","770","1027","","","","1.50","","WNW","Переменная облачность","2026-01-05 23:53"
"-4.20","","-8.20","43","770","1027","","","","0.90","","WNW","Переменная облачность","2026-01-05 23:54"
"-4.20","","-8.40","43","770","1027","","","","1.20","","WNW","Переменная облачность","2026-01-05 23:55"
"-4.20","","-8.40","43","770","1027","","","","0.90","","WNW","Переменная облачность","2026-01-05 23:56"
"-4.20","","-8.40","43","770","1027","","","","0.90","","WNW","Переменная облачность","2026-01-05 23:57"
"-4.30","","-8.10","43","770","1027","","","","0.60","","WNW","Переменная облачность","2026-01-05 23:58"
"-4.30","","-8.10","43","770","1027","","","","0.00","","WNW","Переменная облачность","2026-01-05 23:59"