"Temp","Temp Water","Temp Feels Like","Humidity","Pressure Mm","Pressure Hpa","Precip Mm","Precip Type","Precip Intensity","Wind Speed Ms","Wind Gust Speed Ms","Wind Dir","Condition","Created At"
"-7.40","","-11.80","54","762","1017","","","","3.00","12.00","S","Небольшая облачность","2026-01-03 00:00"
"-7.40","","-11.50","54","762","1017","","","","1.10","12.00","S","Небольшая облачность","2026-01-03 00:01"
"-7.40","","-12.30","54","762","1017","","","","2.20","12.00","S","Небольшая облачность","2026-01-03 00:02"
"-7.40","","-12.30","54","762","1017","","","","1.90","12.00","S","Небольшая облачность","2026-01-03 00:03"
"-7.40","","-12.10","54","762","1017","","","","1.90","12.00","S","Небольшая облачность","2026-01-03 00:04"
"-7.40","","-12.10","54","762","1017","","","","1.90","12.00","S","Небольшая облачность","2026-01-03 00:05"
"-7.40","","-12.90","54","762","1016","","","","3.00","","S","Небольшая облачность","2026-01-03 00:06"
"-7.40","","-12.90","54","762","1016","","","","3.00","","S","Небольшая облачность","2026-01-03 00:07"
"-7.40","","-12.90","54","762","1016","","","","3.00","","SSW","Небольшая облачность","2026-01-03 00:08"
"-7.40","","-12.90","54","762","1016","","","","3.00","","SSW","Небольшая облачность","2026-01-03 00:09"
"-7.40","","-12.90","54","762","1016","","","","4.10","","SSW","Небольшая облачность","2026-01-03 00:10"
"-7.30","","-11.90","54","762","1016","","","","1.70","","SSW","Небольшая облачность","2026-01-03 00:11"
"-7.30","","-11.90","54","762","1016","","","","1.70","","SSW","Небольшая облачность","2026-01-03 00:12"
"-7.30","","-11.90","54","762","1016","","","","1.70","","SSW","Небольшая облачность","2026-01-03 00:13"
"-7.30","","-12.90","54","762","1016","","","","3.20","","SSW","Небольшая облачность","2026-01-03 00:14"
"-7.30","","-12.10","54","762","1016","","","","2.00","","SSW","Небольшая облачность","2026-01-03 00:15"
"-7.30","","-12.90","54","762","1016","","","","3.20","","SSW","Небольшая облачность","2026-01-03 00:16"
"-7.30","","-12.90","54","762","1016","","","","3.20","","SSW","Небольшая облачность","2026-01-03 00:17"
"-7.30","","-12.90","54","762","1016","","","","3.20","","SSW","Небольшая облачность","2026-01-03 00:18"
"-7.30","","-12.90","54","762","1016","","","","3.20","","SSW","Небольшая облачность","2026-01-03 00:19"
"-7.30","","-14.50","54","762","1016","","","","5.50","","SSW","Небольшая облачность","2026-01-03 00:20"
"-7.30","","-14.50","54","761","1015","","","","5.50","","SSW","Небольшая облачность","2026-01-03 00:21"
"-7.30","","-12.20","54","761","1015","","","","2.20","","SSW","Небольшая облачность","2026-01-03 00:22"
"-7.30","","-12.20","54","761","1015","","","","2.60","","S","Небольшая облачность","2026-01-03 00:23"
"-7.30","","-12.50","54","761","1015","","","","2.60","","S","Небольшая облачность","2026-01-03 00:24"
"-7.30","","-12.50","54","761","1015","","","","2.60","","S","Небольшая облачность","2026-01-03 00:25"
"-7.30","","-12.50","54","761","1015","","","","2.60","","S","Небольшая облачность","2026-01-03 00:26"
"-7.30","","-12.50","54","761","1015","","","","2.40","","S","Небольшая облачность","2026-01-03 00:27"
"-7.30","","-12.30","54","761","1015","","","","2.40","","S","Небольшая облачность","2026-01-03 00:28"
"-7.30","","-12.30","54","761","1015","","","","2.40","","S","Небольшая облачность","2026-01-03 00:29"
"-7.30","","-13.10","54","761","1015","","","","3.50","","S","Небольшая облачность","2026-01-03 00:30"
"-7.30","","-13.10","54","761","1015","","","","2.70","","SSW","Небольшая облачность","2026-01-03 00:31"
"-7.30","","-13.10","54","761","1015","","","","2.70","","SSW","Небольшая облачность","2026-01-03 00:32"
"-7.30","","-13.10","54","761","1015","","","","3.50","","SSW","Небольшая облачность","2026-01-03 00:33"
"-7.30","","-13.10","54","761","1015","","","","3.10","","SSW","Небольшая облачность","2026-01-03 00:34"
"-7.30","","-12.80","54","761","1015","","","","3.10","","SSW","Небольшая облачность","2026-01-03 00:35"
"-7.30","","-12.80","54","761","1015","","","","3.10","","SSW","Небольшая облачность","2026-01-03 00:36"
"-7.30","","-12.60","54","762","1016","","","","2.40","","SSW","Небольшая облачность","2026-01-03 00:37"
"-7.30","","-11.30","54","762","1016","","","","0.90","","SSW","Небольшая облачность","2026-01-03 00:38"
"-7.30","","-11.30","54","762","1016","","","","0.90","","SSW","Небольшая облачность","2026-01-03 00:39"
"-7.30","","-11.60","54","762","1016","","","","2.80","","SSW","Небольшая облачность","2026-01-03 00:40"
"-7.30","","-11.60","54","762","1016","","","","2.80","","SSW","Небольшая облачность","2026-01-03 00:41"
"-7.30","","-12.60","54","762","1016","","","","3.60","","SSW","Небольшая облачность","2026-01-03 00:42"
"-7.30","","-12.60","54","762","1016","","","","3.60","","SSW","Небольшая облачность","2026-01-03 00:43"
"-7.30","","-13.20","54","762","1016","","","","2.90","","SSW","Небольшая облачность","2026-01-03 00:44"
"-7.30","","-12.70","54","762","1016","","","","2.90","","SSW","Небольшая облачность","2026-01-03 00:45"
"-7.30","","-12.70","54","762","1016","","","","2.80","","SSW","Небольшая облачность","2026-01-03 00:46"
"-7.30","","-12.70","54","762","1016","","","","2.80","","SSW","Небольшая облачность","2026-01-03 00:47"
"-7.30","","-11.80","54","762","1016","","","","1.60","","SSW","Небольшая облачность","2026-01-03 00:48"
"-7.30","","-11.50","54","762","1016","","","","1.20","","SSW","Небольшая облачность","2026-01-03 00:49"
"-7.30","","-11.50","54","762","1016","","","","2.20","","SSW","Небольшая облачность","2026-01-03 00:50"
"-7.30","","-12.20","54","761","1015","","","","2.20","","SSW","Небольшая облачность","2026-01-03 00:51"
"-7.30","","-13.00","54","761","1015","","","","3.30","","SSW","Небольшая облачность","2026-01-03 00:52"
"-7.30","","-13.40","54","761","1015","","","","3.90","","SSW","Небольшая облачность","2026-01-03 00:53"
"-7.30","","-12.10","54","761","1015","","","","2.00","","SSW","Небольшая облачность","2026-01-03 00:54"
"-7.30","","-12.10","54","761","1015","","","","1.90","","SSW","Небольшая облачность","2026-01-03 00:55"
"-7.30","","-12.00","54","761","1015","","","","1.00","","SSW","Небольшая облачность","2026-01-03 00:56"
"-7.30","","-12.00","54","761","1015","","","","1.60","","SSW","Небольшая облачность","2026-01-03 00:57"
"-7.20","","-11.70","54","761","1015","","","","2.10","","SSW","Небольшая облачность","2026-01-03 00:58"
"-7.20","","-11.70","54","761","1015","","","","2.10","","SSW","Небольшая облачность","2026-01-03 00:59"
"-7.20","","-12.00","54","761","1015","","","","2.10","","SSW","Небольшая облачность","2026-01-03 01:00"
"-7.20","","-12.00","54","761","1015","","","","2.10","","SSW","Небольшая облачность","2026-01-03 01:01"
"-7.20","","-12.00","54","761","1015","","","","2.10","","SSW","Небольшая облачность","2026-01-03 01:02"
"-7.20","","-12.00","54","761","1015","","","","2.10","","SSW","Небольшая облачность","2026-01-03 01:03"
"-7.20","","-12.00","54","761","1015","","","","2.90","","SSW","Небольшая облачность","2026-01-03 01:04"
"-7.20","","-13.20","54","761","1015","","","","3.80","","SSW","Небольшая облачность","2026-01-03 01:05"
"-7.20","","-13.20","54","762","1016","","","","2.10","","SSW","Небольшая облачность","2026-01-03 01:06"
"-7.30","","-12.30","54","762","1016","","","","2.40","","SSW","Небольшая облачность","2026-01-03 01:07"
"-7.30","","-12.30","54","762","1016","","","","2.40","","SSW","Небольшая облачность","2026-01-03 01:08"
"-7.20","","-12.20","54","762","1016","","","","2.40","","SSW","Небольшая облачность","2026-01-03 01:09"
"-7.20","","-12.20","54","762","1016","","","","2.80","","SSW","Небольшая облачность","2026-01-03 01:10"
"-7.20","","-12.50","54","762","1016","","","","1.70","","SSW","Небольшая облачность","2026-01-03 01:11"
"-7.20","","-11.50","54","762","1016","","","","1.30","","SSW","Небольшая облачность","2026-01-03 01:12"
"-7.20","","-11.50","54","762","1016","","","","1.30","","SSW","Небольшая облачность","2026-01-03 01:13"
"-7.20","","-11.90","54","762","1016","","","","2.50","","SSW","Небольшая облачность","2026-01-03 01:14"
"-7.20","","-12.40","54","762","1016","","","","2.60","","SSW","Небольшая облачность","2026-01-03 01:15"
"-7.10","","-12.30","54","762","1016","","","","2.60","","SSW","Небольшая облачность","2026-01-03 01:16"
"-7.10","","-12.30","54","762","1016","","","","2.60","","SSW","Небольшая облачность","2026-01-03 01:17"
"-7.10","","-12.30","54","762","1016","","","","2.60","","SSW","Небольшая облачность","2026-01-03 01:18"
"-7.10","","-12.30","54","762","1016","","","","2.60","","SSW","Небольшая облачность","2026-01-03 01:19"
"-7.10","","-12.30","54","762","1016","","","","2.60","","SSW","Небольшая облачность","2026-01-03 01:20"
"-7.10","","-12.30","54","762","1016","","","","2.60","","SSW","Небольшая облачность","2026-01-03 01:21"
"-7.10","","-12.30","54","762","1016","","","","2.60","","SSW","Небольшая облачность","2026-01-03 01:22"
"-7.10","","-12.30","54","762","1016","","","","2.60","","SSW","Небольшая облачность","2026-01-03 01:23"
"-7.10","","-12.20","54","762","1016","","","","2.50","","SSW","Небольшая облачность","2026-01-03 01:24"
"-7.10","","-12.20","54","762","1016","","","","2.50","","SSW","Небольшая облачность","2026-01-03 01:25"
"-7.10","","-12.20","54","762","1016","","","","2.50","","SSW","Небольшая облачность","2026-01-03 01:26"
"-7.10","","-12.20","54","762","1016","","","","1.20","","SSW","Небольшая облачность","2026-01-03 01:27"
"-7.10","","-12.20","54","762","1016","","","","1.20","","SSW","Небольшая облачность","2026-01-03 01:28"
"-7.00","","-12.30","54","762","1016","","","","2.80","","SSW","Небольшая облачность","2026-01-03 01:29"
"-7.00","","-11.30","54","762","1016","","","","1.30","","SSW","Небольшая облачность","2026-01-03 01:30"
"-7.00","","-11.10","54","762","1016","","","","1.10","","SSW","Небольшая облачность","2026-01-03 01:31"
"-7.00","","-11.10","54","762","1016","","","","0.60","","SSW","Небольшая облачность","2026-01-03 01:32"
"-7.00","","-11.10","54","762","1016","","","","0.60","","SSW","Небольшая облачность","2026-01-03 01:33"
"-7.00","","-11.90","54","762","1016","","","","1.50","","SSW","Небольшая облачность","2026-01-03 01:34"
"-7.00","","-11.40","54","762","1016","","","","2.10","","SSW","Небольшая облачность","2026-01-03 01:35"
"-7.00","","-11.80","54","762","1016","","","","1.40","","SSW","Небольшая облачность","2026-01-03 01:36"
"-7.00","","-11.80","54","762","1016","","","","1.40","","SSW","Небольшая облачность","2026-01-03 01:37"
"-7.00","","-11.30","54","762","1016","","","","2.10","","SSW","Небольшая облачность","2026-01-03 01:38"
"-7.00","","-11.80","54","762","1016","","","","4.20","","SSW","Небольшая облачность","2026-01-03 01:39"
"-7.00","","-11.80","54","762","1016","","","","2.10","","SSW","Небольшая облачность","2026-01-03 01:40"
"-7.00","","-11.80","54","762","1016","","","","2.10","","SSW","Небольшая облачность","2026-01-03 01:41"
"-7.00","","-11.80","54","762","1016","","","","4.40","","SSW","Небольшая облачность","2026-01-03 01:42"
"-7.00","","-11.80","54","762","1016","","","","4.40","","SSW","Небольшая облачность","2026-01-03 01:43"
"-7.00","","-13.20","54","762","1016","","","","4.10","","SSW","Небольшая облачность","2026-01-03 01:44"
"-7.00","","-12.10","54","762","1016","","","","2.50","","SSW","Небольшая облачность","2026-01-03 01:45"
"-7.00","","-11.60","54","762","1016","","","","1.80","","SSW","Небольшая облачность","2026-01-03 01:46"
"-7.00","","-11.60","54","762","1016","","","","1.80","","SSW","Небольшая облачность","2026-01-03 01:47"
"-7.00","","-11.60","54","762","1016","","","","2.40","","SSW","Небольшая облачность","2026-01-03 01:48"
"-7.00","","-11.60","54","762","1016","","","","2.40","","SSW","Небольшая облачность","2026-01-03 01:49"
"-7.00","","-11.70","54","762","1016","","","","1.90","","SSW","Небольшая облачность","2026-01-03 01:50"
"-7.00","","-11.50","54","762","1016","","","","1.60","","SSW","Небольшая облачность","2026-01-03 01:51"
"-7.00","","-11.10","54","762","1016","","","","1.10","","SSW","Небольшая облачность","2026-01-03 01:52"
"-6.90","","-11.00","54","762","1016","","","","1.90","","SSW","Небольшая облачность","2026-01-03 01:53"
"-6.90","","-11.00","54","762","1016","","","","1.90","","SSW","Небольшая облачность","2026-01-03 01:54"
"-6.90","","-11.00","55","762","1016","","","","1.10","","SSW","Небольшая облачность","2026-01-03 01:55"
"-6.90","","-11.00","55","762","1016","","","","1.30","","SSW","Небольшая облачность","2026-01-03 01:56"
"-6.90","","-11.00","55","762","1016","","","","1.30","","SSW","Небольшая облачность","2026-01-03 01:57"
"-6.90","","-11.00","55","762","1016","","","","1.00","","SSW","Небольшая облачность","2026-01-03 01:58"
"-6.80","","-10.90","55","762","1016","","","","1.10","","SSW","Небольшая облачность","2026-01-03 01:59"
"-6.80","","-10.90","55","762","1016","","","","0.90","","SSW","Небольшая облачность","2026-01-03 02:00"
"-6.80","","-10.80","55","762","1016","","","","2.10","","SSW","Небольшая облачность","2026-01-03 02:01"
"-6.80","","-11.60","55","762","1016","","","","1.40","","SSW","Небольшая облачность","2026-01-03 02:02"
"-6.80","","-11.60","55","762","1016","","","","2.10","","SSW","Небольшая облачность","2026-01-03 02:03"
"-6.80","","-11.60","55","762","1016","","","","0.90","","SSW","Небольшая облачность","2026-01-03 02:04"
"-6.70","","-10.70","55","762","1016","","","","0.90","","SSW","Небольшая облачность","2026-01-03 02:05"
"-6.70","","-10.70","55","762","1016","","","","2.70","","SSW","Небольшая облачность","2026-01-03 02:06"
"-6.70","","-10.70","55","762","1016","","","","2.50","","SSW","Небольшая облачность","2026-01-03 02:07"
"-6.70","","-11.30","55","762","1016","","","","1.80","","SSW","Небольшая облачность","2026-01-03 02:08"
"-6.70","","-11.30","55","762","1016","","","","2.40","","SSW","Небольшая облачность","2026-01-03 02:09"
"-6.70","","-11.10","55","762","1016","","","","1.60","","SSW","Небольшая облачность","2026-01-03 02:10"
"-6.70","","-11.10","55","762","1016","","","","1.60","","SSW","Небольшая облачность","2026-01-03 02:11"
"-6.70","","-11.10","55","762","1016","","","","1.60","","SSW","Небольшая облачность","2026-01-03 02:12"
"-6.70","","-11.60","55","762","1016","","","","1.00","","SSW","Небольшая облачность","2026-01-03 02:13"
"-6.70","","-11.60","55","762","1016","","","","1.00","","SSW","Небольшая облачность","2026-01-03 02:14"
"-6.60","","-10.60","55","762","1016","","","","0.90","","SSW","Небольшая облачность","2026-01-03 02:15"
"-6.60","","-10.60","55","762","1016","","","","0.90","","SSW","Небольшая облачность","2026-01-03 02:16"
"-6.60","","-11.60","55","762","1016","","","","2.40","","SSW","Небольшая облачность","2026-01-03 02:17"
"-6.60","","-11.40","55","762","1016","","","","2.10","","SSW","Небольшая облачность","2026-01-03 02:18"
"-6.60","","-11.40","55","762","1016","","","","2.10","","SSW","Небольшая облачность","2026-01-03 02:19"
"-6.60","","-11.40","55","762","1016","","","","2.10","","SSW","Небольшая облачность","2026-01-03 02:20"
"-6.60","","-11.40","55","761","1015","","","","2.10","","SSW","Переменная облачность","2026-01-03 02:21"
"-6.60","","-11.40","55","761","1015","","","","2.10","","SSW","Переменная облачность","2026-01-03 02:22"
"-6.60","","-10.40","55","761","1015","","","","0.70","","SSW","Переменная облачность","2026-01-03 02:23"
"-6.60","","-10.40","55","761","1015","","","","0.70","","SSW","Переменная облачность","2026-01-03 02:24"
"-6.60","","-10.40","55","761","1015","","","","0.70","","SSW","Переменная облачность","2026-01-03 02:25"
"-6.60","","-10.40","55","761","1015","","","","1.50","","SSW","Переменная облачность","2026-01-03 02:26"
"-6.60","","-11.00","55","761","1015","","","","1.50","","SSW","Переменная облачность","2026-01-03 02:27"
"-6.60","","-10.90","55","761","1015","","","","1.40","","SSW","Переменная облачность","2026-01-03 02:28"
"-6.60","","-10.90","55","761","1015","","","","1.40","","SSW","Переменная облачность","2026-01-03 02:29"
"-6.60","","-10.90","55","761","1015","","","","2.70","","SSW","Переменная облачность","2026-01-03 02:30"
"-6.60","","-10.60","55","761","1015","","","","1.00","","SSW","Переменная облачность","2026-01-03 02:31"
"-6.60","","-10.60","55","761","1015","","","","1.50","","SSW","Переменная облачность","2026-01-03 02:32"
"-6.60","","-10.60","55","761","1015","","","","3.10","","SSW","Переменная облачность","2026-01-03 02:33"
"-6.60","","-10.60","55","761","1015","","","","3.10","","SSW","Переменная облачность","2026-01-03 02:34"
"-6.60","","-10.70","55","761","1015","","","","1.10","","SSW","Переменная облачность","2026-01-03 02:35"
"-6.50","","-10.60","55","762","1016","","","","1.10","","SSW","Переменная облачность","2026-01-03 02:36"
"-6.50","","-10.60","55","762","1016","","","","1.10","","SSW","Переменная облачность","2026-01-03 02:37"
"-6.50","","-10.90","55","762","1016","","","","1.70","","SSW","Переменная облачность","2026-01-03 02:38"
"-6.50","","-10.50","55","762","1016","","","","1.00","","SSW","Переменная облачность","2026-01-03 02:39"
"-6.50","","-10.50","55","762","1016","","","","1.60","","SSW","Переменная облачность","2026-01-03 02:40"
"-6.50","","-10.90","55","762","1016","","","","1.70","","SSW","Переменная облачность","2026-01-03 02:41"
"-6.50","","-11.00","55","762","1016","","","","1.40","","SSW","Переменная облачность","2026-01-03 02:42"
"-6.50","","-10.80","55","762","1016","","","","1.20","","SSW","Переменная облачность","2026-01-03 02:43"
"-6.50","","-10.70","55","762","1016","","","","3.30","","SSW","Переменная облачность","2026-01-03 02:44"
"-6.50","","-11.20","55","762","1016","","","","2.00","","SSW","Переменная облачность","2026-01-03 02:45"
"-6.50","","-10.60","55","762","1016","","","","1.10","","SSW","Переменная облачность","2026-01-03 02:46"
"-6.50","","-10.60","55","762","1016","","","","1.10","","SSW","Переменная облачность","2026-01-03 02:47"
"-6.50","","-10.50","55","762","1016","","","","1.00","","SSW","Переменная облачность","2026-01-03 02:48"
"-6.40","","-10.40","55","762","1016","","","","0.70","","SSW","Переменная облачность","2026-01-03 02:49"
"-6.40","","-10.20","55","762","1016","","","","1.90","","SSW","Переменная облачность","2026-01-03 02:50"
"-6.40","","-10.20","55","762","1016","","","","1.90","","SSW","Переменная облачность","2026-01-03 02:51"
"-6.40","","-10.30","55","762","1016","","","","0.90","","SSW","Переменная облачность","2026-01-03 02:52"
"-6.40","","-10.30","55","762","1016","","","","0.90","","SSW","Переменная облачность","2026-01-03 02:53"
"-6.40","","-10.30","55","762","1016","","","","2.20","","SSW","Переменная облачность","2026-01-03 02:54"
"-6.30","","-10.40","55","762","1016","","","","1.10","","SSW","Переменная облачность","2026-01-03 02:55"
"-6.30","","-10.40","55","762","1016","","","","1.20","","SSW","Переменная облачность","2026-01-03 02:56"
"-6.30","","-10.40","55","762","1016","","","","1.10","","SSW","Переменная облачность","2026-01-03 02:57"
"-6.30","","-10.40","55","762","1016","","","","2.20","","SSW","Переменная облачность","2026-01-03 02:58"
"-6.30","","-10.50","55","762","1016","","","","1.30","","SSW","Переменная облачность","2026-01-03 02:59"
"-6.20","","-11.70","55","762","1016","","","","3.20","","SSW","Переменная облачность","2026-01-03 03:00"
"-6.20","","-11.30","55","762","1016","","","","2.50","","SSW","Переменная облачность","2026-01-03 03:01"
"-6.20","","-10.60","55","762","1016","","","","1.50","","SSW","Переменная облачность","2026-01-03 03:02"
"-6.10","","-10.80","55","762","1016","","","","2.00","","SSW","Переменная облачность","2026-01-03 03:03"
"-6.10","","-10.80","55","762","1016","","","","2.00","","SSW","Переменная облачность","2026-01-03 03:04"
"-6.10","","-10.80","55","762","1016","","","","1.00","","SSW","Переменная облачность","2026-01-03 03:05"
"-6.10","","-10.80","55","762","1016","","","","1.00","","SSW","Переменная облачность","2026-01-03 03:06"
"-6.10","","-10.40","55","761","1015","","","","1.50","","SSW","Переменная облачность","2026-01-03 03:07"
"-6.10","","-10.20","55","761","1015","","","","1.10","","SSW","Переменная облачность","2026-01-03 03:08"
"-6.10","","-10.20","55","761","1015","","","","1.10","","SSW","Переменная облачность","2026-01-03 03:09"
"-6.00","","-10.80","55","761","1015","","","","2.10","","SSW","Переменная облачность","2026-01-03 03:10"
"-6.00","","-10.80","55","761","1015","","","","1.10","","SSW","Переменная облачность","2026-01-03 03:11"
"-6.00","","-10.60","55","761","1015","","","","1.90","","SSW","Переменная облачность","2026-01-03 03:12"
"-6.00","","-11.70","55","761","1015","","","","3.50","","SSW","Переменная облачность","2026-01-03 03:13"
"-6.00","","-11.00","55","761","1015","","","","2.40","","SSW","Переменная облачность","2026-01-03 03:14"
"-6.00","","-11.00","55","761","1015","","","","3.50","","SSW","Переменная облачность","2026-01-03 03:15"
"-5.90","","-11.60","55","761","1015","","","","3.50","","SSW","Переменная облачность","2026-01-03 03:16"
"-5.90","","-11.60","55","761","1015","","","","3.50","","SSW","Переменная облачность","2026-01-03 03:17"
"-5.90","","-10.20","55","761","1015","","","","1.50","","SSW","Переменная облачность","2026-01-03 03:18"
"-5.90","","-10.20","55","761","1015","","","","1.50","","SSW","Переменная облачность","2026-01-03 03:19"
"-5.90","","-10.20","55","761","1015","","","","2.10","","SSW","Переменная облачность","2026-01-03 03:20"
"-5.90","","-10.20","55","761","1015","","","","2.10","","SSW","Переменная облачность","2026-01-03 03:21"
"-5.90","","-10.70","55","761","1015","","","","2.10","","SSW","Переменная облачность","2026-01-03 03:22"
"-5.90","","-10.70","55","761","1015","","","","4.00","","SSW","Переменная облачность","2026-01-03 03:23"
"-5.80","","-11.90","55","761","1015","","","","3.00","","SSW","Переменная облачность","2026-01-03 03:24"
"-5.80","","-11.90","55","761","1015","","","","3.00","","SSW","Переменная облачность","2026-01-03 03:25"
"-5.80","","-11.90","55","761","1015","","","","4.10","","SSW","Переменная облачность","2026-01-03 03:26"
"-5.80","","-11.90","55","761","1015","","","","4.10","","SSW","Переменная облачность","2026-01-03 03:27"
"-5.80","","-11.20","55","761","1015","","","","3.10","","SSW","Переменная облачность","2026-01-03 03:28"
"-5.70","","-11.10","55","761","1015","","","","3.10","","SSW","Переменная облачность","2026-01-03 03:29"
"-5.70","","-11.10","55","761","1015","","","","1.40","","SSW","Переменная облачность","2026-01-03 03:30"
"-5.70","","-10.30","55","761","1015","","","","1.90","","SSW","Переменная облачность","2026-01-03 03:31"
"-5.70","","-10.30","55","761","1015","","","","3.50","","SSW","Переменная облачность","2026-01-03 03:32"
"-5.70","","-10.10","55","761","1015","","","","1.60","","SSW","Переменная облачность","2026-01-03 03:33"
"-5.70","","-10.20","55","761","1015","","","","1.70","","SSW","Переменная облачность","2026-01-03 03:34"
"-5.70","","-10.20","55","761","1015","","","","1.70","","SSW","Переменная облачность","2026-01-03 03:35"
"-5.70","","-10.20","55","761","1015","","","","2.00","","SSW","Переменная облачность","2026-01-03 03:36"
"-5.60","","-10.70","55","761","1015","","","","2.60","","SSW","Переменная облачность","2026-01-03 03:37"
"-5.60","","-10.70","55","761","1015","","","","3.90","","SSW","Переменная облачность","2026-01-03 03:38"
"-5.60","","-9.80","55","761","1015","","","","1.40","","SSW","Переменная облачность","2026-01-03 03:39"
"-5.60","","-9.80","55","761","1015","","","","1.40","","SSW","Переменная облачность","2026-01-03 03:40"
"-5.60","","-10.30","55","761","1015","","","","2.00","","SSW","Переменная облачность","2026-01-03 03:41"
"-5.60","","-10.30","55","761","1015","","","","2.00","","SSW","Переменная облачность","2026-01-03 03:42"
"-5.60","","-10.30","55","761","1015","","","","2.00","","SSW","Переменная облачность","2026-01-03 03:43"
"-5.60","","-10.30","55","761","1015","","","","3.30","","SSW","Переменная облачность","2026-01-03 03:44"
"-5.60","","-10.70","55","761","1015","","","","2.60","","SSW","Переменная облачность","2026-01-03 03:45"
"-5.60","","-10.70","55","761","1015","","","","2.70","","SSW","Переменная облачность","2026-01-03 03:46"
"-5.60","","-10.70","55","761","1015","","","","2.70","","SSW","Переменная облачность","2026-01-03 03:47"
"-5.60","","-10.80","55","761","1015","","","","4.20","","SSW","Переменная облачность","2026-01-03 03:48"
"-5.60","","-10.80","55","761","1015","","","","4.20","","SSW","Переменная облачность","2026-01-03 03:49"
"-5.60","","-11.00","55","761","1015","","","","3.10","","SSW","Переменная облачность","2026-01-03 03:50"
"-5.60","","-11.00","55","761","1015","","","","3.10","","SSW","Переменная облачность","2026-01-03 03:51"
"-5.60","","-11.00","55","761","1015","","","","2.40","","SSW","Переменная облачность","2026-01-03 03:52"
"-5.60","","-10.20","55","761","1015","","","","1.90","","SSW","Переменная облачность","2026-01-03 03:53"
"-5.60","","-10.20","55","761","1015","","","","1.90","","SSW","Переменная облачность","2026-01-03 03:54"
"-5.60","","-10.20","55","761","1015","","","","1.90","","SSW","Переменная облачность","2026-01-03 03:55"
"-5.50","","-11.60","55","761","1015","","","","4.10","","SSW","Переменная облачность","2026-01-03 03:56"
"-5.50","","-11.60","55","761","1015","","","","4.10","","SSW","Переменная облачность","2026-01-03 03:57"
"-5.50","","-11.60","55","761","1015","","","","2.50","","SSW","Переменная облачность","2026-01-03 03:58"
"-5.50","","-10.50","55","761","1015","","","","2.50","","SSW","Переменная облачность","2026-01-03 03:59"
"-5.50","","-12.10","55","761","1015","","","","4.70","","SSW","Переменная облачность","2026-01-03 04:00"
"-5.50","","-12.10","55","761","1015","","","","4.70","","SSW","Переменная облачность","2026-01-03 04:01"
"-5.40","","-11.90","55","761","1015","","","","4.70","","SSW","Переменная облачность","2026-01-03 04:02"
"-5.40","","-11.90","55","761","1015","","","","4.70","","SSW","Переменная облачность","2026-01-03 04:03"
"-5.40","","-11.90","55","761","1015","","","","3.10","","SSW","Переменная облачность","2026-01-03 04:04"
"-5.40","","-11.60","55","761","1015","","","","4.20","","SSW","Переменная облачность","2026-01-03 04:05"
"-5.40","","-10.90","55","761","1015","","","","3.20","","SSW","Переменная облачность","2026-01-03 04:06"
"-5.30","","-10.80","55","761","1015","","","","3.20","","SSW","Переменная облачность","2026-01-03 04:07"
"-5.30","","-10.90","55","761","1015","","","","3.40","","SSW","Переменная облачность","2026-01-03 04:08"
"-5.30","","-10.70","55","761","1015","","","","3.00","","SSW","Переменная облачность","2026-01-03 04:09"
"-5.30","","-10.70","55","761","1015","","","","2.90","","SSW","Переменная облачность","2026-01-03 04:10"
"-5.30","","-10.70","55","761","1015","","","","2.90","","SSW","Переменная облачность","2026-01-03 04:11"
"-5.30","","-10.60","55","761","1015","","","","2.90","","SSW","Переменная облачность","2026-01-03 04:12"
"-5.20","","-10.00","55","761","1015","","","","2.20","","SSW","Переменная облачность","2026-01-03 04:13"
"-5.20","","-9.50","55","761","1015","","","","1.50","","SSW","Переменная облачность","2026-01-03 04:14"
"-5.20","","-9.50","55","761","1015","","","","1.50","","SSW","Переменная облачность","2026-01-03 04:15"
"-5.20","","-9.50","55","761","1015","","","","1.50","","SSW","Переменная облачность","2026-01-03 04:16"
"-5.20","","-9.50","55","761","1015","","","","1.50","","SSW","Переменная облачность","2026-01-03 04:17"
"-5.20","","-10.10","55","761","1015","","","","2.40","","SSW","Переменная облачность","2026-01-03 04:18"
"-5.20","","-10.10","55","761","1015","","","","2.40","","SSW","Переменная облачность","2026-01-03 04:19"
"-5.20","","-10.10","55","761","1015","","","","2.40","","SSW","Переменная облачность","2026-01-03 04:20"
"-5.20","","-10.10","55","761","1015","","","","3.00","","SSW","Переменная облачность","2026-01-03 04:21"
"-5.20","","-10.50","55","761","1015","","","","4.10","","SSW","Переменная облачность","2026-01-03 04:22"
"-5.20","","-10.50","55","761","1015","","","","4.10","","SSW","Переменная облачность","2026-01-03 04:23"
"-5.20","","-10.40","55","761","1015","","","","2.80","","SSW","Переменная облачность","2026-01-03 04:24"
"-5.20","","-10.40","55","761","1015","","","","1.20","","SSW","Переменная облачность","2026-01-03 04:25"
"-5.20","","-10.40","55","761","1015","","","","2.40","","SSW","Переменная облачность","2026-01-03 04:26"
"-5.20","","-10.10","55","761","1015","","","","2.40","","SSW","Переменная облачность","2026-01-03 04:27"
"-5.20","","-9.40","55","761","1015","","","","1.40","","SSW","Переменная облачность","2026-01-03 04:28"
"-5.20","","-9.40","55","761","1015","","","","1.40","","SSW","Переменная облачность","2026-01-03 04:29"
"-5.10","","-9.10","55","761","1015","","","","1.10","","SSW","Переменная облачность","2026-01-03 04:30"
"-5.10","","-9.10","55","761","1015","","","","1.90","","SSW","Переменная облачность","2026-01-03 04:31"
"-5.10","","-9.70","55","761","1015","","","","2.60","","SSW","Переменная облачность","2026-01-03 04:32"
"-5.10","","-10.20","55","761","1015","","","","2.60","","SSW","Переменная облачность","2026-01-03 04:33"
"-5.10","","-10.20","55","761","1015","","","","2.60","","SSW","Переменная облачность","2026-01-03 04:34"
"-5.10","","-10.30","55","761","1015","","","","2.80","","SSW","Переменная облачность","2026-01-03 04:35"
"-5.10","","-10.30","55","760","1014","","","","2.80","","SSW","Переменная облачность","2026-01-03 04:36"
"-5.10","","-10.50","55","760","1014","","","","3.10","","SSW","Переменная облачность","2026-01-03 04:37"
"-5.10","","-10.60","55","760","1014","","","","3.20","","SSW","Переменная облачность","2026-01-03 04:38"
"-5.10","","-10.60","55","760","1014","","","","1.30","","SSW","Переменная облачность","2026-01-03 04:39"
"-5.10","","-10.40","55","760","1014","","","","2.90","","SSW","Переменная облачность","2026-01-03 04:40"
"-5.00","","-9.60","55","760","1014","","","","2.00","","SSW","Переменная облачность","2026-01-03 04:41"
"-5.00","","-9.60","55","760","1014","","","","2.00","","SSW","Переменная облачность","2026-01-03 04:42"
"-5.00","","-9.60","55","760","1014","","","","2.00","","SSW","Переменная облачность","2026-01-03 04:43"
"-5.00","","-9.60","55","760","1014","","","","2.00","","SSW","Переменная облачность","2026-01-03 04:44"
"-5.00","","-11.20","55","760","1014","","","","4.20","","SSW","Переменная облачность","2026-01-03 04:45"
"-5.00","","-11.20","55","760","1014","","","","4.20","","SSW","Переменная облачность","2026-01-03 04:46"
"-4.90","","-9.90","55","760","1014","","","","2.50","","SSW","Переменная облачность","2026-01-03 04:47"
"-4.90","","-9.90","55","760","1014","","","","3.60","","SSW","Переменная облачность","2026-01-03 04:48"
"-4.90","","-9.90","55","760","1014","","","","3.60","","SSW","Переменная облачность","2026-01-03 04:49"
"-4.90","","-10.60","55","760","1014","","","","3.20","","SSW","Переменная облачность","2026-01-03 04:50"
"-4.90","","-10.00","55","760","1014","","","","2.70","","SSW","Переменная облачность","2026-01-03 04:51"
"-4.90","","-10.00","55","760","1014","","","","2.70","","SSW","Переменная облачность","2026-01-03 04:52"
"-4.90","","-10.00","55","762","1016","","","","2.70","","SSW","Переменная облачность","2026-01-03 04:53"
"-4.80","","-9.80","55","762","1016","","","","2.60","","SSW","Переменная облачность","2026-01-03 04:54"
"-4.80","","-9.80","55","762","1016","","","","2.60","","SSW","Переменная облачность","2026-01-03 04:55"
"-4.80","","-9.80","55","762","1016","","","","2.10","","SSW","Переменная облачность","2026-01-03 04:56"
"-4.80","","-9.50","55","762","1016","","","","2.60","","SSW","Переменная облачность","2026-01-03 04:57"
"-4.80","","-9.50","55","762","1016","","","","2.60","","SSW","Переменная облачность","2026-01-03 04:58"
"-4.80","","-9.80","55","762","1016","","","","2.60","","SSW","Переменная облачность","2026-01-03 04:59"
"-4.80","","-9.80","55","762","1016","","","","2.60","","SSW","Переменная облачность","2026-01-03 05:00"
"-4.80","","-9.80","55","762","1016","","","","2.60","","SSW","Переменная облачность","2026-01-03 05:01"
"-4.80","","-9.80","55","762","1016","","","","2.60","","SSW","Переменная облачность","2026-01-03 05:02"
"-4.80","","-9.80","55","762","1016","","","","4.00","","SSW","Переменная облачность","2026-01-03 05:03"
"-4.80","","-9.80","55","762","1016","","","","4.00","","SSW","Переменная облачность","2026-01-03 05:04"
"-4.70","","-10.70","55","762","1016","","","","1.50","","SSW","Переменная облачность","2026-01-03 05:05"
"-4.70","","-10.70","55","761","1015","","","","1.80","","SSW","Небольшая облачность","2026-01-03 05:06"
"-4.70","","-10.70","55","761","1015","","","","1.80","","SSW","Небольшая облачность","2026-01-03 05:07"
"-4.70","","-10.70","55","761","1015","","","","1.80","","SSW","Небольшая облачность","2026-01-03 05:08"
"-4.70","","-9.20","55","761","1015","","","","1.80","","SSW","Небольшая облачность","2026-01-03 05:09"
"-4.70","","-9.70","55","761","1015","","","","2.50","","SSW","Небольшая облачность","2026-01-03 05:10"
"-4.70","","-9.70","55","761","1015","","","","2.50","","SSW","Небольшая облачность","2026-01-03 05:11"
"-4.70","","-9.70","55","761","1015","","","","3.10","","SSW","Небольшая облачность","2026-01-03 05:12"
"-4.70","","-10.10","55","761","1015","","","","2.20","","SSW","Небольшая облачность","2026-01-03 05:13"
"-4.70","","-9.50","55","761","1015","","","","4.20","","SSW","Небольшая облачность","2026-01-03 05:14"
"-4.70","","-10.90","55","761","1015","","","","3.40","","SSW","Небольшая облачность","2026-01-03 05:15"
"-4.70","","-9.80","54","761","1015","","","","2.70","","SSW","Небольшая облачность","2026-01-03 05:16"
"-4.70","","-10.10","54","761","1015","","","","3.10","","SSW","Небольшая облачность","2026-01-03 05:17"
"-4.70","","-10.10","54","761","1015","","","","3.10","","SSW","Небольшая облачность","2026-01-03 05:18"
"-4.70","","-9.80","54","761","1015","","","","2.60","","SSW","Небольшая облачность","2026-01-03 05:19"
"-4.70","","-9.80","54","761","1015","","","","1.80","","SSW","Небольшая облачность","2026-01-03 05:20"
"-4.70","","-9.80","54","761","1015","","","","1.80","","SSW","Небольшая облачность","2026-01-03 05:21"
"-4.70","","-10.00","54","762","1016","","","","2.50","","SSW","Небольшая облачность","2026-01-03 05:22"
"-4.70","","-9.60","54","762","1016","","","","2.40","","SSW","Небольшая облачность","2026-01-03 05:23"
"-4.70","","-9.60","54","762","1016","","","","2.40","","SSW","Небольшая облачность","2026-01-03 05:24"
"-4.70","","-9.10","54","762","1016","","","","2.90","","SSW","Небольшая облачность","2026-01-03 05:25"
"-4.70","","-10.00","54","762","1016","","","","2.90","","SSW","Небольшая облачность","2026-01-03 05:26"
"-4.70","","-9.60","54","762","1016","","","","2.40","","SSW","Небольшая облачность","2026-01-03 05:27"
"-4.70","","-9.60","54","762","1016","","","","2.40","","SSW","Небольшая облачность","2026-01-03 05:28"
"-4.70","","-9.60","54","762","1016","","","","2.40","","SSW","Небольшая облачность","2026-01-03 05:29"
"-4.70","","-8.90","54","762","1016","","","","1.40","","SSW","Небольшая облачность","2026-01-03 05:30"
"-4.70","","-8.90","54","762","1016","","","","1.40","","SSW","Небольшая облачность","2026-01-03 05:31"
"-4.70","","-10.00","54","762","1016","","","","3.00","","SSW","Небольшая облачность","2026-01-03 05:32"
"-4.70","","-10.00","54","762","1016","","","","3.00","","SSW","Небольшая облачность","2026-01-03 05:33"
"-4.70","","-10.00","54","762","1016","","","","3.00","","SSW","Небольшая облачность","2026-01-03 05:34"
"-4.60","","-8.90","54","762","1016","","","","1.50","","SSW","Небольшая облачность","2026-01-03 05:35"
"-4.60","","-8.90","54","762","1016","","","","1.50","","SSW","Небольшая облачность","2026-01-03 05:36"
"-4.60","","-9.20","54","761","1015","","","","2.20","","SSW","Небольшая облачность","2026-01-03 05:37"
"-4.60","","-9.40","54","761","1015","","","","1.50","","SSW","Небольшая облачность","2026-01-03 05:38"
"-4.60","","-10.60","54","761","1015","","","","3.90","","SSW","Небольшая облачность","2026-01-03 05:39"
"-4.60","","-9.00","54","761","1015","","","","1.70","","SSW","Небольшая облачность","2026-01-03 05:40"
"-4.60","","-9.40","54","761","1015","","","","2.20","","SSW","Небольшая облачность","2026-01-03 05:41"
"-4.50","","-9.30","54","761","1015","","","","2.20","","SSW","Небольшая облачность","2026-01-03 05:42"
"-4.50","","-9.30","54","761","1015","","","","2.20","","SSW","Небольшая облачность","2026-01-03 05:43"
"-4.50","","-8.60","54","761","1015","","","","3.30","","SSW","Небольшая облачность","2026-01-03 05:44"
"-4.50","","-10.00","54","761","1015","","","","3.30","","SSW","Небольшая облачность","2026-01-03 05:45"
"-4.50","","-10.00","54","761","1015","","","","3.30","","SSW","Небольшая облачность","2026-01-03 05:46"
"-4.50","","-10.00","54","761","1015","","","","3.30","","SSW","Небольшая облачность","2026-01-03 05:47"
"-4.50","","-9.50","54","761","1015","","","","2.60","","SSW","Небольшая облачность","2026-01-03 05:48"
"-4.50","","-9.50","54","761","1015","","","","2.60","","SSW","Небольшая облачность","2026-01-03 05:49"
"-4.50","","-9.50","54","761","1015","","","","2.60","","SSW","Небольшая облачность","2026-01-03 05:50"
"-4.50","","-9.90","54","762","1016","","","","3.10","","SSW","Небольшая облачность","2026-01-03 05:51"
"-4.50","","-9.90","54","762","1016","","","","3.10","","SSW","Небольшая облачность","2026-01-03 05:52"
"-4.40","","-9.80","53","762","1016","","","","3.10","","SSW","Небольшая облачность","2026-01-03 05:53"
"-4.40","","-9.80","53","762","1016","","","","4.20","","SSW","Небольшая облачность","2026-01-03 05:54"
"-4.40","","-9.20","53","762","1016","","","","2.20","","SSW","Небольшая облачность","2026-01-03 05:55"
"-4.40","","-9.20","53","762","1016","","","","2.20","","SSW","Небольшая облачность","2026-01-03 05:56"
"-4.40","","-9.00","53","762","1016","","","","2.00","","SSW","Небольшая облачность","2026-01-03 05:57"
"-4.40","","-9.00","53","762","1016","","","","2.20","","SSW","Небольшая облачность","2026-01-03 05:58"
"-4.40","","-9.20","53","762","1016","","","","2.20","","SSW","Небольшая облачность","2026-01-03 05:59"
"-4.30","","-10.30","53","762","1016","","","","4.00","","SSW","Небольшая облачность","2026-01-03 06:00"
"-4.30","","-10.30","53","762","1016","","","","4.00","","SSW","Небольшая облачность","2026-01-03 06:01"
"-4.30","","-10.90","53","762","1016","","","","4.80","","SSW","Небольшая облачность","2026-01-03 06:02"
"-4.30","","-8.90","53","762","1016","","","","2.00","","SSW","Небольшая облачность","2026-01-03 06:03"
"-4.20","","-9.30","53","762","1016","","","","2.70","","SSW","Небольшая облачность","2026-01-03 06:04"
"-4.20","","-9.30","53","762","1016","","","","1.40","","SSW","Небольшая облачность","2026-01-03 06:05"
"-4.20","","-9.30","53","762","1016","","","","1.40","","SSW","Небольшая облачность","2026-01-03 06:06"
"-4.20","","-8.40","53","762","1016","","","","1.40","","SSW","Небольшая облачность","2026-01-03 06:07"
"-4.20","","-9.30","53","762","1016","","","","2.70","","SSW","Небольшая облачность","2026-01-03 06:08"
"-4.20","","-9.30","53","762","1016","","","","2.70","","SSW","Небольшая облачность","2026-01-03 06:09"
"-4.10","","-9.40","53","762","1016","","","","3.50","","SSW","Небольшая облачность","2026-01-03 06:10"
"-4.10","","-9.80","53","762","1016","","","","2.80","","SSW","Небольшая облачность","2026-01-03 06:11"
"-4.00","","-9.20","53","762","1016","","","","1.80","","SSW","Небольшая облачность","2026-01-03 06:12"
"-4.00","","-8.40","54","762","1016","","","","1.80","","SSW","Небольшая облачность","2026-01-03 06:13"
"-4.00","","-8.40","54","762","1016","","","","1.80","","SSW","Небольшая облачность","2026-01-03 06:14"
"-3.90","","-9.40","54","762","1016","","","","3.30","","SSW","Небольшая облачность","2026-01-03 06:15"
"-3.90","","-9.60","54","762","1016","","","","3.60","","SSW","Небольшая облачность","2026-01-03 06:16"
"-3.80","","-9.50","54","762","1016","","","","3.60","","SSW","Небольшая облачность","2026-01-03 06:17"
"-3.80","","-9.50","54","762","1016","","","","3.60","","SSW","Небольшая облачность","2026-01-03 06:18"
"-3.80","","-9.50","54","762","1016","","","","4.70","","SSW","Небольшая облачность","2026-01-03 06:19"
"-3.70","","-10.20","54","762","1016","","","","1.80","","SSW","Небольшая облачность","2026-01-03 06:20"
"-3.70","","-8.10","54","762","1016","","","","1.80","","SSW","Небольшая облачность","2026-01-03 06:21"
"-3.70","","-8.10","54","762","1016","","","","1.80","","SSW","Небольшая облачность","2026-01-03 06:22"
"-3.60","","-10.10","54","762","1016","","","","4.70","","SSW","Небольшая облачность","2026-01-03 06:23"
"-3.60","","-10.10","54","762","1016","","","","4.70","","SSW","Небольшая облачность","2026-01-03 06:24"
"-3.50","","-8.90","54","762","1016","","","","3.20","","SSW","Небольшая облачность","2026-01-03 06:25"
"-3.50","","-8.90","54","762","1016","","","","3.20","","SSW","Небольшая облачность","2026-01-03 06:26"
"-3.50","","-8.90","54","762","1016","","","","3.10","","SSW","Небольшая облачность","2026-01-03 06:27"
"-3.40","","-8.70","53","762","1016","","","","3.10","","SSW","Небольшая облачность","2026-01-03 06:28"
"-3.40","","-8.70","53","762","1016","","","","2.90","","SSW","Небольшая облачность","2026-01-03 06:29"
"-3.40","","-8.60","53","762","1016","","","","2.90","","SSW","Небольшая облачность","2026-01-03 06:30"
"-3.40","","-8.60","53","762","1016","","","","2.90","","SSW","Небольшая облачность","2026-01-03 06:31"
"-3.30","","-8.50","53","762","1016","","","","2.90","","SSW","Небольшая облачность","2026-01-03 06:32"
"-3.30","","-8.50","53","762","1016","","","","2.90","","SSW","Небольшая облачность","2026-01-03 06:33"
"-3.30","","-8.50","53","762","1016","","","","2.90","","SSW","Небольшая облачность","2026-01-03 06:34"
"-3.30","","-8.50","53","762","1016","","","","3.10","","SSW","Небольшая облачность","2026-01-03 06:35"
"-3.20","","-8.50","53","762","1016","","","","2.40","","SSW","Небольшая облачность","2026-01-03 06:36"
"-3.20","","-8.00","53","762","1016","","","","1.70","","SSW","Небольшая облачность","2026-01-03 06:37"
"-3.10","","-8.50","53","762","1016","","","","3.20","","SSW","Небольшая облачность","2026-01-03 06:38"
"-3.10","","-8.50","53","762","1016","","","","3.20","","SSW","Небольшая облачность","2026-01-03 06:39"
"-3.00","","-8.40","53","762","1016","","","","3.20","","SSW","Небольшая облачность","2026-01-03 06:40"
"-3.00","","-7.80","53","762","1016","","","","2.40","","SSW","Небольшая облачность","2026-01-03 06:41"
"-2.90","","-7.70","53","762","1016","","","","2.40","","SSW","Небольшая облачность","2026-01-03 06:42"
"-2.90","","-7.70","53","762","1016","","","","3.90","","SSW","Небольшая облачность","2026-01-03 06:43"
"-2.90","","-8.80","53","762","1016","","","","3.40","","SSW","Небольшая облачность","2026-01-03 06:44"
"-2.80","","-8.30","53","762","1016","","","","3.40","","SSW","Небольшая облачность","2026-01-03 06:45"
"-2.80","","-8.20","53","762","1016","","","","3.20","","SSW","Небольшая облачность","2026-01-03 06:46"
"-2.80","","-8.20","53","762","1016","","","","3.20","","SSW","Небольшая облачность","2026-01-03 06:47"
"-2.70","","-8.10","53","762","1016","","","","3.20","","SSW","Небольшая облачность","2026-01-03 06:48"
"-2.60","","-7.90","54","762","1016","","","","3.20","","SSW","Небольшая облачность","2026-01-03 06:49"
"-2.60","","-7.90","54","762","1016","","","","3.90","","SSW","Небольшая облачность","2026-01-03 06:50"
"-2.50","","-8.60","54","762","1016","","","","4.30","","SSW","Небольшая облачность","2026-01-03 06:51"
"-2.40","","-8.50","53","762","1016","","","","4.30","","SSW","Небольшая облачность","2026-01-03 06:52"
"-2.40","","-8.50","53","762","1016","","","","4.30","","SSW","Небольшая облачность","2026-01-03 06:53"
"-2.40","","-8.50","53","762","1016","","","","4.30","","SSW","Небольшая облачность","2026-01-03 06:54"
"-2.30","","-8.30","53","762","1016","","","","4.10","","SSW","Небольшая облачность","2026-01-03 06:55"
"-2.30","","-8.30","53","762","1016","","","","4.10","","SSW","Небольшая облачность","2026-01-03 06:56"
"-2.30","","-8.30","53","762","1016","","","","4.10","","SSW","Небольшая облачность","2026-01-03 06:57"
"-2.20","","-8.20","53","762","1016","","","","4.10","","SSW","Небольшая облачность","2026-01-03 06:58"
"-2.20","","-8.20","53","762","1016","","","","4.10","","SSW","Небольшая облачность","2026-01-03 06:59"
"-2.20","","-8.20","53","762","1016","","","","4.10","","SSW","Небольшая облачность","2026-01-03 07:00"
"-2.10","","-8.10","53","762","1016","","","","4.10","","S","Небольшая облачность","2026-01-03 07:01"
"-2.10","","-8.10","53","762","1016","","","","4.10","","S","Небольшая облачность","2026-01-03 07:02"
"-2.10","","-8.10","53","762","1016","","","","3.30","","S","Небольшая облачность","2026-01-03 07:03"
"-2.00","","-7.40","53","762","1016","","","","3.30","","S","Небольшая облачность","2026-01-03 07:04"
"-2.00","","-7.40","53","762","1016","","","","2.90","","S","Небольшая облачность","2026-01-03 07:05"
"-2.00","","-7.10","53","762","1016","","","","2.90","","S","Небольшая облачность","2026-01-03 07:06"
"-2.00","","-7.10","53","762","1016","","","","2.90","","S","Небольшая облачность","2026-01-03 07:07"
"-1.90","","-7.00","53","762","1016","","","","2.90","","S","Небольшая облачность","2026-01-03 07:08"
"-1.90","","-7.00","53","762","1016","","","","4.40","","S","Небольшая облачность","2026-01-03 07:09"
"-1.90","","-6.50","53","762","1016","","","","2.20","","S","Небольшая облачность","2026-01-03 07:10"
"-1.90","","-6.40","53","762","1016","","","","2.10","","S","Небольшая облачность","2026-01-03 07:11"
"-1.90","","-6.40","53","762","1016","","","","3.50","","S","Небольшая облачность","2026-01-03 07:12"
"-1.80","","-7.30","53","762","1016","","","","3.50","","S","Небольшая облачность","2026-01-03 07:13"
"-1.80","","-7.30","53","762","1016","","","","4.20","","S","Небольшая облачность","2026-01-03 07:14"
"-1.80","","-7.80","53","762","1016","","","","4.20","","SSW","Небольшая облачность","2026-01-03 07:15"
"-1.80","","-7.80","53","762","1016","","","","4.20","","SSW","Небольшая облачность","2026-01-03 07:16"
"-1.80","","-7.80","52","762","1016","","","","3.90","","SSW","Небольшая облачность","2026-01-03 07:17"
"-1.80","","-7.60","52","762","1016","","","","3.90","","SSW","Небольшая облачность","2026-01-03 07:18"
"-1.80","","-7.60","52","762","1016","","","","3.90","","SSW","Небольшая облачность","2026-01-03 07:19"
"-1.80","","-7.10","52","762","1016","","","","3.50","","SSW","Небольшая облачность","2026-01-03 07:20"
"-1.80","","-7.30","52","762","1016","","","","3.50","","SSW","Небольшая облачность","2026-01-03 07:21"
"-1.80","","-7.80","52","762","1016","","","","4.20","","SSW","Небольшая облачность","2026-01-03 07:22"
"-1.80","","-7.40","52","762","1016","","","","3.60","","SSW","Небольшая облачность","2026-01-03 07:23"
"-1.80","","-7.40","52","762","1016","","","","3.60","","SSW","Небольшая облачность","2026-01-03 07:24"
"-1.80","","-7.40","52","762","1016","","","","3.60","","SSW","Небольшая облачность","2026-01-03 07:25"
"-1.80","","-7.40","52","762","1016","","","","7.20","","SSW","Небольшая облачность","2026-01-03 07:26"
"-1.80","","-9.90","52","762","1016","","","","3.80","","SSW","Небольшая облачность","2026-01-03 07:27"
"-1.90","","-7.60","52","762","1016","","","","3.80","","SSW","Небольшая облачность","2026-01-03 07:28"
"-1.90","","-7.60","52","762","1016","","","","3.80","","SSW","Небольшая облачность","2026-01-03 07:29"
"-1.90","","-7.60","52","762","1016","","","","3.20","","SSW","Небольшая облачность","2026-01-03 07:30"
"-1.90","","-7.20","52","762","1016","","","","6.50","","SSW","Небольшая облачность","2026-01-03 07:31"
"-1.90","","-9.60","51","762","1016","","","","6.50","","SSW","Небольшая облачность","2026-01-03 07:32"
"-1.90","","-8.10","51","762","1016","","","","2.40","","SSW","Небольшая облачность","2026-01-03 07:33"
"-1.90","","-8.10","51","762","1016","","","","2.00","","SSW","Небольшая облачность","2026-01-03 07:34"
"-1.90","","-6.40","51","762","1016","","","","2.00","","SSW","Небольшая облачность","2026-01-03 07:35"
"-2.00","","-6.50","51","762","1016","","","","2.00","","SSW","Небольшая облачность","2026-01-03 07:36"
"-2.00","","-6.50","51","762","1016","","","","2.00","","SSW","Небольшая облачность","2026-01-03 07:37"
"-2.00","","-6.50","51","762","1016","","","","2.00","","SSW","Небольшая облачность","2026-01-03 07:38"
"-2.00","","-6.50","51","762","1016","","","","2.00","","SSW","Небольшая облачность","2026-01-03 07:39"
"-2.10","","-9.00","51","762","1016","","","","5.40","","SSW","Небольшая облачность","2026-01-03 07:40"
"-2.20","","-9.10","51","762","1016","","","","5.40","","SSW","Небольшая облачность","2026-01-03 07:41"
"-2.20","","-9.10","51","762","1016","","","","5.40","","SSW","Небольшая облачность","2026-01-03 07:42"
"-2.20","","-9.10","51","762","1016","","","","5.40","","SSW","Небольшая облачность","2026-01-03 07:43"
"-2.20","","-9.10","51","762","1016","","","","5.40","","SSW","Небольшая облачность","2026-01-03 07:44"
"-2.30","","-9.20","51","762","1016","","","","8.30","","SSW","Небольшая облачность","2026-01-03 07:45"
"-2.30","","-11.20","51","762","1016","","","","8.30","","S","Небольшая облачность","2026-01-03 07:46"
"-2.30","","-11.20","51","762","1016","","","","8.30","","S","Небольшая облачность","2026-01-03 07:47"
"-2.30","","-11.20","51","762","1016","","","","8.30","","S","Небольшая облачность","2026-01-03 07:48"
"-2.40","","-11.30","51","762","1016","","","","3.40","","S","Небольшая облачность","2026-01-03 07:49"
"-2.40","","-7.90","51","762","1016","","","","4.40","","S","Небольшая облачность","2026-01-03 07:50"
"-2.40","","-7.90","51","762","1016","","","","3.00","","S","Небольшая облачность","2026-01-03 07:51"
"-2.40","","-7.60","51","762","1016","","","","1.70","","S","Небольшая облачность","2026-01-03 07:52"
"-2.40","","-6.70","51","762","1016","","","","2.00","","S","Небольшая облачность","2026-01-03 07:53"
"-2.40","","-6.90","51","762","1016","","","","2.00","","S","Небольшая облачность","2026-01-03 07:54"
"-2.40","","-6.90","51","762","1016","","","","2.40","","S","Небольшая облачность","2026-01-03 07:55"
"-2.40","","-7.00","51","762","1016","","","","2.10","","S","Небольшая облачность","2026-01-03 07:56"
"-2.40","","-7.00","51","762","1016","","","","2.10","","S","Небольшая облачность","2026-01-03 07:57"
"-2.40","","-7.00","51","762","1016","","","","2.10","","S","Небольшая облачность","2026-01-03 07:58"
"-2.40","","-8.00","51","762","1016","","","","4.20","","S","Небольшая облачность","2026-01-03 07:59"
"-2.40","","-6.40","51","762","1016","","","","1.20","","S","Небольшая облачность","2026-01-03 08:00"
"-2.40","","-6.40","51","762","1016","","","","1.20","","S","Небольшая облачность","2026-01-03 08:01"
"-2.40","","-6.40","51","762","1016","","","","1.20","","S","Небольшая облачность","2026-01-03 08:02"
"-2.40","","-7.90","51","762","1016","","","","3.40","","S","Небольшая облачность","2026-01-03 08:03"
"-2.40","","-7.90","51","762","1016","","","","3.40","","S","Небольшая облачность","2026-01-03 08:04"
"-2.40","","-7.90","51","762","1016","","","","3.40","","S","Небольшая облачность","2026-01-03 08:05"
"-2.40","","-7.90","51","762","1016","","","","3.40","","S","Переменная облачность","2026-01-03 08:06"
"-2.40","","-7.90","51","762","1016","","","","3.40","","S","Переменная облачность","2026-01-03 08:07"
"-2.40","","-7.90","51","762","1016","","","","3.40","","S","Переменная облачность","2026-01-03 08:08"
"-2.40","","-7.90","51","762","1016","","","","3.40","","S","Переменная облачность","2026-01-03 08:09"
"-2.40","","-7.90","51","762","1016","","","","3.40","","S","Переменная облачность","2026-01-03 08:10"
"-2.40","","-7.90","51","762","1016","","","","3.40","","S","Переменная облачность","2026-01-03 08:11"
"-2.40","","-7.90","51","762","1016","","","","3.40","","S","Переменная облачность","2026-01-03 08:12"
"-2.40","","-7.90","51","762","1016","","","","3.40","","S","Переменная облачность","2026-01-03 08:13"
"-2.40","","-7.90","51","762","1016","","","","3.40","","S","Переменная облачность","2026-01-03 08:14"
"-2.50","","-8.00","51","762","1016","","","","4.70","","S","Переменная облачность","2026-01-03 08:15"
"-2.40","","-8.80","51","762","1016","","","","4.70","","S","Переменная облачность","2026-01-03 08:16"
"-2.40","","-8.80","51","762","1016","","","","4.70","","S","Переменная облачность","2026-01-03 08:17"
"-2.40","","-6.80","51","762","1016","","","","1.80","","S","Переменная облачность","2026-01-03 08:18"
"-2.40","","-6.80","51","762","1016","","","","1.80","","S","Переменная облачность","2026-01-03 08:19"
"-2.40","","-7.40","51","762","1016","","","","2.70","","S","Переменная облачность","2026-01-03 08:20"
"-2.40","","-9.00","51","762","1016","","","","4.90","","S","Переменная облачность","2026-01-03 08:21"
"-2.40","","-9.00","51","762","1016","","","","1.60","","S","Переменная облачность","2026-01-03 08:22"
"-2.40","","-6.70","51","762","1016","","","","1.60","","S","Переменная облачность","2026-01-03 08:23"
"-2.40","","-6.70","51","762","1016","","","","1.90","","S","Переменная облачность","2026-01-03 08:24"
"-2.40","","-6.90","51","762","1016","","","","1.50","","S","Переменная облачность","2026-01-03 08:25"
"-2.40","","-7.60","51","762","1016","","","","3.00","","S","Переменная облачность","2026-01-03 08:26"
"-2.40","","-7.60","51","762","1016","","","","3.00","","S","Переменная облачность","2026-01-03 08:27"
"-2.40","","-7.60","51","762","1016","","","","3.00","","S","Переменная облачность","2026-01-03 08:28"
"-2.40","","-7.60","51","762","1016","","","","3.40","","S","Переменная облачность","2026-01-03 08:29"
"-2.50","","-8.00","51","762","1016","","","","3.40","","S","Переменная облачность","2026-01-03 08:30"
"-2.50","","-8.00","51","762","1016","","","","3.40","","S","Переменная облачность","2026-01-03 08:31"
"-2.50","","-8.00","51","762","1016","","","","2.50","","S","Переменная облачность","2026-01-03 08:32"
"-2.50","","-7.40","51","762","1016","","","","2.50","","S","Переменная облачность","2026-01-03 08:33"
"-2.50","","-9.00","51","762","1016","","","","4.80","","S","Переменная облачность","2026-01-03 08:34"
"-2.60","","-9.10","51","762","1016","","","","4.80","","S","Переменная облачность","2026-01-03 08:35"
"-2.60","","-9.10","51","762","1016","","","","4.80","","S","Небольшая облачность","2026-01-03 08:36"
"-2.60","","-9.10","51","762","1016","","","","4.80","","S","Небольшая облачность","2026-01-03 08:37"
"-2.60","","-9.10","51","762","1016","","","","4.80","","S","Небольшая облачность","2026-01-03 08:38"
"-2.60","","-9.10","51","762","1016","","","","4.80","","S","Небольшая облачность","2026-01-03 08:39"
"-2.60","","-9.10","51","762","1016","","","","2.90","","S","Небольшая облачность","2026-01-03 08:40"
"-2.60","","-7.80","51","762","1016","","","","2.90","","S","Небольшая облачность","2026-01-03 08:41"
"-2.60","","-7.80","51","762","1016","","","","2.90","","S","Небольшая облачность","2026-01-03 08:42"
"-2.60","","-8.00","51","762","1016","","","","3.20","","S","Небольшая облачность","2026-01-03 08:43"
"-2.60","","-8.00","51","762","1016","","","","2.90","","S","Небольшая облачность","2026-01-03 08:44"
"-2.70","","-7.30","51","762","1016","","","","2.00","","S","Небольшая облачность","2026-01-03 08:45"
"-2.70","","-7.30","51","762","1016","","","","2.00","","S","Небольшая облачность","2026-01-03 08:46"
"-2.70","","-7.30","51","762","1016","","","","2.00","","S","Небольшая облачность","2026-01-03 08:47"
"-2.70","","-7.30","51","762","1016","","","","2.00","","S","Небольшая облачность","2026-01-03 08:48"
"-2.60","","-7.10","51","762","1016","","","","2.00","","S","Небольшая облачность","2026-01-03 08:49"
"-2.60","","-7.10","51","762","1016","","","","4.50","","S","Небольшая облачность","2026-01-03 08:50"
"-2.60","","-7.10","51","762","1016","","","","4.50","","S","Небольшая облачность","2026-01-03 08:51"
"-2.60","","-8.90","51","761","1015","","","","4.50","","S","Небольшая облачность","2026-01-03 08:52"
"-2.60","","-8.90","51","761","1015","","","","4.50","","S","Небольшая облачность","2026-01-03 08:53"
"-2.60","","-8.90","51","761","1015","","","","4.50","","S","Небольшая облачность","2026-01-03 08:54"
"-2.60","","-8.90","51","761","1015","","","","3.60","","S","Небольшая облачность","2026-01-03 08:55"
"-2.60","","-8.30","51","761","1015","","","","3.60","","S","Небольшая облачность","2026-01-03 08:56"
"-2.60","","-8.30","51","761","1015","","","","3.60","","S","Небольшая облачность","2026-01-03 08:57"
"-2.60","","-8.30","51","761","1015","","","","1.80","","S","Небольшая облачность","2026-01-03 08:58"
"-2.60","","-7.00","51","761","1015","","","","1.80","","S","Небольшая облачность","2026-01-03 08:59"
"-2.60","","-7.00","51","761","1015","","","","2.80","","S","Небольшая облачность","2026-01-03 09:00"
"-2.60","","-7.00","51","761","1015","","","","2.80","","S","Небольшая облачность","2026-01-03 09:01"
"-2.60","","-7.00","51","761","1015","","","","2.80","","S","Небольшая облачность","2026-01-03 09:02"
"-2.50","","-7.90","51","761","1015","","","","3.20","","S","Небольшая облачность","2026-01-03 09:03"
"-2.50","","-7.90","51","761","1015","","","","3.20","","S","Небольшая облачность","2026-01-03 09:04"
"-2.50","","-7.90","51","761","1015","","","","3.20","","S","Небольшая облачность","2026-01-03 09:05"
"-2.50","","-7.30","51","762","1016","","","","2.40","","S","Небольшая облачность","2026-01-03 09:06"
"-2.50","","-7.30","51","762","1016","","","","2.40","","S","Небольшая облачность","2026-01-03 09:07"
"-2.50","","-7.30","51","762","1016","","","","2.40","","S","Небольшая облачность","2026-01-03 09:08"
"-2.50","","-7.30","51","762","1016","","","","2.40","","S","Небольшая облачность","2026-01-03 09:09"
"-2.50","","-9.50","51","762","1016","","","","3.40","","S","Небольшая облачность","2026-01-03 09:10"
"-2.40","","-7.90","51","762","1016","","","","3.40","","S","Небольшая облачность","2026-01-03 09:11"
"-2.40","","-7.40","51","762","1016","","","","2.70","","S","Небольшая облачность","2026-01-03 09:12"
"-2.40","","-7.40","51","762","1016","","","","2.00","","S","Небольшая облачность","2026-01-03 09:13"
"-2.40","","-6.90","51","762","1016","","","","2.00","","S","Небольшая облачность","2026-01-03 09:14"
"-2.40","","-6.90","51","762","1016","","","","2.00","","S","Небольшая облачность","2026-01-03 09:15"
"-2.40","","-7.90","51","762","1016","","","","3.40","","S","Небольшая облачность","2026-01-03 09:16"
"-2.40","","-7.90","51","762","1016","","","","3.20","","S","Небольшая облачность","2026-01-03 09:17"
"-2.40","","-7.80","51","762","1016","","","","3.20","","S","Небольшая облачность","2026-01-03 09:18"
"-2.40","","-7.80","51","762","1016","","","","3.20","","S","Небольшая облачность","2026-01-03 09:19"
"-2.40","","-8.50","51","762","1016","","","","4.30","","S","Небольшая облачность","2026-01-03 09:20"
"-2.40","","-7.80","51","762","1016","","","","3.20","","S","Небольшая облачность","2026-01-03 09:21"
"-2.40","","-7.80","51","762","1016","","","","3.20","","S","Небольшая облачность","2026-01-03 09:22"
"-2.30","","-7.70","51","762","1016","","","","2.50","","S","Небольшая облачность","2026-01-03 09:23"
"-2.30","","-7.20","51","762","1016","","","","2.60","","S","Небольшая облачность","2026-01-03 09:24"
"-2.30","","-7.20","51","762","1016","","","","2.60","","S","Небольшая облачность","2026-01-03 09:25"
"-2.30","","-8.70","51","762","1016","","","","4.60","","S","Небольшая облачность","2026-01-03 09:26"
"-2.30","","-8.70","51","762","1016","","","","4.60","","S","Небольшая облачность","2026-01-03 09:27"
"-2.30","","-8.70","51","762","1016","","","","6.20","","S","Небольшая облачность","2026-01-03 09:28"
"-2.30","","-7.30","51","762","1016","","","","2.60","","S","Небольшая облачность","2026-01-03 09:29"
"-2.30","","-7.30","51","762","1016","","","","2.60","","S","Небольшая облачность","2026-01-03 09:30"
"-2.20","","-7.10","51","762","1016","","","","2.50","","S","Небольшая облачность","2026-01-03 09:31"
"-2.20","","-7.10","51","762","1016","","","","2.50","","S","Небольшая облачность","2026-01-03 09:32"
"-2.20","","-7.10","51","762","1016","","","","2.70","","S","Небольшая облачность","2026-01-03 09:33"
"-2.20","","-6.90","51","762","1016","","","","2.20","","S","Небольшая облачность","2026-01-03 09:34"
"-2.20","","-6.90","51","762","1016","","","","2.20","","S","Небольшая облачность","2026-01-03 09:35"
"-2.20","","-8.10","51","762","1016","","","","4.00","","S","Небольшая облачность","2026-01-03 09:36"
"-2.10","","-8.00","51","762","1016","","","","1.50","","S","Небольшая облачность","2026-01-03 09:37"
"-2.10","","-7.00","51","762","1016","","","","2.50","","S","Небольшая облачность","2026-01-03 09:38"
"-2.10","","-7.00","51","762","1016","","","","2.50","","S","Небольшая облачность","2026-01-03 09:39"
"-2.10","","-7.00","51","762","1016","","","","2.50","","S","Небольшая облачность","2026-01-03 09:40"
"-2.10","","-7.00","51","762","1016","","","","2.50","","S","Небольшая облачность","2026-01-03 09:41"
"-2.10","","-7.00","51","762","1016","","","","2.50","","S","Небольшая облачность","2026-01-03 09:42"
"-2.10","","-6.30","51","762","1016","","","","1.60","","S","Небольшая облачность","2026-01-03 09:43"
"-2.10","","-6.30","51","762","1016","","","","1.60","","S","Небольшая облачность","2026-01-03 09:44"
"-2.10","","-6.30","51","762","1016","","","","4.40","","S","Небольшая облачность","2026-01-03 09:45"
"-2.00","","-7.50","51","762","1016","","","","3.40","","S","Небольшая облачность","2026-01-03 09:46"
"-2.00","","-7.50","51","762","1016","","","","1.50","","S","Небольшая облачность","2026-01-03 09:47"
"-2.00","","-7.50","51","762","1016","","","","3.20","","S","Небольшая облачность","2026-01-03 09:48"
"-2.00","","-7.40","51","762","1016","","","","3.90","","S","Небольшая облачность","2026-01-03 09:49"
"-1.90","","-7.70","51","762","1016","","","","3.90","","S","Небольшая облачность","2026-01-03 09:50"
"-1.90","","-6.30","51","761","1015","","","","1.90","","S","Небольшая облачность","2026-01-03 09:51"
"-1.90","","-6.20","51","761","1015","","","","1.70","","S","Небольшая облачность","2026-01-03 09:52"
"-1.90","","-6.30","51","761","1015","","","","1.90","","S","Небольшая облачность","2026-01-03 09:53"
"-1.90","","-6.30","51","761","1015","","","","1.90","","S","Небольшая облачность","2026-01-03 09:54"
"-1.90","","-6.30","51","761","1015","","","","1.90","","S","Небольшая облачность","2026-01-03 09:55"
"-1.90","","-6.50","51","761","1015","","","","2.10","","S","Небольшая облачность","2026-01-03 09:56"
"-1.90","","-6.50","51","761","1015","","","","2.10","","S","Небольшая облачность","2026-01-03 09:57"
"-1.80","","-6.40","51","761","1015","","","","2.80","","S","Небольшая облачность","2026-01-03 09:58"
"-1.70","","-6.80","51","761","1015","","","","2.80","","S","Небольшая облачность","2026-01-03 09:59"
"-1.70","","-6.80","51","761","1015","","","","3.50","","S","Небольшая облачность","2026-01-03 10:00"
"-1.70","","-7.20","51","761","1015","","","","3.50","","S","Небольшая облачность","2026-01-03 10:01"
"-1.70","","-7.20","51","761","1015","","","","5.90","","S","Небольшая облачность","2026-01-03 10:02"
"-1.70","","-8.90","51","761","1015","","","","5.90","","S","Небольшая облачность","2026-01-03 10:03"
"-1.70","","-8.90","51","761","1015","","","","5.90","","S","Небольшая облачность","2026-01-03 10:04"
"-1.70","","-8.90","51","761","1015","","","","5.90","","S","Небольшая облачность","2026-01-03 10:05"
"-1.70","","-8.90","51","761","1015","","","","5.90","","S","Небольшая облачность","2026-01-03 10:06"
"-1.80","","-9.00","51","762","1017","","","","5.60","","S","Небольшая облачность","2026-01-03 10:07"
"-1.80","","-8.80","50","762","1017","","","","5.60","","S","Небольшая облачность","2026-01-03 10:08"
"-1.80","","-8.80","50","762","1017","","","","2.70","","S","Небольшая облачность","2026-01-03 10:09"
"-1.90","","-6.90","50","762","1017","","","","2.70","","S","Небольшая облачность","2026-01-03 10:10"
"-1.90","","-6.90","50","762","1017","","","","2.70","","S","Небольшая облачность","2026-01-03 10:11"
"-1.90","","-6.90","50","762","1017","","","","2.70","","S","Небольшая облачность","2026-01-03 10:12"
"-1.90","","-6.90","50","762","1017","","","","4.20","","S","Небольшая облачность","2026-01-03 10:13"
"-1.90","","-8.00","50","762","1017","","","","4.20","","S","Небольшая облачность","2026-01-03 10:14"
"-1.90","","-8.00","50","762","1017","","","","4.20","","S","Небольшая облачность","2026-01-03 10:15"
"-1.90","","-8.00","50","762","1017","","","","4.20","","S","Небольшая облачность","2026-01-03 10:16"
"-2.00","","-8.10","50","762","1017","","","","5.10","","S","Небольшая облачность","2026-01-03 10:17"
"-2.00","","-8.10","50","762","1017","","","","5.10","","S","Небольшая облачность","2026-01-03 10:18"
"-2.00","","-8.00","50","762","1017","","","","4.10","","S","Небольшая облачность","2026-01-03 10:19"
"-2.00","","-8.00","50","762","1017","","","","4.10","","S","Небольшая облачность","2026-01-03 10:20"
"-2.00","","-8.20","50","762","1016","","","","4.40","","S","Небольшая облачность","2026-01-03 10:21"
"-2.00","","-8.20","50","762","1016","","","","4.30","","S","Небольшая облачность","2026-01-03 10:22"
"-2.00","","-8.10","50","762","1016","","","","4.30","","S","Небольшая облачность","2026-01-03 10:23"
"-2.00","","-9.40","50","762","1016","","","","6.10","","S","Небольшая облачность","2026-01-03 10:24"
"-2.00","","-6.50","50","762","1016","","","","2.00","","S","Небольшая облачность","2026-01-03 10:25"
"-2.00","","-7.40","50","762","1016","","","","3.20","","S","Небольшая облачность","2026-01-03 10:26"
"-2.00","","-7.90","50","762","1016","","","","4.00","","S","Небольшая облачность","2026-01-03 10:27"
"-1.90","","-6.50","50","762","1016","","","","2.10","","S","Небольшая облачность","2026-01-03 10:28"
"-1.90","","-6.20","50","762","1016","","","","1.70","","S","Небольшая облачность","2026-01-03 10:29"
"-1.90","","-6.20","50","762","1016","","","","2.10","","SSW","Небольшая облачность","2026-01-03 10:30"
"-1.90","","-6.20","50","762","1016","","","","2.10","13.00","SSW","Небольшая облачность","2026-01-03 10:31"
"-1.90","","-6.50","50","762","1016","","","","2.10","13.00","SSW","Небольшая облачность","2026-01-03 10:32"
"-1.90","","-6.50","50","762","1016","","","","2.10","13.00","SSW","Небольшая облачность","2026-01-03 10:33"
"-1.90","","-6.50","50","762","1016","","","","2.10","13.00","SSW","Небольшая облачность","2026-01-03 10:34"
"-1.90","","-6.50","50","762","1016","","","","2.10","13.00","S","Небольшая облачность","2026-01-03 10:35"
"-1.90","","-6.50","50","762","1016","","","","2.10","13.00","S","Небольшая облачность","2026-01-03 10:36"
"-1.90","","-6.50","50","762","1016","","","","2.10","13.00","S","Небольшая облачность","2026-01-03 10:37"
"-1.90","","-6.50","50","762","1016","","","","5.50","13.00","S","Небольшая облачность","2026-01-03 10:38"
"-1.90","","-6.50","50","762","1016","","","","5.50","13.00","S","Небольшая облачность","2026-01-03 10:39"
"-1.90","","-8.90","50","762","1016","","","","5.50","13.00","S","Небольшая облачность","2026-01-03 10:40"
"-1.80","","-6.80","50","762","1016","","","","2.70","13.00","S","Небольшая облачность","2026-01-03 10:41"
"-1.80","","-7.00","50","762","1016","","","","3.00","13.00","S","Небольшая облачность","2026-01-03 10:42"
"-1.80","","-7.00","50","762","1016","","","","3.00","13.00","S","Небольшая облачность","2026-01-03 10:43"
"-1.80","","-6.90","50","762","1016","","","","2.80","13.00","S","Небольшая облачность","2026-01-03 10:44"
"-1.80","","-6.90","50","762","1016","","","","2.80","13.00","S","Небольшая облачность","2026-01-03 10:45"
"-1.80","","-6.90","50","762","1016","","","","2.80","13.00","S","Небольшая облачность","2026-01-03 10:46"
"-1.80","","-6.90","50","762","1016","","","","3.90","13.00","S","Небольшая облачность","2026-01-03 10:47"
"-1.80","","-6.90","50","762","1016","","","","3.90","13.00","S","Небольшая облачность","2026-01-03 10:48"
"-1.80","","-5.90","51","762","1016","","","","1.40","13.00","S","Небольшая облачность","2026-01-03 10:49"
"-1.80","","-5.90","51","762","1016","","","","1.40","13.00","S","Небольшая облачность","2026-01-03 10:50"
"-1.80","","-5.90","51","761","1015","","","","4.30","13.00","S","Небольшая облачность","2026-01-03 10:51"
"-1.80","","-6.70","50","761","1015","","","","2.50","13.00","S","Небольшая облачность","2026-01-03 10:52"
"-1.80","","-6.70","50","761","1015","","","","2.50","13.00","S","Небольшая облачность","2026-01-03 10:53"
"-1.80","","-6.70","50","761","1015","","","","2.50","13.00","S","Небольшая облачность","2026-01-03 10:54"
"-1.80","","-6.70","50","761","1015","","","","2.40","13.00","S","Небольшая облачность","2026-01-03 10:55"
"-1.80","","-6.60","50","761","1015","","","","3.00","","S","Небольшая облачность","2026-01-03 10:56"
"-1.80","","-7.00","50","761","1015","","","","3.00","","S","Небольшая облачность","2026-01-03 10:57"
"-1.80","","-6.20","50","761","1015","","","","1.90","","S","Небольшая облачность","2026-01-03 10:58"
"-1.80","","-6.20","50","761","1015","","","","1.90","","S","Небольшая облачность","2026-01-03 10:59"
"-1.80","","-6.20","50","761","1015","","","","1.90","","S","Небольшая облачность","2026-01-03 11:00"
"-1.80","","-6.20","50","761","1015","","","","1.90","","S","Небольшая облачность","2026-01-03 11:01"
"-1.80","","-6.20","50","761","1015","","","","1.90","","S","Небольшая облачность","2026-01-03 11:02"
"-1.90","","-6.40","50","761","1015","","","","1.90","","S","Небольшая облачность","2026-01-03 11:03"
"-1.90","","-8.60","50","761","1015","","","","5.10","","S","Небольшая облачность","2026-01-03 11:04"
"-1.90","","-8.60","50","761","1015","","","","5.10","","S","Небольшая облачность","2026-01-03 11:05"
"-1.90","","-8.60","50","761","1015","","","","5.10","","S","Небольшая облачность","2026-01-03 11:06"
"-1.90","","-8.60","50","761","1015","","","","4.90","","S","Небольшая облачность","2026-01-03 11:07"
"-1.90","","-8.50","50","761","1015","","","","1.60","","S","Небольшая облачность","2026-01-03 11:08"
"-1.90","","-6.10","50","761","1015","","","","1.60","","S","Небольшая облачность","2026-01-03 11:09"
"-1.90","","-6.10","50","761","1015","","","","3.50","","S","Небольшая облачность","2026-01-03 11:10"
"-1.90","","-7.50","50","761","1015","","","","1.90","","S","Небольшая облачность","2026-01-03 11:11"
"-1.90","","-6.40","50","761","1015","","","","1.90","","S","Небольшая облачность","2026-01-03 11:12"
"-1.90","","-6.40","50","761","1015","","","","1.90","","S","Небольшая облачность","2026-01-03 11:13"
"-1.90","","-8.20","50","761","1015","","","","4.60","","S","Небольшая облачность","2026-01-03 11:14"
"-1.90","","-8.20","50","761","1015","","","","4.60","","S","Небольшая облачность","2026-01-03 11:15"
"-1.90","","-8.20","50","761","1015","","","","4.60","","S","Небольшая облачность","2026-01-03 11:16"
"-1.90","","-8.20","50","761","1015","","","","4.60","","S","Небольшая облачность","2026-01-03 11:17"
"-2.00","","-8.80","50","761","1015","","","","5.30","","S","Небольшая облачность","2026-01-03 11:18"
"-2.00","","-8.80","50","761","1015","","","","5.30","","S","Небольшая облачность","2026-01-03 11:19"
"-2.00","","-8.80","50","761","1015","","","","5.30","","S","Небольшая облачность","2026-01-03 11:20"
"-2.00","","-8.80","50","761","1015","","","","5.30","","S","Небольшая облачность","2026-01-03 11:21"
"-2.00","","-8.80","50","761","1015","","","","5.30","","S","Небольшая облачность","2026-01-03 11:22"
"-2.00","","-8.90","49","761","1015","","","","3.90","","S","Небольшая облачность","2026-01-03 11:23"
"-2.10","","-8.00","49","761","1015","","","","2.70","","S","Небольшая облачность","2026-01-03 11:24"
"-2.10","","-7.10","49","761","1015","","","","2.00","","S","Небольшая облачность","2026-01-03 11:25"
"-2.10","","-6.70","49","761","1015","","","","3.00","","S","Небольшая облачность","2026-01-03 11:26"
"-2.10","","-7.40","49","761","1015","","","","2.40","","S","Небольшая облачность","2026-01-03 11:27"
"-2.10","","-6.90","49","761","1015","","","","2.40","","S","Небольшая облачность","2026-01-03 11:28"
"-2.10","","-6.50","49","761","1015","","","","1.80","","S","Небольшая облачность","2026-01-03 11:29"
"-2.10","","-6.50","49","761","1015","","","","1.80","","S","Небольшая облачность","2026-01-03 11:30"
"-2.10","","-6.50","49","761","1015","","","","2.50","","S","Небольшая облачность","2026-01-03 11:31"
"-2.10","","-6.50","49","761","1015","","","","2.50","","S","Небольшая облачность","2026-01-03 11:32"
"-2.10","","-7.00","49","761","1015","","","","2.50","","S","Небольшая облачность","2026-01-03 11:33"
"-2.10","","-7.40","49","761","1015","","","","3.10","","S","Небольшая облачность","2026-01-03 11:34"
"-2.10","","-7.40","49","761","1015","","","","3.10","","S","Небольшая облачность","2026-01-03 11:35"
"-2.10","","-7.40","49","761","1015","","","","3.10","","S","Несущественная облачность","2026-01-03 11:36"
"-2.10","","-7.40","49","761","1015","","","","3.10","","S","Несущественная облачность","2026-01-03 11:37"
"-2.10","","-8.10","49","761","1015","","","","4.10","","S","Несущественная облачность","2026-01-03 11:38"
"-2.10","","-8.10","49","761","1015","","","","4.10","","S","Несущественная облачность","2026-01-03 11:39"
"-2.20","","-6.80","49","761","1015","","","","2.00","","S","Несущественная облачность","2026-01-03 11:40"
"-2.20","","-6.80","49","761","1015","","","","2.00","","S","Несущественная облачность","2026-01-03 11:41"
"-2.20","","-6.80","49","761","1015","","","","2.00","","S","Несущественная облачность","2026-01-03 11:42"
"-2.20","","-7.50","49","761","1015","","","","3.00","","S","Несущественная облачность","2026-01-03 11:43"
"-2.20","","-7.50","49","761","1015","","","","2.10","","S","Несущественная облачность","2026-01-03 11:44"
"-2.20","","-6.80","49","761","1015","","","","2.10","","S","Несущественная облачность","2026-01-03 11:45"
"-2.10","","-7.10","49","761","1015","","","","2.70","","S","Несущественная облачность","2026-01-03 11:46"
"-2.10","","-7.10","49","761","1015","","","","2.40","","S","Несущественная облачность","2026-01-03 11:47"
"-2.10","","-6.90","49","761","1015","","","","2.40","","S","Несущественная облачность","2026-01-03 11:48"
"-2.10","","-6.90","49","761","1015","","","","2.40","","S","Несущественная облачность","2026-01-03 11:49"
"-2.10","","-7.90","49","761","1015","","","","3.80","","S","Несущественная облачность","2026-01-03 11:50"
"-2.10","","-7.90","49","761","1015","","","","3.80","","S","Несущественная облачность","2026-01-03 11:51"
"-2.10","","-7.90","49","761","1015","","","","3.80","","S","Несущественная облачность","2026-01-03 11:52"
"-2.10","","-7.90","49","761","1015","","","","3.80","","S","Несущественная облачность","2026-01-03 11:53"
"-2.10","","-7.20","49","761","1015","","","","2.40","","S","Несущественная облачность","2026-01-03 11:54"
"-2.10","","-6.90","49","761","1015","","","","3.20","","S","Несущественная облачность","2026-01-03 11:55"
"-2.10","","-6.70","49","761","1015","","","","2.10","","S","Несущественная облачность","2026-01-03 11:56"
"-2.10","","-6.20","49","761","1015","","","","1.40","","S","Несущественная облачность","2026-01-03 11:57"
"-2.10","","-7.40","49","761","1015","","","","3.00","","S","Несущественная облачность","2026-01-03 11:58"
"-2.10","","-6.40","49","761","1015","","","","1.70","","S","Несущественная облачность","2026-01-03 11:59"
"-2.10","","-7.00","49","761","1015","","","","2.50","","S","Несущественная облачность","2026-01-03 12:00"
"-2.10","","-7.00","49","761","1015","","","","2.40","","S","Несущественная облачность","2026-01-03 12:01"
"-2.10","","-6.70","49","761","1015","","","","2.00","","S","Несущественная облачность","2026-01-03 12:02"
"-2.10","","-6.70","49","761","1015","","","","1.60","","S","Несущественная облачность","2026-01-03 12:03"
"-2.10","","-6.60","49","761","1015","","","","1.90","","S","Несущественная облачность","2026-01-03 12:04"
"-2.10","","-6.60","49","761","1015","","","","2.70","","S","Несущественная облачность","2026-01-03 12:05"
"-2.10","","-7.10","49","762","1016","","","","2.70","","S","Несущественная облачность","2026-01-03 12:06"
"-2.20","","-6.80","49","762","1016","","","","2.10","","S","Несущественная облачность","2026-01-03 12:07"
"-2.10","","-5.70","49","762","1016","","","","0.70","","S","Несущественная облачность","2026-01-03 12:08"
"-2.10","","-5.70","49","762","1016","","","","1.40","","S","Несущественная облачность","2026-01-03 12:09"
"-2.10","","-6.20","49","762","1016","","","","1.80","","S","Несущественная облачность","2026-01-03 12:10"
"-2.20","","-6.60","49","762","1016","","","","1.80","","S","Несущественная облачность","2026-01-03 12:11"
"-2.20","","-6.50","49","762","1016","","","","1.70","","S","Несущественная облачность","2026-01-03 12:12"
"-2.20","","-6.50","49","762","1016","","","","1.70","","S","Несущественная облачность","2026-01-03 12:13"
"-2.20","","-6.50","49","762","1016","","","","1.70","","S","Несущественная облачность","2026-01-03 12:14"
"-2.20","","-6.50","49","762","1016","","","","1.70","","S","Несущественная облачность","2026-01-03 12:15"
"-2.20","","-6.50","49","762","1016","","","","1.70","","S","Несущественная облачность","2026-01-03 12:16"
"-2.20","","-7.60","49","762","1016","","","","3.20","","SSW","Несущественная облачность","2026-01-03 12:17"
"-2.20","","-7.60","49","762","1016","","","","3.20","","SSW","Несущественная облачность","2026-01-03 12:18"
"-2.20","","-7.60","49","762","1016","","","","2.00","","SSW","Несущественная облачность","2026-01-03 12:19"
"-2.20","","-6.80","49","762","1016","","","","2.00","","SSW","Несущественная облачность","2026-01-03 12:20"
"-2.20","","-6.80","49","762","1016","","","","2.00","","SSW","Несущественная облачность","2026-01-03 12:21"
"-2.20","","-6.80","49","762","1016","","","","2.00","","SSW","Несущественная облачность","2026-01-03 12:22"
"-2.20","","-6.80","49","762","1016","","","","2.00","","SSW","Несущественная облачность","2026-01-03 12:23"
"-2.20","","-6.80","49","762","1016","","","","3.10","","SSW","Несущественная облачность","2026-01-03 12:24"
"-2.20","","-7.50","49","762","1016","","","","3.10","","SSW","Несущественная облачность","2026-01-03 12:25"
"-2.20","","-7.50","49","762","1016","","","","3.10","","SSW","Несущественная облачность","2026-01-03 12:26"
"-2.20","","-9.20","48","762","1016","","","","5.40","","SSW","Несущественная облачность","2026-01-03 12:27"
"-2.20","","-9.20","48","762","1016","","","","5.40","","S","Несущественная облачность","2026-01-03 12:28"
"-2.20","","-9.20","48","762","1016","","","","5.40","","S","Несущественная облачность","2026-01-03 12:29"
"-2.20","","-9.20","48","762","1016","","","","2.60","","S","Несущественная облачность","2026-01-03 12:30"
"-2.30","","-7.30","48","762","1016","","","","1.80","","S","Несущественная облачность","2026-01-03 12:31"
"-2.30","","-7.30","48","762","1016","","","","2.60","","S","Несущественная облачность","2026-01-03 12:32"
"-2.30","","-7.30","48","762","1016","","","","2.60","","S","Несущественная облачность","2026-01-03 12:33"
"-2.30","","-7.30","48","762","1016","","","","3.40","","S","Несущественная облачность","2026-01-03 12:34"
"-2.30","","-7.30","48","762","1016","","","","3.40","","S","Несущественная облачность","2026-01-03 12:35"
"-2.20","","-6.90","48","762","1016","","","","2.20","","S","Несущественная облачность","2026-01-03 12:36"
"-2.30","","-7.00","48","762","1016","","","","1.30","","S","Несущественная облачность","2026-01-03 12:37"
"-2.20","","-6.30","48","762","1016","","","","1.30","","S","Несущественная облачность","2026-01-03 12:38"
"-2.20","","-6.30","48","762","1016","","","","1.30","","S","Несущественная облачность","2026-01-03 12:39"
"-2.30","","-6.40","48","762","1016","","","","1.30","","S","Несущественная облачность","2026-01-03 12:40"
"-2.30","","-6.40","48","762","1016","","","","1.30","","S","Несущественная облачность","2026-01-03 12:41"
"-2.30","","-7.30","48","762","1016","","","","2.60","","S","Несущественная облачность","2026-01-03 12:42"
"-2.30","","-7.30","48","762","1016","","","","2.60","","S","Несущественная облачность","2026-01-03 12:43"
"-2.30","","-7.30","48","762","1016","","","","2.60","","S","Несущественная облачность","2026-01-03 12:44"
"-2.30","","-7.00","48","762","1016","","","","2.10","","S","Несущественная облачность","2026-01-03 12:45"
"-2.30","","-7.00","48","762","1016","","","","2.10","","S","Несущественная облачность","2026-01-03 12:46"
"-2.30","","-7.40","48","762","1016","","","","2.80","","S","Несущественная облачность","2026-01-03 12:47"
"-2.30","","-7.40","48","762","1016","","","","3.40","","S","Несущественная облачность","2026-01-03 12:48"
"-2.30","","-7.40","48","762","1016","","","","3.40","","S","Несущественная облачность","2026-01-03 12:49"
"-2.30","","-6.50","48","762","1016","","","","1.00","","S","Несущественная облачность","2026-01-03 12:50"
"-2.40","","-6.30","48","762","1016","","","","1.00","","S","Несущественная облачность","2026-01-03 12:51"
"-2.40","","-7.50","48","762","1016","","","","2.70","","S","Несущественная облачность","2026-01-03 12:52"
"-2.40","","-6.40","48","762","1016","","","","1.10","","S","Несущественная облачность","2026-01-03 12:53"
"-2.40","","-7.30","48","762","1016","","","","2.40","","S","Несущественная облачность","2026-01-03 12:54"
"-2.40","","-7.30","48","762","1016","","","","2.40","","S","Несущественная облачность","2026-01-03 12:55"
"-2.40","","-7.30","47","762","1016","","","","2.40","","S","Несущественная облачность","2026-01-03 12:56"
"-2.40","","-7.30","47","762","1016","","","","2.40","","S","Несущественная облачность","2026-01-03 12:57"
"-2.40","","-7.30","47","762","1016","","","","2.40","","S","Несущественная облачность","2026-01-03 12:58"
"-2.40","","-8.50","47","762","1016","","","","4.10","","S","Несущественная облачность","2026-01-03 12:59"
"-2.40","","-8.50","47","762","1016","","","","4.10","","S","Несущественная облачность","2026-01-03 13:00"
"-2.40","","-8.50","47","762","1016","","","","4.10","","S","Несущественная облачность","2026-01-03 13:01"
"-2.40","","-8.50","47","762","1016","","","","4.40","","S","Несущественная облачность","2026-01-03 13:02"
"-2.50","","-8.80","48","762","1016","","","","3.80","","S","Несущественная облачность","2026-01-03 13:03"
"-2.50","","-8.80","48","762","1016","","","","2.50","","S","Несущественная облачность","2026-01-03 13:04"
"-2.50","","-7.40","48","762","1016","","","","3.00","","S","Несущественная облачность","2026-01-03 13:05"
"-2.50","","-7.20","48","762","1016","","","","2.20","","S","Несущественная облачность","2026-01-03 13:06"
"-2.50","","-7.20","48","762","1016","","","","2.20","","S","Несущественная облачность","2026-01-03 13:07"
"-2.50","","-7.20","48","762","1016","","","","2.20","","S","Несущественная облачность","2026-01-03 13:08"
"-2.50","","-6.80","47","762","1016","","","","2.20","","S","Несущественная облачность","2026-01-03 13:09"
"-2.50","","-7.30","47","762","1016","","","","1.10","","S","Несущественная облачность","2026-01-03 13:10"
"-2.50","","-6.50","47","762","1016","","","","1.10","","S","Несущественная облачность","2026-01-03 13:11"
"-2.50","","-7.00","47","762","1016","","","","1.80","","S","Несущественная облачность","2026-01-03 13:12"
"-2.60","","-7.10","47","762","1016","","","","1.90","","S","Несущественная облачность","2026-01-03 13:13"
"-2.60","","-7.10","47","762","1016","","","","1.90","","S","Несущественная облачность","2026-01-03 13:14"
"-2.60","","-7.90","47","762","1016","","","","3.00","","S","Несущественная облачность","2026-01-03 13:15"
"-2.50","","-7.80","47","762","1016","","","","3.00","","S","Несущественная облачность","2026-01-03 13:16"
"-2.60","","-7.80","47","762","1016","","","","2.80","","S","Несущественная облачность","2026-01-03 13:17"
"-2.60","","-7.80","47","762","1016","","","","2.80","","S","Несущественная облачность","2026-01-03 13:18"
"-2.60","","-7.80","47","762","1016","","","","2.80","","S","Несущественная облачность","2026-01-03 13:19"
"-2.60","","-7.80","47","762","1016","","","","2.80","","S","Несущественная облачность","2026-01-03 13:20"
"-2.60","","-7.80","47","762","1016","","","","2.80","","S","Несущественная облачность","2026-01-03 13:21"
"-2.60","","-7.60","47","762","1016","","","","2.50","","S","Несущественная облачность","2026-01-03 13:22"
"-2.60","","-7.60","47","762","1016","","","","3.10","","S","Несущественная облачность","2026-01-03 13:23"
"-2.60","","-8.00","47","762","1016","","","","3.30","","S","Несущественная облачность","2026-01-03 13:24"
"-2.60","","-8.10","47","762","1016","","","","3.30","","S","Несущественная облачность","2026-01-03 13:25"
"-2.60","","-6.90","47","762","1016","","","","1.60","","S","Несущественная облачность","2026-01-03 13:26"
"-2.60","","-6.20","47","762","1016","","","","0.50","","S","Несущественная облачность","2026-01-03 13:27"
"-2.60","","-7.70","47","762","1016","","","","2.70","","S","Несущественная облачность","2026-01-03 13:28"
"-2.60","","-6.90","47","762","1016","","","","1.50","","S","Несущественная облачность","2026-01-03 13:29"
"-2.60","","-6.90","47","762","1016","","","","1.10","","S","Несущественная облачность","2026-01-03 13:30"
"-2.70","","-7.90","47","762","1016","","","","2.80","","S","Несущественная облачность","2026-01-03 13:31"
"-2.70","","-7.90","47","762","1016","","","","1.70","","S","Несущественная облачность","2026-01-03 13:32"
"-2.70","","-7.10","47","762","1016","","","","1.70","","S","Несущественная облачность","2026-01-03 13:33"
"-2.70","","-7.10","47","762","1016","","","","1.70","","S","Несущественная облачность","2026-01-03 13:34"
"-2.70","","-7.10","47","762","1016","","","","1.70","","S","Несущественная облачность","2026-01-03 13:35"
"-2.70","","-7.10","47","762","1016","","","","1.70","","S","Несущественная облачность","2026-01-03 13:36"
"-2.70","","-7.30","47","762","1016","","","","2.00","","S","Несущественная облачность","2026-01-03 13:37"
"-2.80","","-7.40","47","762","1016","","","","2.40","","S","Несущественная облачность","2026-01-03 13:38"
"-2.80","","-7.70","47","762","1016","","","","1.30","","S","Несущественная облачность","2026-01-03 13:39"
"-2.80","","-6.90","47","762","1016","","","","2.40","","S","Несущественная облачность","2026-01-03 13:40"
"-2.80","","-7.00","47","762","1016","","","","1.40","","S","Несущественная облачность","2026-01-03 13:41"
"-2.80","","-7.00","47","762","1016","","","","1.40","","S","Несущественная облачность","2026-01-03 13:42"
"-2.80","","-7.30","47","762","1016","","","","1.80","","S","Несущественная облачность","2026-01-03 13:43"
"-2.80","","-6.80","47","762","1016","","","","1.10","","S","Несущественная облачность","2026-01-03 13:44"
"-2.80","","-6.80","47","762","1016","","","","1.00","","S","Несущественная облачность","2026-01-03 13:45"
"-2.80","","-6.70","47","762","1016","","","","1.00","","S","Несущественная облачность","2026-01-03 13:46"
"-2.80","","-6.70","47","762","1016","","","","3.00","","S","Несущественная облачность","2026-01-03 13:47"
"-2.80","","-8.10","47","762","1016","","","","3.00","","S","Несущественная облачность","2026-01-03 13:48"
"-2.80","","-8.10","47","762","1016","","","","3.00","","S","Несущественная облачность","2026-01-03 13:49"
"-2.80","","-8.10","47","762","1016","","","","2.90","","S","Несущественная облачность","2026-01-03 13:50"
"-2.80","","-8.40","47","762","1016","","","","3.40","","S","Несущественная облачность","2026-01-03 13:51"
"-2.80","","-8.40","47","762","1016","","","","3.40","","S","Несущественная облачность","2026-01-03 13:52"
"-2.80","","-8.40","47","762","1016","","","","4.20","","S","Несущественная облачность","2026-01-03 13:53"
"-2.80","","-9.00","47","762","1016","","","","4.20","","S","Несущественная облачность","2026-01-03 13:54"
"-2.90","","-9.10","47","762","1016","","","","4.20","","S","Несущественная облачность","2026-01-03 13:55"
"-2.90","","-9.10","47","762","1016","","","","4.20","","S","Несущественная облачность","2026-01-03 13:56"
"-2.90","","-9.10","47","762","1016","","","","4.20","","S","Несущественная облачность","2026-01-03 13:57"
"-2.90","","-9.10","47","762","1016","","","","4.20","","S","Несущественная облачность","2026-01-03 13:58"
"-2.90","","-9.40","47","762","1016","","","","4.60","","S","Несущественная облачность","2026-01-03 13:59"
"-2.90","","-9.40","47","762","1016","","","","4.60","","S","Несущественная облачность","2026-01-03 14:00"
"-2.90","","-7.70","47","762","1016","","","","2.20","","S","Несущественная облачность","2026-01-03 14:01"
"-2.90","","-7.80","47","762","1016","","","","2.40","","S","Несущественная облачность","2026-01-03 14:02"
"-3.00","","-7.90","47","762","1016","","","","2.50","","S","Несущественная облачность","2026-01-03 14:03"
"-3.00","","-8.00","47","762","1016","","","","2.50","","S","Несущественная облачность","2026-01-03 14:04"
"-3.00","","-9.80","47","762","1016","","","","5.10","","S","Несущественная облачность","2026-01-03 14:05"
"-3.00","","-7.90","47","762","1016","","","","2.40","","S","Несущественная облачность","2026-01-03 14:06"
"-3.00","","-7.90","47","762","1016","","","","2.40","","S","Несущественная облачность","2026-01-03 14:07"
"-3.00","","-7.90","47","762","1016","","","","3.90","","S","Несущественная облачность","2026-01-03 14:08"
"-3.00","","-9.00","47","762","1016","","","","2.20","","S","Несущественная облачность","2026-01-03 14:09"
"-3.00","","-7.80","47","762","1016","","","","2.20","","S","Несущественная облачность","2026-01-03 14:10"
"-3.00","","-7.80","47","762","1016","","","","4.60","","S","Несущественная облачность","2026-01-03 14:11"
"-3.00","","-7.80","47","762","1016","","","","2.40","","S","Несущественная облачность","2026-01-03 14:12"
"-3.10","","-8.20","47","762","1016","","","","2.70","","S","Несущественная облачность","2026-01-03 14:13"
"-3.10","","-8.20","47","762","1016","","","","2.70","","S","Несущественная облачность","2026-01-03 14:14"
"-3.10","","-8.20","47","762","1016","","","","2.60","","S","Несущественная облачность","2026-01-03 14:15"
"-3.10","","-8.20","47","762","1016","","","","2.60","","S","Несущественная облачность","2026-01-03 14:16"
"-3.10","","-9.50","47","762","1016","","","","4.50","","S","Несущественная облачность","2026-01-03 14:17"
"-3.10","","-9.50","47","762","1016","","","","4.50","","S","Несущественная облачность","2026-01-03 14:18"
"-3.10","","-8.70","47","762","1016","","","","3.40","","S","Несущественная облачность","2026-01-03 14:19"
"-3.20","","-8.80","47","762","1016","","","","3.40","","S","Несущественная облачность","2026-01-03 14:20"
"-3.20","","-8.80","47","762","1016","","","","3.40","","S","Несущественная облачность","2026-01-03 14:21"
"-3.20","","-8.10","47","762","1016","","","","2.40","","S","Несущественная облачность","2026-01-03 14:22"
"-3.20","","-8.10","47","762","1016","","","","2.40","","S","Несущественная облачность","2026-01-03 14:23"
"-3.20","","-7.90","47","762","1016","","","","2.10","","S","Несущественная облачность","2026-01-03 14:24"
"-3.20","","-7.90","47","762","1016","","","","2.10","","S","Несущественная облачность","2026-01-03 14:25"
"-3.20","","-7.90","47","762","1016","","","","2.10","","S","Несущественная облачность","2026-01-03 14:26"
"-3.20","","-9.70","47","762","1016","","","","3.00","","S","Несущественная облачность","2026-01-03 14:27"
"-3.20","","-8.60","47","762","1016","","","","3.00","","S","Несущественная облачность","2026-01-03 14:28"
"-3.20","","-8.80","47","762","1016","","","","3.30","","S","Несущественная облачность","2026-01-03 14:29"
"-3.20","","-8.80","47","762","1016","","","","3.90","","S","Несущественная облачность","2026-01-03 14:30"
"-3.20","","-8.80","47","762","1016","","","","3.90","","S","Несущественная облачность","2026-01-03 14:31"
"-3.20","","-9.20","47","762","1016","","","","3.90","","S","Несущественная облачность","2026-01-03 14:32"
"-3.20","","-9.20","47","762","1016","","","","1.00","","S","Несущественная облачность","2026-01-03 14:33"
"-3.10","","-7.00","47","762","1016","","","","2.20","","S","Несущественная облачность","2026-01-03 14:34"
"-3.20","","-8.00","47","762","1016","","","","2.20","","S","Несущественная облачность","2026-01-03 14:35"
"-3.20","","-9.70","47","762","1016","","","","4.70","","S","Несущественная облачность","2026-01-03 14:36"
"-3.20","","-9.70","47","762","1016","","","","4.70","","S","Несущественная облачность","2026-01-03 14:37"
"-3.20","","-9.20","47","762","1016","","","","3.90","","S","Несущественная облачность","2026-01-03 14:38"
"-3.20","","-8.10","47","762","1016","","","","2.40","","S","Несущественная облачность","2026-01-03 14:39"
"-3.20","","-8.10","47","762","1016","","","","4.10","","S","Несущественная облачность","2026-01-03 14:40"
"-3.20","","-9.10","47","762","1016","","","","3.80","","S","Ясно","2026-01-03 14:41"
"-3.20","","-9.10","47","762","1016","","","","3.80","","S","Ясно","2026-01-03 14:42"
"-3.20","","-9.10","47","762","1016","","","","3.80","","S","Ясно","2026-01-03 14:43"
"-3.20","","-9.10","47","762","1016","","","","3.80","","S","Ясно","2026-01-03 14:44"
"-3.20","","-8.80","47","762","1016","","","","1.90","","S","Ясно","2026-01-03 14:45"
"-3.20","","-7.80","47","762","1016","","","","4.50","","S","Ясно","2026-01-03 14:46"
"-3.20","","-7.80","47","762","1016","","","","1.90","","S","Ясно","2026-01-03 14:47"
"-3.20","","-7.80","47","762","1016","","","","4.00","","S","Ясно","2026-01-03 14:48"
"-3.20","","-7.80","47","762","1016","","","","3.20","","S","Ясно","2026-01-03 14:49"
"-3.20","","-8.60","47","762","1016","","","","3.10","","S","Ясно","2026-01-03 14:50"
"-3.20","","-8.40","47","761","1015","","","","2.80","","S","Ясно","2026-01-03 14:51"
"-3.20","","-8.40","46","761","1015","","","","2.80","","S","Ясно","2026-01-03 14:52"
"-3.20","","-8.40","46","761","1015","","","","2.80","","S","Ясно","2026-01-03 14:53"
"-3.20","","-8.40","46","761","1015","","","","2.80","","S","Ясно","2026-01-03 14:54"
"-3.20","","-8.40","46","761","1015","","","","2.80","","S","Ясно","2026-01-03 14:55"
"-3.20","","-7.80","46","761","1015","","","","1.90","","S","Ясно","2026-01-03 14:56"
"-3.20","","-7.80","47","761","1015","","","","1.90","","S","Ясно","2026-01-03 14:57"
"-3.20","","-7.80","47","761","1015","","","","1.90","","S","Ясно","2026-01-03 14:58"
"-3.20","","-7.80","46","761","1015","","","","1.90","","S","Ясно","2026-01-03 14:59"
"-3.20","","-7.80","46","761","1015","","","","1.90","","S","Ясно","2026-01-03 15:00"
"-3.20","","-7.80","46","761","1015","","","","1.90","","S","Ясно","2026-01-03 15:01"
"-3.20","","-8.10","46","761","1015","","","","2.40","","S","Ясно","2026-01-03 15:02"
"-3.20","","-8.10","46","761","1015","","","","2.40","","S","Ясно","2026-01-03 15:03"
"-3.20","","-8.10","46","761","1015","","","","2.40","","S","Ясно","2026-01-03 15:04"
"-3.30","","-8.80","46","761","1015","","","","3.20","","S","Ясно","2026-01-03 15:05"
"-3.30","","-8.80","46","762","1016","","","","3.10","","S","Небольшая облачность","2026-01-03 15:06"
"-3.30","","-8.80","46","762","1016","","","","3.10","","S","Небольшая облачность","2026-01-03 15:07"
"-3.30","","-8.70","46","762","1016","","","","2.60","","S","Небольшая облачность","2026-01-03 15:08"
"-3.30","","-8.70","46","762","1016","","","","3.00","","S","Небольшая облачность","2026-01-03 15:09"
"-3.30","","-8.70","46","762","1016","","","","3.00","","S","Небольшая облачность","2026-01-03 15:10"
"-3.30","","-8.70","46","762","1016","","","","3.00","","S","Небольшая облачность","2026-01-03 15:11"
"-3.30","","-8.70","46","762","1016","","","","3.00","","S","Небольшая облачность","2026-01-03 15:12"
"-3.30","","-8.70","46","762","1016","","","","2.90","","S","Небольшая облачность","2026-01-03 15:13"
"-3.30","","-8.60","46","762","1016","","","","2.90","","S","Небольшая облачность","2026-01-03 15:14"
"-3.30","","-8.60","46","762","1016","","","","2.80","","S","Небольшая облачность","2026-01-03 15:15"
"-3.30","","-8.50","46","762","1016","","","","2.80","","S","Небольшая облачность","2026-01-03 15:16"
"-3.30","","-8.50","46","762","1016","","","","2.80","","S","Небольшая облачность","2026-01-03 15:17"
"-3.30","","-8.50","46","762","1016","","","","2.80","","S","Небольшая облачность","2026-01-03 15:18"
"-3.30","","-8.50","46","762","1016","","","","2.80","","S","Небольшая облачность","2026-01-03 15:19"
"-3.30","","-8.50","46","762","1016","","","","2.80","","S","Небольшая облачность","2026-01-03 15:20"
"-3.30","","-8.50","46","762","1016","","","","2.80","","S","Небольшая облачность","2026-01-03 15:21"
"-3.30","","-8.50","46","762","1016","","","","2.80","","S","Небольшая облачность","2026-01-03 15:22"
"-3.30","","-8.50","46","762","1016","","","","2.80","","S","Небольшая облачность","2026-01-03 15:23"
"-3.30","","-9.00","46","762","1016","","","","3.50","","S","Небольшая облачность","2026-01-03 15:24"
"-3.30","","-9.00","46","762","1016","","","","1.90","","S","Небольшая облачность","2026-01-03 15:25"
"-3.30","","-8.70","46","762","1016","","","","3.10","","S","Небольшая облачность","2026-01-03 15:26"
"-3.30","","-8.70","46","762","1016","","","","3.10","","S","Небольшая облачность","2026-01-03 15:27"
"-3.30","","-8.70","46","762","1016","","","","3.10","","S","Небольшая облачность","2026-01-03 15:28"
"-3.30","","-8.70","46","762","1016","","","","3.20","","S","Небольшая облачность","2026-01-03 15:29"
"-3.30","","-8.80","46","762","1016","","","","3.20","","S","Небольшая облачность","2026-01-03 15:30"
"-3.30","","-8.80","46","762","1016","","","","3.20","","S","Небольшая облачность","2026-01-03 15:31"
"-3.30","","-8.80","46","762","1016","","","","3.00","","S","Небольшая облачность","2026-01-03 15:32"
"-3.30","","-8.80","46","762","1016","","","","3.00","","S","Небольшая облачность","2026-01-03 15:33"
"-3.30","","-8.70","46","762","1016","","","","3.00","","S","Небольшая облачность","2026-01-03 15:34"
"-3.30","","-8.70","46","762","1016","","","","3.30","","S","Небольшая облачность","2026-01-03 15:35"
"-3.30","","-8.90","46","762","1016","","","","2.90","","S","Небольшая облачность","2026-01-03 15:36"
"-3.30","","-8.60","46","762","1016","","","","4.00","","S","Небольшая облачность","2026-01-03 15:37"
"-3.30","","-9.40","46","762","1016","","","","4.00","","S","Небольшая облачность","2026-01-03 15:38"
"-3.30","","-8.80","46","762","1016","","","","3.20","","S","Небольшая облачность","2026-01-03 15:39"
"-3.30","","-8.80","46","762","1016","","","","3.20","","S","Небольшая облачность","2026-01-03 15:40"
"-3.40","","-8.90","45","762","1016","","","","3.20","","S","Небольшая облачность","2026-01-03 15:41"
"-3.40","","-8.90","45","762","1016","","","","3.20","","S","Небольшая облачность","2026-01-03 15:42"
"-3.40","","-8.90","45","762","1016","","","","3.20","","S","Небольшая облачность","2026-01-03 15:43"
"-3.40","","-8.90","45","762","1016","","","","3.20","","S","Небольшая облачность","2026-01-03 15:44"
"-3.40","","-10.10","45","762","1016","","","","4.90","","S","Небольшая облачность","2026-01-03 15:45"
"-3.40","","-10.10","45","762","1016","","","","4.90","","S","Небольшая облачность","2026-01-03 15:46"
"-3.40","","-9.10","45","762","1016","","","","3.40","","S","Небольшая облачность","2026-01-03 15:47"
"-3.40","","-8.10","45","762","1016","","","","2.00","","S","Небольшая облачность","2026-01-03 15:48"
"-3.40","","-8.10","45","762","1016","","","","2.00","","S","Небольшая облачность","2026-01-03 15:49"
"-3.50","","-8.20","46","762","1016","","","","2.00","","S","Небольшая облачность","2026-01-03 15:50"
"-3.50","","-8.20","46","761","1015","","","","2.00","","S","Небольшая облачность","2026-01-03 15:51"
"-3.50","","-8.20","46","761","1015","","","","2.00","","S","Небольшая облачность","2026-01-03 15:52"
"-3.50","","-8.20","45","761","1015","","","","2.00","","S","Небольшая облачность","2026-01-03 15:53"
"-3.50","","-8.20","45","761","1015","","","","2.00","","S","Небольшая облачность","2026-01-03 15:54"
"-3.60","","-8.30","45","761","1015","","","","2.00","","S","Небольшая облачность","2026-01-03 15:55"
"-3.60","","-8.30","45","761","1015","","","","2.00","","S","Небольшая облачность","2026-01-03 15:56"
"-3.60","","-8.30","45","761","1015","","","","2.00","","S","Небольшая облачность","2026-01-03 15:57"
"-3.60","","-8.30","45","761","1015","","","","2.00","","S","Небольшая облачность","2026-01-03 15:58"
"-3.60","","-8.30","45","761","1015","","","","2.60","","S","Небольшая облачность","2026-01-03 15:59"
"-3.70","","-8.80","45","761","1015","","","","2.60","","S","Небольшая облачность","2026-01-03 16:00"
"-3.70","","-10.90","45","761","1015","","","","5.60","","S","Небольшая облачность","2026-01-03 16:01"
"-3.70","","-9.30","45","761","1015","","","","3.30","","S","Небольшая облачность","2026-01-03 16:02"
"-3.70","","-10.20","45","761","1015","","","","4.50","","S","Небольшая облачность","2026-01-03 16:03"
"-3.70","","-10.20","45","761","1015","","","","3.10","","S","Небольшая облачность","2026-01-03 16:04"
"-3.70","","-9.20","45","761","1015","","","","3.80","","S","Небольшая облачность","2026-01-03 16:05"
"-3.70","","-9.20","45","761","1015","","","","3.80","","S","Небольшая облачность","2026-01-03 16:06"
"-3.70","","-9.70","45","762","1016","","","","2.50","","S","Небольшая облачность","2026-01-03 16:07"
"-3.80","","-8.90","45","762","1016","","","","3.50","","S","Небольшая облачность","2026-01-03 16:08"
"-3.80","","-8.90","45","762","1016","","","","3.50","","S","Небольшая облачность","2026-01-03 16:09"
"-3.80","","-8.30","45","762","1016","","","","1.70","","S","Небольшая облачность","2026-01-03 16:10"
"-3.80","","-8.30","45","762","1016","","","","1.70","","S","Небольшая облачность","2026-01-03 16:11"
"-3.80","","-10.30","45","762","1016","","","","4.50","","S","Небольшая облачность","2026-01-03 16:12"
"-3.90","","-10.40","45","762","1016","","","","2.40","","S","Небольшая облачность","2026-01-03 16:13"
"-3.90","","-10.40","45","762","1016","","","","2.40","","S","Небольшая облачность","2026-01-03 16:14"
"-3.90","","-9.90","45","762","1016","","","","3.90","","S","Небольшая облачность","2026-01-03 16:15"
"-3.90","","-9.90","45","762","1016","","","","3.90","","S","Небольшая облачность","2026-01-03 16:16"
"-3.90","","-9.30","45","762","1016","","","","3.00","","S","Небольшая облачность","2026-01-03 16:17"
"-3.90","","-9.30","45","762","1016","","","","3.00","","S","Небольшая облачность","2026-01-03 16:18"
"-4.00","","-8.90","45","762","1016","","","","2.20","","S","Небольшая облачность","2026-01-03 16:19"
"-4.00","","-8.90","45","762","1016","","","","2.20","","S","Небольшая облачность","2026-01-03 16:20"
"-4.00","","-8.90","45","761","1015","","","","2.20","","S","Небольшая облачность","2026-01-03 16:21"
"-4.00","","-8.90","45","761","1015","","","","2.20","","S","Небольшая облачность","2026-01-03 16:22"
"-4.00","","-8.90","45","761","1015","","","","2.20","","S","Небольшая облачность","2026-01-03 16:23"
"-4.10","","-8.80","45","761","1015","","","","2.00","","S","Небольшая облачность","2026-01-03 16:24"
"-4.10","","-8.80","45","761","1015","","","","2.00","","S","Небольшая облачность","2026-01-03 16:25"
"-4.10","","-8.80","45","761","1015","","","","2.00","","S","Небольшая облачность","2026-01-03 16:26"
"-4.10","","-8.80","45","761","1015","","","","2.00","","S","Небольшая облачность","2026-01-03 16:27"
"-4.10","","-8.80","45","761","1015","","","","2.00","","S","Небольшая облачность","2026-01-03 16:28"
"-4.20","","-8.90","45","761","1015","","","","2.00","","S","Небольшая облачность","2026-01-03 16:29"
"-4.20","","-8.90","45","761","1015","","","","2.00","","S","Небольшая облачность","2026-01-03 16:30"
"-4.20","","-8.90","45","761","1015","","","","2.00","","S","Небольшая облачность","2026-01-03 16:31"
"-4.20","","-10.50","45","761","1015","","","","4.20","","S","Небольшая облачность","2026-01-03 16:32"
"-4.20","","-10.50","45","761","1015","","","","4.20","","S","Небольшая облачность","2026-01-03 16:33"
"-4.30","","-12.70","45","761","1015","","","","7.30","","SSW","Небольшая облачность","2026-01-03 16:34"
"-4.30","","-12.70","45","761","1015","","","","2.70","","SSW","Небольшая облачность","2026-01-03 16:35"
"-4.30","","-9.50","45","761","1015","","","","2.70","","SSW","Небольшая облачность","2026-01-03 16:36"
"-4.30","","-9.50","45","761","1015","","","","2.70","","SSW","Небольшая облачность","2026-01-03 16:37"
"-4.40","","-9.60","45","761","1015","","","","2.70","","SSW","Небольшая облачность","2026-01-03 16:38"
"-4.40","","-9.60","45","761","1015","","","","2.70","","SSW","Небольшая облачность","2026-01-03 16:39"
"-4.40","","-9.60","45","761","1015","","","","2.70","","SSW","Небольшая облачность","2026-01-03 16:40"
"-4.40","","-9.60","45","761","1015","","","","2.70","","SSW","Небольшая облачность","2026-01-03 16:41"
"-4.40","","-9.60","45","761","1015","","","","2.70","","SSW","Небольшая облачность","2026-01-03 16:42"
"-4.50","","-9.70","45","761","1015","","","","2.70","","SSW","Небольшая облачность","2026-01-03 16:43"
"-4.50","","-9.70","45","761","1015","","","","2.70","","SSW","Небольшая облачность","2026-01-03 16:44"
"-4.50","","-9.70","45","761","1015","","","","2.70","","SSW","Небольшая облачность","2026-01-03 16:45"
"-4.50","","-9.70","45","761","1015","","","","2.70","","SSW","Небольшая облачность","2026-01-03 16:46"
"-4.60","","-9.60","45","761","1015","","","","2.40","","SSW","Небольшая облачность","2026-01-03 16:47"
"-4.60","","-9.60","45","761","1015","","","","2.40","","SSW","Небольшая облачность","2026-01-03 16:48"
"-4.60","","-12.90","45","761","1015","","","","7.00","","SSW","Небольшая облачность","2026-01-03 16:49"
"-4.60","","-12.90","45","761","1015","","","","7.00","","SSW","Небольшая облачность","2026-01-03 16:50"
"-4.60","","-12.90","45","760","1014","","","","7.00","","SSW","Небольшая облачность","2026-01-03 16:51"
"-4.70","","-13.00","45","760","1014","","","","7.00","","SSW","Небольшая облачность","2026-01-03 16:52"
"-4.70","","-13.00","45","760","1014","","","","7.00","","SSW","Небольшая облачность","2026-01-03 16:53"
"-4.70","","-13.00","45","760","1014","","","","7.00","","SSW","Небольшая облачность","2026-01-03 16:54"
"-4.70","","-11.30","45","760","1014","","","","4.70","","SSW","Небольшая облачность","2026-01-03 16:55"
"-4.70","","-11.30","45","760","1014","","","","4.70","","SSW","Небольшая облачность","2026-01-03 16:56"
"-4.70","","-11.30","45","760","1014","","","","4.70","","SSW","Небольшая облачность","2026-01-03 16:57"
"-4.70","","-11.90","45","760","1014","","","","5.50","","SSW","Небольшая облачность","2026-01-03 16:58"
"-4.70","","-11.90","45","760","1014","","","","5.50","","SSW","Небольшая облачность","2026-01-03 16:59"
"-4.80","","-12.00","45","760","1014","","","","5.50","","SSW","Облачно","2026-01-03 17:00"
"-4.80","","-12.00","45","760","1014","","","","5.50","","SSW","Облачно","2026-01-03 17:01"
"-4.80","","-12.00","45","760","1014","","","","5.50","","SSW","Облачно","2026-01-03 17:02"
"-4.80","","-12.00","45","760","1014","","","","3.30","","SSW","Облачно","2026-01-03 17:03"
"-4.80","","-12.00","45","760","1014","","","","3.30","","SSW","Облачно","2026-01-03 17:04"
"-4.80","","-10.50","46","760","1014","","","","5.60","","SSW","Облачно","2026-01-03 17:05"
"-4.80","","-10.50","46","760","1014","","","","5.60","","SSW","Облачно","2026-01-03 17:06"
"-4.80","","-12.10","46","761","1015","","","","5.60","","SSW","Облачно","2026-01-03 17:07"
"-4.80","","-12.10","46","761","1015","","","","5.60","","SSW","Облачно","2026-01-03 17:08"
"-4.90","","-14.60","46","761","1015","","","","9.10","","SSW","Облачно","2026-01-03 17:09"
"-4.90","","-14.60","46","761","1015","","","","9.10","","SSW","Облачно","2026-01-03 17:10"
"-4.90","","-14.60","46","761","1015","","","","9.10","","SSW","Облачно","2026-01-03 17:11"
"-4.90","","-14.60","46","761","1015","","","","9.10","","SSW","Облачно","2026-01-03 17:12"
"-4.90","","-14.60","46","761","1015","","","","9.10","","SSW","Облачно","2026-01-03 17:13"
"-4.90","","-14.60","46","761","1015","","","","9.10","","SSW","Облачно","2026-01-03 17:14"
"-4.90","","-14.60","46","761","1015","","","","9.10","","SSW","Облачно","2026-01-03 17:15"
"-5.00","","-14.70","46","761","1015","","","","9.10","","SSW","Облачно","2026-01-03 17:16"
"-5.00","","-12.30","46","761","1015","","","","5.70","","SSW","Облачно","2026-01-03 17:17"
"-5.00","","-11.60","46","761","1015","","","","4.60","","SSW","Облачно","2026-01-03 17:18"
"-5.00","","-11.60","46","761","1015","","","","4.60","","SSW","Облачно","2026-01-03 17:19"
"-5.00","","-11.30","46","761","1015","","","","4.20","","SSW","Облачно","2026-01-03 17:20"
"-5.00","","-11.30","46","761","1015","","","","4.20","","SSW","Облачно","2026-01-03 17:21"
"-5.00","","-11.30","46","761","1015","","","","4.20","","SSW","Облачно","2026-01-03 17:22"
"-5.00","","-11.30","46","761","1015","","","","4.20","","SSW","Облачно","2026-01-03 17:23"
"-5.00","","-11.30","46","761","1015","","","","4.20","","SSW","Облачно","2026-01-03 17:24"
"-5.00","","-11.30","46","761","1015","","","","4.20","","SSW","Облачно","2026-01-03 17:25"
"-5.00","","-11.30","46","761","1015","","","","4.20","","SSW","Облачно","2026-01-03 17:26"
"-5.00","","-11.30","46","761","1015","","","","4.20","","SSW","Облачно","2026-01-03 17:27"
"-5.10","","-12.20","46","761","1015","","","","5.30","","SSW","Облачно","2026-01-03 17:28"
"-5.10","","-12.20","46","761","1015","","","","5.30","","SSW","Облачно","2026-01-03 17:29"
"-5.10","","-11.10","46","761","1015","","","","3.80","","SSW","Облачно","2026-01-03 17:30"
"-5.10","","-11.10","46","761","1015","","","","3.80","","SSW","Облачно","2026-01-03 17:31"
"-5.10","","-11.10","46","761","1015","","","","3.80","","SSW","Облачно","2026-01-03 17:32"
"-5.20","","-11.20","46","761","1015","","","","3.80","","SSW","Облачно","2026-01-03 17:33"
"-5.20","","-11.20","46","761","1015","","","","3.80","","SSW","Облачно","2026-01-03 17:34"
"-5.20","","-11.20","46","761","1015","","","","3.80","","SSW","Облачно","2026-01-03 17:35"
"-5.20","","-11.20","46","761","1015","","","","5.70","","SSW","Облачно","2026-01-03 17:36"
"-5.20","","-12.60","46","761","1015","","","","5.70","","SSW","Облачно","2026-01-03 17:37"
"-5.20","","-12.60","46","761","1015","","","","5.70","","SSW","Облачно","2026-01-03 17:38"
"-5.20","","-12.10","46","761","1015","","","","5.10","","SSW","Облачно","2026-01-03 17:39"
"-5.20","","-12.10","46","761","1015","","","","5.10","","SSW","Облачно","2026-01-03 17:40"
"-5.20","","-12.10","46","761","1015","","","","5.10","","SSW","Облачно","2026-01-03 17:41"
"-5.20","","-12.10","46","761","1015","","","","5.10","","SSW","Облачно","2026-01-03 17:42"
"-5.20","","-12.10","46","761","1015","","","","5.10","","SSW","Облачно","2026-01-03 17:43"
"-5.20","","-12.10","46","761","1015","","","","5.10","","SSW","Облачно","2026-01-03 17:44"
"-5.20","","-12.10","46","761","1015","","","","5.80","","SSW","Облачно","2026-01-03 17:45"
"-5.30","","-11.10","46","761","1015","","","","3.50","","SSW","Облачно","2026-01-03 17:46"
"-5.30","","-11.10","46","761","1015","","","","3.50","","SSW","Облачно","2026-01-03 17:47"
"-5.30","","-11.10","46","761","1015","","","","3.50","","SSW","Облачно","2026-01-03 17:48"
"-5.30","","-11.10","46","761","1015","","","","3.50","","SSW","Облачно","2026-01-03 17:49"
"-5.30","","-11.40","46","761","1015","","","","3.90","","SSW","Облачно","2026-01-03 17:50"
"-5.30","","-11.40","46","761","1015","","","","3.90","","SSW","Облачно","2026-01-03 17:51"
"-5.30","","-10.60","46","761","1015","","","","2.70","","SSW","Облачно","2026-01-03 17:52"
"-5.40","","-10.70","46","761","1015","","","","2.70","","SSW","Облачно","2026-01-03 17:53"
"-5.40","","-10.70","46","761","1015","","","","2.70","","SSW","Облачно","2026-01-03 17:54"
"-5.40","","-10.70","46","761","1015","","","","2.70","","SSW","Облачно","2026-01-03 17:55"
"-5.40","","-10.70","46","761","1015","","","","2.70","","SSW","Облачно","2026-01-03 17:56"
"-5.40","","-10.70","46","761","1015","","","","2.70","","SSW","Облачно","2026-01-03 17:57"
"-5.40","","-12.70","46","761","1015","","","","5.60","","SSW","Облачно","2026-01-03 17:58"
"-5.40","","-12.70","46","761","1015","","","","5.60","","SSW","Облачно","2026-01-03 17:59"
"-5.40","","-11.80","46","761","1015","","","","4.30","","SSW","Облачно","2026-01-03 18:00"
"-5.50","","-11.90","47","761","1015","","","","4.30","","SSW","Облачно","2026-01-03 18:01"
"-5.50","","-13.30","47","761","1015","","","","6.40","","SSW","Облачно","2026-01-03 18:02"
"-5.50","","-13.30","47","761","1015","","","","6.40","","SSW","Облачно","2026-01-03 18:03"
"-5.50","","-13.30","47","761","1015","","","","6.40","","SSW","Облачно","2026-01-03 18:04"
"-5.50","","-13.30","47","761","1015","","","","6.40","","SSW","Облачно","2026-01-03 18:05"
"-5.50","","-13.30","47","761","1015","","","","6.40","","SSW","Облачно","2026-01-03 18:06"
"-5.50","","-13.30","47","761","1015","","","","3.60","","SSW","Облачно","2026-01-03 18:07"
"-5.50","","-11.40","47","761","1015","","","","3.60","","SSW","Облачно","2026-01-03 18:08"
"-5.50","","-11.40","47","761","1015","","","","3.60","","SSW","Облачно","2026-01-03 18:09"
"-5.50","","-11.40","47","761","1015","","","","3.60","","SSW","Облачно","2026-01-03 18:10"
"-5.50","","-11.40","47","761","1015","","","","3.60","","SSW","Облачно","2026-01-03 18:11"
"-5.50","","-11.40","47","761","1015","","","","3.60","","SSW","Облачно","2026-01-03 18:12"
"-5.50","","-11.00","47","761","1015","","","","3.10","","SSW","Облачно","2026-01-03 18:13"
"-5.50","","-11.00","47","761","1015","","","","3.10","","SSW","Облачно","2026-01-03 18:14"
"-5.50","","-11.00","47","761","1015","","","","3.10","","SSW","Облачно","2026-01-03 18:15"
"-5.50","","-11.00","47","761","1015","","","","3.10","","SSW","Небольшая облачность","2026-01-03 18:16"
"-5.50","","-11.00","47","761","1015","","","","3.10","","SSW","Небольшая облачность","2026-01-03 18:17"
"-5.50","","-11.00","47","761","1015","","","","3.10","","SSW","Небольшая облачность","2026-01-03 18:18"
"-5.50","","-11.00","47","761","1015","","","","3.10","","SSW","Небольшая облачность","2026-01-03 18:19"
"-5.50","","-11.00","47","761","1015","","","","3.10","","SSW","Небольшая облачность","2026-01-03 18:20"
"-5.50","","-11.00","47","761","1015","","","","3.10","","SSW","Небольшая облачность","2026-01-03 18:21"
"-5.50","","-14.40","47","761","1015","","","","7.90","","SSW","Небольшая облачность","2026-01-03 18:22"
"-5.50","","-14.40","47","761","1015","","","","7.90","","SSW","Небольшая облачность","2026-01-03 18:23"
"-5.50","","-14.40","47","761","1015","","","","7.90","","SSW","Небольшая облачность","2026-01-03 18:24"
"-5.50","","-14.40","47","761","1015","","","","7.90","","SSW","Небольшая облачность","2026-01-03 18:25"
"-5.50","","-14.40","47","761","1015","","","","7.20","","SSW","Небольшая облачность","2026-01-03 18:26"
"-5.50","","-13.90","47","761","1015","","","","7.20","","SSW","Небольшая облачность","2026-01-03 18:27"
"-5.50","","-13.90","47","761","1015","","","","7.20","","SSW","Небольшая облачность","2026-01-03 18:28"
"-5.50","","-13.90","47","761","1015","","","","7.20","","SSW","Небольшая облачность","2026-01-03 18:29"
"-5.50","","-13.90","47","761","1015","","","","7.20","","SSW","Небольшая облачность","2026-01-03 18:30"
"-5.50","","-13.90","47","761","1015","","","","7.20","","SSW","Небольшая облачность","2026-01-03 18:31"
"-5.50","","-12.20","47","761","1015","","","","4.80","","SSW","Небольшая облачность","2026-01-03 18:32"
"-5.50","","-11.50","47","761","1015","","","","3.80","","SSW","Небольшая облачность","2026-01-03 18:33"
"-5.50","","-11.50","47","761","1015","","","","3.80","","SSW","Небольшая облачность","2026-01-03 18:34"
"-5.50","","-11.50","48","761","1015","","","","3.80","","SSW","Небольшая облачность","2026-01-03 18:35"
"-5.50","","-11.50","48","761","1015","","","","3.80","12.00","SSW","Небольшая облачность","2026-01-03 18:36"
"-5.50","","-11.50","48","761","1015","","","","3.80","12.00","SSW","Небольшая облачность","2026-01-03 18:37"
"-5.50","","-11.50","48","761","1015","","","","3.50","12.00","SSW","Небольшая облачность","2026-01-03 18:38"
"-5.50","","-11.30","48","761","1015","","","","3.50","12.00","SSW","Небольшая облачность","2026-01-03 18:39"
"-5.50","","-11.30","48","761","1015","","","","3.50","12.00","SSW","Небольшая облачность","2026-01-03 18:40"
"-5.60","","-11.40","48","761","1015","","","","5.40","","SSW","Облачно","2026-01-03 18:41"
"-5.50","","-12.60","48","761","1015","","","","5.40","","SSW","Облачно","2026-01-03 18:42"
"-5.50","","-12.60","48","761","1015","","","","5.40","","SSW","Облачно","2026-01-03 18:43"
"-5.50","","-12.60","48","761","1015","","","","5.40","","SSW","Облачно","2026-01-03 18:44"
"-5.50","","-12.60","48","761","1015","","","","4.80","","SSW","Облачно","2026-01-03 18:45"
"-5.50","","-10.80","48","761","1015","","","","2.80","","SSW","Облачно","2026-01-03 18:46"
"-5.50","","-10.80","48","761","1015","","","","2.80","","SSW","Облачно","2026-01-03 18:47"
"-5.50","","-10.80","48","761","1015","","","","2.80","","SSW","Облачно","2026-01-03 18:48"
"-5.50","","-10.80","48","761","1015","","","","2.80","","SSW","Облачно","2026-01-03 18:49"
"-5.50","","-10.80","48","761","1015","","","","2.80","","SSW","Облачно","2026-01-03 18:50"
"-5.50","","-11.20","48","761","1015","","","","3.40","","SSW","Облачно","2026-01-03 18:51"
"-5.50","","-11.20","48","761","1015","","","","3.40","","SSW","Облачно","2026-01-03 18:52"
"-5.40","","-10.90","48","761","1015","","","","3.00","","SSW","Облачно","2026-01-03 18:53"
"-5.40","","-10.70","48","761","1015","","","","2.80","","SSW","Облачно","2026-01-03 18:54"
"-5.40","","-10.70","48","761","1015","","","","2.80","","SSW","Облачно","2026-01-03 18:55"
"-5.40","","-10.70","48","761","1015","","","","2.80","12.00","SSW","Небольшая облачность","2026-01-03 18:56"
"-5.40","","-12.50","48","761","1015","","","","5.30","12.00","SSW","Небольшая облачность","2026-01-03 18:57"
"-5.40","","-12.50","48","761","1015","","","","4.40","12.00","SSW","Небольшая облачность","2026-01-03 18:58"
"-5.40","","-12.50","48","761","1015","","","","4.40","12.00","SSW","Небольшая облачность","2026-01-03 18:59"
"-5.40","","-11.80","48","761","1015","","","","3.30","","SSW","Небольшая облачность","2026-01-03 19:00"
"-5.40","","-11.10","48","761","1015","","","","3.30","","SSW","Небольшая облачность","2026-01-03 19:01"
"-5.40","","-11.10","48","761","1015","","","","3.30","","SSW","Небольшая облачность","2026-01-03 19:02"
"-5.40","","-11.10","48","761","1015","","","","3.30","","SSW","Небольшая облачность","2026-01-03 19:03"
"-5.40","","-11.10","48","761","1015","","","","3.30","","SSW","Небольшая облачность","2026-01-03 19:04"
"-5.40","","-11.10","48","761","1015","","","","3.30","","SSW","Небольшая облачность","2026-01-03 19:05"
"-5.40","","-11.10","48","761","1015","","","","3.30","","SSW","Небольшая облачность","2026-01-03 19:06"
"-5.40","","-11.10","48","761","1015","","","","3.30","","SSW","Небольшая облачность","2026-01-03 19:07"
"-5.40","","-11.10","48","761","1015","","","","3.30","","SSW","Небольшая облачность","2026-01-03 19:08"
"-5.40","","-11.00","49","761","1015","","","","3.30","","SSW","Небольшая облачность","2026-01-03 19:09"
"-5.40","","-11.00","49","761","1015","","","","3.30","","SSW","Небольшая облачность","2026-01-03 19:10"
"-5.40","","-11.00","49","761","1015","","","","3.30","","SSW","Небольшая облачность","2026-01-03 19:11"
"-5.40","","-11.00","49","761","1015","","","","3.30","","SSW","Небольшая облачность","2026-01-03 19:12"
"-5.40","","-12.70","49","761","1015","","","","5.60","","SSW","Небольшая облачность","2026-01-03 19:13"
"-5.40","","-12.70","49","761","1015","","","","5.60","","SSW","Небольшая облачность","2026-01-03 19:14"
"-5.30","","-12.60","49","761","1015","","","","2.90","","SSW","Небольшая облачность","2026-01-03 19:15"
"-5.30","","-10.70","49","761","1015","","","","2.90","","SSW","Небольшая облачность","2026-01-03 19:16"
"-5.30","","-10.70","49","761","1015","","","","2.90","","SSW","Небольшая облачность","2026-01-03 19:17"
"-5.30","","-10.70","49","761","1015","","","","2.90","","SSW","Небольшая облачность","2026-01-03 19:18"
"-5.30","","-10.70","49","761","1015","","","","2.90","","SSW","Небольшая облачность","2026-01-03 19:19"
"-5.30","","-10.70","49","761","1015","","","","2.90","","SSW","Небольшая облачность","2026-01-03 19:20"
"-5.30","","-10.70","49","760","1014","","","","2.90","","SSW","Небольшая облачность","2026-01-03 19:21"
"-5.30","","-10.70","49","760","1014","","","","2.90","","SSW","Небольшая облачность","2026-01-03 19:22"
"-5.30","","-10.70","49","760","1014","","","","2.90","","SSW","Небольшая облачность","2026-01-03 19:23"
"-5.30","","-10.70","49","760","1014","","","","2.90","","SSW","Небольшая облачность","2026-01-03 19:24"
"-5.30","","-10.70","49","760","1014","","","","2.90","","SSW","Небольшая облачность","2026-01-03 19:25"
"-5.30","","-11.10","50","760","1014","","","","3.50","","SSW","Небольшая облачность","2026-01-03 19:26"
"-5.30","","-10.10","50","760","1014","","","","2.10","","SSW","Небольшая облачность","2026-01-03 19:27"
"-5.30","","-10.10","50","760","1014","","","","2.90","","SSW","Небольшая облачность","2026-01-03 19:28"
"-5.30","","-10.60","50","760","1014","","","","4.70","","SSW","Небольшая облачность","2026-01-03 19:29"
"-5.30","","-11.90","50","760","1014","","","","4.70","","SSW","Небольшая облачность","2026-01-03 19:30"
"-5.20","","-11.70","50","760","1014","","","","4.60","","SSW","Небольшая облачность","2026-01-03 19:31"
"-5.20","","-11.70","50","760","1014","","","","4.60","","SSW","Небольшая облачность","2026-01-03 19:32"
"-5.20","","-11.70","50","760","1014","","","","4.60","","SSW","Небольшая облачность","2026-01-03 19:33"
"-5.20","","-11.70","50","760","1014","","","","4.60","","SSW","Небольшая облачность","2026-01-03 19:34"
"-5.20","","-11.70","50","760","1014","","","","4.60","","SSW","Небольшая облачность","2026-01-03 19:35"
"-5.20","","-11.70","50","760","1014","","","","4.60","","SSW","Небольшая облачность","2026-01-03 19:36"
"-5.20","","-11.70","51","760","1014","","","","4.70","","SSW","Небольшая облачность","2026-01-03 19:37"
"-5.20","","-11.80","51","760","1014","","","","4.30","","SSW","Небольшая облачность","2026-01-03 19:38"
"-5.10","","-10.70","51","760","1014","","","","3.30","","SSW","Небольшая облачность","2026-01-03 19:39"
"-5.10","","-10.70","51","760","1014","","","","3.30","","SSW","Небольшая облачность","2026-01-03 19:40"
"-5.10","","-10.70","51","760","1014","","","","3.30","","SSW","Небольшая облачность","2026-01-03 19:41"
"-5.10","","-10.70","51","760","1014","","","","3.30","","SSW","Небольшая облачность","2026-01-03 19:42"
"-5.00","","-10.60","51","760","1014","","","","3.60","","SSW","Небольшая облачность","2026-01-03 19:43"
"-5.00","","-10.60","51","760","1014","","","","3.60","","SSW","Небольшая облачность","2026-01-03 19:44"
"-5.00","","-10.80","51","760","1014","","","","3.60","","SSW","Небольшая облачность","2026-01-03 19:45"
"-5.00","","-10.80","51","760","1014","","","","3.60","","SSW","Небольшая облачность","2026-01-03 19:46"
"-5.00","","-10.80","52","760","1014","","","","3.60","","SSW","Небольшая облачность","2026-01-03 19:47"
"-4.90","","-12.30","52","760","1014","","","","5.90","","SSW","Небольшая облачность","2026-01-03 19:48"
"-4.90","","-12.30","52","760","1014","","","","5.90","","SSW","Небольшая облачность","2026-01-03 19:49"
"-4.90","","-11.50","52","760","1014","","","","4.80","","SSW","Небольшая облачность","2026-01-03 19:50"
"-4.90","","-11.50","52","760","1014","","","","7.40","","SSW","Небольшая облачность","2026-01-03 19:51"
"-4.80","","-13.20","52","760","1014","","","","4.90","","SSW","Небольшая облачность","2026-01-03 19:52"
"-4.80","","-13.20","52","760","1014","","","","4.90","","SSW","Небольшая облачность","2026-01-03 19:53"
"-4.80","","-11.60","52","760","1014","","","","5.10","","SSW","Небольшая облачность","2026-01-03 19:54"
"-4.80","","-11.60","52","760","1014","","","","5.10","","SSW","Небольшая облачность","2026-01-03 19:55"
"-4.80","","-11.60","52","760","1014","","","","5.10","","SSW","Небольшая облачность","2026-01-03 19:56"
"-4.70","","-10.00","52","760","1014","","","","2.90","","SSW","Небольшая облачность","2026-01-03 19:57"
"-4.70","","-10.00","52","760","1014","","","","2.90","","SSW","Небольшая облачность","2026-01-03 19:58"
"-4.70","","-12.30","52","760","1014","","","","6.20","","SSW","Небольшая облачность","2026-01-03 19:59"
"-4.70","","-12.30","52","760","1014","","","","3.60","","SSW","Небольшая облачность","2026-01-03 20:00"
"-4.70","","-10.50","52","760","1014","","","","3.60","","SW","Небольшая облачность","2026-01-03 20:01"
"-4.60","","-10.40","52","760","1014","","","","3.60","","SW","Небольшая облачность","2026-01-03 20:02"
"-4.60","","-10.40","53","760","1014","","","","3.60","","WSW","Небольшая облачность","2026-01-03 20:03"
"-4.60","","-10.40","53","760","1014","","","","3.60","","WSW","Небольшая облачность","2026-01-03 20:04"
"-4.60","","-10.40","53","760","1014","","","","3.60","","WSW","Небольшая облачность","2026-01-03 20:05"
"-4.60","","-11.90","53","759","1013","","","","5.80","","WSW","Облачно","2026-01-03 20:06"
"-4.60","","-9.90","53","759","1013","","","","2.90","","WSW","Облачно","2026-01-03 20:07"
"-4.60","","-9.90","53","759","1013","","","","2.90","","WSW","Облачно","2026-01-03 20:08"
"-4.50","","-9.60","53","759","1013","","","","2.60","","WSW","Облачно","2026-01-03 20:09"
"-4.50","","-9.60","53","759","1013","","","","2.60","","WSW","Облачно","2026-01-03 20:10"
"-4.50","","-11.00","53","759","1013","","","","4.70","","SW","Облачно","2026-01-03 20:11"
"-4.50","","-11.00","53","759","1013","","","","4.70","","SW","Облачно","2026-01-03 20:12"
"-4.50","","-9.90","53","759","1013","","","","3.10","","SW","Облачно","2026-01-03 20:13"
"-4.50","","-9.90","53","759","1013","","","","3.10","","SW","Облачно","2026-01-03 20:14"
"-4.50","","-9.90","53","759","1013","","","","4.90","","SW","Облачно","2026-01-03 20:15"
"-4.50","","-9.90","53","759","1013","","","","4.90","","SW","Облачно","2026-01-03 20:16"
"-4.40","","-10.10","53","759","1013","","","","3.60","","SW","Облачно","2026-01-03 20:17"
"-4.40","","-10.10","53","759","1013","","","","3.60","","SW","Облачно","2026-01-03 20:18"
"-4.40","","-9.40","53","759","1013","","","","2.50","","SW","Облачно","2026-01-03 20:19"
"-4.40","","-9.40","53","759","1013","","","","2.50","","SW","Облачно","2026-01-03 20:20"
"-4.40","","-9.50","53","759","1013","","","","2.70","","SW","Облачно","2026-01-03 20:21"
"-4.30","","-9.40","53","759","1013","","","","2.70","","SW","Облачно","2026-01-03 20:22"
"-4.30","","-9.40","53","759","1013","","","","2.70","","SW","Облачно","2026-01-03 20:23"
"-4.30","","-9.40","53","759","1013","","","","2.70","","SW","Облачно","2026-01-03 20:24"
"-4.30","","-9.40","53","759","1013","","","","2.70","","SSW","Облачно","2026-01-03 20:25"
"-4.30","","-9.40","53","759","1013","","","","5.50","","SSW","Небольшая облачность","2026-01-03 20:26"
"-4.30","","-9.40","53","759","1013","","","","5.50","","SSW","Небольшая облачность","2026-01-03 20:27"
"-4.30","","-9.90","53","759","1013","","","","3.40","","SSW","Небольшая облачность","2026-01-03 20:28"
"-4.30","","-9.90","53","759","1013","","","","3.40","","SSW","Небольшая облачность","2026-01-03 20:29"
"-4.30","","-9.90","53","759","1013","","","","5.90","","SSW","Небольшая облачность","2026-01-03 20:30"
"-4.30","","-9.90","53","759","1013","","","","4.70","","SSW","Небольшая облачность","2026-01-03 20:31"
"-4.20","","-8.70","53","759","1013","","","","1.90","","SSW","Небольшая облачность","2026-01-03 20:32"
"-4.20","","-8.70","53","759","1013","","","","1.90","","SSW","Небольшая облачность","2026-01-03 20:33"
"-4.20","","-8.70","53","759","1013","","","","1.90","","SSW","Небольшая облачность","2026-01-03 20:34"
"-4.20","","-8.70","53","759","1013","","","","1.90","","SSW","Небольшая облачность","2026-01-03 20:35"
"-4.20","","-8.70","53","759","1013","","","","1.90","","SSW","Небольшая облачность","2026-01-03 20:36"
"-4.10","","-8.60","53","759","1013","","","","4.30","","SSW","Небольшая облачность","2026-01-03 20:37"
"-4.10","","-10.30","54","759","1013","","","","3.00","","SSW","Небольшая облачность","2026-01-03 20:38"
"-4.10","","-9.40","54","759","1013","","","","3.00","","SSW","Небольшая облачность","2026-01-03 20:39"
"-4.00","","-9.50","54","759","1013","","","","3.30","","SSW","Небольшая облачность","2026-01-03 20:40"
"-4.00","","-8.30","54","759","1013","","","","1.60","","SSW","Небольшая облачность","2026-01-03 20:41"
"-4.00","","-7.60","54","759","1013","","","","0.60","","SSW","Небольшая облачность","2026-01-03 20:42"
"-4.00","","-7.60","54","759","1013","","","","0.60","","SSW","Небольшая облачность","2026-01-03 20:43"
"-3.90","","-7.50","54","759","1013","","","","0.60","","SSW","Небольшая облачность","2026-01-03 20:44"
"-3.90","","-10.30","54","759","1013","","","","6.10","","SSW","Небольшая облачность","2026-01-03 20:45"
"-3.90","","-10.30","54","759","1013","","","","2.80","","SSW","Небольшая облачность","2026-01-03 20:46"
"-3.80","","-9.20","54","759","1013","","","","3.20","","SSW","Небольшая облачность","2026-01-03 20:47"
"-3.80","","-9.20","54","759","1013","","","","3.20","","SSW","Небольшая облачность","2026-01-03 20:48"
"-3.80","","-9.20","54","759","1013","","","","3.20","","SSW","Небольшая облачность","2026-01-03 20:49"
"-3.80","","-9.80","54","759","1013","","","","4.00","","SSW","Небольшая облачность","2026-01-03 20:50"
"-3.80","","-9.80","54","759","1012","","","","1.90","","SSW","Небольшая облачность","2026-01-03 20:51"
"-3.80","","-8.30","54","759","1012","","","","1.90","","SSW","Небольшая облачность","2026-01-03 20:52"
"-3.80","","-8.30","54","759","1012","","","","1.90","","SSW","Небольшая облачность","2026-01-03 20:53"
"-3.70","","-8.20","54","759","1012","","","","1.90","","SSW","Небольшая облачность","2026-01-03 20:54"
"-3.70","","-8.20","54","759","1012","","","","1.90","","SSW","Небольшая облачность","2026-01-03 20:55"
"-3.70","","-8.20","54","759","1012","","","","1.90","","SSW","Небольшая облачность","2026-01-03 20:56"
"-3.70","","-8.20","55","759","1012","","","","1.90","","SSW","Небольшая облачность","2026-01-03 20:57"
"-3.60","","-9.90","55","759","1012","","","","4.50","","SSW","Небольшая облачность","2026-01-03 20:58"
"-3.60","","-9.90","55","759","1012","","","","5.60","","SSW","Небольшая облачность","2026-01-03 20:59"
"-3.60","","-10.70","55","759","1012","","","","3.60","","SSW","Небольшая облачность","2026-01-03 21:00"
"-3.60","","-9.30","55","759","1012","","","","3.90","","SSW","Небольшая облачность","2026-01-03 21:01"
"-3.60","","-9.30","55","759","1012","","","","3.90","","SSW","Небольшая облачность","2026-01-03 21:02"
"-3.50","","-8.80","55","759","1012","","","","3.10","","SSW","Небольшая облачность","2026-01-03 21:03"
"-3.50","","-8.80","55","759","1012","","","","3.10","","SSW","Небольшая облачность","2026-01-03 21:04"
"-3.50","","-8.80","55","759","1012","","","","3.10","","SSW","Небольшая облачность","2026-01-03 21:05"
"-3.40","","-8.70","55","759","1012","","","","5.80","","SSW","Небольшая облачность","2026-01-03 21:06"
"-3.40","","-10.60","55","759","1012","","","","5.80","","SSW","Небольшая облачность","2026-01-03 21:07"
"-3.40","","-10.60","55","759","1012","","","","5.80","","SSW","Небольшая облачность","2026-01-03 21:08"
"-3.40","","-10.60","55","759","1012","","","","5.80","","SSW","Небольшая облачность","2026-01-03 21:09"
"-3.30","","-10.50","55","759","1012","","","","5.10","","SSW","Небольшая облачность","2026-01-03 21:10"
"-3.30","","-10.50","55","759","1012","","","","2.70","","SSW","Небольшая облачность","2026-01-03 21:11"
"-3.30","","-10.50","55","759","1012","","","","2.70","","SSW","Небольшая облачность","2026-01-03 21:12"
"-3.30","","-10.50","55","759","1012","","","","4.60","","SSW","Небольшая облачность","2026-01-03 21:13"
"-3.30","","-9.60","55","759","1012","","","","4.60","","SSW","Небольшая облачность","2026-01-03 21:14"
"-3.20","","-9.50","55","759","1012","","","","4.60","","SSW","Небольшая облачность","2026-01-03 21:15"
"-3.20","","-9.50","55","759","1012","","","","4.60","","SSW","Небольшая облачность","2026-01-03 21:16"
"-3.10","","-8.90","55","759","1012","","","","3.90","","SSW","Небольшая облачность","2026-01-03 21:17"
"-3.10","","-8.90","55","759","1012","","","","3.90","","SSW","Небольшая облачность","2026-01-03 21:18"
"-3.10","","-7.10","55","759","1012","","","","1.30","","SSW","Небольшая облачность","2026-01-03 21:19"
"-3.00","","-8.60","55","759","1012","","","","3.50","","SSW","Небольшая облачность","2026-01-03 21:20"
"-3.00","","-8.60","55","759","1012","","","","3.50","","SSW","Небольшая облачность","2026-01-03 21:21"
"-3.00","","-8.60","55","759","1012","","","","4.30","","SSW","Небольшая облачность","2026-01-03 21:22"
"-3.00","","-9.10","55","759","1012","","","","4.30","","SSW","Небольшая облачность","2026-01-03 21:23"
"-3.00","","-9.10","55","759","1012","","","","4.30","","SSW","Небольшая облачность","2026-01-03 21:24"
"-2.90","","-9.00","56","759","1012","","","","4.30","","SW","Небольшая облачность","2026-01-03 21:25"
"-2.90","","-9.00","56","759","1012","","","","4.30","","SW","Небольшая облачность","2026-01-03 21:26"
"-2.90","","-9.00","56","759","1012","","","","4.30","","SW","Небольшая облачность","2026-01-03 21:27"
"-2.80","","-8.90","56","759","1012","","","","4.30","","SW","Небольшая облачность","2026-01-03 21:28"
"-2.80","","-8.90","56","759","1012","","","","4.30","","SW","Небольшая облачность","2026-01-03 21:29"
"-2.80","","-7.80","56","759","1012","","","","2.70","","SW","Небольшая облачность","2026-01-03 21:30"
"-2.80","","-7.80","56","759","1012","","","","2.70","","SW","Небольшая облачность","2026-01-03 21:31"
"-2.80","","-7.80","56","759","1012","","","","2.70","","SW","Небольшая облачность","2026-01-03 21:32"
"-2.80","","-8.10","56","759","1012","","","","3.10","","SW","Небольшая облачность","2026-01-03 21:33"
"-2.70","","-7.60","56","759","1012","","","","2.60","","SW","Небольшая облачность","2026-01-03 21:34"
"-2.70","","-9.10","56","759","1012","","","","4.80","","SW","Небольшая облачность","2026-01-03 21:35"
"-2.70","","-7.20","56","759","1012","","","","2.00","12.00","SW","Небольшая облачность","2026-01-03 21:36"
"-2.70","","-7.20","56","759","1012","","","","2.00","12.00","SW","Небольшая облачность","2026-01-03 21:37"
"-2.60","","-7.20","56","759","1012","","","","3.20","12.00","SW","Небольшая облачность","2026-01-03 21:38"
"-2.60","","-7.90","56","759","1012","","","","2.00","12.00","SW","Небольшая облачность","2026-01-03 21:39"
"-2.60","","-6.80","56","759","1012","","","","1.60","12.00","SW","Небольшая облачность","2026-01-03 21:40"
"-2.60","","-6.80","56","759","1012","","","","1.60","12.00","SSW","Небольшая облачность","2026-01-03 21:41"
"-2.50","","-6.70","56","759","1012","","","","1.60","12.00","SSW","Небольшая облачность","2026-01-03 21:42"
"-2.50","","-6.70","56","759","1012","","","","1.60","12.00","SSW","Небольшая облачность","2026-01-03 21:43"
"-2.50","","-6.70","56","759","1012","","","","1.60","12.00","SSW","Небольшая облачность","2026-01-03 21:44"
"-2.50","","-6.70","56","759","1012","","","","5.60","12.00","SSW","Небольшая облачность","2026-01-03 21:45"
"-2.50","","-6.70","56","759","1012","","","","5.60","12.00","SSW","Небольшая облачность","2026-01-03 21:46"
"-2.40","","-9.40","56","759","1012","","","","5.60","12.00","SSW","Небольшая облачность","2026-01-03 21:47"
"-2.40","","-9.40","56","759","1012","","","","5.60","12.00","SSW","Небольшая облачность","2026-01-03 21:48"
"-2.40","","-9.40","56","759","1012","","","","5.60","12.00","SSW","Небольшая облачность","2026-01-03 21:49"
"-2.40","","-9.40","56","759","1012","","","","5.60","12.00","SSW","Небольшая облачность","2026-01-03 21:50"
"-2.40","","-9.40","56","758","1011","","","","5.60","12.00","SSW","Небольшая облачность","2026-01-03 21:51"
"-2.40","","-9.40","56","758","1011","","","","5.60","12.00","SSW","Небольшая облачность","2026-01-03 21:52"
"-2.40","","-9.40","56","758","1011","","","","4.50","12.00","SSW","Небольшая облачность","2026-01-03 21:53"
"-2.40","","-8.60","56","758","1011","","","","4.50","12.00","SSW","Небольшая облачность","2026-01-03 21:54"
"-2.30","","-8.50","56","758","1011","","","","4.50","12.00","SSW","Небольшая облачность","2026-01-03 21:55"
"-2.30","","-9.60","56","758","1011","","","","6.10","15.00","SSW","Небольшая облачность","2026-01-03 21:56"
"-2.30","","-9.60","56","758","1011","","","","6.10","15.00","SSW","Небольшая облачность","2026-01-03 21:57"
"-2.20","","-9.50","56","758","1011","","","","6.10","15.00","SSW","Небольшая облачность","2026-01-03 21:58"
"-2.20","","-9.50","56","758","1011","","","","6.10","15.00","SSW","Небольшая облачность","2026-01-03 21:59"
"-2.20","","-9.50","56","758","1011","","","","6.10","15.00","SSW","Небольшая облачность","2026-01-03 22:00"
"-2.20","","-9.50","56","758","1011","","","","6.10","15.00","SSW","Небольшая облачность","2026-01-03 22:01"
"-2.10","","-9.40","56","758","1011","","","","6.10","15.00","SSW","Небольшая облачность","2026-01-03 22:02"
"-2.10","","-9.50","56","758","1011","","","","6.30","15.00","SSW","Небольшая облачность","2026-01-03 22:03"
"-2.10","","-9.50","56","758","1011","","","","6.30","15.00","SSW","Небольшая облачность","2026-01-03 22:04"
"-2.10","","-8.70","57","758","1011","","","","5.10","15.00","SSW","Небольшая облачность","2026-01-03 22:05"
"-2.10","","-8.70","57","758","1011","","","","5.10","16.00","SSW","Небольшая облачность","2026-01-03 22:06"
"-2.10","","-8.70","57","758","1011","","","","5.10","16.00","SSW","Небольшая облачность","2026-01-03 22:07"
"-2.00","","-8.60","57","758","1011","","","","5.10","16.00","SSW","Небольшая облачность","2026-01-03 22:08"
"-2.00","","-8.60","57","758","1011","","","","5.10","16.00","SSW","Небольшая облачность","2026-01-03 22:09"
"-2.00","","-8.60","57","758","1011","","","","5.10","16.00","SSW","Небольшая облачность","2026-01-03 22:10"
"-2.00","","-9.90","57","758","1011","","","","7.00","16.00","SSW","Небольшая облачность","2026-01-03 22:11"
"-1.90","","-9.80","57","758","1011","","","","7.00","16.00","SSW","Небольшая облачность","2026-01-03 22:12"
"-1.90","","-9.80","57","758","1011","","","","7.00","16.00","SSW","Небольшая облачность","2026-01-03 22:13"
"-1.90","","-9.80","57","758","1011","","","","7.00","16.00","SSW","Небольшая облачность","2026-01-03 22:14"
"-1.90","","-9.80","57","758","1011","","","","7.00","16.00","SSW","Небольшая облачность","2026-01-03 22:15"
"-1.90","","-9.80","57","758","1011","","","","7.00","16.00","SSW","Небольшая облачность","2026-01-03 22:16"
"-1.90","","-9.80","57","758","1011","","","","7.00","16.00","SSW","Небольшая облачность","2026-01-03 22:17"
"-1.90","","-9.80","57","758","1011","","","","7.00","16.00","SSW","Небольшая облачность","2026-01-03 22:18"
"-1.90","","-9.80","57","758","1011","","","","7.00","16.00","SSW","Небольшая облачность","2026-01-03 22:19"
"-1.80","","-9.70","57","758","1011","","","","7.00","16.00","SSW","Небольшая облачность","2026-01-03 22:20"
"-1.80","","-9.70","57","757","1010","","","","7.00","16.00","SSW","Небольшая облачность","2026-01-03 22:21"
"-1.80","","-9.70","57","757","1010","","","","7.00","16.00","SSW","Небольшая облачность","2026-01-03 22:22"
"-1.80","","-9.70","57","757","1010","","","","7.00","16.00","SSW","Небольшая облачность","2026-01-03 22:23"
"-1.80","","-9.70","57","757","1010","","","","7.00","16.00","SSW","Небольшая облачность","2026-01-03 22:24"
"-1.80","","-12.10","57","757","1010","","","","10.50","16.00","SSW","Небольшая облачность","2026-01-03 22:25"
"-1.80","","-12.10","57","757","1010","","","","10.50","16.00","SSW","Небольшая облачность","2026-01-03 22:26"
"-1.70","","-12.00","57","757","1010","","","","10.50","16.00","SSW","Небольшая облачность","2026-01-03 22:27"
"-1.70","","-12.00","57","757","1010","","","","10.50","16.00","SSW","Небольшая облачность","2026-01-03 22:28"
"-1.70","","-12.00","57","757","1010","","","","10.50","16.00","SSW","Небольшая облачность","2026-01-03 22:29"
"-1.70","","-12.00","57","757","1010","","","","5.00","16.00","SSW","Небольшая облачность","2026-01-03 22:30"
"-1.70","","-8.20","57","757","1010","","","","5.00","16.00","SSW","Небольшая облачность","2026-01-03 22:31"
"-1.70","","-8.20","57","757","1010","","","","5.00","16.00","SSW","Небольшая облачность","2026-01-03 22:32"
"-1.70","","-8.20","57","757","1010","","","","5.00","16.00","SSW","Небольшая облачность","2026-01-03 22:33"
"-1.70","","-8.20","57","757","1010","","","","5.00","16.00","SSW","Небольшая облачность","2026-01-03 22:34"
"-1.60","","-8.10","57","757","1010","","","","5.00","16.00","SSW","Небольшая облачность","2026-01-03 22:35"
"-1.60","","-8.10","57","757","1010","","","","5.00","16.00","SSW","Небольшая облачность","2026-01-03 22:36"
"-1.60","","-8.10","58","757","1010","","","","5.00","16.00","SSW","Небольшая облачность","2026-01-03 22:37"
"-1.60","","-8.10","58","757","1010","","","","5.00","16.00","SSW","Небольшая облачность","2026-01-03 22:38"
"-1.60","","-8.10","58","757","1010","","","","5.00","16.00","SSW","Небольшая облачность","2026-01-03 22:39"
"-1.60","","-8.10","58","757","1010","","","","5.00","16.00","SSW","Небольшая облачность","2026-01-03 22:40"
"-1.60","","-8.10","58","757","1010","","","","5.10","16.00","SSW","Небольшая облачность","2026-01-03 22:41"
"-1.60","","-8.00","58","757","1010","","","","4.90","16.00","SSW","Небольшая облачность","2026-01-03 22:42"
"-1.60","","-8.00","58","757","1010","","","","4.90","16.00","SSW","Небольшая облачность","2026-01-03 22:43"
"-1.60","","-8.00","58","757","1010","","","","4.90","16.00","SW","Небольшая облачность","2026-01-03 22:44"
"-1.60","","-8.00","58","757","1010","","","","4.90","16.00","SW","Небольшая облачность","2026-01-03 22:45"
"-1.60","","-8.00","58","757","1010","","","","4.90","16.00","SW","Небольшая облачность","2026-01-03 22:46"
"-1.60","","-8.00","58","757","1010","","","","4.90","16.00","SW","Небольшая облачность","2026-01-03 22:47"
"-1.60","","-8.00","58","757","1010","","","","4.90","16.00","SW","Небольшая облачность","2026-01-03 22:48"
"-1.60","","-8.00","58","757","1010","","","","4.90","16.00","SW","Небольшая облачность","2026-01-03 22:49"
"-1.60","","-8.00","58","757","1010","","","","4.90","16.00","SW","Небольшая облачность","2026-01-03 22:50"
"-1.60","","-8.00","58","756","1009","","","","4.90","16.00","SW","Небольшая облачность","2026-01-03 22:51"
"-1.60","","-8.00","58","756","1009","","","","4.90","16.00","SW","Небольшая облачность","2026-01-03 22:52"
"-1.60","","-8.00","58","756","1009","","","","4.90","16.00","SW","Небольшая облачность","2026-01-03 22:53"
"-1.60","","-8.00","58","756","1009","","","","4.90","16.00","SW","Небольшая облачность","2026-01-03 22:54"
"-1.60","","-8.00","58","756","1009","","","","4.90","16.00","SW","Небольшая облачность","2026-01-03 22:55"
"-1.60","","-8.00","58","756","1009","","","","4.90","16.00","SW","Небольшая облачность","2026-01-03 22:56"
"-1.60","","-8.00","58","756","1009","","","","4.90","16.00","SW","Небольшая облачность","2026-01-03 22:57"
"-1.60","","-8.00","58","756","1009","","","","4.90","16.00","SW","Небольшая облачность","2026-01-03 22:58"
"-1.60","","-8.00","58","756","1009","","","","4.90","16.00","SW","Небольшая облачность","2026-01-03 22:59"
"-1.60","","-8.00","58","756","1009","","","","4.90","16.00","SW","Небольшая облачность","2026-01-03 23:00"
"-1.60","","-8.00","58","756","1009","","","","4.90","16.00","SW","Небольшая облачность","2026-01-03 23:01"
"-1.60","","-8.00","58","756","1009","","","","4.90","16.00","SW","Небольшая облачность","2026-01-03 23:02"
"-1.60","","-8.00","58","756","1009","","","","4.90","16.00","SW","Небольшая облачность","2026-01-03 23:03"
"-1.60","","-10.00","58","756","1009","","","","7.80","16.00","SW","Небольшая облачность","2026-01-03 23:04"
"-1.60","","-10.00","58","756","1009","","","","4.50","16.00","SW","Небольшая облачность","2026-01-03 23:05"
"-1.60","","-10.00","58","756","1009","","","","4.50","17.00","SW","Небольшая облачность","2026-01-03 23:06"
"-1.60","","-7.70","58","756","1009","","","","7.60","17.00","SW","Небольшая облачность","2026-01-03 23:07"
"-1.60","","-9.90","58","756","1009","","","","4.50","17.00","SW","Небольшая облачность","2026-01-03 23:08"
"-1.60","","-7.70","58","756","1009","","","","4.50","17.00","SSW","Небольшая облачность","2026-01-03 23:09"
"-1.70","","-7.80","58","756","1009","","","","4.50","17.00","SSW","Небольшая облачность","2026-01-03 23:10"
"-1.70","","-7.80","58","756","1009","","","","4.50","17.00","SSW","Небольшая облачность","2026-01-03 23:11"
"-1.70","","-7.80","58","756","1009","","","","7.60","17.00","SSW","Небольшая облачность","2026-01-03 23:12"
"-1.70","","-10.00","58","756","1009","","","","7.60","17.00","SSW","Небольшая облачность","2026-01-03 23:13"
"-1.70","","-10.00","58","756","1009","","","","7.60","17.00","SSW","Небольшая облачность","2026-01-03 23:14"
"-1.70","","-10.00","58","756","1009","","","","7.60","17.00","SSW","Небольшая облачность","2026-01-03 23:15"
"-1.70","","-7.60","58","756","1009","","","","4.20","17.00","SSW","Небольшая облачность","2026-01-03 23:16"
"-1.70","","-7.60","58","756","1009","","","","4.20","17.00","SSW","Небольшая облачность","2026-01-03 23:17"
"-1.80","","-7.70","58","756","1009","","","","4.20","17.00","SSW","Небольшая облачность","2026-01-03 23:18"
"-1.80","","-11.60","58","756","1009","","","","9.80","17.00","SSW","Небольшая облачность","2026-01-03 23:19"
"-1.80","","-11.60","58","756","1009","","","","9.80","17.00","SSW","Небольшая облачность","2026-01-03 23:20"
"-1.80","","-11.60","58","756","1009","","","","9.80","17.00","SSW","Небольшая облачность","2026-01-03 23:21"
"-1.80","","-11.60","58","756","1009","","","","9.80","17.00","SSW","Небольшая облачность","2026-01-03 23:22"
"-1.80","","-11.60","58","756","1009","","","","9.80","17.00","SSW","Небольшая облачность","2026-01-03 23:23"
"-1.80","","-11.60","58","756","1009","","","","9.80","17.00","SSW","Небольшая облачность","2026-01-03 23:24"
"-1.80","","-11.60","58","756","1009","","","","9.80","17.00","SSW","Небольшая облачность","2026-01-03 23:25"
"-1.80","","-11.60","58","756","1009","","","","9.80","17.00","SSW","Небольшая облачность","2026-01-03 23:26"
"-1.80","","-11.60","58","756","1009","","","","9.80","17.00","SSW","Небольшая облачность","2026-01-03 23:27"
"-1.80","","-10.10","58","756","1009","","","","7.60","17.00","SSW","Небольшая облачность","2026-01-03 23:28"
"-1.90","","-10.20","58","756","1009","","","","7.60","17.00","SSW","Небольшая облачность","2026-01-03 23:29"
"-1.90","","-10.20","58","756","1009","","","","7.60","17.00","SSW","Небольшая облачность","2026-01-03 23:30"
"-1.90","","-10.20","58","756","1009","","","","4.90","17.00","SSW","Небольшая облачность","2026-01-03 23:31"
"-1.90","","-10.20","58","756","1009","","","","4.90","17.00","SSW","Небольшая облачность","2026-01-03 23:32"
"-1.90","","-8.30","58","756","1009","","","","4.90","17.00","SSW","Небольшая облачность","2026-01-03 23:33"
"-1.90","","-8.30","58","756","1009","","","","4.90","17.00","SSW","Небольшая облачность","2026-01-03 23:34"
"-1.90","","-8.30","58","756","1009","","","","4.90","17.00","SSW","Небольшая облачность","2026-01-03 23:35"
"-1.90","","-8.30","58","756","1009","","","","4.90","","SSW","Облачно","2026-01-03 23:36"
"-1.90","","-8.30","58","756","1009","","","","4.90","","SSW","Облачно","2026-01-03 23:37"
"-2.00","","-8.40","58","756","1009","","","","4.90","","SSW","Облачно","2026-01-03 23:38"
"-2.00","","-8.40","58","756","1009","","","","4.90","","SSW","Облачно","2026-01-03 23:39"
"-2.00","","-8.40","58","756","1009","","","","4.90","","SSW","Облачно","2026-01-03 23:40"
"-2.00","","-8.40","58","756","1009","","","","4.90","18.00","SSW","Облачно","2026-01-03 23:41"
"-2.00","","-10.40","58","756","1009","","","","7.70","18.00","SSW","Облачно","2026-01-03 23:42"
"-2.00","","-10.40","58","756","1009","","","","7.70","18.00","SSW","Облачно","2026-01-03 23:43"
"-2.00","","-9.00","58","756","1009","","","","5.70","18.00","SSW","Облачно","2026-01-03 23:44"
"-2.10","","-9.10","58","756","1009","","","","5.70","18.00","SSW","Облачно","2026-01-03 23:45"
"-2.10","","-9.10","58","756","1009","","","","5.70","18.00","SSW","Облачно","2026-01-03 23:46"
"-2.10","","-9.10","58","756","1009","","","","6.00","18.00","SSW","Облачно","2026-01-03 23:47"
"-2.10","","-9.10","58","756","1009","","","","6.00","18.00","SSW","Облачно","2026-01-03 23:48"
"-2.10","","-9.30","58","756","1009","","","","6.00","18.00","SSW","Облачно","2026-01-03 23:49"
"-2.10","","-9.30","58","756","1009","","","","6.00","18.00","SSW","Облачно","2026-01-03 23:50"
"-2.10","","-9.30","58","756","1008","","","","6.00","18.00","SSW","Облачно","2026-01-03 23:51"
"-2.10","","-9.30","58","756","1008","","","","6.00","18.00","SSW","Облачно","2026-01-03 23:52"
"-2.10","","-9.30","58","756","1008","","","","6.00","18.00","SSW","Облачно","2026-01-03 23:53"
"-2.10","","-9.30","58","756","1008","","","","6.00","18.00","SSW","Облачно","2026-01-03 23:54"
"-2.10","","-9.30","58","756","1008","","","","6.00","18.00","SSW","Облачно","2026-01-03 23:55"
"-2.10","","-9.30","58","756","1008","","","","6.00","18.00","SSW","Облачно","2026-01-03 23:56"
"-2.10","","-9.30","58","756","1008","","","","6.00","18.00","SSW","Облачно","2026-01-03 23:57"
"-2.10","","-9.30","58","756","1008","","","","6.00","18.00","SSW","Облачно","2026-01-03 23:58"
"-2.20","","-11.70","58","756","1008","","","","9.30","18.00","SSW","Облачно","2026-01-03 23:59"