"Temp","Temp Water","Temp Feels Like","Humidity","Pressure Mm","Pressure Hpa","Precip Mm","Precip Type","Precip Intensity","Wind Speed Ms","Wind Gust Speed Ms","Wind Dir","Condition","Created At"
"-3.00","","-7.10","69","756","1008","","","","1.70","","SSW","Облачно","2026-01-30 00:00"
"-3.00","","-7.10","69","756","1008","","","","1.70","","SSW","Облачно","2026-01-30 00:01"
"-3.00","","-7.10","69","756","1008","","","","1.70","","SSW","Облачно","2026-01-30 00:02"
"-3.00","","-7.00","69","756","1008","","","","1.80","","SSW","Облачно","2026-01-30 00:03"
"-3.00","","-7.10","69","756","1008","","","","1.80","","SSW","Облачно","2026-01-30 00:04"
"-3.00","","-7.10","69","756","1008","","","","1.80","","SSW","Облачно","2026-01-30 00:05"
"-3.00","","-7.40","69","756","1008","","","","2.10","","SSW","Облачно","2026-01-30 00:06"
"-3.00","","-7.40","69","756","1008","","","","1.60","","SSW","Облачно","2026-01-30 00:07"
"-3.00","","-7.00","69","756","1008","","","","3.00","","SSW","Облачно","2026-01-30 00:08"
"-3.00","","-7.00","69","756","1008","","","","3.00","","SSW","Облачно","2026-01-30 00:09"
"-3.00","","-7.40","69","756","1008","","","","2.20","","SSW","Облачно","2026-01-30 00:10"
"-3.00","","-7.40","69","756","1008","","","","2.20","","SSW","Облачно","2026-01-30 00:11"
"-3.00","","-6.90","69","756","1008","","","","1.60","","SSW","Облачно","2026-01-30 00:12"
"-3.00","","-6.90","69","756","1008","","","","1.60","","SSW","Облачно","2026-01-30 00:13"
"-3.00","","-7.30","69","756","1008","","","","2.50","","SSW","Облачно","2026-01-30 00:14"
"-3.00","","-7.60","69","756","1008","","","","2.50","","SSW","Облачно","2026-01-30 00:15"
"-3.00","","-7.90","69","756","1008","","","","2.90","","SSW","Облачно","2026-01-30 00:16"
"-3.00","","-7.90","69","756","1008","","","","2.90","","SSW","Облачно","2026-01-30 00:17"
"-2.90","","-7.20","69","756","1008","","","","2.10","","SSW","Облачно","2026-01-30 00:18"
"-2.90","","-7.20","69","756","1008","","","","2.10","","SSW","Облачно","2026-01-30 00:19"
"-2.90","","-8.00","69","756","1008","","","","3.20","","SSW","Облачно","2026-01-30 00:20"
"-2.90","","-8.00","69","756","1009","","","","1.70","","SSW","Облачно","2026-01-30 00:21"
"-2.90","","-7.00","69","756","1009","","","","1.70","","SSW","Облачно","2026-01-30 00:22"
"-2.90","","-7.00","69","756","1009","","","","1.70","","SSW","Облачно","2026-01-30 00:23"
"-2.90","","-7.00","69","756","1009","","","","4.70","","SSW","Облачно","2026-01-30 00:24"
"-2.90","","-9.10","69","756","1009","","","","2.10","","SSW","Облачно","2026-01-30 00:25"
"-2.90","","-9.10","69","756","1009","","","","2.10","","SSW","Облачно","2026-01-30 00:26"
"-2.90","","-7.20","69","756","1009","","","","2.10","","SSW","Облачно","2026-01-30 00:27"
"-2.90","","-7.20","69","756","1009","","","","2.40","","SSW","Облачно","2026-01-30 00:28"
"-2.90","","-7.50","69","756","1009","","","","2.40","","SSW","Облачно","2026-01-30 00:29"
"-2.90","","-7.30","69","756","1009","","","","2.40","","SSW","Облачно","2026-01-30 00:30"
"-2.90","","-7.30","69","756","1009","","","","2.40","","SSW","Облачно","2026-01-30 00:31"
"-2.90","","-7.50","69","756","1009","","","","2.40","","SSW","Облачно","2026-01-30 00:32"
"-2.80","","-6.70","70","756","1009","","","","1.50","","SSW","Облачно","2026-01-30 00:33"
"-2.80","","-6.70","70","756","1009","","","","1.50","","SSW","Облачно","2026-01-30 00:34"
"-2.80","","-6.70","70","756","1009","","","","3.90","","SSW","Облачно","2026-01-30 00:35"
"-2.80","","-8.40","69","756","1009","","","","3.90","","SSW","Облачно","2026-01-30 00:36"
"-2.80","","-8.40","69","756","1009","","","","3.90","","SSW","Облачно","2026-01-30 00:37"
"-2.80","","-8.40","69","756","1008","","","","3.90","","SSW","Облачно","2026-01-30 00:38"
"-2.80","","-8.40","70","756","1008","","","","1.90","","SSW","Облачно","2026-01-30 00:39"
"-2.80","","-7.00","70","756","1008","","","","1.20","","SSW","Облачно","2026-01-30 00:40"
"-2.80","","-6.50","70","756","1008","","","","1.20","","SSW","Облачно","2026-01-30 00:41"
"-2.80","","-6.50","69","756","1008","","","","1.20","","SSW","Облачно","2026-01-30 00:42"
"-2.80","","-6.50","69","756","1008","","","","1.20","","SSW","Облачно","2026-01-30 00:43"
"-2.80","","-6.50","69","756","1008","","","","1.90","","SSW","Облачно","2026-01-30 00:44"
"-2.80","","-6.90","69","756","1008","","","","1.50","","SSW","Облачно","2026-01-30 00:45"
"-2.80","","-6.90","69","756","1008","","","","1.20","","SSW","Облачно","2026-01-30 00:46"
"-2.80","","-6.90","69","756","1008","","","","1.20","","SSW","Облачно","2026-01-30 00:47"
"-2.80","","-8.50","70","756","1008","","","","4.10","","SSW","Облачно","2026-01-30 00:48"
"-2.80","","-8.50","70","756","1008","","","","4.10","","SSW","Облачно","2026-01-30 00:49"
"-2.80","","-8.50","70","756","1008","","","","4.10","","SSW","Облачно","2026-01-30 00:50"
"-2.80","","-8.50","70","756","1008","","","","4.10","","SSW","Облачно","2026-01-30 00:51"
"-2.80","","-8.40","70","756","1009","","","","2.70","","SSW","Облачно","2026-01-30 00:52"
"-2.80","","-8.40","70","756","1009","","","","2.70","","SSW","Облачно","2026-01-30 00:53"
"-2.80","","-8.50","70","756","1009","","","","4.00","","SSW","Облачно","2026-01-30 00:54"
"-2.80","","-7.60","70","756","1009","","","","2.80","","SSW","Облачно","2026-01-30 00:55"
"-2.80","","-7.60","70","756","1009","","","","2.80","","SSW","Облачно","2026-01-30 00:56"
"-2.80","","-7.50","69","756","1009","","","","2.60","","SSW","Облачно","2026-01-30 00:57"
"-2.80","","-7.50","69","756","1009","","","","1.60","","SSW","Облачно","2026-01-30 00:58"
"-2.80","","-6.80","70","756","1009","","","","2.80","","SSW","Облачно","2026-01-30 00:59"
"-2.80","","-7.60","70","756","1009","","","","1.80","","SSW","Облачно","2026-01-30 01:00"
"-2.80","","-6.90","70","756","1009","","","","1.80","","SSW","Облачно","2026-01-30 01:01"
"-2.80","","-6.90","70","756","1009","","","","2.00","","SSW","Облачно","2026-01-30 01:02"
"-2.80","","-7.10","70","756","1009","","","","2.00","","SSW","Облачно","2026-01-30 01:03"
"-2.80","","-6.40","70","756","1009","","","","2.00","","SSW","Облачно","2026-01-30 01:04"
"-2.80","","-6.40","70","756","1009","","","","2.00","","SSW","Облачно","2026-01-30 01:05"
"-2.80","","-6.40","70","756","1009","","","","2.00","","SSW","Облачно","2026-01-30 01:06"
"-2.80","","-6.60","70","756","1008","","","","1.40","","SSW","Облачно","2026-01-30 01:07"
"-2.80","","-6.60","70","756","1008","","","","1.40","","SSW","Облачно","2026-01-30 01:08"
"-2.80","","-6.60","70","756","1008","","","","1.30","","SSW","Облачно","2026-01-30 01:09"
"-2.80","","-6.60","70","756","1008","","","","1.30","","SSW","Облачно","2026-01-30 01:10"
"-2.80","","-6.60","70","756","1008","","","","1.30","","SSW","Облачно","2026-01-30 01:11"
"-2.80","","-7.00","70","756","1008","","","","1.90","","SSW","Облачно","2026-01-30 01:12"
"-2.80","","-6.70","70","756","1008","","","","1.50","","SSW","Облачно","2026-01-30 01:13"
"-2.80","","-6.70","70","756","1008","","","","1.50","","SSW","Облачно","2026-01-30 01:14"
"-2.80","","-6.70","70","756","1008","","","","1.50","","SSW","Облачно","2026-01-30 01:15"
"-2.80","","-7.50","70","756","1008","","","","2.60","","SSW","Облачно","2026-01-30 01:16"
"-2.80","","-7.50","70","756","1008","","","","2.60","","SSW","Облачно","2026-01-30 01:17"
"-2.80","","-7.50","70","756","1008","","","","2.60","","SSW","Облачно","2026-01-30 01:18"
"-2.80","","-7.50","70","756","1008","","","","2.60","","SSW","Облачно","2026-01-30 01:19"
"-2.80","","-7.10","70","756","1008","","","","2.20","","SSW","Облачно","2026-01-30 01:20"
"-2.80","","-7.10","70","756","1008","","","","2.20","","SSW","Облачно","2026-01-30 01:21"
"-2.80","","-7.10","70","755","1007","","","","2.10","","SSW","Облачно","2026-01-30 01:22"
"-2.80","","-6.70","70","755","1007","","","","1.70","","SSW","Облачно","2026-01-30 01:23"
"-2.80","","-6.80","70","755","1007","","","","0.90","","SSW","Облачно","2026-01-30 01:24"
"-2.80","","-6.80","70","755","1007","","","","0.90","","SSW","Облачно","2026-01-30 01:25"
"-2.80","","-6.40","70","755","1007","","","","1.10","","SSW","Облачно","2026-01-30 01:26"
"-2.80","","-7.00","70","755","1007","","","","1.90","","SSW","Облачно","2026-01-30 01:27"
"-2.80","","-7.00","70","755","1007","","","","1.90","","SSW","Облачно","2026-01-30 01:28"
"-2.80","","-7.00","70","755","1007","","","","1.50","","SSW","Облачно","2026-01-30 01:29"
"-2.80","","-6.70","70","755","1007","","","","1.60","","SSW","Облачно","2026-01-30 01:30"
"-2.80","","-6.80","70","755","1007","","","","1.40","","SSW","Облачно","2026-01-30 01:31"
"-2.80","","-6.80","70","755","1007","","","","1.10","","SSW","Облачно","2026-01-30 01:32"
"-2.80","","-6.80","70","755","1007","","","","1.10","","SSW","Облачно","2026-01-30 01:33"
"-2.80","","-6.40","70","755","1007","","","","1.10","","SSW","Облачно","2026-01-30 01:34"
"-2.80","","-6.40","70","755","1007","","","","1.70","","SSW","Облачно","2026-01-30 01:35"
"-2.80","","-6.40","70","756","1008","","","","1.30","","SSW","Облачно","2026-01-30 01:36"
"-2.80","","-6.40","70","756","1008","","","","1.30","","SSW","Облачно","2026-01-30 01:37"
"-2.80","","-6.40","70","756","1008","","","","1.90","","SSW","Облачно","2026-01-30 01:38"
"-2.80","","-6.40","70","756","1008","","","","1.10","","SSW","Облачно","2026-01-30 01:39"
"-2.80","","-6.40","70","756","1008","","","","1.50","","SSW","Облачно","2026-01-30 01:40"
"-2.80","","-6.40","70","756","1008","","","","1.50","","SSW","Облачно","2026-01-30 01:41"
"-2.80","","-6.70","70","756","1008","","","","1.30","","SSW","Облачно","2026-01-30 01:42"
"-2.70","","-6.50","70","756","1008","","","","1.30","","SSW","Облачно","2026-01-30 01:43"
"-2.70","","-6.40","70","756","1008","","","","0.90","","SSW","Облачно","2026-01-30 01:44"
"-2.70","","-6.20","70","756","1008","","","","2.00","","SSW","Облачно","2026-01-30 01:45"
"-2.70","","-6.20","70","756","1008","","","","2.00","","SSW","Облачно","2026-01-30 01:46"
"-2.70","","-6.90","70","756","1008","","","","1.70","","SSW","Облачно","2026-01-30 01:47"
"-2.70","","-6.90","70","756","1008","","","","2.00","","SSW","Облачно","2026-01-30 01:48"
"-2.70","","-6.90","70","756","1008","","","","2.00","","SSW","Облачно","2026-01-30 01:49"
"-2.70","","-6.60","70","756","1008","","","","1.50","","SSW","Облачно","2026-01-30 01:50"
"-2.70","","-6.60","70","756","1008","","","","1.90","","SSW","Облачно","2026-01-30 01:51"
"-2.70","","-6.90","70","756","1008","","","","1.90","","SSW","Облачно","2026-01-30 01:52"
"-2.70","","-7.80","70","756","1008","","","","3.20","","SSW","Облачно","2026-01-30 01:53"
"-2.70","","-7.80","70","756","1008","","","","3.20","","SSW","Облачно","2026-01-30 01:54"
"-2.70","","-7.10","70","756","1008","","","","2.10","","SSW","Облачно","2026-01-30 01:55"
"-2.70","","-7.10","70","756","1008","","","","2.10","","SSW","Облачно","2026-01-30 01:56"
"-2.70","","-6.80","70","756","1008","","","","1.80","","SSW","Облачно","2026-01-30 01:57"
"-2.70","","-6.80","70","756","1008","","","","1.80","","SSW","Облачно","2026-01-30 01:58"
"-2.70","","-6.80","70","756","1008","","","","1.80","","SSW","Облачно","2026-01-30 01:59"
"-2.70","","-6.80","71","756","1008","","","","1.80","","SSW","Облачно","2026-01-30 02:00"
"-2.70","","-6.80","71","756","1008","","","","1.80","","SSW","Облачно","2026-01-30 02:01"
"-2.70","","-6.80","71","756","1008","","","","1.80","","SSW","Облачно","2026-01-30 02:02"
"-2.60","","-7.30","71","756","1008","","","","2.70","","SSW","Облачно","2026-01-30 02:03"
"-2.60","","-6.00","71","756","1008","","","","0.90","","SSW","Облачно","2026-01-30 02:04"
"-2.60","","-6.00","71","756","1008","","","","2.40","","SSW","Облачно","2026-01-30 02:05"
"-2.60","","-7.10","71","756","1008","","","","2.40","","SSW","Облачно","2026-01-30 02:06"
"-2.60","","-7.10","71","756","1008","","","","2.40","","SSW","Облачно","2026-01-30 02:07"
"-2.60","","-7.10","71","756","1008","","","","2.40","","SSW","Облачно","2026-01-30 02:08"
"-2.60","","-7.10","71","756","1008","","","","2.40","","SSW","Облачно","2026-01-30 02:09"
"-2.60","","-7.10","71","756","1008","","","","2.40","","SSW","Облачно","2026-01-30 02:10"
"-2.60","","-7.10","71","756","1008","","","","2.40","","SSW","Облачно","2026-01-30 02:11"
"-2.60","","-7.40","71","756","1008","","","","2.80","","SSW","Облачно","2026-01-30 02:12"
"-2.60","","-7.40","71","756","1008","","","","2.80","","SSW","Облачно","2026-01-30 02:13"
"-2.60","","-7.10","71","756","1008","","","","2.40","","SSW","Облачно","2026-01-30 02:14"
"-2.60","","-7.10","71","756","1008","","","","2.40","","SSW","Облачно","2026-01-30 02:15"
"-2.60","","-6.50","71","756","1008","","","","1.60","","SSW","Облачно","2026-01-30 02:16"
"-2.60","","-6.90","71","756","1008","","","","2.10","","SSW","Облачно","2026-01-30 02:17"
"-2.50","","-6.80","71","756","1008","","","","2.10","","SSW","Облачно","2026-01-30 02:18"
"-2.50","","-7.30","71","756","1008","","","","2.80","","SSW","Облачно","2026-01-30 02:19"
"-2.50","","-7.30","71","756","1008","","","","2.80","","SSW","Облачно","2026-01-30 02:20"
"-2.50","","-7.30","71","756","1008","","","","2.80","","SSW","Облачно","2026-01-30 02:21"
"-2.50","","-7.30","71","756","1008","","","","3.20","","SSW","Облачно","2026-01-30 02:22"
"-2.50","","-7.50","71","756","1008","","","","2.10","","SSW","Облачно","2026-01-30 02:23"
"-2.50","","-6.80","71","756","1008","","","","2.10","","SSW","Облачно","2026-01-30 02:24"
"-2.50","","-6.80","71","756","1008","","","","2.10","","SSW","Облачно","2026-01-30 02:25"
"-2.50","","-6.80","71","756","1008","","","","2.10","","SSW","Облачно","2026-01-30 02:26"
"-2.50","","-6.80","71","756","1008","","","","2.40","","SSW","Облачно","2026-01-30 02:27"
"-2.50","","-5.80","71","756","1008","","","","0.70","","SSW","Облачно","2026-01-30 02:28"
"-2.50","","-5.80","71","756","1008","","","","0.70","","SSW","Облачно","2026-01-30 02:29"
"-2.50","","-5.80","71","756","1008","","","","0.70","","SSW","Облачно","2026-01-30 02:30"
"-2.50","","-5.80","71","756","1008","","","","0.70","","SSW","Облачно","2026-01-30 02:31"
"-2.40","","-5.70","71","756","1008","","","","0.70","","SSW","Облачно","2026-01-30 02:32"
"-2.40","","-6.30","71","756","1008","","","","1.60","","SSW","Облачно","2026-01-30 02:33"
"-2.40","","-6.30","71","756","1008","","","","4.30","","SSW","Облачно","2026-01-30 02:34"
"-2.40","","-8.20","71","756","1008","","","","3.60","","SSW","Облачно","2026-01-30 02:35"
"-2.40","","-7.70","71","755","1007","","","","1.90","","SSW","Облачно","2026-01-30 02:36"
"-2.40","","-6.50","71","755","1007","","","","1.90","","SSW","Облачно","2026-01-30 02:37"
"-2.40","","-6.00","71","755","1007","","","","1.20","","SSW","Облачно","2026-01-30 02:38"
"-2.50","","-6.10","71","755","1007","","","","1.50","","SSW","Облачно","2026-01-30 02:39"
"-2.50","","-6.10","71","755","1007","","","","2.40","","SSW","Облачно","2026-01-30 02:40"
"-2.50","","-7.00","71","755","1007","","","","2.40","","SSW","Небольшая облачность","2026-01-30 02:41"
"-2.50","","-7.00","71","755","1007","","","","2.20","","SSW","Небольшая облачность","2026-01-30 02:42"
"-2.50","","-6.80","71","755","1007","","","","2.20","","SSW","Небольшая облачность","2026-01-30 02:43"
"-2.50","","-6.80","71","755","1007","","","","2.20","","SSW","Небольшая облачность","2026-01-30 02:44"
"-2.50","","-6.80","71","755","1007","","","","2.20","","SSW","Небольшая облачность","2026-01-30 02:45"
"-2.50","","-6.80","71","755","1007","","","","2.20","","SSW","Небольшая облачность","2026-01-30 02:46"
"-2.50","","-6.80","71","755","1007","","","","1.20","","SSW","Небольшая облачность","2026-01-30 02:47"
"-2.50","","-6.10","71","755","1007","","","","1.10","","SSW","Небольшая облачность","2026-01-30 02:48"
"-2.50","","-6.10","71","755","1007","","","","1.10","","SSW","Небольшая облачность","2026-01-30 02:49"
"-2.50","","-6.10","71","755","1007","","","","1.10","","SSW","Небольшая облачность","2026-01-30 02:50"
"-2.50","","-6.10","71","755","1007","","","","1.10","","SSW","Небольшая облачность","2026-01-30 02:51"
"-2.50","","-6.80","71","755","1007","","","","2.10","","SSW","Небольшая облачность","2026-01-30 02:52"
"-2.50","","-6.80","71","755","1007","","","","2.10","","SSW","Небольшая облачность","2026-01-30 02:53"
"-2.50","","-7.50","71","755","1007","","","","3.20","","SSW","Небольшая облачность","2026-01-30 02:54"
"-2.50","","-7.50","71","755","1007","","","","3.20","","SSW","Небольшая облачность","2026-01-30 02:55"
"-2.50","","-6.80","71","755","1007","","","","2.20","","SSW","Небольшая облачность","2026-01-30 02:56"
"-2.50","","-6.80","71","755","1007","","","","2.10","","SSW","Небольшая облачность","2026-01-30 02:57"
"-2.50","","-6.80","71","755","1007","","","","2.10","","SSW","Небольшая облачность","2026-01-30 02:58"
"-2.50","","-6.80","71","755","1007","","","","3.50","","SSW","Небольшая облачность","2026-01-30 02:59"
"-2.50","","-7.80","71","755","1007","","","","3.50","","SSW","Небольшая облачность","2026-01-30 03:00"
"-2.50","","-7.80","71","755","1007","","","","3.50","","SSW","Небольшая облачность","2026-01-30 03:01"
"-2.50","","-8.00","71","755","1007","","","","3.80","","SSW","Небольшая облачность","2026-01-30 03:02"
"-2.50","","-6.40","71","755","1007","","","","1.40","","SSW","Небольшая облачность","2026-01-30 03:03"
"-2.50","","-6.30","71","755","1007","","","","1.40","","SSW","Небольшая облачность","2026-01-30 03:04"
"-2.50","","-6.30","71","755","1007","","","","1.40","","SSW","Небольшая облачность","2026-01-30 03:05"
"-2.50","","-6.30","71","756","1008","","","","1.70","","SSW","Облачно","2026-01-30 03:06"
"-2.50","","-6.50","71","756","1008","","","","1.70","","SSW","Облачно","2026-01-30 03:07"
"-2.50","","-6.50","71","756","1008","","","","1.10","","SSW","Облачно","2026-01-30 03:08"
"-2.50","","-7.30","71","756","1008","","","","2.80","","SSW","Облачно","2026-01-30 03:09"
"-2.50","","-7.30","71","756","1008","","","","2.80","","SSW","Облачно","2026-01-30 03:10"
"-2.50","","-7.30","71","756","1008","","","","1.40","","SSW","Облачно","2026-01-30 03:11"
"-2.50","","-6.30","71","756","1008","","","","1.40","","SSW","Облачно","2026-01-30 03:12"
"-2.50","","-7.60","71","756","1008","","","","3.30","","SSW","Облачно","2026-01-30 03:13"
"-2.50","","-7.00","71","756","1008","","","","2.40","","SSW","Облачно","2026-01-30 03:14"
"-2.50","","-7.00","71","756","1008","","","","1.90","","SSW","Облачно","2026-01-30 03:15"
"-2.50","","-7.00","71","756","1008","","","","2.20","","SSW","Облачно","2026-01-30 03:16"
"-2.50","","-6.80","71","756","1008","","","","2.20","","SSW","Облачно","2026-01-30 03:17"
"-2.50","","-6.80","71","756","1008","","","","2.20","","SSW","Облачно","2026-01-30 03:18"
"-2.50","","-6.30","71","756","1008","","","","1.40","","SSW","Облачно","2026-01-30 03:19"
"-2.50","","-6.30","71","756","1008","","","","1.60","","SSW","Облачно","2026-01-30 03:20"
"-2.50","","-6.40","71","756","1008","","","","1.60","","SSW","Облачно","2026-01-30 03:21"
"-2.50","","-6.40","71","756","1008","","","","1.60","","SSW","Облачно","2026-01-30 03:22"
"-2.50","","-7.10","71","756","1008","","","","2.50","","SSW","Облачно","2026-01-30 03:23"
"-2.50","","-7.10","71","756","1008","","","","2.50","","SSW","Облачно","2026-01-30 03:24"
"-2.50","","-7.10","71","756","1008","","","","2.50","","SSW","Облачно","2026-01-30 03:25"
"-2.50","","-7.10","71","756","1008","","","","1.70","","SSW","Облачно","2026-01-30 03:26"
"-2.50","","-6.00","71","756","1008","","","","1.70","","SSW","Облачно","2026-01-30 03:27"
"-2.50","","-6.50","71","756","1008","","","","1.70","","SSW","Облачно","2026-01-30 03:28"
"-2.50","","-6.50","71","756","1008","","","","1.70","","SSW","Облачно","2026-01-30 03:29"
"-2.50","","-6.50","71","756","1008","","","","1.70","","SSW","Облачно","2026-01-30 03:30"
"-2.50","","-6.70","71","756","1008","","","","2.00","","SSW","Облачно","2026-01-30 03:31"
"-2.50","","-6.80","71","756","1008","","","","2.20","","SSW","Облачно","2026-01-30 03:32"
"-2.50","","-6.80","71","756","1008","","","","2.20","","SSW","Облачно","2026-01-30 03:33"
"-2.50","","-6.60","71","756","1008","","","","1.80","","SSW","Облачно","2026-01-30 03:34"
"-2.50","","-6.60","72","756","1008","","","","1.80","","SSW","Облачно","2026-01-30 03:35"
"-2.50","","-7.00","72","756","1008","","","","2.50","","SSW","Облачно","2026-01-30 03:36"
"-2.50","","-6.60","72","756","1008","","","","1.90","","SSW","Облачно","2026-01-30 03:37"
"-2.50","","-6.50","72","756","1008","","","","1.70","","SSW","Облачно","2026-01-30 03:38"
"-2.50","","-7.20","72","756","1008","","","","2.70","","SSW","Облачно","2026-01-30 03:39"
"-2.50","","-7.20","72","756","1008","","","","2.70","","SSW","Облачно","2026-01-30 03:40"
"-2.50","","-7.20","72","756","1008","","","","2.70","","SSW","Облачно","2026-01-30 03:41"
"-2.50","","-7.20","72","756","1008","","","","1.90","","SSW","Облачно","2026-01-30 03:42"
"-2.40","","-6.50","71","756","1008","","","","1.90","","SSW","Облачно","2026-01-30 03:43"
"-2.40","","-6.50","71","756","1008","","","","1.90","","SSW","Облачно","2026-01-30 03:44"
"-2.40","","-5.80","72","756","1008","","","","2.00","","SSW","Облачно","2026-01-30 03:45"
"-2.40","","-6.60","72","756","1008","","","","2.60","","SSW","Облачно","2026-01-30 03:46"
"-2.40","","-6.60","72","756","1008","","","","2.60","","SSW","Облачно","2026-01-30 03:47"
"-2.40","","-7.00","72","756","1008","","","","2.60","","SSW","Облачно","2026-01-30 03:48"
"-2.40","","-7.00","72","756","1008","","","","2.60","","SSW","Облачно","2026-01-30 03:49"
"-2.40","","-6.40","72","756","1008","","","","1.80","","SSW","Облачно","2026-01-30 03:50"
"-2.40","","-6.40","72","756","1008","","","","2.00","","SSW","Облачно","2026-01-30 03:51"
"-2.40","","-6.40","72","756","1008","","","","2.00","","SSW","Облачно","2026-01-30 03:52"
"-2.40","","-6.60","72","756","1008","","","","2.20","","SSW","Облачно","2026-01-30 03:53"
"-2.40","","-7.20","72","756","1008","","","","2.90","","SSW","Облачно","2026-01-30 03:54"
"-2.40","","-7.20","72","756","1008","","","","1.60","","SSW","Облачно","2026-01-30 03:55"
"-2.40","","-7.20","72","756","1008","","","","1.60","","SSW","Облачно","2026-01-30 03:56"
"-2.40","","-6.30","72","756","1008","","","","1.60","","SSW","Облачно","2026-01-30 03:57"
"-2.40","","-6.30","72","756","1008","","","","2.60","","SSW","Облачно","2026-01-30 03:58"
"-2.40","","-6.30","72","756","1008","","","","3.10","","SSW","Облачно","2026-01-30 03:59"
"-2.40","","-7.40","72","756","1008","","","","3.10","","SSW","Облачно","2026-01-30 04:00"
"-2.40","","-6.50","72","756","1008","","","","2.50","","SSW","Облачно","2026-01-30 04:01"
"-2.40","","-6.90","72","756","1008","","","","2.00","","SSW","Облачно","2026-01-30 04:02"
"-2.40","","-6.60","72","756","1008","","","","2.00","","SSW","Облачно","2026-01-30 04:03"
"-2.40","","-6.30","72","756","1008","","","","1.60","","SSW","Облачно","2026-01-30 04:04"
"-2.40","","-6.70","72","756","1008","","","","2.20","","SSW","Облачно","2026-01-30 04:05"
"-2.40","","-6.70","72","756","1008","","","","2.20","","SSW","Облачно","2026-01-30 04:06"
"-2.40","","-6.70","72","756","1008","","","","2.20","","SSW","Облачно","2026-01-30 04:07"
"-2.40","","-6.20","72","756","1008","","","","1.50","","SSW","Облачно","2026-01-30 04:08"
"-2.40","","-6.20","72","756","1008","","","","1.50","","SSW","Облачно","2026-01-30 04:09"
"-2.40","","-6.20","72","756","1008","","","","2.80","","SSW","Облачно","2026-01-30 04:10"
"-2.40","","-7.10","72","756","1008","","","","2.60","","SSW","Облачно","2026-01-30 04:11"
"-2.40","","-7.00","72","756","1008","","","","2.60","","SSW","Облачно","2026-01-30 04:12"
"-2.40","","-7.00","72","756","1008","","","","2.60","","SSW","Облачно","2026-01-30 04:13"
"-2.40","","-7.00","72","756","1008","","","","1.50","","SSW","Облачно","2026-01-30 04:14"
"-2.40","","-6.20","72","756","1008","","","","2.20","","SSW","Облачно","2026-01-30 04:15"
"-2.40","","-6.70","72","756","1008","","","","2.60","","SSW","Облачно","2026-01-30 04:16"
"-2.40","","-7.00","72","756","1008","","","","2.60","","SSW","Облачно","2026-01-30 04:17"
"-2.40","","-7.00","72","756","1008","","","","2.60","","SSW","Облачно","2026-01-30 04:18"
"-2.40","","-7.00","72","756","1008","","","","2.80","","SSW","Облачно","2026-01-30 04:19"
"-2.40","","-7.00","72","756","1008","","","","2.80","","SSW","Облачно","2026-01-30 04:20"
"-2.40","","-7.20","72","756","1008","","","","2.90","","SSW","Облачно","2026-01-30 04:21"
"-2.40","","-6.70","72","756","1008","","","","3.20","","SSW","Облачно","2026-01-30 04:22"
"-2.40","","-7.40","71","756","1008","","","","3.20","","SSW","Облачно","2026-01-30 04:23"
"-2.40","","-6.90","71","756","1008","","","","2.40","","SSW","Облачно","2026-01-30 04:24"
"-2.50","","-7.00","72","756","1008","","","","2.70","","SSW","Облачно","2026-01-30 04:25"
"-2.50","","-7.20","72","756","1008","","","","2.70","","SSW","Облачно","2026-01-30 04:26"
"-2.50","","-7.20","72","756","1008","","","","2.70","","SSW","Облачно","2026-01-30 04:27"
"-2.50","","-7.20","72","756","1008","","","","1.50","","SSW","Облачно","2026-01-30 04:28"
"-2.50","","-6.20","72","756","1008","","","","1.30","","SSW","Облачно","2026-01-30 04:29"
"-2.50","","-6.20","72","756","1008","","","","1.30","","SSW","Облачно","2026-01-30 04:30"
"-2.50","","-6.20","72","756","1008","","","","1.30","","SSW","Облачно","2026-01-30 04:31"
"-2.50","","-7.50","72","756","1008","","","","3.10","","SSW","Облачно","2026-01-30 04:32"
"-2.50","","-7.50","72","756","1008","","","","1.80","","SSW","Облачно","2026-01-30 04:33"
"-2.50","","-7.50","72","756","1008","","","","1.80","","SSW","Облачно","2026-01-30 04:34"
"-2.50","","-7.50","72","756","1008","","","","1.80","","SSW","Облачно","2026-01-30 04:35"
"-2.50","","-6.60","72","756","1008","","","","3.20","","SSW","Облачно","2026-01-30 04:36"
"-2.50","","-6.60","72","756","1008","","","","3.20","","SSW","Облачно","2026-01-30 04:37"
"-2.50","","-7.50","72","756","1008","","","","3.20","","SSW","Облачно","2026-01-30 04:38"
"-2.50","","-7.50","72","756","1008","","","","3.20","","SSW","Облачно","2026-01-30 04:39"
"-2.50","","-7.50","72","756","1008","","","","3.10","","SSW","Облачно","2026-01-30 04:40"
"-2.50","","-7.50","72","756","1008","","","","2.90","","SSW","Облачно","2026-01-30 04:41"
"-2.50","","-7.50","72","756","1008","","","","2.40","","SSW","Облачно","2026-01-30 04:42"
"-2.50","","-7.00","72","756","1008","","","","2.40","","SSW","Облачно","2026-01-30 04:43"
"-2.50","","-7.00","72","756","1008","","","","2.40","","SSW","Облачно","2026-01-30 04:44"
"-2.50","","-7.00","72","756","1008","","","","2.40","","SSW","Облачно","2026-01-30 04:45"
"-2.50","","-7.00","72","756","1008","","","","2.40","","SSW","Облачно","2026-01-30 04:46"
"-2.50","","-7.00","72","756","1008","","","","2.40","","SSW","Облачно","2026-01-30 04:47"
"-2.50","","-7.00","72","756","1008","","","","1.50","","SSW","Облачно","2026-01-30 04:48"
"-2.50","","-6.30","72","756","1008","","","","1.50","","SSW","Облачно","2026-01-30 04:49"
"-2.50","","-6.30","72","756","1008","","","","1.80","","SSW","Облачно","2026-01-30 04:50"
"-2.50","","-6.60","72","756","1008","","","","1.60","","SSW","Облачно","2026-01-30 04:51"
"-2.50","","-6.40","72","756","1008","","","","1.20","","SSW","Облачно","2026-01-30 04:52"
"-2.50","","-6.10","72","756","1008","","","","1.20","","SSW","Облачно","2026-01-30 04:53"
"-2.50","","-6.10","72","756","1008","","","","1.20","","SSW","Облачно","2026-01-30 04:54"
"-2.50","","-6.70","72","756","1008","","","","2.40","","SSW","Облачно","2026-01-30 04:55"
"-2.50","","-7.00","72","756","1008","","","","2.40","","SSW","Облачно","2026-01-30 04:56"
"-2.50","","-7.00","72","756","1008","","","","2.40","","SSW","Облачно","2026-01-30 04:57"
"-2.50","","-7.00","72","756","1008","","","","2.40","","SSW","Облачно","2026-01-30 04:58"
"-2.50","","-7.00","72","756","1008","","","","5.00","","SSW","Облачно","2026-01-30 04:59"
"-2.50","","-7.00","72","756","1008","","","","5.00","","SSW","Облачно","2026-01-30 05:00"
"-2.50","","-7.50","72","756","1008","","","","3.20","","SSW","Облачно","2026-01-30 05:01"
"-2.50","","-7.10","72","756","1008","","","","1.80","","SSW","Облачно","2026-01-30 05:02"
"-2.50","","-6.60","72","756","1008","","","","2.20","","SSW","Облачно","2026-01-30 05:03"
"-2.50","","-6.60","72","756","1008","","","","2.20","","SSW","Облачно","2026-01-30 05:04"
"-2.50","","-6.80","72","756","1008","","","","2.20","","SSW","Облачно","2026-01-30 05:05"
"-2.50","","-6.80","72","756","1008","","","","2.20","","SSW","Облачно","2026-01-30 05:06"
"-2.50","","-6.80","72","756","1008","","","","2.20","","SSW","Облачно","2026-01-30 05:07"
"-2.50","","-6.50","73","756","1008","","","","2.20","","SSW","Облачно","2026-01-30 05:08"
"-2.50","","-6.80","73","756","1008","","","","2.20","","SSW","Облачно","2026-01-30 05:09"
"-2.50","","-6.80","73","756","1008","","","","1.00","","SSW","Облачно","2026-01-30 05:10"
"-2.50","","-6.00","73","756","1008","","","","1.00","","SSW","Облачно","2026-01-30 05:11"
"-2.50","","-6.00","73","756","1008","","","","1.00","","SSW","Облачно","2026-01-30 05:12"
"-2.50","","-6.00","73","756","1008","","","","1.00","","SSW","Облачно","2026-01-30 05:13"
"-2.50","","-7.20","73","756","1008","","","","2.70","","SSW","Облачно","2026-01-30 05:14"
"-2.50","","-7.20","73","756","1008","","","","2.70","","SSW","Облачно","2026-01-30 05:15"
"-2.50","","-7.40","73","756","1008","","","","2.20","","SSW","Облачно","2026-01-30 05:16"
"-2.50","","-6.80","73","756","1008","","","","2.20","","SSW","Облачно","2026-01-30 05:17"
"-2.50","","-6.80","73","756","1008","","","","2.40","","SSW","Облачно","2026-01-30 05:18"
"-2.50","","-6.80","73","756","1008","","","","2.40","","SSW","Облачно","2026-01-30 05:19"
"-2.50","","-7.00","73","756","1008","","","","2.40","","SSW","Облачно","2026-01-30 05:20"
"-2.50","","-7.00","73","756","1008","","","","2.40","","SSW","Облачно","2026-01-30 05:21"
"-2.50","","-7.00","73","756","1008","","","","1.90","","SSW","Облачно","2026-01-30 05:22"
"-2.50","","-7.00","73","756","1008","","","","1.90","","SSW","Облачно","2026-01-30 05:23"
"-2.50","","-6.80","73","756","1008","","","","1.90","","SSW","Облачно","2026-01-30 05:24"
"-2.50","","-6.60","73","756","1008","","","","1.90","","SSW","Облачно","2026-01-30 05:25"
"-2.50","","-7.00","73","756","1008","","","","1.90","","SSW","Облачно","2026-01-30 05:26"
"-2.50","","-7.00","73","756","1008","","","","1.90","","SSW","Облачно","2026-01-30 05:27"
"-2.50","","-7.00","73","756","1008","","","","2.50","","SSW","Облачно","2026-01-30 05:28"
"-2.50","","-6.50","73","756","1008","","","","1.70","","SSW","Облачно","2026-01-30 05:29"
"-2.50","","-6.70","73","756","1008","","","","2.10","","SSW","Облачно","2026-01-30 05:30"
"-2.40","","-6.60","73","756","1008","","","","2.10","","SSW","Облачно","2026-01-30 05:31"
"-2.40","","-6.60","73","756","1008","","","","2.10","","SSW","Облачно","2026-01-30 05:32"
"-2.40","","-6.60","73","756","1008","","","","2.00","","SSW","Облачно","2026-01-30 05:33"
"-2.40","","-6.60","73","756","1008","","","","2.00","","SSW","Облачно","2026-01-30 05:34"
"-2.40","","-6.60","73","756","1008","","","","1.70","","SSW","Облачно","2026-01-30 05:35"
"-2.40","","-6.60","73","756","1008","","","","2.10","","SSW","Облачно","2026-01-30 05:36"
"-2.40","","-6.90","73","756","1008","","","","2.20","","SSW","Облачно","2026-01-30 05:37"
"-2.40","","-6.70","73","756","1008","","","","2.20","","SSW","Облачно","2026-01-30 05:38"
"-2.40","","-6.70","73","756","1008","","","","3.00","","SSW","Облачно","2026-01-30 05:39"
"-2.40","","-7.30","73","756","1008","","","","3.00","","SSW","Облачно","2026-01-30 05:40"
"-2.40","","-7.30","73","756","1008","","","","1.60","","SSW","Облачно","2026-01-30 05:41"
"-2.40","","-6.30","73","756","1008","","","","1.60","","SSW","Облачно","2026-01-30 05:42"
"-2.40","","-6.30","73","756","1008","","","","1.60","","SSW","Облачно","2026-01-30 05:43"
"-2.40","","-8.00","73","756","1008","","","","4.00","","SSW","Облачно","2026-01-30 05:44"
"-2.40","","-8.00","73","756","1008","","","","4.00","","SSW","Облачно","2026-01-30 05:45"
"-2.40","","-8.00","73","756","1008","","","","4.00","","SSW","Облачно","2026-01-30 05:46"
"-2.40","","-7.10","73","756","1008","","","","2.70","","SSW","Облачно","2026-01-30 05:47"
"-2.40","","-7.00","73","756","1008","","","","2.70","","SSW","Облачно","2026-01-30 05:48"
"-2.40","","-7.10","73","756","1008","","","","2.70","","SSW","Облачно","2026-01-30 05:49"
"-2.40","","-7.10","73","756","1008","","","","2.70","","SSW","Облачно","2026-01-30 05:50"
"-2.40","","-7.10","73","756","1008","","","","2.70","","SSW","Облачно","2026-01-30 05:51"
"-2.40","","-7.00","74","756","1008","","","","2.70","","SSW","Облачно","2026-01-30 05:52"
"-2.40","","-6.70","74","756","1008","","","","2.20","","SSW","Облачно","2026-01-30 05:53"
"-2.40","","-6.70","74","756","1008","","","","2.20","","SSW","Облачно","2026-01-30 05:54"
"-2.40","","-6.70","74","756","1008","","","","2.50","","SSW","Облачно","2026-01-30 05:55"
"-2.40","","-6.50","74","756","1008","","","","1.90","","SSW","Облачно","2026-01-30 05:56"
"-2.40","","-6.50","74","756","1008","","","","1.90","","SSW","Облачно","2026-01-30 05:57"
"-2.40","","-5.80","74","756","1008","","","","1.00","","SSW","Облачно","2026-01-30 05:58"
"-2.30","","-5.90","74","756","1008","","","","1.30","","SSW","Облачно","2026-01-30 05:59"
"-2.30","","-5.50","74","756","1008","","","","0.70","","SSW","Облачно","2026-01-30 06:00"
"-2.30","","-5.50","74","756","1008","","","","0.70","","SSW","Облачно","2026-01-30 06:01"
"-2.30","","-5.50","74","756","1008","","","","1.50","","SSW","Облачно","2026-01-30 06:02"
"-2.30","","-6.10","74","756","1008","","","","1.60","","SSW","Облачно","2026-01-30 06:03"
"-2.30","","-6.20","74","756","1008","","","","1.60","","SSW","Облачно","2026-01-30 06:04"
"-2.30","","-6.20","74","756","1008","","","","1.60","","SSW","Облачно","2026-01-30 06:05"
"-2.30","","-6.20","74","756","1008","","","","1.60","","SSW","Облачно","2026-01-30 06:06"
"-2.30","","-6.20","74","756","1008","","","","1.60","","SSW","Облачно","2026-01-30 06:07"
"-2.20","","-6.30","74","756","1008","","","","2.00","","SSW","Облачно","2026-01-30 06:08"
"-2.20","","-6.20","74","756","1008","","","","1.80","","SSW","Облачно","2026-01-30 06:09"
"-2.20","","-6.20","74","756","1008","","","","1.80","","SSW","Облачно","2026-01-30 06:10"
"-2.20","","-6.20","74","756","1008","","","","1.80","","SSW","Облачно","2026-01-30 06:11"
"-2.20","","-6.80","74","756","1008","","","","1.40","","SSW","Облачно","2026-01-30 06:12"
"-2.20","","-5.90","74","756","1008","","","","1.00","","SSW","Облачно","2026-01-30 06:13"
"-2.20","","-5.60","75","756","1008","","","","1.00","","SSW","Облачно","2026-01-30 06:14"
"-2.20","","-5.60","75","756","1008","","","","1.00","","SSW","Облачно","2026-01-30 06:15"
"-2.10","","-5.60","75","756","1008","","","","1.10","","SSW","Облачно","2026-01-30 06:16"
"-2.10","","-5.60","75","756","1008","","","","1.10","","SSW","Облачно","2026-01-30 06:17"
"-2.10","","-5.60","75","756","1008","","","","1.10","","SSW","Облачно","2026-01-30 06:18"
"-2.10","","-6.70","75","756","1008","","","","2.90","","SSW","Облачно","2026-01-30 06:19"
"-2.10","","-6.80","75","756","1008","","","","1.50","","SSW","Облачно","2026-01-30 06:20"
"-2.10","","-5.90","75","756","1009","","","","1.50","","SSW","Облачно","2026-01-30 06:21"
"-2.10","","-6.60","75","756","1009","","","","2.60","","SSW","Облачно","2026-01-30 06:22"
"-2.10","","-7.10","75","756","1009","","","","3.30","","SSW","Облачно","2026-01-30 06:23"
"-2.10","","-7.10","75","756","1009","","","","3.30","","SSW","Облачно","2026-01-30 06:24"
"-2.10","","-6.60","75","756","1009","","","","1.00","","SSW","Облачно","2026-01-30 06:25"
"-2.00","","-5.40","75","756","1009","","","","1.20","","SSW","Облачно","2026-01-30 06:26"
"-2.00","","-5.40","75","756","1009","","","","0.70","","SSW","Облачно","2026-01-30 06:27"
"-2.00","","-5.40","75","756","1009","","","","0.70","","SSW","Облачно","2026-01-30 06:28"
"-2.00","","-5.20","75","756","1009","","","","0.70","","SSW","Облачно","2026-01-30 06:29"
"-2.00","","-5.70","75","756","1009","","","","1.50","","SSW","Облачно","2026-01-30 06:30"
"-2.00","","-5.70","75","756","1009","","","","1.50","","SSW","Облачно","2026-01-30 06:31"
"-2.00","","-5.70","75","756","1009","","","","1.50","","SSW","Облачно","2026-01-30 06:32"
"-2.00","","-5.70","75","756","1009","","","","2.80","","SSW","Облачно","2026-01-30 06:33"
"-2.00","","-6.70","75","756","1009","","","","2.80","","SSW","Облачно","2026-01-30 06:34"
"-2.00","","-6.70","75","756","1009","","","","2.50","","SSW","Облачно","2026-01-30 06:35"
"-2.00","","-6.40","76","756","1008","","","","2.50","","SSW","Облачно","2026-01-30 06:36"
"-2.00","","-6.40","76","756","1008","","","","2.50","","SSW","Облачно","2026-01-30 06:37"
"-1.90","","-4.90","76","756","1008","","","","0.50","","SSW","Облачно","2026-01-30 06:38"
"-1.90","","-4.90","76","756","1008","","","","0.50","","SSW","Облачно","2026-01-30 06:39"
"-1.90","","-5.10","76","756","1008","","","","0.70","","SSW","Облачно","2026-01-30 06:40"
"-1.90","","-5.10","76","756","1008","","","","0.70","","SSW","Облачно","2026-01-30 06:41"
"-1.90","","-5.10","76","756","1008","","","","0.70","","SSW","Облачно","2026-01-30 06:42"
"-1.90","","-5.10","76","756","1008","","","","0.70","","SSW","Облачно","2026-01-30 06:43"
"-1.90","","-5.80","76","756","1008","","","","1.80","","SSW","Облачно","2026-01-30 06:44"
"-1.90","","-6.30","76","756","1008","","","","2.50","","SSW","Облачно","2026-01-30 06:45"
"-1.90","","-6.30","76","756","1008","","","","1.50","","SSW","Облачно","2026-01-30 06:46"
"-1.80","","-5.50","76","756","1008","","","","1.50","","SSW","Облачно","2026-01-30 06:47"
"-1.80","","-5.50","76","756","1008","","","","2.20","","SSW","Облачно","2026-01-30 06:48"
"-1.80","","-5.50","76","756","1008","","","","2.20","","SSW","Облачно","2026-01-30 06:49"
"-1.80","","-5.50","76","756","1008","","","","2.50","","SSW","Облачно","2026-01-30 06:50"
"-1.80","","-6.20","76","756","1009","","","","0.90","","SSW","Облачно","2026-01-30 06:51"
"-1.80","","-5.70","76","756","1009","","","","1.80","","SSW","Облачно","2026-01-30 06:52"
"-1.80","","-5.70","76","756","1009","","","","1.80","","SSW","Облачно","2026-01-30 06:53"
"-1.80","","-5.70","77","756","1009","","","","1.80","","SSW","Облачно","2026-01-30 06:54"
"-1.80","","-5.30","77","756","1009","","","","1.00","","SSW","Облачно","2026-01-30 06:55"
"-1.70","","-5.00","77","756","1009","","","","1.00","","SSW","Облачно","2026-01-30 06:56"
"-1.70","","-5.40","77","756","1009","","","","1.60","","SSW","Облачно","2026-01-30 06:57"
"-1.70","","-5.40","77","756","1009","","","","1.20","","SSW","Облачно","2026-01-30 06:58"
"-1.70","","-5.20","77","756","1009","","","","1.20","","SSW","Облачно","2026-01-30 06:59"
"-1.70","","-6.20","77","756","1009","","","","2.70","","SSW","Облачно","2026-01-30 07:00"
"-1.70","","-6.20","77","756","1009","","","","2.70","","SSW","Облачно","2026-01-30 07:01"
"-1.70","","-6.20","77","756","1009","","","","2.70","","SSW","Облачно","2026-01-30 07:02"
"-1.70","","-5.60","77","756","1009","","","","1.80","","SSW","Облачно","2026-01-30 07:03"
"-1.70","","-5.50","77","756","1009","","","","1.70","","SSW","Облачно","2026-01-30 07:04"
"-1.60","","-5.40","77","756","1009","","","","1.70","","SSW","Облачно","2026-01-30 07:05"
"-1.60","","-5.40","77","756","1009","","","","2.00","","SSW","Облачно","2026-01-30 07:06"
"-1.60","","-5.30","77","756","1009","","","","1.60","","SSW","Облачно","2026-01-30 07:07"
"-1.60","","-4.90","77","756","1009","","","","1.00","","SSW","Облачно","2026-01-30 07:08"
"-1.60","","-4.90","77","756","1009","","","","1.00","","SSW","Облачно","2026-01-30 07:09"
"-1.60","","-4.90","77","756","1009","","","","1.00","","SSW","Облачно","2026-01-30 07:10"
"-1.60","","-4.90","78","756","1009","","","","1.00","","SSW","Облачно","2026-01-30 07:11"
"-1.60","","-4.90","78","756","1009","","","","1.00","","SSW","Облачно","2026-01-30 07:12"
"-1.50","","-4.80","78","756","1009","","","","1.80","","SSW","Облачно","2026-01-30 07:13"
"-1.50","","-5.30","78","756","1009","","","","1.20","","SSW","Облачно","2026-01-30 07:14"
"-1.50","","-4.90","78","756","1009","","","","1.20","","SSW","Облачно","2026-01-30 07:15"
"-1.50","","-4.90","78","756","1009","","","","1.20","","SSW","Облачно","2026-01-30 07:16"
"-1.50","","-4.90","78","756","1009","","","","1.20","","SSW","Облачно","2026-01-30 07:17"
"-1.50","","-4.90","78","756","1009","","","","1.20","","SSW","Облачно","2026-01-30 07:18"
"-1.60","","-5.90","78","756","1009","","","","1.80","","SSW","Облачно","2026-01-30 07:19"
"-1.60","","-5.50","77","756","1009","","","","1.80","","SSW","Облачно","2026-01-30 07:20"
"-1.60","","-5.50","77","756","1009","","","","1.20","","SSW","Облачно","2026-01-30 07:21"
"-1.60","","-5.30","77","756","1009","","","","1.50","","SSW","Облачно","2026-01-30 07:22"
"-1.60","","-5.30","77","756","1009","","","","1.50","","SSW","Облачно","2026-01-30 07:23"
"-1.50","","-4.70","77","756","1009","","","","0.90","","SSW","Облачно","2026-01-30 07:24"
"-1.50","","-4.70","77","756","1009","","","","1.90","","SSW","Облачно","2026-01-30 07:25"
"-1.60","","-5.50","77","756","1009","","","","3.10","","SSW","Облачно","2026-01-30 07:26"
"-1.60","","-5.50","77","756","1009","","","","3.10","","SSW","Облачно","2026-01-30 07:27"
"-1.60","","-5.30","77","756","1009","","","","1.50","","SSW","Облачно","2026-01-30 07:28"
"-1.50","","-5.20","77","756","1009","","","","1.90","","SSW","Облачно","2026-01-30 07:29"
"-1.50","","-5.40","77","756","1009","","","","1.90","","SSW","Облачно","2026-01-30 07:30"
"-1.50","","-5.40","77","756","1009","","","","1.80","","SSW","Облачно","2026-01-30 07:31"
"-1.50","","-4.70","77","756","1009","","","","0.90","","SSW","Облачно","2026-01-30 07:32"
"-1.50","","-4.70","77","756","1009","","","","0.90","","SSW","Облачно","2026-01-30 07:33"
"-1.50","","-5.40","77","756","1009","","","","1.90","","SSW","Облачно","2026-01-30 07:34"
"-1.50","","-5.40","77","756","1009","","","","0.50","","SSW","Облачно","2026-01-30 07:35"
"-1.50","","-4.50","77","756","1009","","","","1.30","","SSW","Облачно","2026-01-30 07:36"
"-1.50","","-5.00","77","756","1009","","","","1.30","","SSW","Облачно","2026-01-30 07:37"
"-1.50","","-5.20","77","756","1009","","","","1.50","","SSW","Облачно","2026-01-30 07:38"
"-1.50","","-5.20","77","756","1009","","","","1.50","","SSW","Облачно","2026-01-30 07:39"
"-1.50","","-5.20","77","756","1009","","","","1.50","","SSW","Облачно","2026-01-30 07:40"
"-1.50","","-5.90","77","756","1009","","","","2.50","","SSW","Облачно","2026-01-30 07:41"
"-1.50","","-5.90","77","756","1009","","","","2.50","","SSW","Облачно","2026-01-30 07:42"
"-1.50","","-5.90","77","756","1009","","","","2.50","","SSW","Облачно","2026-01-30 07:43"
"-1.50","","-5.60","77","756","1009","","","","2.20","","SSW","Облачно","2026-01-30 07:44"
"-1.40","","-7.50","77","756","1009","","","","5.00","","SSW","Облачно","2026-01-30 07:45"
"-1.40","","-7.50","77","756","1009","","","","5.00","","SSW","Облачно","2026-01-30 07:46"
"-1.40","","-4.80","77","756","1009","","","","1.10","","SSW","Облачно","2026-01-30 07:47"
"-1.40","","-4.70","77","756","1009","","","","0.70","","SSW","Облачно","2026-01-30 07:48"
"-1.40","","-4.70","77","756","1009","","","","0.90","","SSW","Облачно","2026-01-30 07:49"
"-1.40","","-4.60","78","756","1009","","","","0.90","","SSW","Облачно","2026-01-30 07:50"
"-1.40","","-4.60","78","756","1009","","","","3.50","","SSW","Облачно","2026-01-30 07:51"
"-1.40","","-4.60","78","756","1009","","","","3.50","","SSW","Облачно","2026-01-30 07:52"
"-1.40","","-6.40","78","756","1009","","","","1.90","","SSW","Облачно","2026-01-30 07:53"
"-1.40","","-6.40","78","756","1009","","","","1.40","","SSW","Облачно","2026-01-30 07:54"
"-1.30","","-4.80","78","756","1009","","","","1.40","","SSW","Облачно","2026-01-30 07:55"
"-1.30","","-5.10","78","756","1009","","","","1.80","","SSW","Облачно","2026-01-30 07:56"
"-1.30","","-5.10","78","756","1009","","","","1.80","","SSW","Облачно","2026-01-30 07:57"
"-1.30","","-6.00","78","756","1009","","","","2.50","","SSW","Облачно","2026-01-30 07:58"
"-1.30","","-6.00","78","756","1009","","","","2.50","","SSW","Облачно","2026-01-30 07:59"
"-1.30","","-5.60","78","756","1009","","","","2.50","","SSW","Облачно","2026-01-30 08:00"
"-1.30","","-6.40","78","756","1009","","","","3.60","","SSW","Облачно","2026-01-30 08:01"
"-1.30","","-6.40","78","756","1009","","","","2.20","","SSW","Облачно","2026-01-30 08:02"
"-1.30","","-5.40","78","756","1009","","","","2.20","","SSW","Облачно","2026-01-30 08:03"
"-1.30","","-6.50","78","756","1009","","","","1.60","","SSW","Облачно","2026-01-30 08:04"
"-1.30","","-6.50","78","756","1009","","","","1.60","","SSW","Облачно","2026-01-30 08:05"
"-1.20","","-4.40","78","756","1008","","","","2.60","","SSW","Облачно","2026-01-30 08:06"
"-1.20","","-5.60","78","756","1008","","","","2.60","","SSW","Облачно","2026-01-30 08:07"
"-1.20","","-5.60","78","756","1008","","","","2.60","","SSW","Облачно","2026-01-30 08:08"
"-1.20","","-5.60","78","756","1008","","","","2.40","","SSW","Облачно","2026-01-30 08:09"
"-1.20","","-4.70","78","756","1008","","","","1.30","","SSW","Облачно","2026-01-30 08:10"
"-1.20","","-4.70","78","756","1008","","","","1.30","","SSW","Облачно","2026-01-30 08:11"
"-1.20","","-4.70","78","756","1008","","","","1.30","","SSW","Облачно","2026-01-30 08:12"
"-1.10","","-4.30","78","756","1008","","","","0.70","","SSW","Облачно","2026-01-30 08:13"
"-1.10","","-4.10","78","756","1008","","","","0.70","","SSW","Облачно","2026-01-30 08:14"
"-1.10","","-4.10","78","756","1008","","","","2.90","","SSW","Облачно","2026-01-30 08:15"
"-1.10","","-4.10","78","756","1008","","","","1.40","","SSW","Облачно","2026-01-30 08:16"
"-1.10","","-4.60","78","756","1008","","","","1.40","","SSW","Облачно","2026-01-30 08:17"
"-1.10","","-5.60","78","756","1008","","","","2.80","","SSW","Облачно","2026-01-30 08:18"
"-1.10","","-5.60","78","756","1008","","","","0.90","","SSW","Облачно","2026-01-30 08:19"
"-1.10","","-4.30","78","756","1008","","","","0.90","","SSW","Облачно","2026-01-30 08:20"
"-1.00","","-4.20","78","756","1009","","","","1.70","","SSW","Облачно","2026-01-30 08:21"
"-1.10","","-4.80","78","756","1009","","","","1.70","","SSW","Облачно","2026-01-30 08:22"
"-1.10","","-4.80","78","756","1009","","","","1.70","","SSW","Облачно","2026-01-30 08:23"
"-1.10","","-4.80","78","756","1009","","","","1.70","","SSW","Облачно","2026-01-30 08:24"
"-1.10","","-5.00","78","756","1009","","","","1.00","","SSW","Облачно","2026-01-30 08:25"
"-1.00","","-4.20","78","756","1009","","","","1.00","","SSW","Облачно","2026-01-30 08:26"
"-1.00","","-4.20","78","756","1009","","","","1.00","","SSW","Облачно","2026-01-30 08:27"
"-1.00","","-4.20","78","756","1009","","","","1.00","","SSW","Облачно","2026-01-30 08:28"
"-1.00","","-4.20","78","756","1009","","","","1.00","","SSW","Облачно","2026-01-30 08:29"
"-1.00","","-4.20","78","756","1009","","","","1.00","","SSW","Облачно","2026-01-30 08:30"
"-1.00","","-4.20","78","756","1009","","","","1.00","","SSW","Облачно","2026-01-30 08:31"
"-1.00","","-4.20","78","756","1009","","","","1.00","","SSW","Облачно","2026-01-30 08:32"
"-1.00","","-4.70","78","756","1009","","","","1.70","","SSW","Облачно","2026-01-30 08:33"
"-1.00","","-4.70","78","756","1009","","","","1.70","","SSW","Облачно","2026-01-30 08:34"
"-1.00","","-4.70","78","756","1009","","","","1.40","","SSW","Облачно","2026-01-30 08:35"
"-1.00","","-4.70","78","756","1009","","","","1.40","","SSW","Облачно","2026-01-30 08:36"
"-1.00","","-5.70","78","756","1008","","","","3.10","","SSW","Облачно","2026-01-30 08:37"
"-1.00","","-6.70","78","756","1008","","","","3.20","","SSW","Облачно","2026-01-30 08:38"
"-1.00","","-6.70","78","756","1008","","","","3.20","","SSW","Облачно","2026-01-30 08:39"
"-1.00","","-5.80","78","756","1008","","","","3.20","","SSW","Облачно","2026-01-30 08:40"
"-1.00","","-5.80","78","756","1008","","","","3.20","","SSW","Облачно","2026-01-30 08:41"
"-1.00","","-5.80","78","756","1008","","","","3.20","","SSW","Облачно","2026-01-30 08:42"
"-1.00","","-5.80","77","756","1008","","","","4.70","","SSW","Облачно","2026-01-30 08:43"
"-1.10","","-6.20","77","756","1008","","","","3.60","","SSW","Облачно","2026-01-30 08:44"
"-1.00","","-6.10","77","756","1008","","","","3.60","","SSW","Облачно","2026-01-30 08:45"
"-1.10","","-6.30","77","756","1008","","","","3.80","","SSW","Облачно","2026-01-30 08:46"
"-1.00","","-6.20","77","756","1008","","","","1.80","","SSW","Облачно","2026-01-30 08:47"
"-1.00","","-6.20","77","756","1008","","","","1.80","","SSW","Облачно","2026-01-30 08:48"
"-1.00","","-6.20","77","756","1008","","","","1.50","","SSW","Облачно","2026-01-30 08:49"
"-1.00","","-4.60","77","756","1008","","","","1.50","","SSW","Облачно","2026-01-30 08:50"
"-1.00","","-4.60","77","756","1008","","","","1.50","","SSW","Облачно","2026-01-30 08:51"
"-1.00","","-5.10","77","756","1009","","","","1.50","","SSW","Облачно","2026-01-30 08:52"
"-1.00","","-4.60","77","756","1009","","","","1.50","","SSW","Облачно","2026-01-30 08:53"
"-1.00","","-4.60","77","756","1009","","","","1.50","","SSW","Облачно","2026-01-30 08:54"
"-1.00","","-5.10","77","756","1009","","","","2.20","","SSW","Облачно","2026-01-30 08:55"
"-1.00","","-5.10","77","756","1009","","","","2.20","","SSW","Облачно","2026-01-30 08:56"
"-1.00","","-5.10","77","756","1009","","","","2.20","","SSW","Облачно","2026-01-30 08:57"
"-1.00","","-5.10","77","756","1009","","","","2.90","","SSW","Облачно","2026-01-30 08:58"
"-1.00","","-5.60","77","756","1009","","","","2.90","","SSW","Облачно","2026-01-30 08:59"
"-1.00","","-5.60","77","756","1009","","","","2.90","","SSW","Облачно","2026-01-30 09:00"
"-1.00","","-6.10","77","756","1009","","","","3.60","","SSW","Облачно","2026-01-30 09:01"
"-1.00","","-6.10","77","756","1009","","","","3.30","","SSW","Облачно","2026-01-30 09:02"
"-1.00","","-6.10","77","756","1009","","","","3.30","","SSW","Облачно","2026-01-30 09:03"
"-1.00","","-5.40","77","756","1009","","","","2.70","","SSW","Облачно","2026-01-30 09:04"
"-1.00","","-5.40","77","756","1009","","","","2.20","","SSW","Облачно","2026-01-30 09:05"
"-1.00","","-5.10","77","756","1008","","","","2.00","","SSW","Облачно","2026-01-30 09:06"
"-1.00","","-5.10","77","756","1008","","","","4.20","","SSW","Облачно","2026-01-30 09:07"
"-1.00","","-6.50","77","756","1008","","","","2.40","","SSW","Облачно","2026-01-30 09:08"
"-1.00","","-6.50","77","756","1008","","","","2.40","","SSW","Облачно","2026-01-30 09:09"
"-1.00","","-6.50","77","756","1008","","","","2.50","","SSW","Облачно","2026-01-30 09:10"
"-1.00","","-5.30","77","756","1008","","","","2.50","","SSW","Облачно","2026-01-30 09:11"
"-1.00","","-5.30","77","756","1008","","","","3.50","","SSW","Облачно","2026-01-30 09:12"
"-1.00","","-4.50","77","756","1008","","","","1.30","","SSW","Облачно","2026-01-30 09:13"
"-1.00","","-4.50","77","756","1008","","","","1.30","","SSW","Облачно","2026-01-30 09:14"
"-1.00","","-6.20","77","756","1008","","","","3.80","","SSW","Облачно","2026-01-30 09:15"
"-1.00","","-6.20","77","756","1008","","","","3.80","","SSW","Облачно","2026-01-30 09:16"
"-1.00","","-6.20","77","756","1008","","","","3.80","","SSW","Облачно","2026-01-30 09:17"
"-1.00","","-6.40","76","756","1008","","","","4.10","","SSW","Облачно","2026-01-30 09:18"
"-1.00","","-6.40","76","756","1008","","","","1.50","","SSW","Облачно","2026-01-30 09:19"
"-1.00","","-4.60","76","756","1008","","","","2.20","","SSW","Облачно","2026-01-30 09:20"
"-1.00","","-5.10","76","756","1009","","","","2.20","","SSW","Облачно","2026-01-30 09:21"
"-1.00","","-5.10","76","756","1009","","","","4.00","","SSW","Облачно","2026-01-30 09:22"
"-1.00","","-5.40","76","756","1009","","","","2.60","","SSW","Облачно","2026-01-30 09:23"
"-1.00","","-5.40","76","756","1009","","","","5.70","","SSW","Облачно","2026-01-30 09:24"
"-1.00","","-7.60","76","756","1009","","","","5.00","","SSW","Облачно","2026-01-30 09:25"
"-1.10","","-7.20","76","756","1009","","","","5.00","","SSW","Облачно","2026-01-30 09:26"
"-1.10","","-7.20","76","756","1009","","","","5.00","","SSW","Облачно","2026-01-30 09:27"
"-1.10","","-7.20","76","756","1009","","","","5.00","","SSW","Облачно","2026-01-30 09:28"
"-1.10","","-7.20","76","756","1009","","","","5.00","","SSW","Облачно","2026-01-30 09:29"
"-1.10","","-7.20","76","756","1009","","","","5.00","","SSW","Облачно","2026-01-30 09:30"
"-1.10","","-7.20","76","756","1009","","","","5.00","","SSW","Облачно","2026-01-30 09:31"
"-1.10","","-7.20","76","756","1009","","","","5.00","","SSW","Облачно","2026-01-30 09:32"
"-1.10","","-7.20","76","756","1009","","","","5.00","","SSW","Облачно","2026-01-30 09:33"
"-1.10","","-7.20","76","756","1009","","","","3.10","","SSW","Облачно","2026-01-30 09:34"
"-1.10","","-7.20","76","756","1009","","","","3.10","","SSW","Облачно","2026-01-30 09:35"
"-1.10","","-5.90","76","756","1009","","","","3.20","","SSW","Облачно","2026-01-30 09:36"
"-1.10","","-5.90","76","756","1009","","","","3.20","","SSW","Облачно","2026-01-30 09:37"
"-1.10","","-5.40","76","756","1009","","","","2.50","","SSW","Облачно","2026-01-30 09:38"
"-1.10","","-5.40","76","756","1009","","","","2.50","","SSW","Облачно","2026-01-30 09:39"
"-1.10","","-5.40","76","756","1009","","","","4.80","","SSW","Облачно","2026-01-30 09:40"
"-1.10","","-5.40","76","756","1009","","","","2.40","","SSW","Облачно","2026-01-30 09:41"
"-1.10","","-5.40","76","756","1009","","","","2.40","","SSW","Облачно","2026-01-30 09:42"
"-1.10","","-5.40","76","756","1009","","","","1.50","","SSW","Облачно","2026-01-30 09:43"
"-1.10","","-5.40","76","756","1009","","","","1.50","","SSW","Облачно","2026-01-30 09:44"
"-1.10","","-6.60","76","756","1009","","","","4.20","","SSW","Облачно","2026-01-30 09:45"
"-1.10","","-6.60","76","756","1009","","","","4.20","","SSW","Облачно","2026-01-30 09:46"
"-1.10","","-6.60","76","756","1009","","","","3.30","","SSW","Облачно","2026-01-30 09:47"
"-1.10","","-6.60","76","756","1009","","","","3.30","","SSW","Облачно","2026-01-30 09:48"
"-1.10","","-6.60","76","756","1009","","","","3.30","","SSW","Облачно","2026-01-30 09:49"
"-1.10","","-6.40","76","756","1009","","","","3.90","","SSW","Облачно","2026-01-30 09:50"
"-1.10","","-6.40","76","756","1009","","","","3.90","","SSW","Облачно","2026-01-30 09:51"
"-1.10","","-6.40","76","756","1009","","","","3.90","","SSW","Облачно","2026-01-30 09:52"
"-1.10","","-5.60","76","756","1009","","","","4.10","","SSW","Облачно","2026-01-30 09:53"
"-1.10","","-5.60","76","756","1009","","","","4.10","","SSW","Облачно","2026-01-30 09:54"
"-1.10","","-6.60","76","756","1009","","","","4.10","","SSW","Облачно","2026-01-30 09:55"
"-1.10","","-6.60","76","756","1009","","","","2.80","","SSW","Облачно","2026-01-30 09:56"
"-1.00","","-5.50","76","756","1009","","","","2.80","","SSW","Облачно","2026-01-30 09:57"
"-1.00","","-5.50","76","756","1009","","","","2.80","","SSW","Облачно","2026-01-30 09:58"
"-1.00","","-5.50","76","756","1009","","","","2.80","","SSW","Облачно","2026-01-30 09:59"
"-1.00","","-5.50","76","756","1009","","","","2.80","","SSW","Облачно","2026-01-30 10:00"
"-1.00","","-5.50","76","756","1009","","","","2.80","","SSW","Облачно","2026-01-30 10:01"
"-1.00","","-5.50","76","756","1009","","","","2.80","","SSW","Облачно","2026-01-30 10:02"
"-1.00","","-5.50","77","756","1009","","","","2.80","","SSW","Облачно","2026-01-30 10:03"
"-1.00","","-5.50","77","756","1009","","","","2.80","","SSW","Облачно","2026-01-30 10:04"
"-1.00","","-5.50","77","756","1009","","","","2.80","","SSW","Облачно","2026-01-30 10:05"
"-1.00","","-5.50","77","756","1009","","","","2.80","","SSW","Облачно","2026-01-30 10:06"
"-1.00","","-5.50","77","756","1009","","","","1.60","","SSW","Облачно","2026-01-30 10:07"
"-1.00","","-5.50","77","756","1009","","","","1.60","","SSW","Облачно","2026-01-30 10:08"
"-1.00","","-4.40","77","756","1009","","","","1.20","","SSW","Облачно","2026-01-30 10:09"
"-1.00","","-4.40","77","756","1009","","","","1.20","","SSW","Облачно","2026-01-30 10:10"
"-1.00","","-4.40","77","756","1009","","","","1.20","","SSW","Облачно","2026-01-30 10:11"
"-0.90","","-6.10","77","756","1009","","","","1.10","","SSW","Облачно","2026-01-30 10:12"
"-0.90","","-4.20","77","756","1009","","","","1.10","","SSW","Облачно","2026-01-30 10:13"
"-0.90","","-4.20","77","756","1009","","","","2.70","","SSW","Облачно","2026-01-30 10:14"
"-1.00","","-5.40","77","756","1009","","","","3.00","","SSW","Облачно","2026-01-30 10:15"
"-1.00","","-6.60","76","756","1009","","","","4.30","","SSW","Облачно","2026-01-30 10:16"
"-1.00","","-5.00","76","756","1009","","","","2.10","","SSW","Облачно","2026-01-30 10:17"
"-1.00","","-5.00","76","756","1009","","","","2.10","","SSW","Облачно","2026-01-30 10:18"
"-0.90","","-5.40","76","756","1009","","","","2.80","","SSW","Облачно","2026-01-30 10:19"
"-0.90","","-5.40","76","756","1009","","","","2.80","","SSW","Облачно","2026-01-30 10:20"
"-0.90","","-5.40","76","756","1008","","","","2.70","","SSW","Облачно","2026-01-30 10:21"
"-0.90","","-5.40","76","756","1008","","","","2.10","","SSW","Облачно","2026-01-30 10:22"
"-0.90","","-5.40","76","756","1008","","","","2.10","","SSW","Облачно","2026-01-30 10:23"
"-0.90","","-4.80","77","756","1008","","","","2.00","","SSW","Облачно","2026-01-30 10:24"
"-0.90","","-5.30","77","756","1008","","","","2.70","","SSW","Облачно","2026-01-30 10:25"
"-0.80","","-5.20","77","756","1008","","","","1.30","","SSW","Облачно","2026-01-30 10:26"
"-0.80","","-5.20","77","756","1008","","","","1.30","","SSW","Облачно","2026-01-30 10:27"
"-0.80","","-4.20","77","756","1008","","","","1.30","","SSW","Облачно","2026-01-30 10:28"
"-0.80","","-4.20","77","756","1008","","","","1.30","","SSW","Облачно","2026-01-30 10:29"
"-0.80","","-4.20","77","756","1008","","","","1.30","","SSW","Облачно","2026-01-30 10:30"
"-0.80","","-4.20","77","756","1008","","","","1.30","","SSW","Облачно","2026-01-30 10:31"
"-0.70","","-4.10","77","756","1008","","","","1.30","","SSW","Облачно","2026-01-30 10:32"
"-0.70","","-4.10","77","756","1008","","","","1.30","","SSW","Облачно","2026-01-30 10:33"
"-0.70","","-4.70","78","756","1008","","","","2.10","","SSW","Облачно","2026-01-30 10:34"
"-0.70","","-4.70","78","756","1008","","","","2.00","","SSW","Облачно","2026-01-30 10:35"
"-0.70","","-4.60","78","756","1009","","","","2.00","","SSW","Облачно","2026-01-30 10:36"
"-0.70","","-4.60","78","756","1009","","","","0.60","","SSW","Облачно","2026-01-30 10:37"
"-0.70","","-3.90","78","756","1009","","","","1.00","","SSW","Облачно","2026-01-30 10:38"
"-0.70","","-3.90","78","756","1009","","","","1.90","","SSW","Облачно","2026-01-30 10:39"
"-0.70","","-3.90","78","756","1009","","","","1.90","","SSW","Облачно","2026-01-30 10:40"
"-0.70","","-4.60","77","756","1009","","","","4.00","","SSW","Облачно","2026-01-30 10:41"
"-0.70","","-6.00","77","756","1009","","","","4.00","","SSW","Облачно","2026-01-30 10:42"
"-0.70","","-6.00","77","756","1009","","","","4.00","","SSW","Облачно","2026-01-30 10:43"
"-0.70","","-6.00","77","756","1009","","","","2.60","","SSW","Облачно","2026-01-30 10:44"
"-0.70","","-6.00","77","756","1009","","","","2.60","","SSW","Облачно","2026-01-30 10:45"
"-0.60","","-4.90","77","756","1009","","","","2.60","","SSW","Облачно","2026-01-30 10:46"
"-0.70","","-5.00","77","756","1009","","","","2.60","","SSW","Облачно","2026-01-30 10:47"
"-0.70","","-5.00","77","756","1009","","","","2.60","","SSW","Облачно","2026-01-30 10:48"
"-0.70","","-5.00","77","756","1009","","","","2.60","","SSW","Облачно","2026-01-30 10:49"
"-0.70","","-5.00","77","756","1009","","","","2.10","","SSW","Облачно","2026-01-30 10:50"
"-0.70","","-4.70","77","756","1008","","","","2.10","","SSW","Облачно","2026-01-30 10:51"
"-0.60","","-4.60","77","756","1008","","","","2.10","","SSW","Облачно","2026-01-30 10:52"
"-0.60","","-4.60","77","756","1008","","","","1.90","","SSW","Облачно","2026-01-30 10:53"
"-0.70","","-4.60","77","756","1008","","","","1.90","","SSW","Облачно","2026-01-30 10:54"
"-0.70","","-4.90","77","756","1008","","","","2.40","","SSW","Облачно","2026-01-30 10:55"
"-0.70","","-4.90","77","756","1008","","","","2.40","","SSW","Облачно","2026-01-30 10:56"
"-0.60","","-4.80","77","756","1008","","","","2.40","","SSW","Облачно","2026-01-30 10:57"
"-0.60","","-4.80","77","756","1008","","","","2.40","","SSW","Облачно","2026-01-30 10:58"
"-0.60","","-4.80","77","756","1008","","","","2.40","","SSW","Облачно","2026-01-30 10:59"
"-0.60","","-4.80","77","756","1008","","","","2.40","","SSW","Облачно","2026-01-30 11:00"
"-0.50","","-4.70","77","756","1008","","","","2.40","","SSW","Облачно","2026-01-30 11:01"
"-0.50","","-4.70","77","756","1008","","","","2.40","","SSW","Облачно","2026-01-30 11:02"
"-0.50","","-4.70","77","756","1008","","","","2.40","","SSW","Облачно","2026-01-30 11:03"
"-0.50","","-4.70","77","756","1008","","","","2.40","","SSW","Облачно","2026-01-30 11:04"
"-0.50","","-4.00","77","756","1008","","","","1.40","","SSW","Облачно","2026-01-30 11:05"
"-0.50","","-4.00","77","756","1008","","","","1.40","","SSW","Облачно","2026-01-30 11:06"
"-0.50","","-4.00","77","756","1008","","","","1.40","","SSW","Облачно","2026-01-30 11:07"
"-0.40","","-3.90","77","756","1008","","","","1.40","","SSW","Облачно","2026-01-30 11:08"
"-0.40","","-3.90","78","756","1008","","","","1.40","","SSW","Облачно","2026-01-30 11:09"
"-0.50","","-4.00","77","756","1008","","","","1.40","","SSW","Облачно","2026-01-30 11:10"
"-0.50","","-4.00","77","756","1008","","","","1.40","","SSW","Облачно","2026-01-30 11:11"
"-0.50","","-4.00","77","756","1008","","","","1.40","","SSW","Облачно","2026-01-30 11:12"
"-0.50","","-5.00","77","756","1008","","","","2.90","","SSW","Облачно","2026-01-30 11:13"
"-0.50","","-5.00","77","756","1008","","","","2.90","","SSW","Облачно","2026-01-30 11:14"
"-0.50","","-5.00","77","756","1008","","","","3.50","","SSW","Облачно","2026-01-30 11:15"
"-0.50","","-5.50","77","756","1008","","","","3.50","","SSW","Облачно","2026-01-30 11:16"
"-0.50","","-5.50","77","756","1008","","","","3.50","","SSW","Облачно","2026-01-30 11:17"
"-0.50","","-5.50","77","756","1008","","","","3.50","","SSW","Облачно","2026-01-30 11:18"
"-0.40","","-5.30","77","756","1008","","","","3.50","","SSW","Облачно","2026-01-30 11:19"
"-0.40","","-5.30","77","756","1008","","","","3.50","","SSW","Облачно","2026-01-30 11:20"
"-0.40","","-5.30","77","756","1008","","","","3.50","","SSW","Облачно","2026-01-30 11:21"
"-0.40","","-5.30","77","756","1008","","","","3.50","","SSW","Облачно","2026-01-30 11:22"
"-0.40","","-5.30","77","756","1008","","","","3.50","","SSW","Облачно","2026-01-30 11:23"
"-0.40","","-5.30","77","756","1008","","","","3.50","","SSW","Облачно","2026-01-30 11:24"
"-0.40","","-5.30","77","756","1008","","","","3.50","","SSW","Облачно","2026-01-30 11:25"
"-0.40","","-4.20","77","756","1008","","","","1.80","","SSW","Облачно","2026-01-30 11:26"
"-0.40","","-4.10","77","756","1008","","","","1.70","","SSW","Облачно","2026-01-30 11:27"
"-0.40","","-4.10","77","756","1008","","","","1.70","","SSW","Облачно","2026-01-30 11:28"
"-0.40","","-4.10","77","756","1008","","","","1.70","","SSW","Облачно","2026-01-30 11:29"
"-0.40","","-4.10","77","756","1008","","","","1.70","","SSW","Облачно","2026-01-30 11:30"
"-0.40","","-4.10","77","756","1008","","","","1.70","","SSW","Облачно","2026-01-30 11:31"
"-0.40","","-4.10","77","756","1008","","","","1.70","","SSW","Облачно","2026-01-30 11:32"
"-0.40","","-4.10","76","756","1008","","","","1.70","","SSW","Облачно","2026-01-30 11:33"
"-0.40","","-4.10","76","756","1008","","","","1.70","","SSW","Облачно","2026-01-30 11:34"
"-0.40","","-4.10","76","756","1008","","","","1.70","","SSW","Облачно","2026-01-30 11:35"
"-0.40","","-4.10","76","756","1009","","","","1.70","","SSW","Облачно","2026-01-30 11:36"
"-0.40","","-4.10","76","756","1009","","","","1.70","","SSW","Облачно","2026-01-30 11:37"
"-0.40","","-3.80","77","756","1009","","","","1.30","","SSW","Облачно","2026-01-30 11:38"
"-0.30","","-3.70","77","756","1009","","","","1.30","","SSW","Облачно","2026-01-30 11:39"
"-0.30","","-3.70","77","756","1009","","","","1.30","","SSW","Облачно","2026-01-30 11:40"
"-0.30","","-3.70","77","756","1009","","","","1.30","","SSW","Облачно","2026-01-30 11:41"
"-0.30","","-3.70","77","756","1009","","","","1.30","","SSW","Облачно","2026-01-30 11:42"
"-0.30","","-3.70","77","756","1009","","","","1.30","","SSW","Облачно","2026-01-30 11:43"
"-0.30","","-3.70","77","756","1009","","","","1.30","","SSW","Облачно","2026-01-30 11:44"
"-0.30","","-3.70","77","756","1009","","","","1.30","","SSW","Облачно","2026-01-30 11:45"
"-0.20","","-3.60","77","756","1009","","","","1.30","","SSW","Облачно","2026-01-30 11:46"
"-0.20","","-3.60","77","756","1009","","","","1.30","","SSW","Облачно","2026-01-30 11:47"
"-0.20","","-3.60","77","756","1009","","","","1.30","","SSW","Облачно","2026-01-30 11:48"
"-0.20","","-3.60","77","756","1009","","","","1.30","","SSW","Облачно","2026-01-30 11:49"
"-0.20","","-3.60","77","756","1009","","","","1.30","","SSW","Облачно","2026-01-30 11:50"
"-0.20","","-3.60","77","756","1008","","","","1.30","","SSW","Облачно","2026-01-30 11:51"
"-0.20","","-3.60","77","756","1008","","","","1.30","","SSW","Облачно","2026-01-30 11:52"
"-0.20","","-3.60","77","756","1008","","","","1.30","","SSW","Облачно","2026-01-30 11:53"
"-0.20","","-3.70","77","756","1008","","","","1.50","","SSW","Облачно","2026-01-30 11:54"
"-0.20","","-3.70","77","756","1008","","","","1.50","","SSW","Облачно","2026-01-30 11:55"
"-0.20","","-3.70","77","756","1008","","","","1.50","","SSW","Облачно","2026-01-30 11:56"
"-0.20","","-3.70","77","756","1008","","","","1.50","","SSW","Облачно","2026-01-30 11:57"
"-0.10","","-3.60","77","756","1008","","","","1.50","","SSW","Облачно","2026-01-30 11:58"
"-0.20","","-3.70","77","756","1008","","","","1.50","","SSW","Облачно","2026-01-30 11:59"
"-0.10","","-3.60","77","756","1008","","","","1.50","","SSW","Облачно","2026-01-30 12:00"
"-0.10","","-3.60","77","756","1008","","","","1.50","","SSW","Облачно","2026-01-30 12:01"
"-0.10","","-3.60","77","756","1008","","","","1.50","","SSW","Облачно","2026-01-30 12:02"
"-0.10","","-3.60","77","756","1008","","","","1.50","","SSW","Облачно","2026-01-30 12:03"
"-0.10","","-3.60","77","756","1008","","","","1.50","","SSW","Облачно","2026-01-30 12:04"
"-0.10","","-3.60","77","756","1008","","","","1.50","","SSW","Облачно","2026-01-30 12:05"
"-0.10","","-3.60","77","756","1008","","","","1.50","","SSW","Облачно","2026-01-30 12:06"
"-0.10","","-3.60","76","756","1008","","","","1.50","","SSW","Облачно","2026-01-30 12:07"
"-0.10","","-3.60","76","756","1008","","","","1.50","","SSW","Облачно","2026-01-30 12:08"
"-0.20","","-3.70","76","756","1008","","","","1.50","","SSW","Облачно","2026-01-30 12:09"
"-0.20","","-3.70","76","756","1008","","","","4.50","","SSW","Облачно","2026-01-30 12:10"
"-0.20","","-5.80","76","756","1008","","","","4.50","","SSW","Облачно","2026-01-30 12:11"
"-0.20","","-5.80","76","756","1008","","","","4.50","","SSW","Облачно","2026-01-30 12:12"
"-0.20","","-5.80","76","756","1008","","","","4.50","","SSW","Облачно","2026-01-30 12:13"
"-0.20","","-5.80","76","756","1008","","","","4.50","","SSW","Облачно","2026-01-30 12:14"
"-0.20","","-5.80","76","756","1008","","","","4.50","","SSW","Облачно","2026-01-30 12:15"
"-0.20","","-5.80","76","756","1008","","","","4.50","","SSW","Облачно","2026-01-30 12:16"
"-0.20","","-5.80","76","756","1008","","","","4.50","","SSW","Облачно","2026-01-30 12:17"
"-0.20","","-5.90","75","756","1008","","","","4.50","","SSW","Облачно","2026-01-30 12:18"
"-0.20","","-5.90","75","756","1008","","","","4.50","","SSW","Облачно","2026-01-30 12:19"
"-0.20","","-5.90","75","756","1008","","","","4.50","","SSW","Облачно","2026-01-30 12:20"
"-0.20","","-5.90","75","756","1008","","","","4.50","","SSW","Облачно","2026-01-30 12:21"
"-0.10","","-5.70","75","756","1008","","","","4.50","","SSW","Облачно","2026-01-30 12:22"
"-0.10","","-5.70","75","756","1008","","","","4.50","","SSW","Облачно","2026-01-30 12:23"
"-0.10","","-5.70","75","756","1008","","","","4.50","","SSW","Облачно","2026-01-30 12:24"
"-0.10","","-5.70","75","756","1008","","","","4.50","","SSW","Облачно","2026-01-30 12:25"
"-0.10","","-5.70","75","756","1008","","","","4.50","","SSW","Облачно","2026-01-30 12:26"
"-0.10","","-5.70","75","756","1008","","","","4.50","","SSW","Облачно","2026-01-30 12:27"
"-0.10","","-5.70","75","756","1008","","","","4.50","","SSW","Облачно","2026-01-30 12:28"
"-0.10","","-3.50","75","756","1008","","","","1.30","","SSW","Облачно","2026-01-30 12:29"
"-0.10","","-3.50","75","756","1008","","","","1.00","","SSW","Облачно","2026-01-30 12:30"
"-0.10","","-3.50","75","756","1008","","","","1.00","","SSW","Облачно","2026-01-30 12:31"
"-0.10","","-3.30","75","756","1008","","","","1.00","","SSW","Облачно","2026-01-30 12:32"
"-0.10","","-3.30","75","756","1008","","","","1.00","","SSW","Облачно","2026-01-30 12:33"
"-0.10","","-3.30","75","756","1008","","","","1.00","","SSW","Облачно","2026-01-30 12:34"
"-0.10","","-3.30","74","756","1008","","","","1.00","","SSW","Облачно","2026-01-30 12:35"
"-0.10","","-3.30","74","756","1009","","","","1.00","","SSW","Облачно","2026-01-30 12:36"
"-0.10","","-3.30","74","756","1009","","","","1.00","","SSW","Облачно","2026-01-30 12:37"
"-0.10","","-3.30","74","756","1009","","","","1.00","","SSW","Облачно","2026-01-30 12:38"
"-0.10","","-3.30","74","756","1009","","","","1.00","","SSW","Облачно","2026-01-30 12:39"
"-0.10","","-3.30","74","756","1009","","","","1.00","","SSW","Облачно","2026-01-30 12:40"
"-0.10","","-3.30","74","756","1009","","","","1.00","","SSW","Облачно","2026-01-30 12:41"
"-0.10","","-3.30","74","756","1009","","","","1.00","","SSW","Облачно","2026-01-30 12:42"
"-0.10","","-3.30","74","756","1009","","","","1.00","","SSW","Облачно","2026-01-30 12:43"
"-0.10","","-3.40","74","756","1009","","","","1.10","","SSW","Облачно","2026-01-30 12:44"
"-0.10","","-3.40","74","756","1009","","","","1.10","","SSW","Облачно","2026-01-30 12:45"
"-0.10","","-3.40","74","756","1009","","","","1.10","","SSW","Облачно","2026-01-30 12:46"
"-0.10","","-3.40","74","756","1009","","","","1.10","","SSW","Облачно","2026-01-30 12:47"
"-0.10","","-3.40","74","756","1009","","","","1.00","","SSW","Облачно","2026-01-30 12:48"
"-0.10","","-3.40","74","756","1009","","","","1.10","","SSW","Облачно","2026-01-30 12:49"
"-0.10","","-4.20","74","756","1009","","","","2.20","","SSW","Облачно","2026-01-30 12:50"
"-0.10","","-4.20","74","756","1009","","","","2.60","","SSW","Облачно","2026-01-30 12:51"
"-0.10","","-4.40","74","756","1009","","","","1.50","","SSW","Облачно","2026-01-30 12:52"
"-0.10","","-4.40","74","756","1009","","","","1.40","","SSW","Облачно","2026-01-30 12:53"
"-0.10","","-3.60","74","756","1009","","","","0.70","","SSW","Облачно","2026-01-30 12:54"
"-0.10","","-3.10","74","756","1009","","","","0.70","","SSW","Облачно","2026-01-30 12:55"
"-0.10","","-3.10","74","756","1009","","","","0.70","","SSW","Облачно","2026-01-30 12:56"
"-0.10","","-3.10","74","756","1009","","","","0.70","","SSW","Облачно","2026-01-30 12:57"
"-0.10","","-3.10","74","756","1009","","","","0.70","","SSW","Облачно","2026-01-30 12:58"
"-0.10","","-4.40","74","756","1009","","","","1.80","","SSW","Облачно","2026-01-30 12:59"
"-0.10","","-3.90","73","756","1009","","","","1.80","","SSW","Облачно","2026-01-30 13:00"
"-0.10","","-4.00","73","756","1009","","","","2.00","","SSW","Облачно","2026-01-30 13:01"
"-0.10","","-4.00","73","756","1009","","","","1.10","","SSW","Облачно","2026-01-30 13:02"
"-0.10","","-4.00","73","756","1009","","","","1.10","","SSW","Облачно","2026-01-30 13:03"
"-0.10","","-3.00","73","756","1009","","","","0.50","","SSW","Облачно","2026-01-30 13:04"
"-0.10","","-3.00","73","756","1009","","","","0.50","","SSW","Облачно","2026-01-30 13:05"
"-0.10","","-3.30","73","756","1008","","","","0.90","","SSW","Облачно","2026-01-30 13:06"
"-0.10","","-3.30","73","756","1008","","","","0.90","","SSW","Облачно","2026-01-30 13:07"
"-0.10","","-3.30","73","756","1008","","","","0.90","","SSW","Облачно","2026-01-30 13:08"
"-0.10","","-3.30","73","756","1008","","","","1.00","","SSW","Облачно","2026-01-30 13:09"
"-0.10","","-3.30","73","756","1008","","","","1.00","","SSW","Облачно","2026-01-30 13:10"
"-0.10","","-3.30","73","756","1008","","","","0.70","","SSW","Облачно","2026-01-30 13:11"
"-0.10","","-3.30","73","756","1008","","","","0.70","","SSW","Облачно","2026-01-30 13:12"
"0.00","","-3.00","73","756","1008","","","","0.70","","SSW","Облачно","2026-01-30 13:13"
"0.00","","-3.00","73","756","1008","","","","1.40","","SSW","Облачно","2026-01-30 13:14"
"0.00","","-3.50","73","756","1008","","","","1.40","","SSW","Облачно","2026-01-30 13:15"
"0.00","","-3.50","73","756","1008","","","","1.20","","SSW","Облачно","2026-01-30 13:16"
"0.00","","-3.60","73","756","1008","","","","1.50","","SSW","Облачно","2026-01-30 13:17"
"0.00","","-3.60","73","756","1008","","","","1.00","","SSW","Облачно","2026-01-30 13:18"
"0.00","","-3.20","73","756","1008","","","","2.70","","SSW","Облачно","2026-01-30 13:19"
"0.00","","-4.40","73","756","1008","","","","2.70","","SSW","Облачно","2026-01-30 13:20"
"0.00","","-4.40","73","756","1008","","","","2.70","","SSW","Облачно","2026-01-30 13:21"
"0.00","","-3.40","73","756","1009","","","","0.90","","SSW","Облачно","2026-01-30 13:22"
"0.00","","-3.20","72","756","1009","","","","0.90","","SSW","Облачно","2026-01-30 13:23"
"0.00","","-3.80","72","756","1009","","","","1.90","","SSW","Облачно","2026-01-30 13:24"
"0.00","","-3.90","72","756","1009","","","","1.90","","SSW","Облачно","2026-01-30 13:25"
"0.00","","-3.90","72","756","1009","","","","1.90","","SSW","Облачно","2026-01-30 13:26"
"0.00","","-3.90","72","756","1009","","","","1.90","","SSW","Облачно","2026-01-30 13:27"
"0.00","","-7.00","72","756","1009","","","","6.30","","SSW","Облачно","2026-01-30 13:28"
"0.00","","-7.00","72","756","1009","","","","6.30","","SSW","Облачно","2026-01-30 13:29"
"-0.10","","-5.10","72","756","1009","","","","3.50","","SSW","Облачно","2026-01-30 13:30"
"-0.10","","-5.10","72","756","1009","","","","3.50","","SSW","Облачно","2026-01-30 13:31"
"-0.10","","-5.10","72","756","1009","","","","4.40","","SSW","Облачно","2026-01-30 13:32"
"-0.10","","-5.50","72","756","1009","","","","3.30","","SSW","Облачно","2026-01-30 13:33"
"-0.10","","-5.00","72","756","1009","","","","3.30","","SSW","Облачно","2026-01-30 13:34"
"-0.10","","-5.00","71","756","1009","","","","3.30","","SSW","Облачно","2026-01-30 13:35"
"-0.10","","-5.00","71","756","1008","","","","3.30","","SSW","Облачно","2026-01-30 13:36"
"-0.10","","-5.00","71","756","1008","","","","3.30","","SSW","Облачно","2026-01-30 13:37"
"-0.10","","-5.00","71","756","1008","","","","3.30","","SSW","Облачно","2026-01-30 13:38"
"-0.10","","-5.00","71","756","1008","","","","3.30","","SSW","Облачно","2026-01-30 13:39"
"-0.10","","-5.00","71","756","1008","","","","3.30","","SSW","Облачно","2026-01-30 13:40"
"-0.10","","-5.00","71","756","1008","","","","3.30","","SSW","Облачно","2026-01-30 13:41"
"-0.10","","-5.00","71","756","1008","","","","3.30","","SSW","Облачно","2026-01-30 13:42"
"-0.10","","-5.00","71","756","1008","","","","3.30","","SSW","Облачно","2026-01-30 13:43"
"-0.20","","-5.10","71","756","1008","","","","3.30","","SSW","Облачно","2026-01-30 13:44"
"-0.20","","-5.10","71","756","1008","","","","3.30","","SSW","Облачно","2026-01-30 13:45"
"-0.20","","-5.10","71","756","1008","","","","3.30","","SSW","Облачно","2026-01-30 13:46"
"-0.20","","-5.10","71","756","1008","","","","3.30","","SSW","Облачно","2026-01-30 13:47"
"-0.20","","-5.10","71","756","1008","","","","3.30","","SSW","Облачно","2026-01-30 13:48"
"-0.20","","-5.10","71","756","1008","","","","3.30","","SSW","Облачно","2026-01-30 13:49"
"-0.20","","-5.10","71","756","1008","","","","3.30","","SSW","Облачно","2026-01-30 13:50"
"-0.20","","-5.10","71","756","1009","","","","3.30","","SSW","Облачно","2026-01-30 13:51"
"-0.20","","-5.10","71","756","1009","","","","3.30","","SSW","Облачно","2026-01-30 13:52"
"-0.20","","-5.10","71","756","1009","","","","3.30","","SSW","Облачно","2026-01-30 13:53"
"-0.20","","-5.10","71","756","1009","","","","3.30","","SSW","Облачно","2026-01-30 13:54"
"-0.20","","-5.10","71","756","1009","","","","3.30","","SSW","Облачно","2026-01-30 13:55"
"-0.20","","-5.10","71","756","1009","","","","3.30","","SSW","Облачно","2026-01-30 13:56"
"-0.20","","-5.10","71","756","1009","","","","3.30","","SSW","Облачно","2026-01-30 13:57"
"-0.20","","-5.10","71","756","1009","","","","3.30","","SSW","Облачно","2026-01-30 13:58"
"-0.20","","-5.10","71","756","1009","","","","3.30","","SSW","Облачно","2026-01-30 13:59"
"-0.20","","-5.10","71","756","1009","","","","3.30","","SSW","Облачно","2026-01-30 14:00"
"-0.20","","-5.10","71","756","1009","","","","3.30","","SSW","Облачно","2026-01-30 14:01"
"-0.20","","-5.10","71","756","1009","","","","3.30","","SSW","Облачно","2026-01-30 14:02"
"-0.20","","-5.10","71","756","1009","","","","3.30","","SSW","Облачно","2026-01-30 14:03"
"-0.20","","-5.10","71","756","1009","","","","3.30","","SSW","Облачно","2026-01-30 14:04"
"-0.20","","-5.10","71","756","1009","","","","3.30","","SSW","Облачно","2026-01-30 14:05"
"-0.20","","-5.10","71","756","1009","","","","3.30","","SSW","Облачно","2026-01-30 14:06"
"-0.20","","-5.10","71","756","1009","","","","3.30","","SSW","Облачно","2026-01-30 14:07"
"-0.20","","-5.10","71","756","1009","","","","3.30","","SSW","Облачно","2026-01-30 14:08"
"-0.20","","-5.10","71","756","1009","","","","3.30","","SSW","Облачно","2026-01-30 14:09"
"-0.20","","-5.10","71","756","1009","","","","3.30","","SSW","Облачно","2026-01-30 14:10"
"-0.20","","-5.10","71","756","1009","","","","3.30","","SSW","Облачно","2026-01-30 14:11"
"-0.20","","-5.10","71","756","1009","","","","3.30","","SSW","Облачно","2026-01-30 14:12"
"-0.20","","-5.10","71","756","1009","","","","3.30","","SSW","Облачно","2026-01-30 14:13"
"-0.20","","-5.10","71","756","1009","","","","3.30","","SSW","Облачно","2026-01-30 14:14"
"-0.20","","-5.10","71","756","1009","","","","3.30","","SSW","Облачно","2026-01-30 14:15"
"-0.20","","-5.10","71","756","1009","","","","3.30","","SSW","Облачно","2026-01-30 14:16"
"-0.20","","-5.10","71","756","1009","","","","3.30","","SSW","Облачно","2026-01-30 14:17"
"-0.20","","-5.10","71","756","1009","","","","3.30","","SSW","Облачно","2026-01-30 14:18"
"-0.20","","-5.10","71","756","1009","","","","3.30","","SSW","Облачно","2026-01-30 14:19"
"-0.20","","-5.10","71","756","1009","","","","3.30","","SSW","Облачно","2026-01-30 14:20"
"-0.20","","-5.10","71","756","1009","","","","3.30","","SSW","Облачно","2026-01-30 14:21"
"-0.20","","-5.10","71","756","1009","","","","3.30","","SSW","Облачно","2026-01-30 14:22"
"-0.20","","-5.10","71","756","1009","","","","3.30","","SSW","Облачно","2026-01-30 14:23"
"-0.20","","-5.10","71","756","1009","","","","3.30","","SSW","Облачно","2026-01-30 14:24"
"-0.20","","-5.10","71","756","1009","","","","3.30","","SSW","Облачно","2026-01-30 14:25"
"-0.20","","-5.10","71","756","1009","","","","3.30","","SSW","Облачно","2026-01-30 14:26"
"-0.20","","-5.10","71","756","1009","","","","3.30","","SSW","Облачно","2026-01-30 14:27"
"-0.20","","-5.10","71","756","1009","","","","3.30","","SSW","Облачно","2026-01-30 14:28"
"-0.20","","-5.10","71","756","1009","","","","3.30","","SSW","Облачно","2026-01-30 14:29"
"-0.20","","-5.10","71","756","1009","","","","3.30","","SSW","Облачно","2026-01-30 14:30"
"-0.20","","-5.10","71","756","1009","","","","3.30","","SSW","Облачно","2026-01-30 14:31"
"-0.20","","-5.10","71","756","1009","","","","3.30","","SSW","Облачно","2026-01-30 14:32"
"-0.20","","-5.10","71","756","1009","","","","3.30","","SSW","Облачно","2026-01-30 14:33"
"-0.20","","-5.10","71","756","1009","","","","3.30","","SSW","Облачно","2026-01-30 14:34"
"-0.20","","-5.10","71","756","1009","","","","3.30","","SSW","Облачно","2026-01-30 14:35"
"-0.20","","-5.10","71","756","1009","","","","3.30","","SSW","Облачно","2026-01-30 14:36"
"-0.20","","-5.10","71","756","1009","","","","3.30","","SSW","Облачно","2026-01-30 14:37"
"-0.20","","-5.10","71","756","1009","","","","3.30","","SSW","Облачно","2026-01-30 14:38"
"-0.20","","-5.10","71","756","1009","","","","3.30","","SSW","Облачно","2026-01-30 14:39"
"-0.20","","-5.10","71","756","1009","","","","3.30","","SSW","Облачно","2026-01-30 14:40"
"-0.20","","-5.10","71","756","1009","","","","3.30","","SSW","Облачно","2026-01-30 14:41"
"-0.20","","-5.10","71","756","1009","","","","3.30","","SSW","Облачно","2026-01-30 14:42"
"-0.20","","-5.10","71","756","1009","","","","3.30","","SSW","Облачно","2026-01-30 14:43"
"-0.20","","-5.10","71","756","1009","","","","3.30","","SSW","Облачно","2026-01-30 14:44"
"-0.20","","-5.10","71","756","1009","","","","3.30","","SSW","Облачно","2026-01-30 14:45"
"-0.20","","-5.10","71","756","1009","","","","3.30","","SSW","Облачно","2026-01-30 14:46"
"-0.20","","-5.10","71","756","1009","","","","3.30","","SSW","Облачно","2026-01-30 14:47"
"-0.20","","-5.10","71","756","1009","","","","3.30","","SSW","Облачно","2026-01-30 14:48"
"-0.20","","-5.10","71","756","1009","","","","3.30","","SSW","Облачно","2026-01-30 14:49"
"-0.20","","-5.10","71","756","1009","","","","3.30","","SSW","Облачно","2026-01-30 14:50"
"-0.20","","-5.10","71","756","1008","","","","3.30","","SSW","Облачно","2026-01-30 14:51"
"-0.20","","-5.10","71","756","1008","","","","3.30","","SSW","Облачно","2026-01-30 14:52"
"-0.20","","-5.10","71","756","1008","","","","3.30","","SSW","Облачно","2026-01-30 14:53"
"-0.20","","-5.10","71","756","1008","","","","3.30","","SSW","Облачно","2026-01-30 14:54"
"-0.20","","-5.10","71","756","1008","","","","3.30","","SSW","Облачно","2026-01-30 14:55"
"-0.20","","-5.10","71","756","1008","","","","3.30","","SSW","Облачно","2026-01-30 14:56"
"-0.20","","-5.10","71","756","1008","","","","3.30","","SSW","Облачно","2026-01-30 14:57"
"-0.20","","-5.10","71","756","1008","","","","3.30","","SSW","Облачно","2026-01-30 14:58"
"-0.20","","-5.10","71","756","1008","","","","3.30","","SSW","Облачно","2026-01-30 14:59"
"-0.20","","-5.10","71","756","1008","","","","3.30","","SSW","Облачно","2026-01-30 15:00"
"-0.20","","-5.10","71","756","1008","","","","3.30","","SSW","Облачно","2026-01-30 15:01"
"-0.20","","-5.10","71","756","1008","","","","3.30","","SSW","Облачно","2026-01-30 15:02"
"-0.20","","-5.10","71","756","1008","","","","3.30","","SSW","Облачно","2026-01-30 15:03"
"-0.20","","-5.10","71","756","1008","","","","3.30","","SSW","Облачно","2026-01-30 15:04"
"-0.20","","-5.10","71","756","1008","","","","3.30","","SSW","Облачно","2026-01-30 15:05"
"-0.20","","-5.10","71","756","1008","","","","3.30","","SSW","Облачно","2026-01-30 15:06"
"-0.20","","-5.10","71","756","1009","","","","3.30","","SSW","Облачно","2026-01-30 15:07"
"-0.20","","-5.10","71","756","1009","","","","3.30","","SSW","Облачно","2026-01-30 15:08"
"-0.20","","-5.10","71","756","1009","","","","3.30","","SSW","Облачно","2026-01-30 15:09"
"-0.20","","-5.10","71","756","1009","","","","3.30","","SSW","Облачно","2026-01-30 15:10"
"-0.20","","-5.10","71","756","1009","","","","3.30","","SSW","Облачно","2026-01-30 15:11"
"-0.20","","-5.10","71","756","1009","","","","3.30","","SSW","Облачно","2026-01-30 15:12"
"-0.20","","-5.10","71","756","1009","","","","3.30","","SSW","Облачно","2026-01-30 15:13"
"-0.20","","-5.10","71","756","1009","","","","3.30","","SSW","Облачно","2026-01-30 15:14"
"-0.20","","-5.10","71","756","1009","","","","3.30","","SSW","Облачно","2026-01-30 15:15"
"-0.20","","-5.10","71","756","1009","","","","3.30","","SSW","Облачно","2026-01-30 15:16"
"-0.20","","-5.10","71","756","1009","","","","3.30","","SSW","Облачно","2026-01-30 15:17"
"-0.20","","-5.10","71","756","1009","","","","3.30","","SSW","Облачно","2026-01-30 15:18"
"-0.20","","-5.10","71","756","1009","","","","3.30","","SSW","Облачно","2026-01-30 15:19"
"-0.20","","-5.10","71","756","1009","","","","3.30","","SSW","Облачно","2026-01-30 15:20"
"-0.20","","-5.10","71","756","1009","","","","3.30","","SSW","Облачно","2026-01-30 15:21"
"-0.20","","-5.10","71","756","1008","","","","3.30","","SSW","Облачно","2026-01-30 15:22"
"-0.20","","-5.10","71","756","1008","","","","3.30","","SSW","Облачно","2026-01-30 15:23"
"-0.20","","-5.10","71","756","1008","","","","3.30","","SSW","Облачно","2026-01-30 15:24"
"-0.20","","-5.10","71","756","1008","","","","3.30","","SSW","Облачно","2026-01-30 15:25"
"-0.20","","-5.10","71","756","1008","","","","3.30","","SSW","Облачно","2026-01-30 15:26"
"-0.20","","-5.10","71","756","1008","","","","3.30","","SSW","Облачно","2026-01-30 15:27"
"-0.20","","-5.10","71","756","1008","","","","3.30","","SSW","Облачно","2026-01-30 15:28"
"-0.20","","-5.10","71","756","1008","","","","3.30","","SSW","Облачно","2026-01-30 15:29"
"-0.20","","-5.10","71","756","1008","","","","3.30","","SSW","Облачно","2026-01-30 15:30"
"-0.20","","-5.10","71","756","1008","","","","3.30","","SSW","Облачно","2026-01-30 15:31"
"-0.20","","-5.10","71","756","1008","","","","3.30","","SSW","Облачно","2026-01-30 15:32"
"-0.20","","-5.10","71","756","1008","","","","3.30","","SSW","Облачно","2026-01-30 15:33"
"-0.20","","-5.10","71","756","1008","","","","3.30","","SSW","Облачно","2026-01-30 15:34"
"-0.20","","-5.10","71","756","1008","","","","3.30","","SSW","Облачно","2026-01-30 15:35"
"-0.20","","-5.10","71","756","1008","","","","3.30","","SSW","Облачно","2026-01-30 15:36"
"-0.20","","-5.10","71","756","1008","","","","3.30","","SSW","Облачно","2026-01-30 15:37"
"-0.20","","-5.10","71","756","1008","","","","3.30","","SSW","Облачно","2026-01-30 15:38"
"-0.20","","-5.10","71","756","1008","","","","3.30","","SSW","Облачно","2026-01-30 15:39"
"-0.20","","-5.10","71","756","1008","","","","3.30","","SSW","Облачно","2026-01-30 15:40"
"-0.20","","-5.10","71","756","1008","","","","3.30","","SSW","Облачно","2026-01-30 15:41"
"-0.20","","-5.10","71","756","1008","","","","3.30","","SSW","Облачно","2026-01-30 15:42"
"-0.20","","-5.10","71","756","1008","","","","3.30","","SSW","Облачно","2026-01-30 15:43"
"-0.20","","-5.10","71","756","1008","","","","3.30","","SSW","Облачно","2026-01-30 15:44"
"-0.20","","-5.10","71","756","1008","","","","3.30","","SSW","Облачно","2026-01-30 15:45"
"-0.20","","-5.10","71","756","1008","","","","3.30","","SSW","Облачно","2026-01-30 15:46"
"-0.20","","-5.10","71","756","1008","","","","3.30","","SSW","Облачно","2026-01-30 15:47"
"-0.20","","-5.10","71","756","1008","","","","3.30","","SSW","Облачно","2026-01-30 15:48"
"-0.20","","-5.10","71","756","1008","","","","3.30","","SSW","Облачно","2026-01-30 15:49"
"-0.20","","-5.10","71","756","1008","","","","3.30","","SSW","Облачно","2026-01-30 15:50"
"-0.20","","-5.10","71","756","1009","","","","3.30","","SSW","Облачно","2026-01-30 15:51"
"-0.20","","-5.10","71","756","1009","","","","3.30","","SSW","Облачно","2026-01-30 15:52"
"-0.20","","-5.10","71","756","1009","","","","3.30","","SSW","Облачно","2026-01-30 15:53"
"-0.20","","-5.10","71","756","1009","","","","3.30","","SSW","Облачно","2026-01-30 15:54"
"-0.20","","-5.10","71","756","1009","","","","3.30","","SSW","Облачно","2026-01-30 15:55"
"-0.20","","-5.10","71","756","1009","","","","3.30","","SSW","Облачно","2026-01-30 15:56"
"-0.20","","-5.10","71","756","1009","","","","3.30","","SSW","Облачно","2026-01-30 15:57"
"-0.20","","-5.10","71","756","1009","","","","3.30","","SSW","Облачно","2026-01-30 15:58"
"-0.20","","-5.10","71","756","1009","","","","3.30","","SSW","Облачно","2026-01-30 15:59"
"-0.20","","-5.10","71","756","1009","","","","3.30","","SSW","Облачно","2026-01-30 16:00"
"-0.20","","-5.10","71","756","1009","","","","3.30","","SSW","Облачно","2026-01-30 16:01"
"-0.20","","-5.10","71","756","1009","","","","3.30","","SSW","Облачно","2026-01-30 16:02"
"-0.20","","-5.10","71","756","1009","","","","3.30","","SSW","Облачно","2026-01-30 16:03"
"-0.20","","-5.10","71","756","1009","","","","3.30","","SSW","Облачно","2026-01-30 16:04"
"-0.20","","-5.10","71","756","1009","","","","3.30","","SSW","Облачно","2026-01-30 16:05"
"-0.20","","-5.10","71","757","1010","","","","3.30","","SSW","Облачно","2026-01-30 16:06"
"-0.20","","-5.10","71","757","1010","","","","3.30","","SSW","Облачно","2026-01-30 16:07"
"-0.20","","-5.10","71","757","1010","","","","3.30","","SSW","Облачно","2026-01-30 16:08"
"-0.20","","-5.10","71","757","1010","","","","3.30","","SSW","Облачно","2026-01-30 16:09"
"-0.20","","-5.10","71","757","1010","","","","3.30","","SSW","Облачно","2026-01-30 16:10"
"-0.20","","-5.10","71","757","1010","","","","3.30","","SSW","Облачно","2026-01-30 16:11"
"-0.20","","-5.10","71","757","1010","","","","3.30","","SSW","Облачно","2026-01-30 16:12"
"-0.20","","-5.10","71","757","1010","","","","3.30","","SSW","Облачно","2026-01-30 16:13"
"-0.20","","-5.10","71","757","1010","","","","3.30","","SSW","Облачно","2026-01-30 16:14"
"-0.20","","-5.10","71","757","1010","","","","3.30","","SSW","Облачно","2026-01-30 16:15"
"-0.20","","-5.10","71","757","1010","","","","3.30","","SSW","Облачно","2026-01-30 16:16"
"-0.20","","-5.10","71","757","1010","","","","3.30","","SSW","Облачно","2026-01-30 16:17"
"-0.20","","-5.10","71","757","1010","","","","3.30","","SSW","Облачно","2026-01-30 16:18"
"-0.20","","-5.10","71","757","1010","","","","3.30","","SSW","Облачно","2026-01-30 16:19"
"-0.20","","-5.10","71","757","1010","","","","3.30","","SSW","Облачно","2026-01-30 16:20"
"-0.20","","-5.10","71","757","1010","","","","3.30","","SSW","Облачно","2026-01-30 16:21"
"-0.20","","-5.10","71","757","1010","","","","3.30","","SSW","Облачно","2026-01-30 16:22"
"-0.20","","-5.10","71","757","1010","","","","3.30","","SSW","Облачно","2026-01-30 16:23"
"-0.20","","-5.10","71","757","1010","","","","3.30","","SSW","Облачно","2026-01-30 16:24"
"-0.20","","-5.10","71","757","1010","","","","3.30","","SSW","Облачно","2026-01-30 16:25"
"-0.20","","-5.10","71","757","1010","","","","3.30","","SSW","Облачно","2026-01-30 16:26"
"-0.20","","-5.10","71","757","1010","","","","3.30","","SSW","Облачно","2026-01-30 16:27"
"-0.20","","-5.10","71","757","1010","","","","3.30","","SSW","Облачно","2026-01-30 16:28"
"-0.20","","-5.10","71","757","1010","","","","3.30","","SSW","Облачно","2026-01-30 16:29"
"-0.20","","-5.10","71","757","1010","","","","3.30","","SSW","Облачно","2026-01-30 16:30"
"-0.20","","-5.10","71","757","1010","","","","3.30","","SSW","Облачно","2026-01-30 16:31"
"-0.20","","-5.10","71","757","1010","","","","3.30","","SSW","Облачно","2026-01-30 16:32"
"-0.20","","-5.10","71","757","1010","","","","3.30","","SSW","Облачно","2026-01-30 16:33"
"-0.20","","-5.10","71","757","1010","","","","3.30","","SSW","Облачно","2026-01-30 16:34"
"-0.20","","-5.10","71","757","1010","","","","3.30","","SSW","Облачно","2026-01-30 16:35"
"-0.20","","-5.10","71","757","1010","","","","3.30","","SSW","Облачно","2026-01-30 16:36"
"-0.20","","-5.10","71","757","1010","","","","3.30","","SSW","Облачно","2026-01-30 16:37"
"-0.20","","-5.10","71","757","1010","","","","3.30","","SSW","Облачно","2026-01-30 16:38"
"-0.20","","-5.10","71","757","1010","","","","3.30","","SSW","Облачно","2026-01-30 16:39"
"-0.20","","-5.10","71","757","1010","","","","3.30","","SSW","Облачно","2026-01-30 16:40"
"-0.20","","-5.10","71","757","1010","","","","3.30","","SSW","Облачно","2026-01-30 16:41"
"-0.20","","-5.10","71","757","1010","","","","3.30","","SSW","Облачно","2026-01-30 16:42"
"-0.20","","-5.10","71","757","1010","","","","3.30","","SSW","Облачно","2026-01-30 16:43"
"-0.20","","-5.10","71","757","1010","","","","3.30","","SSW","Облачно","2026-01-30 16:44"
"-0.20","","-5.10","71","757","1010","","","","3.30","","SSW","Облачно","2026-01-30 16:45"
"-0.20","","-5.10","71","757","1010","","","","3.30","","SSW","Облачно","2026-01-30 16:46"
"-0.20","","-5.10","71","757","1010","","","","3.30","","SSW","Облачно","2026-01-30 16:47"
"-0.20","","-5.10","71","757","1010","","","","3.30","","SSW","Облачно","2026-01-30 16:48"
"-0.20","","-5.10","71","757","1010","","","","3.30","","SSW","Облачно","2026-01-30 16:49"
"-0.20","","-5.10","71","757","1010","","","","3.30","","SSW","Облачно","2026-01-30 16:50"
"-0.20","","-5.10","71","756","1009","","","","3.30","","SSW","Облачно","2026-01-30 16:51"
"-0.20","","-5.10","71","756","1009","","","","3.30","","SSW","Облачно","2026-01-30 16:52"
"-0.20","","-5.10","71","756","1009","","","","3.30","","SSW","Облачно","2026-01-30 16:53"
"-0.20","","-5.10","71","756","1009","","","","3.30","","SSW","Облачно","2026-01-30 16:54"
"-0.20","","-5.10","71","756","1009","","","","3.30","","SSW","Облачно","2026-01-30 16:55"
"-0.20","","-5.10","71","756","1009","","","","3.30","","SSW","Облачно","2026-01-30 16:56"
"-0.20","","-5.10","71","756","1009","","","","3.30","","SSW","Облачно","2026-01-30 16:57"
"-0.20","","-5.10","71","756","1009","","","","3.30","","SSW","Облачно","2026-01-30 16:58"
"-0.20","","-5.10","71","756","1009","","","","3.30","","SSW","Облачно","2026-01-30 16:59"
"-0.20","","-5.10","71","756","1009","","","","3.30","","SSW","Облачно","2026-01-30 17:00"
"-0.20","","-5.10","71","756","1009","","","","3.30","","SSW","Облачно","2026-01-30 17:01"
"-0.20","","-5.10","71","756","1009","","","","3.30","","SSW","Облачно","2026-01-30 17:02"
"-0.20","","-5.10","71","756","1009","","","","3.30","","SSW","Облачно","2026-01-30 17:03"
"-0.20","","-5.10","71","756","1009","","","","3.30","","SSW","Облачно","2026-01-30 17:04"
"-0.20","","-5.10","71","756","1009","","","","3.30","","SSW","Облачно","2026-01-30 17:05"
"-0.20","","-5.10","71","756","1009","","","","3.30","","SSW","Облачно","2026-01-30 17:06"
"-0.20","","-5.10","71","756","1009","","","","3.30","","SSW","Облачно","2026-01-30 17:07"
"-0.20","","-5.10","71","756","1009","","","","3.30","","SSW","Облачно","2026-01-30 17:08"
"-0.20","","-5.10","71","756","1009","","","","3.30","","SSW","Облачно","2026-01-30 17:09"
"-0.20","","-5.10","71","756","1009","","","","3.30","","SSW","Облачно","2026-01-30 17:10"
"-0.20","","-5.10","71","756","1009","","","","3.30","","SSW","Облачно","2026-01-30 17:11"
"-0.20","","-5.10","71","756","1009","","","","3.30","","SSW","Облачно","2026-01-30 17:12"
"-0.20","","-5.10","71","756","1009","","","","3.30","","SSW","Облачно","2026-01-30 17:13"
"-0.20","","-5.10","71","756","1009","","","","3.30","","SSW","Облачно","2026-01-30 17:14"
"-0.20","","-5.10","71","756","1009","","","","3.30","","SSW","Облачно","2026-01-30 17:15"
"-0.20","","-5.10","71","756","1009","","","","3.30","","SSW","Облачно","2026-01-30 17:16"
"-0.20","","-5.10","71","756","1009","","","","3.30","","SSW","Облачно","2026-01-30 17:17"
"-0.20","","-5.10","71","756","1009","","","","3.30","","SSW","Облачно","2026-01-30 17:18"
"-0.20","","-5.10","71","756","1009","","","","3.30","","SSW","Облачно","2026-01-30 17:19"
"-0.20","","-5.10","71","756","1009","","","","3.30","","SSW","Облачно","2026-01-30 17:20"
"-0.20","","-5.10","71","756","1009","","","","3.30","","SSW","Облачно","2026-01-30 17:21"
"-0.20","","-5.10","71","756","1009","","","","3.30","","SSW","Облачно","2026-01-30 17:22"
"-0.20","","-5.10","71","756","1009","","","","3.30","","SSW","Облачно","2026-01-30 17:23"
"-0.20","","-5.10","71","756","1009","","","","3.30","","SSW","Облачно","2026-01-30 17:24"
"-0.20","","-5.10","71","756","1009","","","","3.30","","SSW","Облачно","2026-01-30 17:25"
"-0.20","","-5.10","71","756","1009","","","","3.30","","SSW","Облачно","2026-01-30 17:26"
"-0.20","","-5.10","71","756","1009","","","","3.30","","SSW","Облачно","2026-01-30 17:27"
"-0.20","","-5.10","71","756","1009","","","","3.30","","SSW","Облачно","2026-01-30 17:28"
"-0.20","","-5.10","71","756","1009","","","","3.30","","SSW","Облачно","2026-01-30 17:29"
"-0.20","","-5.10","71","756","1009","","","","3.30","","SSW","Облачно","2026-01-30 17:30"
"-0.20","","-5.10","71","756","1009","","","","3.30","","SSW","Облачно","2026-01-30 17:31"
"-0.20","","-5.10","71","756","1009","","","","3.30","","SSW","Облачно","2026-01-30 17:32"
"-0.20","","-5.10","71","756","1009","","","","3.30","","SSW","Облачно","2026-01-30 17:33"
"-0.20","","-5.10","71","756","1009","","","","3.30","","SSW","Облачно","2026-01-30 17:34"
"-0.20","","-5.10","71","756","1009","","","","3.30","","SSW","Облачно","2026-01-30 17:35"
"-0.20","","-5.10","71","756","1009","","","","3.30","","SSW","Облачно","2026-01-30 17:36"
"-0.20","","-5.10","71","756","1009","","","","3.30","","SSW","Облачно","2026-01-30 17:37"
"-0.20","","-5.10","71","756","1009","","","","3.30","","SSW","Облачно","2026-01-30 17:38"
"-0.20","","-5.10","71","756","1009","","","","3.30","","SSW","Облачно","2026-01-30 17:39"
"-0.20","","-5.10","71","756","1009","","","","3.30","","SSW","Облачно","2026-01-30 17:40"
"-0.20","","-5.10","71","756","1009","","","","3.30","","SSW","Облачно","2026-01-30 17:41"
"-0.20","","-5.10","71","756","1009","","","","3.30","","SSW","Облачно","2026-01-30 17:42"
"-0.20","","-5.10","71","756","1009","","","","3.30","","SSW","Облачно","2026-01-30 17:43"
"-0.20","","-5.10","71","756","1009","","","","3.30","","SSW","Облачно","2026-01-30 17:44"
"-0.20","","-5.10","71","756","1009","","","","3.30","","SSW","Облачно","2026-01-30 17:45"
"-0.20","","-5.10","71","756","1009","","","","3.30","","SSW","Облачно","2026-01-30 17:46"
"-0.20","","-5.10","71","756","1009","","","","3.30","","SSW","Облачно","2026-01-30 17:47"
"-0.20","","-5.10","71","756","1009","","","","3.30","","SSW","Облачно","2026-01-30 17:48"
"-0.20","","-5.10","71","756","1009","","","","3.30","","SSW","Облачно","2026-01-30 17:49"
"-0.20","","-5.10","71","756","1009","","","","3.30","","SSW","Облачно","2026-01-30 17:50"
"-0.20","","-5.10","71","756","1009","","","","3.30","","SSW","Облачно","2026-01-30 17:51"
"-0.20","","-5.10","71","756","1009","","","","3.30","","SSW","Облачно","2026-01-30 17:52"
"-0.20","","-5.10","71","756","1009","","","","3.30","","SSW","Облачно","2026-01-30 17:53"
"-0.20","","-5.10","71","756","1009","","","","3.30","","SSW","Облачно","2026-01-30 17:54"
"-0.20","","-5.10","71","756","1009","","","","3.30","","SSW","Облачно","2026-01-30 17:55"
"-0.20","","-5.10","71","756","1009","","","","3.30","","SSW","Облачно","2026-01-30 17:56"
"-0.20","","-5.10","71","756","1009","","","","3.30","","SSW","Облачно","2026-01-30 17:57"
"-0.20","","-5.10","71","756","1009","","","","3.30","","SSW","Облачно","2026-01-30 17:58"
"-0.20","","-5.10","71","756","1009","","","","3.30","","SSW","Облачно","2026-01-30 17:59"
"-0.20","","-5.10","71","756","1009","","","","3.30","","SSW","Облачно","2026-01-30 18:00"
"-0.20","","-5.10","71","756","1009","","","","3.30","","SSW","Облачно","2026-01-30 18:01"
"-0.20","","-5.10","71","756","1009","","","","3.30","","SSW","Облачно","2026-01-30 18:02"
"-0.20","","-5.10","71","756","1009","","","","3.30","","SSW","Облачно","2026-01-30 18:03"
"-0.20","","-5.10","71","756","1009","","","","3.30","","SSW","Облачно","2026-01-30 18:04"
"-0.20","","-5.10","71","756","1009","","","","3.30","","SSW","Облачно","2026-01-30 18:05"
"-0.20","","-5.10","71","756","1009","","","","3.30","","SSW","Облачно","2026-01-30 18:06"
"-0.20","","-5.10","71","756","1009","","","","3.30","","SSW","Облачно","2026-01-30 18:07"
"-0.20","","-5.10","71","756","1009","","","","3.30","","SSW","Облачно","2026-01-30 18:08"
"-0.20","","-5.10","71","756","1009","","","","3.30","","SSW","Облачно","2026-01-30 18:09"
"-0.20","","-5.10","71","756","1009","","","","3.30","","SSW","Облачно","2026-01-30 18:10"
"-0.20","","-5.10","71","756","1009","","","","3.30","","SSW","Облачно","2026-01-30 18:11"
"-0.20","","-5.10","71","756","1009","","","","3.30","","SSW","Облачно","2026-01-30 18:12"
"-0.20","","-5.10","71","756","1009","","","","3.30","","SSW","Облачно","2026-01-30 18:13"
"-0.20","","-5.10","71","756","1009","","","","3.30","","SSW","Облачно","2026-01-30 18:14"
"-0.20","","-5.10","71","756","1009","","","","3.30","","SSW","Облачно","2026-01-30 18:15"
"-0.20","","-5.10","71","756","1009","","","","3.30","","SSW","Облачно","2026-01-30 18:16"
"-0.20","","-5.10","71","756","1009","","","","3.30","","SSW","Облачно","2026-01-30 18:17"
"-0.20","","-5.10","71","756","1009","","","","3.30","","SSW","Облачно","2026-01-30 18:18"
"-0.20","","-5.10","71","756","1009","","","","3.30","","SSW","Облачно","2026-01-30 18:19"
"-0.20","","-5.10","71","756","1009","","","","3.30","","SSW","Облачно","2026-01-30 18:20"
"-0.20","","-5.10","71","757","1010","","","","3.30","","SSW","Облачно","2026-01-30 18:21"
"-0.20","","-5.10","71","757","1010","","","","3.30","","SSW","Облачно","2026-01-30 18:22"
"-0.20","","-5.10","71","757","1010","","","","3.30","","SSW","Облачно","2026-01-30 18:23"
"-0.20","","-5.10","71","757","1010","","","","3.30","","SSW","Облачно","2026-01-30 18:24"
"-0.20","","-5.10","71","757","1010","","","","3.30","","SSW","Облачно","2026-01-30 18:25"
"-0.20","","-5.10","71","757","1010","","","","3.30","","SSW","Облачно","2026-01-30 18:26"
"-0.20","","-5.10","71","757","1010","","","","3.30","","SSW","Облачно","2026-01-30 18:27"
"-0.20","","-5.10","71","757","1010","","","","3.30","","SSW","Облачно","2026-01-30 18:28"
"-0.20","","-5.10","71","757","1010","","","","3.30","","SSW","Облачно","2026-01-30 18:29"
"-0.20","","-5.10","71","757","1010","","","","3.30","","SSW","Облачно","2026-01-30 18:30"
"-0.20","","-5.10","71","757","1010","","","","3.30","","SSW","Облачно","2026-01-30 18:31"
"-0.20","","-5.10","71","757","1010","","","","3.30","","SSW","Облачно","2026-01-30 18:32"
"-0.20","","-5.10","71","757","1010","","","","3.30","","SSW","Облачно","2026-01-30 18:33"
"-0.20","","-5.10","71","757","1010","","","","3.30","","SSW","Облачно","2026-01-30 18:34"
"-0.20","","-5.10","71","757","1010","","","","3.30","","SSW","Облачно","2026-01-30 18:35"
"-0.20","","-5.10","71","757","1010","","","","3.30","","SSW","Облачно","2026-01-30 18:36"
"-0.20","","-5.10","71","757","1010","","","","3.30","","SSW","Облачно","2026-01-30 18:37"
"-0.20","","-5.10","71","757","1010","","","","3.30","","SSW","Облачно","2026-01-30 18:38"
"-0.20","","-5.10","71","757","1010","","","","3.30","","SSW","Облачно","2026-01-30 18:39"
"-0.20","","-5.10","71","757","1010","","","","3.30","","SSW","Облачно","2026-01-30 18:40"
"-0.20","","-5.10","71","757","1010","","","","3.30","","SSW","Облачно","2026-01-30 18:41"
"-0.20","","-5.10","71","757","1010","","","","3.30","","SSW","Облачно","2026-01-30 18:42"
"-0.20","","-5.10","71","757","1010","","","","3.30","","SSW","Облачно","2026-01-30 18:43"
"-0.20","","-5.10","71","757","1010","","","","3.30","","SSW","Облачно","2026-01-30 18:44"
"-0.20","","-5.10","71","757","1010","","","","3.30","","SSW","Облачно","2026-01-30 18:45"
"-0.20","","-5.10","71","757","1010","","","","3.30","","SSW","Облачно","2026-01-30 18:46"
"-0.20","","-5.10","71","757","1010","","","","3.30","","SSW","Облачно","2026-01-30 18:47"
"-0.20","","-5.10","71","757","1010","","","","3.30","","SSW","Облачно","2026-01-30 18:48"
"-0.20","","-5.10","71","757","1010","","","","3.30","","SSW","Облачно","2026-01-30 18:49"
"-0.20","","-5.10","71","757","1010","","","","3.30","","SSW","Облачно","2026-01-30 18:50"
"-0.20","","-5.10","71","756","1009","","","","3.30","","SSW","Облачно","2026-01-30 18:51"
"-0.20","","-5.10","71","756","1009","","","","3.30","","SSW","Облачно","2026-01-30 18:52"
"-0.20","","-5.10","71","756","1009","","","","3.30","","SSW","Облачно","2026-01-30 18:53"
"-0.20","","-5.10","71","756","1009","","","","3.30","","SSW","Облачно","2026-01-30 18:54"
"-0.20","","-5.10","71","756","1009","","","","3.30","","SSW","Облачно","2026-01-30 18:55"
"-0.20","","-5.10","71","756","1009","","","","3.30","","SSW","Облачно","2026-01-30 18:56"
"-0.20","","-5.10","71","756","1009","","","","3.30","","SSW","Облачно","2026-01-30 18:57"
"-0.20","","-5.10","71","756","1009","","","","3.30","","SSW","Облачно","2026-01-30 18:58"
"-0.20","","-5.10","71","756","1009","","","","3.30","","SSW","Облачно","2026-01-30 18:59"
"-0.20","","-5.10","71","756","1009","","","","3.30","","SSW","Облачно","2026-01-30 19:00"
"-0.20","","-5.10","71","756","1009","","","","3.30","","SSW","Облачно","2026-01-30 19:01"
"-0.20","","-5.10","71","756","1009","","","","3.30","","SSW","Облачно","2026-01-30 19:02"
"-0.20","","-5.10","71","756","1009","","","","3.30","","SSW","Облачно","2026-01-30 19:03"
"-0.20","","-5.10","71","756","1009","","","","3.30","","SSW","Облачно","2026-01-30 19:04"
"-0.20","","-5.10","71","756","1009","","","","3.30","","SSW","Облачно","2026-01-30 19:05"
"-0.20","","-5.10","71","757","1010","","","","3.30","","SSW","Облачно","2026-01-30 19:06"
"-0.20","","-5.10","71","757","1010","","","","3.30","","SSW","Облачно","2026-01-30 19:07"
"-0.20","","-5.10","71","757","1010","","","","3.30","","SSW","Облачно","2026-01-30 19:08"
"-0.20","","-5.10","71","757","1010","","","","3.30","","SSW","Облачно","2026-01-30 19:09"
"-0.20","","-5.10","71","757","1010","","","","3.30","","SSW","Облачно","2026-01-30 19:10"
"-0.20","","-5.10","71","757","1010","","","","3.30","","SSW","Облачно","2026-01-30 19:11"
"-0.20","","-5.10","71","757","1010","","","","3.30","","SSW","Облачно","2026-01-30 19:12"
"-0.20","","-5.10","71","757","1010","","","","3.30","","SSW","Облачно","2026-01-30 19:13"
"-0.20","","-5.10","71","757","1010","","","","3.30","","SSW","Облачно","2026-01-30 19:14"
"-0.20","","-5.10","71","757","1010","","","","3.30","","SSW","Облачно","2026-01-30 19:15"
"-0.20","","-5.10","71","757","1010","","","","3.30","","SSW","Облачно","2026-01-30 19:16"
"-0.20","","-5.10","71","757","1010","","","","3.30","","SSW","Облачно","2026-01-30 19:17"
"-0.20","","-5.10","71","757","1010","","","","3.30","","SSW","Облачно","2026-01-30 19:18"
"-0.20","","-5.10","71","757","1010","","","","3.30","","SSW","Облачно","2026-01-30 19:19"
"-0.20","","-5.10","71","757","1010","","","","3.30","","SSW","Облачно","2026-01-30 19:20"
"-0.20","","-5.10","71","757","1010","","","","3.30","","SSW","Облачно","2026-01-30 19:21"
"-0.20","","-5.10","71","757","1010","","","","3.30","","SSW","Облачно","2026-01-30 19:22"
"-0.20","","-5.10","71","757","1010","","","","3.30","","SSW","Облачно","2026-01-30 19:23"
"-0.20","","-5.10","71","757","1010","","","","3.30","","SSW","Облачно","2026-01-30 19:24"
"-0.20","","-5.10","71","757","1010","","","","3.30","","SSW","Облачно","2026-01-30 19:25"
"-0.20","","-5.10","71","757","1010","","","","3.30","","SSW","Облачно","2026-01-30 19:26"
"-0.20","","-5.10","71","757","1010","","","","3.30","","SSW","Облачно","2026-01-30 19:27"
"-0.20","","-5.10","71","757","1010","","","","3.30","","SSW","Облачно","2026-01-30 19:28"
"-0.20","","-5.10","71","757","1010","","","","3.30","","SSW","Облачно","2026-01-30 19:29"
"-0.20","","-5.10","71","757","1010","","","","3.30","","SSW","Облачно","2026-01-30 19:30"
"-0.20","","-5.10","71","757","1010","","","","3.30","","SSW","Облачно","2026-01-30 19:31"
"-0.20","","-5.10","71","757","1010","","","","3.30","","SSW","Облачно","2026-01-30 19:32"
"-0.20","","-5.10","71","757","1010","","","","3.30","","SSW","Облачно","2026-01-30 19:33"
"-0.20","","-5.10","71","757","1010","","","","3.30","","SSW","Облачно","2026-01-30 19:34"
"-0.20","","-5.10","71","757","1010","","","","3.30","","SSW","Облачно","2026-01-30 19:35"
"-0.20","","-5.10","71","757","1010","","","","3.30","","SSW","Облачно","2026-01-30 19:36"
"-0.20","","-5.10","71","757","1010","","","","3.30","","SSW","Облачно","2026-01-30 19:37"
"-0.20","","-5.10","71","757","1010","","","","3.30","","SSW","Облачно","2026-01-30 19:38"
"-0.20","","-5.10","71","757","1010","","","","3.30","","SSW","Облачно","2026-01-30 19:39"
"-0.20","","-5.10","71","757","1010","","","","3.30","","SSW","Облачно","2026-01-30 19:40"
"-0.20","","-5.10","71","757","1010","","","","3.30","","SSW","Облачно","2026-01-30 19:41"
"-0.20","","-5.10","71","757","1010","","","","3.30","","SSW","Облачно","2026-01-30 19:42"
"-0.20","","-5.10","71","757","1010","","","","3.30","","SSW","Облачно","2026-01-30 19:43"
"-0.20","","-5.10","71","757","1010","","","","3.30","","SSW","Облачно","2026-01-30 19:44"
"-0.20","","-5.10","71","757","1010","","","","3.30","","SSW","Облачно","2026-01-30 19:45"
"-0.20","","-5.10","71","757","1010","","","","3.30","","SSW","Облачно","2026-01-30 19:46"
"-0.20","","-5.10","71","757","1010","","","","3.30","","SSW","Облачно","2026-01-30 19:47"
"-0.20","","-5.10","71","757","1010","","","","3.30","","SSW","Облачно","2026-01-30 19:48"
"-0.20","","-5.10","71","757","1010","","","","3.30","","SSW","Облачно","2026-01-30 19:49"
"-0.20","","-5.10","71","757","1010","","","","3.30","","SSW","Облачно","2026-01-30 19:50"
"-0.20","","-5.10","71","756","1009","","","","3.30","","SSW","Облачно","2026-01-30 19:51"
"-0.20","","-5.10","71","756","1009","","","","3.30","","SSW","Облачно","2026-01-30 19:52"
"-0.20","","-5.10","71","756","1009","","","","3.30","","SSW","Облачно","2026-01-30 19:53"
"-0.20","","-5.10","71","756","1009","","","","3.30","","SSW","Облачно","2026-01-30 19:54"
"-0.20","","-5.10","71","756","1009","","","","3.30","","SSW","Облачно","2026-01-30 19:55"
"-0.20","","-5.10","71","756","1009","","","","3.30","","SSW","Облачно","2026-01-30 19:56"
"-0.20","","-5.10","71","756","1009","","","","3.30","","SSW","Облачно","2026-01-30 19:57"
"-0.20","","-5.10","71","756","1009","","","","3.30","","SSW","Облачно","2026-01-30 19:58"
"-0.20","","-5.10","71","756","1009","","","","3.30","","SSW","Облачно","2026-01-30 19:59"
"-0.20","","-5.10","71","756","1009","","","","3.30","","SSW","Облачно","2026-01-30 20:00"
"-0.20","","-5.10","71","756","1009","","","","3.30","","SSW","Облачно","2026-01-30 20:01"
"-0.20","","-5.10","71","756","1009","","","","3.30","","SSW","Облачно","2026-01-30 20:02"
"-0.20","","-5.10","71","756","1009","","","","3.30","","SSW","Облачно","2026-01-30 20:03"
"-0.20","","-5.10","71","756","1009","","","","3.30","","SSW","Облачно","2026-01-30 20:04"
"-0.20","","-5.10","71","756","1009","","","","3.30","","SSW","Облачно","2026-01-30 20:05"
"-0.20","","-5.10","71","757","1010","","","","3.30","","SSW","Облачно","2026-01-30 20:06"
"-0.20","","-5.10","71","757","1010","","","","3.30","","SSW","Облачно","2026-01-30 20:07"
"-0.20","","-5.10","71","757","1010","","","","3.30","","SSW","Облачно","2026-01-30 20:08"
"-0.20","","-5.10","71","757","1010","","","","3.30","","SSW","Облачно","2026-01-30 20:09"
"-0.20","","-5.10","71","757","1010","","","","3.30","","SSW","Облачно","2026-01-30 20:10"
"-0.20","","-5.10","71","757","1010","","","","3.30","","SSW","Облачно","2026-01-30 20:11"
"-0.20","","-5.10","71","757","1010","","","","3.30","","SSW","Облачно","2026-01-30 20:12"
"-0.20","","-5.10","71","757","1010","","","","3.30","","SSW","Облачно","2026-01-30 20:13"
"-0.20","","-5.10","71","757","1010","","","","3.30","","SSW","Облачно","2026-01-30 20:14"
"-0.20","","-5.10","71","757","1010","","","","3.30","","SSW","Облачно","2026-01-30 20:15"
"-0.20","","-5.10","71","757","1010","","","","3.30","","SSW","Облачно","2026-01-30 20:16"
"-0.20","","-5.10","71","757","1010","","","","3.30","","SSW","Облачно","2026-01-30 20:17"
"-0.20","","-5.10","71","757","1010","","","","3.30","","SSW","Облачно","2026-01-30 20:18"
"-0.20","","-5.10","71","757","1010","","","","3.30","","SSW","Облачно","2026-01-30 20:19"
"-0.20","","-5.10","71","757","1010","","","","3.30","","SSW","Облачно","2026-01-30 20:20"
"-0.20","","-5.10","71","757","1010","","","","3.30","","SSW","Облачно","2026-01-30 20:21"
"-0.20","","-5.10","71","757","1010","","","","3.30","","SSW","Облачно","2026-01-30 20:22"
"-0.20","","-5.10","71","757","1010","","","","3.30","","SSW","Облачно","2026-01-30 20:23"
"-0.20","","-5.10","71","757","1010","","","","3.30","","SSW","Облачно","2026-01-30 20:24"
"-0.20","","-5.10","71","757","1010","","","","3.30","","SSW","Облачно","2026-01-30 20:25"
"-0.20","","-5.10","71","757","1010","","","","3.30","","SSW","Облачно","2026-01-30 20:26"
"-0.20","","-5.10","71","757","1010","","","","3.30","","SSW","Облачно","2026-01-30 20:27"
"-0.20","","-5.10","71","757","1010","","","","3.30","","SSW","Облачно","2026-01-30 20:28"
"-0.20","","-5.10","71","757","1010","","","","3.30","","SSW","Облачно","2026-01-30 20:29"
"-0.20","","-5.10","71","757","1010","","","","3.30","","SSW","Облачно","2026-01-30 20:30"
"-0.20","","-5.10","71","757","1010","","","","3.30","","SSW","Облачно","2026-01-30 20:31"
"-0.20","","-5.10","71","757","1010","","","","3.30","","SSW","Облачно","2026-01-30 20:32"
"-0.20","","-5.10","71","757","1010","","","","3.30","","SSW","Облачно","2026-01-30 20:33"
"-0.20","","-5.10","71","757","1010","","","","3.30","","SSW","Облачно","2026-01-30 20:34"
"-0.20","","-5.10","71","757","1010","","","","3.30","","SSW","Облачно","2026-01-30 20:35"
"-0.20","","-5.10","71","756","1009","","","","3.30","","SSW","Облачно","2026-01-30 20:36"
"-0.20","","-5.10","71","756","1009","","","","3.30","","SSW","Облачно","2026-01-30 20:37"
"-0.20","","-5.10","71","756","1009","","","","3.30","","SSW","Облачно","2026-01-30 20:38"
"-0.20","","-5.10","71","756","1009","","","","3.30","","SSW","Облачно","2026-01-30 20:39"
"-0.20","","-5.10","71","756","1009","","","","3.30","","SSW","Облачно","2026-01-30 20:40"
"-0.20","","-5.10","71","756","1009","","","","3.30","","SSW","Облачно","2026-01-30 20:41"
"-0.20","","-5.10","71","756","1009","","","","3.30","","SSW","Облачно","2026-01-30 20:42"
"-0.20","","-5.10","71","756","1009","","","","3.30","","SSW","Облачно","2026-01-30 20:43"
"-0.20","","-5.10","71","756","1009","","","","3.30","","SSW","Облачно","2026-01-30 20:44"
"-0.20","","-5.10","71","756","1009","","","","3.30","","SSW","Облачно","2026-01-30 20:45"
"-0.20","","-5.10","71","756","1009","","","","3.30","","SSW","Облачно","2026-01-30 20:46"
"-0.20","","-5.10","71","756","1009","","","","3.30","","SSW","Облачно","2026-01-30 20:47"
"-0.20","","-5.10","71","756","1009","","","","3.30","","SSW","Облачно","2026-01-30 20:48"
"-0.20","","-5.10","71","756","1009","","","","3.30","","SSW","Облачно","2026-01-30 20:49"
"-0.20","","-5.10","71","756","1009","","","","3.30","","SSW","Облачно","2026-01-30 20:50"
"-0.20","","-5.10","71","757","1010","","","","3.30","","SSW","Облачно","2026-01-30 20:51"
"-0.20","","-5.10","71","757","1010","","","","3.30","","SSW","Облачно","2026-01-30 20:52"
"-0.20","","-5.10","71","757","1010","","","","3.30","","SSW","Облачно","2026-01-30 20:53"
"-0.20","","-5.10","71","757","1010","","","","3.30","","SSW","Облачно","2026-01-30 20:54"
"-0.20","","-5.10","71","757","1010","","","","3.30","","SSW","Облачно","2026-01-30 20:55"
"-0.20","","-5.10","71","757","1010","","","","3.30","","SSW","Облачно","2026-01-30 20:56"
"-0.20","","-5.10","71","757","1010","","","","3.30","","SSW","Облачно","2026-01-30 20:57"
"-0.20","","-5.10","71","757","1010","","","","3.30","","SSW","Облачно","2026-01-30 20:58"
"-0.20","","-5.10","71","757","1010","","","","3.30","","SSW","Облачно","2026-01-30 20:59"
"-0.20","","-5.10","71","757","1010","","","","3.30","","SSW","Облачно","2026-01-30 21:00"
"-0.20","","-5.10","71","757","1010","","","","3.30","","SSW","Облачно","2026-01-30 21:01"
"-0.20","","-5.10","71","757","1010","","","","3.30","","SSW","Облачно","2026-01-30 21:02"
"-0.20","","-5.10","71","757","1010","","","","3.30","","SSW","Облачно","2026-01-30 21:03"
"-0.20","","-5.10","71","757","1010","","","","3.30","","SSW","Облачно","2026-01-30 21:04"
"-0.20","","-5.10","71","757","1010","","","","3.30","","SSW","Облачно","2026-01-30 21:05"
"-0.20","","-5.10","71","757","1010","","","","3.30","","SSW","Облачно","2026-01-30 21:06"
"-0.20","","-5.10","71","757","1010","","","","3.30","","SSW","Облачно","2026-01-30 21:07"
"-0.20","","-5.10","71","757","1010","","","","3.30","","SSW","Облачно","2026-01-30 21:08"
"-0.20","","-5.10","71","757","1010","","","","3.30","","SSW","Облачно","2026-01-30 21:09"
"-0.20","","-5.10","71","757","1010","","","","3.30","","SSW","Облачно","2026-01-30 21:10"
"-0.20","","-5.10","71","757","1010","","","","3.30","","SSW","Облачно","2026-01-30 21:11"
"-0.20","","-5.10","71","757","1010","","","","3.30","","SSW","Облачно","2026-01-30 21:12"
"-0.20","","-5.10","71","757","1010","","","","3.30","","SSW","Облачно","2026-01-30 21:13"
"-0.20","","-5.10","71","757","1010","","","","3.30","","SSW","Облачно","2026-01-30 21:14"
"-0.20","","-5.10","71","757","1010","","","","3.30","","SSW","Облачно","2026-01-30 21:15"
"-0.20","","-5.10","71","757","1010","","","","3.30","","SSW","Облачно","2026-01-30 21:16"
"-0.20","","-5.10","71","757","1010","","","","3.30","","SSW","Облачно","2026-01-30 21:17"
"-0.20","","-5.10","71","757","1010","","","","3.30","","SSW","Облачно","2026-01-30 21:18"
"-0.20","","-5.10","71","757","1010","","","","3.30","","SSW","Облачно","2026-01-30 21:19"
"-0.20","","-5.10","71","757","1010","","","","3.30","","SSW","Облачно","2026-01-30 21:20"
"-0.20","","-5.10","71","757","1010","","","","3.30","","SSW","Облачно","2026-01-30 21:21"
"-0.20","","-5.10","71","757","1010","","","","3.30","","SSW","Облачно","2026-01-30 21:22"
"-0.20","","-5.10","71","757","1010","","","","3.30","","SSW","Облачно","2026-01-30 21:23"
"-0.20","","-5.10","71","757","1010","","","","3.30","","SSW","Облачно","2026-01-30 21:24"
"-0.20","","-5.10","71","757","1010","","","","3.30","","SSW","Облачно","2026-01-30 21:25"
"-0.20","","-5.10","71","757","1010","","","","3.30","","SSW","Облачно","2026-01-30 21:26"
"-0.20","","-5.10","71","757","1010","","","","3.30","","SSW","Облачно","2026-01-30 21:27"
"-0.20","","-5.10","71","757","1010","","","","3.30","","SSW","Облачно","2026-01-30 21:28"
"-0.20","","-5.10","71","757","1010","","","","3.30","","SSW","Облачно","2026-01-30 21:29"
"-0.20","","-5.10","71","757","1010","","","","3.30","","SSW","Облачно","2026-01-30 21:30"
"-0.20","","-5.10","71","757","1010","","","","3.30","","SSW","Облачно","2026-01-30 21:31"
"-0.20","","-5.10","71","757","1010","","","","3.30","","SSW","Облачно","2026-01-30 21:32"
"-0.20","","-5.10","71","757","1010","","","","3.30","","SSW","Облачно","2026-01-30 21:33"
"-0.20","","-5.10","71","757","1010","","","","3.30","","SSW","Облачно","2026-01-30 21:34"
"-0.20","","-5.10","71","757","1010","","","","3.30","","SSW","Облачно","2026-01-30 21:35"
"-0.20","","-5.10","71","757","1010","","","","3.30","","SSW","Облачно","2026-01-30 21:36"
"-0.20","","-5.10","71","757","1010","","","","3.30","","SSW","Облачно","2026-01-30 21:37"
"-0.20","","-5.10","71","757","1010","","","","3.30","","SSW","Облачно","2026-01-30 21:38"
"-0.20","","-5.10","71","757","1010","","","","3.30","","SSW","Облачно","2026-01-30 21:39"
"-0.20","","-5.10","71","757","1010","","","","3.30","","SSW","Облачно","2026-01-30 21:40"
"-0.20","","-5.10","71","757","1010","","","","3.30","","SSW","Облачно","2026-01-30 21:41"
"-0.20","","-5.10","71","757","1010","","","","3.30","","SSW","Облачно","2026-01-30 21:42"
"-0.20","","-5.10","71","757","1010","","","","3.30","","SSW","Облачно","2026-01-30 21:43"
"-0.20","","-5.10","71","757","1010","","","","3.30","","SSW","Облачно","2026-01-30 21:44"
"-0.20","","-5.10","71","757","1010","","","","3.30","","SSW","Облачно","2026-01-30 21:45"
"-0.20","","-5.10","71","757","1010","","","","3.30","","SSW","Облачно","2026-01-30 21:46"
"-0.20","","-5.10","71","757","1010","","","","3.30","","SSW","Облачно","2026-01-30 21:47"
"-0.20","","-5.10","71","757","1010","","","","3.30","","SSW","Облачно","2026-01-30 21:48"
"-0.20","","-5.10","71","757","1010","","","","3.30","","SSW","Облачно","2026-01-30 21:49"
"-0.20","","-5.10","71","757","1010","","","","3.30","","SSW","Облачно","2026-01-30 21:50"
"-0.20","","-5.10","71","757","1010","","","","3.30","","SSW","Облачно","2026-01-30 21:51"
"-0.20","","-5.10","71","757","1010","","","","3.30","","SSW","Облачно","2026-01-30 21:52"
"-0.20","","-5.10","71","757","1010","","","","3.30","","SSW","Облачно","2026-01-30 21:53"
"-0.20","","-5.10","71","757","1010","","","","3.30","","SSW","Облачно","2026-01-30 21:54"
"-0.20","","-5.10","71","757","1010","","","","3.30","","SSW","Облачно","2026-01-30 21:55"
"-0.20","","-5.10","71","757","1010","","","","3.30","","SSW","Облачно","2026-01-30 21:56"
"-0.20","","-5.10","71","757","1010","","","","3.30","","SSW","Облачно","2026-01-30 21:57"
"-0.20","","-5.10","71","757","1010","","","","3.30","","SSW","Облачно","2026-01-30 21:58"
"-0.20","","-5.10","71","757","1010","","","","3.30","","SSW","Облачно","2026-01-30 21:59"
"-0.20","","-5.10","71","757","1010","","","","3.30","","SSW","Облачно","2026-01-30 22:00"
"-0.20","","-5.10","71","757","1010","","","","3.30","","SSW","Облачно","2026-01-30 22:01"
"-0.20","","-5.10","71","757","1010","","","","3.30","","SSW","Облачно","2026-01-30 22:02"
"-0.20","","-5.10","71","757","1010","","","","3.30","","SSW","Облачно","2026-01-30 22:03"
"-0.20","","-5.10","71","757","1010","","","","3.30","","SSW","Облачно","2026-01-30 22:04"
"-0.20","","-5.10","71","757","1010","","","","3.30","","SSW","Облачно","2026-01-30 22:05"
"-0.20","","-5.10","71","757","1010","","","","3.30","","SSW","Облачно","2026-01-30 22:06"
"-0.20","","-5.10","71","757","1010","","","","3.30","","SSW","Облачно","2026-01-30 22:07"
"-0.20","","-5.10","71","757","1010","","","","3.30","","SSW","Облачно","2026-01-30 22:08"
"-0.20","","-5.10","71","757","1010","","","","3.30","","SSW","Облачно","2026-01-30 22:09"
"-0.20","","-5.10","71","757","1010","","","","3.30","","SSW","Облачно","2026-01-30 22:10"
"-0.20","","-5.10","71","757","1010","","","","3.30","","SSW","Облачно","2026-01-30 22:11"
"-0.20","","-5.10","71","757","1010","","","","3.30","","SSW","Облачно","2026-01-30 22:12"
"-0.20","","-5.10","71","757","1010","","","","3.30","","SSW","Облачно","2026-01-30 22:13"
"-0.20","","-5.10","71","757","1010","","","","3.30","","SSW","Облачно","2026-01-30 22:14"
"-0.20","","-5.10","71","757","1010","","","","3.30","","SSW","Облачно","2026-01-30 22:15"
"-0.20","","-5.10","71","757","1010","","","","3.30","","SSW","Облачно","2026-01-30 22:16"
"-0.20","","-5.10","71","757","1010","","","","3.30","","SSW","Облачно","2026-01-30 22:17"
"-0.20","","-5.10","71","757","1010","","","","3.30","","SSW","Облачно","2026-01-30 22:18"
"-0.20","","-5.10","71","757","1010","","","","3.30","","SSW","Облачно","2026-01-30 22:19"
"-0.20","","-5.10","71","757","1010","","","","3.30","","SSW","Облачно","2026-01-30 22:20"
"-0.20","","-5.10","71","757","1010","","","","3.30","","SSW","Облачно","2026-01-30 22:21"
"-0.20","","-5.10","71","757","1010","","","","3.30","","SSW","Облачно","2026-01-30 22:22"
"-2.10","","-7.10","78","757","1010","","","","3.30","","SSW","Облачно","2026-01-30 22:23"
"-2.10","","-7.10","78","757","1010","","","","3.30","","SSW","Облачно","2026-01-30 22:24"
"-2.10","","-7.10","78","757","1010","","","","3.30","","SSW","Облачно","2026-01-30 22:25"
"-2.10","","-7.10","78","757","1010","","","","3.30","","SSW","Облачно","2026-01-30 22:26"
"-2.10","","-7.10","78","757","1010","","","","3.30","","SSW","Облачно","2026-01-30 22:27"
"-2.10","","-7.10","78","757","1010","","","","3.30","","SSW","Облачно","2026-01-30 22:28"
"-2.10","","-7.10","78","757","1010","","","","3.30","","SSW","Облачно","2026-01-30 22:29"
"-2.10","","-7.10","78","757","1010","","","","3.30","","SSW","Облачно","2026-01-30 22:30"
"-2.10","","-7.10","78","757","1010","","","","3.30","","SSW","Облачно","2026-01-30 22:31"
"-2.10","","-7.10","78","757","1010","","","","3.30","","SSW","Облачно","2026-01-30 22:32"
"-2.10","","-7.10","78","757","1010","","","","3.30","","SSW","Облачно","2026-01-30 22:33"
"-2.10","","-7.10","78","757","1010","","","","3.30","","SSW","Облачно","2026-01-30 22:34"
"-2.10","","-7.10","78","757","1010","","","","3.30","","SSW","Облачно","2026-01-30 22:35"
"-2.10","","-7.10","78","757","1010","","","","3.30","","SSW","Облачно","2026-01-30 22:36"
"-2.10","","-7.10","78","757","1010","","","","3.30","","SSW","Облачно","2026-01-30 22:37"
"-2.10","","-7.10","78","757","1010","","","","3.30","","SSW","Облачно","2026-01-30 22:38"
"-2.10","","-7.10","78","757","1010","","","","3.30","","SSW","Облачно","2026-01-30 22:39"
"-2.10","","-7.10","78","757","1010","","","","3.30","","SSW","Облачно","2026-01-30 22:40"
"-2.10","","-7.10","78","757","1010","","","","3.30","","SSW","Облачно","2026-01-30 22:41"
"-2.10","","-7.10","78","757","1010","","","","3.30","","SSW","Облачно","2026-01-30 22:42"
"-2.10","","-7.10","78","757","1010","","","","3.30","","SSW","Облачно","2026-01-30 22:43"
"-2.10","","-7.10","78","757","1010","","","","3.30","","SSW","Облачно","2026-01-30 22:44"
"-2.10","","-7.10","78","757","1010","","","","3.30","","SSW","Облачно","2026-01-30 22:45"
"-2.10","","-7.10","78","757","1010","","","","3.30","","SSW","Облачно","2026-01-30 22:46"
"-2.10","","-7.10","78","757","1010","","","","3.30","","SSW","Облачно","2026-01-30 22:47"
"-2.10","","-7.10","78","757","1010","","","","3.30","","SSW","Облачно","2026-01-30 22:48"
"-2.10","","-7.10","78","757","1010","","","","3.30","","SSW","Облачно","2026-01-30 22:49"
"-2.10","","-7.10","78","757","1010","","","","3.30","","SSW","Облачно","2026-01-30 22:50"
"-2.10","","-7.10","78","757","1010","","","","3.30","","SSW","Облачно","2026-01-30 22:51"
"-2.10","","-7.10","78","757","1010","","","","3.30","","SSW","Облачно","2026-01-30 22:52"
"-2.10","","-7.10","78","757","1010","","","","3.30","","SSW","Облачно","2026-01-30 22:53"
"-2.10","","-7.10","78","757","1010","","","","3.30","","SSW","Облачно","2026-01-30 22:54"
"-2.10","","-7.10","78","757","1010","","","","3.30","","SSW","Облачно","2026-01-30 22:55"
"-2.10","","-7.10","78","757","1010","","","","3.30","","SSW","Облачно","2026-01-30 22:56"
"-2.10","","-7.10","78","757","1010","","","","3.30","","SSW","Облачно","2026-01-30 22:57"
"-2.10","","-7.10","78","757","1010","","","","3.30","","SSW","Облачно","2026-01-30 22:58"
"-2.10","","-7.10","78","757","1010","","","","3.30","","SSW","Облачно","2026-01-30 22:59"
"-2.10","","-7.10","78","757","1010","","","","3.30","","SSW","Облачно","2026-01-30 23:00"
"-2.10","","-7.10","78","757","1010","","","","3.30","","SSW","Облачно","2026-01-30 23:01"
"-2.10","","-7.10","78","757","1010","","","","3.30","","SSW","Облачно","2026-01-30 23:02"
"-2.10","","-7.10","78","757","1010","","","","3.30","","SSW","Облачно","2026-01-30 23:03"
"-2.10","","-7.10","78","757","1010","","","","3.30","","SSW","Облачно","2026-01-30 23:04"
"-2.10","","-7.10","78","757","1010","","","","3.30","","SSW","Облачно","2026-01-30 23:05"
"-2.10","","-7.10","78","757","1010","","","","3.30","","SSW","Облачно","2026-01-30 23:06"
"-2.10","","-7.10","78","757","1010","","","","3.30","","SSW","Облачно","2026-01-30 23:07"
"-2.10","","-7.10","78","757","1010","","","","3.30","","SSW","Облачно","2026-01-30 23:08"
"-2.10","","-7.10","78","757","1010","","","","3.30","","SSW","Облачно","2026-01-30 23:09"
"-2.10","","-7.10","78","757","1010","","","","3.30","","SSW","Облачно","2026-01-30 23:10"
"-2.10","","-7.10","78","757","1010","","","","3.30","","SSW","Облачно","2026-01-30 23:11"
"-2.10","","-7.10","78","757","1010","","","","3.30","","SSW","Облачно","2026-01-30 23:12"
"-2.10","","-7.10","78","757","1010","","","","3.30","","SSW","Облачно","2026-01-30 23:13"
"-2.10","","-7.10","78","757","1010","","","","3.30","","SSW","Облачно","2026-01-30 23:14"
"-2.10","","-7.10","78","757","1010","","","","3.30","","SSW","Облачно","2026-01-30 23:15"
"-2.10","","-7.10","78","757","1010","","","","3.30","","SSW","Облачно","2026-01-30 23:16"
"-2.10","","-7.10","78","757","1010","","","","3.30","","SSW","Облачно","2026-01-30 23:17"
"-2.10","","-7.10","78","757","1010","","","","3.30","","SSW","Облачно","2026-01-30 23:18"
"-2.10","","-7.10","78","757","1010","","","","3.30","","SSW","Облачно","2026-01-30 23:19"
"-2.10","","-7.10","78","757","1010","","","","3.30","","SSW","Облачно","2026-01-30 23:20"
"-2.10","","-7.10","78","757","1010","","","","3.30","","SSW","Облачно","2026-01-30 23:21"
"-2.10","","-7.10","78","757","1010","","","","3.30","","SSW","Облачно","2026-01-30 23:22"
"-2.10","","-7.10","78","757","1010","","","","3.30","","SSW","Облачно","2026-01-30 23:23"
"-2.10","","-7.10","78","757","1010","","","","3.30","","SSW","Облачно","2026-01-30 23:24"
"-2.10","","-7.10","78","757","1010","","","","3.30","","SSW","Облачно","2026-01-30 23:25"
"-2.10","","-7.10","78","757","1010","","","","3.30","","SSW","Облачно","2026-01-30 23:26"
"-2.10","","-7.10","78","757","1010","","","","3.30","","SSW","Облачно","2026-01-30 23:27"
"-2.10","","-7.10","78","757","1010","","","","3.30","","SSW","Облачно","2026-01-30 23:28"
"-2.10","","-7.10","78","757","1010","","","","3.30","","SSW","Облачно","2026-01-30 23:29"
"-2.10","","-7.10","78","757","1010","","","","3.30","","SSW","Облачно","2026-01-30 23:30"
"-2.10","","-7.10","78","757","1010","","","","3.30","","SSW","Облачно","2026-01-30 23:31"
"-2.10","","-7.10","78","757","1010","","","","3.30","","SSW","Облачно","2026-01-30 23:32"
"-2.10","","-7.10","78","757","1010","","","","3.30","","SSW","Облачно","2026-01-30 23:33"
"-2.10","","-7.10","78","757","1010","","","","3.30","","SSW","Облачно","2026-01-30 23:34"
"-2.10","","-7.10","78","757","1010","","","","3.30","","SSW","Облачно","2026-01-30 23:35"
"-2.10","","-7.10","78","757","1010","","","","3.30","","SSW","Облачно","2026-01-30 23:36"
"-2.10","","-7.10","78","757","1010","","","","3.30","","SSW","Облачно","2026-01-30 23:37"
"-2.10","","-7.10","78","757","1010","","","","3.30","","SSW","Облачно","2026-01-30 23:38"
"-2.10","","-7.10","78","757","1010","","","","3.30","","SSW","Облачно","2026-01-30 23:39"
"-2.10","","-7.10","78","757","1010","","","","3.30","","SSW","Облачно","2026-01-30 23:40"
"-2.10","","-7.10","78","757","1010","","","","3.30","","SSW","Облачно","2026-01-30 23:41"
"-2.10","","-7.10","78","757","1010","","","","3.30","","SSW","Облачно","2026-01-30 23:42"
"-2.10","","-7.10","78","757","1010","","","","3.30","","SSW","Облачно","2026-01-30 23:43"
"-2.10","","-7.10","78","757","1010","","","","3.30","","SSW","Облачно","2026-01-30 23:44"
"-2.10","","-7.10","78","757","1010","","","","3.30","","SSW","Облачно","2026-01-30 23:45"
"-2.10","","-7.10","78","757","1010","","","","3.30","","SSW","Облачно","2026-01-30 23:46"
"-2.10","","-7.10","78","757","1010","","","","3.30","","SSW","Облачно","2026-01-30 23:47"
"-2.10","","-7.10","78","757","1010","","","","3.30","","SSW","Облачно","2026-01-30 23:48"
"-2.60","","-7.60","79","757","1010","","","","3.30","","SSW","Облачно","2026-01-30 23:49"
"-2.60","","-7.60","79","757","1010","","","","3.30","","SSW","Облачно","2026-01-30 23:50"
"-2.60","","-7.60","79","757","1010","","","","3.30","","SSW","Облачно","2026-01-30 23:51"
"-2.60","","-7.60","79","757","1010","","","","3.30","","SSW","Облачно","2026-01-30 23:52"
"-2.60","","-7.60","79","757","1010","","","","3.30","","SSW","Облачно","2026-01-30 23:53"
"-2.60","","-7.60","79","757","1010","","","","3.30","","SSW","Облачно","2026-01-30 23:54"
"-2.60","","-7.60","79","757","1010","","","","3.30","","SSW","Облачно","2026-01-30 23:55"
"-2.60","","-7.60","79","757","1010","","","","3.30","","SSW","Облачно","2026-01-30 23:56"
"-2.60","","-7.60","79","757","1010","","","","3.30","","SSW","Облачно","2026-01-30 23:57"
"-2.60","","-7.60","79","757","1010","","","","3.30","","SSW","Облачно","2026-01-30 23:58"
"-2.60","","-7.60","79","757","1010","","","","3.30","","SSW","Облачно","2026-01-30 23:59"