"Temp","Temp Water","Temp Feels Like","Humidity","Pressure Mm","Pressure Hpa","Precip Mm","Precip Type","Precip Intensity","Wind Speed Ms","Wind Gust Speed Ms","Wind Dir","Condition","Created At"
"5.60","","2.30","90","767","1023","","","","2.80","","SSW","Облачно","2025-11-22 00:00"
"5.60","","2.30","90","767","1023","","","","2.80","","SSW","Облачно","2025-11-22 00:01"
"5.60","","2.30","90","767","1023","","","","2.80","","SSW","Облачно","2025-11-22 00:02"
"5.60","","2.30","90","767","1023","","","","2.80","","SSW","Облачно","2025-11-22 00:03"
"5.60","","2.30","90","767","1023","","","","2.80","","SSW","Облачно","2025-11-22 00:04"
"5.60","","2.30","90","767","1023","","","","2.80","","SSW","Облачно","2025-11-22 00:05"
"5.60","","2.30","90","768","1024","","","","2.80","","SSW","Облачно","2025-11-22 00:06"
"5.60","","2.30","90","768","1024","","","","2.80","","SSW","Облачно","2025-11-22 00:07"
"5.60","","2.30","90","768","1024","","","","2.80","","SSW","Облачно","2025-11-22 00:08"
"5.60","","2.30","90","768","1024","","","","2.80","","SSW","Облачно","2025-11-22 00:09"
"5.60","","2.30","90","768","1024","","","","2.80","","SSW","Облачно","2025-11-22 00:10"
"5.60","","2.30","90","768","1024","","","","2.80","","SSW","Облачно","2025-11-22 00:11"
"5.60","","2.30","90","768","1024","","","","2.80","","SSW","Облачно","2025-11-22 00:12"
"5.60","","2.30","90","768","1024","","","","2.80","","SSW","Облачно","2025-11-22 00:13"
"5.60","","2.30","90","768","1024","","","","2.80","","SSW","Облачно","2025-11-22 00:14"
"5.60","","2.30","90","768","1024","","","","2.80","","SSW","Облачно","2025-11-22 00:15"
"5.60","","2.30","90","768","1024","","","","2.80","","SSW","Облачно","2025-11-22 00:16"
"5.60","","2.30","90","768","1024","","","","2.80","","SSW","Облачно","2025-11-22 00:17"
"5.60","","2.30","90","768","1024","","","","2.80","","SSW","Облачно","2025-11-22 00:18"
"5.60","","2.30","90","768","1024","","","","2.80","","SSW","Облачно","2025-11-22 00:19"
"5.60","","2.30","90","768","1024","","","","2.80","","SSW","Облачно","2025-11-22 00:20"
"5.60","","2.30","90","768","1024","","","","2.80","","SSW","Облачно","2025-11-22 00:21"
"5.60","","2.30","90","768","1024","","","","2.80","","SSW","Облачно","2025-11-22 00:22"
"5.60","","2.30","90","768","1024","","","","2.80","","SSW","Облачно","2025-11-22 00:23"
"5.60","","2.30","90","768","1024","","","","2.80","","SSW","Облачно","2025-11-22 00:24"
"5.60","","2.30","90","768","1024","","","","2.80","","SSW","Облачно","2025-11-22 00:25"
"5.60","","2.30","90","768","1024","","","","2.80","","SSW","Облачно","2025-11-22 00:26"
"5.60","","2.30","90","768","1024","","","","2.80","","SSW","Облачно","2025-11-22 00:27"
"5.60","","2.30","90","768","1024","","","","2.80","","SSW","Облачно","2025-11-22 00:28"
"5.60","","2.30","90","768","1024","","","","2.80","","SSW","Облачно","2025-11-22 00:29"
"5.60","","2.30","90","768","1024","","","","2.80","","SSW","Облачно","2025-11-22 00:30"
"5.60","","2.30","90","768","1024","","","","2.80","","SSW","Облачно","2025-11-22 00:31"
"5.60","","2.30","90","768","1024","","","","2.80","","SSW","Облачно","2025-11-22 00:32"
"5.60","","2.30","90","768","1024","","","","2.80","","SSW","Облачно","2025-11-22 00:33"
"5.60","","2.30","90","768","1024","","","","2.80","","SSW","Облачно","2025-11-22 00:34"
"5.60","","2.30","90","768","1024","","","","2.80","","SSW","Облачно","2025-11-22 00:35"
"5.60","","2.30","90","767","1023","","","","2.80","","SSW","Облачно","2025-11-22 00:36"
"5.60","","2.30","90","767","1023","","","","2.80","","SSW","Облачно","2025-11-22 00:37"
"5.60","","2.30","90","767","1023","","","","2.80","","SSW","Облачно","2025-11-22 00:38"
"5.60","","2.30","90","767","1023","","","","2.80","","SSW","Облачно","2025-11-22 00:39"
"5.60","","2.30","90","767","1023","","","","2.80","","SSW","Облачно","2025-11-22 00:40"
"5.60","","2.30","90","767","1023","","","","2.80","","SSW","Облачно","2025-11-22 00:41"
"5.60","","2.30","90","767","1023","","","","2.80","","SSW","Облачно","2025-11-22 00:42"
"5.60","","2.30","90","767","1023","","","","2.80","","SSW","Облачно","2025-11-22 00:43"
"5.60","","2.30","90","767","1023","","","","2.80","","SSW","Облачно","2025-11-22 00:44"
"5.60","","2.30","90","767","1023","","","","2.80","","SSW","Облачно","2025-11-22 00:45"
"5.60","","2.30","90","767","1023","","","","2.80","","SSW","Облачно","2025-11-22 00:46"
"5.60","","2.30","90","767","1023","","","","2.80","","SSW","Облачно","2025-11-22 00:47"
"5.60","","2.30","90","767","1023","","","","2.80","","SSW","Облачно","2025-11-22 00:48"
"5.60","","2.30","90","767","1023","","","","2.80","","SSW","Облачно","2025-11-22 00:49"
"5.60","","2.30","90","767","1023","","","","2.80","","SSW","Облачно","2025-11-22 00:50"
"5.60","","2.30","90","767","1023","","","","2.80","","SSW","Облачно","2025-11-22 00:51"
"5.60","","2.30","90","767","1023","","","","2.80","","SSW","Облачно","2025-11-22 00:52"
"5.60","","2.30","90","767","1023","","","","2.80","","SSW","Облачно","2025-11-22 00:53"
"5.60","","2.30","90","767","1023","","","","2.80","","SSW","Облачно","2025-11-22 00:54"
"5.60","","2.30","90","767","1023","","","","2.80","","SSW","Облачно","2025-11-22 00:55"
"5.60","","2.30","90","767","1023","","","","2.80","","SSW","Облачно","2025-11-22 00:56"
"5.60","","2.30","90","767","1023","","","","2.80","","SSW","Облачно","2025-11-22 00:57"
"5.60","","2.30","90","767","1023","","","","2.80","","SSW","Облачно","2025-11-22 00:58"
"5.60","","2.30","90","767","1023","","","","2.80","","SSW","Облачно","2025-11-22 00:59"
"5.60","","2.30","90","767","1023","","","","2.80","","SSW","Облачно","2025-11-22 01:00"
"5.60","","2.30","90","767","1023","","","","2.80","","SSW","Облачно","2025-11-22 01:01"
"5.60","","2.30","90","767","1023","","","","2.80","","SSW","Облачно","2025-11-22 01:02"
"5.60","","2.30","90","767","1023","","","","2.80","","SSW","Облачно","2025-11-22 01:03"
"5.60","","2.30","90","767","1023","","","","2.80","","SSW","Облачно","2025-11-22 01:04"
"5.60","","2.30","90","767","1023","","","","2.80","","SSW","Облачно","2025-11-22 01:05"
"5.60","","2.30","90","767","1023","","","","2.80","","SSW","Облачно","2025-11-22 01:06"
"5.60","","2.30","90","767","1023","","","","2.80","","SSW","Облачно","2025-11-22 01:07"
"5.60","","2.30","90","767","1023","","","","2.80","","SSW","Облачно","2025-11-22 01:08"
"5.60","","2.30","90","767","1023","","","","2.80","","SSW","Облачно","2025-11-22 01:09"
"5.60","","2.30","90","767","1023","","","","2.80","","SSW","Облачно","2025-11-22 01:10"
"5.60","","2.30","90","767","1023","","","","2.80","","SSW","Облачно","2025-11-22 01:11"
"5.60","","2.30","90","767","1023","","","","2.80","","SSW","Облачно","2025-11-22 01:12"
"5.60","","2.30","90","767","1023","","","","2.80","","SSW","Облачно","2025-11-22 01:13"
"5.60","","2.30","90","767","1023","","","","2.80","","SSW","Облачно","2025-11-22 01:14"
"5.60","","2.30","90","767","1023","","","","2.80","","SSW","Облачно","2025-11-22 01:15"
"5.60","","2.30","90","767","1023","","","","2.80","","SSW","Облачно","2025-11-22 01:16"
"5.60","","2.30","90","767","1023","","","","2.80","","SSW","Облачно","2025-11-22 01:17"
"5.60","","2.30","90","767","1023","","","","2.80","","SSW","Облачно","2025-11-22 01:18"
"5.60","","2.30","90","767","1023","","","","2.80","","SSW","Облачно","2025-11-22 01:19"
"5.60","","2.30","90","767","1023","","","","2.80","","SSW","Облачно","2025-11-22 01:20"
"5.60","","2.30","90","767","1023","","","","2.80","","SSW","Облачно","2025-11-22 01:21"
"5.60","","2.30","90","767","1023","","","","2.80","","SSW","Облачно","2025-11-22 01:22"
"5.60","","2.30","90","767","1023","","","","2.80","","SSW","Облачно","2025-11-22 01:23"
"5.60","","2.30","90","767","1023","","","","2.80","","SSW","Облачно","2025-11-22 01:24"
"5.60","","2.30","90","767","1023","","","","2.80","","SSW","Облачно","2025-11-22 01:25"
"5.60","","2.30","90","767","1023","","","","2.80","","SSW","Облачно","2025-11-22 01:26"
"5.60","","2.30","90","767","1023","","","","2.80","","SSW","Облачно","2025-11-22 01:27"
"5.60","","2.30","90","767","1023","","","","2.80","","SSW","Облачно","2025-11-22 01:28"
"5.60","","2.30","90","767","1023","","","","2.80","","SSW","Облачно","2025-11-22 01:29"
"5.60","","2.30","90","767","1023","","","","2.80","","SSW","Облачно","2025-11-22 01:30"
"5.60","","2.30","90","767","1023","","","","2.80","","SSW","Облачно","2025-11-22 01:31"
"5.60","","2.30","90","767","1023","","","","2.80","","SSW","Облачно","2025-11-22 01:32"
"5.60","","2.30","90","767","1023","","","","2.80","","SSW","Облачно","2025-11-22 01:33"
"5.60","","2.30","90","767","1023","","","","2.80","","SSW","Облачно","2025-11-22 01:34"
"5.60","","2.30","90","767","1023","","","","2.80","","SSW","Облачно","2025-11-22 01:35"
"5.60","","2.30","90","767","1023","","","","2.80","","SSW","Облачно","2025-11-22 01:36"
"5.60","","2.30","90","767","1023","","","","2.80","","SSW","Облачно","2025-11-22 01:37"
"5.60","","2.30","90","767","1023","","","","2.80","","SSW","Облачно","2025-11-22 01:38"
"5.60","","2.30","90","767","1023","","","","2.80","","SSW","Облачно","2025-11-22 01:39"
"5.60","","2.30","90","767","1023","","","","2.80","","SSW","Облачно","2025-11-22 01:40"
"5.60","","2.30","90","767","1023","","","","2.80","","SSW","Облачно","2025-11-22 01:41"
"5.60","","2.30","90","767","1023","","","","2.80","","SSW","Облачно","2025-11-22 01:42"
"5.60","","2.30","90","767","1023","","","","2.80","","SSW","Облачно","2025-11-22 01:43"
"5.60","","2.30","90","767","1023","","","","2.80","","SSW","Облачно","2025-11-22 01:44"
"5.60","","2.30","90","767","1023","","","","2.80","","SSW","Облачно","2025-11-22 01:45"
"5.60","","2.30","90","767","1023","","","","2.80","","SSW","Облачно","2025-11-22 01:46"
"5.60","","2.30","90","767","1023","","","","2.80","","SSW","Облачно","2025-11-22 01:47"
"5.60","","2.30","90","767","1023","","","","2.80","","SSW","Облачно","2025-11-22 01:48"
"5.60","","2.30","90","767","1023","","","","2.80","","SSW","Облачно","2025-11-22 01:49"
"5.60","","2.30","90","767","1023","","","","2.80","","SSW","Облачно","2025-11-22 01:50"
"5.60","","2.30","90","767","1023","","","","2.80","","SSW","Облачно","2025-11-22 01:51"
"5.60","","2.30","90","767","1023","","","","2.80","","SSW","Облачно","2025-11-22 01:52"
"5.60","","2.30","90","767","1023","","","","2.80","","SSW","Облачно","2025-11-22 01:53"
"5.60","","2.30","90","767","1023","","","","2.80","","SSW","Облачно","2025-11-22 01:54"
"5.60","","2.30","90","767","1023","","","","2.80","","SSW","Облачно","2025-11-22 01:55"
"5.60","","2.30","90","767","1023","","","","2.80","","SSW","Облачно","2025-11-22 01:56"
"5.60","","2.30","90","767","1023","","","","2.80","","SSW","Облачно","2025-11-22 01:57"
"5.60","","2.30","90","767","1023","","","","2.80","","SSW","Облачно","2025-11-22 01:58"
"5.60","","2.30","90","767","1023","","","","2.80","","SSW","Облачно","2025-11-22 01:59"
"5.60","","2.30","90","767","1023","","","","2.80","","SSW","Облачно","2025-11-22 02:00"
"5.60","","2.30","90","767","1023","","","","2.80","","SSW","Облачно","2025-11-22 02:01"
"5.60","","2.30","90","767","1023","","","","2.80","","SSW","Облачно","2025-11-22 02:02"
"5.60","","2.30","90","767","1023","","","","2.80","","SSW","Облачно","2025-11-22 02:03"
"5.60","","2.30","90","767","1023","","","","2.80","","SSW","Облачно","2025-11-22 02:04"
"5.60","","2.30","90","767","1023","","","","2.80","","SSW","Облачно","2025-11-22 02:05"
"5.60","","2.30","90","766","1022","","","","2.80","","SSW","Облачно","2025-11-22 02:06"
"5.60","","2.30","90","766","1022","","","","2.80","","SSW","Облачно","2025-11-22 02:07"
"5.60","","2.30","90","766","1022","","","","2.80","","SSW","Облачно","2025-11-22 02:08"
"5.60","","2.30","90","766","1022","","","","2.80","","SSW","Облачно","2025-11-22 02:09"
"5.60","","2.30","90","766","1022","","","","2.80","","SSW","Облачно","2025-11-22 02:10"
"5.60","","2.30","90","766","1022","","","","2.80","","SSW","Облачно","2025-11-22 02:11"
"5.60","","2.30","90","766","1022","","","","2.80","","SSW","Облачно","2025-11-22 02:12"
"5.60","","2.30","90","766","1022","","","","2.80","","SSW","Облачно","2025-11-22 02:13"
"5.60","","2.30","90","766","1022","","","","2.80","","SSW","Облачно","2025-11-22 02:14"
"5.60","","2.30","90","766","1022","","","","2.80","","SSW","Облачно","2025-11-22 02:15"
"5.60","","2.30","90","766","1022","","","","2.80","","SSW","Облачно","2025-11-22 02:16"
"5.60","","2.30","90","766","1022","","","","2.80","","SSW","Облачно","2025-11-22 02:17"
"5.60","","2.30","90","766","1022","","","","2.80","","SSW","Облачно","2025-11-22 02:18"
"5.60","","2.30","90","766","1022","","","","2.80","","SSW","Облачно","2025-11-22 02:19"
"5.60","","2.30","90","766","1022","","","","2.80","","SSW","Облачно","2025-11-22 02:20"
"5.60","","2.30","90","767","1023","","","","2.80","","SSW","Облачно","2025-11-22 02:21"
"5.60","","2.30","90","767","1023","","","","2.80","","SSW","Облачно","2025-11-22 02:22"
"5.60","","2.30","90","767","1023","","","","2.80","","SSW","Облачно","2025-11-22 02:23"
"5.60","","2.30","90","767","1023","","","","2.80","","SSW","Облачно","2025-11-22 02:24"
"5.60","","2.30","90","767","1023","","","","2.80","","SSW","Облачно","2025-11-22 02:25"
"5.60","","2.30","90","767","1023","","","","2.80","","SSW","Облачно","2025-11-22 02:26"
"5.60","","2.30","90","767","1023","","","","2.80","","SSW","Облачно","2025-11-22 02:27"
"5.60","","2.30","90","767","1023","","","","2.80","","SSW","Облачно","2025-11-22 02:28"
"5.60","","2.30","90","767","1023","","","","2.80","","SSW","Облачно","2025-11-22 02:29"
"5.60","","2.30","90","767","1023","","","","2.80","","SSW","Облачно","2025-11-22 02:30"
"5.60","","2.30","90","767","1023","","","","2.80","","SSW","Облачно","2025-11-22 02:31"
"5.60","","2.30","90","767","1023","","","","2.80","","SSW","Облачно","2025-11-22 02:32"
"5.60","","2.30","90","767","1023","","","","2.80","","SSW","Облачно","2025-11-22 02:33"
"5.60","","2.30","90","767","1023","","","","2.80","","SSW","Облачно","2025-11-22 02:34"
"5.60","","2.30","90","767","1023","","","","2.80","","SSW","Облачно","2025-11-22 02:35"
"5.60","","2.30","90","767","1023","","","","2.80","","SSW","Облачно","2025-11-22 02:36"
"5.60","","2.30","90","767","1023","","","","2.80","","SSW","Облачно","2025-11-22 02:37"
"5.60","","2.30","90","767","1023","","","","2.80","","SSW","Облачно","2025-11-22 02:38"
"5.60","","2.30","90","767","1023","","","","2.80","","SSW","Облачно","2025-11-22 02:39"
"5.60","","2.30","90","767","1023","","","","2.80","","SSW","Облачно","2025-11-22 02:40"
"5.60","","2.30","90","767","1023","","","","2.80","","SSW","Облачно","2025-11-22 02:41"
"5.60","","2.30","90","767","1023","","","","2.80","","SSW","Облачно","2025-11-22 02:42"
"5.60","","2.30","90","767","1023","","","","2.80","","SSW","Облачно","2025-11-22 02:43"
"5.60","","2.30","90","767","1023","","","","2.80","","SSW","Облачно","2025-11-22 02:44"
"5.60","","2.30","90","767","1023","","","","2.80","","SSW","Облачно","2025-11-22 02:45"
"5.60","","2.30","90","767","1023","","","","2.80","","SSW","Облачно","2025-11-22 02:46"
"5.60","","2.30","90","767","1023","","","","2.80","","SSW","Облачно","2025-11-22 02:47"
"5.60","","2.30","90","767","1023","","","","2.80","","SSW","Облачно","2025-11-22 02:48"
"5.60","","2.30","90","767","1023","","","","2.80","","SSW","Облачно","2025-11-22 02:49"
"5.60","","2.30","90","767","1023","","","","2.80","","SSW","Облачно","2025-11-22 02:50"
"5.60","","2.30","90","766","1022","","","","2.80","","SSW","Облачно","2025-11-22 02:51"
"5.60","","2.30","90","766","1022","","","","2.80","","SSW","Облачно","2025-11-22 02:52"
"5.60","","2.30","90","766","1022","","","","2.80","","SSW","Облачно","2025-11-22 02:53"
"5.60","","2.30","90","766","1022","","","","2.80","","SSW","Облачно","2025-11-22 02:54"
"5.60","","2.30","90","766","1022","","","","2.80","","SSW","Облачно","2025-11-22 02:55"
"5.60","","2.30","90","766","1022","","","","2.80","","SSW","Облачно","2025-11-22 02:56"
"5.60","","2.30","90","766","1022","","","","2.80","","SSW","Облачно","2025-11-22 02:57"
"5.60","","2.30","90","766","1022","","","","2.80","","SSW","Облачно","2025-11-22 02:58"
"5.60","","2.30","90","766","1022","","","","2.80","","SSW","Облачно","2025-11-22 02:59"
"5.60","","2.30","90","766","1022","","","","2.80","","SSW","Облачно","2025-11-22 03:00"
"5.60","","2.30","90","766","1022","","","","2.80","","SSW","Облачно","2025-11-22 03:01"
"5.60","","2.30","90","766","1022","","","","2.80","","SSW","Облачно","2025-11-22 03:02"
"5.60","","2.30","90","766","1022","","","","2.80","","SSW","Облачно","2025-11-22 03:03"
"5.60","","2.30","90","766","1022","","","","2.80","","SSW","Облачно","2025-11-22 03:04"
"5.60","","2.30","90","766","1022","","","","2.80","","SSW","Облачно","2025-11-22 03:05"
"5.60","","2.30","90","766","1022","","","","2.80","","SSW","Небольшая облачность","2025-11-22 03:06"
"5.60","","2.30","90","766","1022","","","","2.80","","SSW","Небольшая облачность","2025-11-22 03:07"
"5.60","","2.30","90","766","1022","","","","2.80","","SSW","Небольшая облачность","2025-11-22 03:08"
"5.60","","2.30","90","766","1022","","","","2.80","","SSW","Небольшая облачность","2025-11-22 03:09"
"5.60","","2.30","90","766","1022","","","","2.80","","SSW","Небольшая облачность","2025-11-22 03:10"
"5.60","","2.30","90","766","1022","","","","2.80","","SSW","Небольшая облачность","2025-11-22 03:11"
"5.60","","2.30","90","766","1022","","","","2.80","","SSW","Небольшая облачность","2025-11-22 03:12"
"5.60","","2.30","90","766","1022","","","","2.80","","SSW","Небольшая облачность","2025-11-22 03:13"
"5.60","","2.30","90","766","1022","","","","2.80","","SSW","Небольшая облачность","2025-11-22 03:14"
"5.60","","2.30","90","766","1022","","","","2.80","","SSW","Небольшая облачность","2025-11-22 03:15"
"5.60","","2.30","90","766","1022","","","","2.80","","SSW","Небольшая облачность","2025-11-22 03:16"
"5.60","","2.30","90","766","1022","","","","2.80","","SSW","Небольшая облачность","2025-11-22 03:17"
"5.60","","2.30","90","766","1022","","","","2.80","","SSW","Небольшая облачность","2025-11-22 03:18"
"5.60","","2.30","90","766","1022","","","","2.80","","SSW","Небольшая облачность","2025-11-22 03:19"
"5.60","","2.30","90","766","1022","","","","2.80","","SSW","Небольшая облачность","2025-11-22 03:20"
"5.60","","2.30","90","765","1021","","","","2.80","","SSW","Небольшая облачность","2025-11-22 03:21"
"5.60","","2.30","90","765","1021","","","","2.80","","SSW","Небольшая облачность","2025-11-22 03:22"
"5.60","","2.30","90","765","1021","","","","2.80","","SSW","Небольшая облачность","2025-11-22 03:23"
"5.60","","2.30","90","765","1021","","","","2.80","","SSW","Небольшая облачность","2025-11-22 03:24"
"5.60","","2.30","90","765","1021","","","","2.80","","SSW","Небольшая облачность","2025-11-22 03:25"
"5.60","","2.30","90","765","1021","","","","2.80","","SSW","Небольшая облачность","2025-11-22 03:26"
"5.60","","2.30","90","765","1021","","","","2.80","","SSW","Небольшая облачность","2025-11-22 03:27"
"5.60","","2.30","90","765","1021","","","","2.80","","SSW","Небольшая облачность","2025-11-22 03:28"
"5.60","","2.30","90","765","1021","","","","2.80","","SSW","Небольшая облачность","2025-11-22 03:29"
"5.60","","2.30","90","765","1021","","","","2.80","","SSW","Небольшая облачность","2025-11-22 03:30"
"5.60","","2.30","90","765","1021","","","","2.80","","SSW","Небольшая облачность","2025-11-22 03:31"
"5.60","","2.30","90","765","1021","","","","2.80","","SSW","Небольшая облачность","2025-11-22 03:32"
"5.60","","2.30","90","765","1021","","","","2.80","","SSW","Небольшая облачность","2025-11-22 03:33"
"5.60","","2.30","90","765","1021","","","","2.80","","SSW","Небольшая облачность","2025-11-22 03:34"
"5.60","","2.30","90","765","1021","","","","2.80","","SSW","Небольшая облачность","2025-11-22 03:35"
"5.60","","2.30","90","766","1022","","","","2.80","","SSW","Небольшая облачность","2025-11-22 03:36"
"5.60","","2.30","90","766","1022","","","","2.80","","SSW","Небольшая облачность","2025-11-22 03:37"
"5.60","","2.30","90","766","1022","","","","2.80","","SSW","Небольшая облачность","2025-11-22 03:38"
"5.60","","2.30","90","766","1022","","","","2.80","","SSW","Небольшая облачность","2025-11-22 03:39"
"5.60","","2.30","90","766","1022","","","","2.80","","SSW","Небольшая облачность","2025-11-22 03:40"
"5.60","","2.30","90","766","1022","","","","2.80","","SSW","Небольшая облачность","2025-11-22 03:41"
"5.60","","2.30","90","766","1022","","","","2.80","","SSW","Небольшая облачность","2025-11-22 03:42"
"5.60","","2.30","90","766","1022","","","","2.80","","SSW","Небольшая облачность","2025-11-22 03:43"
"5.60","","2.30","90","766","1022","","","","2.80","","SSW","Небольшая облачность","2025-11-22 03:44"
"5.60","","2.30","90","766","1022","","","","2.80","","SSW","Небольшая облачность","2025-11-22 03:45"
"5.60","","2.30","90","766","1022","","","","2.80","","SSW","Небольшая облачность","2025-11-22 03:46"
"5.60","","2.30","90","766","1022","","","","2.80","","SSW","Небольшая облачность","2025-11-22 03:47"
"5.60","","2.30","90","766","1022","","","","2.80","","SSW","Небольшая облачность","2025-11-22 03:48"
"5.60","","2.30","90","766","1022","","","","2.80","","SSW","Небольшая облачность","2025-11-22 03:49"
"5.60","","2.30","90","766","1022","","","","2.80","","SSW","Небольшая облачность","2025-11-22 03:50"
"5.60","","2.30","90","766","1022","","","","2.80","","SSW","Небольшая облачность","2025-11-22 03:51"
"5.60","","2.30","90","766","1022","","","","2.80","","SSW","Небольшая облачность","2025-11-22 03:52"
"5.60","","2.30","90","766","1022","","","","2.80","","SSW","Небольшая облачность","2025-11-22 03:53"
"5.60","","2.30","90","766","1022","","","","2.80","","SSW","Небольшая облачность","2025-11-22 03:54"
"5.60","","2.30","90","766","1022","","","","2.80","","SSW","Небольшая облачность","2025-11-22 03:55"
"5.60","","2.30","90","766","1022","","","","2.80","","SSW","Небольшая облачность","2025-11-22 03:56"
"5.60","","2.30","90","766","1022","","","","2.80","","SSW","Небольшая облачность","2025-11-22 03:57"
"5.60","","2.30","90","766","1022","","","","2.80","","SSW","Небольшая облачность","2025-11-22 03:58"
"5.60","","2.30","90","766","1022","","","","2.80","","SSW","Небольшая облачность","2025-11-22 03:59"
"5.60","","2.30","90","766","1022","","","","2.80","","SSW","Небольшая облачность","2025-11-22 04:00"
"5.60","","2.30","90","766","1022","","","","2.80","","SSW","Небольшая облачность","2025-11-22 04:01"
"5.60","","2.30","90","766","1022","","","","2.80","","SSW","Небольшая облачность","2025-11-22 04:02"
"5.60","","2.30","90","766","1022","","","","2.80","","SSW","Небольшая облачность","2025-11-22 04:03"
"5.60","","2.30","90","766","1022","","","","2.80","","SSW","Небольшая облачность","2025-11-22 04:04"
"5.60","","2.30","90","766","1022","","","","2.80","","SSW","Небольшая облачность","2025-11-22 04:05"
"5.60","","2.30","90","766","1022","","","","2.80","","SSW","Небольшая облачность","2025-11-22 04:06"
"5.60","","2.30","90","766","1022","","","","2.80","","SSW","Небольшая облачность","2025-11-22 04:07"
"5.60","","2.30","90","766","1022","","","","2.80","","SSW","Небольшая облачность","2025-11-22 04:08"
"5.60","","2.30","90","766","1022","","","","2.80","","SSW","Небольшая облачность","2025-11-22 04:09"
"5.60","","2.30","90","766","1022","","","","2.80","","SSW","Небольшая облачность","2025-11-22 04:10"
"5.60","","2.30","90","766","1022","","","","2.80","","SSW","Небольшая облачность","2025-11-22 04:11"
"5.60","","2.30","90","766","1022","","","","2.80","","SSW","Небольшая облачность","2025-11-22 04:12"
"5.60","","2.30","90","766","1022","","","","2.80","","SSW","Небольшая облачность","2025-11-22 04:13"
"5.60","","2.30","90","766","1022","","","","2.80","","SSW","Небольшая облачность","2025-11-22 04:14"
"5.60","","2.30","90","766","1022","","","","2.80","","SSW","Небольшая облачность","2025-11-22 04:15"
"5.60","","2.30","90","766","1022","","","","2.80","","SSW","Небольшая облачность","2025-11-22 04:16"
"5.60","","2.30","90","766","1022","","","","2.80","","SSW","Небольшая облачность","2025-11-22 04:17"
"5.60","","2.30","90","766","1022","","","","2.80","","SSW","Небольшая облачность","2025-11-22 04:18"
"5.60","","2.30","90","766","1022","","","","2.80","","SSW","Небольшая облачность","2025-11-22 04:19"
"5.60","","2.30","90","766","1022","","","","2.80","","SSW","Небольшая облачность","2025-11-22 04:20"
"5.60","","2.30","90","766","1022","","","","2.80","","SSW","Небольшая облачность","2025-11-22 04:21"
"5.60","","2.30","90","766","1022","","","","2.80","","SSW","Небольшая облачность","2025-11-22 04:22"
"5.60","","2.30","90","766","1022","","","","2.80","","SSW","Небольшая облачность","2025-11-22 04:23"
"5.60","","2.30","90","766","1022","","","","2.80","","SSW","Небольшая облачность","2025-11-22 04:24"
"5.60","","2.30","90","766","1022","","","","2.80","","SSW","Небольшая облачность","2025-11-22 04:25"
"5.60","","2.30","90","766","1022","","","","2.80","","SSW","Небольшая облачность","2025-11-22 04:26"
"5.60","","2.30","90","766","1022","","","","2.80","","SSW","Небольшая облачность","2025-11-22 04:27"
"5.60","","2.30","90","766","1022","","","","2.80","","SSW","Небольшая облачность","2025-11-22 04:28"
"5.60","","2.30","90","766","1022","","","","2.80","","SSW","Небольшая облачность","2025-11-22 04:29"
"5.60","","2.30","90","766","1022","","","","2.80","","SSW","Небольшая облачность","2025-11-22 04:30"
"5.60","","2.30","90","766","1022","","","","2.80","","SSW","Небольшая облачность","2025-11-22 04:31"
"5.60","","2.30","90","766","1022","","","","2.80","","SSW","Небольшая облачность","2025-11-22 04:32"
"5.60","","2.30","90","766","1022","","","","2.80","","SSW","Небольшая облачность","2025-11-22 04:33"
"5.60","","2.30","90","766","1022","","","","2.80","","SSW","Небольшая облачность","2025-11-22 04:34"
"5.60","","2.30","90","766","1022","","","","2.80","","SSW","Небольшая облачность","2025-11-22 04:35"
"5.60","","2.30","90","765","1021","","","","2.80","","SSW","Переменная облачность","2025-11-22 04:36"
"5.60","","2.30","90","765","1021","","","","2.80","","SSW","Переменная облачность","2025-11-22 04:37"
"5.60","","2.30","90","765","1021","","","","2.80","","SSW","Переменная облачность","2025-11-22 04:38"
"5.60","","2.30","90","765","1021","","","","2.80","","SSW","Переменная облачность","2025-11-22 04:39"
"5.60","","2.30","90","765","1021","","","","2.80","","SSW","Переменная облачность","2025-11-22 04:40"
"5.60","","2.30","90","765","1021","","","","2.80","","SSW","Переменная облачность","2025-11-22 04:41"
"5.60","","2.30","90","765","1021","","","","2.80","","SSW","Переменная облачность","2025-11-22 04:42"
"5.60","","2.30","90","765","1021","","","","2.80","","SSW","Переменная облачность","2025-11-22 04:43"
"5.60","","2.30","90","765","1021","","","","2.80","","SSW","Переменная облачность","2025-11-22 04:44"
"5.60","","2.30","90","765","1021","","","","2.80","","SSW","Переменная облачность","2025-11-22 04:45"
"5.60","","2.30","90","765","1021","","","","2.80","","SSW","Переменная облачность","2025-11-22 04:46"
"5.60","","2.30","90","765","1021","","","","2.80","","SSW","Переменная облачность","2025-11-22 04:47"
"5.60","","2.30","90","765","1021","","","","2.80","","SSW","Переменная облачность","2025-11-22 04:48"
"5.60","","2.30","90","765","1021","","","","2.80","","SSW","Переменная облачность","2025-11-22 04:49"
"5.60","","2.30","90","765","1021","","","","2.80","","SSW","Переменная облачность","2025-11-22 04:50"
"5.60","","2.30","90","765","1021","","","","2.80","","SSW","Переменная облачность","2025-11-22 04:51"
"5.60","","2.30","90","766","1022","","","","2.80","","SSW","Переменная облачность","2025-11-22 04:52"
"5.60","","2.30","90","766","1022","","","","2.80","","SSW","Переменная облачность","2025-11-22 04:53"
"5.60","","2.30","90","766","1022","","","","2.80","","SSW","Переменная облачность","2025-11-22 04:54"
"5.60","","2.30","90","766","1022","","","","2.80","","SSW","Переменная облачность","2025-11-22 04:55"
"5.60","","2.30","90","766","1022","","","","2.80","","SSW","Переменная облачность","2025-11-22 04:56"
"5.60","","2.30","90","766","1022","","","","2.80","","SSW","Переменная облачность","2025-11-22 04:57"
"5.60","","2.30","90","766","1022","","","","2.80","","SSW","Переменная облачность","2025-11-22 04:58"
"5.60","","2.30","90","766","1022","","","","2.80","","SSW","Переменная облачность","2025-11-22 04:59"
"5.60","","2.30","90","766","1022","","","","2.80","","SSW","Переменная облачность","2025-11-22 05:00"
"5.60","","2.30","90","766","1022","","","","2.80","","SSW","Переменная облачность","2025-11-22 05:01"
"5.60","","2.30","90","766","1022","","","","2.80","","SSW","Переменная облачность","2025-11-22 05:02"
"5.60","","2.30","90","766","1022","","","","2.80","","SSW","Переменная облачность","2025-11-22 05:03"
"5.60","","2.30","90","766","1022","","","","2.80","","SSW","Переменная облачность","2025-11-22 05:04"
"5.60","","2.30","90","766","1022","","","","2.80","","SSW","Переменная облачность","2025-11-22 05:05"
"5.60","","2.30","90","766","1022","","","","2.80","","SSW","Переменная облачность","2025-11-22 05:06"
"5.60","","2.30","90","766","1022","","","","2.80","","SSW","Переменная облачность","2025-11-22 05:07"
"5.60","","2.30","90","766","1022","","","","2.80","","SSW","Переменная облачность","2025-11-22 05:08"
"5.60","","2.30","90","766","1022","","","","2.80","","SSW","Переменная облачность","2025-11-22 05:09"
"5.60","","2.30","90","766","1022","","","","2.80","","SSW","Переменная облачность","2025-11-22 05:10"
"5.60","","2.30","90","766","1022","","","","2.80","","SSW","Переменная облачность","2025-11-22 05:11"
"5.60","","2.30","90","766","1022","","","","2.80","","SSW","Переменная облачность","2025-11-22 05:12"
"5.60","","2.30","90","766","1022","","","","2.80","","SSW","Переменная облачность","2025-11-22 05:13"
"5.60","","2.30","90","766","1022","","","","2.80","","SSW","Переменная облачность","2025-11-22 05:14"
"5.60","","2.30","90","766","1022","","","","2.80","","SSW","Переменная облачность","2025-11-22 05:15"
"5.60","","2.30","90","766","1022","","","","2.80","","SSW","Переменная облачность","2025-11-22 05:16"
"5.60","","2.30","90","766","1022","","","","2.80","","SSW","Переменная облачность","2025-11-22 05:17"
"5.60","","2.30","90","766","1022","","","","2.80","","SSW","Переменная облачность","2025-11-22 05:18"
"5.60","","2.30","90","766","1022","","","","2.80","","SSW","Переменная облачность","2025-11-22 05:19"
"5.60","","2.30","90","766","1022","","","","2.80","","SSW","Переменная облачность","2025-11-22 05:20"
"5.60","","2.30","90","766","1022","","","","2.80","","SSW","Переменная облачность","2025-11-22 05:21"
"5.60","","2.30","90","766","1022","","","","2.80","","SSW","Переменная облачность","2025-11-22 05:22"
"5.60","","2.30","90","766","1022","","","","2.80","","SSW","Переменная облачность","2025-11-22 05:23"
"5.60","","2.30","90","766","1022","","","","2.80","","SSW","Переменная облачность","2025-11-22 05:24"
"5.60","","2.30","90","766","1022","","","","2.80","","SSW","Переменная облачность","2025-11-22 05:25"
"5.60","","2.30","90","766","1022","","","","2.80","","SSW","Переменная облачность","2025-11-22 05:26"
"5.60","","2.30","90","766","1022","","","","2.80","","SSW","Переменная облачность","2025-11-22 05:27"
"5.60","","2.30","90","766","1022","","","","2.80","","SSW","Переменная облачность","2025-11-22 05:28"
"5.60","","2.30","90","766","1022","","","","2.80","","SSW","Переменная облачность","2025-11-22 05:29"
"5.60","","2.30","90","766","1022","","","","2.80","","SSW","Переменная облачность","2025-11-22 05:30"
"5.60","","2.30","90","766","1022","","","","2.80","","SSW","Облачно","2025-11-22 05:31"
"5.60","","2.30","90","766","1022","","","","2.80","","SSW","Облачно","2025-11-22 05:32"
"5.60","","2.30","90","766","1022","","","","2.80","","SSW","Облачно","2025-11-22 05:33"
"5.60","","2.30","90","766","1022","","","","2.80","","SSW","Облачно","2025-11-22 05:34"
"5.60","","2.30","90","766","1022","","","","2.80","","SSW","Облачно","2025-11-22 05:35"
"8.50","","5.80","88","766","1022","","","","2.80","","SSW","Облачно","2025-11-22 05:36"
"8.50","","5.80","88","766","1022","","","","2.80","","SSW","Облачно","2025-11-22 05:37"
"8.50","","5.80","88","766","1022","","","","2.80","","SSW","Облачно","2025-11-22 05:38"
"8.50","","5.80","88","766","1022","","","","2.80","","SSW","Облачно","2025-11-22 05:39"
"8.50","","5.80","88","766","1022","","","","2.80","","SSW","Облачно","2025-11-22 05:40"
"8.50","","5.80","88","766","1022","","","","2.80","","SSW","Облачно","2025-11-22 05:41"
"8.50","","5.80","88","766","1022","","","","2.80","","SSW","Облачно","2025-11-22 05:42"
"8.50","","5.80","88","766","1022","","","","2.80","","SSW","Облачно","2025-11-22 05:43"
"8.50","","5.80","88","766","1022","","","","2.80","","SSW","Облачно","2025-11-22 05:44"
"8.50","","5.80","88","766","1022","","","","2.80","","SSW","Облачно","2025-11-22 05:45"
"8.50","","5.80","88","766","1022","","","","2.80","","SSW","Облачно","2025-11-22 05:46"
"8.50","","5.80","88","766","1022","","","","2.80","","SSW","Облачно","2025-11-22 05:47"
"8.50","","5.80","88","766","1022","","","","2.80","","SSW","Облачно","2025-11-22 05:48"
"8.50","","5.80","88","766","1022","","","","2.80","","SSW","Облачно","2025-11-22 05:49"
"8.50","","5.80","88","766","1022","","","","2.80","","SSW","Облачно","2025-11-22 05:50"
"8.50","","5.80","88","766","1022","","","","2.80","","SSW","Облачно","2025-11-22 05:51"
"8.50","","5.80","88","766","1022","","","","2.80","","SSW","Облачно","2025-11-22 05:52"
"8.50","","5.80","88","766","1022","","","","2.80","","SSW","Облачно","2025-11-22 05:53"
"8.50","","5.80","88","766","1022","","","","2.80","","SSW","Облачно","2025-11-22 05:54"
"8.50","","5.80","88","766","1022","","","","2.80","","SSW","Облачно","2025-11-22 05:55"
"8.50","","5.80","88","766","1022","","","","2.80","","SSW","Облачно","2025-11-22 05:56"
"8.50","","5.80","88","766","1022","","","","2.80","","SSW","Облачно","2025-11-22 05:57"
"8.50","","5.80","88","766","1022","","","","2.80","","SSW","Облачно","2025-11-22 05:58"
"8.50","","5.80","88","766","1022","","","","2.80","","SSW","Облачно","2025-11-22 05:59"
"8.50","","5.80","88","766","1022","","","","2.80","","SSW","Облачно","2025-11-22 06:00"
"8.50","","5.80","88","766","1022","","","","2.80","","SSW","Облачно","2025-11-22 06:01"
"8.50","","5.80","88","766","1022","","","","2.80","","SSW","Облачно","2025-11-22 06:02"
"8.50","","5.80","88","766","1022","","","","2.80","","SSW","Облачно","2025-11-22 06:03"
"8.50","","5.80","88","766","1022","","","","2.80","","SSW","Облачно","2025-11-22 06:04"
"8.50","","5.80","88","766","1022","","","","2.80","","SSW","Облачно","2025-11-22 06:05"
"8.50","","5.80","88","766","1022","","","","2.80","","SSW","Облачно","2025-11-22 06:06"
"8.50","","5.80","88","766","1022","","","","2.80","","SSW","Облачно","2025-11-22 06:07"
"8.50","","5.80","88","766","1022","","","","2.80","","SSW","Облачно","2025-11-22 06:08"
"8.50","","5.80","88","766","1022","","","","2.80","","SSW","Облачно","2025-11-22 06:09"
"8.50","","5.80","88","766","1022","","","","2.80","","SSW","Облачно","2025-11-22 06:10"
"8.50","","5.80","88","766","1022","","","","2.80","","SSW","Облачно","2025-11-22 06:11"
"8.50","","5.80","88","766","1022","","","","2.80","","SSW","Облачно","2025-11-22 06:12"
"8.50","","5.80","88","766","1022","","","","2.80","","SSW","Облачно","2025-11-22 06:13"
"8.50","","5.80","88","766","1022","","","","2.80","","SSW","Облачно","2025-11-22 06:14"
"8.50","","5.80","88","766","1022","","","","2.80","","SSW","Облачно","2025-11-22 06:15"
"8.50","","5.80","88","766","1022","","","","2.80","","SSW","Облачно","2025-11-22 06:16"
"8.50","","5.80","88","766","1022","","","","2.80","","SSW","Облачно","2025-11-22 06:17"
"8.50","","5.80","88","766","1022","","","","2.80","","SSW","Облачно","2025-11-22 06:18"
"8.50","","5.80","88","766","1022","","","","2.80","","SSW","Облачно","2025-11-22 06:19"
"8.50","","5.80","88","766","1022","","","","2.80","","SSW","Облачно","2025-11-22 06:20"
"8.50","","5.80","88","766","1022","","","","2.80","","SSW","Облачно","2025-11-22 06:21"
"8.50","","5.80","88","766","1022","","","","2.80","","SSW","Облачно","2025-11-22 06:22"
"8.50","","5.80","88","766","1022","","","","2.80","","SSW","Облачно","2025-11-22 06:23"
"8.50","","5.80","88","766","1022","","","","2.80","","SSW","Облачно","2025-11-22 06:24"
"8.50","","5.80","88","766","1022","","","","2.80","","SSW","Облачно","2025-11-22 06:25"
"8.50","","5.80","88","766","1022","","","","2.80","","SSW","Облачно","2025-11-22 06:26"
"8.50","","5.80","88","766","1022","","","","2.80","","SSW","Облачно","2025-11-22 06:27"
"8.50","","5.80","88","766","1022","","","","2.80","","SSW","Облачно","2025-11-22 06:28"
"8.50","","5.80","88","766","1022","","","","2.80","","SSW","Облачно","2025-11-22 06:29"
"8.50","","5.80","88","766","1022","","","","2.80","","SSW","Облачно","2025-11-22 06:30"
"8.50","","5.80","88","766","1022","","","","2.80","","SSW","Облачно","2025-11-22 06:31"
"8.50","","5.80","88","766","1022","","","","2.80","","SSW","Облачно","2025-11-22 06:32"
"8.50","","5.80","88","766","1022","","","","2.80","","SSW","Облачно","2025-11-22 06:33"
"8.50","","5.80","88","766","1022","","","","2.80","","SSW","Облачно","2025-11-22 06:34"
"8.60","","5.90","89","766","1022","","","","2.80","","SSW","Облачно","2025-11-22 06:35"
"8.60","","5.90","89","766","1022","","","","2.80","","SSW","Небольшая облачность","2025-11-22 06:36"
"8.60","","5.90","89","766","1022","","","","2.80","","SSW","Небольшая облачность","2025-11-22 06:37"
"8.60","","5.90","89","766","1022","","","","2.80","","SSW","Небольшая облачность","2025-11-22 06:38"
"8.60","","5.90","89","766","1022","","","","2.80","","SSW","Небольшая облачность","2025-11-22 06:39"
"8.70","","6.00","89","766","1022","","","","2.80","","SSW","Небольшая облачность","2025-11-22 06:40"
"8.70","","6.00","89","766","1022","","","","2.80","","SSW","Небольшая облачность","2025-11-22 06:41"
"8.70","","6.00","89","766","1022","","","","2.80","","SSW","Небольшая облачность","2025-11-22 06:42"
"8.70","","6.00","89","766","1022","","","","2.80","","SSW","Небольшая облачность","2025-11-22 06:43"
"8.70","","6.00","89","766","1022","","","","2.80","","SSW","Небольшая облачность","2025-11-22 06:44"
"8.80","","6.20","89","766","1022","","","","2.80","","SSW","Небольшая облачность","2025-11-22 06:45"
"8.80","","6.20","89","766","1022","","","","2.80","","SSW","Небольшая облачность","2025-11-22 06:46"
"8.80","","6.20","89","766","1022","","","","2.80","","SSW","Небольшая облачность","2025-11-22 06:47"
"8.80","","6.20","89","766","1022","","","","2.80","","SSW","Небольшая облачность","2025-11-22 06:48"
"8.80","","6.20","89","766","1022","","","","2.80","","SSW","Небольшая облачность","2025-11-22 06:49"
"8.80","","6.20","89","766","1022","","","","2.80","","SSW","Небольшая облачность","2025-11-22 06:50"
"8.80","","6.20","89","766","1022","","","","2.80","","SSW","Небольшая облачность","2025-11-22 06:51"
"8.80","","6.20","89","766","1022","","","","2.80","","SSW","Небольшая облачность","2025-11-22 06:52"
"8.80","","6.20","89","766","1022","","","","2.80","","SSW","Небольшая облачность","2025-11-22 06:53"
"8.80","","6.20","89","766","1022","","","","2.80","","SSW","Небольшая облачность","2025-11-22 06:54"
"8.80","","6.20","89","766","1022","","","","2.80","","SSW","Небольшая облачность","2025-11-22 06:55"
"8.80","","6.20","89","766","1022","","","","2.80","","SSW","Небольшая облачность","2025-11-22 06:56"
"8.80","","6.20","89","766","1022","","","","2.80","","SSW","Небольшая облачность","2025-11-22 06:57"
"8.80","","6.20","89","766","1022","","","","2.80","","SSW","Небольшая облачность","2025-11-22 06:58"
"8.80","","6.20","89","766","1022","","","","2.80","","SSW","Небольшая облачность","2025-11-22 06:59"
"8.80","","6.20","89","766","1022","","","","2.80","","SSW","Небольшая облачность","2025-11-22 07:00"
"8.80","","6.20","89","766","1022","","","","2.80","","SSW","Небольшая облачность","2025-11-22 07:01"
"8.80","","6.20","89","766","1022","","","","2.80","","SSW","Небольшая облачность","2025-11-22 07:02"
"8.80","","6.20","89","766","1022","","","","2.80","","SSW","Небольшая облачность","2025-11-22 07:03"
"8.80","","6.20","89","766","1022","","","","2.80","","SSW","Небольшая облачность","2025-11-22 07:04"
"8.80","","6.20","89","766","1022","","","","2.80","","SSW","Небольшая облачность","2025-11-22 07:05"
"8.80","","6.20","89","766","1022","","","","2.80","","SSW","Небольшая облачность","2025-11-22 07:06"
"8.80","","6.20","89","766","1022","","","","2.80","","SSW","Небольшая облачность","2025-11-22 07:07"
"8.80","","6.20","89","766","1022","","","","2.80","","SSW","Небольшая облачность","2025-11-22 07:08"
"8.80","","6.20","89","766","1022","","","","2.80","","SSW","Небольшая облачность","2025-11-22 07:09"
"8.90","","6.30","89","766","1022","","","","2.80","","SSW","Небольшая облачность","2025-11-22 07:10"
"8.90","","6.30","89","766","1022","","","","2.80","","SSW","Небольшая облачность","2025-11-22 07:11"
"8.90","","6.30","89","766","1022","","","","2.80","","SSW","Небольшая облачность","2025-11-22 07:12"
"8.90","","6.30","89","766","1022","","","","2.80","","SSW","Небольшая облачность","2025-11-22 07:13"
"9.00","","6.40","89","766","1022","","","","2.80","","SSW","Небольшая облачность","2025-11-22 07:14"
"9.00","","6.40","89","766","1022","","","","2.80","","SSW","Небольшая облачность","2025-11-22 07:15"
"9.00","","6.40","89","766","1022","","","","2.80","","SSW","Небольшая облачность","2025-11-22 07:16"
"9.00","","6.40","89","766","1022","","","","2.80","","SSW","Небольшая облачность","2025-11-22 07:17"
"9.00","","6.40","89","766","1022","","","","2.80","","SSW","Небольшая облачность","2025-11-22 07:18"
"9.00","","6.40","89","766","1022","","","","2.80","","SSW","Небольшая облачность","2025-11-22 07:19"
"9.00","","6.40","89","766","1022","","","","2.80","","SSW","Небольшая облачность","2025-11-22 07:20"
"9.00","","6.40","89","766","1022","","","","2.80","","SSW","Небольшая облачность","2025-11-22 07:21"
"9.00","","6.40","89","766","1022","","","","2.80","","SSW","Небольшая облачность","2025-11-22 07:22"
"9.00","","6.40","89","766","1022","","","","2.80","","SSW","Небольшая облачность","2025-11-22 07:23"
"9.10","","6.50","89","766","1022","","","","2.80","","SSW","Небольшая облачность","2025-11-22 07:24"
"9.10","","6.50","89","766","1022","","","","2.80","","SSW","Небольшая облачность","2025-11-22 07:25"
"9.10","","6.60","90","766","1022","","","","2.80","","SSW","Небольшая облачность","2025-11-22 07:26"
"9.10","","6.60","90","766","1022","","","","2.80","","SSW","Небольшая облачность","2025-11-22 07:27"
"9.10","","6.60","90","766","1022","","","","2.80","","SSW","Небольшая облачность","2025-11-22 07:28"
"9.00","","6.40","90","766","1022","","","","2.80","","SSW","Небольшая облачность","2025-11-22 07:29"
"9.00","","6.40","89","766","1022","","","","2.80","","SSW","Небольшая облачность","2025-11-22 07:30"
"9.00","","6.40","89","766","1022","","","","2.80","","SSW","Небольшая облачность","2025-11-22 07:31"
"9.00","","6.40","89","766","1022","","","","2.80","","SSW","Небольшая облачность","2025-11-22 07:32"
"9.00","","6.40","89","766","1022","","","","2.80","","SSW","Небольшая облачность","2025-11-22 07:33"
"9.00","","6.40","89","766","1022","","","","2.80","","SSW","Небольшая облачность","2025-11-22 07:34"
"9.00","","6.40","89","766","1022","","","","2.80","","SSW","Небольшая облачность","2025-11-22 07:35"
"9.00","","6.40","89","766","1022","","","","2.80","","SSW","Небольшая облачность","2025-11-22 07:36"
"9.00","","6.40","89","766","1022","","","","2.80","","SSW","Небольшая облачность","2025-11-22 07:37"
"9.00","","6.40","89","766","1022","","","","2.80","","SSW","Небольшая облачность","2025-11-22 07:38"
"8.90","","6.30","89","766","1022","","","","2.80","","SSW","Небольшая облачность","2025-11-22 07:39"
"8.90","","6.30","89","766","1022","","","","2.80","","SSW","Небольшая облачность","2025-11-22 07:40"
"8.90","","6.30","89","766","1022","","","","2.80","","SSW","Небольшая облачность","2025-11-22 07:41"
"8.90","","6.30","89","766","1022","","","","2.80","","SSW","Небольшая облачность","2025-11-22 07:42"
"8.90","","6.30","89","766","1022","","","","2.80","","SSW","Небольшая облачность","2025-11-22 07:43"
"8.90","","6.30","89","766","1022","","","","2.80","","SSW","Небольшая облачность","2025-11-22 07:44"
"8.90","","6.30","89","766","1022","","","","2.80","","SSW","Небольшая облачность","2025-11-22 07:45"
"8.90","","6.30","89","766","1022","","","","2.80","","SSW","Небольшая облачность","2025-11-22 07:46"
"8.90","","6.30","89","766","1022","","","","2.80","","SSW","Небольшая облачность","2025-11-22 07:47"
"8.90","","6.30","89","766","1022","","","","2.80","","SSW","Небольшая облачность","2025-11-22 07:48"
"8.90","","6.30","89","766","1022","","","","2.80","","SSW","Небольшая облачность","2025-11-22 07:49"
"9.00","","6.40","89","766","1022","","","","2.80","","SSW","Небольшая облачность","2025-11-22 07:50"
"9.00","","6.40","89","765","1021","","","","2.80","","SSW","Небольшая облачность","2025-11-22 07:51"
"9.00","","6.40","89","765","1021","","","","2.80","","SSW","Небольшая облачность","2025-11-22 07:52"
"9.00","","6.40","89","765","1021","","","","2.80","","SSW","Небольшая облачность","2025-11-22 07:53"
"9.00","","6.40","89","765","1021","","","","2.80","","SSW","Небольшая облачность","2025-11-22 07:54"
"9.00","","6.40","89","765","1021","","","","2.80","","SSW","Небольшая облачность","2025-11-22 07:55"
"9.00","","6.40","90","765","1021","","","","2.80","","SSW","Небольшая облачность","2025-11-22 07:56"
"9.00","","6.40","90","765","1021","","","","2.80","","SSW","Небольшая облачность","2025-11-22 07:57"
"9.00","","6.40","90","765","1021","","","","2.80","","SSW","Небольшая облачность","2025-11-22 07:58"
"9.00","","6.40","90","765","1021","","","","2.80","","SSW","Небольшая облачность","2025-11-22 07:59"
"9.00","","6.40","90","765","1021","","","","2.80","","SSW","Небольшая облачность","2025-11-22 08:00"
"9.00","","6.40","90","765","1021","","","","2.80","","SSW","Небольшая облачность","2025-11-22 08:01"
"9.00","","6.40","90","765","1021","","","","2.80","","SSW","Небольшая облачность","2025-11-22 08:02"
"9.00","","6.40","90","765","1021","","","","2.80","","SSW","Небольшая облачность","2025-11-22 08:03"
"9.00","","6.40","90","765","1021","","","","2.80","","SSW","Небольшая облачность","2025-11-22 08:04"
"9.00","","6.40","90","765","1021","","","","2.80","","SSW","Небольшая облачность","2025-11-22 08:05"
"9.00","","6.40","90","765","1021","","","","2.80","","SSW","Небольшая облачность","2025-11-22 08:06"
"9.00","","6.40","90","765","1021","","","","2.80","","SSW","Небольшая облачность","2025-11-22 08:07"
"9.00","","6.40","90","765","1021","","","","2.80","","SSW","Небольшая облачность","2025-11-22 08:08"
"9.00","","6.40","90","765","1021","","","","2.80","","SSW","Небольшая облачность","2025-11-22 08:09"
"9.00","","6.40","90","765","1021","","","","2.80","","SSW","Небольшая облачность","2025-11-22 08:10"
"9.00","","6.40","90","765","1021","","","","2.80","","SSW","Небольшая облачность","2025-11-22 08:11"
"9.00","","6.40","90","765","1021","","","","2.80","","SSW","Небольшая облачность","2025-11-22 08:12"
"9.00","","6.40","90","765","1021","","","","2.80","","SSW","Небольшая облачность","2025-11-22 08:13"
"9.00","","6.40","90","765","1021","","","","2.80","","SSW","Небольшая облачность","2025-11-22 08:14"
"9.00","","6.40","90","765","1021","","","","2.80","","SSW","Небольшая облачность","2025-11-22 08:15"
"9.00","","6.40","90","765","1021","","","","2.80","","SSW","Переменная облачность","2025-11-22 08:16"
"9.00","","6.40","90","765","1021","","","","2.80","","SSW","Переменная облачность","2025-11-22 08:17"
"9.00","","6.40","90","765","1021","","","","2.80","","SSW","Переменная облачность","2025-11-22 08:18"
"9.00","","6.40","90","765","1021","","","","2.80","","SSW","Переменная облачность","2025-11-22 08:19"
"9.00","","6.40","90","765","1021","","","","2.80","","SSW","Переменная облачность","2025-11-22 08:20"
"9.00","","6.40","90","765","1021","","","","2.80","","SSW","Переменная облачность","2025-11-22 08:21"
"9.00","","6.40","90","765","1021","","","","2.80","","SSW","Переменная облачность","2025-11-22 08:22"
"9.00","","6.40","90","765","1021","","","","2.80","","SSW","Переменная облачность","2025-11-22 08:23"
"9.00","","6.40","90","765","1021","","","","2.80","","SSW","Переменная облачность","2025-11-22 08:24"
"9.00","","6.40","90","765","1021","","","","2.80","","SSW","Переменная облачность","2025-11-22 08:25"
"9.00","","6.40","90","765","1021","","","","2.80","","SSW","Переменная облачность","2025-11-22 08:26"
"9.00","","6.40","90","765","1021","","","","2.80","","SSW","Переменная облачность","2025-11-22 08:27"
"9.00","","6.40","90","765","1021","","","","2.80","","SSW","Переменная облачность","2025-11-22 08:28"
"9.00","","6.40","90","765","1021","","","","2.80","","SSW","Переменная облачность","2025-11-22 08:29"
"9.00","","6.40","90","765","1021","","","","2.80","","SSW","Переменная облачность","2025-11-22 08:30"
"9.00","","6.40","90","765","1021","","","","2.80","","SSW","Переменная облачность","2025-11-22 08:31"
"9.00","","6.40","90","765","1021","","","","2.80","","SSW","Переменная облачность","2025-11-22 08:32"
"9.00","","6.40","90","765","1021","","","","2.80","","SSW","Переменная облачность","2025-11-22 08:33"
"9.00","","6.40","90","765","1021","","","","2.80","","SSW","Переменная облачность","2025-11-22 08:34"
"9.00","","6.40","90","765","1021","","","","2.80","","SSW","Переменная облачность","2025-11-22 08:35"
"9.00","","6.40","90","766","1022","","","","2.80","","SSW","Переменная облачность","2025-11-22 08:36"
"9.00","","6.40","90","766","1022","","","","2.80","","SSW","Переменная облачность","2025-11-22 08:37"
"9.00","","6.40","90","766","1022","","","","2.80","","SSW","Переменная облачность","2025-11-22 08:38"
"9.00","","6.40","90","766","1022","","","","2.80","","SSW","Переменная облачность","2025-11-22 08:39"
"9.00","","6.40","90","766","1022","","","","2.80","","SSW","Переменная облачность","2025-11-22 08:40"
"9.00","","6.40","90","766","1022","","","","2.80","","SSW","Переменная облачность","2025-11-22 08:41"
"9.00","","6.40","90","766","1022","","","","2.80","","SSW","Переменная облачность","2025-11-22 08:42"
"9.00","","6.40","90","766","1022","","","","2.80","","SSW","Переменная облачность","2025-11-22 08:43"
"9.00","","6.40","90","766","1022","","","","2.80","","SSW","Переменная облачность","2025-11-22 08:44"
"9.00","","6.40","90","766","1022","","","","2.80","","SSW","Переменная облачность","2025-11-22 08:45"
"9.00","","6.40","90","766","1022","","","","2.80","","SSW","Переменная облачность","2025-11-22 08:46"
"9.00","","6.40","90","766","1022","","","","2.80","","SSW","Переменная облачность","2025-11-22 08:47"
"9.00","","6.40","90","766","1022","","","","2.80","","SSW","Переменная облачность","2025-11-22 08:48"
"9.00","","6.40","90","766","1022","","","","2.80","","SSW","Переменная облачность","2025-11-22 08:49"
"9.00","","6.40","90","766","1022","","","","2.80","","SSW","Переменная облачность","2025-11-22 08:50"
"9.00","","6.40","90","766","1022","","","","2.80","","SSW","Переменная облачность","2025-11-22 08:51"
"9.00","","6.40","90","766","1022","","","","2.80","","SSW","Переменная облачность","2025-11-22 08:52"
"9.00","","6.40","90","766","1022","","","","2.80","","SSW","Переменная облачность","2025-11-22 08:53"
"9.00","","6.40","90","766","1022","","","","2.80","","SSW","Переменная облачность","2025-11-22 08:54"
"9.00","","6.40","90","766","1022","","","","2.80","","SSW","Переменная облачность","2025-11-22 08:55"
"9.00","","6.40","90","766","1022","","","","2.80","","SSW","Переменная облачность","2025-11-22 08:56"
"9.00","","6.40","90","766","1022","","","","2.80","","SSW","Переменная облачность","2025-11-22 08:57"
"9.00","","6.40","90","766","1022","","","","2.80","","SSW","Переменная облачность","2025-11-22 08:58"
"9.00","","6.40","90","766","1022","","","","2.80","","SSW","Переменная облачность","2025-11-22 08:59"
"9.00","","6.40","90","766","1022","","","","2.80","","SSW","Переменная облачность","2025-11-22 09:00"
"9.00","","6.40","90","766","1022","","","","2.80","","SSW","Переменная облачность","2025-11-22 09:01"
"9.00","","6.40","90","766","1022","","","","2.80","","SSW","Переменная облачность","2025-11-22 09:02"
"9.00","","6.40","90","766","1022","","","","2.80","","SSW","Переменная облачность","2025-11-22 09:03"
"9.00","","6.40","90","766","1022","","","","2.80","","SSW","Переменная облачность","2025-11-22 09:04"
"9.00","","6.40","90","766","1022","","","","2.80","","SSW","Переменная облачность","2025-11-22 09:05"
"9.00","","6.40","90","766","1022","","","","2.80","","SSW","Переменная облачность","2025-11-22 09:06"
"9.00","","6.40","90","766","1022","","","","2.80","","SSW","Переменная облачность","2025-11-22 09:07"
"9.00","","6.40","90","766","1022","","","","2.80","","SSW","Переменная облачность","2025-11-22 09:08"
"9.00","","6.40","90","766","1022","","","","2.80","","SSW","Переменная облачность","2025-11-22 09:09"
"9.00","","6.40","90","766","1022","","","","2.80","","SSW","Переменная облачность","2025-11-22 09:10"
"9.00","","6.40","90","766","1022","","","","2.80","","SSW","Переменная облачность","2025-11-22 09:11"
"9.00","","6.40","90","766","1022","","","","2.80","","SSW","Переменная облачность","2025-11-22 09:12"
"9.00","","6.40","90","766","1022","","","","2.80","","SSW","Переменная облачность","2025-11-22 09:13"
"9.00","","6.40","90","766","1022","","","","2.80","","SSW","Переменная облачность","2025-11-22 09:14"
"9.00","","6.40","90","766","1022","","","","2.80","","SSW","Переменная облачность","2025-11-22 09:15"
"9.00","","6.40","90","766","1022","","","","2.80","","SSW","Переменная облачность","2025-11-22 09:16"
"9.00","","6.40","90","766","1022","","","","2.80","","SSW","Переменная облачность","2025-11-22 09:17"
"9.00","","6.40","90","766","1022","","","","2.80","","SSW","Переменная облачность","2025-11-22 09:18"
"9.00","","6.40","90","766","1022","","","","2.80","","SSW","Переменная облачность","2025-11-22 09:19"
"9.00","","6.40","90","766","1022","","","","2.80","","SSW","Переменная облачность","2025-11-22 09:20"
"9.00","","6.40","90","766","1022","","","","2.80","","SSW","Переменная облачность","2025-11-22 09:21"
"9.00","","6.40","90","766","1022","","","","2.80","","SSW","Переменная облачность","2025-11-22 09:22"
"9.00","","6.40","90","766","1022","","","","2.80","","SSW","Переменная облачность","2025-11-22 09:23"
"9.00","","6.40","90","766","1022","","","","2.80","","SSW","Переменная облачность","2025-11-22 09:24"
"9.00","","6.40","90","766","1022","","","","2.80","","SSW","Переменная облачность","2025-11-22 09:25"
"9.00","","6.40","90","766","1022","","","","2.80","","SSW","Переменная облачность","2025-11-22 09:26"
"9.60","","7.00","86","766","1022","","","","2.80","","SSW","Переменная облачность","2025-11-22 09:27"
"9.60","","7.00","86","766","1022","","","","2.80","","SSW","Переменная облачность","2025-11-22 09:28"
"9.60","","7.00","86","766","1022","","","","2.80","","SSW","Переменная облачность","2025-11-22 09:29"
"9.60","","7.00","86","766","1022","","","","2.80","","SSW","Переменная облачность","2025-11-22 09:30"
"9.60","","7.00","86","766","1022","","","","2.80","","SSW","Переменная облачность","2025-11-22 09:31"
"9.60","","7.00","86","766","1022","","","","2.80","","SSW","Переменная облачность","2025-11-22 09:32"
"9.60","","7.00","85","766","1022","","","","2.80","","SSW","Переменная облачность","2025-11-22 09:33"
"9.60","","7.00","85","766","1022","","","","2.80","","SSW","Переменная облачность","2025-11-22 09:34"
"9.60","","7.00","85","766","1022","","","","2.80","","SSW","Переменная облачность","2025-11-22 09:35"
"9.60","","7.00","85","766","1022","","","","2.80","","SSW","Переменная облачность","2025-11-22 09:36"
"9.60","","7.00","85","766","1022","","","","2.80","","SSW","Переменная облачность","2025-11-22 09:37"
"9.60","","7.00","85","766","1022","","","","2.80","","SSW","Переменная облачность","2025-11-22 09:38"
"9.60","","7.00","85","766","1022","","","","2.80","","SSW","Переменная облачность","2025-11-22 09:39"
"9.70","","7.10","85","766","1022","","","","2.80","","SSW","Переменная облачность","2025-11-22 09:40"
"9.70","","7.10","85","766","1022","","","","2.80","","SSW","Переменная облачность","2025-11-22 09:41"
"9.70","","7.10","85","766","1022","","","","2.80","","SSW","Переменная облачность","2025-11-22 09:42"
"9.70","","7.10","85","766","1022","","","","2.80","","SSW","Переменная облачность","2025-11-22 09:43"
"9.80","","7.20","85","766","1022","","","","2.80","","SSW","Переменная облачность","2025-11-22 09:44"
"9.80","","7.20","85","766","1022","","","","2.80","","SSW","Переменная облачность","2025-11-22 09:45"
"9.80","","7.20","85","766","1022","","","","2.80","","SSW","Переменная облачность","2025-11-22 09:46"
"9.80","","7.20","85","766","1022","","","","2.80","","SSW","Переменная облачность","2025-11-22 09:47"
"9.90","","7.40","85","766","1022","","","","2.80","","SSW","Переменная облачность","2025-11-22 09:48"
"10.00","","7.50","85","766","1022","","","","2.80","","SSW","Переменная облачность","2025-11-22 09:49"
"10.00","","7.50","85","766","1022","","","","2.80","","SSW","Переменная облачность","2025-11-22 09:50"
"10.00","","7.50","85","765","1021","","","","2.80","","SSW","Переменная облачность","2025-11-22 09:51"
"10.10","","7.60","85","765","1021","","","","2.80","","SSW","Переменная облачность","2025-11-22 09:52"
"10.10","","7.60","85","765","1021","","","","2.80","","SSW","Переменная облачность","2025-11-22 09:53"
"10.10","","7.60","85","765","1021","","","","2.80","","SSW","Переменная облачность","2025-11-22 09:54"
"10.10","","7.60","85","765","1021","","","","2.80","","SSW","Переменная облачность","2025-11-22 09:55"
"10.10","","7.60","84","765","1021","","","","2.80","","SSW","Переменная облачность","2025-11-22 09:56"
"10.10","","7.60","84","765","1021","","","","2.80","","SSW","Переменная облачность","2025-11-22 09:57"
"10.10","","7.60","84","765","1021","","","","2.80","","SSW","Переменная облачность","2025-11-22 09:58"
"10.10","","7.60","84","765","1021","","","","2.80","","SSW","Переменная облачность","2025-11-22 09:59"
"10.00","","7.40","83","765","1021","","","","2.80","","SSW","Переменная облачность","2025-11-22 10:00"
"10.00","","7.40","83","765","1021","","","","2.80","","SSW","Переменная облачность","2025-11-22 10:01"
"10.00","","7.40","83","765","1021","","","","2.80","","SSW","Переменная облачность","2025-11-22 10:02"
"10.00","","7.40","83","765","1021","","","","2.80","","SSW","Переменная облачность","2025-11-22 10:03"
"10.00","","7.40","82","765","1021","","","","2.80","","SSW","Переменная облачность","2025-11-22 10:04"
"10.00","","7.40","82","765","1021","","","","2.80","","SSW","Переменная облачность","2025-11-22 10:05"
"10.00","","7.30","81","766","1022","","","","2.80","","SSW","Переменная облачность","2025-11-22 10:06"
"10.00","","7.30","81","766","1022","","","","2.80","","SSW","Переменная облачность","2025-11-22 10:07"
"10.00","","7.30","81","766","1022","","","","2.80","","SSW","Переменная облачность","2025-11-22 10:08"
"10.00","","7.30","80","766","1022","","","","2.80","","SSW","Переменная облачность","2025-11-22 10:09"
"10.00","","7.30","80","766","1022","","","","2.80","","SSW","Переменная облачность","2025-11-22 10:10"
"10.00","","7.30","80","766","1022","","","","2.80","","SSW","Переменная облачность","2025-11-22 10:11"
"10.00","","7.30","80","766","1022","","","","2.80","","SSW","Переменная облачность","2025-11-22 10:12"
"10.00","","7.20","79","766","1022","","","","2.80","","SSW","Переменная облачность","2025-11-22 10:13"
"10.00","","7.20","79","766","1022","","","","2.80","","SSW","Переменная облачность","2025-11-22 10:14"
"10.00","","7.20","79","766","1022","","","","2.80","","SSW","Переменная облачность","2025-11-22 10:15"
"10.10","","7.40","79","766","1022","","","","2.80","","SSW","Переменная облачность","2025-11-22 10:16"
"10.10","","7.40","79","766","1022","","","","2.80","","SSW","Переменная облачность","2025-11-22 10:17"
"10.10","","7.40","79","766","1022","","","","2.80","","SSW","Переменная облачность","2025-11-22 10:18"
"10.20","","7.50","79","766","1022","","","","2.80","","SSW","Переменная облачность","2025-11-22 10:19"
"10.30","","7.60","79","766","1022","","","","2.80","","SSW","Переменная облачность","2025-11-22 10:20"
"10.40","","7.70","79","765","1021","","","","2.80","","SSW","Переменная облачность","2025-11-22 10:21"
"10.40","","7.70","79","765","1021","","","","2.80","","SSW","Переменная облачность","2025-11-22 10:22"
"10.40","","7.70","79","765","1021","","","","2.80","","SSW","Переменная облачность","2025-11-22 10:23"
"10.50","","7.80","78","765","1021","","","","2.80","","SSW","Переменная облачность","2025-11-22 10:24"
"10.50","","7.80","78","765","1021","","","","2.80","","SSW","Переменная облачность","2025-11-22 10:25"
"10.60","","7.90","78","765","1021","","","","2.80","","SSW","Переменная облачность","2025-11-22 10:26"
"10.60","","7.90","78","765","1021","","","","2.80","","SSW","Переменная облачность","2025-11-22 10:27"
"10.60","","7.90","78","765","1021","","","","2.80","","SSW","Переменная облачность","2025-11-22 10:28"
"10.60","","7.90","77","765","1021","","","","2.80","","SSW","Переменная облачность","2025-11-22 10:29"
"10.60","","7.90","77","765","1021","","","","2.80","","SSW","Переменная облачность","2025-11-22 10:30"
"10.60","","7.90","77","765","1021","","","","2.80","","SSW","Переменная облачность","2025-11-22 10:31"
"10.60","","7.80","76","765","1021","","","","2.80","","SSW","Переменная облачность","2025-11-22 10:32"
"10.60","","7.80","76","765","1021","","","","2.80","","SSW","Переменная облачность","2025-11-22 10:33"
"10.60","","7.80","75","765","1021","","","","2.80","","SSW","Переменная облачность","2025-11-22 10:34"
"10.60","","7.80","75","765","1021","","","","2.80","","SSW","Переменная облачность","2025-11-22 10:35"
"10.60","","7.80","75","765","1021","","","","2.80","","SSW","Переменная облачность","2025-11-22 10:36"
"10.50","","8.70","74","765","1021","","","","1.30","","SSW","Переменная облачность","2025-11-22 10:37"
"10.50","","8.70","74","765","1021","","","","1.30","","SSW","Переменная облачность","2025-11-22 10:38"
"10.50","","8.70","74","765","1021","","","","1.30","","SSW","Переменная облачность","2025-11-22 10:39"
"10.50","","8.40","73","765","1021","","","","1.60","","SSW","Переменная облачность","2025-11-22 10:40"
"10.50","","8.40","73","765","1021","","","","1.60","","SSW","Переменная облачность","2025-11-22 10:41"
"10.40","","8.30","73","765","1021","","","","1.60","","SSW","Переменная облачность","2025-11-22 10:42"
"10.40","","8.30","73","765","1021","","","","1.60","","SSW","Переменная облачность","2025-11-22 10:43"
"10.40","","8.30","72","765","1021","","","","1.60","","SSW","Переменная облачность","2025-11-22 10:44"
"10.40","","8.30","72","765","1021","","","","1.60","","SSW","Переменная облачность","2025-11-22 10:45"
"10.40","","8.30","72","765","1021","","","","1.60","","SSW","Переменная облачность","2025-11-22 10:46"
"10.40","","8.30","72","765","1021","","","","1.60","","SSW","Переменная облачность","2025-11-22 10:47"
"10.40","","8.30","72","765","1021","","","","1.60","","SSW","Переменная облачность","2025-11-22 10:48"
"10.50","","8.60","71","765","1021","","","","1.30","","SSW","Переменная облачность","2025-11-22 10:49"
"10.50","","8.60","71","765","1021","","","","1.30","","SSW","Переменная облачность","2025-11-22 10:50"
"10.50","","8.60","71","765","1021","","","","1.30","","SSW","Переменная облачность","2025-11-22 10:51"
"10.50","","8.60","71","765","1021","","","","1.30","","SSW","Переменная облачность","2025-11-22 10:52"
"10.50","","8.10","71","765","1021","","","","2.00","","SSW","Переменная облачность","2025-11-22 10:53"
"10.50","","8.10","71","765","1021","","","","2.00","","SSW","Переменная облачность","2025-11-22 10:54"
"10.50","","8.10","71","765","1021","","","","2.00","","SSW","Переменная облачность","2025-11-22 10:55"
"10.50","","8.00","70","765","1021","","","","2.00","","SSW","Переменная облачность","2025-11-22 10:56"
"10.60","","8.10","70","765","1021","","","","2.20","","SSW","Переменная облачность","2025-11-22 10:57"
"10.60","","8.00","70","765","1021","","","","2.20","","SSW","Переменная облачность","2025-11-22 10:58"
"10.60","","8.00","70","765","1021","","","","2.20","","SSW","Переменная облачность","2025-11-22 10:59"
"10.60","","8.00","70","765","1021","","","","2.20","","SSW","Переменная облачность","2025-11-22 11:00"
"10.60","","8.00","70","765","1021","","","","2.20","","SSW","Переменная облачность","2025-11-22 11:01"
"10.60","","8.00","70","765","1021","","","","2.20","","SSW","Переменная облачность","2025-11-22 11:02"
"10.60","","8.00","70","765","1021","","","","2.20","","SSW","Переменная облачность","2025-11-22 11:03"
"10.70","","8.10","70","765","1021","","","","2.20","","SSW","Переменная облачность","2025-11-22 11:04"
"10.70","","8.10","70","765","1021","","","","1.70","","SSW","Переменная облачность","2025-11-22 11:05"
"10.70","","8.50","70","765","1020","","","","1.70","","SSW","Несущественная облачность","2025-11-22 11:06"
"10.70","","8.40","69","765","1020","","","","1.70","","SSW","Несущественная облачность","2025-11-22 11:07"
"10.70","","8.40","69","765","1020","","","","1.70","","SSW","Несущественная облачность","2025-11-22 11:08"
"10.70","","8.40","69","765","1020","","","","1.70","","SSW","Несущественная облачность","2025-11-22 11:09"
"10.80","","8.60","69","765","1020","","","","1.70","","SSW","Несущественная облачность","2025-11-22 11:10"
"10.80","","8.60","69","765","1020","","","","1.70","","SSW","Несущественная облачность","2025-11-22 11:11"
"10.80","","8.60","69","765","1020","","","","2.10","","SSW","Несущественная облачность","2025-11-22 11:12"
"10.80","","8.30","69","765","1020","","","","2.10","","SSW","Несущественная облачность","2025-11-22 11:13"
"10.80","","8.20","68","765","1020","","","","2.10","","SSW","Несущественная облачность","2025-11-22 11:14"
"10.80","","8.20","68","765","1020","","","","2.10","","SSW","Несущественная облачность","2025-11-22 11:15"
"10.80","","8.20","68","765","1020","","","","2.10","","SSW","Несущественная облачность","2025-11-22 11:16"
"10.80","","8.20","68","765","1020","","","","2.10","","SSW","Несущественная облачность","2025-11-22 11:17"
"10.80","","8.20","68","765","1020","","","","2.10","","SSW","Несущественная облачность","2025-11-22 11:18"
"10.80","","8.20","68","765","1020","","","","2.10","","SSW","Несущественная облачность","2025-11-22 11:19"
"10.70","","8.10","67","765","1020","","","","2.10","","SSW","Несущественная облачность","2025-11-22 11:20"
"10.60","","8.00","67","765","1021","","","","2.10","","SSW","Несущественная облачность","2025-11-22 11:21"
"10.60","","8.00","67","765","1021","","","","2.10","","SSW","Несущественная облачность","2025-11-22 11:22"
"10.60","","8.00","67","765","1021","","","","2.10","","SSW","Несущественная облачность","2025-11-22 11:23"
"10.60","","8.00","67","765","1021","","","","2.10","","SSW","Несущественная облачность","2025-11-22 11:24"
"10.60","","7.90","66","765","1021","","","","2.10","","SSW","Несущественная облачность","2025-11-22 11:25"
"10.60","","7.90","66","765","1021","","","","2.10","","SSW","Несущественная облачность","2025-11-22 11:26"
"10.50","","7.80","66","765","1021","","","","2.10","","SSW","Несущественная облачность","2025-11-22 11:27"
"10.50","","7.80","66","765","1021","","","","2.10","","SSW","Несущественная облачность","2025-11-22 11:28"
"10.50","","7.80","66","765","1021","","","","2.10","","SSW","Несущественная облачность","2025-11-22 11:29"
"10.50","","7.80","66","765","1021","","","","2.10","","SSW","Несущественная облачность","2025-11-22 11:30"
"10.40","","7.70","66","765","1021","","","","2.10","","SSW","Несущественная облачность","2025-11-22 11:31"
"10.40","","7.70","66","765","1021","","","","2.10","","SSW","Несущественная облачность","2025-11-22 11:32"
"10.40","","7.70","66","765","1021","","","","2.10","","SSW","Несущественная облачность","2025-11-22 11:33"
"10.40","","7.70","66","765","1021","","","","2.10","","SSW","Несущественная облачность","2025-11-22 11:34"
"10.40","","7.70","66","765","1021","","","","2.10","","SSW","Несущественная облачность","2025-11-22 11:35"
"10.40","","7.70","66","765","1021","","","","2.10","","SSW","Несущественная облачность","2025-11-22 11:36"
"10.40","","7.70","66","765","1020","","","","2.10","","SSW","Несущественная облачность","2025-11-22 11:37"
"10.40","","7.70","66","765","1020","","","","2.10","","SSW","Несущественная облачность","2025-11-22 11:38"
"10.40","","7.70","66","765","1020","","","","2.10","","SSW","Несущественная облачность","2025-11-22 11:39"
"10.40","","7.70","66","765","1020","","","","2.10","","SSW","Несущественная облачность","2025-11-22 11:40"
"10.40","","7.70","66","765","1020","","","","2.10","","SSW","Несущественная облачность","2025-11-22 11:41"
"10.40","","7.70","66","765","1020","","","","2.10","","SSW","Несущественная облачность","2025-11-22 11:42"
"10.40","","7.70","66","765","1020","","","","2.10","","SSW","Несущественная облачность","2025-11-22 11:43"
"10.40","","7.70","66","765","1020","","","","2.10","","SSW","Несущественная облачность","2025-11-22 11:44"
"10.40","","7.70","66","765","1020","","","","2.10","","SSW","Несущественная облачность","2025-11-22 11:45"
"10.40","","7.50","66","765","1020","","","","2.40","","SSW","Несущественная облачность","2025-11-22 11:46"
"10.40","","7.50","66","765","1020","","","","2.40","","SSW","Несущественная облачность","2025-11-22 11:47"
"10.40","","7.50","66","765","1020","","","","2.40","","SSW","Несущественная облачность","2025-11-22 11:48"
"10.40","","7.50","66","765","1020","","","","2.40","","SSW","Несущественная облачность","2025-11-22 11:49"
"10.40","","7.50","67","765","1020","","","","2.40","","SSW","Несущественная облачность","2025-11-22 11:50"
"10.40","","7.50","66","765","1021","","","","2.40","","SSW","Несущественная облачность","2025-11-22 11:51"
"10.40","","7.50","66","765","1021","","","","2.40","","SSW","Несущественная облачность","2025-11-22 11:52"
"10.40","","7.50","66","765","1021","","","","1.80","","SSW","Несущественная облачность","2025-11-22 11:53"
"10.40","","7.90","67","765","1021","","","","1.80","","SSW","Несущественная облачность","2025-11-22 11:54"
"10.40","","7.90","67","765","1021","","","","1.80","","SSW","Несущественная облачность","2025-11-22 11:55"
"10.40","","7.90","66","765","1021","","","","1.80","","SSW","Несущественная облачность","2025-11-22 11:56"
"10.40","","7.90","66","765","1021","","","","1.80","","SSW","Несущественная облачность","2025-11-22 11:57"
"10.40","","7.90","66","765","1021","","","","1.80","","SSW","Несущественная облачность","2025-11-22 11:58"
"10.40","","7.90","66","765","1021","","","","1.80","","SSW","Несущественная облачность","2025-11-22 11:59"
"10.40","","7.90","66","765","1021","","","","1.80","","SSW","Несущественная облачность","2025-11-22 12:00"
"10.40","","8.40","66","765","1021","","","","1.10","","SSW","Несущественная облачность","2025-11-22 12:01"
"10.40","","8.40","66","765","1021","","","","0.70","","SSW","Несущественная облачность","2025-11-22 12:02"
"10.40","","8.40","66","765","1021","","","","0.70","","SSW","Несущественная облачность","2025-11-22 12:03"
"10.40","","8.70","67","765","1021","","","","0.70","","SSW","Несущественная облачность","2025-11-22 12:04"
"10.40","","8.70","67","765","1021","","","","0.70","","SSW","Несущественная облачность","2025-11-22 12:05"
"10.40","","8.70","67","765","1021","","","","0.70","","SSW","Ясно","2025-11-22 12:06"
"10.40","","8.70","67","765","1021","","","","0.70","","SSW","Ясно","2025-11-22 12:07"
"10.40","","8.30","67","765","1021","","","","1.30","","SSW","Ясно","2025-11-22 12:08"
"10.40","","8.30","67","765","1021","","","","1.30","","SSW","Ясно","2025-11-22 12:09"
"10.40","","8.30","67","765","1021","","","","1.30","","SSW","Ясно","2025-11-22 12:10"
"10.40","","8.30","67","765","1021","","","","1.30","","SSW","Ясно","2025-11-22 12:11"
"10.40","","8.30","67","765","1021","","","","1.30","","SSW","Ясно","2025-11-22 12:12"
"10.40","","8.30","67","765","1021","","","","1.30","","SSW","Ясно","2025-11-22 12:13"
"10.40","","8.30","67","765","1021","","","","1.30","","SSW","Ясно","2025-11-22 12:14"
"10.40","","8.30","67","765","1021","","","","1.30","","SSW","Ясно","2025-11-22 12:15"
"10.50","","8.40","66","765","1021","","","","1.30","","SSW","Ясно","2025-11-22 12:16"
"10.50","","8.40","66","765","1021","","","","1.30","","SSW","Ясно","2025-11-22 12:17"
"10.50","","8.40","66","765","1021","","","","1.30","","SSW","Ясно","2025-11-22 12:18"
"10.50","","8.40","66","765","1021","","","","1.30","","SSW","Ясно","2025-11-22 12:19"
"10.50","","8.40","66","765","1021","","","","1.30","","SSW","Ясно","2025-11-22 12:20"
"10.50","","8.40","66","765","1021","","","","1.30","","SSW","Ясно","2025-11-22 12:21"
"10.50","","8.40","66","765","1021","","","","1.30","","SSW","Ясно","2025-11-22 12:22"
"10.50","","8.40","66","765","1021","","","","1.30","","SSW","Ясно","2025-11-22 12:23"
"10.50","","8.40","66","765","1021","","","","1.30","","SSW","Ясно","2025-11-22 12:24"
"10.50","","8.40","66","765","1021","","","","1.30","","SSW","Ясно","2025-11-22 12:25"
"10.50","","8.40","66","765","1021","","","","1.30","","SSW","Ясно","2025-11-22 12:26"
"10.50","","8.40","66","765","1021","","","","1.30","","SSW","Ясно","2025-11-22 12:27"
"10.50","","8.40","66","765","1021","","","","1.30","","SSW","Ясно","2025-11-22 12:28"
"10.50","","8.40","66","765","1021","","","","1.30","","SSW","Ясно","2025-11-22 12:29"
"10.50","","8.40","66","765","1021","","","","1.30","","SSW","Ясно","2025-11-22 12:30"
"10.50","","8.40","66","765","1021","","","","1.30","","SSW","Ясно","2025-11-22 12:31"
"10.40","","8.20","66","765","1021","","","","1.30","","SSW","Ясно","2025-11-22 12:32"
"10.40","","8.20","66","765","1021","","","","1.30","","SSW","Ясно","2025-11-22 12:33"
"10.40","","8.20","66","765","1021","","","","1.30","","SSW","Ясно","2025-11-22 12:34"
"10.40","","8.20","66","765","1021","","","","1.30","","SSW","Ясно","2025-11-22 12:35"
"10.40","","8.20","66","766","1022","","","","1.30","","SSW","Несущественная облачность","2025-11-22 12:36"
"10.40","","8.20","66","766","1022","","","","1.30","","SSW","Несущественная облачность","2025-11-22 12:37"
"10.40","","8.20","66","766","1022","","","","1.30","","SSW","Несущественная облачность","2025-11-22 12:38"
"10.40","","8.20","66","766","1022","","","","1.30","","SSW","Несущественная облачность","2025-11-22 12:39"
"10.40","","8.20","66","766","1022","","","","1.30","","SSW","Несущественная облачность","2025-11-22 12:40"
"10.40","","8.20","66","766","1022","","","","1.30","","SSW","Несущественная облачность","2025-11-22 12:41"
"10.40","","8.20","66","766","1022","","","","1.30","","SSW","Несущественная облачность","2025-11-22 12:42"
"10.40","","8.20","66","766","1022","","","","1.30","","SSW","Несущественная облачность","2025-11-22 12:43"
"10.40","","8.20","66","766","1022","","","","1.30","","SSW","Несущественная облачность","2025-11-22 12:44"
"10.40","","8.20","66","766","1022","","","","1.30","","SSW","Несущественная облачность","2025-11-22 12:45"
"10.40","","8.20","66","766","1022","","","","1.30","","SSW","Несущественная облачность","2025-11-22 12:46"
"10.40","","8.20","66","766","1022","","","","1.30","","SSW","Несущественная облачность","2025-11-22 12:47"
"10.40","","8.20","66","766","1022","","","","1.30","","SSW","Несущественная облачность","2025-11-22 12:48"
"10.30","","8.10","66","766","1022","","","","1.30","","SSW","Несущественная облачность","2025-11-22 12:49"
"10.30","","8.10","65","766","1022","","","","1.30","","SSW","Несущественная облачность","2025-11-22 12:50"
"10.30","","8.10","65","765","1021","","","","1.30","","SSW","Несущественная облачность","2025-11-22 12:51"
"10.30","","8.10","65","765","1021","","","","1.30","","SSW","Несущественная облачность","2025-11-22 12:52"
"10.30","","8.10","65","765","1021","","","","1.90","","SSW","Несущественная облачность","2025-11-22 12:53"
"10.30","","7.70","65","765","1021","","","","1.90","","SSW","Несущественная облачность","2025-11-22 12:54"
"10.20","","7.50","65","765","1021","","","","1.90","","SSW","Несущественная облачность","2025-11-22 12:55"
"10.20","","7.70","65","765","1021","","","","1.60","","SSW","Несущественная облачность","2025-11-22 12:56"
"10.20","","7.70","65","765","1021","","","","1.60","","SSW","Несущественная облачность","2025-11-22 12:57"
"10.20","","7.70","65","765","1021","","","","1.60","","SSW","Несущественная облачность","2025-11-22 12:58"
"10.20","","7.70","65","765","1021","","","","1.60","","SSW","Несущественная облачность","2025-11-22 12:59"
"10.20","","7.70","65","765","1021","","","","1.60","","SSW","Несущественная облачность","2025-11-22 13:00"
"10.20","","7.70","65","765","1021","","","","1.60","","SSW","Несущественная облачность","2025-11-22 13:01"
"10.20","","7.70","65","765","1021","","","","1.60","","SSW","Несущественная облачность","2025-11-22 13:02"
"10.20","","7.70","65","765","1021","","","","1.60","","SSW","Несущественная облачность","2025-11-22 13:03"
"10.20","","7.70","65","765","1021","","","","1.60","","SSW","Несущественная облачность","2025-11-22 13:04"
"10.10","","7.60","65","765","1021","","","","1.60","","SSW","Несущественная облачность","2025-11-22 13:05"
"10.10","","7.60","65","766","1022","","","","1.60","","SSW","Несущественная облачность","2025-11-22 13:06"
"10.10","","7.60","65","766","1022","","","","1.60","","SSW","Несущественная облачность","2025-11-22 13:07"
"10.10","","7.90","65","766","1022","","","","1.20","","SSW","Несущественная облачность","2025-11-22 13:08"
"10.10","","7.90","65","766","1022","","","","1.20","","SSW","Несущественная облачность","2025-11-22 13:09"
"10.10","","7.90","65","766","1022","","","","1.20","","SSW","Несущественная облачность","2025-11-22 13:10"
"10.10","","7.90","65","766","1022","","","","0.50","","SSW","Несущественная облачность","2025-11-22 13:11"
"10.00","","8.30","65","766","1022","","","","0.50","","SSW","Несущественная облачность","2025-11-22 13:12"
"10.00","","8.30","65","766","1022","","","","0.50","","SSW","Несущественная облачность","2025-11-22 13:13"
"10.00","","8.30","65","766","1022","","","","0.50","","SSW","Несущественная облачность","2025-11-22 13:14"
"10.00","","8.30","65","766","1022","","","","1.00","","SSW","Несущественная облачность","2025-11-22 13:15"
"10.00","","7.90","65","766","1022","","","","1.00","","SSW","Несущественная облачность","2025-11-22 13:16"
"10.00","","7.90","65","766","1022","","","","1.00","","SSW","Несущественная облачность","2025-11-22 13:17"
"10.00","","7.90","65","766","1022","","","","1.00","","SSW","Несущественная облачность","2025-11-22 13:18"
"10.00","","7.90","65","766","1022","","","","1.00","","SSW","Несущественная облачность","2025-11-22 13:20"
"10.00","","7.90","65","766","1022","","","","1.00","","SSW","Несущественная облачность","2025-11-22 13:21"
"10.00","","7.90","65","766","1022","","","","1.00","","SSW","Несущественная облачность","2025-11-22 13:22"
"10.00","","7.90","65","766","1022","","","","1.40","","SSW","Несущественная облачность","2025-11-22 13:23"
"10.00","","7.90","65","766","1022","","","","1.40","","SSW","Несущественная облачность","2025-11-22 13:24"
"9.90","","7.50","65","766","1022","","","","1.20","","SSW","Несущественная облачность","2025-11-22 13:25"
"9.90","","7.70","65","766","1022","","","","1.20","","SSW","Несущественная облачность","2025-11-22 13:26"
"9.90","","7.70","66","766","1022","","","","1.20","","SSW","Несущественная облачность","2025-11-22 13:27"
"9.90","","7.70","66","766","1022","","","","1.20","","SSW","Несущественная облачность","2025-11-22 13:28"
"9.90","","7.70","66","766","1022","","","","0.60","","SSW","Несущественная облачность","2025-11-22 13:29"
"9.90","","8.10","66","766","1022","","","","0.60","","SSW","Несущественная облачность","2025-11-22 13:30"
"9.90","","8.10","66","766","1022","","","","0.60","","SSW","Несущественная облачность","2025-11-22 13:31"
"9.90","","8.10","66","766","1022","","","","0.60","","SSW","Несущественная облачность","2025-11-22 13:32"
"9.80","","8.00","66","766","1022","","","","0.60","","SSW","Несущественная облачность","2025-11-22 13:33"
"9.80","","8.00","66","766","1022","","","","0.60","","SSW","Несущественная облачность","2025-11-22 13:34"
"9.80","","8.00","66","766","1022","","","","0.60","","SSW","Несущественная облачность","2025-11-22 13:35"
"9.80","","8.00","65","766","1022","","","","0.90","","SSW","Несущественная облачность","2025-11-22 13:36"
"9.80","","7.80","65","766","1022","","","","0.90","","SSW","Несущественная облачность","2025-11-22 13:37"
"9.80","","7.80","65","766","1022","","","","0.90","","SSW","Несущественная облачность","2025-11-22 13:38"
"9.80","","7.90","66","766","1022","","","","0.70","","SSW","Несущественная облачность","2025-11-22 13:39"
"9.70","","7.80","66","766","1022","","","","0.70","","SSW","Несущественная облачность","2025-11-22 13:40"
"9.70","","7.60","65","766","1022","","","","1.00","","SSW","Несущественная облачность","2025-11-22 13:41"
"9.70","","7.60","65","766","1022","","","","1.00","","SSW","Несущественная облачность","2025-11-22 13:42"
"9.70","","7.40","66","766","1022","","","","1.30","","SSW","Несущественная облачность","2025-11-22 13:43"
"9.70","","7.40","66","766","1022","","","","0.90","","SSW","Несущественная облачность","2025-11-22 13:44"
"9.70","","7.40","66","766","1022","","","","1.00","","SSW","Несущественная облачность","2025-11-22 13:45"
"9.70","","7.60","66","766","1022","","","","1.00","","SSW","Несущественная облачность","2025-11-22 13:46"
"9.70","","7.60","66","766","1022","","","","0.60","","SSW","Несущественная облачность","2025-11-22 13:47"
"9.70","","7.90","66","766","1022","","","","0.60","","SSW","Несущественная облачность","2025-11-22 13:48"
"9.70","","7.80","66","766","1022","","","","0.70","","SSW","Несущественная облачность","2025-11-22 13:49"
"9.70","","7.80","66","766","1022","","","","1.00","","SSW","Несущественная облачность","2025-11-22 13:50"
"9.60","","7.50","66","766","1022","","","","1.00","","SSW","Несущественная облачность","2025-11-22 13:51"
"9.60","","7.50","66","766","1022","","","","0.70","","SSW","Несущественная облачность","2025-11-22 13:52"
"9.60","","7.50","66","766","1022","","","","0.60","","SSW","Несущественная облачность","2025-11-22 13:53"
"9.60","","7.50","66","766","1022","","","","0.60","","SSW","Несущественная облачность","2025-11-22 13:54"
"9.60","","7.80","66","766","1022","","","","1.30","","SSW","Несущественная облачность","2025-11-22 13:55"
"9.60","","7.80","66","766","1022","","","","0.90","","SSW","Несущественная облачность","2025-11-22 13:56"
"9.60","","7.60","66","766","1022","","","","0.70","","SSW","Несущественная облачность","2025-11-22 13:57"
"9.60","","7.70","66","766","1022","","","","0.70","","SSW","Несущественная облачность","2025-11-22 13:58"
"9.60","","7.80","66","766","1022","","","","0.50","","SSW","Несущественная облачность","2025-11-22 13:59"
"9.60","","7.80","66","766","1022","","","","0.60","","SSW","Несущественная облачность","2025-11-22 14:00"
"9.60","","8.20","66","766","1022","","","","0.00","","SSW","Несущественная облачность","2025-11-22 14:01"
"9.60","","8.20","66","766","1022","","","","0.00","","SSW","Несущественная облачность","2025-11-22 14:02"
"9.60","","8.20","66","766","1022","","","","0.70","","SSW","Несущественная облачность","2025-11-22 14:03"
"9.60","","7.40","66","766","1022","","","","1.10","","SSW","Несущественная облачность","2025-11-22 14:04"
"9.60","","7.40","66","766","1022","","","","1.20","","SSW","Несущественная облачность","2025-11-22 14:05"
"9.60","","7.40","66","766","1022","","","","1.20","","SSW","Несущественная облачность","2025-11-22 14:06"
"9.50","","7.20","66","766","1022","","","","1.30","","SSW","Несущественная облачность","2025-11-22 14:07"
"9.50","","7.20","66","766","1022","","","","1.30","","SSW","Несущественная облачность","2025-11-22 14:08"
"9.50","","7.20","66","766","1022","","","","1.30","","SSW","Несущественная облачность","2025-11-22 14:09"
"9.50","","7.20","66","766","1022","","","","1.30","","SSW","Несущественная облачность","2025-11-22 14:10"
"9.50","","7.20","66","766","1022","","","","1.50","","SSW","Несущественная облачность","2025-11-22 14:11"
"9.50","","7.20","66","766","1022","","","","1.50","","SSW","Несущественная облачность","2025-11-22 14:12"
"9.40","","6.90","66","766","1022","","","","1.20","","SSW","Несущественная облачность","2025-11-22 14:13"
"9.40","","7.10","66","766","1022","","","","1.20","","SSW","Несущественная облачность","2025-11-22 14:14"
"9.30","","7.00","66","766","1022","","","","1.60","","SSW","Несущественная облачность","2025-11-22 14:15"
"9.30","","7.20","66","766","1022","","","","0.90","","SSW","Несущественная облачность","2025-11-22 14:16"
"9.30","","7.20","66","766","1022","","","","0.90","","SSW","Несущественная облачность","2025-11-22 14:17"
"9.30","","7.20","66","766","1022","","","","0.90","","SSW","Несущественная облачность","2025-11-22 14:18"
"9.30","","7.20","66","766","1022","","","","0.90","","SSW","Несущественная облачность","2025-11-22 14:19"
"9.30","","7.20","66","766","1022","","","","0.90","","SSW","Несущественная облачность","2025-11-22 14:20"
"9.30","","7.20","66","766","1022","","","","0.90","","SSW","Несущественная облачность","2025-11-22 14:21"
"9.30","","7.40","66","766","1022","","","","0.70","","SSW","Несущественная облачность","2025-11-22 14:22"
"9.30","","7.40","66","766","1022","","","","0.70","","SSW","Несущественная облачность","2025-11-22 14:23"
"9.30","","7.40","66","766","1022","","","","0.70","","SSW","Несущественная облачность","2025-11-22 14:24"
"9.30","","7.40","66","766","1022","","","","0.70","","SSW","Несущественная облачность","2025-11-22 14:25"
"9.30","","7.40","66","766","1022","","","","0.70","","SSW","Несущественная облачность","2025-11-22 14:26"
"9.20","","7.20","66","766","1022","","","","0.70","","SSW","Несущественная облачность","2025-11-22 14:27"
"9.20","","7.20","66","766","1022","","","","0.70","","SSW","Несущественная облачность","2025-11-22 14:28"
"9.20","","7.30","67","766","1022","","","","0.70","","SSW","Несущественная облачность","2025-11-22 14:29"
"9.20","","7.30","67","766","1022","","","","0.70","","SSW","Несущественная облачность","2025-11-22 14:30"
"9.20","","7.30","67","766","1022","","","","0.70","","SSW","Несущественная облачность","2025-11-22 14:31"
"9.20","","7.30","67","766","1022","","","","0.70","","SSW","Несущественная облачность","2025-11-22 14:32"
"9.20","","7.30","67","766","1022","","","","0.70","","SSW","Несущественная облачность","2025-11-22 14:33"
"9.20","","7.10","67","766","1022","","","","1.00","","SSW","Несущественная облачность","2025-11-22 14:34"
"9.20","","7.10","67","766","1022","","","","0.40","","SSW","Несущественная облачность","2025-11-22 14:35"
"9.20","","7.50","67","766","1022","","","","0.40","","SSW","Несущественная облачность","2025-11-22 14:36"
"9.20","","7.50","67","766","1022","","","","0.40","","SSW","Несущественная облачность","2025-11-22 14:37"
"9.20","","7.50","67","766","1022","","","","0.40","","SSW","Несущественная облачность","2025-11-22 14:38"
"9.10","","7.40","67","766","1022","","","","0.40","","SSW","Несущественная облачность","2025-11-22 14:39"
"9.20","","7.50","67","766","1022","","","","0.40","","SSW","Несущественная облачность","2025-11-22 14:40"
"9.20","","7.50","67","766","1022","","","","0.60","","SSW","Несущественная облачность","2025-11-22 14:41"
"9.20","","7.50","67","766","1022","","","","0.40","","SSW","Несущественная облачность","2025-11-22 14:42"
"9.10","","7.40","67","766","1022","","","","0.40","","SSW","Несущественная облачность","2025-11-22 14:43"
"9.10","","7.00","67","766","1022","","","","0.90","","SSW","Несущественная облачность","2025-11-22 14:44"
"9.10","","7.00","67","766","1022","","","","0.90","","SSW","Несущественная облачность","2025-11-22 14:45"
"9.10","","7.40","67","766","1022","","","","0.40","","SSW","Несущественная облачность","2025-11-22 14:46"
"9.10","","7.40","67","766","1022","","","","0.40","","SSW","Несущественная облачность","2025-11-22 14:47"
"9.10","","7.40","67","766","1022","","","","0.40","","SSW","Несущественная облачность","2025-11-22 14:48"
"9.10","","7.40","67","766","1022","","","","0.40","","SSW","Несущественная облачность","2025-11-22 14:49"
"9.10","","7.40","67","766","1022","","","","0.40","","SSW","Несущественная облачность","2025-11-22 14:50"
"9.10","","7.40","67","766","1022","","","","0.40","","SSW","Несущественная облачность","2025-11-22 14:51"
"9.10","","7.40","67","766","1022","","","","0.40","","SSW","Несущественная облачность","2025-11-22 14:52"
"9.10","","7.40","67","766","1022","","","","0.40","","SSW","Несущественная облачность","2025-11-22 14:53"
"9.00","","7.50","67","766","1022","","","","0.00","","SSW","Несущественная облачность","2025-11-22 14:54"
"9.00","","6.80","67","766","1022","","","","1.00","","SSW","Несущественная облачность","2025-11-22 14:55"
"9.00","","6.80","67","766","1022","","","","1.00","","SSW","Несущественная облачность","2025-11-22 14:56"
"9.00","","6.80","67","766","1022","","","","0.50","","SSW","Несущественная облачность","2025-11-22 14:57"
"9.00","","7.20","67","766","1022","","","","0.50","","SSW","Несущественная облачность","2025-11-22 14:58"
"9.00","","7.20","67","766","1022","","","","0.50","","SSW","Несущественная облачность","2025-11-22 14:59"
"9.00","","7.50","67","766","1022","","","","0.00","","SSW","Несущественная облачность","2025-11-22 15:00"
"9.00","","7.50","67","766","1022","","","","0.00","","SSW","Несущественная облачность","2025-11-22 15:01"
"9.00","","7.60","68","766","1022","","","","0.00","","SSW","Несущественная облачность","2025-11-22 15:02"
"9.00","","7.60","68","766","1022","","","","0.60","","SSW","Несущественная облачность","2025-11-22 15:03"
"9.00","","7.20","68","766","1022","","","","0.70","","SSW","Несущественная облачность","2025-11-22 15:04"
"9.00","","7.20","68","766","1022","","","","1.10","","SSW","Несущественная облачность","2025-11-22 15:05"
"8.90","","6.70","68","766","1022","","","","1.00","","SSW","Несущественная облачность","2025-11-22 15:06"
"8.90","","6.80","68","766","1022","","","","1.20","","SSW","Несущественная облачность","2025-11-22 15:07"
"8.90","","6.80","68","766","1022","","","","0.50","","SSW","Несущественная облачность","2025-11-22 15:08"
"8.90","","6.70","68","766","1022","","","","1.10","","SSW","Несущественная облачность","2025-11-22 15:09"
"8.90","","6.70","68","766","1022","","","","1.10","","SSW","Несущественная облачность","2025-11-22 15:10"
"8.90","","6.70","68","766","1022","","","","0.70","","SSW","Несущественная облачность","2025-11-22 15:11"
"8.80","","6.80","68","766","1022","","","","0.00","","SSW","Несущественная облачность","2025-11-22 15:12"
"8.80","","6.80","68","766","1022","","","","0.00","","SSW","Несущественная облачность","2025-11-22 15:13"
"8.80","","7.30","68","766","1022","","","","0.00","","SSW","Несущественная облачность","2025-11-22 15:14"
"8.80","","7.30","68","766","1022","","","","0.40","","SSW","Несущественная облачность","2025-11-22 15:15"
"8.80","","7.00","68","766","1022","","","","0.50","","SSW","Несущественная облачность","2025-11-22 15:16"
"8.80","","7.00","68","766","1022","","","","0.50","","SSW","Несущественная облачность","2025-11-22 15:17"
"8.80","","6.90","68","766","1022","","","","0.60","","SSW","Несущественная облачность","2025-11-22 15:18"
"8.80","","6.90","68","766","1022","","","","0.60","","SSW","Несущественная облачность","2025-11-22 15:19"
"8.80","","6.90","68","766","1022","","","","0.60","","SSW","Несущественная облачность","2025-11-22 15:20"
"8.80","","6.90","68","766","1022","","","","0.60","","SSW","Несущественная облачность","2025-11-22 15:21"
"8.80","","6.90","68","766","1022","","","","0.60","","SSW","Несущественная облачность","2025-11-22 15:22"
"8.80","","6.90","68","766","1022","","","","0.60","","SSW","Несущественная облачность","2025-11-22 15:23"
"8.70","","6.80","68","766","1022","","","","0.60","","SSW","Несущественная облачность","2025-11-22 15:24"
"8.70","","6.80","68","766","1022","","","","0.70","","SSW","Несущественная облачность","2025-11-22 15:25"
"8.80","","6.80","68","766","1022","","","","0.70","","SSW","Несущественная облачность","2025-11-22 15:26"
"8.70","","5.70","68","766","1022","","","","2.20","","SSW","Несущественная облачность","2025-11-22 15:27"
"8.70","","5.70","68","766","1022","","","","1.50","","SSW","Несущественная облачность","2025-11-22 15:28"
"8.70","","5.70","68","766","1022","","","","1.50","","SSW","Несущественная облачность","2025-11-22 15:29"
"8.70","","6.20","68","766","1022","","","","0.60","","SSW","Несущественная облачность","2025-11-22 15:30"
"8.70","","6.80","68","766","1022","","","","1.00","","SSW","Несущественная облачность","2025-11-22 15:31"
"8.70","","6.80","68","766","1022","","","","1.00","","SSW","Несущественная облачность","2025-11-22 15:32"
"8.70","","6.50","68","766","1022","","","","0.90","","SSW","Несущественная облачность","2025-11-22 15:33"
"8.70","","6.60","69","766","1022","","","","1.10","","SSW","Несущественная облачность","2025-11-22 15:34"
"8.70","","6.50","69","766","1022","","","","1.10","","SSW","Несущественная облачность","2025-11-22 15:35"
"8.70","","6.50","69","766","1022","","","","1.10","","SSW","Несущественная облачность","2025-11-22 15:36"
"8.70","","6.50","69","765","1021","","","","0.70","","SSW","Несущественная облачность","2025-11-22 15:37"
"8.70","","6.80","69","765","1021","","","","0.70","","SSW","Несущественная облачность","2025-11-22 15:38"
"8.70","","6.80","69","765","1021","","","","0.70","","SSW","Несущественная облачность","2025-11-22 15:39"
"8.70","","6.80","69","765","1021","","","","0.70","","SSW","Несущественная облачность","2025-11-22 15:40"
"8.70","","6.80","69","765","1021","","","","1.30","","SSW","Несущественная облачность","2025-11-22 15:41"
"8.70","","6.30","69","765","1021","","","","1.30","","SSW","Несущественная облачность","2025-11-22 15:42"
"8.70","","6.30","69","765","1021","","","","1.30","","SSW","Несущественная облачность","2025-11-22 15:43"
"8.60","","6.40","69","765","1021","","","","1.00","","SSW","Несущественная облачность","2025-11-22 15:44"
"8.60","","6.40","69","765","1021","","","","1.00","","SSW","Несущественная облачность","2025-11-22 15:45"
"8.70","","6.60","69","765","1021","","","","0.70","","SSW","Несущественная облачность","2025-11-22 15:46"
"8.60","","6.70","69","765","1021","","","","1.30","","SSW","Несущественная облачность","2025-11-22 15:47"
"8.60","","6.20","69","765","1021","","","","0.60","","SSW","Несущественная облачность","2025-11-22 15:48"
"8.60","","6.70","69","765","1021","","","","0.60","","SSW","Несущественная облачность","2025-11-22 15:49"
"8.60","","6.70","69","765","1021","","","","0.60","","SSW","Несущественная облачность","2025-11-22 15:50"
"8.60","","6.70","69","765","1021","","","","0.60","","SSW","Несущественная облачность","2025-11-22 15:51"
"8.60","","6.70","69","765","1021","","","","0.60","","SSW","Несущественная облачность","2025-11-22 15:52"
"8.60","","6.70","69","765","1021","","","","0.60","","SSW","Несущественная облачность","2025-11-22 15:53"
"8.60","","6.40","69","765","1021","","","","1.10","","SSW","Несущественная облачность","2025-11-22 15:54"
"8.60","","6.40","69","765","1021","","","","1.00","","SSW","Несущественная облачность","2025-11-22 15:55"
"8.50","","6.40","69","765","1021","","","","0.90","","SSW","Несущественная облачность","2025-11-22 15:56"
"8.50","","6.40","69","765","1021","","","","0.90","","SSW","Несущественная облачность","2025-11-22 15:57"
"8.50","","6.40","69","765","1021","","","","0.90","","SSW","Несущественная облачность","2025-11-22 15:58"
"8.50","","6.30","69","765","1021","","","","1.00","","SSW","Несущественная облачность","2025-11-22 15:59"
"8.50","","6.30","69","765","1021","","","","0.70","","SSW","Несущественная облачность","2025-11-22 16:00"
"8.50","","6.50","69","765","1021","","","","0.90","","SSW","Несущественная облачность","2025-11-22 16:01"
"8.50","","6.50","69","765","1021","","","","0.90","","SSW","Несущественная облачность","2025-11-22 16:02"
"8.50","","6.50","69","765","1021","","","","0.90","","SSW","Несущественная облачность","2025-11-22 16:03"
"8.50","","6.60","70","765","1021","","","","0.70","","SSW","Несущественная облачность","2025-11-22 16:04"
"8.50","","6.60","70","765","1021","","","","0.60","","SSW","Несущественная облачность","2025-11-22 16:05"
"8.50","","6.60","70","765","1021","","","","0.60","","SSW","Несущественная облачность","2025-11-22 16:06"
"8.40","","6.50","70","765","1021","","","","0.70","","SSW","Несущественная облачность","2025-11-22 16:07"
"8.40","","6.50","70","765","1021","","","","0.70","","SSW","Несущественная облачность","2025-11-22 16:08"
"8.40","","6.50","70","765","1021","","","","0.70","","SSW","Несущественная облачность","2025-11-22 16:09"
"8.40","","6.50","70","765","1021","","","","0.60","","SSW","Несущественная облачность","2025-11-22 16:10"
"8.40","","6.20","70","765","1021","","","","1.00","","SSW","Несущественная облачность","2025-11-22 16:11"
"8.40","","6.50","70","765","1021","","","","0.70","","SSW","Несущественная облачность","2025-11-22 16:12"
"8.40","","6.50","70","765","1021","","","","1.00","","SSW","Несущественная облачность","2025-11-22 16:13"
"8.40","","6.20","70","765","1021","","","","1.00","","SSW","Несущественная облачность","2025-11-22 16:14"
"8.40","","6.20","70","765","1021","","","","0.60","","SSW","Несущественная облачность","2025-11-22 16:15"
"8.40","","6.60","71","765","1021","","","","0.60","","SSW","Несущественная облачность","2025-11-22 16:16"
"8.40","","6.60","71","765","1021","","","","0.60","","SSW","Несущественная облачность","2025-11-22 16:17"
"8.40","","6.60","71","765","1021","","","","0.60","","SSW","Несущественная облачность","2025-11-22 16:18"
"8.40","","6.60","71","765","1021","","","","0.40","","SSW","Несущественная облачность","2025-11-22 16:19"
"8.40","","6.70","71","765","1021","","","","0.40","","SSW","Несущественная облачность","2025-11-22 16:20"
"8.40","","6.70","71","765","1021","","","","0.40","","SSW","Несущественная облачность","2025-11-22 16:21"
"8.40","","6.70","71","765","1021","","","","0.40","","SSW","Несущественная облачность","2025-11-22 16:22"
"8.30","","6.60","71","765","1021","","","","0.40","","SSW","Несущественная облачность","2025-11-22 16:23"
"8.30","","6.60","71","765","1021","","","","0.40","","SSW","Несущественная облачность","2025-11-22 16:24"
"8.30","","6.60","71","765","1021","","","","0.40","","SSW","Несущественная облачность","2025-11-22 16:25"
"8.30","","6.60","71","765","1021","","","","0.40","","SSW","Несущественная облачность","2025-11-22 16:26"
"8.30","","6.60","71","765","1021","","","","0.40","","SSW","Несущественная облачность","2025-11-22 16:27"
"8.30","","6.60","71","765","1021","","","","0.40","","SSW","Несущественная облачность","2025-11-22 16:28"
"8.30","","6.60","71","765","1021","","","","0.40","","SSW","Несущественная облачность","2025-11-22 16:29"
"8.30","","6.60","71","765","1021","","","","0.40","","SSW","Несущественная облачность","2025-11-22 16:30"
"8.30","","6.60","71","765","1021","","","","0.40","","SSW","Несущественная облачность","2025-11-22 16:31"
"8.30","","6.60","71","765","1021","","","","0.40","","SSW","Несущественная облачность","2025-11-22 16:32"
"8.30","","6.60","71","765","1021","","","","0.40","","SSW","Несущественная облачность","2025-11-22 16:33"
"8.30","","6.60","71","765","1021","","","","0.40","","SSW","Несущественная облачность","2025-11-22 16:34"
"8.30","","6.60","71","765","1021","","","","0.40","","SSW","Несущественная облачность","2025-11-22 16:35"
"8.30","","6.60","72","766","1022","","","","0.40","","SSW","Несущественная облачность","2025-11-22 16:36"
"8.30","","6.60","72","766","1022","","","","0.50","","SSW","Несущественная облачность","2025-11-22 16:37"
"8.30","","6.60","72","766","1022","","","","0.50","","SSW","Несущественная облачность","2025-11-22 16:38"
"8.30","","6.60","72","766","1022","","","","0.00","","SSW","Несущественная облачность","2025-11-22 16:39"
"8.20","","6.80","72","766","1022","","","","0.00","","SSW","Несущественная облачность","2025-11-22 16:40"
"8.30","","6.90","72","766","1022","","","","0.00","","SSW","Несущественная облачность","2025-11-22 16:41"
"8.30","","6.60","72","766","1022","","","","0.40","","SSW","Несущественная облачность","2025-11-22 16:42"
"8.30","","6.60","72","766","1022","","","","0.40","","SSW","Несущественная облачность","2025-11-22 16:43"
"8.30","","6.60","72","766","1022","","","","0.40","","SSW","Несущественная облачность","2025-11-22 16:44"
"8.30","","6.60","72","766","1022","","","","0.50","","SSW","Несущественная облачность","2025-11-22 16:45"
"8.30","","6.50","72","766","1022","","","","0.50","","SSW","Несущественная облачность","2025-11-22 16:46"
"8.30","","6.50","72","766","1022","","","","0.50","","SSW","Несущественная облачность","2025-11-22 16:47"
"8.20","","6.40","72","766","1022","","","","0.60","","SSW","Несущественная облачность","2025-11-22 16:48"
"8.20","","6.40","72","766","1022","","","","0.60","","SSW","Несущественная облачность","2025-11-22 16:49"
"8.30","","6.50","72","766","1022","","","","0.60","","SSW","Несущественная облачность","2025-11-22 16:50"
"8.30","","6.50","72","766","1022","","","","0.60","","SSW","Несущественная облачность","2025-11-22 16:51"
"8.30","","6.50","73","766","1022","","","","0.50","","SSW","Несущественная облачность","2025-11-22 16:52"
"8.30","","6.60","73","766","1022","","","","0.50","","SSW","Несущественная облачность","2025-11-22 16:53"
"8.30","","6.60","73","766","1022","","","","0.50","","SSW","Несущественная облачность","2025-11-22 16:54"
"8.30","","6.60","73","766","1022","","","","0.50","","SSW","Несущественная облачность","2025-11-22 16:55"
"8.30","","6.60","73","766","1022","","","","0.50","","SSW","Несущественная облачность","2025-11-22 16:56"
"8.30","","6.60","73","766","1022","","","","0.50","","SSW","Несущественная облачность","2025-11-22 16:57"
"8.30","","6.60","73","766","1022","","","","0.50","","SSW","Несущественная облачность","2025-11-22 16:58"
"8.30","","6.60","73","766","1022","","","","0.50","","SSW","Несущественная облачность","2025-11-22 16:59"
"8.30","","6.60","73","766","1022","","","","0.50","","SSW","Несущественная облачность","2025-11-22 17:00"
"8.30","","6.60","73","766","1022","","","","0.50","","SSW","Несущественная облачность","2025-11-22 17:01"
"8.30","","6.50","73","766","1022","","","","0.60","","SSW","Несущественная облачность","2025-11-22 17:02"
"8.30","","6.50","73","766","1022","","","","0.60","","SSW","Несущественная облачность","2025-11-22 17:03"
"8.30","","6.50","73","766","1022","","","","0.60","","SSW","Несущественная облачность","2025-11-22 17:04"
"8.30","","6.50","73","766","1022","","","","0.60","","SSW","Несущественная облачность","2025-11-22 17:05"
"8.30","","6.50","73","766","1022","","","","0.60","","SSW","Несущественная облачность","2025-11-22 17:06"
"8.20","","6.40","73","766","1022","","","","0.60","","SSW","Несущественная облачность","2025-11-22 17:07"
"8.20","","6.40","73","766","1022","","","","0.60","","SSW","Несущественная облачность","2025-11-22 17:08"
"8.20","","6.40","73","766","1022","","","","0.60","","SSW","Несущественная облачность","2025-11-22 17:09"
"8.20","","6.40","73","766","1022","","","","0.60","","SSW","Несущественная облачность","2025-11-22 17:10"
"8.20","","6.40","73","766","1022","","","","0.60","","SSW","Несущественная облачность","2025-11-22 17:11"
"8.20","","6.40","73","766","1022","","","","0.60","","SSW","Несущественная облачность","2025-11-22 17:12"
"8.20","","6.40","73","766","1022","","","","0.60","","SSW","Несущественная облачность","2025-11-22 17:13"
"8.20","","6.40","73","766","1022","","","","0.60","","SSW","Несущественная облачность","2025-11-22 17:14"
"8.20","","6.40","73","766","1022","","","","0.60","","SSW","Несущественная облачность","2025-11-22 17:15"
"8.20","","6.40","73","766","1022","","","","0.60","","SSW","Несущественная облачность","2025-11-22 17:16"
"8.20","","6.40","73","766","1022","","","","0.60","","SSW","Несущественная облачность","2025-11-22 17:17"
"8.20","","6.40","73","766","1022","","","","0.60","","SSW","Несущественная облачность","2025-11-22 17:18"
"8.10","","6.30","73","766","1022","","","","0.60","","SSW","Несущественная облачность","2025-11-22 17:19"
"8.10","","6.30","73","766","1022","","","","0.60","","SSW","Несущественная облачность","2025-11-22 17:20"
"8.10","","6.30","73","766","1022","","","","0.60","","SSW","Несущественная облачность","2025-11-22 17:21"
"8.10","","6.30","73","766","1022","","","","0.60","","SSW","Несущественная облачность","2025-11-22 17:22"
"8.10","","6.30","73","766","1022","","","","0.60","","SSW","Несущественная облачность","2025-11-22 17:23"
"8.10","","6.30","73","766","1022","","","","0.60","","SSW","Несущественная облачность","2025-11-22 17:24"
"8.10","","6.30","73","766","1022","","","","0.60","","SSW","Несущественная облачность","2025-11-22 17:25"
"8.10","","6.30","74","766","1022","","","","0.60","","SSW","Несущественная облачность","2025-11-22 17:26"
"8.10","","6.30","74","766","1022","","","","0.60","","SSW","Несущественная облачность","2025-11-22 17:27"
"8.10","","6.30","74","766","1022","","","","0.60","","SSW","Несущественная облачность","2025-11-22 17:28"
"8.10","","6.30","74","766","1022","","","","0.60","","SSW","Несущественная облачность","2025-11-22 17:29"
"8.10","","6.30","74","766","1022","","","","0.60","","SSW","Несущественная облачность","2025-11-22 17:30"
"8.10","","6.30","74","766","1022","","","","0.60","","SSW","Несущественная облачность","2025-11-22 17:31"
"8.10","","6.30","74","766","1022","","","","1.10","","SSW","Несущественная облачность","2025-11-22 17:32"
"8.10","","6.00","74","766","1022","","","","1.10","","SSW","Несущественная облачность","2025-11-22 17:33"
"8.10","","6.00","74","766","1022","","","","1.10","","SSW","Несущественная облачность","2025-11-22 17:34"
"8.00","","5.80","74","766","1022","","","","1.10","","SSW","Несущественная облачность","2025-11-22 17:35"
"8.00","","5.80","74","766","1022","","","","1.10","","SSW","Несущественная облачность","2025-11-22 17:36"
"8.00","","5.80","74","766","1022","","","","1.10","","SSW","Несущественная облачность","2025-11-22 17:37"
"8.00","","5.80","74","766","1022","","","","1.10","","SSW","Несущественная облачность","2025-11-22 17:38"
"8.00","","5.80","74","766","1022","","","","1.10","","SSW","Несущественная облачность","2025-11-22 17:39"
"8.00","","5.80","74","766","1022","","","","1.10","","SSW","Несущественная облачность","2025-11-22 17:40"
"8.00","","5.80","74","766","1022","","","","1.10","","SSW","Несущественная облачность","2025-11-22 17:41"
"8.00","","5.80","74","766","1022","","","","1.10","","SSW","Несущественная облачность","2025-11-22 17:42"
"8.00","","5.80","74","766","1022","","","","1.10","","SSW","Несущественная облачность","2025-11-22 17:43"
"8.00","","5.80","74","766","1022","","","","1.10","","SSW","Несущественная облачность","2025-11-22 17:44"
"8.00","","5.80","74","766","1022","","","","1.10","","SSW","Несущественная облачность","2025-11-22 17:45"
"8.00","","5.80","74","766","1022","","","","1.10","","SSW","Несущественная облачность","2025-11-22 17:46"
"8.00","","5.80","74","766","1022","","","","1.10","","SSW","Несущественная облачность","2025-11-22 17:47"
"8.00","","5.80","74","766","1022","","","","1.10","","SSW","Несущественная облачность","2025-11-22 17:48"
"8.00","","5.80","74","766","1022","","","","1.10","","SSW","Несущественная облачность","2025-11-22 17:49"
"8.00","","5.80","74","766","1022","","","","1.10","","SSW","Несущественная облачность","2025-11-22 17:50"
"8.00","","5.80","74","766","1022","","","","1.10","","SSW","Несущественная облачность","2025-11-22 17:51"
"7.90","","5.70","74","766","1022","","","","1.10","","SSW","Несущественная облачность","2025-11-22 17:52"
"7.90","","5.70","74","766","1022","","","","1.10","","SSW","Несущественная облачность","2025-11-22 17:53"
"7.90","","5.70","74","766","1022","","","","1.10","","SSW","Несущественная облачность","2025-11-22 17:54"
"7.90","","5.70","74","766","1022","","","","1.10","","SSW","Несущественная облачность","2025-11-22 17:55"
"7.90","","5.70","74","766","1022","","","","1.10","","SSW","Несущественная облачность","2025-11-22 17:56"
"7.90","","5.70","74","766","1022","","","","1.10","","SSW","Несущественная облачность","2025-11-22 17:57"
"7.90","","5.70","74","766","1022","","","","1.10","","SSW","Несущественная облачность","2025-11-22 17:58"
"7.90","","5.70","74","766","1022","","","","1.10","","SSW","Несущественная облачность","2025-11-22 17:59"
"7.90","","5.70","74","766","1022","","","","1.10","","SSW","Несущественная облачность","2025-11-22 18:00"
"7.90","","5.70","74","766","1022","","","","1.10","","SSW","Несущественная облачность","2025-11-22 18:01"
"7.90","","5.70","74","766","1022","","","","1.10","","SSW","Несущественная облачность","2025-11-22 18:02"
"7.90","","5.70","74","766","1022","","","","1.10","","SSW","Несущественная облачность","2025-11-22 18:03"
"7.90","","5.70","74","766","1022","","","","1.10","","SSW","Несущественная облачность","2025-11-22 18:04"
"7.90","","5.70","74","766","1022","","","","1.10","","SSW","Несущественная облачность","2025-11-22 18:05"
"7.90","","5.80","75","766","1022","","","","1.10","","SSW","Несущественная облачность","2025-11-22 18:06"
"7.90","","5.80","75","766","1022","","","","1.10","","SSW","Несущественная облачность","2025-11-22 18:07"
"7.90","","5.80","75","766","1022","","","","1.10","","SSW","Несущественная облачность","2025-11-22 18:08"
"7.90","","5.80","75","766","1022","","","","1.10","","SSW","Несущественная облачность","2025-11-22 18:09"
"7.80","","5.60","75","766","1022","","","","1.10","","SSW","Несущественная облачность","2025-11-22 18:10"
"7.80","","5.60","75","766","1022","","","","1.10","","SSW","Несущественная облачность","2025-11-22 18:11"
"7.80","","5.60","75","766","1022","","","","1.10","","SSW","Несущественная облачность","2025-11-22 18:12"
"7.80","","5.60","75","766","1022","","","","1.10","","SSW","Несущественная облачность","2025-11-22 18:13"
"7.80","","5.60","75","766","1022","","","","1.10","","SSW","Несущественная облачность","2025-11-22 18:14"
"7.80","","5.60","75","766","1022","","","","1.10","","SSW","Несущественная облачность","2025-11-22 18:15"
"7.80","","5.60","75","766","1022","","","","1.10","","SSW","Несущественная облачность","2025-11-22 18:16"
"7.80","","5.60","75","766","1022","","","","1.10","","SSW","Несущественная облачность","2025-11-22 18:17"
"7.80","","5.60","75","766","1022","","","","1.10","","SSW","Несущественная облачность","2025-11-22 18:18"
"7.70","","5.50","75","766","1022","","","","1.10","","SSW","Несущественная облачность","2025-11-22 18:19"
"7.70","","5.50","75","766","1022","","","","1.10","","SSW","Несущественная облачность","2025-11-22 18:20"
"7.70","","5.50","75","766","1022","","","","1.10","","SSW","Несущественная облачность","2025-11-22 18:21"
"7.70","","5.50","75","766","1022","","","","1.10","","SSW","Несущественная облачность","2025-11-22 18:22"
"7.70","","5.50","75","766","1022","","","","1.10","","SSW","Несущественная облачность","2025-11-22 18:23"
"7.70","","5.50","75","766","1022","","","","1.10","","SSW","Несущественная облачность","2025-11-22 18:24"
"7.60","","5.40","75","766","1022","","","","1.10","","SSW","Несущественная облачность","2025-11-22 18:25"
"7.60","","5.40","75","766","1022","","","","1.10","","SSW","Несущественная облачность","2025-11-22 18:26"
"7.60","","5.40","75","766","1022","","","","1.10","","SSW","Несущественная облачность","2025-11-22 18:27"
"7.60","","5.40","75","766","1022","","","","1.10","","SSW","Несущественная облачность","2025-11-22 18:28"
"7.60","","5.40","75","766","1022","","","","1.10","","SSW","Несущественная облачность","2025-11-22 18:29"
"7.60","","5.40","75","766","1022","","","","1.10","","SSW","Несущественная облачность","2025-11-22 18:30"
"7.60","","5.40","75","766","1022","","","","1.10","","SSW","Несущественная облачность","2025-11-22 18:31"
"7.60","","5.40","75","766","1022","","","","1.10","","SSW","Несущественная облачность","2025-11-22 18:32"
"7.60","","5.40","75","766","1022","","","","1.10","","SSW","Несущественная облачность","2025-11-22 18:33"
"7.60","","5.40","75","766","1022","","","","1.10","","SSW","Несущественная облачность","2025-11-22 18:34"
"7.60","","5.40","75","766","1022","","","","1.10","","SSW","Несущественная облачность","2025-11-22 18:35"
"7.60","","5.40","75","766","1022","","","","1.10","","SSW","Несущественная облачность","2025-11-22 18:36"
"7.60","","5.40","75","766","1022","","","","1.10","","SSW","Несущественная облачность","2025-11-22 18:37"
"7.60","","5.40","75","766","1022","","","","1.10","","SSW","Несущественная облачность","2025-11-22 18:38"
"7.60","","5.40","75","766","1022","","","","1.10","","SSW","Несущественная облачность","2025-11-22 18:39"
"7.60","","5.40","75","766","1022","","","","1.10","","SSW","Несущественная облачность","2025-11-22 18:40"
"7.60","","5.40","75","766","1022","","","","1.10","","SSW","Несущественная облачность","2025-11-22 18:41"
"7.60","","5.40","75","766","1022","","","","1.10","","SSW","Несущественная облачность","2025-11-22 18:42"
"7.60","","5.40","75","766","1022","","","","1.10","","SSW","Несущественная облачность","2025-11-22 18:43"
"7.60","","5.40","75","766","1022","","","","1.10","","SSW","Несущественная облачность","2025-11-22 18:44"
"7.50","","5.30","75","766","1022","","","","1.10","","SSW","Несущественная облачность","2025-11-22 18:45"
"7.50","","5.30","75","766","1022","","","","1.10","","SSW","Несущественная облачность","2025-11-22 18:46"
"7.50","","5.30","75","766","1022","","","","1.10","","SSW","Несущественная облачность","2025-11-22 18:47"
"7.50","","5.30","75","766","1022","","","","1.10","","SSW","Несущественная облачность","2025-11-22 18:48"
"7.50","","5.30","76","766","1022","","","","1.10","","SSW","Несущественная облачность","2025-11-22 18:49"
"7.50","","5.30","76","766","1022","","","","1.10","","SSW","Несущественная облачность","2025-11-22 18:50"
"7.50","","5.30","76","766","1022","","","","1.10","","SSW","Несущественная облачность","2025-11-22 18:51"
"7.50","","5.30","76","766","1022","","","","1.10","","SSW","Несущественная облачность","2025-11-22 18:52"
"7.50","","5.30","76","766","1022","","","","1.10","","SSW","Несущественная облачность","2025-11-22 18:53"
"7.50","","5.30","76","766","1022","","","","1.10","","SSW","Несущественная облачность","2025-11-22 18:54"
"7.50","","5.30","76","766","1022","","","","1.10","","SSW","Несущественная облачность","2025-11-22 18:55"
"7.50","","5.30","76","766","1022","","","","1.10","","SSW","Небольшая облачность","2025-11-22 18:56"
"7.50","","5.30","76","766","1022","","","","1.10","","SSW","Небольшая облачность","2025-11-22 18:57"
"7.50","","5.30","76","766","1022","","","","1.10","","SSW","Небольшая облачность","2025-11-22 18:58"
"7.50","","5.30","76","766","1022","","","","1.10","","SSW","Небольшая облачность","2025-11-22 18:59"
"7.50","","5.30","76","766","1022","","","","1.10","","SSW","Небольшая облачность","2025-11-22 19:00"
"7.50","","5.30","76","766","1022","","","","1.10","","SSW","Небольшая облачность","2025-11-22 19:01"
"7.40","","5.20","76","766","1022","","","","1.10","","SSW","Небольшая облачность","2025-11-22 19:02"
"7.40","","5.20","76","766","1022","","","","1.10","","SSW","Небольшая облачность","2025-11-22 19:03"
"7.40","","5.20","76","766","1022","","","","1.10","","SSW","Небольшая облачность","2025-11-22 19:04"
"7.40","","5.20","76","766","1022","","","","1.10","","SSW","Небольшая облачность","2025-11-22 19:05"
"7.40","","5.20","76","766","1022","","","","1.10","","SSW","Небольшая облачность","2025-11-22 19:06"
"7.40","","5.20","76","766","1022","","","","1.10","","SSW","Небольшая облачность","2025-11-22 19:07"
"7.40","","5.20","76","766","1022","","","","1.10","","SSW","Небольшая облачность","2025-11-22 19:08"
"7.40","","5.20","76","766","1022","","","","1.10","","SSW","Небольшая облачность","2025-11-22 19:09"
"7.40","","5.20","76","766","1022","","","","1.10","","SSW","Небольшая облачность","2025-11-22 19:10"
"7.30","","5.10","76","766","1022","","","","1.10","","SSW","Небольшая облачность","2025-11-22 19:11"
"7.30","","5.10","76","766","1022","","","","1.10","","SSW","Небольшая облачность","2025-11-22 19:12"
"7.30","","5.10","76","766","1022","","","","1.10","","SSW","Небольшая облачность","2025-11-22 19:13"
"7.30","","5.10","76","766","1022","","","","1.10","","SSW","Небольшая облачность","2025-11-22 19:14"
"7.30","","5.10","76","766","1022","","","","1.10","","SSW","Небольшая облачность","2025-11-22 19:15"
"7.20","","5.00","76","766","1022","","","","1.10","","SSW","Небольшая облачность","2025-11-22 19:16"
"7.10","","4.90","76","766","1022","","","","1.10","","SSW","Небольшая облачность","2025-11-22 19:17"
"7.10","","4.90","76","766","1022","","","","1.10","","SSW","Небольшая облачность","2025-11-22 19:18"
"7.10","","4.90","76","766","1022","","","","1.10","","SSW","Небольшая облачность","2025-11-22 19:19"
"7.10","","4.90","76","766","1022","","","","1.10","","SSW","Небольшая облачность","2025-11-22 19:20"
"7.10","","4.90","76","766","1022","","","","1.10","","SSW","Облачно","2025-11-22 19:21"
"7.10","","4.90","76","766","1022","","","","1.10","","SSW","Облачно","2025-11-22 19:22"
"7.10","","4.90","76","766","1022","","","","1.10","","SSW","Облачно","2025-11-22 19:23"
"7.10","","4.90","76","766","1022","","","","1.10","","SSW","Облачно","2025-11-22 19:24"
"7.10","","4.90","76","766","1022","","","","1.10","","SSW","Облачно","2025-11-22 19:25"
"7.10","","4.90","76","766","1022","","","","1.10","","SSW","Облачно","2025-11-22 19:26"
"7.10","","4.90","76","766","1022","","","","1.10","","SSW","Облачно","2025-11-22 19:27"
"7.10","","4.90","76","766","1022","","","","1.10","","SSW","Облачно","2025-11-22 19:28"
"7.10","","4.90","76","766","1022","","","","1.10","","SSW","Облачно","2025-11-22 19:29"
"7.10","","4.90","76","766","1022","","","","1.10","","SSW","Облачно","2025-11-22 19:30"
"7.10","","4.90","76","766","1022","","","","1.10","","SSW","Облачно","2025-11-22 19:31"
"7.10","","4.90","76","766","1022","","","","1.10","","SSW","Облачно","2025-11-22 19:32"
"7.10","","4.90","76","766","1022","","","","1.10","","SSW","Облачно","2025-11-22 19:33"
"7.10","","4.90","76","766","1022","","","","1.10","","SSW","Облачно","2025-11-22 19:34"
"7.10","","4.90","76","766","1022","","","","1.10","","SSW","Облачно","2025-11-22 19:35"
"7.10","","4.90","76","766","1022","","","","1.10","","SSW","Облачно","2025-11-22 19:36"
"7.10","","4.90","76","766","1022","","","","1.10","","SSW","Облачно","2025-11-22 19:37"
"7.10","","4.90","76","766","1022","","","","1.10","","SSW","Облачно","2025-11-22 19:38"
"7.10","","4.90","76","766","1022","","","","1.10","","SSW","Облачно","2025-11-22 19:39"
"7.10","","4.90","76","766","1022","","","","1.10","","SSW","Облачно","2025-11-22 19:40"
"7.10","","4.90","76","766","1022","","","","1.10","","SSW","Облачно","2025-11-22 19:41"
"7.10","","4.90","76","766","1022","","","","1.10","","SSW","Облачно","2025-11-22 19:42"
"7.10","","4.90","76","766","1022","","","","1.10","","SSW","Облачно","2025-11-22 19:43"
"7.10","","4.90","76","766","1022","","","","1.10","","SSW","Облачно","2025-11-22 19:44"
"7.10","","4.90","76","766","1022","","","","1.10","","SSW","Облачно","2025-11-22 19:45"
"7.10","","4.90","76","766","1022","","","","1.10","","SSW","Облачно","2025-11-22 19:46"
"7.10","","4.90","76","766","1022","","","","1.10","","SSW","Облачно","2025-11-22 19:47"
"7.10","","4.90","76","766","1022","","","","1.10","","SSW","Облачно","2025-11-22 19:48"
"7.10","","4.90","76","766","1022","","","","1.10","","SSW","Облачно","2025-11-22 19:49"
"7.10","","4.90","76","766","1022","","","","1.10","","SSW","Облачно","2025-11-22 19:50"
"7.10","","4.90","76","766","1022","","","","1.10","","SSW","Облачно","2025-11-22 19:51"
"7.10","","4.90","76","766","1022","","","","1.10","","SSW","Облачно","2025-11-22 19:52"
"7.10","","4.90","76","766","1022","","","","1.10","","SSW","Облачно","2025-11-22 19:53"
"7.10","","4.90","76","766","1022","","","","1.10","","SSW","Облачно","2025-11-22 19:54"
"7.10","","4.90","76","766","1022","","","","1.10","","SSW","Облачно","2025-11-22 19:55"
"7.10","","4.90","76","766","1022","","","","1.10","","SSW","Облачно","2025-11-22 19:56"
"7.10","","4.90","76","766","1022","","","","1.10","","SSW","Облачно","2025-11-22 19:57"
"7.10","","4.90","76","766","1022","","","","1.10","","SSW","Облачно","2025-11-22 19:58"
"7.10","","4.90","76","766","1022","","","","1.10","","SSW","Облачно","2025-11-22 19:59"
"7.10","","4.90","76","766","1022","","","","1.10","","SSW","Облачно","2025-11-22 20:00"
"7.10","","4.90","76","766","1022","","","","1.10","","SSW","Облачно","2025-11-22 20:01"
"7.10","","4.90","76","766","1022","","","","1.10","","S","Облачно","2025-11-22 20:02"
"7.10","","4.90","76","766","1022","","","","1.10","","S","Облачно","2025-11-22 20:03"
"7.10","","4.90","76","766","1022","","","","1.10","","S","Облачно","2025-11-22 20:04"
"7.10","","4.90","76","766","1022","","","","1.10","","S","Облачно","2025-11-22 20:05"
"7.10","","4.90","76","766","1022","","","","1.10","","S","Облачно","2025-11-22 20:06"
"7.10","","4.90","76","766","1022","","","","1.10","","S","Облачно","2025-11-22 20:07"
"7.10","","4.90","76","766","1022","","","","1.10","","S","Облачно","2025-11-22 20:08"
"7.10","","4.90","76","766","1022","","","","1.10","","S","Облачно","2025-11-22 20:09"
"7.10","","4.90","76","766","1022","","","","1.10","","S","Облачно","2025-11-22 20:10"
"7.10","","4.90","76","766","1022","","","","1.10","","S","Облачно","2025-11-22 20:11"
"7.10","","4.90","76","766","1022","","","","1.10","","S","Облачно","2025-11-22 20:12"
"7.10","","4.90","76","766","1022","","","","1.10","","S","Облачно","2025-11-22 20:13"
"7.10","","4.90","76","766","1022","","","","1.10","","S","Облачно","2025-11-22 20:14"
"7.10","","4.90","76","766","1022","","","","1.10","","S","Облачно","2025-11-22 20:15"
"7.10","","4.90","76","766","1022","","","","1.10","","S","Облачно","2025-11-22 20:16"
"7.10","","4.90","76","766","1022","","","","1.10","","S","Облачно","2025-11-22 20:17"
"7.10","","4.90","76","766","1022","","","","1.10","","S","Облачно","2025-11-22 20:18"
"7.10","","4.90","76","766","1022","","","","1.10","","S","Облачно","2025-11-22 20:19"
"7.10","","4.90","76","766","1022","","","","1.10","","S","Облачно","2025-11-22 20:20"
"7.10","","4.90","76","766","1022","","","","1.10","","S","Облачно","2025-11-22 20:21"
"7.10","","4.90","76","766","1022","","","","1.10","","S","Облачно","2025-11-22 20:22"
"7.10","","4.90","76","766","1022","","","","1.10","","S","Облачно","2025-11-22 20:23"
"7.10","","4.90","76","766","1022","","","","1.10","","S","Облачно","2025-11-22 20:24"
"7.10","","4.90","76","766","1022","","","","1.10","","S","Облачно","2025-11-22 20:25"
"7.10","","4.90","76","766","1022","","","","1.10","","S","Облачно","2025-11-22 20:26"
"7.10","","4.90","76","766","1022","","","","1.10","","S","Облачно","2025-11-22 20:27"
"7.10","","4.90","76","766","1022","","","","1.10","","S","Облачно","2025-11-22 20:28"
"7.10","","4.90","76","766","1022","","","","1.10","","S","Облачно","2025-11-22 20:29"
"7.10","","4.90","76","766","1022","","","","1.10","","S","Облачно","2025-11-22 20:30"
"7.10","","4.90","76","766","1022","","","","1.10","","S","Облачно","2025-11-22 20:31"
"7.10","","4.90","76","766","1022","","","","1.10","","S","Облачно","2025-11-22 20:32"
"7.10","","4.90","76","766","1022","","","","1.10","","S","Облачно","2025-11-22 20:33"
"7.10","","4.90","76","766","1022","","","","1.10","","S","Облачно","2025-11-22 20:34"
"7.10","","4.90","76","766","1022","","","","1.10","","S","Облачно","2025-11-22 20:35"
"7.10","","4.90","76","766","1022","","","","1.10","","S","Облачно","2025-11-22 20:36"
"7.10","","4.90","76","766","1022","","","","1.10","","S","Облачно","2025-11-22 20:37"
"7.10","","4.90","76","766","1022","","","","1.10","","S","Облачно","2025-11-22 20:38"
"7.10","","4.90","76","766","1022","","","","1.10","","S","Облачно","2025-11-22 20:39"
"7.10","","4.90","76","766","1022","","","","1.10","","S","Облачно","2025-11-22 20:40"
"7.10","","4.90","76","766","1022","","","","1.10","","S","Облачно","2025-11-22 20:41"
"7.10","","4.90","76","766","1022","","","","1.10","","S","Облачно","2025-11-22 20:42"
"7.10","","4.90","76","766","1022","","","","1.10","","S","Облачно","2025-11-22 20:43"
"7.10","","4.90","76","766","1022","","","","1.10","","S","Облачно","2025-11-22 20:44"
"7.10","","4.90","76","766","1022","","","","1.10","","S","Облачно","2025-11-22 20:45"
"7.10","","4.90","76","766","1022","","","","1.10","","S","Облачно","2025-11-22 20:46"
"7.10","","4.90","76","766","1022","","","","1.10","","S","Облачно","2025-11-22 20:47"
"7.10","","4.90","76","766","1022","","","","1.10","","S","Облачно","2025-11-22 20:48"
"7.10","","4.90","76","766","1022","","","","1.10","","S","Облачно","2025-11-22 20:49"
"7.10","","4.90","76","766","1022","","","","1.10","","S","Облачно","2025-11-22 20:50"
"7.10","","4.90","76","766","1022","","","","1.10","","S","Облачно","2025-11-22 20:51"
"7.10","","4.90","76","766","1022","","","","1.10","","S","Облачно","2025-11-22 20:52"
"7.10","","4.90","76","766","1022","","","","1.10","","S","Облачно","2025-11-22 20:53"
"7.10","","4.90","76","766","1022","","","","1.10","","S","Облачно","2025-11-22 20:54"
"7.10","","4.90","76","766","1022","","","","1.10","","S","Облачно","2025-11-22 20:55"
"7.10","","4.90","76","766","1022","","","","1.10","","S","Облачно","2025-11-22 20:56"
"7.10","","4.90","76","766","1022","","","","1.10","","S","Облачно","2025-11-22 20:57"
"7.10","","4.90","76","766","1022","","","","1.10","","S","Облачно","2025-11-22 20:58"
"7.10","","4.90","76","766","1022","","","","1.10","","S","Облачно","2025-11-22 20:59"
"7.10","","4.90","76","766","1022","","","","1.10","","S","Облачно","2025-11-22 21:00"
"7.10","","4.90","76","766","1022","","","","1.10","","S","Облачно","2025-11-22 21:01"
"7.10","","4.90","76","766","1022","","","","1.10","","S","Облачно","2025-11-22 21:02"
"7.10","","4.90","76","766","1022","","","","1.10","","S","Облачно","2025-11-22 21:03"
"7.10","","4.90","76","766","1022","","","","1.10","","S","Облачно","2025-11-22 21:04"
"7.10","","4.90","76","766","1022","","","","1.10","","S","Облачно","2025-11-22 21:05"
"7.10","","4.90","76","766","1022","","","","1.10","","S","Облачно","2025-11-22 21:06"
"7.10","","4.90","76","766","1022","","","","1.10","","S","Облачно","2025-11-22 21:07"
"7.10","","4.90","76","766","1022","","","","1.10","","S","Облачно","2025-11-22 21:08"
"7.10","","4.90","76","766","1022","","","","1.10","","S","Облачно","2025-11-22 21:09"
"7.10","","4.90","76","766","1022","","","","1.10","","S","Облачно","2025-11-22 21:10"
"7.10","","4.90","76","766","1022","","","","1.10","","S","Облачно","2025-11-22 21:11"
"7.10","","4.90","76","766","1022","","","","1.10","","S","Облачно","2025-11-22 21:12"
"7.10","","4.90","76","766","1022","","","","1.10","","S","Облачно","2025-11-22 21:13"
"7.10","","4.90","76","766","1022","","","","1.10","","S","Облачно","2025-11-22 21:14"
"7.10","","4.90","76","766","1022","","","","1.10","","S","Облачно","2025-11-22 21:15"
"7.10","","4.90","76","766","1022","","","","1.10","","S","Облачно","2025-11-22 21:16"
"7.10","","4.90","76","766","1022","","","","1.10","","S","Облачно","2025-11-22 21:17"
"7.10","","4.90","76","766","1022","","","","1.10","","S","Облачно","2025-11-22 21:18"
"7.10","","4.90","76","766","1022","","","","1.10","","S","Облачно","2025-11-22 21:19"
"7.10","","4.90","76","766","1022","","","","1.10","","S","Облачно","2025-11-22 21:20"
"7.10","","4.90","76","766","1022","","","","1.10","","S","Облачно","2025-11-22 21:21"
"7.10","","4.90","76","766","1022","","","","1.10","","S","Облачно","2025-11-22 21:22"
"7.10","","4.90","76","766","1022","","","","1.10","","S","Облачно","2025-11-22 21:23"
"7.10","","4.90","76","766","1022","","","","1.10","","S","Облачно","2025-11-22 21:24"
"7.10","","4.90","76","766","1022","","","","1.10","","S","Облачно","2025-11-22 21:25"
"7.10","","4.90","76","766","1022","","","","1.10","","S","Облачно","2025-11-22 21:26"
"7.10","","4.90","76","766","1022","","","","1.10","","S","Облачно","2025-11-22 21:27"
"7.10","","4.90","76","766","1022","","","","1.10","","S","Облачно","2025-11-22 21:28"
"7.10","","4.90","76","766","1022","","","","1.10","","S","Облачно","2025-11-22 21:29"
"7.10","","4.90","76","766","1022","","","","1.10","","S","Облачно","2025-11-22 21:30"
"7.10","","4.90","76","766","1022","","","","1.10","","S","Облачно","2025-11-22 21:31"
"7.10","","4.90","76","766","1022","","","","1.10","","S","Облачно","2025-11-22 21:32"
"7.10","","4.90","76","766","1022","","","","1.10","","S","Облачно","2025-11-22 21:33"
"7.10","","4.90","76","766","1022","","","","1.10","","S","Облачно","2025-11-22 21:34"
"7.10","","4.90","76","766","1022","","","","1.10","","S","Облачно","2025-11-22 21:35"
"7.10","","4.90","76","765","1021","","","","1.10","","S","Облачно","2025-11-22 21:36"
"7.10","","4.90","76","765","1021","","","","1.10","","S","Облачно","2025-11-22 21:37"
"7.10","","4.90","76","765","1021","","","","1.10","","S","Облачно","2025-11-22 21:38"
"7.10","","4.90","76","765","1021","","","","1.10","","S","Облачно","2025-11-22 21:39"
"7.10","","4.90","76","765","1021","","","","1.10","","S","Облачно","2025-11-22 21:40"
"7.10","","4.90","76","765","1021","","","","1.10","","S","Облачно","2025-11-22 21:41"
"7.10","","4.90","76","765","1021","","","","1.10","","S","Облачно","2025-11-22 21:42"
"7.10","","4.90","76","765","1021","","","","1.10","","S","Облачно","2025-11-22 21:43"
"7.10","","4.90","76","765","1021","","","","1.10","","S","Облачно","2025-11-22 21:44"
"7.10","","4.90","76","765","1021","","","","1.10","","S","Облачно","2025-11-22 21:45"
"7.10","","4.90","76","765","1021","","","","1.10","","S","Облачно","2025-11-22 21:46"
"7.10","","4.90","76","765","1021","","","","1.10","","S","Облачно","2025-11-22 21:47"
"7.10","","4.90","76","765","1021","","","","1.10","","S","Облачно","2025-11-22 21:48"
"7.10","","4.90","76","765","1021","","","","1.10","","S","Облачно","2025-11-22 21:49"
"7.10","","4.90","76","765","1021","","","","1.10","","S","Облачно","2025-11-22 21:50"
"7.10","","4.90","76","765","1021","","","","1.10","","S","Облачно","2025-11-22 21:51"
"7.10","","4.90","76","765","1021","","","","1.10","","S","Облачно","2025-11-22 21:52"
"7.10","","4.90","76","765","1021","","","","1.10","","S","Облачно","2025-11-22 21:53"
"7.10","","4.90","76","765","1021","","","","1.10","","S","Облачно","2025-11-22 21:54"
"7.10","","4.90","76","765","1021","","","","1.10","","S","Облачно","2025-11-22 21:55"
"7.10","","4.90","76","765","1021","","","","1.10","","S","Облачно","2025-11-22 21:56"
"7.10","","4.90","76","765","1021","","","","1.10","","S","Облачно","2025-11-22 21:57"
"7.10","","4.90","76","765","1021","","","","1.10","","S","Облачно","2025-11-22 21:58"
"7.10","","4.90","76","765","1021","","","","1.10","","S","Облачно","2025-11-22 21:59"
"6.20","","4.10","85","765","1021","","","","1.10","","S","Облачно","2025-11-22 22:00"
"6.20","","4.10","85","765","1021","","","","1.10","","S","Облачно","2025-11-22 22:01"
"6.20","","4.10","85","765","1021","","","","1.10","","S","Облачно","2025-11-22 22:02"
"6.20","","4.10","85","765","1021","","","","1.10","","S","Облачно","2025-11-22 22:03"
"6.20","","4.10","85","765","1021","","","","1.10","","S","Облачно","2025-11-22 22:04"
"6.20","","4.10","85","765","1021","","","","1.10","","S","Облачно","2025-11-22 22:05"
"6.20","","4.10","85","765","1021","","","","1.10","","S","Облачно","2025-11-22 22:06"
"6.20","","4.10","85","765","1021","","","","1.10","","S","Облачно","2025-11-22 22:07"
"6.20","","4.10","85","765","1021","","","","1.10","","S","Облачно","2025-11-22 22:08"
"6.20","","4.10","85","765","1021","","","","1.10","","S","Облачно","2025-11-22 22:09"
"6.20","","4.10","85","765","1021","","","","1.10","","S","Облачно","2025-11-22 22:10"
"6.20","","4.10","85","765","1021","","","","1.10","","S","Облачно","2025-11-22 22:11"
"6.20","","4.10","85","765","1021","","","","1.10","","S","Облачно","2025-11-22 22:12"
"6.20","","4.10","85","765","1021","","","","1.10","","S","Облачно","2025-11-22 22:13"
"6.20","","4.10","85","765","1021","","","","1.10","","S","Облачно","2025-11-22 22:14"
"6.20","","4.10","85","765","1021","","","","1.10","","S","Облачно","2025-11-22 22:15"
"6.20","","4.10","85","765","1021","","","","1.10","","S","Облачно","2025-11-22 22:16"
"6.20","","4.10","85","765","1021","","","","1.10","","S","Облачно","2025-11-22 22:17"
"6.20","","4.10","85","765","1021","","","","1.10","","S","Облачно","2025-11-22 22:18"
"6.20","","4.10","85","765","1021","","","","1.10","","S","Облачно","2025-11-22 22:19"
"6.20","","4.10","85","765","1021","","","","1.10","","S","Облачно","2025-11-22 22:20"
"6.20","","4.10","85","765","1021","","","","1.10","","S","Облачно","2025-11-22 22:21"
"6.20","","4.10","85","765","1021","","","","1.10","","S","Облачно","2025-11-22 22:22"
"6.20","","4.10","85","765","1021","","","","1.10","","S","Облачно","2025-11-22 22:23"
"6.20","","4.10","85","765","1021","","","","1.10","","S","Облачно","2025-11-22 22:24"
"6.20","","4.10","85","765","1021","","","","1.10","","S","Облачно","2025-11-22 22:25"
"6.20","","4.10","85","765","1021","","","","1.10","","S","Облачно","2025-11-22 22:26"
"6.20","","4.10","85","765","1021","","","","1.10","","S","Облачно","2025-11-22 22:27"
"6.20","","4.10","85","765","1021","","","","1.10","","S","Облачно","2025-11-22 22:28"
"6.20","","4.10","85","765","1021","","","","1.10","","S","Облачно","2025-11-22 22:29"
"6.20","","4.10","85","765","1021","","","","1.10","","S","Облачно","2025-11-22 22:30"
"6.20","","4.10","85","765","1021","","","","1.10","","S","Облачно","2025-11-22 22:31"
"6.20","","4.10","85","765","1021","","","","1.10","","S","Облачно","2025-11-22 22:32"
"6.20","","4.10","85","765","1021","","","","1.10","","S","Облачно","2025-11-22 22:33"
"6.20","","4.10","85","765","1021","","","","1.10","","S","Облачно","2025-11-22 22:34"
"6.20","","4.10","85","765","1021","","","","1.10","","S","Облачно","2025-11-22 22:35"
"6.20","","4.10","85","765","1021","","","","1.10","","S","Облачно","2025-11-22 22:36"
"6.20","","4.10","85","765","1020","","","","1.10","","S","Облачно","2025-11-22 22:37"
"6.20","","4.10","85","765","1020","","","","1.10","","S","Облачно","2025-11-22 22:38"
"6.20","","4.10","85","765","1020","","","","1.10","","S","Облачно","2025-11-22 22:39"
"6.20","","4.10","85","765","1020","","","","1.10","","S","Облачно","2025-11-22 22:40"
"6.20","","4.10","85","765","1020","","","","1.10","","S","Облачно","2025-11-22 22:41"
"6.20","","4.10","85","765","1020","","","","1.10","","S","Облачно","2025-11-22 22:42"
"6.20","","4.10","85","765","1020","","","","1.10","","S","Облачно","2025-11-22 22:43"
"6.20","","4.10","85","765","1020","","","","1.10","","S","Облачно","2025-11-22 22:44"
"6.20","","4.10","85","765","1020","","","","1.10","","S","Облачно","2025-11-22 22:45"
"6.20","","4.10","85","765","1020","","","","1.10","","S","Облачно","2025-11-22 22:46"
"6.20","","4.10","85","765","1020","","","","1.10","","S","Облачно","2025-11-22 22:47"
"6.20","","4.10","85","765","1020","","","","1.10","","S","Облачно","2025-11-22 22:48"
"6.20","","4.10","85","765","1020","","","","1.10","","S","Облачно","2025-11-22 22:49"
"6.20","","4.10","85","765","1020","","","","1.10","","S","Облачно","2025-11-22 22:50"
"6.20","","4.10","85","765","1021","","","","1.10","","S","Облачно","2025-11-22 22:51"
"6.20","","4.10","85","765","1021","","","","1.10","","S","Облачно","2025-11-22 22:52"
"6.20","","4.10","85","765","1021","","","","1.10","","S","Облачно","2025-11-22 22:53"
"6.20","","4.10","85","765","1021","","","","1.10","","S","Облачно","2025-11-22 22:54"
"6.20","","4.10","85","765","1021","","","","1.10","","S","Облачно","2025-11-22 22:55"
"6.20","","4.10","85","765","1021","","","","1.10","","S","Облачно","2025-11-22 22:56"
"6.20","","4.10","85","765","1021","","","","1.10","","S","Облачно","2025-11-22 22:57"
"6.20","","4.10","85","765","1021","","","","1.10","","S","Облачно","2025-11-22 22:58"
"6.20","","4.10","85","765","1021","","","","1.10","","S","Облачно","2025-11-22 22:59"
"6.20","","4.10","85","765","1021","","","","1.10","","S","Облачно","2025-11-22 23:00"
"6.20","","4.10","85","765","1021","","","","1.10","","S","Облачно","2025-11-22 23:01"
"6.20","","4.10","85","765","1021","","","","1.10","","S","Облачно","2025-11-22 23:02"
"6.20","","4.10","85","765","1021","","","","1.10","","S","Облачно","2025-11-22 23:03"
"6.20","","4.10","85","765","1021","","","","1.10","","S","Облачно","2025-11-22 23:04"
"6.20","","4.10","85","765","1021","","","","1.10","","S","Облачно","2025-11-22 23:05"
"6.20","","4.10","85","765","1021","","","","1.10","","S","Облачно","2025-11-22 23:06"
"6.20","","4.10","85","765","1021","","","","1.10","","S","Облачно","2025-11-22 23:07"
"6.20","","4.10","85","765","1021","","","","1.10","","S","Облачно","2025-11-22 23:08"
"6.20","","4.10","85","765","1021","","","","1.10","","S","Облачно","2025-11-22 23:09"
"6.20","","4.10","85","765","1021","","","","1.10","","S","Облачно","2025-11-22 23:10"
"6.20","","4.10","85","765","1021","","","","1.10","","S","Облачно","2025-11-22 23:11"
"6.20","","4.10","85","765","1021","","","","1.10","","S","Облачно","2025-11-22 23:12"
"6.20","","4.10","85","765","1021","","","","1.10","","S","Облачно","2025-11-22 23:13"
"6.20","","4.10","85","765","1021","","","","1.10","","S","Облачно","2025-11-22 23:14"
"6.20","","4.10","85","765","1021","","","","1.10","","S","Облачно","2025-11-22 23:15"
"6.20","","4.10","85","765","1021","","","","1.10","","S","Облачно","2025-11-22 23:16"
"6.20","","4.10","85","765","1021","","","","1.10","","S","Облачно","2025-11-22 23:17"
"6.20","","4.10","85","765","1021","","","","1.10","","S","Облачно","2025-11-22 23:18"
"6.20","","4.10","85","765","1021","","","","1.10","","S","Облачно","2025-11-22 23:19"
"6.20","","4.10","85","765","1021","","","","1.10","","S","Облачно","2025-11-22 23:20"
"6.20","","4.10","85","765","1020","","","","1.10","","S","Облачно","2025-11-22 23:21"
"6.20","","4.10","85","765","1020","","","","1.10","","S","Облачно","2025-11-22 23:22"
"6.20","","4.10","85","765","1020","","","","1.10","","S","Облачно","2025-11-22 23:23"
"6.20","","4.10","85","765","1020","","","","1.10","","S","Облачно","2025-11-22 23:24"
"6.20","","4.10","85","765","1020","","","","1.10","","S","Облачно","2025-11-22 23:25"
"6.20","","4.10","85","765","1020","","","","1.10","","S","Облачно","2025-11-22 23:26"
"6.20","","4.10","85","765","1020","","","","1.10","","S","Облачно","2025-11-22 23:27"
"6.20","","4.10","85","765","1020","","","","1.10","","S","Облачно","2025-11-22 23:28"
"6.20","","4.10","85","765","1020","","","","1.10","","S","Облачно","2025-11-22 23:29"
"6.20","","4.10","85","765","1020","","","","1.10","","S","Облачно","2025-11-22 23:30"
"6.20","","4.10","85","765","1020","","","","1.10","","S","Облачно","2025-11-22 23:31"
"6.20","","4.10","85","765","1020","","","","1.10","","S","Облачно","2025-11-22 23:32"
"6.20","","4.10","85","765","1020","","","","1.10","","S","Облачно","2025-11-22 23:33"
"6.20","","4.10","85","765","1020","","","","1.10","","S","Облачно","2025-11-22 23:34"
"6.20","","4.10","85","765","1020","","","","1.10","","S","Облачно","2025-11-22 23:35"
"6.20","","4.10","85","765","1020","","","","1.10","","S","Облачно","2025-11-22 23:36"
"6.20","","4.10","85","765","1020","","","","1.10","","S","Облачно","2025-11-22 23:37"
"6.20","","4.10","85","765","1020","","","","1.10","","S","Облачно","2025-11-22 23:38"
"6.20","","4.10","85","765","1020","","","","1.10","","S","Облачно","2025-11-22 23:39"
"6.20","","4.10","85","765","1020","","","","1.10","","S","Облачно","2025-11-22 23:40"
"6.20","","4.10","85","765","1020","","","","1.10","","S","Облачно","2025-11-22 23:41"
"6.20","","4.10","85","765","1020","","","","1.10","","S","Облачно","2025-11-22 23:42"
"6.20","","4.10","85","765","1020","","","","1.10","","S","Облачно","2025-11-22 23:43"
"6.20","","4.10","85","765","1020","","","","1.10","","S","Облачно","2025-11-22 23:44"
"6.20","","4.10","85","765","1020","","","","1.10","","S","Облачно","2025-11-22 23:45"
"6.20","","4.10","85","765","1020","","","","1.10","","S","Облачно","2025-11-22 23:46"
"6.20","","4.10","85","765","1020","","","","1.10","","S","Облачно","2025-11-22 23:47"
"6.20","","4.10","85","765","1020","","","","1.10","","S","Облачно","2025-11-22 23:48"
"6.20","","4.10","85","765","1020","","","","1.10","","S","Облачно","2025-11-22 23:49"
"6.20","","4.10","85","765","1020","","","","1.10","","S","Облачно","2025-11-22 23:50"
"6.20","","4.10","85","765","1020","","","","1.10","","S","Облачно","2025-11-22 23:51"
"6.20","","4.10","85","765","1020","","","","1.10","","S","Облачно","2025-11-22 23:52"
"6.20","","4.10","85","765","1020","","","","1.10","","S","Облачно","2025-11-22 23:53"
"6.20","","4.10","85","765","1020","","","","1.10","","S","Облачно","2025-11-22 23:54"
"6.20","","4.10","85","765","1020","","","","1.10","","S","Облачно","2025-11-22 23:55"
"6.20","","4.10","85","765","1020","","","","1.10","","S","Облачно","2025-11-22 23:56"
"6.20","","4.10","85","765","1020","","","","1.10","","S","Облачно","2025-11-22 23:57"
"6.20","","4.10","85","765","1020","","","","1.10","","S","Облачно","2025-11-22 23:58"
"6.20","","4.10","85","765","1020","","","","1.10","","S","Облачно","2025-11-22 23:59"