"Temp","Temp Water","Temp Feels Like","Humidity","Pressure Mm","Pressure Hpa","Precip Mm","Precip Type","Precip Intensity","Wind Speed Ms","Wind Gust Speed Ms","Wind Dir","Condition","Created At"
"1.90","","-0.70","60","772","1030","","","","0.00","","W","Переменная облачность","2025-12-05 00:00"
"1.90","","-0.70","60","772","1030","","","","0.00","","W","Переменная облачность","2025-12-05 00:01"
"1.90","","-0.70","60","772","1030","","","","0.00","","W","Переменная облачность","2025-12-05 00:02"
"1.90","","-0.70","60","772","1030","","","","0.00","","W","Переменная облачность","2025-12-05 00:03"
"1.90","","-0.70","60","772","1030","","","","0.40","","W","Переменная облачность","2025-12-05 00:04"
"1.80","","-0.80","60","772","1030","","","","0.00","","W","Переменная облачность","2025-12-05 00:05"
"1.80","","-0.80","60","772","1030","","","","0.00","","W","Переменная облачность","2025-12-05 00:06"
"1.80","","-0.80","60","772","1030","","","","0.40","","W","Переменная облачность","2025-12-05 00:07"
"1.80","","-0.80","60","772","1030","","","","0.00","","W","Переменная облачность","2025-12-05 00:08"
"1.80","","-0.80","60","772","1030","","","","0.00","","W","Переменная облачность","2025-12-05 00:09"
"1.80","","-1.10","60","772","1030","","","","0.40","","W","Переменная облачность","2025-12-05 00:10"
"1.80","","-1.10","60","772","1030","","","","0.00","","W","Переменная облачность","2025-12-05 00:11"
"1.80","","-1.10","60","772","1030","","","","0.00","","W","Переменная облачность","2025-12-05 00:12"
"1.80","","-0.80","60","772","1030","","","","0.00","","W","Переменная облачность","2025-12-05 00:13"
"1.80","","-0.80","60","772","1030","","","","0.00","","W","Переменная облачность","2025-12-05 00:14"
"1.80","","-0.80","60","772","1030","","","","0.00","","W","Переменная облачность","2025-12-05 00:15"
"1.80","","-1.10","60","772","1030","","","","0.40","","W","Переменная облачность","2025-12-05 00:16"
"1.80","","-0.80","60","772","1030","","","","0.00","","W","Переменная облачность","2025-12-05 00:17"
"1.80","","-1.10","60","772","1030","","","","0.40","","W","Переменная облачность","2025-12-05 00:18"
"1.80","","-1.10","61","772","1030","","","","0.40","","W","Переменная облачность","2025-12-05 00:19"
"1.80","","-1.10","61","772","1030","","","","0.40","","W","Переменная облачность","2025-12-05 00:20"
"1.80","","-1.10","61","772","1030","","","","0.40","","W","Переменная облачность","2025-12-05 00:21"
"1.80","","-1.30","61","772","1030","","","","0.70","","W","Переменная облачность","2025-12-05 00:22"
"1.70","","-1.40","61","772","1030","","","","0.40","","W","Переменная облачность","2025-12-05 00:23"
"1.70","","-1.20","61","772","1030","","","","0.40","","W","Переменная облачность","2025-12-05 00:24"
"1.70","","-0.90","61","772","1030","","","","0.00","","W","Переменная облачность","2025-12-05 00:25"
"1.70","","-1.30","61","772","1030","","","","0.60","","W","Переменная облачность","2025-12-05 00:26"
"1.70","","-1.30","61","772","1030","","","","0.60","","W","Переменная облачность","2025-12-05 00:27"
"1.70","","-1.30","61","772","1030","","","","0.50","","W","Переменная облачность","2025-12-05 00:28"
"1.70","","-0.90","61","772","1030","","","","0.00","","W","Переменная облачность","2025-12-05 00:29"
"1.70","","-0.90","61","772","1030","","","","0.00","","W","Переменная облачность","2025-12-05 00:30"
"1.70","","-1.20","61","772","1030","","","","0.40","","W","Переменная облачность","2025-12-05 00:31"
"1.70","","-1.20","61","772","1030","","","","0.40","","W","Переменная облачность","2025-12-05 00:32"
"1.80","","-0.80","61","772","1030","","","","0.50","","W","Переменная облачность","2025-12-05 00:33"
"1.80","","-0.80","61","772","1030","","","","0.50","","W","Переменная облачность","2025-12-05 00:34"
"1.80","","-1.10","61","772","1030","","","","0.00","","W","Переменная облачность","2025-12-05 00:35"
"1.80","","-0.80","61","772","1030","","","","0.00","","W","Переменная облачность","2025-12-05 00:36"
"1.80","","-0.80","62","772","1030","","","","0.00","","W","Переменная облачность","2025-12-05 00:37"
"1.80","","-0.80","62","772","1030","","","","0.00","","W","Переменная облачность","2025-12-05 00:38"
"1.80","","-0.80","62","772","1030","","","","0.00","","W","Переменная облачность","2025-12-05 00:39"
"1.80","","-1.10","62","772","1030","","","","0.00","","W","Переменная облачность","2025-12-05 00:40"
"1.80","","-0.80","62","772","1030","","","","0.00","","W","Переменная облачность","2025-12-05 00:41"
"1.80","","-1.10","62","772","1030","","","","0.40","","W","Переменная облачность","2025-12-05 00:42"
"1.80","","-1.10","62","772","1030","","","","0.40","","W","Переменная облачность","2025-12-05 00:43"
"1.80","","-0.80","62","772","1030","","","","0.00","","W","Переменная облачность","2025-12-05 00:44"
"1.80","","-0.80","62","772","1030","","","","0.00","","W","Переменная облачность","2025-12-05 00:45"
"1.80","","-0.80","62","772","1030","","","","0.00","","W","Переменная облачность","2025-12-05 00:46"
"1.80","","-0.80","62","772","1030","","","","0.00","","W","Переменная облачность","2025-12-05 00:47"
"1.80","","-0.80","62","772","1030","","","","0.00","","W","Переменная облачность","2025-12-05 00:48"
"1.80","","-0.80","62","772","1030","","","","0.00","","W","Переменная облачность","2025-12-05 00:49"
"1.80","","-0.80","62","772","1030","","","","0.00","","W","Переменная облачность","2025-12-05 00:50"
"1.80","","-0.80","62","772","1030","","","","0.00","","W","Переменная облачность","2025-12-05 00:51"
"1.80","","-0.80","62","772","1030","","","","0.00","","W","Переменная облачность","2025-12-05 00:52"
"1.80","","-0.80","62","772","1030","","","","0.00","","W","Переменная облачность","2025-12-05 00:53"
"1.80","","-0.80","62","772","1030","","","","0.00","","W","Переменная облачность","2025-12-05 00:54"
"1.80","","-1.10","62","772","1030","","","","0.40","","W","Переменная облачность","2025-12-05 00:55"
"1.70","","-1.20","62","772","1030","","","","0.40","","W","Переменная облачность","2025-12-05 00:56"
"1.70","","-1.20","62","772","1030","","","","0.40","","W","Переменная облачность","2025-12-05 00:57"
"1.80","","-1.10","62","772","1030","","","","0.40","","W","Переменная облачность","2025-12-05 00:58"
"1.80","","-1.10","62","772","1030","","","","0.40","","W","Переменная облачность","2025-12-05 00:59"
"1.80","","-1.10","62","772","1030","","","","0.50","","W","Переменная облачность","2025-12-05 01:00"
"1.70","","-1.20","62","772","1030","","","","0.50","","W","Переменная облачность","2025-12-05 01:01"
"1.70","","-1.20","62","772","1030","","","","0.50","","W","Переменная облачность","2025-12-05 01:02"
"1.70","","-1.20","62","772","1030","","","","0.50","","W","Переменная облачность","2025-12-05 01:03"
"1.70","","-1.50","62","772","1030","","","","0.90","","W","Переменная облачность","2025-12-05 01:04"
"1.70","","-1.30","62","772","1030","","","","0.60","","WSW","Переменная облачность","2025-12-05 01:05"
"1.70","","-1.30","62","772","1030","","","","0.50","","WSW","Переменная облачность","2025-12-05 01:06"
"1.70","","-1.20","62","772","1030","","","","0.50","","WSW","Переменная облачность","2025-12-05 01:07"
"1.70","","-1.20","62","772","1030","","","","0.40","","WSW","Переменная облачность","2025-12-05 01:08"
"1.70","","-1.20","62","772","1030","","","","0.40","","WSW","Переменная облачность","2025-12-05 01:09"
"1.70","","-1.30","62","772","1030","","","","0.60","","WSW","Переменная облачность","2025-12-05 01:10"
"1.70","","-1.30","62","772","1030","","","","1.00","","WSW","Переменная облачность","2025-12-05 01:11"
"1.70","","-1.60","62","772","1030","","","","1.00","","WSW","Переменная облачность","2025-12-05 01:12"
"1.70","","-1.30","62","772","1030","","","","0.60","","WSW","Переменная облачность","2025-12-05 01:13"
"1.70","","-1.30","62","772","1030","","","","0.40","","WSW","Переменная облачность","2025-12-05 01:14"
"1.70","","-0.90","62","772","1030","","","","0.00","","WSW","Переменная облачность","2025-12-05 01:15"
"1.70","","-0.90","62","772","1030","","","","0.00","","WSW","Переменная облачность","2025-12-05 01:16"
"1.70","","-0.90","62","772","1030","","","","0.00","","WSW","Переменная облачность","2025-12-05 01:17"
"1.70","","-0.90","62","772","1030","","","","0.40","","WSW","Переменная облачность","2025-12-05 01:18"
"1.70","","-0.90","62","772","1030","","","","0.40","","WSW","Переменная облачность","2025-12-05 01:19"
"1.70","","-0.90","63","772","1030","","","","0.00","","WSW","Переменная облачность","2025-12-05 01:20"
"1.70","","-1.10","63","771","1029","","","","0.40","","WSW","Переменная облачность","2025-12-05 01:21"
"1.70","","-0.90","63","771","1029","","","","0.00","","WSW","Переменная облачность","2025-12-05 01:22"
"1.70","","-0.90","63","771","1029","","","","0.00","","WSW","Переменная облачность","2025-12-05 01:23"
"1.70","","-0.90","63","771","1029","","","","0.00","","WSW","Переменная облачность","2025-12-05 01:24"
"1.70","","-0.90","63","771","1029","","","","0.60","","WSW","Переменная облачность","2025-12-05 01:25"
"1.70","","-1.30","63","771","1029","","","","0.60","","WSW","Переменная облачность","2025-12-05 01:26"
"1.70","","-1.30","63","771","1029","","","","0.00","","WSW","Переменная облачность","2025-12-05 01:27"
"1.70","","-0.90","63","771","1029","","","","0.50","","WSW","Переменная облачность","2025-12-05 01:28"
"1.70","","-1.20","63","771","1029","","","","0.60","","WSW","Переменная облачность","2025-12-05 01:29"
"1.70","","-1.30","63","771","1029","","","","0.60","","WSW","Переменная облачность","2025-12-05 01:30"
"1.70","","-1.30","63","771","1029","","","","0.50","","WSW","Переменная облачность","2025-12-05 01:31"
"1.70","","-1.30","63","771","1029","","","","0.60","","WSW","Переменная облачность","2025-12-05 01:32"
"1.70","","-1.30","63","771","1029","","","","0.60","","WSW","Переменная облачность","2025-12-05 01:33"
"1.60","","-1.40","63","771","1029","","","","0.60","","WSW","Переменная облачность","2025-12-05 01:34"
"1.60","","-1.30","62","771","1029","","","","0.00","","WSW","Переменная облачность","2025-12-05 01:35"
"1.60","","-1.00","63","772","1030","","","","0.00","","WSW","Небольшая облачность","2025-12-05 01:36"
"1.70","","-0.90","63","772","1030","","","","0.00","","WSW","Небольшая облачность","2025-12-05 01:37"
"1.70","","-0.90","63","772","1030","","","","0.00","","WSW","Небольшая облачность","2025-12-05 01:38"
"1.70","","-0.90","63","772","1030","","","","0.40","","WSW","Небольшая облачность","2025-12-05 01:39"
"1.70","","-1.10","63","772","1030","","","","0.40","","WSW","Небольшая облачность","2025-12-05 01:40"
"1.70","","-1.10","63","772","1030","","","","0.00","","WSW","Небольшая облачность","2025-12-05 01:41"
"1.70","","-0.90","63","772","1030","","","","0.00","","WSW","Небольшая облачность","2025-12-05 01:42"
"1.70","","-0.90","63","772","1030","","","","0.00","","WSW","Небольшая облачность","2025-12-05 01:43"
"1.60","","-1.00","63","772","1030","","","","0.40","","WSW","Небольшая облачность","2025-12-05 01:44"
"1.60","","-1.00","63","772","1030","","","","0.00","","WSW","Небольшая облачность","2025-12-05 01:45"
"1.60","","-1.30","63","772","1030","","","","0.00","","WSW","Небольшая облачность","2025-12-05 01:46"
"1.60","","-1.00","63","772","1030","","","","0.00","","WSW","Небольшая облачность","2025-12-05 01:47"
"1.60","","-1.30","63","772","1030","","","","0.50","","WSW","Небольшая облачность","2025-12-05 01:48"
"1.60","","-1.30","63","772","1030","","","","0.60","","WSW","Небольшая облачность","2025-12-05 01:49"
"1.60","","-1.40","63","772","1030","","","","0.60","","WSW","Небольшая облачность","2025-12-05 01:50"
"1.60","","-1.40","63","772","1030","","","","0.40","","WSW","Небольшая облачность","2025-12-05 01:51"
"1.60","","-1.30","63","772","1030","","","","0.40","","WSW","Небольшая облачность","2025-12-05 01:52"
"1.70","","-1.10","63","772","1030","","","","0.40","","WSW","Небольшая облачность","2025-12-05 01:53"
"1.70","","-1.10","63","772","1030","","","","0.40","","WSW","Небольшая облачность","2025-12-05 01:54"
"1.70","","-1.10","63","772","1030","","","","0.40","","WSW","Небольшая облачность","2025-12-05 01:55"
"1.70","","-0.80","64","772","1030","","","","0.00","","WSW","Небольшая облачность","2025-12-05 01:56"
"1.70","","-0.80","64","772","1030","","","","0.40","","WSW","Небольшая облачность","2025-12-05 01:57"
"1.70","","-1.10","64","772","1030","","","","0.40","","WSW","Небольшая облачность","2025-12-05 01:58"
"1.70","","-1.10","64","772","1030","","","","0.70","","WSW","Небольшая облачность","2025-12-05 01:59"
"1.70","","-1.30","64","772","1030","","","","0.70","","WSW","Небольшая облачность","2025-12-05 02:00"
"1.80","","-1.20","64","772","1030","","","","0.60","","WSW","Небольшая облачность","2025-12-05 02:01"
"1.80","","-1.00","64","772","1030","","","","0.40","","WSW","Небольшая облачность","2025-12-05 02:02"
"1.80","","-1.10","64","772","1030","","","","0.40","","WSW","Небольшая облачность","2025-12-05 02:03"
"1.80","","-1.00","64","772","1030","","","","0.00","","WSW","Небольшая облачность","2025-12-05 02:04"
"1.80","","-0.70","64","772","1030","","","","0.00","","WSW","Небольшая облачность","2025-12-05 02:05"
"1.80","","-0.70","64","772","1030","","","","0.00","","WSW","Небольшая облачность","2025-12-05 02:06"
"1.80","","-0.70","64","772","1030","","","","0.00","","WSW","Небольшая облачность","2025-12-05 02:07"
"1.80","","-0.70","64","772","1030","","","","0.00","","WSW","Небольшая облачность","2025-12-05 02:08"
"1.80","","-0.70","64","772","1030","","","","0.00","","WSW","Небольшая облачность","2025-12-05 02:09"
"1.80","","-0.70","64","772","1030","","","","0.00","","WSW","Небольшая облачность","2025-12-05 02:10"
"1.80","","-0.70","64","772","1030","","","","0.00","","WSW","Небольшая облачность","2025-12-05 02:11"
"1.80","","-0.70","64","772","1030","","","","0.00","","WSW","Небольшая облачность","2025-12-05 02:12"
"1.80","","-0.70","64","772","1030","","","","0.00","","WSW","Небольшая облачность","2025-12-05 02:13"
"1.80","","-0.70","64","772","1030","","","","0.40","","WSW","Небольшая облачность","2025-12-05 02:14"
"1.80","","-1.00","64","772","1030","","","","0.40","","WSW","Небольшая облачность","2025-12-05 02:15"
"1.80","","-1.00","64","772","1030","","","","0.40","","WSW","Небольшая облачность","2025-12-05 02:16"
"1.80","","-0.70","64","772","1030","","","","0.00","","WSW","Небольшая облачность","2025-12-05 02:17"
"1.80","","-0.70","64","772","1030","","","","0.00","","WSW","Небольшая облачность","2025-12-05 02:18"
"1.80","","-0.70","64","772","1030","","","","0.00","","WSW","Небольшая облачность","2025-12-05 02:19"
"1.80","","-0.70","64","772","1030","","","","0.00","","WSW","Небольшая облачность","2025-12-05 02:20"
"1.80","","-0.70","64","772","1030","","","","0.00","","WSW","Небольшая облачность","2025-12-05 02:21"
"1.80","","-0.70","64","772","1030","","","","0.00","","WSW","Небольшая облачность","2025-12-05 02:22"
"1.80","","-0.70","64","772","1030","","","","0.00","","WSW","Небольшая облачность","2025-12-05 02:23"
"1.80","","-1.00","64","772","1030","","","","0.40","","WSW","Небольшая облачность","2025-12-05 02:24"
"1.80","","-1.00","64","772","1030","","","","0.50","","WSW","Небольшая облачность","2025-12-05 02:25"
"1.80","","-1.10","64","772","1030","","","","0.50","","WSW","Небольшая облачность","2025-12-05 02:26"
"1.80","","-1.10","64","772","1030","","","","0.50","","WSW","Небольшая облачность","2025-12-05 02:27"
"1.80","","-1.00","64","772","1030","","","","0.40","","WSW","Небольшая облачность","2025-12-05 02:28"
"1.80","","-1.00","64","772","1030","","","","0.50","","WSW","Небольшая облачность","2025-12-05 02:29"
"1.80","","-1.00","64","772","1030","","","","0.40","","WSW","Небольшая облачность","2025-12-05 02:30"
"1.80","","-1.00","64","772","1030","","","","0.40","","WSW","Небольшая облачность","2025-12-05 02:31"
"1.80","","-1.00","64","772","1030","","","","0.00","","WSW","Небольшая облачность","2025-12-05 02:32"
"1.80","","-0.70","64","772","1030","","","","0.00","","WSW","Небольшая облачность","2025-12-05 02:33"
"1.80","","-0.70","64","772","1030","","","","0.50","","WSW","Небольшая облачность","2025-12-05 02:34"
"1.80","","-0.70","64","772","1030","","","","0.40","","WSW","Небольшая облачность","2025-12-05 02:35"
"1.80","","-1.00","64","772","1030","","","","0.50","","WSW","Небольшая облачность","2025-12-05 02:36"
"1.80","","-1.20","64","772","1030","","","","0.70","","WSW","Небольшая облачность","2025-12-05 02:37"
"1.80","","-1.20","64","772","1030","","","","0.50","","WSW","Небольшая облачность","2025-12-05 02:38"
"1.80","","-1.10","64","772","1030","","","","0.50","","WSW","Небольшая облачность","2025-12-05 02:39"
"1.80","","-1.20","64","772","1030","","","","0.60","","WSW","Небольшая облачность","2025-12-05 02:40"
"1.80","","-1.20","64","772","1030","","","","0.60","","WSW","Небольшая облачность","2025-12-05 02:41"
"1.80","","-0.70","64","772","1030","","","","0.00","","WSW","Небольшая облачность","2025-12-05 02:42"
"1.80","","-1.00","64","772","1030","","","","0.40","","WSW","Небольшая облачность","2025-12-05 02:43"
"1.80","","-0.70","64","772","1030","","","","0.00","","WSW","Небольшая облачность","2025-12-05 02:44"
"1.80","","-1.00","64","772","1030","","","","0.40","","WSW","Небольшая облачность","2025-12-05 02:45"
"1.80","","-1.00","64","772","1030","","","","0.40","","WSW","Небольшая облачность","2025-12-05 02:46"
"1.80","","-1.00","64","772","1030","","","","0.50","","WSW","Небольшая облачность","2025-12-05 02:47"
"1.80","","-0.70","64","772","1030","","","","0.40","","WSW","Небольшая облачность","2025-12-05 02:48"
"1.80","","-1.00","64","772","1030","","","","0.40","","WSW","Небольшая облачность","2025-12-05 02:49"
"1.80","","-1.00","64","772","1030","","","","0.40","","WSW","Небольшая облачность","2025-12-05 02:50"
"1.80","","-0.70","64","771","1029","","","","0.00","","WSW","Небольшая облачность","2025-12-05 02:51"
"1.80","","-1.40","64","771","1029","","","","0.90","","WSW","Небольшая облачность","2025-12-05 02:52"
"1.80","","-1.40","64","771","1029","","","","0.00","","WSW","Небольшая облачность","2025-12-05 02:53"
"1.80","","-0.70","64","771","1029","","","","0.00","","WSW","Небольшая облачность","2025-12-05 02:54"
"1.80","","-0.70","64","771","1029","","","","1.50","","WSW","Небольшая облачность","2025-12-05 02:55"
"1.80","","-0.70","64","771","1029","","","","1.50","","WSW","Небольшая облачность","2025-12-05 02:56"
"1.80","","-0.70","64","771","1029","","","","1.50","","WSW","Небольшая облачность","2025-12-05 02:57"
"1.80","","-1.00","64","771","1029","","","","0.40","","WSW","Небольшая облачность","2025-12-05 02:58"
"1.80","","-1.00","64","771","1029","","","","0.00","","WSW","Небольшая облачность","2025-12-05 02:59"
"1.80","","-0.70","64","771","1029","","","","0.00","","WSW","Небольшая облачность","2025-12-05 03:00"
"1.80","","-0.70","64","771","1029","","","","0.00","","WSW","Небольшая облачность","2025-12-05 03:01"
"1.80","","-1.00","64","771","1029","","","","0.50","","WSW","Небольшая облачность","2025-12-05 03:02"
"1.80","","-1.40","64","771","1029","","","","0.90","","WSW","Небольшая облачность","2025-12-05 03:03"
"1.80","","-1.40","64","771","1029","","","","0.90","","WSW","Небольшая облачность","2025-12-05 03:04"
"1.80","","-1.40","64","771","1029","","","","0.60","","WSW","Небольшая облачность","2025-12-05 03:05"
"1.80","","-1.20","64","772","1030","","","","1.00","","WSW","Небольшая облачность","2025-12-05 03:06"
"1.80","","-1.40","64","772","1030","","","","1.00","","WSW","Небольшая облачность","2025-12-05 03:07"
"1.80","","-1.40","64","772","1030","","","","0.60","","WSW","Небольшая облачность","2025-12-05 03:08"
"1.80","","-1.40","64","772","1030","","","","0.60","","WSW","Небольшая облачность","2025-12-05 03:09"
"1.80","","-1.40","64","772","1030","","","","0.00","","WSW","Небольшая облачность","2025-12-05 03:10"
"1.80","","-1.40","64","772","1030","","","","0.40","","WSW","Небольшая облачность","2025-12-05 03:11"
"1.80","","-1.40","64","772","1030","","","","0.40","","WSW","Небольшая облачность","2025-12-05 03:12"
"1.80","","-1.00","64","772","1030","","","","0.50","","WSW","Небольшая облачность","2025-12-05 03:13"
"1.80","","-1.00","64","772","1030","","","","0.40","","WSW","Небольшая облачность","2025-12-05 03:14"
"1.80","","-1.00","64","772","1030","","","","0.40","","WSW","Небольшая облачность","2025-12-05 03:15"
"1.80","","-1.20","64","772","1030","","","","0.40","","WSW","Небольшая облачность","2025-12-05 03:16"
"1.80","","-1.00","64","772","1030","","","","0.00","","WSW","Небольшая облачность","2025-12-05 03:17"
"1.80","","-1.00","64","772","1030","","","","0.00","","WSW","Небольшая облачность","2025-12-05 03:18"
"1.80","","-1.00","64","772","1030","","","","0.40","","WSW","Небольшая облачность","2025-12-05 03:19"
"1.80","","-1.00","64","772","1030","","","","1.20","","WSW","Небольшая облачность","2025-12-05 03:20"
"1.80","","-1.00","64","772","1030","","","","1.20","","WSW","Небольшая облачность","2025-12-05 03:21"
"1.80","","-1.10","64","772","1030","","","","0.50","","WSW","Небольшая облачность","2025-12-05 03:22"
"1.80","","-1.10","64","772","1030","","","","0.90","","WSW","Небольшая облачность","2025-12-05 03:23"
"1.80","","-1.10","64","772","1030","","","","0.90","","WSW","Небольшая облачность","2025-12-05 03:24"
"1.80","","-0.70","64","772","1030","","","","0.00","","WSW","Небольшая облачность","2025-12-05 03:25"
"1.80","","-0.70","64","772","1030","","","","0.00","","WSW","Небольшая облачность","2025-12-05 03:26"
"1.80","","-0.70","64","772","1030","","","","0.00","","WSW","Небольшая облачность","2025-12-05 03:27"
"1.80","","-0.70","64","772","1030","","","","0.90","","WSW","Небольшая облачность","2025-12-05 03:28"
"1.80","","-0.70","64","772","1030","","","","0.90","","WSW","Небольшая облачность","2025-12-05 03:29"
"1.80","","-1.40","64","772","1030","","","","0.00","","WSW","Небольшая облачность","2025-12-05 03:30"
"1.80","","-1.40","64","772","1030","","","","0.40","","WSW","Небольшая облачность","2025-12-05 03:31"
"1.80","","-1.00","65","772","1030","","","","0.40","","WSW","Небольшая облачность","2025-12-05 03:32"
"1.80","","-1.10","65","772","1030","","","","0.50","","WSW","Небольшая облачность","2025-12-05 03:33"
"1.80","","-1.00","64","772","1030","","","","0.50","","WSW","Небольшая облачность","2025-12-05 03:34"
"1.80","","-1.10","64","772","1030","","","","0.50","","WSW","Небольшая облачность","2025-12-05 03:35"
"1.80","","-1.00","64","772","1030","","","","0.40","","WSW","Небольшая облачность","2025-12-05 03:36"
"1.80","","-1.00","64","772","1030","","","","0.50","","WSW","Небольшая облачность","2025-12-05 03:37"
"1.80","","-0.70","65","772","1030","","","","0.00","","WSW","Небольшая облачность","2025-12-05 03:38"
"1.80","","-0.70","65","772","1030","","","","0.00","","WSW","Небольшая облачность","2025-12-05 03:39"
"1.80","","-0.70","65","772","1030","","","","0.00","","WSW","Небольшая облачность","2025-12-05 03:40"
"1.80","","-2.00","64","772","1030","","","","1.80","","WSW","Небольшая облачность","2025-12-05 03:41"
"1.80","","-2.00","64","772","1030","","","","1.80","","WSW","Небольшая облачность","2025-12-05 03:42"
"1.80","","-1.20","64","772","1030","","","","0.70","","WSW","Небольшая облачность","2025-12-05 03:43"
"1.80","","-1.20","64","772","1030","","","","0.00","","WSW","Небольшая облачность","2025-12-05 03:44"
"1.80","","-0.70","64","772","1030","","","","0.00","","WSW","Небольшая облачность","2025-12-05 03:45"
"1.80","","-0.70","64","772","1030","","","","0.60","","WSW","Небольшая облачность","2025-12-05 03:46"
"1.80","","-1.60","64","772","1030","","","","1.30","","WSW","Небольшая облачность","2025-12-05 03:47"
"1.80","","-1.60","64","772","1030","","","","1.20","","WSW","Небольшая облачность","2025-12-05 03:48"
"1.80","","-1.60","64","772","1030","","","","0.40","","WSW","Небольшая облачность","2025-12-05 03:49"
"1.80","","-1.40","64","772","1030","","","","0.90","","WSW","Небольшая облачность","2025-12-05 03:50"
"1.80","","-1.40","64","771","1029","","","","0.70","","WSW","Небольшая облачность","2025-12-05 03:51"
"1.80","","-1.40","64","771","1029","","","","0.00","","WSW","Небольшая облачность","2025-12-05 03:52"
"1.70","","-0.80","64","771","1029","","","","0.00","","WSW","Небольшая облачность","2025-12-05 03:53"
"1.70","","-0.80","64","771","1029","","","","0.00","","WSW","Небольшая облачность","2025-12-05 03:54"
"1.70","","-1.30","64","771","1029","","","","0.00","","WSW","Небольшая облачность","2025-12-05 03:55"
"1.70","","-0.80","64","771","1029","","","","0.00","","WSW","Небольшая облачность","2025-12-05 03:56"
"1.70","","-0.80","64","771","1029","","","","0.00","","WSW","Небольшая облачность","2025-12-05 03:57"
"1.70","","-0.80","64","771","1029","","","","0.00","","WSW","Небольшая облачность","2025-12-05 03:58"
"1.70","","-0.80","64","771","1029","","","","0.00","","WSW","Небольшая облачность","2025-12-05 03:59"
"1.70","","-1.10","64","771","1029","","","","0.40","","WSW","Небольшая облачность","2025-12-05 04:00"
"1.70","","-1.20","64","771","1029","","","","0.50","","WSW","Небольшая облачность","2025-12-05 04:01"
"1.70","","-1.60","64","771","1029","","","","1.10","","WSW","Небольшая облачность","2025-12-05 04:02"
"1.70","","-1.70","64","771","1029","","","","1.20","","WSW","Небольшая облачность","2025-12-05 04:03"
"1.70","","-1.70","64","771","1029","","","","0.70","","WSW","Небольшая облачность","2025-12-05 04:04"
"1.60","","-1.40","64","771","1029","","","","0.40","","WSW","Небольшая облачность","2025-12-05 04:05"
"1.60","","-1.40","64","771","1029","","","","0.40","","WSW","Небольшая облачность","2025-12-05 04:06"
"1.60","","-1.20","64","772","1030","","","","0.50","","WSW","Небольшая облачность","2025-12-05 04:07"
"1.60","","-1.00","64","772","1030","","","","0.50","","WSW","Небольшая облачность","2025-12-05 04:08"
"1.60","","-1.30","64","772","1030","","","","0.70","","WSW","Небольшая облачность","2025-12-05 04:09"
"1.60","","-1.40","64","772","1030","","","","0.70","","WSW","Небольшая облачность","2025-12-05 04:10"
"1.60","","-1.40","64","772","1030","","","","0.70","","WSW","Небольшая облачность","2025-12-05 04:11"
"1.60","","-1.40","64","772","1030","","","","0.60","","WSW","Небольшая облачность","2025-12-05 04:12"
"1.60","","-1.40","64","772","1030","","","","0.60","","WSW","Небольшая облачность","2025-12-05 04:13"
"1.60","","-1.40","64","772","1030","","","","0.60","","WSW","Небольшая облачность","2025-12-05 04:14"
"1.60","","-1.40","64","772","1030","","","","0.50","","WSW","Небольшая облачность","2025-12-05 04:15"
"1.60","","-1.30","64","772","1030","","","","0.50","","WSW","Небольшая облачность","2025-12-05 04:16"
"1.60","","-1.60","64","772","1030","","","","0.90","","WSW","Небольшая облачность","2025-12-05 04:17"
"1.60","","-1.60","64","772","1030","","","","0.90","","WSW","Небольшая облачность","2025-12-05 04:18"
"1.60","","-1.40","64","772","1030","","","","0.60","","WSW","Небольшая облачность","2025-12-05 04:19"
"1.60","","-1.40","64","772","1030","","","","1.00","","WSW","Небольшая облачность","2025-12-05 04:20"
"1.60","","-1.60","64","772","1030","","","","0.90","","WSW","Небольшая облачность","2025-12-05 04:21"
"1.60","","-1.60","64","772","1030","","","","0.90","","WSW","Небольшая облачность","2025-12-05 04:22"
"1.60","","-1.30","64","772","1030","","","","0.50","","WSW","Небольшая облачность","2025-12-05 04:23"
"1.60","","-1.30","64","772","1030","","","","0.50","","WSW","Небольшая облачность","2025-12-05 04:24"
"1.60","","-1.70","64","772","1030","","","","0.90","","WSW","Небольшая облачность","2025-12-05 04:25"
"1.60","","-1.60","64","772","1030","","","","0.90","","WSW","Небольшая облачность","2025-12-05 04:26"
"1.60","","-1.40","64","772","1030","","","","0.70","","WSW","Небольшая облачность","2025-12-05 04:27"
"1.60","","-1.40","64","772","1030","","","","0.70","","WSW","Небольшая облачность","2025-12-05 04:28"
"1.60","","-1.40","64","772","1030","","","","0.70","","WSW","Небольшая облачность","2025-12-05 04:29"
"1.60","","-1.20","64","772","1030","","","","0.40","","WSW","Небольшая облачность","2025-12-05 04:30"
"1.60","","-1.20","65","772","1030","","","","0.40","","WSW","Небольшая облачность","2025-12-05 04:31"
"1.60","","-1.20","65","772","1030","","","","0.40","","WSW","Небольшая облачность","2025-12-05 04:32"
"1.60","","-1.30","65","772","1030","","","","0.40","","SW","Небольшая облачность","2025-12-05 04:33"
"1.60","","-1.20","65","772","1030","","","","0.90","","SW","Небольшая облачность","2025-12-05 04:34"
"1.60","","-1.60","65","772","1030","","","","0.90","","SW","Небольшая облачность","2025-12-05 04:35"
"1.60","","-1.60","65","772","1030","","","","0.70","","SW","Небольшая облачность","2025-12-05 04:36"
"1.60","","-1.40","65","772","1030","","","","0.70","","SW","Небольшая облачность","2025-12-05 04:37"
"1.60","","-1.30","65","772","1030","","","","0.50","","SW","Небольшая облачность","2025-12-05 04:38"
"1.60","","-1.20","65","772","1030","","","","0.50","","SW","Небольшая облачность","2025-12-05 04:39"
"1.60","","-1.30","65","772","1030","","","","0.50","","SW","Небольшая облачность","2025-12-05 04:40"
"1.60","","-1.20","65","772","1030","","","","0.40","","SW","Небольшая облачность","2025-12-05 04:41"
"1.60","","-1.20","65","772","1030","","","","0.40","","SW","Небольшая облачность","2025-12-05 04:42"
"1.60","","-1.20","65","772","1030","","","","0.00","","SW","Небольшая облачность","2025-12-05 04:43"
"1.60","","-0.90","65","772","1030","","","","0.00","","SW","Небольшая облачность","2025-12-05 04:44"
"1.60","","-0.90","65","772","1030","","","","0.00","","SW","Небольшая облачность","2025-12-05 04:45"
"1.60","","-0.90","65","772","1030","","","","0.00","","SW","Небольшая облачность","2025-12-05 04:46"
"1.60","","-2.10","65","772","1030","","","","0.60","","SW","Небольшая облачность","2025-12-05 04:47"
"1.60","","-1.30","65","772","1030","","","","0.60","","SW","Небольшая облачность","2025-12-05 04:48"
"1.60","","-1.30","65","772","1030","","","","0.60","","SW","Небольшая облачность","2025-12-05 04:49"
"1.60","","-0.90","65","772","1030","","","","0.40","","SW","Небольшая облачность","2025-12-05 04:50"
"1.60","","-0.90","65","772","1030","","","","0.40","","SW","Небольшая облачность","2025-12-05 04:51"
"1.60","","-1.20","65","772","1030","","","","0.00","","SW","Небольшая облачность","2025-12-05 04:52"
"1.60","","-0.90","65","772","1030","","","","0.00","","SW","Небольшая облачность","2025-12-05 04:53"
"1.60","","-0.90","65","772","1030","","","","0.00","","SW","Небольшая облачность","2025-12-05 04:54"
"1.60","","-0.90","65","772","1030","","","","0.40","","SW","Небольшая облачность","2025-12-05 04:55"
"1.60","","-1.20","65","772","1030","","","","0.40","","SW","Небольшая облачность","2025-12-05 04:56"
"1.60","","-1.20","65","772","1030","","","","0.40","","SW","Небольшая облачность","2025-12-05 04:57"
"1.60","","-1.20","65","772","1030","","","","0.40","","SW","Небольшая облачность","2025-12-05 04:58"
"1.60","","-0.90","65","772","1030","","","","0.00","","SW","Небольшая облачность","2025-12-05 04:59"
"1.60","","-0.90","65","772","1030","","","","0.00","","SW","Небольшая облачность","2025-12-05 05:00"
"1.60","","-0.90","65","772","1030","","","","0.00","","SW","Небольшая облачность","2025-12-05 05:01"
"1.60","","-0.90","65","772","1030","","","","0.00","","SW","Небольшая облачность","2025-12-05 05:02"
"1.60","","-0.90","65","772","1030","","","","0.40","","SW","Небольшая облачность","2025-12-05 05:03"
"1.60","","-0.90","65","772","1030","","","","0.40","","SW","Небольшая облачность","2025-12-05 05:04"
"1.70","","-0.80","65","772","1030","","","","0.00","","SW","Небольшая облачность","2025-12-05 05:05"
"1.70","","-0.80","65","772","1030","","","","0.00","","SW","Небольшая облачность","2025-12-05 05:06"
"1.70","","-0.80","65","772","1030","","","","0.00","","SW","Небольшая облачность","2025-12-05 05:07"
"1.70","","-0.80","65","772","1030","","","","0.00","","SW","Небольшая облачность","2025-12-05 05:08"
"1.60","","-0.90","65","772","1030","","","","0.00","","SW","Небольшая облачность","2025-12-05 05:09"
"1.60","","-0.90","65","772","1030","","","","0.00","","SW","Небольшая облачность","2025-12-05 05:10"
"1.60","","-0.90","65","772","1030","","","","0.00","","SW","Небольшая облачность","2025-12-05 05:11"
"1.60","","-0.90","65","772","1030","","","","0.00","","SW","Небольшая облачность","2025-12-05 05:12"
"1.60","","-0.90","65","772","1030","","","","0.00","","SW","Небольшая облачность","2025-12-05 05:13"
"1.60","","-1.30","65","772","1030","","","","0.60","","SW","Небольшая облачность","2025-12-05 05:14"
"1.70","","-1.20","65","772","1030","","","","0.50","","SW","Небольшая облачность","2025-12-05 05:15"
"1.60","","-1.60","65","772","1030","","","","1.00","","SW","Небольшая облачность","2025-12-05 05:16"
"1.60","","-1.30","65","772","1030","","","","0.50","","SW","Небольшая облачность","2025-12-05 05:17"
"1.60","","-1.30","65","772","1030","","","","0.50","","SW","Небольшая облачность","2025-12-05 05:18"
"1.70","","-0.80","65","772","1030","","","","0.00","","SW","Небольшая облачность","2025-12-05 05:19"
"1.70","","-0.80","65","772","1030","","","","0.00","","SW","Небольшая облачность","2025-12-05 05:20"
"1.70","","-0.80","65","772","1030","","","","0.00","","SW","Небольшая облачность","2025-12-05 05:21"
"1.70","","-0.80","65","772","1030","","","","0.00","","SW","Небольшая облачность","2025-12-05 05:22"
"1.70","","-0.80","65","772","1030","","","","0.00","","SW","Небольшая облачность","2025-12-05 05:23"
"1.70","","-0.80","65","772","1030","","","","0.00","","SW","Небольшая облачность","2025-12-05 05:24"
"1.70","","-0.80","65","772","1030","","","","0.00","","SW","Небольшая облачность","2025-12-05 05:25"
"1.70","","-0.80","65","772","1030","","","","0.00","","SW","Небольшая облачность","2025-12-05 05:26"
"1.70","","-0.80","65","772","1030","","","","0.00","","SW","Небольшая облачность","2025-12-05 05:27"
"1.70","","-0.80","65","772","1030","","","","0.00","","SW","Небольшая облачность","2025-12-05 05:28"
"1.70","","-0.80","65","772","1030","","","","0.00","","SW","Небольшая облачность","2025-12-05 05:29"
"1.70","","-0.80","66","772","1030","","","","0.00","","SW","Небольшая облачность","2025-12-05 05:30"
"1.80","","-0.70","66","772","1030","","","","0.00","","SW","Небольшая облачность","2025-12-05 05:31"
"1.80","","-0.70","66","772","1030","","","","0.00","","SW","Небольшая облачность","2025-12-05 05:32"
"1.80","","-0.70","66","772","1030","","","","0.00","","SW","Небольшая облачность","2025-12-05 05:33"
"1.80","","-0.70","66","772","1030","","","","0.00","","SW","Небольшая облачность","2025-12-05 05:34"
"1.80","","-0.70","65","772","1030","","","","0.00","","SW","Небольшая облачность","2025-12-05 05:35"
"1.80","","-0.70","65","772","1030","","","","0.00","","SW","Небольшая облачность","2025-12-05 05:36"
"1.80","","-0.70","65","772","1030","","","","0.00","","SW","Небольшая облачность","2025-12-05 05:37"
"1.80","","-0.70","65","772","1030","","","","0.00","","SW","Небольшая облачность","2025-12-05 05:38"
"1.80","","-0.70","65","772","1030","","","","0.40","","SW","Небольшая облачность","2025-12-05 05:39"
"1.80","","-1.00","65","772","1030","","","","0.40","","SW","Небольшая облачность","2025-12-05 05:40"
"1.80","","-0.70","65","772","1030","","","","0.00","","SW","Небольшая облачность","2025-12-05 05:41"
"1.80","","-0.70","65","772","1030","","","","0.00","","SW","Небольшая облачность","2025-12-05 05:42"
"1.80","","-0.70","65","772","1030","","","","0.00","","SW","Небольшая облачность","2025-12-05 05:43"
"1.80","","-0.70","65","772","1030","","","","0.00","","SW","Небольшая облачность","2025-12-05 05:44"
"1.80","","-0.70","65","772","1030","","","","0.00","","SW","Небольшая облачность","2025-12-05 05:45"
"1.80","","-0.70","65","772","1030","","","","0.00","","SW","Небольшая облачность","2025-12-05 05:46"
"1.80","","-1.00","65","772","1030","","","","0.00","","SW","Небольшая облачность","2025-12-05 05:47"
"1.80","","-0.70","65","772","1030","","","","0.00","","SW","Небольшая облачность","2025-12-05 05:48"
"1.80","","-0.70","65","772","1030","","","","0.00","","SW","Небольшая облачность","2025-12-05 05:49"
"1.70","","-1.10","65","772","1030","","","","0.40","","SW","Небольшая облачность","2025-12-05 05:50"
"1.70","","-1.10","65","772","1030","","","","0.40","","SW","Небольшая облачность","2025-12-05 05:51"
"1.70","","-1.10","65","772","1030","","","","0.40","","SW","Небольшая облачность","2025-12-05 05:52"
"1.70","","-1.10","65","772","1030","","","","0.40","","SW","Небольшая облачность","2025-12-05 05:53"
"1.70","","-1.10","65","772","1030","","","","0.00","","SW","Небольшая облачность","2025-12-05 05:54"
"1.70","","-0.80","65","772","1030","","","","0.00","","SW","Небольшая облачность","2025-12-05 05:55"
"1.80","","-1.00","65","772","1030","","","","0.40","","SW","Небольшая облачность","2025-12-05 05:56"
"1.80","","-1.00","65","772","1030","","","","0.40","","SW","Небольшая облачность","2025-12-05 05:57"
"1.80","","-1.00","65","772","1030","","","","0.40","","SW","Небольшая облачность","2025-12-05 05:58"
"1.80","","-1.10","65","772","1030","","","","0.60","","SW","Небольшая облачность","2025-12-05 05:59"
"1.80","","-0.70","65","772","1030","","","","0.00","","SW","Небольшая облачность","2025-12-05 06:00"
"1.80","","-1.00","65","772","1030","","","","0.40","","SW","Небольшая облачность","2025-12-05 06:01"
"1.80","","-1.00","65","772","1030","","","","0.40","","SW","Небольшая облачность","2025-12-05 06:02"
"1.80","","-1.10","65","772","1030","","","","0.50","","SW","Небольшая облачность","2025-12-05 06:03"
"1.80","","-1.10","65","772","1030","","","","0.50","","SW","Небольшая облачность","2025-12-05 06:04"
"1.80","","-1.00","65","772","1030","","","","0.40","","SW","Небольшая облачность","2025-12-05 06:05"
"1.80","","-0.70","65","772","1030","","","","0.00","","SW","Небольшая облачность","2025-12-05 06:06"
"1.80","","-0.70","65","772","1030","","","","0.00","","SW","Небольшая облачность","2025-12-05 06:07"
"1.80","","-0.70","65","772","1030","","","","0.00","","SW","Небольшая облачность","2025-12-05 06:08"
"1.80","","-1.10","65","772","1030","","","","0.60","","SW","Небольшая облачность","2025-12-05 06:09"
"1.80","","-1.10","65","772","1030","","","","0.60","","SW","Небольшая облачность","2025-12-05 06:10"
"1.80","","-1.00","65","772","1030","","","","0.40","","SW","Небольшая облачность","2025-12-05 06:11"
"1.80","","-1.00","65","772","1030","","","","0.40","","SW","Небольшая облачность","2025-12-05 06:12"
"1.80","","-1.00","65","772","1030","","","","0.40","","SW","Небольшая облачность","2025-12-05 06:13"
"1.80","","-1.00","65","772","1030","","","","0.40","","SW","Небольшая облачность","2025-12-05 06:14"
"1.80","","-1.00","65","772","1030","","","","0.40","","SW","Небольшая облачность","2025-12-05 06:15"
"1.80","","-1.00","65","772","1030","","","","0.00","","SW","Небольшая облачность","2025-12-05 06:16"
"1.80","","-0.70","65","772","1030","","","","0.00","","SW","Небольшая облачность","2025-12-05 06:17"
"1.80","","-1.00","65","772","1030","","","","0.40","","SW","Небольшая облачность","2025-12-05 06:18"
"1.80","","-1.10","65","772","1030","","","","0.60","","SW","Небольшая облачность","2025-12-05 06:19"
"1.80","","-1.40","64","772","1030","","","","0.90","","SW","Небольшая облачность","2025-12-05 06:20"
"1.80","","-1.10","64","772","1030","","","","0.50","","SW","Небольшая облачность","2025-12-05 06:21"
"1.80","","-1.10","64","772","1030","","","","0.40","","SW","Небольшая облачность","2025-12-05 06:22"
"1.80","","-1.10","64","772","1030","","","","0.40","","SW","Небольшая облачность","2025-12-05 06:23"
"1.70","","-1.20","64","772","1030","","","","1.30","","SW","Небольшая облачность","2025-12-05 06:24"
"1.70","","-1.80","64","772","1030","","","","1.40","","SW","Небольшая облачность","2025-12-05 06:25"
"1.70","","-1.80","64","772","1030","","","","1.10","","SW","Небольшая облачность","2025-12-05 06:26"
"1.70","","-1.20","64","772","1030","","","","0.50","","SW","Небольшая облачность","2025-12-05 06:27"
"1.70","","-1.20","64","772","1030","","","","0.50","","SW","Небольшая облачность","2025-12-05 06:28"
"1.70","","-1.50","64","772","1030","","","","0.90","","SW","Небольшая облачность","2025-12-05 06:29"
"1.70","","-1.50","64","772","1030","","","","0.40","","SW","Небольшая облачность","2025-12-05 06:30"
"1.80","","-1.00","64","772","1030","","","","0.40","","SW","Небольшая облачность","2025-12-05 06:31"
"1.80","","-1.10","64","772","1030","","","","0.50","","SW","Небольшая облачность","2025-12-05 06:32"
"1.80","","-0.70","65","772","1030","","","","0.00","","SW","Небольшая облачность","2025-12-05 06:33"
"1.80","","-0.70","65","772","1030","","","","0.00","","SW","Небольшая облачность","2025-12-05 06:34"
"1.80","","-1.30","65","772","1030","","","","0.90","","SW","Небольшая облачность","2025-12-05 06:35"
"1.80","","-1.40","64","772","1030","","","","0.90","","SW","Небольшая облачность","2025-12-05 06:36"
"1.80","","-1.00","64","772","1030","","","","0.90","","SW","Небольшая облачность","2025-12-05 06:37"
"1.80","","-1.00","64","772","1030","","","","0.90","","SW","Небольшая облачность","2025-12-05 06:38"
"1.80","","-1.40","64","772","1030","","","","0.90","","SW","Небольшая облачность","2025-12-05 06:39"
"1.80","","-0.70","64","772","1030","","","","0.00","","SW","Небольшая облачность","2025-12-05 06:40"
"1.80","","-1.00","64","772","1030","","","","0.40","","SW","Небольшая облачность","2025-12-05 06:41"
"1.80","","-0.70","64","772","1030","","","","0.00","","SW","Небольшая облачность","2025-12-05 06:42"
"1.80","","-1.00","64","772","1030","","","","0.40","","SW","Небольшая облачность","2025-12-05 06:43"
"1.80","","-0.70","64","772","1030","","","","0.00","","SW","Небольшая облачность","2025-12-05 06:44"
"1.80","","-0.70","64","772","1030","","","","0.50","","SW","Небольшая облачность","2025-12-05 06:45"
"1.80","","-1.10","64","772","1030","","","","0.40","","SW","Небольшая облачность","2025-12-05 06:46"
"1.80","","-1.00","64","772","1030","","","","0.40","","SW","Небольшая облачность","2025-12-05 06:47"
"1.80","","-1.40","64","772","1030","","","","1.00","","SW","Небольшая облачность","2025-12-05 06:48"
"1.80","","-1.20","64","772","1030","","","","0.60","","SW","Небольшая облачность","2025-12-05 06:49"
"1.80","","-1.20","64","772","1030","","","","0.70","","SW","Небольшая облачность","2025-12-05 06:50"
"1.80","","-1.20","64","772","1030","","","","0.70","","SW","Небольшая облачность","2025-12-05 06:51"
"1.90","","-0.90","64","773","1031","","","","0.40","","SW","Небольшая облачность","2025-12-05 06:52"
"1.90","","-1.00","64","773","1031","","","","0.50","","SW","Небольшая облачность","2025-12-05 06:53"
"1.90","","-1.10","64","773","1031","","","","0.70","","SW","Небольшая облачность","2025-12-05 06:54"
"1.90","","-1.10","64","773","1031","","","","0.70","","SW","Небольшая облачность","2025-12-05 06:55"
"1.80","","-1.40","64","773","1031","","","","0.90","","SW","Небольшая облачность","2025-12-05 06:56"
"1.80","","-1.40","64","773","1031","","","","1.60","","SW","Небольшая облачность","2025-12-05 06:57"
"1.80","","-1.40","64","773","1031","","","","1.20","","SW","Небольшая облачность","2025-12-05 06:58"
"1.80","","-1.60","64","773","1031","","","","1.20","","SW","Небольшая облачность","2025-12-05 06:59"
"1.80","","-1.70","64","773","1031","","","","1.40","","SW","Небольшая облачность","2025-12-05 07:00"
"1.80","","-1.00","64","773","1031","","","","0.40","","SW","Небольшая облачность","2025-12-05 07:01"
"1.80","","-1.00","64","773","1031","","","","0.50","","SW","Небольшая облачность","2025-12-05 07:02"
"1.80","","-1.10","64","773","1031","","","","0.00","","SW","Небольшая облачность","2025-12-05 07:03"
"1.80","","-1.10","64","773","1031","","","","0.50","","SW","Небольшая облачность","2025-12-05 07:04"
"1.80","","-1.10","64","773","1031","","","","0.50","","SW","Небольшая облачность","2025-12-05 07:05"
"1.80","","-1.10","64","773","1031","","","","0.50","","SW","Небольшая облачность","2025-12-05 07:06"
"1.90","","-1.00","64","773","1031","","","","0.50","","SW","Небольшая облачность","2025-12-05 07:07"
"1.90","","-1.00","64","773","1031","","","","0.50","","SW","Небольшая облачность","2025-12-05 07:08"
"1.90","","-1.00","64","773","1031","","","","0.50","","SW","Небольшая облачность","2025-12-05 07:09"
"1.90","","-1.00","64","773","1031","","","","0.50","","SW","Небольшая облачность","2025-12-05 07:10"
"1.90","","-1.00","64","773","1031","","","","0.50","","SW","Небольшая облачность","2025-12-05 07:11"
"1.90","","-1.00","64","773","1031","","","","0.60","","SW","Небольшая облачность","2025-12-05 07:12"
"1.90","","-1.00","64","773","1031","","","","0.50","","SW","Небольшая облачность","2025-12-05 07:13"
"1.80","","-1.20","64","773","1031","","","","0.70","","SW","Небольшая облачность","2025-12-05 07:14"
"1.90","","-1.00","64","773","1031","","","","0.50","","SW","Небольшая облачность","2025-12-05 07:15"
"1.90","","-1.00","64","773","1031","","","","0.50","","SW","Небольшая облачность","2025-12-05 07:16"
"1.90","","-1.00","64","773","1031","","","","0.50","","SW","Небольшая облачность","2025-12-05 07:17"
"1.90","","-1.00","64","773","1031","","","","0.50","","SW","Небольшая облачность","2025-12-05 07:18"
"1.90","","-1.00","64","773","1031","","","","0.70","","SW","Небольшая облачность","2025-12-05 07:19"
"1.90","","-1.10","64","773","1031","","","","0.70","","SW","Небольшая облачность","2025-12-05 07:20"
"1.90","","-0.90","64","772","1030","","","","0.40","","SW","Небольшая облачность","2025-12-05 07:21"
"1.90","","-0.90","64","772","1030","","","","0.90","","SW","Небольшая облачность","2025-12-05 07:22"
"1.90","","-1.30","64","772","1030","","","","0.90","","SW","Небольшая облачность","2025-12-05 07:23"
"1.90","","-1.30","64","772","1030","","","","0.90","","SW","Небольшая облачность","2025-12-05 07:24"
"1.90","","-1.40","64","772","1030","","","","1.10","","SW","Небольшая облачность","2025-12-05 07:25"
"1.90","","-1.30","64","772","1030","","","","1.10","","SW","Небольшая облачность","2025-12-05 07:26"
"1.90","","-1.40","64","772","1030","","","","1.10","","SW","Небольшая облачность","2025-12-05 07:27"
"1.90","","-1.60","64","772","1030","","","","1.40","","SW","Небольшая облачность","2025-12-05 07:28"
"1.90","","-1.00","64","772","1030","","","","1.20","","SW","Небольшая облачность","2025-12-05 07:29"
"1.90","","-1.50","64","772","1030","","","","1.20","","SW","Небольшая облачность","2025-12-05 07:30"
"1.90","","-1.10","64","772","1030","","","","0.70","","SW","Небольшая облачность","2025-12-05 07:31"
"1.90","","-1.10","64","772","1030","","","","0.40","","SW","Небольшая облачность","2025-12-05 07:32"
"1.90","","-1.10","64","772","1030","","","","0.40","","SW","Небольшая облачность","2025-12-05 07:33"
"1.90","","-1.30","64","772","1030","","","","0.90","","SW","Небольшая облачность","2025-12-05 07:34"
"1.90","","-0.90","64","772","1030","","","","0.40","","SW","Небольшая облачность","2025-12-05 07:35"
"1.90","","-1.30","64","773","1031","","","","0.90","","SW","Небольшая облачность","2025-12-05 07:36"
"1.90","","-1.30","64","773","1031","","","","1.20","","SW","Небольшая облачность","2025-12-05 07:37"
"1.90","","-1.50","64","773","1031","","","","0.40","","SW","Небольшая облачность","2025-12-05 07:38"
"1.90","","-0.90","64","773","1031","","","","0.60","","SW","Небольшая облачность","2025-12-05 07:39"
"1.90","","-1.00","64","773","1031","","","","0.60","","SW","Небольшая облачность","2025-12-05 07:40"
"1.90","","-0.90","64","773","1031","","","","0.40","","SW","Небольшая облачность","2025-12-05 07:41"
"1.90","","-1.60","63","773","1031","","","","1.30","","SW","Небольшая облачность","2025-12-05 07:42"
"1.90","","-1.60","63","773","1031","","","","0.70","","SW","Небольшая облачность","2025-12-05 07:43"
"1.90","","-1.10","63","773","1031","","","","0.70","","SW","Небольшая облачность","2025-12-05 07:44"
"1.90","","-1.10","63","773","1031","","","","0.70","","SW","Небольшая облачность","2025-12-05 07:45"
"1.90","","-1.10","63","773","1031","","","","0.70","","SW","Небольшая облачность","2025-12-05 07:46"
"1.80","","-1.70","63","773","1031","","","","1.40","","SW","Небольшая облачность","2025-12-05 07:47"
"1.90","","-1.90","63","773","1031","","","","1.80","","SW","Небольшая облачность","2025-12-05 07:48"
"1.90","","-1.90","63","773","1031","","","","1.80","","SW","Небольшая облачность","2025-12-05 07:49"
"1.90","","-2.00","63","773","1031","","","","1.10","","SW","Небольшая облачность","2025-12-05 07:50"
"1.90","","-2.00","63","773","1031","","","","1.10","","SW","Небольшая облачность","2025-12-05 07:51"
"1.90","","-1.40","63","772","1030","","","","1.10","","SW","Небольшая облачность","2025-12-05 07:52"
"1.80","","-1.50","63","772","1030","","","","1.80","","SW","Небольшая облачность","2025-12-05 07:53"
"1.80","","-1.50","63","772","1030","","","","1.40","","SW","Небольшая облачность","2025-12-05 07:54"
"1.80","","-1.70","63","772","1030","","","","1.10","","SW","Небольшая облачность","2025-12-05 07:55"
"1.80","","-1.50","63","772","1030","","","","1.10","","SW","Небольшая облачность","2025-12-05 07:56"
"1.80","","-1.90","63","772","1030","","","","1.70","","SW","Небольшая облачность","2025-12-05 07:57"
"1.80","","-1.90","63","772","1030","","","","1.70","","SW","Небольшая облачность","2025-12-05 07:58"
"1.80","","-1.70","63","772","1030","","","","1.30","","SW","Небольшая облачность","2025-12-05 07:59"
"1.80","","-1.40","63","772","1030","","","","0.90","","SW","Небольшая облачность","2025-12-05 08:00"
"1.80","","-1.40","63","772","1030","","","","0.90","","SW","Небольшая облачность","2025-12-05 08:01"
"1.80","","-1.80","63","772","1030","","","","0.60","","SW","Небольшая облачность","2025-12-05 08:02"
"1.80","","-1.20","63","772","1030","","","","1.70","","SW","Небольшая облачность","2025-12-05 08:03"
"1.80","","-1.90","63","772","1030","","","","1.60","","SW","Небольшая облачность","2025-12-05 08:04"
"1.80","","-1.60","63","772","1030","","","","1.20","","SW","Небольшая облачность","2025-12-05 08:05"
"1.80","","-1.60","63","772","1030","","","","1.20","","SW","Небольшая облачность","2025-12-05 08:06"
"1.80","","-1.00","63","772","1030","","","","0.70","","SW","Небольшая облачность","2025-12-05 08:07"
"1.80","","-1.20","63","772","1030","","","","0.50","","SW","Небольшая облачность","2025-12-05 08:08"
"1.80","","-1.20","63","772","1030","","","","0.50","","SW","Небольшая облачность","2025-12-05 08:09"
"1.80","","-1.10","63","772","1030","","","","1.80","","SW","Небольшая облачность","2025-12-05 08:10"
"1.80","","-1.10","63","772","1030","","","","1.80","","SW","Небольшая облачность","2025-12-05 08:11"
"1.80","","-1.20","63","772","1030","","","","0.60","","SW","Небольшая облачность","2025-12-05 08:12"
"1.80","","-1.20","63","772","1030","","","","0.60","","SW","Небольшая облачность","2025-12-05 08:13"
"1.80","","-1.20","63","772","1030","","","","0.60","","SW","Небольшая облачность","2025-12-05 08:14"
"1.70","","-1.60","63","772","1030","","","","1.20","","SW","Небольшая облачность","2025-12-05 08:15"
"1.70","","-1.70","63","772","1030","","","","1.20","","SW","Небольшая облачность","2025-12-05 08:16"
"1.70","","-1.10","63","772","1030","","","","0.40","","SW","Небольшая облачность","2025-12-05 08:17"
"1.70","","-1.10","63","772","1030","","","","0.40","","SW","Небольшая облачность","2025-12-05 08:18"
"1.80","","-1.00","63","772","1030","","","","0.40","","SW","Небольшая облачность","2025-12-05 08:19"
"1.80","","-1.10","63","772","1030","","","","0.50","","SW","Небольшая облачность","2025-12-05 08:20"
"1.80","","-1.00","63","772","1030","","","","0.40","","SW","Небольшая облачность","2025-12-05 08:21"
"1.80","","-1.50","63","772","1030","","","","1.00","","SW","Небольшая облачность","2025-12-05 08:22"
"1.80","","-1.00","63","772","1030","","","","0.40","","SW","Небольшая облачность","2025-12-05 08:23"
"1.80","","-1.00","63","772","1030","","","","0.40","","SW","Небольшая облачность","2025-12-05 08:24"
"1.80","","-1.10","63","772","1030","","","","0.50","","SW","Небольшая облачность","2025-12-05 08:25"
"1.80","","-1.00","64","772","1030","","","","0.40","","SW","Небольшая облачность","2025-12-05 08:26"
"1.80","","-1.10","64","772","1030","","","","0.50","","SW","Небольшая облачность","2025-12-05 08:27"
"1.80","","-2.20","63","772","1030","","","","2.10","","SW","Небольшая облачность","2025-12-05 08:28"
"1.80","","-2.00","63","772","1030","","","","1.80","","SW","Небольшая облачность","2025-12-05 08:29"
"1.80","","-2.00","63","772","1030","","","","1.80","","SW","Небольшая облачность","2025-12-05 08:30"
"1.80","","-1.10","63","772","1030","","","","0.50","","SW","Небольшая облачность","2025-12-05 08:31"
"1.80","","-1.10","63","772","1030","","","","0.50","","SW","Небольшая облачность","2025-12-05 08:32"
"1.90","","-1.00","64","772","1030","","","","0.50","","SW","Небольшая облачность","2025-12-05 08:33"
"1.90","","-1.10","64","772","1030","","","","0.70","","SW","Небольшая облачность","2025-12-05 08:34"
"1.90","","-1.10","64","772","1030","","","","0.50","","SW","Небольшая облачность","2025-12-05 08:35"
"1.80","","-1.10","64","772","1030","","","","0.50","","SW","Небольшая облачность","2025-12-05 08:36"
"1.90","","-1.00","64","772","1030","","","","0.50","","SW","Небольшая облачность","2025-12-05 08:37"
"1.90","","-1.00","64","772","1030","","","","0.70","","SW","Небольшая облачность","2025-12-05 08:38"
"1.90","","-0.60","64","772","1030","","","","0.00","","SW","Небольшая облачность","2025-12-05 08:39"
"1.90","","-0.60","64","772","1030","","","","0.90","","SW","Небольшая облачность","2025-12-05 08:40"
"1.80","","-2.20","63","772","1030","","","","2.00","","SW","Небольшая облачность","2025-12-05 08:41"
"1.80","","-1.80","63","772","1030","","","","1.50","","SW","Небольшая облачность","2025-12-05 08:42"
"1.80","","-1.80","63","772","1030","","","","1.50","","SW","Небольшая облачность","2025-12-05 08:43"
"1.80","","-1.80","63","772","1030","","","","1.50","","SW","Небольшая облачность","2025-12-05 08:44"
"1.80","","-1.60","63","772","1030","","","","1.20","","SW","Небольшая облачность","2025-12-05 08:45"
"1.80","","-1.60","63","772","1030","","","","1.20","","SW","Небольшая облачность","2025-12-05 08:46"
"1.80","","-1.60","63","772","1030","","","","1.10","","SW","Небольшая облачность","2025-12-05 08:47"
"1.80","","-1.50","63","772","1030","","","","1.10","","SW","Небольшая облачность","2025-12-05 08:48"
"1.90","","-0.90","64","772","1030","","","","0.40","","SW","Небольшая облачность","2025-12-05 08:49"
"1.90","","-0.90","64","772","1030","","","","0.40","","SW","Небольшая облачность","2025-12-05 08:50"
"1.90","","-0.90","64","772","1030","","","","0.40","","SW","Небольшая облачность","2025-12-05 08:51"
"1.90","","-0.90","64","772","1030","","","","0.40","","SW","Небольшая облачность","2025-12-05 08:52"
"1.90","","-0.60","64","772","1030","","","","0.00","","SW","Небольшая облачность","2025-12-05 08:53"
"1.90","","-0.60","64","772","1030","","","","0.00","","SW","Небольшая облачность","2025-12-05 08:54"
"1.90","","-0.60","64","772","1030","","","","0.00","","SW","Небольшая облачность","2025-12-05 08:55"
"1.90","","-0.60","64","772","1030","","","","0.00","","SW","Небольшая облачность","2025-12-05 08:56"
"2.00","","-0.50","64","772","1030","","","","0.00","","SW","Небольшая облачность","2025-12-05 08:57"
"2.00","","-0.50","64","772","1030","","","","0.00","","SW","Небольшая облачность","2025-12-05 08:58"
"2.00","","-0.50","64","772","1030","","","","0.00","","SW","Небольшая облачность","2025-12-05 08:59"
"2.00","","-0.50","64","772","1030","","","","0.00","","SW","Небольшая облачность","2025-12-05 09:00"
"2.00","","-0.50","64","772","1030","","","","0.00","","SW","Небольшая облачность","2025-12-05 09:01"
"2.00","","-0.50","64","772","1030","","","","0.00","","SW","Небольшая облачность","2025-12-05 09:02"
"2.00","","-0.50","64","772","1030","","","","0.00","","SW","Небольшая облачность","2025-12-05 09:03"
"2.00","","-0.50","64","772","1030","","","","0.50","","SW","Небольшая облачность","2025-12-05 09:04"
"2.00","","-0.90","64","772","1030","","","","0.50","","SW","Небольшая облачность","2025-12-05 09:05"
"2.00","","-0.90","64","772","1030","","","","0.50","","SW","Небольшая облачность","2025-12-05 09:06"
"2.00","","-0.50","64","771","1029","","","","0.00","","SW","Небольшая облачность","2025-12-05 09:07"
"2.10","","-0.40","64","771","1029","","","","0.00","","SW","Небольшая облачность","2025-12-05 09:08"
"2.10","","-0.40","64","771","1029","","","","0.00","","SW","Небольшая облачность","2025-12-05 09:09"
"2.10","","-0.40","64","771","1029","","","","0.50","","SW","Небольшая облачность","2025-12-05 09:10"
"2.10","","-0.70","64","771","1029","","","","0.50","","SW","Небольшая облачность","2025-12-05 09:11"
"2.10","","-0.70","64","771","1029","","","","0.50","","SW","Небольшая облачность","2025-12-05 09:12"
"2.10","","-0.40","64","771","1029","","","","0.00","","SW","Небольшая облачность","2025-12-05 09:13"
"2.10","","-0.40","64","771","1029","","","","1.50","","SW","Небольшая облачность","2025-12-05 09:14"
"2.10","","-0.40","64","771","1029","","","","1.50","","SW","Небольшая облачность","2025-12-05 09:15"
"2.10","","-0.40","64","771","1029","","","","1.80","","SW","Небольшая облачность","2025-12-05 09:16"
"2.10","","-0.40","64","771","1029","","","","1.80","","SW","Небольшая облачность","2025-12-05 09:17"
"2.00","","-1.80","63","771","1029","","","","1.60","","SW","Небольшая облачность","2025-12-05 09:18"
"2.00","","-1.80","63","771","1029","","","","1.60","","SW","Небольшая облачность","2025-12-05 09:19"
"2.00","","-1.50","63","771","1029","","","","1.40","","SW","Небольшая облачность","2025-12-05 09:20"
"2.00","","-1.40","63","771","1029","","","","1.20","","SW","Небольшая облачность","2025-12-05 09:21"
"2.00","","-1.40","63","771","1029","","","","1.20","","SW","Небольшая облачность","2025-12-05 09:22"
"2.00","","-1.40","63","771","1029","","","","1.30","","SW","Небольшая облачность","2025-12-05 09:23"
"2.00","","-1.30","63","771","1029","","","","1.10","","SW","Небольшая облачность","2025-12-05 09:24"
"2.00","","-1.20","63","771","1029","","","","0.50","","SW","Небольшая облачность","2025-12-05 09:25"
"2.10","","-0.80","63","771","1029","","","","0.50","","SW","Небольшая облачность","2025-12-05 09:26"
"2.10","","-0.70","63","771","1029","","","","0.40","","SW","Небольшая облачность","2025-12-05 09:27"
"2.10","","-0.70","63","771","1029","","","","0.40","","SW","Небольшая облачность","2025-12-05 09:28"
"2.10","","-0.40","63","771","1029","","","","0.00","","SW","Небольшая облачность","2025-12-05 09:29"
"2.10","","-1.10","63","771","1029","","","","0.90","","SW","Небольшая облачность","2025-12-05 09:30"
"2.10","","-0.40","63","771","1029","","","","0.00","","SW","Небольшая облачность","2025-12-05 09:31"
"2.00","","-0.50","63","771","1029","","","","0.60","","SW","Небольшая облачность","2025-12-05 09:32"
"2.10","","-0.80","63","771","1029","","","","0.60","","SW","Небольшая облачность","2025-12-05 09:33"
"2.10","","-0.70","63","771","1029","","","","0.00","","SW","Небольшая облачность","2025-12-05 09:34"
"2.10","","-0.40","63","771","1029","","","","0.00","","SW","Небольшая облачность","2025-12-05 09:35"
"2.10","","-0.40","63","772","1030","","","","0.00","","SW","Небольшая облачность","2025-12-05 09:36"
"2.10","","-0.80","63","772","1030","","","","0.50","","SW","Небольшая облачность","2025-12-05 09:37"
"2.10","","-0.80","63","772","1030","","","","0.50","","SW","Небольшая облачность","2025-12-05 09:38"
"2.10","","-0.80","63","772","1030","","","","0.40","","SW","Небольшая облачность","2025-12-05 09:39"
"2.10","","-0.70","63","772","1030","","","","0.40","","SW","Небольшая облачность","2025-12-05 09:40"
"2.10","","-0.40","63","772","1030","","","","0.00","","SW","Небольшая облачность","2025-12-05 09:41"
"2.10","","-0.40","63","772","1030","","","","0.00","","SW","Небольшая облачность","2025-12-05 09:42"
"2.10","","-0.80","63","772","1030","","","","0.60","","SW","Небольшая облачность","2025-12-05 09:43"
"2.10","","-0.80","63","772","1030","","","","0.60","","SW","Небольшая облачность","2025-12-05 09:44"
"2.10","","-0.70","63","772","1030","","","","0.40","","SW","Небольшая облачность","2025-12-05 09:45"
"2.10","","-0.70","63","772","1030","","","","0.40","","SW","Небольшая облачность","2025-12-05 09:46"
"2.10","","-1.30","63","772","1030","","","","1.40","","SW","Небольшая облачность","2025-12-05 09:47"
"2.10","","-1.30","63","772","1030","","","","1.40","","SW","Небольшая облачность","2025-12-05 09:48"
"2.10","","-0.90","63","772","1030","","","","0.70","","SW","Небольшая облачность","2025-12-05 09:49"
"2.10","","-0.80","63","772","1030","","","","0.60","","SW","Небольшая облачность","2025-12-05 09:50"
"2.10","","-0.70","63","771","1029","","","","0.40","","SW","Небольшая облачность","2025-12-05 09:51"
"2.10","","-0.40","63","771","1029","","","","0.00","","SW","Небольшая облачность","2025-12-05 09:52"
"2.10","","-0.40","63","771","1029","","","","0.50","","SW","Небольшая облачность","2025-12-05 09:53"
"2.10","","-0.40","63","771","1029","","","","0.50","","SW","Небольшая облачность","2025-12-05 09:54"
"2.20","","-0.90","63","771","1029","","","","1.00","","SW","Небольшая облачность","2025-12-05 09:55"
"2.20","","-0.70","63","771","1029","","","","0.50","","SW","Небольшая облачность","2025-12-05 09:56"
"2.20","","-0.70","63","771","1029","","","","0.50","","SW","Небольшая облачность","2025-12-05 09:57"
"2.20","","-0.30","63","771","1029","","","","0.40","","SW","Небольшая облачность","2025-12-05 09:58"
"2.20","","-0.60","63","771","1029","","","","1.00","","SW","Небольшая облачность","2025-12-05 09:59"
"2.20","","-0.60","63","771","1029","","","","1.00","","SW","Небольшая облачность","2025-12-05 10:00"
"2.20","","-0.80","63","771","1029","","","","0.70","","SW","Небольшая облачность","2025-12-05 10:01"
"2.20","","-0.80","63","771","1029","","","","0.70","","SW","Небольшая облачность","2025-12-05 10:02"
"2.20","","-0.80","63","771","1029","","","","0.70","","SW","Небольшая облачность","2025-12-05 10:03"
"2.20","","-0.80","63","771","1029","","","","0.70","","SW","Небольшая облачность","2025-12-05 10:04"
"2.20","","-1.60","63","771","1029","","","","1.10","","SW","Небольшая облачность","2025-12-05 10:05"
"2.20","","-1.10","62","773","1031","","","","1.10","","SW","Небольшая облачность","2025-12-05 10:06"
"2.20","","-1.10","62","773","1031","","","","1.10","","SW","Небольшая облачность","2025-12-05 10:07"
"2.20","","-1.10","62","773","1031","","","","1.00","","SW","Небольшая облачность","2025-12-05 10:08"
"2.20","","-0.30","62","773","1031","","","","1.70","","SW","Небольшая облачность","2025-12-05 10:09"
"2.20","","-1.50","62","773","1031","","","","1.20","","SW","Небольшая облачность","2025-12-05 10:10"
"2.20","","-1.20","62","773","1031","","","","1.20","","SW","Небольшая облачность","2025-12-05 10:11"
"2.20","","-1.20","62","773","1031","","","","1.40","","SW","Небольшая облачность","2025-12-05 10:12"
"2.20","","-1.20","62","773","1031","","","","1.40","","SW","Небольшая облачность","2025-12-05 10:13"
"2.10","","-1.50","62","773","1031","","","","1.20","","SW","Небольшая облачность","2025-12-05 10:14"
"2.10","","-1.30","62","773","1031","","","","1.20","","SW","Небольшая облачность","2025-12-05 10:15"
"2.10","","-1.30","62","773","1031","","","","1.20","","SW","Небольшая облачность","2025-12-05 10:16"
"2.10","","-1.10","62","773","1031","","","","0.90","","SW","Небольшая облачность","2025-12-05 10:17"
"2.20","","-0.80","62","773","1031","","","","0.60","","SW","Небольшая облачность","2025-12-05 10:18"
"2.20","","-0.80","62","773","1031","","","","0.90","","SW","Небольшая облачность","2025-12-05 10:19"
"2.10","","-1.10","61","773","1031","","","","1.10","","SW","Небольшая облачность","2025-12-05 10:20"
"2.10","","-1.20","61","772","1030","","","","1.00","","SW","Небольшая облачность","2025-12-05 10:21"
"2.10","","-1.20","61","772","1030","","","","1.00","","SW","Небольшая облачность","2025-12-05 10:22"
"2.10","","-1.90","61","772","1030","","","","2.00","","SW","Небольшая облачность","2025-12-05 10:23"
"2.20","","-1.20","61","772","1030","","","","1.20","","SW","Небольшая облачность","2025-12-05 10:24"
"2.20","","-1.10","61","772","1030","","","","1.00","","SW","Небольшая облачность","2025-12-05 10:25"
"2.20","","-1.00","61","772","1030","","","","0.90","","SW","Небольшая облачность","2025-12-05 10:26"
"2.20","","-1.00","61","772","1030","","","","0.40","","SW","Небольшая облачность","2025-12-05 10:27"
"2.20","","-0.60","61","772","1030","","","","0.40","","SW","Небольшая облачность","2025-12-05 10:28"
"2.20","","-0.60","61","772","1030","","","","0.40","","SW","Небольшая облачность","2025-12-05 10:29"
"2.20","","-1.30","61","772","1030","","","","1.40","","SW","Небольшая облачность","2025-12-05 10:30"
"2.20","","-1.20","61","772","1030","","","","0.50","","SW","Небольшая облачность","2025-12-05 10:31"
"2.20","","-0.70","61","772","1030","","","","0.50","","SW","Небольшая облачность","2025-12-05 10:32"
"2.20","","-0.70","61","772","1030","","","","0.50","","SW","Небольшая облачность","2025-12-05 10:33"
"2.20","","-0.70","60","772","1030","","","","0.40","","SW","Небольшая облачность","2025-12-05 10:34"
"2.20","","-0.70","60","772","1030","","","","0.40","","SW","Небольшая облачность","2025-12-05 10:35"
"2.20","","-1.70","60","772","1030","","","","1.90","","SW","Небольшая облачность","2025-12-05 10:36"
"2.20","","-0.90","60","772","1030","","","","0.70","","SW","Небольшая облачность","2025-12-05 10:37"
"2.20","","-0.90","60","772","1030","","","","0.00","","SW","Небольшая облачность","2025-12-05 10:38"
"2.20","","-0.40","60","772","1030","","","","0.00","","SW","Небольшая облачность","2025-12-05 10:39"
"2.20","","-0.40","59","772","1030","","","","1.40","","SW","Небольшая облачность","2025-12-05 10:40"
"2.20","","-1.40","59","772","1030","","","","1.40","","SW","Небольшая облачность","2025-12-05 10:41"
"2.20","","-1.20","59","772","1030","","","","1.10","","SW","Небольшая облачность","2025-12-05 10:42"
"2.20","","-1.20","59","772","1030","","","","1.80","","SW","Небольшая облачность","2025-12-05 10:43"
"2.20","","-1.30","59","772","1030","","","","0.90","","SW","Небольшая облачность","2025-12-05 10:44"
"2.20","","-1.00","59","772","1030","","","","0.90","","SW","Небольшая облачность","2025-12-05 10:45"
"2.20","","-1.00","59","772","1030","","","","0.60","","SW","Небольшая облачность","2025-12-05 10:46"
"2.20","","-0.80","58","772","1030","","","","0.60","","SW","Небольшая облачность","2025-12-05 10:47"
"2.20","","-0.80","58","772","1030","","","","2.00","","SW","Небольшая облачность","2025-12-05 10:48"
"2.20","","-0.80","58","772","1030","","","","2.00","","SW","Небольшая облачность","2025-12-05 10:49"
"2.20","","-1.20","58","772","1030","","","","0.70","","SW","Небольшая облачность","2025-12-05 10:50"
"2.20","","-0.90","58","772","1030","","","","0.70","","SW","Небольшая облачность","2025-12-05 10:51"
"2.20","","-0.90","58","772","1030","","","","0.90","","SW","Небольшая облачность","2025-12-05 10:52"
"2.30","","-1.00","58","772","1030","","","","0.90","","SW","Небольшая облачность","2025-12-05 10:53"
"2.30","","-1.00","58","772","1030","","","","0.50","","SW","Небольшая облачность","2025-12-05 10:54"
"2.30","","-0.70","58","772","1030","","","","0.40","","SW","Небольшая облачность","2025-12-05 10:55"
"2.30","","-0.60","58","772","1030","","","","0.00","","SW","Небольшая облачность","2025-12-05 10:56"
"2.30","","-0.60","58","772","1030","","","","0.00","","SW","Небольшая облачность","2025-12-05 10:57"
"2.30","","-0.30","57","772","1030","","","","0.00","","SW","Небольшая облачность","2025-12-05 10:58"
"2.30","","-0.30","57","772","1030","","","","0.00","","SW","Небольшая облачность","2025-12-05 10:59"
"2.30","","-0.30","57","772","1030","","","","0.70","","SW","Небольшая облачность","2025-12-05 11:00"
"2.30","","-0.30","57","772","1030","","","","0.70","","SW","Небольшая облачность","2025-12-05 11:01"
"2.30","","-0.80","57","772","1030","","","","0.70","","SW","Небольшая облачность","2025-12-05 11:02"
"2.30","","-0.80","57","772","1030","","","","0.70","","SW","Небольшая облачность","2025-12-05 11:03"
"2.30","","-1.50","57","772","1030","","","","1.60","","SW","Небольшая облачность","2025-12-05 11:04"
"2.30","","-1.50","56","772","1030","","","","1.60","","WSW","Небольшая облачность","2025-12-05 11:05"
"2.30","","-1.60","56","772","1030","","","","1.80","","WSW","Облачно","2025-12-05 11:06"
"2.30","","-1.60","56","772","1030","","","","1.00","","WSW","Облачно","2025-12-05 11:07"
"2.30","","-1.60","56","772","1030","","","","1.00","","WSW","Облачно","2025-12-05 11:08"
"2.30","","-0.90","56","772","1030","","","","0.50","","WSW","Облачно","2025-12-05 11:09"
"2.30","","-0.70","56","772","1030","","","","0.50","","WSW","Облачно","2025-12-05 11:10"
"2.30","","-0.70","56","772","1030","","","","1.50","","WSW","Облачно","2025-12-05 11:11"
"2.30","","-2.40","56","772","1030","","","","1.40","","WSW","Облачно","2025-12-05 11:12"
"2.30","","-2.40","56","772","1030","","","","1.40","","WSW","Облачно","2025-12-05 11:13"
"2.30","","-1.40","55","772","1030","","","","1.80","","WSW","Облачно","2025-12-05 11:14"
"2.30","","-1.90","55","772","1030","","","","2.10","","WSW","Облачно","2025-12-05 11:15"
"2.30","","-1.90","55","772","1030","","","","0.60","","WSW","Облачно","2025-12-05 11:16"
"2.30","","-1.90","55","772","1030","","","","1.10","","WSW","Облачно","2025-12-05 11:17"
"2.30","","-1.90","55","772","1030","","","","1.10","","WSW","Облачно","2025-12-05 11:18"
"2.30","","-1.90","55","772","1030","","","","1.10","","WSW","Облачно","2025-12-05 11:19"
"2.30","","-1.20","55","772","1030","","","","1.10","","WSW","Облачно","2025-12-05 11:20"
"2.30","","-1.10","55","772","1030","","","","1.00","","WSW","Облачно","2025-12-05 11:21"
"2.30","","-1.10","55","772","1030","","","","1.00","","WSW","Облачно","2025-12-05 11:22"
"2.30","","-1.10","55","772","1030","","","","2.70","","WSW","Облачно","2025-12-05 11:23"
"2.30","","-1.10","55","772","1030","","","","2.70","","WSW","Облачно","2025-12-05 11:24"
"2.30","","-1.10","55","772","1030","","","","1.50","","WSW","Облачно","2025-12-05 11:25"
"2.30","","-1.50","54","772","1030","","","","1.50","","WSW","Облачно","2025-12-05 11:26"
"2.30","","-1.50","54","772","1030","","","","1.50","","WSW","Облачно","2025-12-05 11:27"
"2.30","","-0.80","54","772","1030","","","","0.60","","WSW","Облачно","2025-12-05 11:28"
"2.30","","-1.50","54","772","1030","","","","1.50","","WSW","Облачно","2025-12-05 11:29"
"2.30","","-1.50","54","772","1030","","","","1.00","","WSW","Облачно","2025-12-05 11:30"
"2.30","","-1.10","54","772","1030","","","","1.00","","WSW","Облачно","2025-12-05 11:31"
"2.30","","-1.00","54","772","1030","","","","0.90","","WSW","Облачно","2025-12-05 11:32"
"2.30","","-1.00","54","772","1030","","","","0.50","","WSW","Облачно","2025-12-05 11:33"
"2.30","","-1.00","54","772","1030","","","","0.50","","WSW","Облачно","2025-12-05 11:34"
"2.30","","-1.50","54","772","1030","","","","1.50","","WSW","Облачно","2025-12-05 11:35"
"2.30","","-2.10","54","772","1030","","","","2.40","","WSW","Облачно","2025-12-05 11:36"
"2.30","","-2.10","54","772","1030","","","","2.80","","WSW","Облачно","2025-12-05 11:37"
"2.30","","-2.10","54","772","1030","","","","2.80","","WSW","Облачно","2025-12-05 11:38"
"2.30","","-1.40","54","772","1030","","","","1.40","","WSW","Облачно","2025-12-05 11:39"
"2.30","","-1.40","54","772","1030","","","","0.90","","WSW","Облачно","2025-12-05 11:40"
"2.30","","-1.10","53","772","1030","","","","1.50","","WSW","Облачно","2025-12-05 11:41"
"2.30","","-1.50","53","772","1030","","","","1.50","","WSW","Облачно","2025-12-05 11:42"
"2.30","","-1.50","53","772","1030","","","","1.50","","WSW","Облачно","2025-12-05 11:43"
"2.30","","-1.30","53","772","1030","","","","1.30","","WSW","Облачно","2025-12-05 11:44"
"2.30","","-1.50","53","772","1030","","","","1.50","","WSW","Облачно","2025-12-05 11:45"
"2.30","","-1.50","53","772","1030","","","","1.50","","WSW","Облачно","2025-12-05 11:46"
"2.30","","-1.30","53","772","1030","","","","1.30","","WSW","Облачно","2025-12-05 11:47"
"2.30","","-0.90","53","772","1030","","","","0.70","","WSW","Облачно","2025-12-05 11:48"
"2.30","","-1.30","53","772","1030","","","","1.20","","WSW","Облачно","2025-12-05 11:49"
"2.40","","-1.20","53","772","1030","","","","1.30","","WSW","Облачно","2025-12-05 11:50"
"2.40","","-0.80","53","771","1029","","","","0.60","","WSW","Облачно","2025-12-05 11:51"
"2.40","","-0.80","53","771","1029","","","","0.60","","WSW","Облачно","2025-12-05 11:52"
"2.40","","-0.80","53","771","1029","","","","0.60","","WSW","Облачно","2025-12-05 11:53"
"2.40","","-0.80","53","771","1029","","","","1.70","","WSW","Облачно","2025-12-05 11:54"
"2.40","","-1.50","53","771","1029","","","","1.70","","WSW","Облачно","2025-12-05 11:55"
"2.40","","-1.00","53","771","1029","","","","0.90","","WSW","Облачно","2025-12-05 11:56"
"2.40","","-1.00","53","771","1029","","","","1.60","","WSW","Облачно","2025-12-05 11:57"
"2.40","","-1.50","53","771","1029","","","","0.70","","WSW","Облачно","2025-12-05 11:58"
"2.40","","-1.50","53","771","1029","","","","0.70","","WSW","Облачно","2025-12-05 11:59"
"2.40","","-1.10","52","771","1029","","","","1.00","","WSW","Облачно","2025-12-05 12:00"
"2.40","","-1.10","52","771","1029","","","","1.00","","WSW","Облачно","2025-12-05 12:01"
"2.40","","-0.80","52","771","1029","","","","0.70","","WSW","Облачно","2025-12-05 12:02"
"2.40","","-0.80","52","771","1029","","","","0.60","","WSW","Облачно","2025-12-05 12:03"
"2.40","","-0.80","52","771","1029","","","","0.70","","WSW","Облачно","2025-12-05 12:04"
"2.40","","-0.80","52","771","1029","","","","0.70","","WSW","Облачно","2025-12-05 12:05"
"2.50","","-0.50","52","772","1030","","","","0.40","","WSW","Облачно","2025-12-05 12:06"
"2.50","","-0.90","52","772","1030","","","","0.90","","WSW","Облачно","2025-12-05 12:07"
"2.50","","-0.90","52","772","1030","","","","0.90","","WSW","Облачно","2025-12-05 12:08"
"2.50","","-0.60","52","772","1030","","","","0.50","","WSW","Облачно","2025-12-05 12:09"
"2.50","","-1.10","52","772","1030","","","","1.20","","WSW","Облачно","2025-12-05 12:10"
"2.50","","-1.10","52","772","1030","","","","1.50","","WSW","Облачно","2025-12-05 12:11"
"2.50","","-1.30","52","772","1030","","","","1.60","","WSW","Облачно","2025-12-05 12:12"
"2.50","","-1.30","52","772","1030","","","","1.60","","WSW","Облачно","2025-12-05 12:13"
"2.50","","-0.30","51","772","1030","","","","0.00","","WSW","Облачно","2025-12-05 12:14"
"2.50","","-0.30","51","772","1030","","","","0.00","","WSW","Облачно","2025-12-05 12:15"
"2.50","","-0.30","51","772","1030","","","","0.00","","WSW","Облачно","2025-12-05 12:16"
"2.50","","-1.30","51","772","1030","","","","1.50","","WSW","Облачно","2025-12-05 12:17"
"2.50","","-1.50","51","772","1030","","","","1.70","","WSW","Облачно","2025-12-05 12:18"
"2.50","","-1.50","51","772","1030","","","","1.20","","WSW","Облачно","2025-12-05 12:19"
"2.50","","-1.30","51","772","1030","","","","1.50","","WSW","Облачно","2025-12-05 12:20"
"2.50","","-1.30","51","771","1029","","","","1.50","","WSW","Облачно","2025-12-05 12:21"
"2.40","","-1.40","51","771","1029","","","","1.50","","WSW","Облачно","2025-12-05 12:22"
"2.40","","-1.40","51","771","1029","","","","2.40","","WSW","Облачно","2025-12-05 12:23"
"2.50","","-1.40","51","771","1029","","","","1.60","","WSW","Облачно","2025-12-05 12:24"
"2.50","","-1.40","51","771","1029","","","","1.60","","WSW","Облачно","2025-12-05 12:25"
"2.50","","-1.40","51","771","1029","","","","1.60","","WSW","Облачно","2025-12-05 12:26"
"2.50","","-1.40","51","771","1029","","","","1.40","","WSW","Облачно","2025-12-05 12:27"
"2.40","","-1.40","51","771","1029","","","","1.20","","WSW","Облачно","2025-12-05 12:28"
"2.40","","-1.30","51","771","1029","","","","1.30","","WSW","Облачно","2025-12-05 12:29"
"2.40","","-1.20","51","771","1029","","","","1.20","","WSW","Облачно","2025-12-05 12:30"
"2.40","","-1.20","51","771","1029","","","","1.60","","WSW","Облачно","2025-12-05 12:31"
"2.40","","-1.70","51","771","1029","","","","1.90","","WSW","Облачно","2025-12-05 12:32"
"2.40","","-1.70","51","771","1029","","","","1.50","","WSW","Облачно","2025-12-05 12:33"
"2.40","","-1.70","51","771","1029","","","","1.50","","WSW","Облачно","2025-12-05 12:34"
"2.40","","-1.10","51","771","1029","","","","1.20","","WSW","Облачно","2025-12-05 12:35"
"2.40","","-1.10","51","771","1029","","","","1.20","","WSW","Облачно","2025-12-05 12:36"
"2.40","","-1.40","51","771","1029","","","","1.50","","WSW","Облачно","2025-12-05 12:37"
"2.40","","-1.40","51","771","1029","","","","1.40","","WSW","Облачно","2025-12-05 12:38"
"2.40","","-1.20","51","771","1029","","","","1.20","","WSW","Облачно","2025-12-05 12:39"
"2.40","","-1.20","51","771","1029","","","","1.20","","WSW","Облачно","2025-12-05 12:40"
"2.40","","-1.20","51","771","1029","","","","1.20","","WSW","Облачно","2025-12-05 12:41"
"2.40","","-1.10","51","771","1029","","","","1.00","","WSW","Облачно","2025-12-05 12:42"
"2.40","","-1.10","51","771","1029","","","","1.00","","WSW","Облачно","2025-12-05 12:43"
"2.40","","-1.00","51","771","1029","","","","0.90","","WSW","Облачно","2025-12-05 12:44"
"2.40","","-0.70","51","771","1029","","","","0.40","","WSW","Облачно","2025-12-05 12:45"
"2.40","","-0.70","51","771","1029","","","","0.40","","WSW","Облачно","2025-12-05 12:46"
"2.40","","-1.30","51","771","1029","","","","1.30","","WSW","Облачно","2025-12-05 12:47"
"2.40","","-1.10","51","771","1029","","","","1.00","","WSW","Облачно","2025-12-05 12:48"
"2.30","","-0.80","51","771","1029","","","","0.40","","WSW","Облачно","2025-12-05 12:49"
"2.30","","-0.80","51","771","1029","","","","1.50","","WSW","Облачно","2025-12-05 12:50"
"2.30","","-1.20","51","771","1029","","","","1.00","","WSW","Облачно","2025-12-05 12:51"
"2.30","","-1.20","50","771","1029","","","","1.00","","WSW","Облачно","2025-12-05 12:52"
"2.30","","-1.20","50","771","1029","","","","0.50","","WSW","Облачно","2025-12-05 12:53"
"2.30","","-1.10","50","771","1029","","","","0.90","","WSW","Облачно","2025-12-05 12:54"
"2.30","","-1.20","50","771","1029","","","","1.00","","WSW","Облачно","2025-12-05 12:55"
"2.30","","-0.90","50","771","1029","","","","0.50","","WSW","Облачно","2025-12-05 12:56"
"2.30","","-1.40","50","771","1029","","","","1.20","","WSW","Облачно","2025-12-05 12:57"
"2.30","","-1.40","50","771","1029","","","","1.10","","WSW","Облачно","2025-12-05 12:58"
"2.40","","-0.70","51","771","1029","","","","0.40","","WSW","Облачно","2025-12-05 12:59"
"2.30","","-0.80","50","771","1029","","","","0.40","","WSW","Облачно","2025-12-05 13:00"
"2.30","","-0.80","50","771","1029","","","","0.40","","WSW","Облачно","2025-12-05 13:01"
"2.30","","-0.50","50","771","1029","","","","0.00","","WSW","Облачно","2025-12-05 13:02"
"2.30","","-0.50","50","771","1029","","","","0.00","","WSW","Облачно","2025-12-05 13:03"
"2.30","","-0.50","50","771","1029","","","","0.00","","WSW","Облачно","2025-12-05 13:04"
"2.30","","-0.50","50","771","1029","","","","0.00","","WSW","Облачно","2025-12-05 13:05"
"2.30","","-0.50","50","771","1029","","","","0.00","","WSW","Облачно","2025-12-05 13:06"
"2.30","","-1.10","50","772","1030","","","","0.90","","WSW","Облачно","2025-12-05 13:07"
"2.30","","-1.30","50","772","1030","","","","1.10","","WSW","Облачно","2025-12-05 13:08"
"2.30","","-1.10","50","772","1030","","","","0.90","","WSW","Облачно","2025-12-05 13:09"
"2.30","","-0.90","50","772","1030","","","","0.60","","WSW","Облачно","2025-12-05 13:10"
"2.30","","-0.90","50","772","1030","","","","0.50","","WSW","Облачно","2025-12-05 13:11"
"2.30","","-0.90","50","772","1030","","","","0.60","","WSW","Облачно","2025-12-05 13:12"
"2.30","","-0.90","50","772","1030","","","","1.00","","WSW","Облачно","2025-12-05 13:13"
"2.30","","-1.20","50","772","1030","","","","1.00","","WSW","Облачно","2025-12-05 13:14"
"2.30","","-1.20","50","772","1030","","","","0.70","","WSW","Облачно","2025-12-05 13:15"
"2.30","","-0.90","50","772","1030","","","","0.60","","WSW","Облачно","2025-12-05 13:16"
"2.30","","-0.90","50","772","1030","","","","0.60","","WSW","Облачно","2025-12-05 13:17"
"2.30","","-1.10","50","772","1030","","","","0.60","","WSW","Облачно","2025-12-05 13:18"
"2.30","","-1.20","50","772","1030","","","","1.00","","WSW","Облачно","2025-12-05 13:19"
"2.30","","-0.90","50","772","1030","","","","0.50","","WSW","Облачно","2025-12-05 13:20"
"2.30","","-0.90","50","772","1030","","","","0.00","","WSW","Облачно","2025-12-05 13:21"
"2.30","","-0.80","50","772","1030","","","","0.40","","WSW","Облачно","2025-12-05 13:22"
"2.30","","-0.90","50","772","1030","","","","0.40","","WSW","Облачно","2025-12-05 13:23"
"2.30","","-0.90","50","772","1030","","","","0.40","","WSW","Облачно","2025-12-05 13:24"
"2.30","","-0.90","50","772","1030","","","","0.00","","WSW","Облачно","2025-12-05 13:25"
"2.30","","-0.90","50","772","1030","","","","0.00","","WSW","Облачно","2025-12-05 13:26"
"2.30","","-0.50","50","772","1030","","","","0.00","","WSW","Облачно","2025-12-05 13:27"
"2.30","","-0.50","50","772","1030","","","","0.00","","WSW","Облачно","2025-12-05 13:28"
"2.30","","-0.50","50","772","1030","","","","0.00","","WSW","Облачно","2025-12-05 13:29"
"2.30","","-0.90","50","772","1030","","","","0.60","","WSW","Облачно","2025-12-05 13:30"
"2.30","","-0.90","50","772","1030","","","","0.70","","WSW","Облачно","2025-12-05 13:31"
"2.30","","-0.80","50","772","1030","","","","0.40","","WSW","Облачно","2025-12-05 13:32"
"2.30","","-0.80","50","772","1030","","","","0.40","","WSW","Облачно","2025-12-05 13:33"
"2.30","","-0.80","50","772","1030","","","","0.40","","WSW","Облачно","2025-12-05 13:34"
"2.30","","-0.50","50","772","1030","","","","0.00","","WSW","Облачно","2025-12-05 13:35"
"2.30","","-0.50","50","772","1030","","","","0.00","","WSW","Облачно","2025-12-05 13:36"
"2.40","","-0.40","50","772","1030","","","","0.00","","WSW","Облачно","2025-12-05 13:37"
"2.40","","-0.40","50","772","1030","","","","0.00","","WSW","Облачно","2025-12-05 13:38"
"2.40","","-0.40","50","772","1030","","","","0.00","","WSW","Облачно","2025-12-05 13:39"
"2.40","","-0.40","50","772","1030","","","","0.00","","WSW","Облачно","2025-12-05 13:40"
"2.40","","-0.40","50","772","1030","","","","0.00","","WSW","Облачно","2025-12-05 13:41"
"2.40","","-0.70","50","772","1030","","","","0.40","","WSW","Облачно","2025-12-05 13:42"
"2.50","","-0.60","50","772","1030","","","","0.40","","WSW","Облачно","2025-12-05 13:43"
"2.50","","-0.60","50","772","1030","","","","0.40","","WSW","Облачно","2025-12-05 13:44"
"2.40","","-0.40","50","772","1030","","","","0.00","","WSW","Облачно","2025-12-05 13:45"
"2.40","","-0.40","50","772","1030","","","","0.00","","WSW","Облачно","2025-12-05 13:46"
"2.40","","-0.40","50","772","1030","","","","0.00","","WSW","Облачно","2025-12-05 13:47"
"2.40","","-0.40","50","772","1030","","","","0.00","","WSW","Облачно","2025-12-05 13:48"
"2.40","","-0.40","50","772","1030","","","","0.00","","WSW","Облачно","2025-12-05 13:49"
"2.40","","-0.40","50","772","1030","","","","0.00","","WSW","Облачно","2025-12-05 13:50"
"2.40","","-0.40","50","772","1030","","","","0.00","","WSW","Облачно","2025-12-05 13:51"
"2.40","","-0.40","50","772","1030","","","","0.00","","WSW","Облачно","2025-12-05 13:52"
"2.40","","-0.40","50","772","1030","","","","0.40","","WSW","Облачно","2025-12-05 13:53"
"2.40","","-0.40","50","772","1030","","","","0.00","","WSW","Облачно","2025-12-05 13:54"
"2.40","","-0.40","50","772","1030","","","","0.00","","WSW","Облачно","2025-12-05 13:55"
"2.40","","-0.40","50","772","1030","","","","0.00","","WSW","Облачно","2025-12-05 13:56"
"2.40","","-0.40","50","772","1030","","","","0.00","","WSW","Облачно","2025-12-05 13:57"
"2.40","","-0.40","50","772","1030","","","","0.00","","WSW","Облачно","2025-12-05 13:58"
"2.40","","-0.70","50","772","1030","","","","0.40","","WSW","Облачно","2025-12-05 13:59"
"2.40","","-0.70","50","772","1030","","","","0.40","","WSW","Облачно","2025-12-05 14:00"
"2.40","","-0.80","50","772","1030","","","","0.60","","WSW","Облачно","2025-12-05 14:01"
"2.40","","-0.80","50","772","1030","","","","0.60","","WSW","Облачно","2025-12-05 14:02"
"2.40","","-0.80","50","772","1030","","","","0.60","","WSW","Облачно","2025-12-05 14:03"
"2.40","","-0.80","50","772","1030","","","","0.60","","WSW","Облачно","2025-12-05 14:04"
"2.40","","-0.40","50","772","1030","","","","0.00","","WSW","Облачно","2025-12-05 14:05"
"2.40","","-0.40","50","772","1030","","","","0.50","","WSW","Облачно","2025-12-05 14:06"
"2.40","","-0.70","50","772","1030","","","","0.40","","WSW","Облачно","2025-12-05 14:07"
"2.40","","-0.70","50","772","1030","","","","0.40","","WSW","Облачно","2025-12-05 14:08"
"2.40","","-0.80","50","772","1030","","","","0.50","","WSW","Облачно","2025-12-05 14:09"
"2.40","","-0.40","50","772","1030","","","","0.00","","WSW","Облачно","2025-12-05 14:10"
"2.40","","-0.80","50","772","1030","","","","0.50","","WSW","Облачно","2025-12-05 14:11"
"2.40","","-0.40","50","772","1030","","","","0.00","","WSW","Облачно","2025-12-05 14:12"
"2.40","","-0.40","50","772","1030","","","","0.00","","WSW","Облачно","2025-12-05 14:13"
"2.40","","-0.70","50","772","1030","","","","0.40","","WSW","Облачно","2025-12-05 14:14"
"2.40","","-0.40","50","772","1030","","","","0.00","","WSW","Облачно","2025-12-05 14:15"
"2.40","","-0.40","50","772","1030","","","","0.00","","WSW","Облачно","2025-12-05 14:16"
"2.40","","-0.70","50","772","1030","","","","0.40","","WSW","Облачно","2025-12-05 14:17"
"2.40","","-0.70","50","772","1030","","","","0.40","","WSW","Облачно","2025-12-05 14:18"
"2.40","","-0.40","50","772","1030","","","","0.40","","WSW","Облачно","2025-12-05 14:19"
"2.40","","-0.70","50","772","1030","","","","0.40","","WSW","Облачно","2025-12-05 14:20"
"2.40","","-0.80","50","772","1030","","","","0.60","","WSW","Облачно","2025-12-05 14:21"
"2.40","","-0.70","50","772","1030","","","","0.40","","WSW","Облачно","2025-12-05 14:22"
"2.40","","-0.70","50","772","1030","","","","0.40","","WSW","Облачно","2025-12-05 14:23"
"2.40","","-0.70","50","772","1030","","","","0.40","","WSW","Облачно","2025-12-05 14:24"
"2.30","","-0.80","50","772","1030","","","","0.40","","WSW","Облачно","2025-12-05 14:25"
"2.30","","-1.00","50","772","1030","","","","0.70","","WSW","Облачно","2025-12-05 14:26"
"2.30","","-1.00","50","772","1030","","","","0.70","","WSW","Облачно","2025-12-05 14:27"
"2.30","","-0.50","50","772","1030","","","","0.00","","WSW","Облачно","2025-12-05 14:28"
"2.30","","-0.50","50","772","1030","","","","0.40","","WSW","Облачно","2025-12-05 14:29"
"2.30","","-0.80","50","772","1030","","","","0.40","","WSW","Облачно","2025-12-05 14:30"
"2.30","","-0.80","50","772","1030","","","","0.40","","WSW","Облачно","2025-12-05 14:31"
"2.30","","-1.00","50","772","1030","","","","0.70","","WSW","Облачно","2025-12-05 14:32"
"2.30","","-0.80","50","772","1030","","","","0.40","","WSW","Облачно","2025-12-05 14:33"
"2.30","","-0.80","50","772","1030","","","","0.40","","WSW","Облачно","2025-12-05 14:34"
"2.30","","-0.80","50","772","1030","","","","0.00","","WSW","Облачно","2025-12-05 14:35"
"2.30","","-0.80","50","772","1030","","","","0.50","","WSW","Облачно","2025-12-05 14:36"
"2.30","","-0.90","50","772","1030","","","","0.50","","WSW","Облачно","2025-12-05 14:37"
"2.30","","-0.90","50","772","1030","","","","0.50","","WSW","Облачно","2025-12-05 14:38"
"2.30","","-0.90","50","772","1030","","","","0.60","","WSW","Облачно","2025-12-05 14:39"
"2.30","","-0.80","50","772","1030","","","","0.00","","WSW","Облачно","2025-12-05 14:40"
"2.30","","-0.50","50","772","1030","","","","0.00","","WSW","Облачно","2025-12-05 14:41"
"2.20","","-0.60","50","772","1030","","","","0.00","","WSW","Облачно","2025-12-05 14:42"
"2.20","","-0.60","50","772","1030","","","","0.00","","WSW","Облачно","2025-12-05 14:43"
"2.20","","-0.60","50","772","1030","","","","0.00","","WSW","Облачно","2025-12-05 14:44"
"2.20","","-0.60","50","772","1030","","","","0.00","","WSW","Облачно","2025-12-05 14:45"
"2.20","","-0.60","50","772","1030","","","","0.00","","WSW","Облачно","2025-12-05 14:46"
"2.20","","-0.60","50","772","1030","","","","0.40","","WSW","Облачно","2025-12-05 14:47"
"2.20","","-0.90","50","772","1030","","","","0.40","","WSW","Облачно","2025-12-05 14:48"
"2.20","","-1.00","50","772","1030","","","","0.50","","WSW","Облачно","2025-12-05 14:49"
"2.20","","-0.60","50","772","1030","","","","0.00","","WSW","Облачно","2025-12-05 14:50"
"2.20","","-0.60","50","772","1030","","","","0.00","","WSW","Облачно","2025-12-05 14:51"
"2.20","","-0.60","50","771","1029","","","","0.00","","WSW","Облачно","2025-12-05 14:52"
"2.20","","-0.60","50","771","1029","","","","0.00","","WSW","Облачно","2025-12-05 14:53"
"2.20","","-0.60","50","771","1029","","","","0.50","","WSW","Облачно","2025-12-05 14:54"
"2.20","","-0.60","50","771","1029","","","","0.50","","WSW","Облачно","2025-12-05 14:55"
"2.20","","-0.90","50","771","1029","","","","0.40","","WSW","Облачно","2025-12-05 14:56"
"2.20","","-0.90","50","771","1029","","","","0.40","","WSW","Облачно","2025-12-05 14:57"
"2.20","","-0.90","50","771","1029","","","","0.40","","WSW","Облачно","2025-12-05 14:58"
"2.20","","-1.00","50","771","1029","","","","0.60","","WSW","Облачно","2025-12-05 14:59"
"2.20","","-1.20","50","771","1029","","","","0.60","","WSW","Облачно","2025-12-05 15:00"
"2.20","","-1.00","50","771","1029","","","","0.00","","WSW","Облачно","2025-12-05 15:01"
"2.20","","-0.60","50","771","1029","","","","0.00","","WSW","Облачно","2025-12-05 15:02"
"2.20","","-0.60","50","771","1029","","","","0.00","","WSW","Облачно","2025-12-05 15:03"
"2.20","","-0.90","50","771","1029","","","","0.40","","WSW","Облачно","2025-12-05 15:04"
"2.20","","-0.90","50","771","1029","","","","0.50","","WSW","Облачно","2025-12-05 15:05"
"2.20","","-0.90","50","771","1029","","","","0.50","","WSW","Облачно","2025-12-05 15:06"
"2.20","","-1.10","50","772","1030","","","","0.70","","WSW","Облачно","2025-12-05 15:07"
"2.20","","-1.10","50","772","1030","","","","0.70","","WSW","Облачно","2025-12-05 15:08"
"2.20","","-1.00","50","772","1030","","","","0.60","","WSW","Облачно","2025-12-05 15:09"
"2.30","","-0.80","50","772","1030","","","","0.40","","WSW","Облачно","2025-12-05 15:10"
"2.30","","-0.90","50","772","1030","","","","1.20","","WSW","Облачно","2025-12-05 15:11"
"2.20","","-1.50","50","772","1030","","","","1.20","","WSW","Облачно","2025-12-05 15:12"
"2.20","","-1.50","50","772","1030","","","","1.10","","WSW","Облачно","2025-12-05 15:13"
"2.20","","-1.40","50","772","1030","","","","0.40","","WSW","Облачно","2025-12-05 15:14"
"2.20","","-1.00","50","772","1030","","","","1.10","","WSW","Облачно","2025-12-05 15:15"
"2.20","","-1.40","50","772","1030","","","","1.10","","WSW","Облачно","2025-12-05 15:16"
"2.20","","-1.20","50","772","1030","","","","0.90","","WSW","Облачно","2025-12-05 15:17"
"2.20","","-1.20","50","772","1030","","","","0.90","","WSW","Облачно","2025-12-05 15:18"
"2.20","","-1.20","50","772","1030","","","","0.90","","WSW","Облачно","2025-12-05 15:19"
"2.20","","-1.20","50","772","1030","","","","1.30","","WSW","Облачно","2025-12-05 15:20"
"2.20","","-1.20","50","772","1030","","","","1.30","","WSW","Облачно","2025-12-05 15:21"
"2.20","","-1.20","50","772","1030","","","","0.90","","WSW","Облачно","2025-12-05 15:22"
"2.20","","-1.60","50","772","1030","","","","1.40","","WSW","Облачно","2025-12-05 15:23"
"2.20","","-1.60","50","772","1030","","","","1.40","","WSW","Облачно","2025-12-05 15:24"
"2.20","","-1.40","50","772","1030","","","","0.70","","WSW","Облачно","2025-12-05 15:25"
"2.20","","-1.10","50","772","1030","","","","0.70","","WSW","Облачно","2025-12-05 15:26"
"2.20","","-1.10","50","772","1030","","","","0.60","","WSW","Облачно","2025-12-05 15:27"
"2.20","","-1.00","51","772","1030","","","","0.60","","WSW","Облачно","2025-12-05 15:28"
"2.20","","-1.00","51","772","1030","","","","0.40","","WSW","Облачно","2025-12-05 15:29"
"2.20","","-0.90","51","772","1030","","","","0.40","","WSW","Облачно","2025-12-05 15:30"
"2.20","","-0.90","51","772","1030","","","","0.50","","WSW","Облачно","2025-12-05 15:31"
"2.20","","-0.90","51","772","1030","","","","0.50","","WSW","Облачно","2025-12-05 15:32"
"2.20","","-0.90","51","772","1030","","","","0.50","","WSW","Облачно","2025-12-05 15:33"
"2.20","","-0.90","51","772","1030","","","","0.50","","WSW","Облачно","2025-12-05 15:34"
"2.20","","-1.10","51","772","1030","","","","0.70","","WSW","Облачно","2025-12-05 15:35"
"2.20","","-1.00","51","772","1030","","","","0.60","","WSW","Облачно","2025-12-05 15:36"
"2.20","","-1.00","51","772","1030","","","","0.60","","WSW","Облачно","2025-12-05 15:37"
"2.20","","-1.00","51","772","1030","","","","0.40","","WSW","Облачно","2025-12-05 15:38"
"2.20","","-1.00","51","772","1030","","","","1.40","","WSW","Облачно","2025-12-05 15:39"
"2.20","","-1.00","51","772","1030","","","","1.40","","WSW","Облачно","2025-12-05 15:40"
"2.10","","-1.40","51","772","1030","","","","1.00","","WSW","Облачно","2025-12-05 15:41"
"2.10","","-1.50","51","772","1030","","","","0.90","","WSW","Облачно","2025-12-05 15:42"
"2.10","","-1.30","51","772","1030","","","","0.50","","WSW","Облачно","2025-12-05 15:43"
"2.10","","-1.10","51","772","1030","","","","0.50","","WSW","Облачно","2025-12-05 15:44"
"2.10","","-0.70","51","772","1030","","","","0.00","","WSW","Облачно","2025-12-05 15:45"
"2.10","","-0.70","51","772","1030","","","","0.00","","WSW","Облачно","2025-12-05 15:46"
"2.10","","-1.10","51","772","1030","","","","0.70","","WSW","Облачно","2025-12-05 15:47"
"2.10","","-1.10","51","772","1030","","","","0.60","","WSW","Облачно","2025-12-05 15:48"
"2.10","","-1.10","51","772","1030","","","","0.60","","WSW","Облачно","2025-12-05 15:49"
"2.10","","-1.30","51","772","1030","","","","0.40","","WSW","Облачно","2025-12-05 15:50"
"2.10","","-1.00","51","771","1029","","","","0.40","","WSW","Облачно","2025-12-05 15:51"
"2.10","","-0.70","51","771","1029","","","","0.00","","WSW","Облачно","2025-12-05 15:52"
"2.10","","-0.70","51","771","1029","","","","0.50","","WSW","Облачно","2025-12-05 15:53"
"2.10","","-1.10","51","771","1029","","","","0.50","","WSW","Облачно","2025-12-05 15:54"
"2.10","","-0.70","51","771","1029","","","","0.00","","WSW","Облачно","2025-12-05 15:55"
"2.10","","-1.00","51","771","1029","","","","0.90","","WSW","Облачно","2025-12-05 15:56"
"2.10","","-1.30","51","771","1029","","","","0.00","","WSW","Облачно","2025-12-05 15:57"
"2.10","","-0.70","51","771","1029","","","","0.00","","WSW","Облачно","2025-12-05 15:58"
"2.10","","-0.70","51","771","1029","","","","1.10","","WSW","Облачно","2025-12-05 15:59"
"2.10","","-1.10","51","771","1029","","","","0.50","","WSW","Облачно","2025-12-05 16:00"
"2.10","","-1.10","51","771","1029","","","","0.50","","WSW","Облачно","2025-12-05 16:01"
"2.10","","-1.10","51","771","1029","","","","0.50","","WSW","Облачно","2025-12-05 16:02"
"2.10","","-1.10","51","771","1029","","","","0.60","","WSW","Облачно","2025-12-05 16:03"
"2.10","","-1.10","51","771","1029","","","","0.00","","WSW","Облачно","2025-12-05 16:04"
"2.10","","-0.70","51","771","1029","","","","0.00","","WSW","Облачно","2025-12-05 16:05"
"2.10","","-0.70","51","772","1030","","","","0.50","","WSW","Облачно","2025-12-05 16:06"
"2.10","","-1.00","51","772","1030","","","","0.40","","WSW","Облачно","2025-12-05 16:07"
"2.10","","-1.10","51","772","1030","","","","0.50","","WSW","Облачно","2025-12-05 16:08"
"2.10","","-1.10","51","772","1030","","","","0.50","","WSW","Облачно","2025-12-05 16:09"
"2.10","","-1.10","51","772","1030","","","","0.50","","WSW","Облачно","2025-12-05 16:10"
"2.10","","-1.20","52","772","1030","","","","0.70","","WSW","Облачно","2025-12-05 16:11"
"2.10","","-1.10","52","772","1030","","","","0.60","","WSW","Облачно","2025-12-05 16:12"
"2.10","","-1.00","52","772","1030","","","","0.40","","WSW","Облачно","2025-12-05 16:13"
"2.10","","-1.00","52","772","1030","","","","0.60","","WSW","Облачно","2025-12-05 16:14"
"2.10","","-1.10","52","772","1030","","","","0.60","","WSW","Облачно","2025-12-05 16:15"
"2.10","","-1.10","52","772","1030","","","","0.60","","WSW","Облачно","2025-12-05 16:16"
"2.10","","-1.10","52","772","1030","","","","0.60","","WSW","Облачно","2025-12-05 16:17"
"2.10","","-1.00","52","772","1030","","","","0.50","","WSW","Облачно","2025-12-05 16:18"
"2.10","","-1.30","52","772","1030","","","","0.90","","WSW","Облачно","2025-12-05 16:19"
"2.10","","-1.10","52","772","1030","","","","0.60","","WSW","Облачно","2025-12-05 16:20"
"2.10","","-1.00","52","772","1030","","","","0.50","","WSW","Облачно","2025-12-05 16:21"
"2.10","","-1.00","52","772","1030","","","","0.50","","WSW","Облачно","2025-12-05 16:22"
"2.10","","-1.00","52","772","1030","","","","0.50","","WSW","Облачно","2025-12-05 16:23"
"2.10","","-1.20","52","772","1030","","","","0.70","","WSW","Облачно","2025-12-05 16:24"
"2.10","","-1.10","52","772","1030","","","","1.00","","WSW","Облачно","2025-12-05 16:25"
"2.10","","-1.40","52","772","1030","","","","1.00","","WSW","Облачно","2025-12-05 16:26"
"2.00","","-1.70","52","772","1030","","","","0.70","","WSW","Облачно","2025-12-05 16:27"
"2.00","","-1.30","52","772","1030","","","","0.50","","WSW","Облачно","2025-12-05 16:28"
"2.00","","-1.10","52","772","1030","","","","0.50","","WSW","Облачно","2025-12-05 16:29"
"2.00","","-1.10","52","772","1030","","","","0.50","","WSW","Облачно","2025-12-05 16:30"
"2.00","","-1.40","52","772","1030","","","","0.50","","WSW","Облачно","2025-12-05 16:31"
"2.00","","-1.10","52","772","1030","","","","0.50","","WSW","Облачно","2025-12-05 16:32"
"2.00","","-1.10","52","772","1030","","","","0.50","","WSW","Облачно","2025-12-05 16:33"
"2.00","","-1.20","52","772","1030","","","","0.60","","WSW","Облачно","2025-12-05 16:34"
"2.00","","-1.20","52","772","1030","","","","0.70","","WSW","Облачно","2025-12-05 16:35"
"2.00","","-1.30","52","772","1030","","","","0.70","","WSW","Облачно","2025-12-05 16:36"
"2.00","","-1.30","52","772","1030","","","","0.90","","WSW","Облачно","2025-12-05 16:37"
"2.00","","-1.40","52","772","1030","","","","0.50","","WSW","Облачно","2025-12-05 16:38"
"2.00","","-1.40","52","772","1030","","","","0.50","","WSW","Облачно","2025-12-05 16:39"
"2.00","","-1.10","52","772","1030","","","","0.50","","WSW","Облачно","2025-12-05 16:40"
"2.00","","-1.10","52","772","1030","","","","0.50","","WSW","Облачно","2025-12-05 16:41"
"2.00","","-1.20","52","772","1030","","","","0.90","","WSW","Облачно","2025-12-05 16:42"
"1.90","","-1.50","52","772","1030","","","","0.90","","WSW","Облачно","2025-12-05 16:43"
"1.90","","-1.50","52","772","1030","","","","0.50","","WSW","Облачно","2025-12-05 16:44"
"2.00","","-1.10","52","772","1030","","","","0.50","","WSW","Облачно","2025-12-05 16:45"
"1.90","","-1.40","52","772","1030","","","","0.90","","WSW","Облачно","2025-12-05 16:46"
"1.90","","-1.40","52","772","1030","","","","0.90","","WSW","Облачно","2025-12-05 16:47"
"1.90","","-1.40","52","772","1030","","","","0.90","","WSW","Облачно","2025-12-05 16:48"
"1.90","","-1.30","53","772","1030","","","","0.60","","WSW","Облачно","2025-12-05 16:49"
"2.00","","-1.20","53","772","1030","","","","0.60","","WSW","Облачно","2025-12-05 16:50"
"2.00","","-1.20","53","772","1030","","","","0.60","","WSW","Облачно","2025-12-05 16:51"
"1.90","","-1.20","53","772","1030","","","","0.70","","WSW","Облачно","2025-12-05 16:52"
"1.90","","-1.40","53","772","1030","","","","0.70","","WSW","Облачно","2025-12-05 16:53"
"1.90","","-1.20","53","772","1030","","","","0.50","","WSW","Облачно","2025-12-05 16:54"
"1.90","","-1.20","53","772","1030","","","","0.40","","WSW","Облачно","2025-12-05 16:55"
"1.90","","-1.20","53","772","1030","","","","0.40","","WSW","Облачно","2025-12-05 16:56"
"1.90","","-1.20","53","772","1030","","","","0.50","","WSW","Облачно","2025-12-05 16:57"
"1.90","","-1.20","53","772","1030","","","","1.00","","WSW","Облачно","2025-12-05 16:58"
"1.90","","-1.20","53","772","1030","","","","1.00","","WSW","Облачно","2025-12-05 16:59"
"1.90","","-1.20","53","772","1030","","","","0.40","","WSW","Облачно","2025-12-05 17:00"
"1.90","","-1.20","53","772","1030","","","","0.40","","WSW","Облачно","2025-12-05 17:01"
"1.90","","-1.30","53","772","1030","","","","0.70","","WSW","Облачно","2025-12-05 17:02"
"1.90","","-1.40","53","772","1030","","","","0.50","","WSW","Облачно","2025-12-05 17:03"
"1.90","","-1.20","53","772","1030","","","","0.50","","WSW","Облачно","2025-12-05 17:04"
"1.90","","-1.40","53","772","1030","","","","0.60","","WSW","Облачно","2025-12-05 17:05"
"1.90","","-1.40","53","772","1030","","","","0.60","","WSW","Облачно","2025-12-05 17:06"
"1.90","","-1.30","53","771","1029","","","","1.30","","WSW","Облачно","2025-12-05 17:07"
"1.90","","-1.80","53","771","1029","","","","1.30","","WSW","Облачно","2025-12-05 17:08"
"1.90","","-1.60","53","771","1029","","","","0.60","","WSW","Облачно","2025-12-05 17:09"
"1.90","","-1.30","53","771","1029","","","","0.60","","WSW","Облачно","2025-12-05 17:10"
"1.90","","-1.50","53","771","1029","","","","0.90","","WSW","Облачно","2025-12-05 17:11"
"1.90","","-1.50","53","771","1029","","","","0.90","","WSW","Облачно","2025-12-05 17:12"
"1.90","","-1.30","53","771","1029","","","","0.70","","WSW","Облачно","2025-12-05 17:13"
"1.90","","-1.30","53","771","1029","","","","0.50","","WSW","Облачно","2025-12-05 17:14"
"1.90","","-1.20","53","771","1029","","","","0.50","","WSW","Облачно","2025-12-05 17:15"
"1.90","","-1.20","53","771","1029","","","","0.00","","WSW","Облачно","2025-12-05 17:16"
"1.90","","-0.90","54","771","1029","","","","0.70","","WSW","Облачно","2025-12-05 17:17"
"1.90","","-1.30","54","771","1029","","","","0.70","","WSW","Облачно","2025-12-05 17:18"
"1.90","","-1.30","54","771","1029","","","","0.40","","WSW","Облачно","2025-12-05 17:19"
"1.90","","-1.10","54","771","1029","","","","0.70","","WSW","Облачно","2025-12-05 17:20"
"1.90","","-1.10","54","771","1029","","","","0.70","","WSW","Облачно","2025-12-05 17:21"
"1.90","","-1.30","54","771","1029","","","","0.70","","WSW","Облачно","2025-12-05 17:22"
"1.90","","-1.10","54","771","1029","","","","0.70","","WSW","Облачно","2025-12-05 17:23"
"1.90","","-1.10","54","771","1029","","","","0.70","","WSW","Облачно","2025-12-05 17:24"
"1.90","","-1.60","54","771","1029","","","","1.00","","WSW","Облачно","2025-12-05 17:25"
"1.90","","-1.50","54","771","1029","","","","0.90","","WSW","Облачно","2025-12-05 17:26"
"1.90","","-1.50","54","771","1029","","","","0.60","","WSW","Облачно","2025-12-05 17:27"
"1.90","","-1.30","54","771","1029","","","","1.00","","WSW","Облачно","2025-12-05 17:28"
"1.90","","-1.60","54","771","1029","","","","0.70","","WSW","Облачно","2025-12-05 17:29"
"1.90","","-1.30","54","771","1029","","","","0.40","","WSW","Облачно","2025-12-05 17:30"
"1.90","","-1.10","54","771","1029","","","","0.40","","WSW","Облачно","2025-12-05 17:31"
"1.90","","-1.10","54","771","1029","","","","0.40","","WSW","Облачно","2025-12-05 17:32"
"1.90","","-1.30","54","771","1029","","","","0.50","","WSW","Облачно","2025-12-05 17:33"
"1.90","","-1.20","54","771","1029","","","","0.50","","WSW","Облачно","2025-12-05 17:34"
"1.90","","-1.10","54","771","1029","","","","0.40","","WSW","Облачно","2025-12-05 17:35"
"1.90","","-1.10","54","771","1029","","","","0.50","","WSW","Облачно","2025-12-05 17:36"
"1.90","","-1.20","54","771","1029","","","","0.60","","WSW","Облачно","2025-12-05 17:37"
"1.90","","-1.10","54","771","1029","","","","0.40","","WSW","Облачно","2025-12-05 17:38"
"1.90","","-1.10","54","771","1029","","","","0.40","","WSW","Облачно","2025-12-05 17:39"
"1.90","","-1.10","54","771","1029","","","","0.00","","WSW","Облачно","2025-12-05 17:40"
"1.90","","-0.90","54","771","1029","","","","0.70","","WSW","Облачно","2025-12-05 17:41"
"1.90","","-1.30","54","771","1029","","","","0.70","","WSW","Облачно","2025-12-05 17:42"
"1.90","","-1.10","54","771","1029","","","","0.40","","WSW","Облачно","2025-12-05 17:43"
"1.90","","-1.10","54","771","1029","","","","0.00","","WSW","Облачно","2025-12-05 17:44"
"1.90","","-0.90","54","771","1029","","","","0.00","","WSW","Облачно","2025-12-05 17:45"
"1.90","","-1.10","54","771","1029","","","","0.40","","WSW","Облачно","2025-12-05 17:46"
"1.90","","-1.30","54","771","1029","","","","0.70","","WSW","Облачно","2025-12-05 17:47"
"1.90","","-1.20","54","771","1029","","","","0.50","","WSW","Облачно","2025-12-05 17:48"
"1.90","","-1.30","54","771","1029","","","","0.70","","WSW","Облачно","2025-12-05 17:49"
"1.90","","-1.30","54","771","1029","","","","0.60","","WSW","Облачно","2025-12-05 17:50"
"1.90","","-1.30","54","772","1030","","","","1.00","","WSW","Облачно","2025-12-05 17:51"
"1.90","","-1.60","54","772","1030","","","","0.70","","WSW","Облачно","2025-12-05 17:52"
"1.90","","-1.60","54","772","1030","","","","1.00","","WSW","Облачно","2025-12-05 17:53"
"1.90","","-1.20","54","772","1030","","","","0.50","","WSW","Облачно","2025-12-05 17:54"
"1.90","","-1.20","54","772","1030","","","","0.00","","WSW","Облачно","2025-12-05 17:55"
"1.90","","-0.90","54","772","1030","","","","0.00","","WSW","Облачно","2025-12-05 17:56"
"2.00","","-0.70","54","772","1030","","","","0.00","","WSW","Облачно","2025-12-05 17:57"
"1.90","","-0.90","54","772","1030","","","","0.50","","WSW","Облачно","2025-12-05 17:58"
"1.90","","-1.20","54","772","1030","","","","0.50","","WSW","Облачно","2025-12-05 17:59"
"1.90","","-1.20","54","772","1030","","","","0.50","","WSW","Облачно","2025-12-05 18:00"
"1.90","","-1.20","54","772","1030","","","","0.50","","WSW","Облачно","2025-12-05 18:01"
"1.90","","-1.10","54","772","1030","","","","0.40","","WSW","Облачно","2025-12-05 18:02"
"1.90","","-1.60","54","772","1030","","","","1.20","","WSW","Облачно","2025-12-05 18:03"
"1.90","","-1.60","54","772","1030","","","","1.20","","WSW","Облачно","2025-12-05 18:04"
"1.90","","-1.60","54","772","1030","","","","1.10","","WSW","Облачно","2025-12-05 18:05"
"1.90","","-1.70","54","772","1030","","","","1.20","","WSW","Облачно","2025-12-05 18:06"
"1.90","","-1.30","54","772","1030","","","","0.70","","WSW","Облачно","2025-12-05 18:07"
"1.90","","-1.30","54","772","1030","","","","1.10","","WSW","Облачно","2025-12-05 18:08"
"1.90","","-1.60","54","772","1030","","","","1.00","","WSW","Облачно","2025-12-05 18:09"
"1.90","","-1.60","54","772","1030","","","","1.10","","WSW","Облачно","2025-12-05 18:10"
"1.90","","-1.30","54","772","1030","","","","0.70","","WSW","Облачно","2025-12-05 18:11"
"1.90","","-1.30","54","772","1030","","","","0.70","","WSW","Облачно","2025-12-05 18:12"
"1.90","","-1.30","54","772","1030","","","","0.60","","WSW","Облачно","2025-12-05 18:13"
"1.90","","-0.90","54","772","1030","","","","0.00","","WSW","Облачно","2025-12-05 18:14"
"1.90","","-0.90","54","772","1030","","","","0.40","","WSW","Облачно","2025-12-05 18:15"
"1.90","","-0.90","54","772","1030","","","","0.40","","WSW","Облачно","2025-12-05 18:16"
"1.90","","-0.90","54","772","1030","","","","0.40","","WSW","Облачно","2025-12-05 18:17"
"1.90","","-1.20","54","772","1030","","","","0.50","","WSW","Облачно","2025-12-05 18:18"
"1.90","","-1.20","54","772","1030","","","","0.50","","WSW","Облачно","2025-12-05 18:19"
"1.90","","-1.10","54","772","1030","","","","0.40","","WSW","Облачно","2025-12-05 18:20"
"1.90","","-1.10","54","771","1029","","","","0.70","","WSW","Облачно","2025-12-05 18:21"
"1.90","","-1.30","54","771","1029","","","","0.40","","WSW","Облачно","2025-12-05 18:22"
"1.90","","-1.30","54","771","1029","","","","0.70","","WSW","Облачно","2025-12-05 18:23"
"1.90","","-1.60","53","771","1029","","","","1.10","","WSW","Облачно","2025-12-05 18:24"
"1.90","","-1.60","53","771","1029","","","","0.50","","WSW","Облачно","2025-12-05 18:25"
"1.90","","-1.60","53","771","1029","","","","0.50","","WSW","Облачно","2025-12-05 18:26"
"1.90","","-1.20","53","771","1029","","","","0.50","","WSW","Облачно","2025-12-05 18:27"
"1.90","","-1.20","53","771","1029","","","","0.50","","WSW","Облачно","2025-12-05 18:28"
"1.90","","-1.30","53","771","1029","","","","0.40","","WSW","Облачно","2025-12-05 18:29"
"1.90","","-1.20","53","771","1029","","","","0.50","","WSW","Облачно","2025-12-05 18:30"
"1.90","","-1.20","53","771","1029","","","","0.50","","WSW","Облачно","2025-12-05 18:31"
"1.90","","-1.20","53","771","1029","","","","0.40","","WSW","Облачно","2025-12-05 18:32"
"1.90","","-1.20","53","771","1029","","","","0.40","","WSW","Облачно","2025-12-05 18:33"
"1.90","","-1.20","53","771","1029","","","","0.40","","WSW","Облачно","2025-12-05 18:34"
"1.90","","-1.20","53","771","1029","","","","0.00","","WSW","Облачно","2025-12-05 18:35"
"1.90","","-1.30","53","771","1029","","","","0.60","","WSW","Облачно","2025-12-05 18:36"
"1.90","","-1.20","53","771","1029","","","","0.50","","WSW","Облачно","2025-12-05 18:37"
"1.90","","-1.20","53","771","1029","","","","0.50","","WSW","Облачно","2025-12-05 18:38"
"1.90","","-1.20","53","771","1029","","","","0.50","","WSW","Облачно","2025-12-05 18:39"
"1.90","","-1.20","53","771","1029","","","","0.40","","WSW","Облачно","2025-12-05 18:40"
"1.90","","-1.20","53","771","1029","","","","0.40","","WSW","Облачно","2025-12-05 18:41"
"1.90","","-0.90","53","771","1029","","","","0.00","","WSW","Облачно","2025-12-05 18:42"
"1.90","","-0.90","53","771","1029","","","","0.40","","WSW","Облачно","2025-12-05 18:43"
"1.90","","-0.90","53","771","1029","","","","0.00","","WSW","Облачно","2025-12-05 18:44"
"1.90","","-0.90","53","771","1029","","","","0.00","","WSW","Облачно","2025-12-05 18:45"
"1.90","","-0.90","53","771","1029","","","","0.00","","WSW","Облачно","2025-12-05 18:46"
"1.90","","-0.90","53","771","1029","","","","0.00","","WSW","Облачно","2025-12-05 18:47"
"1.90","","-0.90","53","771","1029","","","","0.00","","WSW","Облачно","2025-12-05 18:48"
"2.00","","-0.80","53","771","1029","","","","0.00","","WSW","Облачно","2025-12-05 18:49"
"2.00","","-1.00","53","771","1029","","","","0.40","","WSW","Облачно","2025-12-05 18:50"
"2.00","","-1.20","53","772","1030","","","","0.60","","WSW","Облачно","2025-12-05 18:51"
"2.00","","-1.00","53","772","1030","","","","0.40","","WSW","Облачно","2025-12-05 18:52"
"2.00","","-1.20","53","772","1030","","","","0.60","","WSW","Облачно","2025-12-05 18:53"
"2.00","","-1.20","53","772","1030","","","","0.60","","WSW","Облачно","2025-12-05 18:54"
"2.00","","-1.00","53","772","1030","","","","0.40","","WSW","Облачно","2025-12-05 18:55"
"2.00","","-1.10","53","772","1030","","","","0.50","","WSW","Облачно","2025-12-05 18:56"
"1.90","","-1.20","53","772","1030","","","","0.50","","WSW","Облачно","2025-12-05 18:57"
"1.90","","-1.20","53","772","1030","","","","0.40","","WSW","Облачно","2025-12-05 18:58"
"1.90","","-1.20","53","772","1030","","","","0.40","","WSW","Облачно","2025-12-05 18:59"
"1.90","","-1.20","53","772","1030","","","","0.40","","WSW","Облачно","2025-12-05 19:00"
"2.00","","-1.00","53","772","1030","","","","0.40","","WSW","Облачно","2025-12-05 19:01"
"2.00","","-1.00","53","772","1030","","","","0.40","","WSW","Облачно","2025-12-05 19:02"
"2.00","","-1.00","53","772","1030","","","","0.40","","WSW","Облачно","2025-12-05 19:03"
"2.00","","-0.80","53","772","1030","","","","0.00","","WSW","Облачно","2025-12-05 19:04"
"2.00","","-0.80","53","772","1030","","","","0.00","","WSW","Облачно","2025-12-05 19:05"
"2.00","","-0.80","53","772","1030","","","","0.00","","WSW","Облачно","2025-12-05 19:06"
"2.00","","-0.80","53","772","1030","","","","0.00","","WSW","Облачно","2025-12-05 19:07"
"2.00","","-0.80","53","772","1030","","","","0.00","","WSW","Облачно","2025-12-05 19:08"
"2.00","","-0.80","53","772","1030","","","","0.40","","WSW","Облачно","2025-12-05 19:09"
"2.00","","-1.00","53","772","1030","","","","0.40","","WSW","Облачно","2025-12-05 19:10"
"2.00","","-1.00","53","772","1030","","","","0.40","","WSW","Облачно","2025-12-05 19:11"
"2.00","","-1.00","53","772","1030","","","","0.40","","WSW","Облачно","2025-12-05 19:12"
"2.00","","-1.00","53","772","1030","","","","0.60","","WSW","Облачно","2025-12-05 19:13"
"2.00","","-1.30","52","772","1030","","","","0.70","","WSW","Облачно","2025-12-05 19:14"
"2.00","","-1.10","52","772","1030","","","","0.40","","WSW","Облачно","2025-12-05 19:15"
"2.00","","-1.20","52","772","1030","","","","0.60","","WSW","Облачно","2025-12-05 19:16"
"2.00","","-1.20","52","772","1030","","","","0.60","","WSW","Облачно","2025-12-05 19:17"
"1.90","","-1.20","52","772","1030","","","","0.40","","WSW","Облачно","2025-12-05 19:18"
"1.90","","-1.20","52","772","1030","","","","0.50","","WSW","Облачно","2025-12-05 19:19"
"1.90","","-1.20","52","772","1030","","","","0.40","","WSW","Облачно","2025-12-05 19:20"
"1.90","","-0.90","52","771","1029","","","","0.00","","WSW","Облачно","2025-12-05 19:21"
"1.90","","-0.90","52","771","1029","","","","0.00","","WSW","Облачно","2025-12-05 19:22"
"1.90","","-0.90","52","771","1029","","","","0.00","","WSW","Облачно","2025-12-05 19:23"
"2.00","","-0.80","52","771","1029","","","","0.00","","WSW","Облачно","2025-12-05 19:24"
"1.90","","-1.20","52","771","1029","","","","0.40","","WSW","Облачно","2025-12-05 19:25"
"1.90","","-0.90","52","771","1029","","","","0.00","","WSW","Облачно","2025-12-05 19:26"
"1.90","","-0.90","52","771","1029","","","","0.00","","WSW","Облачно","2025-12-05 19:27"
"1.90","","-1.50","52","771","1029","","","","0.90","","WSW","Облачно","2025-12-05 19:28"
"1.90","","-1.30","52","771","1029","","","","0.60","","WSW","Облачно","2025-12-05 19:29"
"1.90","","-1.30","52","771","1029","","","","0.60","","WSW","Облачно","2025-12-05 19:30"
"1.90","","-1.20","52","771","1029","","","","0.50","","WSW","Облачно","2025-12-05 19:31"
"1.90","","-1.20","52","771","1029","","","","0.00","","WSW","Облачно","2025-12-05 19:32"
"1.90","","-1.20","52","771","1029","","","","0.00","","WSW","Облачно","2025-12-05 19:33"
"1.90","","-0.90","52","771","1029","","","","0.00","","WSW","Облачно","2025-12-05 19:34"
"1.90","","-0.90","52","771","1029","","","","0.00","","WSW","Облачно","2025-12-05 19:35"
"1.90","","-0.90","52","772","1030","","","","0.00","","WSW","Облачно","2025-12-05 19:36"
"1.90","","-1.20","52","772","1030","","","","0.40","","WSW","Облачно","2025-12-05 19:37"
"1.90","","-0.90","52","772","1030","","","","0.00","","WSW","Облачно","2025-12-05 19:38"
"1.90","","-0.90","52","772","1030","","","","0.00","","WSW","Облачно","2025-12-05 19:39"
"1.90","","-0.90","52","772","1030","","","","0.00","","WSW","Облачно","2025-12-05 19:40"
"1.90","","-0.90","52","772","1030","","","","0.00","","WSW","Облачно","2025-12-05 19:41"
"1.90","","-0.90","52","772","1030","","","","0.00","","WSW","Облачно","2025-12-05 19:42"
"1.90","","-1.20","52","772","1030","","","","0.40","","WSW","Облачно","2025-12-05 19:43"
"1.90","","-0.90","52","772","1030","","","","0.00","","WSW","Облачно","2025-12-05 19:44"
"1.90","","-0.90","52","772","1030","","","","0.00","","WSW","Облачно","2025-12-05 19:45"
"1.90","","-0.90","52","772","1030","","","","0.00","","WSW","Облачно","2025-12-05 19:46"
"1.90","","-0.90","52","772","1030","","","","0.40","","WSW","Облачно","2025-12-05 19:47"
"1.90","","-0.90","52","772","1030","","","","0.40","","WSW","Облачно","2025-12-05 19:48"
"1.90","","-1.20","52","772","1030","","","","0.40","","WSW","Облачно","2025-12-05 19:49"
"1.90","","-0.90","52","772","1030","","","","0.00","","WSW","Облачно","2025-12-05 19:50"
"1.90","","-0.90","52","772","1030","","","","0.00","","WSW","Облачно","2025-12-05 19:51"
"1.90","","-0.90","52","771","1029","","","","0.00","","WSW","Облачно","2025-12-05 19:52"
"1.90","","-0.90","52","771","1029","","","","0.00","","WSW","Облачно","2025-12-05 19:53"
"1.90","","-0.90","52","771","1029","","","","0.00","","WSW","Облачно","2025-12-05 19:54"
"1.90","","-0.90","52","771","1029","","","","0.00","","WSW","Облачно","2025-12-05 19:55"
"1.90","","-0.90","52","771","1029","","","","0.00","","WSW","Облачно","2025-12-05 19:56"
"1.90","","-1.20","52","771","1029","","","","0.50","","WSW","Облачно","2025-12-05 19:57"
"1.90","","-1.20","52","771","1029","","","","0.50","","WSW","Облачно","2025-12-05 19:58"
"1.90","","-1.20","51","771","1029","","","","0.40","","WSW","Облачно","2025-12-05 19:59"
"1.90","","-1.30","51","771","1029","","","","0.50","","WSW","Облачно","2025-12-05 20:00"
"1.90","","-0.90","51","771","1029","","","","0.00","","N","Облачно","2025-12-05 20:01"
"1.90","","-0.90","51","771","1029","","","","0.00","","N","Облачно","2025-12-05 20:02"
"1.90","","-0.90","51","771","1029","","","","0.00","","N","Облачно","2025-12-05 20:03"
"1.90","","-0.90","51","771","1029","","","","0.00","","N","Облачно","2025-12-05 20:04"
"1.90","","-0.90","51","771","1029","","","","0.40","","SSW","Облачно","2025-12-05 20:05"
"1.90","","-0.90","51","772","1030","","","","0.00","","SSW","Небольшая облачность","2025-12-05 20:06"
"1.90","","-0.90","51","772","1030","","","","0.00","","SSW","Небольшая облачность","2025-12-05 20:07"
"1.90","","-1.20","51","772","1030","","","","0.40","","SSW","Небольшая облачность","2025-12-05 20:08"
"1.90","","-1.20","51","772","1030","","","","0.00","","SSW","Небольшая облачность","2025-12-05 20:09"
"1.90","","-0.90","51","772","1030","","","","0.00","","SSW","Небольшая облачность","2025-12-05 20:10"
"1.90","","-0.90","51","772","1030","","","","0.00","","SSW","Небольшая облачность","2025-12-05 20:11"
"1.90","","-0.90","51","772","1030","","","","0.00","","SSW","Небольшая облачность","2025-12-05 20:12"
"1.90","","-0.90","51","772","1030","","","","0.00","","SSW","Небольшая облачность","2025-12-05 20:13"
"1.90","","-0.90","51","772","1030","","","","0.00","","SSW","Небольшая облачность","2025-12-05 20:14"
"1.90","","-0.90","51","772","1030","","","","0.00","","SSW","Небольшая облачность","2025-12-05 20:15"
"1.90","","-0.90","51","772","1030","","","","0.00","","SSW","Небольшая облачность","2025-12-05 20:16"
"1.90","","-0.90","51","772","1030","","","","0.00","","SSW","Небольшая облачность","2025-12-05 20:17"
"1.90","","-0.90","51","772","1030","","","","0.00","","SSW","Небольшая облачность","2025-12-05 20:18"
"1.90","","-0.90","51","772","1030","","","","0.00","","SSW","Небольшая облачность","2025-12-05 20:19"
"1.90","","-0.90","51","772","1030","","","","0.00","","SSW","Небольшая облачность","2025-12-05 20:20"
"1.90","","-0.90","51","771","1029","","","","0.00","","SSW","Переменная облачность","2025-12-05 20:21"
"1.90","","-0.90","51","771","1029","","","","0.00","","SSW","Переменная облачность","2025-12-05 20:22"
"1.90","","-0.90","51","771","1029","","","","0.00","","SSW","Переменная облачность","2025-12-05 20:23"
"1.90","","-0.90","51","771","1029","","","","0.00","","SSW","Переменная облачность","2025-12-05 20:24"
"1.90","","-0.90","51","771","1029","","","","0.00","","SSW","Переменная облачность","2025-12-05 20:25"
"1.90","","-0.90","51","771","1029","","","","0.00","","SSW","Переменная облачность","2025-12-05 20:26"
"1.90","","-0.90","51","771","1029","","","","0.00","","SSW","Переменная облачность","2025-12-05 20:27"
"1.90","","-0.90","51","771","1029","","","","0.00","","SSW","Переменная облачность","2025-12-05 20:28"
"1.90","","-0.90","51","771","1029","","","","0.00","","SSW","Переменная облачность","2025-12-05 20:29"
"1.90","","-0.90","51","771","1029","","","","0.00","","SSW","Переменная облачность","2025-12-05 20:30"
"1.90","","-0.90","51","771","1029","","","","0.00","","SSW","Переменная облачность","2025-12-05 20:31"
"1.90","","-0.90","51","771","1029","","","","0.00","","SSW","Переменная облачность","2025-12-05 20:32"
"1.90","","-0.90","51","771","1029","","","","0.00","","SSW","Переменная облачность","2025-12-05 20:33"
"1.90","","-0.90","51","771","1029","","","","0.00","","SSW","Переменная облачность","2025-12-05 20:34"
"1.90","","-0.90","51","771","1029","","","","0.00","","SSW","Переменная облачность","2025-12-05 20:35"
"1.90","","-0.90","51","771","1029","","","","0.00","","SSW","Переменная облачность","2025-12-05 20:36"
"1.90","","-0.90","51","772","1030","","","","0.00","","SSW","Переменная облачность","2025-12-05 20:37"
"1.90","","-0.90","51","772","1030","","","","0.00","","SSW","Переменная облачность","2025-12-05 20:38"
"1.90","","-0.90","51","772","1030","","","","0.00","","SSW","Переменная облачность","2025-12-05 20:39"
"1.90","","-0.90","51","772","1030","","","","0.00","","SSW","Переменная облачность","2025-12-05 20:40"
"1.90","","-0.90","51","772","1030","","","","0.00","","SSW","Переменная облачность","2025-12-05 20:41"
"1.90","","-0.90","50","772","1030","","","","0.00","","SSW","Переменная облачность","2025-12-05 20:42"
"1.90","","-1.20","50","772","1030","","","","0.40","","SSW","Переменная облачность","2025-12-05 20:43"
"1.90","","-0.90","50","772","1030","","","","0.00","","SSW","Переменная облачность","2025-12-05 20:44"
"1.90","","-0.90","50","772","1030","","","","0.00","","SSW","Переменная облачность","2025-12-05 20:45"
"1.90","","-0.90","50","772","1030","","","","0.00","","SSW","Переменная облачность","2025-12-05 20:46"
"1.90","","-1.20","50","772","1030","","","","0.40","","SSW","Переменная облачность","2025-12-05 20:47"
"1.90","","-1.20","50","772","1030","","","","0.40","","SSW","Переменная облачность","2025-12-05 20:48"
"1.90","","-1.20","50","772","1030","","","","0.40","","SSW","Переменная облачность","2025-12-05 20:49"
"1.90","","-1.20","50","772","1030","","","","0.40","","SW","Переменная облачность","2025-12-05 20:50"
"1.90","","-1.20","50","771","1029","","","","0.00","","SW","Переменная облачность","2025-12-05 20:51"
"1.90","","-0.90","50","771","1029","","","","0.00","","SW","Переменная облачность","2025-12-05 20:52"
"1.90","","-0.90","50","771","1029","","","","0.00","","SW","Переменная облачность","2025-12-05 20:53"
"1.90","","-0.90","50","771","1029","","","","0.00","","SW","Переменная облачность","2025-12-05 20:54"
"1.90","","-0.90","50","771","1029","","","","0.00","","SW","Переменная облачность","2025-12-05 20:55"
"1.90","","-0.90","50","771","1029","","","","0.00","","SW","Переменная облачность","2025-12-05 20:56"
"1.90","","-0.90","50","771","1029","","","","0.00","","SW","Переменная облачность","2025-12-05 20:57"
"1.90","","-0.90","50","771","1029","","","","0.00","","SW","Переменная облачность","2025-12-05 20:58"
"1.90","","-0.90","50","771","1029","","","","0.00","","SW","Переменная облачность","2025-12-05 20:59"
"1.90","","-0.90","50","771","1029","","","","0.00","","SW","Переменная облачность","2025-12-05 21:00"
"1.90","","-0.90","50","771","1029","","","","0.00","","SW","Переменная облачность","2025-12-05 21:01"
"1.90","","-0.90","50","771","1029","","","","0.00","","SW","Переменная облачность","2025-12-05 21:02"
"1.90","","-0.90","50","771","1029","","","","0.00","","SW","Переменная облачность","2025-12-05 21:03"
"1.90","","-0.90","50","771","1029","","","","0.00","","SW","Переменная облачность","2025-12-05 21:04"
"1.90","","-0.90","50","771","1029","","","","0.00","","SW","Переменная облачность","2025-12-05 21:05"
"1.90","","-0.90","50","772","1030","","","","0.00","","SW","Переменная облачность","2025-12-05 21:06"
"1.90","","-0.90","50","772","1030","","","","0.00","","SW","Переменная облачность","2025-12-05 21:07"
"1.90","","-1.20","50","772","1030","","","","0.00","","SW","Переменная облачность","2025-12-05 21:08"
"1.90","","-0.90","50","772","1030","","","","0.00","","SW","Переменная облачность","2025-12-05 21:09"
"1.90","","-0.90","50","772","1030","","","","0.40","","SW","Переменная облачность","2025-12-05 21:10"
"1.90","","-1.20","50","772","1030","","","","0.40","","SW","Переменная облачность","2025-12-05 21:11"
"1.90","","-1.20","50","772","1030","","","","0.40","","SW","Переменная облачность","2025-12-05 21:12"
"1.90","","-1.20","50","772","1030","","","","0.40","","SW","Переменная облачность","2025-12-05 21:13"
"1.90","","-0.90","50","772","1030","","","","0.00","","SW","Переменная облачность","2025-12-05 21:14"
"1.90","","-0.90","50","772","1030","","","","0.00","","SW","Переменная облачность","2025-12-05 21:15"
"1.90","","-0.90","50","772","1030","","","","0.00","","SW","Переменная облачность","2025-12-05 21:16"
"1.90","","-0.90","50","772","1030","","","","0.00","","SW","Переменная облачность","2025-12-05 21:17"
"1.90","","-0.90","50","772","1030","","","","0.00","","SW","Переменная облачность","2025-12-05 21:18"
"1.90","","-0.90","50","772","1030","","","","0.50","","SW","Переменная облачность","2025-12-05 21:19"
"1.90","","-1.30","50","772","1030","","","","0.50","","SW","Переменная облачность","2025-12-05 21:20"
"1.90","","-1.30","50","772","1030","","","","0.50","","SW","Переменная облачность","2025-12-05 21:21"
"1.90","","-1.40","50","772","1030","","","","0.70","","SW","Переменная облачность","2025-12-05 21:22"
"1.90","","-1.40","50","772","1030","","","","0.60","","SW","Переменная облачность","2025-12-05 21:23"
"2.00","","-1.30","50","772","1030","","","","0.40","","SW","Переменная облачность","2025-12-05 21:24"
"2.00","","-1.10","50","772","1030","","","","0.00","","SW","Переменная облачность","2025-12-05 21:25"
"2.00","","-1.10","50","772","1030","","","","0.00","","SW","Переменная облачность","2025-12-05 21:26"
"2.00","","-0.80","50","772","1030","","","","0.00","","SW","Переменная облачность","2025-12-05 21:27"
"2.00","","-0.80","50","772","1030","","","","0.00","","SW","Переменная облачность","2025-12-05 21:28"
"2.00","","-0.80","50","772","1030","","","","0.00","","SW","Переменная облачность","2025-12-05 21:29"
"2.00","","-0.80","50","772","1030","","","","0.00","","SW","Переменная облачность","2025-12-05 21:30"
"2.00","","-0.80","50","772","1030","","","","0.00","","SW","Переменная облачность","2025-12-05 21:31"
"2.00","","-0.80","50","772","1030","","","","0.00","","SW","Переменная облачность","2025-12-05 21:32"
"1.90","","-0.90","50","772","1030","","","","0.00","","SW","Переменная облачность","2025-12-05 21:33"
"1.90","","-0.90","50","772","1030","","","","0.00","","SW","Переменная облачность","2025-12-05 21:34"
"1.90","","-0.90","50","772","1030","","","","0.00","","SW","Переменная облачность","2025-12-05 21:35"
"1.90","","-0.90","50","772","1030","","","","0.00","","SW","Переменная облачность","2025-12-05 21:36"
"1.90","","-0.90","50","772","1030","","","","0.00","","SW","Переменная облачность","2025-12-05 21:37"
"1.90","","-1.20","50","772","1030","","","","0.40","","SW","Переменная облачность","2025-12-05 21:38"
"1.90","","-0.90","50","772","1030","","","","0.00","","SW","Переменная облачность","2025-12-05 21:39"
"1.90","","-0.90","50","772","1030","","","","0.00","","SW","Переменная облачность","2025-12-05 21:40"
"1.90","","-0.90","50","772","1030","","","","0.00","","SW","Переменная облачность","2025-12-05 21:41"
"1.90","","-0.90","50","772","1030","","","","0.00","","SW","Переменная облачность","2025-12-05 21:42"
"1.90","","-0.90","50","772","1030","","","","0.00","","SW","Переменная облачность","2025-12-05 21:43"
"1.90","","-0.90","50","772","1030","","","","0.00","","SW","Переменная облачность","2025-12-05 21:44"
"1.90","","-0.90","50","772","1030","","","","0.00","","SW","Переменная облачность","2025-12-05 21:45"
"1.90","","-1.40","50","772","1030","","","","0.60","","SW","Переменная облачность","2025-12-05 21:46"
"1.90","","-1.40","50","772","1030","","","","0.40","","SW","Переменная облачность","2025-12-05 21:47"
"1.90","","-0.90","50","772","1030","","","","0.00","","SW","Переменная облачность","2025-12-05 21:48"
"1.90","","-0.90","50","772","1030","","","","0.00","","SW","Переменная облачность","2025-12-05 21:49"
"1.90","","-0.90","50","772","1030","","","","0.00","","SW","Переменная облачность","2025-12-05 21:50"
"1.90","","-0.90","50","772","1030","","","","0.00","","SW","Переменная облачность","2025-12-05 21:51"
"1.90","","-0.90","50","772","1030","","","","0.00","","SW","Переменная облачность","2025-12-05 21:52"
"1.90","","-0.90","50","772","1030","","","","0.00","","SW","Переменная облачность","2025-12-05 21:53"
"1.90","","-0.90","50","772","1030","","","","0.00","","SW","Переменная облачность","2025-12-05 21:54"
"1.90","","-0.90","50","772","1030","","","","0.00","","SW","Переменная облачность","2025-12-05 21:55"
"1.90","","-0.90","50","772","1030","","","","0.00","","SW","Переменная облачность","2025-12-05 21:56"
"1.90","","-0.90","50","772","1030","","","","0.00","","SW","Переменная облачность","2025-12-05 21:57"
"1.90","","-0.90","50","772","1030","","","","0.00","","SW","Переменная облачность","2025-12-05 21:58"
"1.90","","-0.90","50","772","1030","","","","0.00","","SW","Переменная облачность","2025-12-05 21:59"
"1.90","","-0.90","50","772","1030","","","","0.00","","SW","Переменная облачность","2025-12-05 22:00"
"1.90","","-0.90","50","772","1030","","","","0.00","","SW","Переменная облачность","2025-12-05 22:01"
"1.90","","-0.90","50","772","1030","","","","0.00","","SW","Переменная облачность","2025-12-05 22:02"
"1.90","","-0.90","50","772","1030","","","","0.00","","SW","Переменная облачность","2025-12-05 22:03"
"1.90","","-0.90","50","772","1030","","","","0.00","","SW","Переменная облачность","2025-12-05 22:04"
"1.90","","-0.90","50","772","1030","","","","0.00","","SW","Переменная облачность","2025-12-05 22:05"
"1.90","","-0.90","50","772","1030","","","","0.00","","SW","Переменная облачность","2025-12-05 22:06"
"1.90","","-0.90","50","772","1030","","","","0.00","","SW","Переменная облачность","2025-12-05 22:07"
"1.90","","-0.90","50","772","1030","","","","0.00","","SW","Переменная облачность","2025-12-05 22:08"
"1.90","","-0.90","50","772","1030","","","","0.00","","SW","Переменная облачность","2025-12-05 22:09"
"1.90","","-1.40","50","772","1030","","","","0.60","","SW","Переменная облачность","2025-12-05 22:10"
"1.90","","-1.40","50","772","1030","","","","0.60","","SW","Переменная облачность","2025-12-05 22:11"
"1.90","","-0.90","50","772","1030","","","","0.00","","WSW","Переменная облачность","2025-12-05 22:12"
"1.90","","-0.90","50","772","1030","","","","0.00","","WSW","Переменная облачность","2025-12-05 22:13"
"1.90","","-1.30","50","772","1030","","","","0.50","","WSW","Переменная облачность","2025-12-05 22:14"
"1.90","","-1.40","50","772","1030","","","","0.40","","WSW","Переменная облачность","2025-12-05 22:15"
"1.90","","-1.20","50","772","1030","","","","0.40","","WSW","Переменная облачность","2025-12-05 22:16"
"1.90","","-1.20","50","772","1030","","","","0.40","","WSW","Переменная облачность","2025-12-05 22:17"
"1.90","","-1.20","50","772","1030","","","","0.00","","WSW","Переменная облачность","2025-12-05 22:18"
"1.90","","-1.20","50","772","1030","","","","0.40","","WSW","Переменная облачность","2025-12-05 22:19"
"1.90","","-0.90","50","772","1030","","","","0.00","","WSW","Переменная облачность","2025-12-05 22:20"
"1.90","","-0.90","50","772","1030","","","","0.00","","WSW","Переменная облачность","2025-12-05 22:21"
"1.90","","-0.90","50","772","1030","","","","0.00","","WSW","Переменная облачность","2025-12-05 22:22"
"1.90","","-0.90","50","772","1030","","","","0.00","","WSW","Переменная облачность","2025-12-05 22:23"
"1.90","","-0.90","50","772","1030","","","","0.00","","WSW","Переменная облачность","2025-12-05 22:24"
"1.90","","-0.90","50","772","1030","","","","0.00","","WSW","Переменная облачность","2025-12-05 22:25"
"1.90","","-0.90","50","772","1030","","","","0.00","","WSW","Переменная облачность","2025-12-05 22:26"
"1.90","","-0.90","50","772","1030","","","","0.00","","WSW","Переменная облачность","2025-12-05 22:27"
"1.90","","-1.20","50","772","1030","","","","0.40","","WSW","Переменная облачность","2025-12-05 22:28"
"1.90","","-0.90","50","772","1030","","","","0.00","","WSW","Переменная облачность","2025-12-05 22:29"
"1.90","","-0.90","50","772","1030","","","","0.00","","WSW","Переменная облачность","2025-12-05 22:30"
"1.90","","-0.90","50","772","1030","","","","0.00","","WSW","Переменная облачность","2025-12-05 22:31"
"1.90","","-0.90","50","772","1030","","","","0.00","","WSW","Переменная облачность","2025-12-05 22:32"
"1.90","","-0.90","50","772","1030","","","","0.00","","WSW","Переменная облачность","2025-12-05 22:33"
"1.90","","-1.20","50","772","1030","","","","0.40","","WSW","Переменная облачность","2025-12-05 22:34"
"1.90","","-0.90","50","772","1030","","","","0.40","","WSW","Переменная облачность","2025-12-05 22:35"
"1.90","","-1.20","50","772","1030","","","","0.40","","WSW","Переменная облачность","2025-12-05 22:36"
"1.90","","-1.20","50","772","1030","","","","0.40","","WSW","Переменная облачность","2025-12-05 22:37"
"1.90","","-1.20","50","772","1030","","","","0.00","","WSW","Переменная облачность","2025-12-05 22:38"
"1.90","","-0.90","50","772","1030","","","","0.00","","WSW","Переменная облачность","2025-12-05 22:39"
"1.90","","-0.90","50","772","1030","","","","0.00","","WSW","Переменная облачность","2025-12-05 22:40"
"1.90","","-0.90","50","772","1030","","","","0.00","","WSW","Переменная облачность","2025-12-05 22:41"
"1.90","","-0.90","50","772","1030","","","","0.00","","WSW","Переменная облачность","2025-12-05 22:42"
"1.90","","-0.90","50","772","1030","","","","0.00","","WSW","Переменная облачность","2025-12-05 22:43"
"1.90","","-0.90","50","772","1030","","","","0.00","","WSW","Переменная облачность","2025-12-05 22:44"
"1.90","","-0.90","50","772","1030","","","","0.00","","WSW","Переменная облачность","2025-12-05 22:45"
"1.90","","-0.90","50","772","1030","","","","0.00","","WSW","Переменная облачность","2025-12-05 22:46"
"1.90","","-0.90","50","772","1030","","","","0.00","","WSW","Переменная облачность","2025-12-05 22:47"
"1.90","","-0.90","50","772","1030","","","","0.00","","WSW","Переменная облачность","2025-12-05 22:48"
"1.90","","-0.90","50","772","1030","","","","0.00","","WSW","Переменная облачность","2025-12-05 22:49"
"1.90","","-0.90","50","772","1030","","","","0.00","","WSW","Переменная облачность","2025-12-05 22:50"
"1.90","","-0.90","50","772","1030","","","","0.00","","WSW","Переменная облачность","2025-12-05 22:51"
"1.90","","-0.90","50","772","1030","","","","0.00","","WSW","Переменная облачность","2025-12-05 22:52"
"1.90","","-0.90","50","772","1030","","","","0.00","","WSW","Переменная облачность","2025-12-05 22:53"
"1.90","","-0.90","50","772","1030","","","","0.00","","WSW","Переменная облачность","2025-12-05 22:54"
"1.90","","-0.90","50","772","1030","","","","0.00","","WSW","Переменная облачность","2025-12-05 22:55"
"1.90","","-0.90","50","772","1030","","","","0.00","","WSW","Переменная облачность","2025-12-05 22:56"
"1.90","","-1.20","50","772","1030","","","","0.40","","WSW","Переменная облачность","2025-12-05 22:57"
"1.80","","-1.30","50","772","1030","","","","0.40","","WSW","Переменная облачность","2025-12-05 22:58"
"1.80","","-1.30","50","772","1030","","","","0.00","","WSW","Переменная облачность","2025-12-05 22:59"
"1.80","","-1.10","50","772","1030","","","","0.00","","WSW","Переменная облачность","2025-12-05 23:00"
"1.80","","-1.10","50","772","1030","","","","0.00","","WSW","Переменная облачность","2025-12-05 23:01"
"1.90","","-0.90","50","772","1030","","","","0.00","","WSW","Переменная облачность","2025-12-05 23:02"
"1.90","","-0.90","50","772","1030","","","","0.00","","WSW","Переменная облачность","2025-12-05 23:03"
"1.90","","-0.90","50","772","1030","","","","0.00","","WSW","Переменная облачность","2025-12-05 23:04"
"1.90","","-0.90","50","772","1030","","","","0.00","","WSW","Переменная облачность","2025-12-05 23:05"
"1.90","","-1.30","50","772","1030","","","","0.40","","WSW","Переменная облачность","2025-12-05 23:06"
"1.90","","-1.20","50","772","1030","","","","0.40","","WSW","Переменная облачность","2025-12-05 23:07"
"1.90","","-1.20","50","772","1030","","","","0.00","","WSW","Переменная облачность","2025-12-05 23:08"
"1.90","","-0.90","50","772","1030","","","","0.00","","WSW","Переменная облачность","2025-12-05 23:09"
"1.90","","-0.90","50","772","1030","","","","0.00","","WSW","Переменная облачность","2025-12-05 23:10"
"1.90","","-0.90","50","772","1030","","","","0.00","","WSW","Переменная облачность","2025-12-05 23:11"
"1.90","","-0.90","50","772","1030","","","","0.00","","WSW","Переменная облачность","2025-12-05 23:12"
"1.90","","-0.90","50","772","1030","","","","0.70","","WSW","Переменная облачность","2025-12-05 23:13"
"1.90","","-0.90","50","772","1030","","","","0.70","","WSW","Переменная облачность","2025-12-05 23:14"
"1.90","","-1.40","50","772","1030","","","","0.60","","W","Переменная облачность","2025-12-05 23:15"
"1.90","","-1.40","50","772","1030","","","","0.60","","W","Переменная облачность","2025-12-05 23:16"
"1.90","","-0.90","50","772","1030","","","","0.00","","W","Переменная облачность","2025-12-05 23:17"
"1.90","","-0.90","50","772","1030","","","","0.00","","W","Переменная облачность","2025-12-05 23:18"
"1.90","","-1.20","50","772","1030","","","","0.40","","W","Переменная облачность","2025-12-05 23:19"
"1.90","","-1.20","50","772","1030","","","","0.50","","W","Переменная облачность","2025-12-05 23:20"
"1.90","","-1.30","50","772","1030","","","","0.50","","W","Переменная облачность","2025-12-05 23:21"
"1.90","","-1.20","50","772","1030","","","","0.40","","W","Переменная облачность","2025-12-05 23:22"
"1.90","","-1.20","50","772","1030","","","","0.40","","W","Переменная облачность","2025-12-05 23:23"
"1.90","","-1.20","50","772","1030","","","","0.00","","W","Переменная облачность","2025-12-05 23:24"
"1.90","","-0.90","50","772","1030","","","","0.00","","W","Переменная облачность","2025-12-05 23:25"
"1.90","","-0.90","50","772","1030","","","","0.00","","W","Переменная облачность","2025-12-05 23:26"
"1.90","","-0.90","50","772","1030","","","","0.40","","W","Переменная облачность","2025-12-05 23:27"
"1.90","","-1.20","50","772","1030","","","","0.40","","W","Переменная облачность","2025-12-05 23:28"
"1.90","","-1.20","50","772","1030","","","","0.40","","W","Переменная облачность","2025-12-05 23:29"
"1.90","","-1.20","50","772","1030","","","","0.40","","W","Переменная облачность","2025-12-05 23:30"
"1.90","","-1.20","50","772","1030","","","","0.50","","W","Переменная облачность","2025-12-05 23:31"
"1.90","","-1.30","50","772","1030","","","","0.00","","W","Переменная облачность","2025-12-05 23:32"
"1.90","","-0.90","50","772","1030","","","","0.00","","W","Переменная облачность","2025-12-05 23:33"
"1.90","","-0.90","50","772","1030","","","","0.00","","W","Переменная облачность","2025-12-05 23:34"
"1.90","","-1.20","50","772","1030","","","","0.50","","W","Переменная облачность","2025-12-05 23:35"
"1.90","","-1.30","50","772","1030","","","","0.50","","W","Переменная облачность","2025-12-05 23:36"
"1.90","","-1.30","50","772","1030","","","","0.50","","W","Переменная облачность","2025-12-05 23:37"
"1.90","","-1.60","50","772","1030","","","","0.90","","WNW","Переменная облачность","2025-12-05 23:38"
"1.90","","-1.40","50","772","1030","","","","0.60","","WNW","Переменная облачность","2025-12-05 23:39"
"1.90","","-1.40","50","772","1030","","","","0.00","","WNW","Переменная облачность","2025-12-05 23:40"
"1.90","","-1.40","50","772","1030","","","","0.60","","WNW","Переменная облачность","2025-12-05 23:41"
"1.90","","-1.40","50","772","1030","","","","0.00","","WNW","Переменная облачность","2025-12-05 23:42"
"1.90","","-1.40","50","772","1030","","","","0.00","","WNW","Переменная облачность","2025-12-05 23:43"
"1.90","","-1.40","50","772","1030","","","","0.00","","WNW","Переменная облачность","2025-12-05 23:44"
"1.90","","-0.90","50","772","1030","","","","0.00","","WNW","Переменная облачность","2025-12-05 23:45"
"1.90","","-1.30","50","772","1030","","","","0.50","","WNW","Переменная облачность","2025-12-05 23:46"
"1.90","","-1.30","50","772","1030","","","","0.50","","WNW","Переменная облачность","2025-12-05 23:47"
"1.90","","-1.30","50","772","1030","","","","0.50","","WNW","Переменная облачность","2025-12-05 23:48"
"1.90","","-2.00","50","772","1030","","","","1.30","","NW","Переменная облачность","2025-12-05 23:49"
"1.90","","-1.90","50","772","1030","","","","1.30","","NW","Переменная облачность","2025-12-05 23:50"
"1.90","","-1.90","50","771","1029","","","","1.30","","NW","Переменная облачность","2025-12-05 23:51"
"1.90","","-1.90","50","771","1029","","","","1.30","","NW","Переменная облачность","2025-12-05 23:52"
"1.90","","-1.60","50","771","1029","","","","1.20","","NNW","Переменная облачность","2025-12-05 23:53"
"1.90","","-1.60","50","771","1029","","","","1.20","","NNW","Переменная облачность","2025-12-05 23:54"
"1.90","","-1.60","50","771","1029","","","","0.90","","NNW","Переменная облачность","2025-12-05 23:55"
"1.90","","-1.60","50","771","1029","","","","0.90","","NNW","Переменная облачность","2025-12-05 23:56"
"1.90","","-1.40","50","771","1029","","","","0.70","","NNW","Переменная облачность","2025-12-05 23:57"
"1.90","","-1.40","50","771","1029","","","","0.70","","NNW","Переменная облачность","2025-12-05 23:58"
"1.90","","-1.40","50","771","1029","","","","0.00","","NNW","Переменная облачность","2025-12-05 23:59"