"Temp","Temp Water","Temp Feels Like","Humidity","Pressure Mm","Pressure Hpa","Precip Mm","Precip Type","Precip Intensity","Wind Speed Ms","Wind Gust Speed Ms","Wind Dir","Condition","Created At"
"0.30","","-2.60","52","773","1031","","","","0.00","","NNE","Облачно","2025-12-04 00:00"
"0.30","","-3.00","52","773","1031","","","","0.60","","NNE","Облачно","2025-12-04 00:01"
"0.30","","-3.60","52","773","1031","","","","1.40","","NNE","Облачно","2025-12-04 00:02"
"0.30","","-3.60","52","773","1031","","","","1.40","","NNE","Облачно","2025-12-04 00:03"
"0.30","","-3.60","52","773","1031","","","","0.90","","NNE","Облачно","2025-12-04 00:04"
"0.30","","-3.60","52","773","1031","","","","1.00","","NNE","Облачно","2025-12-04 00:05"
"0.30","","-3.60","52","773","1031","","","","0.40","","NNE","Облачно","2025-12-04 00:06"
"0.30","","-3.60","52","773","1031","","","","0.40","","NNE","Облачно","2025-12-04 00:07"
"0.40","","-2.90","52","773","1031","","","","0.60","","NNE","Облачно","2025-12-04 00:08"
"0.40","","-2.50","52","773","1031","","","","0.00","","NNE","Облачно","2025-12-04 00:09"
"0.40","","-2.80","52","773","1031","","","","0.40","","NNE","Облачно","2025-12-04 00:10"
"0.40","","-2.90","52","773","1031","","","","0.60","","NNE","Облачно","2025-12-04 00:11"
"0.40","","-2.90","52","773","1031","","","","0.60","","NNE","Облачно","2025-12-04 00:12"
"0.40","","-2.90","52","773","1031","","","","0.40","","NNE","Облачно","2025-12-04 00:13"
"0.40","","-2.80","52","773","1031","","","","0.40","","NNE","Облачно","2025-12-04 00:14"
"0.40","","-2.50","52","773","1031","","","","0.00","","NNE","Облачно","2025-12-04 00:15"
"0.40","","-2.80","52","773","1031","","","","0.40","","NNE","Облачно","2025-12-04 00:16"
"0.40","","-2.50","52","773","1031","","","","0.00","","NNE","Облачно","2025-12-04 00:17"
"0.40","","-2.50","52","773","1031","","","","0.00","","NNE","Облачно","2025-12-04 00:18"
"0.40","","-2.90","52","773","1031","","","","0.60","","NNE","Облачно","2025-12-04 00:19"
"0.40","","-2.50","52","773","1031","","","","0.00","","NNE","Облачно","2025-12-04 00:20"
"0.40","","-2.50","52","772","1030","","","","0.00","","NNE","Облачно","2025-12-04 00:21"
"0.40","","-2.50","52","772","1030","","","","0.00","","NNE","Облачно","2025-12-04 00:22"
"0.40","","-3.00","51","772","1030","","","","0.60","","NNE","Облачно","2025-12-04 00:23"
"0.40","","-3.00","51","772","1030","","","","0.60","","NNE","Облачно","2025-12-04 00:24"
"0.40","","-3.00","51","772","1030","","","","0.40","","NNE","Облачно","2025-12-04 00:25"
"0.40","","-3.00","51","772","1030","","","","0.60","","NNE","Облачно","2025-12-04 00:26"
"0.40","","-2.90","51","772","1030","","","","0.50","","NNE","Облачно","2025-12-04 00:27"
"0.40","","-2.80","51","772","1030","","","","0.40","","NNE","Облачно","2025-12-04 00:28"
"0.40","","-3.00","51","772","1030","","","","0.70","","NNE","Облачно","2025-12-04 00:29"
"0.40","","-2.90","51","772","1030","","","","0.50","","NNE","Облачно","2025-12-04 00:30"
"0.40","","-2.50","51","772","1030","","","","0.00","","NNE","Облачно","2025-12-04 00:31"
"0.40","","-2.50","51","772","1030","","","","0.00","","NNE","Облачно","2025-12-04 00:32"
"0.40","","-2.50","51","772","1030","","","","0.00","","NNE","Облачно","2025-12-04 00:33"
"0.40","","-3.00","51","772","1030","","","","0.90","","NNE","Облачно","2025-12-04 00:34"
"0.40","","-3.20","51","772","1030","","","","0.90","","NNE","Облачно","2025-12-04 00:35"
"0.40","","-3.30","51","773","1031","","","","1.10","","NNE","Облачно","2025-12-04 00:36"
"0.40","","-3.30","51","773","1031","","","","1.10","","NNE","Облачно","2025-12-04 00:37"
"0.40","","-2.50","51","773","1031","","","","0.00","","NNE","Облачно","2025-12-04 00:38"
"0.40","","-2.50","51","773","1031","","","","0.00","","NNE","Облачно","2025-12-04 00:39"
"0.40","","-2.50","51","773","1031","","","","0.00","","NNE","Облачно","2025-12-04 00:40"
"0.40","","-2.50","51","773","1031","","","","0.40","","NNE","Облачно","2025-12-04 00:41"
"0.40","","-3.00","51","773","1031","","","","0.60","","NNE","Облачно","2025-12-04 00:42"
"0.40","","-3.00","51","773","1031","","","","0.60","","NNE","Облачно","2025-12-04 00:43"
"0.40","","-3.00","51","773","1031","","","","0.00","","NNE","Облачно","2025-12-04 00:44"
"0.40","","-2.50","51","773","1031","","","","0.00","","NNE","Облачно","2025-12-04 00:45"
"0.40","","-2.50","51","773","1031","","","","0.00","","NNE","Облачно","2025-12-04 00:46"
"0.40","","-2.90","51","773","1031","","","","0.50","","NNE","Облачно","2025-12-04 00:47"
"0.40","","-3.00","51","773","1031","","","","0.60","","NNE","Облачно","2025-12-04 00:48"
"0.40","","-3.00","51","773","1031","","","","0.60","","NNE","Облачно","2025-12-04 00:49"
"0.40","","-3.00","51","773","1031","","","","0.60","","NNE","Облачно","2025-12-04 00:50"
"0.40","","-3.20","51","772","1030","","","","1.00","","NNE","Облачно","2025-12-04 00:51"
"0.40","","-3.20","51","772","1030","","","","0.40","","NNE","Облачно","2025-12-04 00:52"
"0.40","","-2.80","51","772","1030","","","","0.40","","NNE","Облачно","2025-12-04 00:53"
"0.40","","-3.20","51","772","1030","","","","1.00","","NNE","Облачно","2025-12-04 00:54"
"0.40","","-2.90","51","772","1030","","","","0.50","","NNE","Облачно","2025-12-04 00:55"
"0.40","","-2.90","51","772","1030","","","","0.50","","NNE","Облачно","2025-12-04 00:56"
"0.40","","-2.90","51","772","1030","","","","0.40","","NNE","Облачно","2025-12-04 00:57"
"0.40","","-2.50","51","772","1030","","","","0.00","","NNE","Облачно","2025-12-04 00:58"
"0.40","","-2.50","51","772","1030","","","","0.00","","NNE","Облачно","2025-12-04 00:59"
"0.40","","-2.50","51","772","1030","","","","0.00","","NNE","Облачно","2025-12-04 01:00"
"0.40","","-2.80","51","772","1030","","","","0.40","","NNE","Облачно","2025-12-04 01:01"
"0.40","","-2.80","51","772","1030","","","","0.40","","NNE","Облачно","2025-12-04 01:02"
"0.50","","-2.40","51","772","1030","","","","0.00","","NNE","Облачно","2025-12-04 01:03"
"0.50","","-2.40","51","772","1030","","","","0.00","","NNE","Облачно","2025-12-04 01:04"
"0.50","","-2.40","51","772","1030","","","","0.00","","NNE","Облачно","2025-12-04 01:05"
"0.50","","-2.40","51","772","1030","","","","0.00","","NNE","Облачно","2025-12-04 01:06"
"0.50","","-2.40","51","773","1031","","","","0.00","","NNE","Облачно","2025-12-04 01:07"
"0.40","","-2.50","51","773","1031","","","","0.00","","NNE","Облачно","2025-12-04 01:08"
"0.40","","-2.50","51","773","1031","","","","0.00","","NNE","Облачно","2025-12-04 01:09"
"0.40","","-2.50","51","773","1031","","","","0.00","","NNE","Облачно","2025-12-04 01:10"
"0.40","","-2.50","51","773","1031","","","","0.00","","NNE","Облачно","2025-12-04 01:11"
"0.40","","-2.50","51","773","1031","","","","0.40","","NNE","Облачно","2025-12-04 01:12"
"0.40","","-2.50","51","773","1031","","","","0.40","","NNE","Облачно","2025-12-04 01:13"
"0.40","","-3.00","51","773","1031","","","","0.70","","NNE","Облачно","2025-12-04 01:14"
"0.40","","-3.00","51","773","1031","","","","0.70","","NNE","Облачно","2025-12-04 01:15"
"0.40","","-3.30","51","773","1031","","","","0.90","","NNE","Облачно","2025-12-04 01:16"
"0.40","","-3.20","51","773","1031","","","","0.90","","NNE","Облачно","2025-12-04 01:17"
"0.40","","-3.20","51","773","1031","","","","0.90","","NNE","Облачно","2025-12-04 01:18"
"0.40","","-2.90","51","773","1031","","","","0.50","","NNE","Облачно","2025-12-04 01:19"
"0.40","","-2.90","51","773","1031","","","","0.50","","NNE","Облачно","2025-12-04 01:20"
"0.40","","-2.90","51","772","1030","","","","0.50","","NNE","Облачно","2025-12-04 01:21"
"0.40","","-2.90","51","772","1030","","","","0.50","","NNE","Облачно","2025-12-04 01:22"
"0.50","","-2.70","51","772","1030","","","","0.40","","NNE","Облачно","2025-12-04 01:23"
"0.40","","-2.80","51","772","1030","","","","0.40","","NNE","Облачно","2025-12-04 01:24"
"0.40","","-2.90","51","772","1030","","","","0.50","","NNE","Облачно","2025-12-04 01:25"
"0.40","","-2.50","51","772","1030","","","","0.00","","NNE","Облачно","2025-12-04 01:26"
"0.50","","-2.40","51","772","1030","","","","0.00","","NNE","Облачно","2025-12-04 01:27"
"0.50","","-2.40","51","772","1030","","","","0.00","","NNE","Облачно","2025-12-04 01:28"
"0.50","","-2.80","51","772","1030","","","","0.50","","NNE","Облачно","2025-12-04 01:29"
"0.50","","-2.80","51","772","1030","","","","0.00","","NNE","Облачно","2025-12-04 01:30"
"0.40","","-2.50","51","772","1030","","","","0.00","","NNE","Облачно","2025-12-04 01:31"
"0.40","","-2.80","51","772","1030","","","","0.40","","NNE","Облачно","2025-12-04 01:32"
"0.40","","-2.80","51","772","1030","","","","0.00","","NNE","Облачно","2025-12-04 01:33"
"0.40","","-2.50","51","772","1030","","","","0.60","","NNE","Облачно","2025-12-04 01:34"
"0.40","","-3.00","51","772","1030","","","","0.60","","NNE","Облачно","2025-12-04 01:35"
"0.40","","-3.00","51","773","1031","","","","0.60","","NNE","Облачно","2025-12-04 01:36"
"0.40","","-3.00","51","773","1031","","","","0.60","","NNE","Облачно","2025-12-04 01:37"
"0.40","","-3.00","51","773","1031","","","","0.70","","NNE","Облачно","2025-12-04 01:38"
"0.40","","-3.00","51","773","1031","","","","0.70","","NNE","Облачно","2025-12-04 01:39"
"0.40","","-3.00","51","773","1031","","","","0.40","","NNE","Облачно","2025-12-04 01:40"
"0.40","","-2.80","51","773","1031","","","","1.40","","NNE","Облачно","2025-12-04 01:41"
"0.30","","-3.60","51","773","1031","","","","1.40","","N","Облачно","2025-12-04 01:42"
"0.30","","-3.30","51","773","1031","","","","1.00","","N","Облачно","2025-12-04 01:43"
"0.30","","-3.30","51","773","1031","","","","1.00","","N","Облачно","2025-12-04 01:44"
"0.30","","-3.30","51","773","1031","","","","1.00","","N","Облачно","2025-12-04 01:45"
"0.30","","-3.30","51","773","1031","","","","1.00","","N","Облачно","2025-12-04 01:46"
"0.30","","-3.30","51","773","1031","","","","1.00","","N","Облачно","2025-12-04 01:47"
"0.30","","-3.30","51","773","1031","","","","0.50","","N","Облачно","2025-12-04 01:48"
"0.20","","-3.10","51","773","1031","","","","0.50","","N","Облачно","2025-12-04 01:49"
"0.20","","-3.20","51","773","1031","","","","0.90","","N","Облачно","2025-12-04 01:50"
"0.20","","-3.40","51","773","1031","","","","0.90","","N","Облачно","2025-12-04 01:51"
"0.20","","-3.40","51","773","1031","","","","0.90","","N","Облачно","2025-12-04 01:52"
"0.20","","-3.70","51","773","1031","","","","1.40","","N","Облачно","2025-12-04 01:53"
"0.10","","-3.80","51","773","1031","","","","1.90","","N","Облачно","2025-12-04 01:54"
"0.10","","-4.20","51","773","1031","","","","1.90","","N","Облачно","2025-12-04 01:55"
"0.10","","-3.80","51","773","1031","","","","1.40","","N","Облачно","2025-12-04 01:56"
"0.10","","-3.40","51","773","1031","","","","0.60","","N","Облачно","2025-12-04 01:57"
"0.10","","-3.30","51","773","1031","","","","0.60","","N","Облачно","2025-12-04 01:58"
"0.10","","-3.30","51","773","1031","","","","0.60","","N","Облачно","2025-12-04 01:59"
"0.00","","-3.40","51","773","1031","","","","0.70","","N","Облачно","2025-12-04 02:00"
"0.00","","-3.30","51","773","1031","","","","0.50","","N","Облачно","2025-12-04 02:01"
"-0.10","","-3.80","51","773","1031","","","","1.10","","N","Облачно","2025-12-04 02:03"
"-0.10","","-4.30","51","773","1031","","","","1.70","","N","Облачно","2025-12-04 02:04"
"-0.10","","-4.00","51","773","1031","","","","1.30","","N","Облачно","2025-12-04 02:05"
"-0.10","","-3.80","51","773","1031","","","","1.00","","N","Облачно","2025-12-04 02:06"
"-0.10","","-3.80","51","773","1031","","","","1.00","","N","Облачно","2025-12-04 02:07"
"-0.10","","-4.00","51","773","1031","","","","1.30","","N","Облачно","2025-12-04 02:08"
"-0.20","","-3.70","51","773","1031","","","","1.00","","N","Облачно","2025-12-04 02:09"
"-0.20","","-3.90","51","773","1031","","","","1.00","","N","Облачно","2025-12-04 02:10"
"-0.20","","-3.90","51","773","1031","","","","1.00","","N","Облачно","2025-12-04 02:11"
"-0.20","","-3.60","51","773","1031","","","","1.20","","N","Облачно","2025-12-04 02:12"
"-0.20","","-4.00","51","773","1031","","","","1.20","","N","Облачно","2025-12-04 02:13"
"-0.20","","-4.00","51","773","1031","","","","1.00","","N","Облачно","2025-12-04 02:14"
"-0.30","","-4.00","51","773","1031","","","","1.00","","N","Облачно","2025-12-04 02:15"
"-0.30","","-4.10","51","773","1031","","","","1.20","","N","Облачно","2025-12-04 02:16"
"-0.30","","-4.10","51","773","1031","","","","1.20","","N","Облачно","2025-12-04 02:17"
"-0.30","","-4.10","51","773","1031","","","","1.20","","N","Облачно","2025-12-04 02:18"
"-0.40","","-3.80","51","773","1031","","","","1.20","","N","Облачно","2025-12-04 02:19"
"-0.40","","-4.20","51","773","1031","","","","1.20","","N","Облачно","2025-12-04 02:20"
"-0.40","","-4.20","51","773","1031","","","","1.10","","N","Облачно","2025-12-04 02:21"
"-0.40","","-4.20","52","773","1031","","","","0.70","","N","Облачно","2025-12-04 02:22"
"-0.40","","-3.90","52","773","1031","","","","0.70","","N","Облачно","2025-12-04 02:23"
"-0.40","","-3.90","52","773","1031","","","","0.70","","N","Облачно","2025-12-04 02:24"
"-0.40","","-3.40","52","773","1031","","","","0.00","","N","Облачно","2025-12-04 02:25"
"-0.40","","-3.40","52","773","1031","","","","0.00","","N","Облачно","2025-12-04 02:26"
"-0.40","","-4.10","52","773","1031","","","","1.00","","N","Облачно","2025-12-04 02:27"
"-0.40","","-4.10","52","773","1031","","","","1.00","","N","Облачно","2025-12-04 02:28"
"-0.50","","-4.30","52","773","1031","","","","1.20","","N","Облачно","2025-12-04 02:29"
"-0.50","","-4.30","52","773","1031","","","","0.90","","N","Облачно","2025-12-04 02:30"
"-0.50","","-4.10","52","773","1031","","","","0.90","","N","Облачно","2025-12-04 02:31"
"-0.60","","-4.10","52","773","1031","","","","0.70","","N","Облачно","2025-12-04 02:32"
"-0.60","","-4.30","52","773","1031","","","","1.00","","N","Облачно","2025-12-04 02:33"
"-0.60","","-4.00","52","773","1031","","","","0.60","","N","Облачно","2025-12-04 02:34"
"-0.60","","-4.10","52","773","1031","","","","0.70","","N","Облачно","2025-12-04 02:35"
"-0.60","","-4.10","52","773","1031","","","","0.50","","N","Переменная облачность","2025-12-04 02:36"
"-0.60","","-4.10","52","773","1031","","","","0.50","","N","Переменная облачность","2025-12-04 02:37"
"-0.60","","-4.10","52","773","1031","","","","0.70","","N","Переменная облачность","2025-12-04 02:38"
"-0.60","","-4.10","52","773","1031","","","","0.90","","N","Переменная облачность","2025-12-04 02:39"
"-0.60","","-4.10","52","773","1031","","","","1.00","","N","Переменная облачность","2025-12-04 02:40"
"-0.70","","-4.40","52","773","1031","","","","1.00","","N","Переменная облачность","2025-12-04 02:41"
"-0.70","","-4.30","52","773","1031","","","","0.90","","N","Переменная облачность","2025-12-04 02:42"
"-0.70","","-4.30","52","773","1031","","","","1.00","","N","Переменная облачность","2025-12-04 02:43"
"-0.70","","-4.40","52","773","1031","","","","1.00","","N","Переменная облачность","2025-12-04 02:44"
"-0.70","","-4.40","52","773","1031","","","","1.00","","N","Переменная облачность","2025-12-04 02:45"
"-0.70","","-4.30","52","773","1031","","","","0.90","","N","Переменная облачность","2025-12-04 02:46"
"-0.70","","-4.30","52","773","1031","","","","0.90","","N","Переменная облачность","2025-12-04 02:47"
"-0.70","","-4.00","53","773","1031","","","","0.50","","N","Переменная облачность","2025-12-04 02:48"
"-0.70","","-4.00","53","773","1031","","","","1.00","","N","Переменная облачность","2025-12-04 02:49"
"-0.70","","-4.20","53","773","1031","","","","0.70","","N","Переменная облачность","2025-12-04 02:50"
"-0.70","","-4.40","53","773","1031","","","","1.40","","N","Переменная облачность","2025-12-04 02:51"
"-0.60","","-4.60","53","773","1031","","","","1.40","","N","Переменная облачность","2025-12-04 02:52"
"-0.70","","-4.50","53","773","1031","","","","1.10","","N","Переменная облачность","2025-12-04 02:53"
"-0.60","","-4.10","53","773","1031","","","","0.70","","N","Переменная облачность","2025-12-04 02:54"
"-0.60","","-4.10","53","773","1031","","","","0.50","","N","Переменная облачность","2025-12-04 02:55"
"-0.60","","-3.90","53","773","1031","","","","0.00","","N","Переменная облачность","2025-12-04 02:56"
"-0.60","","-3.60","53","773","1031","","","","0.00","","N","Переменная облачность","2025-12-04 02:57"
"-0.60","","-3.60","53","773","1031","","","","0.00","","N","Переменная облачность","2025-12-04 02:58"
"-0.60","","-3.90","53","773","1031","","","","0.40","","N","Переменная облачность","2025-12-04 02:59"
"-0.60","","-3.90","53","773","1031","","","","0.00","","N","Переменная облачность","2025-12-04 03:00"
"-0.60","","-3.60","53","773","1031","","","","0.00","","N","Переменная облачность","2025-12-04 03:01"
"-0.60","","-3.90","53","773","1031","","","","0.50","","N","Переменная облачность","2025-12-04 03:02"
"-0.60","","-3.90","53","773","1031","","","","0.00","","N","Переменная облачность","2025-12-04 03:03"
"-0.60","","-3.90","53","773","1031","","","","0.00","","N","Переменная облачность","2025-12-04 03:04"
"-0.60","","-3.90","53","773","1031","","","","0.40","","N","Переменная облачность","2025-12-04 03:05"
"-0.70","","-4.00","53","773","1031","","","","0.50","","N","Переменная облачность","2025-12-04 03:06"
"-0.70","","-4.00","53","773","1031","","","","0.50","","N","Переменная облачность","2025-12-04 03:07"
"-0.60","","-3.80","54","773","1031","","","","0.40","","N","Переменная облачность","2025-12-04 03:08"
"-0.60","","-3.80","54","773","1031","","","","0.40","","N","Переменная облачность","2025-12-04 03:09"
"-0.60","","-4.00","54","773","1031","","","","0.50","","N","Переменная облачность","2025-12-04 03:10"
"-0.60","","-3.90","54","773","1031","","","","0.50","","N","Переменная облачность","2025-12-04 03:11"
"-0.60","","-3.90","54","773","1031","","","","0.40","","N","Переменная облачность","2025-12-04 03:12"
"-0.60","","-3.80","54","773","1031","","","","0.40","","N","Переменная облачность","2025-12-04 03:13"
"-0.60","","-3.80","54","773","1031","","","","0.40","","N","Переменная облачность","2025-12-04 03:14"
"-0.60","","-3.80","54","773","1031","","","","0.00","","N","Переменная облачность","2025-12-04 03:15"
"-0.60","","-3.80","54","773","1031","","","","0.40","","N","Переменная облачность","2025-12-04 03:16"
"-0.60","","-3.90","54","773","1031","","","","0.00","","N","Переменная облачность","2025-12-04 03:17"
"-0.60","","-3.60","54","773","1031","","","","0.00","","N","Переменная облачность","2025-12-04 03:18"
"-0.60","","-3.60","54","773","1031","","","","0.00","","N","Переменная облачность","2025-12-04 03:19"
"-0.60","","-3.80","54","773","1031","","","","0.40","","N","Переменная облачность","2025-12-04 03:20"
"-0.60","","-3.80","54","773","1031","","","","0.40","","N","Переменная облачность","2025-12-04 03:21"
"-0.60","","-3.80","54","773","1031","","","","0.40","","N","Переменная облачность","2025-12-04 03:22"
"-0.50","","-3.70","54","773","1031","","","","0.40","","N","Переменная облачность","2025-12-04 03:23"
"-0.50","","-3.70","54","773","1031","","","","0.40","","N","Переменная облачность","2025-12-04 03:24"
"-0.50","","-3.70","54","773","1031","","","","0.00","","N","Переменная облачность","2025-12-04 03:25"
"-0.50","","-3.70","54","773","1031","","","","0.00","","N","Переменная облачность","2025-12-04 03:26"
"-0.50","","-3.40","54","773","1031","","","","0.00","","N","Переменная облачность","2025-12-04 03:27"
"-0.50","","-3.90","54","773","1031","","","","0.50","","N","Переменная облачность","2025-12-04 03:28"
"-0.50","","-3.80","54","773","1031","","","","0.50","","N","Переменная облачность","2025-12-04 03:29"
"-0.50","","-3.70","54","773","1031","","","","0.40","","N","Переменная облачность","2025-12-04 03:30"
"-0.50","","-3.70","54","773","1031","","","","0.40","","N","Переменная облачность","2025-12-04 03:31"
"-0.40","","-3.30","54","773","1031","","","","0.00","","N","Переменная облачность","2025-12-04 03:32"
"-0.40","","-3.30","54","773","1031","","","","0.00","","N","Переменная облачность","2025-12-04 03:33"
"-0.40","","-3.60","54","773","1031","","","","0.40","","N","Переменная облачность","2025-12-04 03:34"
"-0.40","","-3.60","54","773","1031","","","","0.50","","N","Переменная облачность","2025-12-04 03:35"
"-0.40","","-3.70","54","773","1031","","","","0.50","","N","Переменная облачность","2025-12-04 03:36"
"-0.40","","-3.30","54","773","1031","","","","0.00","","N","Переменная облачность","2025-12-04 03:37"
"-0.40","","-3.30","54","773","1031","","","","0.00","","N","Переменная облачность","2025-12-04 03:38"
"-0.40","","-3.60","54","773","1031","","","","0.40","","N","Переменная облачность","2025-12-04 03:39"
"-0.40","","-3.60","54","773","1031","","","","0.40","","N","Переменная облачность","2025-12-04 03:40"
"-0.40","","-3.30","54","773","1031","","","","0.00","","N","Переменная облачность","2025-12-04 03:41"
"-0.40","","-3.30","54","773","1031","","","","0.00","","N","Переменная облачность","2025-12-04 03:42"
"-0.40","","-3.60","54","773","1031","","","","0.40","","N","Переменная облачность","2025-12-04 03:43"
"-0.40","","-3.70","54","773","1031","","","","0.50","","N","Переменная облачность","2025-12-04 03:44"
"-0.40","","-3.80","54","773","1031","","","","0.60","","N","Переменная облачность","2025-12-04 03:45"
"-0.40","","-3.70","55","773","1031","","","","0.50","","N","Переменная облачность","2025-12-04 03:46"
"-0.40","","-3.70","55","773","1031","","","","0.50","","N","Переменная облачность","2025-12-04 03:47"
"-0.40","","-3.60","55","773","1031","","","","0.40","","N","Переменная облачность","2025-12-04 03:48"
"-0.40","","-3.30","55","773","1031","","","","0.00","","N","Переменная облачность","2025-12-04 03:49"
"-0.40","","-3.70","55","773","1031","","","","0.50","","N","Переменная облачность","2025-12-04 03:50"
"-0.40","","-3.80","55","773","1031","","","","0.70","","N","Переменная облачность","2025-12-04 03:51"
"-0.30","","-3.20","55","773","1031","","","","0.00","","N","Переменная облачность","2025-12-04 03:52"
"-0.30","","-3.50","55","773","1031","","","","0.40","","N","Переменная облачность","2025-12-04 03:53"
"-0.30","","-3.50","55","773","1031","","","","0.00","","N","Переменная облачность","2025-12-04 03:54"
"-0.30","","-3.20","55","773","1031","","","","0.00","","N","Переменная облачность","2025-12-04 03:55"
"-0.30","","-3.20","55","773","1031","","","","0.00","","N","Переменная облачность","2025-12-04 03:56"
"-0.30","","-3.60","55","773","1031","","","","0.50","","N","Переменная облачность","2025-12-04 03:57"
"-0.30","","-3.90","55","773","1031","","","","1.00","","N","Переменная облачность","2025-12-04 03:58"
"-0.30","","-3.70","55","773","1031","","","","0.70","","N","Переменная облачность","2025-12-04 03:59"
"-0.30","","-3.70","55","773","1031","","","","1.10","","N","Переменная облачность","2025-12-04 04:00"
"-0.30","","-4.00","54","773","1031","","","","0.60","","N","Переменная облачность","2025-12-04 04:01"
"-0.30","","-3.70","54","773","1031","","","","0.50","","N","Переменная облачность","2025-12-04 04:02"
"-0.30","","-3.60","55","773","1031","","","","1.70","","N","Переменная облачность","2025-12-04 04:03"
"-0.30","","-3.60","55","773","1031","","","","1.70","","N","Переменная облачность","2025-12-04 04:04"
"-0.30","","-4.10","55","773","1031","","","","1.30","","N","Переменная облачность","2025-12-04 04:05"
"-0.30","","-4.10","55","773","1031","","","","1.30","","N","Переменная облачность","2025-12-04 04:06"
"-0.30","","-4.40","55","773","1031","","","","1.70","","N","Переменная облачность","2025-12-04 04:07"
"-0.30","","-4.40","55","773","1031","","","","1.10","","N","Переменная облачность","2025-12-04 04:08"
"-0.30","","-4.00","55","773","1031","","","","1.10","","N","Переменная облачность","2025-12-04 04:09"
"-0.30","","-4.00","54","773","1031","","","","1.10","","N","Переменная облачность","2025-12-04 04:10"
"-0.30","","-3.80","55","773","1031","","","","0.90","","N","Переменная облачность","2025-12-04 04:11"
"-0.30","","-3.90","55","773","1031","","","","1.00","","N","Переменная облачность","2025-12-04 04:12"
"-0.20","","-3.80","55","773","1031","","","","1.00","","N","Переменная облачность","2025-12-04 04:13"
"-0.20","","-3.90","55","773","1031","","","","1.20","","N","Переменная облачность","2025-12-04 04:14"
"-0.20","","-3.70","55","773","1031","","","","0.40","","N","Переменная облачность","2025-12-04 04:15"
"-0.20","","-3.40","55","773","1031","","","","0.40","","N","Переменная облачность","2025-12-04 04:16"
"-0.20","","-3.40","55","773","1031","","","","0.40","","N","Переменная облачность","2025-12-04 04:17"
"-0.20","","-3.40","55","773","1031","","","","1.20","","N","Переменная облачность","2025-12-04 04:18"
"-0.10","","-3.70","55","773","1031","","","","1.00","","N","Переменная облачность","2025-12-04 04:19"
"-0.10","","-3.60","55","773","1031","","","","0.90","","N","Переменная облачность","2025-12-04 04:20"
"-0.10","","-3.60","55","773","1031","","","","0.90","","N","Переменная облачность","2025-12-04 04:21"
"-0.10","","-3.00","55","773","1031","","","","0.40","","N","Переменная облачность","2025-12-04 04:22"
"-0.10","","-3.30","55","773","1031","","","","0.40","","N","Переменная облачность","2025-12-04 04:23"
"-0.10","","-3.30","55","773","1031","","","","0.50","","N","Переменная облачность","2025-12-04 04:24"
"-0.10","","-3.30","55","773","1031","","","","0.50","","N","Переменная облачность","2025-12-04 04:25"
"0.00","","-3.30","55","773","1031","","","","0.60","","N","Переменная облачность","2025-12-04 04:26"
"-0.10","","-3.50","55","773","1031","","","","0.70","","N","Переменная облачность","2025-12-04 04:27"
"-0.10","","-3.30","55","773","1031","","","","0.50","","N","Переменная облачность","2025-12-04 04:28"
"0.00","","-3.20","55","773","1031","","","","0.00","","N","Переменная облачность","2025-12-04 04:29"
"0.00","","-2.90","55","773","1031","","","","0.00","","N","Переменная облачность","2025-12-04 04:30"
"0.00","","-3.20","55","773","1031","","","","0.40","","N","Переменная облачность","2025-12-04 04:31"
"0.00","","-2.90","55","773","1031","","","","0.00","","N","Переменная облачность","2025-12-04 04:32"
"0.00","","-3.20","55","773","1031","","","","0.40","","N","Переменная облачность","2025-12-04 04:33"
"0.00","","-3.20","55","773","1031","","","","0.40","","N","Переменная облачность","2025-12-04 04:34"
"0.00","","-2.90","55","773","1031","","","","0.00","","N","Переменная облачность","2025-12-04 04:35"
"0.00","","-2.90","55","773","1031","","","","0.00","","N","Облачно","2025-12-04 04:36"
"0.00","","-2.90","55","773","1031","","","","0.00","","N","Облачно","2025-12-04 04:37"
"0.00","","-2.90","55","773","1031","","","","0.00","","N","Облачно","2025-12-04 04:38"
"0.00","","-3.20","55","773","1031","","","","0.40","","N","Облачно","2025-12-04 04:39"
"0.10","","-3.10","55","773","1031","","","","0.50","","N","Облачно","2025-12-04 04:40"
"0.10","","-3.10","55","773","1031","","","","0.50","","N","Облачно","2025-12-04 04:41"
"0.10","","-3.10","55","773","1031","","","","0.50","","N","Облачно","2025-12-04 04:42"
"0.10","","-3.10","55","773","1031","","","","0.40","","N","Облачно","2025-12-04 04:43"
"0.10","","-3.10","55","773","1031","","","","0.40","","N","Облачно","2025-12-04 04:44"
"0.10","","-3.10","55","773","1031","","","","0.50","","N","Облачно","2025-12-04 04:45"
"0.10","","-3.40","55","773","1031","","","","0.90","","N","Облачно","2025-12-04 04:46"
"0.10","","-3.40","55","773","1031","","","","0.50","","N","Облачно","2025-12-04 04:47"
"0.10","","-3.10","55","773","1031","","","","0.50","","N","Облачно","2025-12-04 04:48"
"0.10","","-3.10","55","773","1031","","","","0.50","","N","Облачно","2025-12-04 04:49"
"0.10","","-2.80","55","773","1031","","","","0.00","","N","Облачно","2025-12-04 04:50"
"0.10","","-2.80","55","774","1032","","","","0.00","","N","Облачно","2025-12-04 04:51"
"0.10","","-3.10","55","774","1032","","","","0.40","","N","Облачно","2025-12-04 04:52"
"0.10","","-3.10","55","774","1032","","","","0.40","","N","Облачно","2025-12-04 04:53"
"0.20","","-3.00","55","774","1032","","","","0.40","","N","Облачно","2025-12-04 04:54"
"0.20","","-3.00","55","774","1032","","","","0.40","","N","Облачно","2025-12-04 04:55"
"0.20","","-3.20","55","774","1032","","","","0.70","","N","Облачно","2025-12-04 04:56"
"0.20","","-3.30","55","774","1032","","","","0.90","","N","Облачно","2025-12-04 04:57"
"0.20","","-3.20","55","774","1032","","","","0.70","","N","Облачно","2025-12-04 04:58"
"0.20","","-3.20","55","774","1032","","","","0.60","","N","Облачно","2025-12-04 04:59"
"0.20","","-3.20","55","774","1032","","","","0.70","","N","Облачно","2025-12-04 05:00"
"0.20","","-3.00","55","774","1032","","","","0.40","","N","Облачно","2025-12-04 05:01"
"0.20","","-3.00","55","774","1032","","","","0.40","","N","Облачно","2025-12-04 05:02"
"0.20","","-2.70","55","774","1032","","","","0.00","","N","Облачно","2025-12-04 05:03"
"0.20","","-2.70","55","774","1032","","","","0.00","","N","Облачно","2025-12-04 05:04"
"0.30","","-2.60","55","774","1032","","","","0.00","","N","Облачно","2025-12-04 05:05"
"0.30","","-3.00","55","774","1032","","","","0.60","","N","Облачно","2025-12-04 05:06"
"0.20","","-3.10","55","774","1032","","","","0.70","","N","Облачно","2025-12-04 05:07"
"0.20","","-3.10","55","774","1032","","","","0.70","","N","Облачно","2025-12-04 05:08"
"0.30","","-2.80","55","774","1032","","","","0.40","","N","Облачно","2025-12-04 05:09"
"0.30","","-2.90","54","774","1032","","","","0.00","","N","Облачно","2025-12-04 05:10"
"0.30","","-2.90","54","774","1032","","","","0.00","","N","Облачно","2025-12-04 05:11"
"0.30","","-2.90","54","774","1032","","","","0.50","","N","Облачно","2025-12-04 05:12"
"0.30","","-2.90","54","774","1032","","","","0.40","","N","Облачно","2025-12-04 05:13"
"0.30","","-2.90","54","774","1032","","","","0.40","","N","Облачно","2025-12-04 05:14"
"0.30","","-2.60","55","774","1032","","","","0.00","","N","Облачно","2025-12-04 05:15"
"0.30","","-2.60","55","774","1032","","","","0.00","","N","Облачно","2025-12-04 05:16"
"0.40","","-2.50","55","774","1032","","","","0.00","","N","Облачно","2025-12-04 05:17"
"0.40","","-2.50","55","774","1032","","","","0.00","","N","Облачно","2025-12-04 05:18"
"0.40","","-2.70","55","774","1032","","","","0.40","","N","Облачно","2025-12-04 05:19"
"0.40","","-2.50","55","774","1032","","","","0.00","","N","Облачно","2025-12-04 05:20"
"0.40","","-2.50","55","773","1031","","","","0.00","","N","Облачно","2025-12-04 05:21"
"0.40","","-2.50","55","773","1031","","","","0.00","","N","Облачно","2025-12-04 05:22"
"0.40","","-2.50","55","773","1031","","","","0.00","","N","Облачно","2025-12-04 05:23"
"0.40","","-2.50","55","773","1031","","","","0.70","","N","Облачно","2025-12-04 05:24"
"0.40","","-2.80","54","773","1031","","","","0.50","","N","Облачно","2025-12-04 05:25"
"0.40","","-2.80","54","773","1031","","","","0.40","","N","Облачно","2025-12-04 05:26"
"0.40","","-2.80","54","773","1031","","","","0.40","","N","Облачно","2025-12-04 05:27"
"0.40","","-2.80","54","773","1031","","","","0.50","","N","Облачно","2025-12-04 05:28"
"0.50","","-2.70","54","773","1031","","","","0.50","","N","Облачно","2025-12-04 05:29"
"0.50","","-2.70","54","773","1031","","","","0.50","","N","Облачно","2025-12-04 05:30"
"0.50","","-2.70","54","773","1031","","","","0.50","","N","Облачно","2025-12-04 05:31"
"0.50","","-2.40","54","773","1031","","","","0.00","","N","Облачно","2025-12-04 05:32"
"0.50","","-2.40","54","773","1031","","","","0.00","","N","Облачно","2025-12-04 05:33"
"0.50","","-2.70","54","773","1031","","","","0.50","","N","Облачно","2025-12-04 05:34"
"0.50","","-2.40","54","773","1031","","","","0.00","","N","Облачно","2025-12-04 05:35"
"0.50","","-2.70","54","774","1032","","","","0.40","","N","Облачно","2025-12-04 05:36"
"0.50","","-2.70","54","774","1032","","","","0.40","","N","Облачно","2025-12-04 05:37"
"0.50","","-2.40","54","774","1032","","","","0.00","","N","Облачно","2025-12-04 05:38"
"0.50","","-2.40","54","774","1032","","","","0.00","","N","Облачно","2025-12-04 05:39"
"0.50","","-2.40","54","774","1032","","","","0.60","","N","Облачно","2025-12-04 05:40"
"0.50","","-2.70","54","774","1032","","","","0.40","","N","Облачно","2025-12-04 05:41"
"0.50","","-2.70","54","774","1032","","","","0.50","","N","Облачно","2025-12-04 05:42"
"0.50","","-2.70","54","774","1032","","","","0.40","","N","Облачно","2025-12-04 05:43"
"0.50","","-2.70","54","774","1032","","","","0.40","","N","Облачно","2025-12-04 05:44"
"0.50","","-2.40","54","774","1032","","","","1.10","","N","Облачно","2025-12-04 05:45"
"0.50","","-3.10","54","774","1032","","","","1.10","","N","Облачно","2025-12-04 05:46"
"0.50","","-3.10","54","774","1032","","","","1.10","","N","Облачно","2025-12-04 05:47"
"0.60","","-2.70","54","774","1032","","","","0.60","","N","Облачно","2025-12-04 05:48"
"0.60","","-2.70","54","774","1032","","","","0.40","","N","Облачно","2025-12-04 05:49"
"0.60","","-2.50","54","774","1032","","","","0.40","","N","Облачно","2025-12-04 05:50"
"0.60","","-2.70","54","773","1031","","","","0.60","","N","Облачно","2025-12-04 05:51"
"0.60","","-2.70","54","773","1031","","","","0.60","","N","Облачно","2025-12-04 05:52"
"0.60","","-2.90","54","773","1031","","","","0.40","","N","Облачно","2025-12-04 05:53"
"0.60","","-2.50","54","773","1031","","","","0.40","","N","Облачно","2025-12-04 05:54"
"0.60","","-2.50","54","773","1031","","","","0.50","","N","Облачно","2025-12-04 05:55"
"0.60","","-2.30","54","773","1031","","","","0.40","","N","Облачно","2025-12-04 05:56"
"0.60","","-2.50","54","773","1031","","","","0.40","","N","Облачно","2025-12-04 05:57"
"0.60","","-2.60","54","773","1031","","","","0.50","","N","Облачно","2025-12-04 05:58"
"0.60","","-2.80","54","773","1031","","","","0.60","","N","Облачно","2025-12-04 05:59"
"0.60","","-2.70","54","773","1031","","","","0.50","","N","Облачно","2025-12-04 06:00"
"0.70","","-2.50","54","773","1031","","","","0.50","","N","Облачно","2025-12-04 06:01"
"0.70","","-2.50","54","773","1031","","","","0.50","","N","Облачно","2025-12-04 06:02"
"0.70","","-2.50","54","773","1031","","","","0.50","","N","Облачно","2025-12-04 06:03"
"0.70","","-2.60","54","773","1031","","","","0.60","","N","Облачно","2025-12-04 06:04"
"0.70","","-2.60","54","773","1031","","","","0.60","","N","Облачно","2025-12-04 06:05"
"0.70","","-2.40","54","774","1032","","","","0.70","","N","Облачно","2025-12-04 06:06"
"0.70","","-2.60","54","774","1032","","","","0.70","","N","Облачно","2025-12-04 06:07"
"0.70","","-2.60","54","774","1032","","","","0.70","","N","Облачно","2025-12-04 06:08"
"0.80","","-2.50","54","774","1032","","","","0.60","","N","Облачно","2025-12-04 06:09"
"0.80","","-2.50","54","774","1032","","","","0.50","","N","Облачно","2025-12-04 06:10"
"0.80","","-2.40","54","774","1032","","","","1.00","","N","Облачно","2025-12-04 06:11"
"0.80","","-3.00","54","774","1032","","","","1.40","","N","Облачно","2025-12-04 06:12"
"0.80","","-3.00","54","774","1032","","","","1.30","","N","Облачно","2025-12-04 06:13"
"0.80","","-3.00","54","774","1032","","","","0.70","","N","Облачно","2025-12-04 06:14"
"0.80","","-2.50","54","774","1032","","","","1.00","","N","Облачно","2025-12-04 06:15"
"0.80","","-2.70","54","774","1032","","","","1.00","","N","Облачно","2025-12-04 06:16"
"0.80","","-2.70","54","774","1032","","","","1.00","","N","Облачно","2025-12-04 06:17"
"0.80","","-2.70","54","774","1032","","","","1.50","","N","Облачно","2025-12-04 06:18"
"0.80","","-2.80","54","774","1032","","","","1.10","","N","Облачно","2025-12-04 06:19"
"0.80","","-2.50","54","774","1032","","","","0.60","","N","Облачно","2025-12-04 06:20"
"0.80","","-2.00","54","774","1032","","","","0.00","","N","Облачно","2025-12-04 06:21"
"0.80","","-2.00","54","774","1032","","","","0.00","","N","Облачно","2025-12-04 06:22"
"0.80","","-2.00","54","774","1032","","","","0.00","","N","Облачно","2025-12-04 06:23"
"0.80","","-2.50","54","774","1032","","","","0.60","","N","Облачно","2025-12-04 06:24"
"0.80","","-2.70","54","774","1032","","","","1.00","","N","Облачно","2025-12-04 06:25"
"0.80","","-2.70","54","774","1032","","","","0.90","","N","Облачно","2025-12-04 06:26"
"0.80","","-2.70","53","774","1032","","","","0.90","","N","Облачно","2025-12-04 06:27"
"0.80","","-2.80","53","774","1032","","","","1.10","","N","Облачно","2025-12-04 06:28"
"0.80","","-2.80","53","774","1032","","","","1.10","","N","Облачно","2025-12-04 06:29"
"0.80","","-3.20","53","774","1032","","","","1.60","","N","Облачно","2025-12-04 06:30"
"0.80","","-2.90","53","774","1032","","","","1.00","","N","Облачно","2025-12-04 06:31"
"0.80","","-2.90","53","774","1032","","","","1.00","","N","Облачно","2025-12-04 06:32"
"0.90","","-2.40","53","774","1032","","","","0.70","","N","Облачно","2025-12-04 06:33"
"0.90","","-2.00","53","774","1032","","","","1.10","","N","Облачно","2025-12-04 06:34"
"0.90","","-2.70","53","774","1032","","","","1.50","","N","Облачно","2025-12-04 06:35"
"0.90","","-2.70","53","774","1032","","","","1.50","","N","Облачно","2025-12-04 06:36"
"0.90","","-3.00","53","774","1032","","","","1.50","","N","Облачно","2025-12-04 06:37"
"0.90","","-3.00","53","774","1032","","","","1.00","","N","Облачно","2025-12-04 06:38"
"0.90","","-2.70","53","774","1032","","","","0.90","","N","Облачно","2025-12-04 06:39"
"0.90","","-2.70","53","774","1032","","","","1.10","","N","Облачно","2025-12-04 06:40"
"1.00","","-2.10","53","774","1032","","","","0.40","","N","Облачно","2025-12-04 06:41"
"1.00","","-2.10","53","774","1032","","","","0.40","","N","Облачно","2025-12-04 06:42"
"1.00","","-2.70","53","774","1032","","","","1.20","","N","Облачно","2025-12-04 06:43"
"1.00","","-2.50","53","774","1032","","","","0.90","","N","Облачно","2025-12-04 06:44"
"1.00","","-2.50","53","774","1032","","","","0.90","","N","Облачно","2025-12-04 06:45"
"1.00","","-2.70","53","774","1032","","","","1.20","","NNW","Облачно","2025-12-04 06:46"
"1.00","","-2.80","53","774","1032","","","","1.40","","NNW","Облачно","2025-12-04 06:47"
"1.00","","-2.80","53","774","1032","","","","1.50","","NNW","Облачно","2025-12-04 06:48"
"1.00","","-2.90","53","774","1032","","","","1.50","","NNW","Облачно","2025-12-04 06:49"
"1.00","","-2.50","53","774","1032","","","","0.90","","NNW","Облачно","2025-12-04 06:50"
"1.10","","-2.10","53","774","1032","","","","0.50","","NNW","Облачно","2025-12-04 06:51"
"1.10","","-2.20","53","774","1032","","","","0.70","","NNW","Облачно","2025-12-04 06:52"
"1.10","","-2.20","53","774","1032","","","","0.70","","NNW","Облачно","2025-12-04 06:53"
"1.10","","-2.90","53","774","1032","","","","1.70","","NNW","Облачно","2025-12-04 06:54"
"1.10","","-2.90","53","774","1032","","","","1.00","","NNW","Облачно","2025-12-04 06:55"
"1.10","","-2.70","53","774","1032","","","","1.40","","NNW","Облачно","2025-12-04 06:56"
"1.10","","-2.70","53","774","1032","","","","1.40","","NNW","Облачно","2025-12-04 06:57"
"1.10","","-3.00","53","774","1032","","","","1.50","","NNW","Облачно","2025-12-04 06:58"
"1.10","","-3.00","53","774","1032","","","","1.70","","NNW","Облачно","2025-12-04 06:59"
"1.10","","-3.00","53","774","1032","","","","1.70","","NNW","Облачно","2025-12-04 07:00"
"1.10","","-3.00","53","774","1032","","","","1.70","","NNW","Облачно","2025-12-04 07:01"
"1.10","","-3.00","53","774","1032","","","","1.70","","NNW","Облачно","2025-12-04 07:02"
"1.10","","-3.00","53","774","1032","","","","1.20","","NNW","Облачно","2025-12-04 07:03"
"1.10","","-2.60","53","774","1032","","","","1.20","","NNW","Облачно","2025-12-04 07:04"
"1.10","","-2.60","53","774","1032","","","","1.40","","NNW","Облачно","2025-12-04 07:05"
"1.10","","-2.70","53","774","1032","","","","1.40","","NNW","Облачно","2025-12-04 07:06"
"1.10","","-2.70","53","774","1032","","","","1.30","","NNW","Облачно","2025-12-04 07:07"
"1.10","","-2.70","53","774","1032","","","","1.30","","NNW","Облачно","2025-12-04 07:08"
"1.10","","-2.70","53","774","1032","","","","1.30","","NNW","Облачно","2025-12-04 07:09"
"1.10","","-3.10","53","774","1032","","","","1.90","","NNW","Облачно","2025-12-04 07:10"
"1.10","","-3.80","53","774","1032","","","","3.00","","NNW","Облачно","2025-12-04 07:11"
"1.10","","-2.80","53","774","1032","","","","1.50","","NNW","Облачно","2025-12-04 07:12"
"1.10","","-2.20","53","774","1032","","","","0.70","","NNW","Облачно","2025-12-04 07:13"
"1.10","","-2.20","53","774","1032","","","","0.70","","NNW","Облачно","2025-12-04 07:14"
"1.20","","-1.60","53","774","1032","","","","0.00","","NNW","Облачно","2025-12-04 07:15"
"1.20","","-2.00","53","774","1032","","","","1.10","","NNW","Облачно","2025-12-04 07:16"
"1.20","","-2.40","53","774","1032","","","","0.70","","NNW","Облачно","2025-12-04 07:17"
"1.20","","-2.40","53","774","1032","","","","0.70","","NNW","Облачно","2025-12-04 07:18"
"1.20","","-2.40","53","774","1032","","","","0.70","","NNW","Облачно","2025-12-04 07:19"
"1.20","","-2.10","53","774","1032","","","","0.70","","NNW","Облачно","2025-12-04 07:20"
"1.20","","-2.70","53","774","1032","","","","1.50","","NNW","Облачно","2025-12-04 07:21"
"1.20","","-2.70","53","774","1032","","","","1.40","","NNW","Облачно","2025-12-04 07:22"
"1.20","","-2.70","53","774","1032","","","","1.40","","NNW","Облачно","2025-12-04 07:23"
"1.20","","-2.70","53","774","1032","","","","1.40","","NNW","Облачно","2025-12-04 07:24"
"1.20","","-2.50","53","774","1032","","","","1.20","","NNW","Облачно","2025-12-04 07:25"
"1.20","","-2.50","53","774","1032","","","","1.20","","NNW","Облачно","2025-12-04 07:26"
"1.20","","-2.10","53","774","1032","","","","0.70","","NNW","Облачно","2025-12-04 07:27"
"1.20","","-2.10","53","774","1032","","","","0.70","","NNW","Облачно","2025-12-04 07:28"
"1.20","","-2.70","53","774","1032","","","","2.00","","NNW","Облачно","2025-12-04 07:29"
"1.20","","-3.00","53","774","1032","","","","2.00","","NNW","Облачно","2025-12-04 07:30"
"1.20","","-3.00","53","774","1032","","","","2.00","","NNW","Облачно","2025-12-04 07:31"
"1.30","","-1.90","53","774","1032","","","","0.60","","NNW","Облачно","2025-12-04 07:32"
"1.30","","-1.90","53","774","1032","","","","1.00","","NNW","Облачно","2025-12-04 07:33"
"1.30","","-1.80","53","774","1032","","","","0.40","","NNW","Облачно","2025-12-04 07:34"
"1.30","","-1.80","53","774","1032","","","","0.40","","NNW","Облачно","2025-12-04 07:35"
"1.40","","-2.50","53","773","1031","","","","1.60","","NNW","Облачно","2025-12-04 07:36"
"1.40","","-2.50","53","773","1031","","","","0.70","","NNW","Облачно","2025-12-04 07:37"
"1.40","","-2.50","53","773","1031","","","","0.70","","NNW","Облачно","2025-12-04 07:38"
"1.40","","-1.40","53","773","1031","","","","0.00","","NNW","Облачно","2025-12-04 07:39"
"1.40","","-1.70","53","773","1031","","","","0.40","","NNW","Облачно","2025-12-04 07:40"
"1.40","","-2.20","53","773","1031","","","","1.10","","NNW","Облачно","2025-12-04 07:41"
"1.40","","-2.20","53","773","1031","","","","1.10","","NNW","Облачно","2025-12-04 07:42"
"1.40","","-2.20","53","773","1031","","","","1.10","","NNW","Облачно","2025-12-04 07:43"
"1.40","","-2.30","53","773","1031","","","","1.30","","NNW","Облачно","2025-12-04 07:44"
"1.40","","-2.30","53","773","1031","","","","1.20","","NNW","Облачно","2025-12-04 07:45"
"1.50","","-1.80","52","773","1031","","","","0.70","","NNW","Облачно","2025-12-04 07:46"
"1.50","","-1.80","52","773","1031","","","","0.70","","NNW","Облачно","2025-12-04 07:47"
"1.50","","-1.80","52","773","1031","","","","0.60","","NNW","Облачно","2025-12-04 07:48"
"1.50","","-1.30","52","773","1031","","","","0.00","","NNW","Облачно","2025-12-04 07:49"
"1.50","","-1.60","52","773","1031","","","","0.00","","NNW","Облачно","2025-12-04 07:50"
"1.60","","-1.20","52","774","1032","","","","0.40","","NNW","Облачно","2025-12-04 07:51"
"1.60","","-1.50","52","774","1032","","","","0.40","","NNW","Облачно","2025-12-04 07:52"
"1.60","","-1.20","52","774","1032","","","","0.00","","NNW","Облачно","2025-12-04 07:53"
"1.60","","-1.20","52","774","1032","","","","0.00","","NNW","Облачно","2025-12-04 07:54"
"1.60","","-1.20","52","774","1032","","","","0.00","","NNW","Облачно","2025-12-04 07:55"
"1.70","","-1.10","52","774","1032","","","","0.00","","NNW","Облачно","2025-12-04 07:56"
"1.70","","-1.50","52","774","1032","","","","0.50","","NNW","Облачно","2025-12-04 07:57"
"1.70","","-1.10","52","774","1032","","","","0.40","","NNW","Облачно","2025-12-04 07:58"
"1.70","","-1.10","52","774","1032","","","","0.40","","NNW","Облачно","2025-12-04 07:59"
"1.80","","-1.40","52","774","1032","","","","0.50","","NNW","Облачно","2025-12-04 08:00"
"1.80","","-1.00","52","774","1032","","","","0.60","","NNW","Облачно","2025-12-04 08:01"
"1.80","","-1.00","52","774","1032","","","","0.60","","NNW","Облачно","2025-12-04 08:02"
"1.80","","-1.40","52","774","1032","","","","0.40","","NNW","Облачно","2025-12-04 08:03"
"1.80","","-1.40","52","774","1032","","","","0.50","","NNW","Облачно","2025-12-04 08:04"
"1.80","","-1.40","52","774","1032","","","","0.50","","NNW","Облачно","2025-12-04 08:05"
"1.80","","-1.40","52","774","1032","","","","0.00","","NNW","Облачно","2025-12-04 08:06"
"1.80","","-1.00","52","774","1032","","","","0.00","","NNW","Облачно","2025-12-04 08:07"
"1.80","","-1.00","52","774","1032","","","","0.00","","NNW","Облачно","2025-12-04 08:08"
"1.80","","-1.50","52","774","1032","","","","0.00","","NNW","Облачно","2025-12-04 08:09"
"1.80","","-1.00","52","774","1032","","","","0.00","","NNW","Облачно","2025-12-04 08:10"
"1.90","","-0.90","52","774","1032","","","","0.00","","NNW","Облачно","2025-12-04 08:11"
"1.90","","-0.90","52","774","1032","","","","0.00","","NNW","Облачно","2025-12-04 08:12"
"1.90","","-1.20","52","774","1032","","","","0.40","","NNW","Облачно","2025-12-04 08:13"
"1.90","","-1.20","52","774","1032","","","","0.50","","NNW","Облачно","2025-12-04 08:14"
"1.90","","-1.20","52","774","1032","","","","0.00","","NNW","Облачно","2025-12-04 08:15"
"2.00","","-0.80","52","774","1032","","","","0.00","","NNW","Облачно","2025-12-04 08:16"
"2.00","","-0.80","52","774","1032","","","","0.00","","NNW","Облачно","2025-12-04 08:17"
"2.00","","-0.80","52","774","1032","","","","0.00","","NNW","Облачно","2025-12-04 08:18"
"2.00","","-1.60","52","774","1032","","","","1.10","","NNW","Облачно","2025-12-04 08:19"
"2.00","","-1.40","51","774","1032","","","","0.90","","NNW","Облачно","2025-12-04 08:20"
"2.00","","-1.70","51","774","1032","","","","0.70","","NNW","Облачно","2025-12-04 08:21"
"2.00","","-1.30","51","774","1032","","","","0.70","","NNW","Облачно","2025-12-04 08:22"
"2.00","","-1.30","51","774","1032","","","","0.70","","NNW","Облачно","2025-12-04 08:23"
"2.10","","-1.40","51","774","1032","","","","1.00","","NNW","Облачно","2025-12-04 08:24"
"2.00","","-1.50","51","774","1032","","","","1.20","","NNW","Облачно","2025-12-04 08:25"
"2.10","","-1.20","51","774","1032","","","","0.70","","NNW","Облачно","2025-12-04 08:26"
"2.10","","-1.00","51","774","1032","","","","0.40","","NNW","Облачно","2025-12-04 08:27"
"2.10","","-1.00","51","774","1032","","","","0.40","","NNW","Облачно","2025-12-04 08:28"
"2.10","","-0.70","51","774","1032","","","","0.00","","NNW","Облачно","2025-12-04 08:29"
"2.10","","-1.00","51","774","1032","","","","0.40","","NNW","Облачно","2025-12-04 08:30"
"2.10","","-1.10","51","774","1032","","","","0.60","","NNW","Облачно","2025-12-04 08:31"
"2.10","","-1.20","51","774","1032","","","","0.70","","NNW","Облачно","2025-12-04 08:32"
"2.10","","-1.10","51","774","1032","","","","0.50","","NNW","Облачно","2025-12-04 08:33"
"2.20","","-0.90","51","774","1032","","","","0.60","","NNW","Облачно","2025-12-04 08:34"
"2.20","","-1.00","51","774","1032","","","","0.60","","NNW","Облачно","2025-12-04 08:35"
"2.20","","-1.10","51","774","1032","","","","0.60","","NNW","Облачно","2025-12-04 08:36"
"2.20","","-1.00","51","774","1032","","","","0.60","","NNW","Облачно","2025-12-04 08:37"
"2.20","","-1.00","51","774","1032","","","","0.60","","NNW","Облачно","2025-12-04 08:38"
"2.20","","-0.60","51","774","1032","","","","0.00","","NNW","Облачно","2025-12-04 08:39"
"2.20","","-0.60","51","774","1032","","","","0.00","","NNW","Облачно","2025-12-04 08:40"
"2.20","","-0.60","51","774","1032","","","","0.50","","NNW","Облачно","2025-12-04 08:41"
"2.30","","-0.80","51","774","1032","","","","0.40","","NNW","Облачно","2025-12-04 08:42"
"2.30","","-0.80","51","774","1032","","","","0.50","","NNW","Облачно","2025-12-04 08:43"
"2.30","","-1.00","51","774","1032","","","","0.70","","NNW","Облачно","2025-12-04 08:44"
"2.30","","-0.80","51","774","1032","","","","0.50","","NNW","Облачно","2025-12-04 08:45"
"2.30","","-0.50","51","774","1032","","","","0.00","","NNW","Облачно","2025-12-04 08:46"
"2.40","","-0.40","51","774","1032","","","","0.00","","NNW","Облачно","2025-12-04 08:47"
"2.40","","-0.40","51","774","1032","","","","0.00","","NNW","Облачно","2025-12-04 08:48"
"2.40","","-0.40","50","774","1032","","","","0.00","","NNW","Облачно","2025-12-04 08:49"
"2.40","","-0.70","50","774","1032","","","","0.40","","NNW","Облачно","2025-12-04 08:50"
"2.40","","-0.70","50","774","1032","","","","0.40","","NNW","Облачно","2025-12-04 08:51"
"2.40","","-0.80","50","774","1032","","","","0.50","","NNW","Облачно","2025-12-04 08:52"
"2.40","","-0.80","50","774","1032","","","","0.50","","NNW","Облачно","2025-12-04 08:53"
"2.40","","-0.80","50","774","1032","","","","0.60","","NNW","Облачно","2025-12-04 08:54"
"2.30","","-1.00","50","774","1032","","","","0.70","","NNW","Облачно","2025-12-04 08:55"
"2.40","","-0.80","50","774","1032","","","","0.50","","NNW","Облачно","2025-12-04 08:56"
"2.40","","-0.40","50","774","1032","","","","0.00","","NNW","Облачно","2025-12-04 08:57"
"2.40","","-0.40","50","774","1032","","","","0.50","","NNW","Облачно","2025-12-04 08:58"
"2.50","","-0.60","50","774","1032","","","","0.40","","NNW","Облачно","2025-12-04 08:59"
"2.50","","-0.70","49","774","1032","","","","0.90","","NNW","Облачно","2025-12-04 09:00"
"2.50","","-0.90","49","774","1032","","","","0.90","","NNW","Облачно","2025-12-04 09:01"
"2.50","","-0.70","49","774","1032","","","","0.60","","NNW","Облачно","2025-12-04 09:02"
"2.50","","-0.90","49","774","1032","","","","0.90","","NNW","Облачно","2025-12-04 09:03"
"2.50","","-0.70","49","774","1032","","","","0.60","","NNW","Облачно","2025-12-04 09:04"
"2.50","","-0.70","49","774","1032","","","","0.60","","NNW","Облачно","2025-12-04 09:05"
"2.50","","-0.70","49","774","1032","","","","0.60","","NNW","Облачно","2025-12-04 09:06"
"2.50","","-0.70","49","774","1032","","","","0.60","","NNW","Облачно","2025-12-04 09:07"
"2.50","","-0.60","49","774","1032","","","","0.40","","NNW","Облачно","2025-12-04 09:08"
"2.50","","-0.60","49","774","1032","","","","0.40","","NNW","Облачно","2025-12-04 09:09"
"2.50","","-0.70","49","774","1032","","","","0.50","","NNW","Облачно","2025-12-04 09:10"
"2.50","","-0.70","49","774","1032","","","","0.50","","NNW","Облачно","2025-12-04 09:11"
"2.50","","-0.30","49","774","1032","","","","0.00","","NNW","Облачно","2025-12-04 09:12"
"2.50","","-0.30","49","774","1032","","","","0.40","","NNW","Облачно","2025-12-04 09:13"
"2.50","","-0.60","49","774","1032","","","","0.40","","NNW","Облачно","2025-12-04 09:14"
"2.60","","-0.20","49","774","1032","","","","0.70","","NNW","Облачно","2025-12-04 09:15"
"2.60","","-0.70","49","774","1032","","","","0.70","","NNW","Облачно","2025-12-04 09:16"
"2.60","","-0.80","49","774","1032","","","","0.90","","NNW","Облачно","2025-12-04 09:17"
"2.50","","-0.30","49","774","1032","","","","0.00","","NNW","Облачно","2025-12-04 09:18"
"2.50","","-0.80","48","774","1032","","","","0.70","","NNW","Облачно","2025-12-04 09:19"
"2.50","","-0.80","48","774","1032","","","","0.00","","NNW","Облачно","2025-12-04 09:20"
"2.50","","-0.30","48","773","1031","","","","0.00","","NNW","Облачно","2025-12-04 09:21"
"2.60","","-0.50","48","773","1031","","","","0.40","","NNW","Облачно","2025-12-04 09:22"
"2.60","","-0.20","48","773","1031","","","","0.00","","NNW","Облачно","2025-12-04 09:23"
"2.60","","-0.50","48","773","1031","","","","0.40","","NNW","Облачно","2025-12-04 09:24"
"2.60","","-0.60","48","773","1031","","","","0.00","","NNW","Облачно","2025-12-04 09:25"
"2.60","","-0.60","48","773","1031","","","","0.60","","NNW","Облачно","2025-12-04 09:26"
"2.60","","-0.70","48","773","1031","","","","0.60","","NNW","Облачно","2025-12-04 09:27"
"2.60","","-0.70","48","773","1031","","","","0.60","","NNW","Облачно","2025-12-04 09:28"
"2.60","","-0.50","48","773","1031","","","","0.60","","NNW","Облачно","2025-12-04 09:29"
"2.60","","-0.70","48","773","1031","","","","0.60","","NNW","Облачно","2025-12-04 09:30"
"2.60","","-0.70","48","773","1031","","","","0.60","","NNW","Облачно","2025-12-04 09:31"
"2.60","","-0.70","48","773","1031","","","","0.00","","NNW","Облачно","2025-12-04 09:32"
"2.60","","-0.20","48","773","1031","","","","0.60","","NNW","Облачно","2025-12-04 09:33"
"2.60","","-0.20","48","773","1031","","","","0.60","","NNW","Облачно","2025-12-04 09:34"
"2.60","","-0.70","48","773","1031","","","","0.60","","NNW","Облачно","2025-12-04 09:35"
"2.60","","-0.70","48","773","1031","","","","0.60","","NNW","Облачно","2025-12-04 09:36"
"2.60","","-0.20","48","773","1031","","","","0.60","","NNW","Облачно","2025-12-04 09:37"
"2.60","","-0.70","48","773","1031","","","","0.60","","NNW","Облачно","2025-12-04 09:38"
"2.70","","-0.50","48","773","1031","","","","0.40","","NNW","Облачно","2025-12-04 09:39"
"2.60","","-0.50","48","773","1031","","","","0.40","","NNW","Облачно","2025-12-04 09:40"
"2.60","","-0.70","47","773","1031","","","","0.60","","NNW","Облачно","2025-12-04 09:41"
"2.70","","-0.10","48","773","1031","","","","0.00","","NNW","Облачно","2025-12-04 09:42"
"2.70","","-0.10","48","773","1031","","","","0.00","","NNW","Облачно","2025-12-04 09:43"
"2.70","","-0.50","48","773","1031","","","","0.60","","NNW","Облачно","2025-12-04 09:44"
"2.80","","-0.40","48","773","1031","","","","0.60","","NNW","Облачно","2025-12-04 09:45"
"2.80","","-0.40","48","773","1031","","","","0.50","","NNW","Облачно","2025-12-04 09:46"
"2.80","","-0.40","47","773","1031","","","","0.50","","NNW","Облачно","2025-12-04 09:47"
"2.80","","-0.40","47","773","1031","","","","0.50","","NNW","Облачно","2025-12-04 09:48"
"2.80","","-0.50","47","773","1031","","","","0.60","","NNW","Облачно","2025-12-04 09:49"
"2.80","","-0.50","47","773","1031","","","","1.20","","NNW","Облачно","2025-12-04 09:50"
"2.70","","-0.80","47","773","1031","","","","0.90","","NNW","Облачно","2025-12-04 09:51"
"2.70","","-1.10","47","773","1031","","","","1.30","","NNW","Облачно","2025-12-04 09:52"
"2.70","","-0.90","47","773","1031","","","","1.10","","NNW","Облачно","2025-12-04 09:53"
"2.70","","-0.90","47","773","1031","","","","0.50","","NNW","Облачно","2025-12-04 09:54"
"2.70","","-0.60","47","773","1031","","","","0.60","","NNW","Облачно","2025-12-04 09:55"
"2.70","","-0.60","47","773","1031","","","","0.60","","NNW","Облачно","2025-12-04 09:56"
"2.70","","-0.50","47","773","1031","","","","0.50","","NNW","Облачно","2025-12-04 09:57"
"2.70","","-0.50","47","773","1031","","","","0.60","","NNW","Облачно","2025-12-04 09:58"
"2.70","","-0.60","47","773","1031","","","","0.60","","NNW","Облачно","2025-12-04 09:59"
"2.80","","-0.70","47","773","1031","","","","1.00","","NNW","Облачно","2025-12-04 10:00"
"2.80","","-0.50","47","773","1031","","","","0.70","","NNW","Облачно","2025-12-04 10:01"
"2.80","","-0.50","47","773","1031","","","","0.70","","NNW","Облачно","2025-12-04 10:02"
"2.80","","-0.50","47","773","1031","","","","0.70","","NNW","Облачно","2025-12-04 10:03"
"2.80","","-0.50","47","773","1031","","","","1.10","","NNW","Облачно","2025-12-04 10:04"
"2.80","","-0.50","47","773","1031","","","","1.20","","NNW","Облачно","2025-12-04 10:05"
"2.80","","-0.50","47","773","1031","","","","1.20","","NNW","Облачно","2025-12-04 10:06"
"2.70","","-0.80","46","773","1031","","","","0.90","","NNW","Облачно","2025-12-04 10:07"
"2.70","","-0.50","46","773","1031","","","","0.50","","NNW","Облачно","2025-12-04 10:08"
"2.70","","-0.50","46","773","1031","","","","1.20","","NNW","Облачно","2025-12-04 10:09"
"2.70","","-0.50","46","773","1031","","","","1.20","","NNW","Облачно","2025-12-04 10:10"
"2.70","","-1.00","46","773","1031","","","","1.20","","NNW","Облачно","2025-12-04 10:11"
"2.70","","-1.00","46","773","1031","","","","0.90","","NNW","Облачно","2025-12-04 10:12"
"2.60","","-0.90","46","773","1031","","","","1.20","","NNW","Облачно","2025-12-04 10:13"
"2.60","","-0.90","46","773","1031","","","","1.20","","NNW","Облачно","2025-12-04 10:14"
"2.60","","-0.30","46","773","1031","","","","0.00","","NNW","Облачно","2025-12-04 10:15"
"2.70","","-0.50","46","773","1031","","","","0.40","","NNW","Облачно","2025-12-04 10:16"
"2.70","","-0.50","46","773","1031","","","","0.40","","NNW","Облачно","2025-12-04 10:17"
"2.70","","-0.80","46","773","1031","","","","0.90","","NNW","Облачно","2025-12-04 10:18"
"2.70","","-0.80","46","773","1031","","","","0.60","","NNW","Облачно","2025-12-04 10:19"
"2.70","","-0.60","46","773","1031","","","","0.60","","NNW","Облачно","2025-12-04 10:20"
"2.70","","-0.60","46","773","1031","","","","0.70","","NNW","Облачно","2025-12-04 10:21"
"2.70","","-0.80","46","773","1031","","","","0.90","","NNW","Облачно","2025-12-04 10:22"
"2.70","","-0.80","46","773","1031","","","","0.90","","NNW","Облачно","2025-12-04 10:23"
"2.70","","-0.60","46","773","1031","","","","0.60","","NNW","Облачно","2025-12-04 10:24"
"2.70","","-0.60","46","773","1031","","","","0.60","","NNW","Облачно","2025-12-04 10:25"
"2.70","","-0.60","46","773","1031","","","","0.90","","NNW","Облачно","2025-12-04 10:26"
"2.70","","-0.60","46","773","1031","","","","0.90","","NNW","Облачно","2025-12-04 10:27"
"2.80","","-0.30","46","773","1031","","","","0.00","","NNW","Облачно","2025-12-04 10:28"
"2.80","","-0.30","46","773","1031","","","","0.00","","NNW","Облачно","2025-12-04 10:29"
"2.80","","-1.00","46","773","1031","","","","1.30","","NNW","Облачно","2025-12-04 10:30"
"2.80","","-0.80","46","773","1031","","","","1.00","","NNW","Облачно","2025-12-04 10:31"
"2.80","","-0.60","46","773","1031","","","","0.70","","NNW","Облачно","2025-12-04 10:32"
"2.80","","-0.70","46","773","1031","","","","0.90","","NNW","Облачно","2025-12-04 10:33"
"2.80","","-0.70","46","773","1031","","","","0.90","","NNW","Облачно","2025-12-04 10:34"
"2.80","","-0.10","46","773","1031","","","","0.40","","NNW","Облачно","2025-12-04 10:35"
"2.80","","-0.10","46","773","1031","","","","0.40","","NNW","Облачно","2025-12-04 10:36"
"2.80","","-0.80","46","773","1031","","","","1.00","","NNW","Облачно","2025-12-04 10:37"
"2.80","","-0.80","46","773","1031","","","","0.70","","NNW","Облачно","2025-12-04 10:38"
"2.80","","-0.80","46","773","1031","","","","1.00","","NNW","Облачно","2025-12-04 10:39"
"2.80","","-0.80","46","773","1031","","","","0.60","","NNW","Облачно","2025-12-04 10:40"
"2.80","","-0.80","46","773","1031","","","","0.60","","NNW","Облачно","2025-12-04 10:41"
"2.90","","-0.40","46","773","1031","","","","1.10","","NNW","Облачно","2025-12-04 10:42"
"2.90","","-0.80","45","773","1031","","","","1.20","","NNW","Облачно","2025-12-04 10:43"
"2.90","","-0.30","45","773","1031","","","","0.40","","NNW","Облачно","2025-12-04 10:44"
"2.90","","-0.30","45","773","1031","","","","0.50","","NNW","Облачно","2025-12-04 10:45"
"2.90","","-0.40","45","773","1031","","","","0.60","","NNW","Облачно","2025-12-04 10:46"
"2.90","","-0.40","45","773","1031","","","","0.60","","NNW","Облачно","2025-12-04 10:47"
"2.90","","0.00","45","773","1031","","","","0.00","","NNW","Облачно","2025-12-04 10:48"
"2.90","","0.00","45","773","1031","","","","0.00","","NNW","Облачно","2025-12-04 10:49"
"2.90","","-0.30","45","773","1031","","","","0.40","","NNW","Облачно","2025-12-04 10:50"
"2.90","","-0.40","45","773","1031","","","","0.60","","NNW","Облачно","2025-12-04 10:51"
"2.90","","-0.40","45","773","1031","","","","0.60","","NNW","Облачно","2025-12-04 10:52"
"2.90","","-0.40","45","773","1031","","","","0.60","","NNW","Облачно","2025-12-04 10:53"
"2.90","","-0.90","45","773","1031","","","","0.40","","NNW","Облачно","2025-12-04 10:54"
"2.90","","-0.30","45","773","1031","","","","0.40","","NNW","Облачно","2025-12-04 10:55"
"2.90","","-0.30","45","773","1031","","","","0.50","","NNW","Облачно","2025-12-04 10:56"
"2.90","","-0.30","45","773","1031","","","","0.50","","NNW","Облачно","2025-12-04 10:57"
"2.90","","-0.80","45","773","1031","","","","1.50","","NNW","Облачно","2025-12-04 10:58"
"2.90","","-1.00","45","773","1031","","","","1.10","","NNW","Облачно","2025-12-04 10:59"
"2.90","","-1.00","45","773","1031","","","","1.30","","NNW","Облачно","2025-12-04 11:00"
"2.80","","-1.40","44","773","1031","","","","0.70","","NNW","Облачно","2025-12-04 11:01"
"2.90","","-0.50","44","773","1031","","","","0.70","","NNW","Облачно","2025-12-04 11:02"
"2.90","","-0.50","44","773","1031","","","","0.70","","NNW","Облачно","2025-12-04 11:03"
"2.90","","-0.40","44","773","1031","","","","0.60","","NNW","Облачно","2025-12-04 11:04"
"2.90","","-0.70","44","773","1031","","","","1.00","","NNW","Облачно","2025-12-04 11:05"
"2.90","","-0.70","44","773","1031","","","","0.50","","NNW","Облачно","2025-12-04 11:06"
"2.90","","-0.70","44","773","1031","","","","0.50","","NNW","Облачно","2025-12-04 11:07"
"2.90","","0.00","44","773","1031","","","","0.00","","NNW","Облачно","2025-12-04 11:08"
"2.90","","0.00","44","773","1031","","","","0.00","","NNW","Облачно","2025-12-04 11:09"
"2.90","","0.00","44","773","1031","","","","0.40","","NNW","Облачно","2025-12-04 11:10"
"2.90","","-0.40","44","773","1031","","","","0.70","","NNW","Облачно","2025-12-04 11:11"
"2.90","","-0.50","44","773","1031","","","","0.70","","NNW","Облачно","2025-12-04 11:12"
"2.90","","-0.50","44","773","1031","","","","0.60","","NNW","Облачно","2025-12-04 11:13"
"2.90","","0.00","44","773","1031","","","","0.00","","NNW","Облачно","2025-12-04 11:14"
"2.90","","0.00","44","773","1031","","","","0.50","","NNW","Облачно","2025-12-04 11:15"
"2.90","","0.00","44","773","1031","","","","0.00","","NNW","Облачно","2025-12-04 11:16"
"3.00","","0.10","44","773","1031","","","","0.00","","NNW","Облачно","2025-12-04 11:17"
"3.00","","0.10","44","773","1031","","","","0.00","","NNW","Облачно","2025-12-04 11:18"
"3.00","","0.10","44","773","1031","","","","0.00","","NNW","Облачно","2025-12-04 11:19"
"3.00","","0.10","44","773","1031","","","","0.00","","NNW","Облачно","2025-12-04 11:20"
"3.00","","0.10","44","772","1030","","","","0.00","","NNW","Облачно","2025-12-04 11:21"
"3.00","","-0.20","44","772","1030","","","","0.70","","NNW","Облачно","2025-12-04 11:22"
"3.00","","-0.40","44","772","1030","","","","0.70","","NNW","Облачно","2025-12-04 11:23"
"2.90","","-0.40","44","772","1030","","","","0.50","","NNW","Облачно","2025-12-04 11:24"
"2.90","","-0.60","44","772","1030","","","","0.90","","NNW","Облачно","2025-12-04 11:25"
"2.90","","-0.60","44","772","1030","","","","0.00","","NNW","Облачно","2025-12-04 11:26"
"3.00","","0.10","44","772","1030","","","","0.00","","NNW","Облачно","2025-12-04 11:27"
"3.00","","0.10","44","772","1030","","","","0.00","","NNW","Облачно","2025-12-04 11:28"
"2.90","","-0.80","44","772","1030","","","","1.10","","NNW","Облачно","2025-12-04 11:29"
"2.90","","-0.80","44","772","1030","","","","1.10","","NNW","Облачно","2025-12-04 11:30"
"2.90","","-0.80","44","772","1030","","","","1.70","","NNW","Облачно","2025-12-04 11:31"
"2.90","","-0.80","44","772","1030","","","","0.70","","NNW","Облачно","2025-12-04 11:32"
"2.90","","-0.50","44","772","1030","","","","0.70","","NNW","Облачно","2025-12-04 11:33"
"2.90","","-0.50","44","772","1030","","","","1.00","","NNW","Облачно","2025-12-04 11:34"
"2.90","","-0.80","44","772","1030","","","","1.20","","NNW","Облачно","2025-12-04 11:35"
"2.90","","-0.80","44","773","1031","","","","1.20","","NNW","Небольшая облачность","2025-12-04 11:36"
"2.90","","-0.80","44","773","1031","","","","1.20","","NNW","Небольшая облачность","2025-12-04 11:37"
"2.90","","-0.90","44","773","1031","","","","1.30","","NNW","Небольшая облачность","2025-12-04 11:38"
"2.80","","-1.10","44","773","1031","","","","1.40","","NNW","Небольшая облачность","2025-12-04 11:39"
"2.80","","-1.10","44","773","1031","","","","0.90","","NNW","Небольшая облачность","2025-12-04 11:40"
"2.80","","-0.50","44","773","1031","","","","0.60","","NNW","Небольшая облачность","2025-12-04 11:41"
"2.80","","-0.10","44","773","1031","","","","0.00","","NNW","Небольшая облачность","2025-12-04 11:42"
"2.80","","-0.10","44","773","1031","","","","0.40","","NNW","Небольшая облачность","2025-12-04 11:43"
"2.80","","-0.10","44","773","1031","","","","0.40","","NNW","Небольшая облачность","2025-12-04 11:44"
"2.80","","-0.50","44","773","1031","","","","0.50","","NNW","Небольшая облачность","2025-12-04 11:45"
"2.80","","-0.10","44","773","1031","","","","0.00","","NNW","Небольшая облачность","2025-12-04 11:46"
"2.80","","-0.10","44","773","1031","","","","0.00","","NNW","Небольшая облачность","2025-12-04 11:47"
"2.80","","-0.10","44","773","1031","","","","0.00","","NNW","Небольшая облачность","2025-12-04 11:48"
"2.80","","-0.40","44","773","1031","","","","0.40","","NNW","Небольшая облачность","2025-12-04 11:49"
"2.80","","-0.10","44","773","1031","","","","0.40","","NNW","Небольшая облачность","2025-12-04 11:50"
"2.80","","-0.40","44","773","1031","","","","0.40","","NNW","Небольшая облачность","2025-12-04 11:51"
"2.80","","-0.40","44","773","1031","","","","0.40","","NNW","Небольшая облачность","2025-12-04 11:52"
"2.80","","-0.40","44","773","1031","","","","0.90","","NNW","Небольшая облачность","2025-12-04 11:53"
"2.80","","-0.40","44","773","1031","","","","0.90","","NNW","Небольшая облачность","2025-12-04 11:54"
"2.80","","-1.00","44","773","1031","","","","1.20","","NNW","Небольшая облачность","2025-12-04 11:55"
"2.80","","-1.00","44","773","1031","","","","1.20","","NNW","Небольшая облачность","2025-12-04 11:56"
"2.80","","-1.00","44","773","1031","","","","0.40","","NNW","Небольшая облачность","2025-12-04 11:57"
"2.80","","-1.00","44","773","1031","","","","0.40","","NNW","Небольшая облачность","2025-12-04 11:58"
"2.80","","-0.10","44","773","1031","","","","0.00","","NNW","Небольшая облачность","2025-12-04 11:59"
"2.80","","-0.10","44","773","1031","","","","0.50","","NNW","Небольшая облачность","2025-12-04 12:00"
"2.80","","-0.10","44","773","1031","","","","0.50","","NNW","Небольшая облачность","2025-12-04 12:01"
"2.80","","-1.00","44","773","1031","","","","1.30","","NNW","Небольшая облачность","2025-12-04 12:02"
"2.80","","-1.00","44","773","1031","","","","0.70","","NNW","Небольшая облачность","2025-12-04 12:03"
"2.80","","-0.50","44","773","1031","","","","0.60","","NNW","Небольшая облачность","2025-12-04 12:04"
"2.80","","-0.50","44","773","1031","","","","0.50","","NNW","Небольшая облачность","2025-12-04 12:05"
"2.80","","-0.50","44","772","1030","","","","1.60","","NNW","Облачно","2025-12-04 12:06"
"2.80","","-0.50","44","772","1030","","","","1.60","","NNW","Облачно","2025-12-04 12:07"
"2.80","","-0.50","44","772","1030","","","","0.50","","NNW","Облачно","2025-12-04 12:08"
"2.80","","-0.50","44","772","1030","","","","0.60","","NNW","Облачно","2025-12-04 12:09"
"2.70","","-0.60","44","772","1030","","","","0.50","","NNW","Облачно","2025-12-04 12:10"
"2.70","","-0.60","44","772","1030","","","","0.00","","NNW","Облачно","2025-12-04 12:11"
"2.70","","-0.20","44","772","1030","","","","0.00","","NNW","Облачно","2025-12-04 12:12"
"2.70","","-0.20","44","772","1030","","","","0.00","","NNW","Облачно","2025-12-04 12:13"
"2.70","","-0.20","44","772","1030","","","","0.40","","NNW","Облачно","2025-12-04 12:14"
"2.80","","-0.40","44","772","1030","","","","0.00","","NNW","Облачно","2025-12-04 12:15"
"2.70","","-0.90","44","772","1030","","","","0.90","","NNW","Облачно","2025-12-04 12:16"
"2.70","","-0.90","44","772","1030","","","","0.90","","NNW","Облачно","2025-12-04 12:17"
"2.70","","-0.90","44","772","1030","","","","0.90","","NNW","Облачно","2025-12-04 12:18"
"2.70","","-0.20","44","772","1030","","","","0.00","","NNW","Облачно","2025-12-04 12:19"
"2.70","","-0.20","44","772","1030","","","","0.70","","NNW","Облачно","2025-12-04 12:20"
"2.70","","-0.20","44","772","1030","","","","0.40","","NNW","Облачно","2025-12-04 12:21"
"2.70","","-0.50","44","772","1030","","","","0.40","","NNW","Облачно","2025-12-04 12:22"
"2.70","","-0.50","44","772","1030","","","","0.40","","NNW","Облачно","2025-12-04 12:23"
"2.70","","-0.60","44","772","1030","","","","0.50","","NNW","Облачно","2025-12-04 12:24"
"2.70","","-0.60","44","772","1030","","","","0.40","","NNW","Облачно","2025-12-04 12:25"
"2.70","","-0.60","44","772","1030","","","","0.40","","NNW","Облачно","2025-12-04 12:26"
"2.70","","-0.50","44","772","1030","","","","0.40","","NNW","Облачно","2025-12-04 12:27"
"2.70","","-0.50","44","772","1030","","","","0.40","","NNW","Облачно","2025-12-04 12:28"
"2.70","","-0.90","44","772","1030","","","","0.90","","NNW","Облачно","2025-12-04 12:29"
"2.70","","-0.20","44","772","1030","","","","0.00","","NNW","Облачно","2025-12-04 12:30"
"2.70","","-0.20","44","772","1030","","","","0.00","","NNW","Облачно","2025-12-04 12:31"
"2.70","","-0.20","44","772","1030","","","","0.00","","NNW","Облачно","2025-12-04 12:32"
"2.70","","-0.20","44","772","1030","","","","0.00","","NNW","Облачно","2025-12-04 12:33"
"2.80","","-0.50","44","772","1030","","","","0.60","","NNW","Облачно","2025-12-04 12:34"
"2.70","","-0.60","44","772","1030","","","","1.20","","NNW","Облачно","2025-12-04 12:35"
"2.70","","-1.10","44","773","1031","","","","1.20","","NNW","Облачно","2025-12-04 12:36"
"2.70","","-1.20","44","773","1031","","","","1.40","","NNW","Облачно","2025-12-04 12:37"
"2.70","","-1.10","44","773","1031","","","","1.00","","NNW","Облачно","2025-12-04 12:38"
"2.70","","-0.90","44","773","1031","","","","0.50","","NNW","Облачно","2025-12-04 12:39"
"2.70","","-0.60","44","773","1031","","","","0.50","","NNW","Облачно","2025-12-04 12:40"
"2.70","","-0.60","44","773","1031","","","","0.50","","NNW","Облачно","2025-12-04 12:41"
"2.70","","-0.60","44","773","1031","","","","0.50","","NNW","Облачно","2025-12-04 12:42"
"2.70","","-0.50","44","773","1031","","","","0.40","","NNW","Облачно","2025-12-04 12:43"
"2.60","","-0.60","44","773","1031","","","","0.40","","NNW","Облачно","2025-12-04 12:44"
"2.60","","-0.30","45","773","1031","","","","0.60","","NNW","Облачно","2025-12-04 12:45"
"2.60","","-0.70","45","773","1031","","","","1.10","","NNW","Облачно","2025-12-04 12:46"
"2.60","","-1.10","45","773","1031","","","","1.10","","NNW","Облачно","2025-12-04 12:47"
"2.60","","-1.10","45","773","1031","","","","0.70","","NNW","Облачно","2025-12-04 12:48"
"2.60","","-0.90","45","773","1031","","","","0.70","","NNW","Облачно","2025-12-04 12:49"
"2.60","","-0.80","45","773","1031","","","","0.70","","NNW","Облачно","2025-12-04 12:50"
"2.60","","-0.80","45","773","1031","","","","0.40","","NNW","Облачно","2025-12-04 12:51"
"2.60","","-0.60","45","773","1031","","","","0.40","","NNW","Облачно","2025-12-04 12:52"
"2.60","","-0.30","45","773","1031","","","","0.00","","NNW","Облачно","2025-12-04 12:53"
"2.60","","-0.30","45","773","1031","","","","0.00","","NNW","Облачно","2025-12-04 12:54"
"2.60","","-0.30","45","773","1031","","","","0.00","","NNW","Облачно","2025-12-04 12:55"
"2.60","","-0.30","45","773","1031","","","","0.00","","NNW","Облачно","2025-12-04 12:56"
"2.60","","-0.80","45","773","1031","","","","0.70","","NNW","Облачно","2025-12-04 12:57"
"2.60","","-1.10","45","773","1031","","","","1.10","","NNW","Облачно","2025-12-04 12:58"
"2.60","","-1.10","45","773","1031","","","","0.40","","NNW","Облачно","2025-12-04 12:59"
"2.60","","-0.60","45","773","1031","","","","0.40","","NNW","Облачно","2025-12-04 13:00"
"2.60","","-0.60","45","773","1031","","","","0.40","","NNW","Облачно","2025-12-04 13:01"
"2.60","","-0.30","45","773","1031","","","","0.00","","NNW","Облачно","2025-12-04 13:02"
"2.60","","-0.30","45","773","1031","","","","0.00","","NNW","Облачно","2025-12-04 13:03"
"2.60","","-0.30","45","773","1031","","","","0.00","","NNW","Облачно","2025-12-04 13:04"
"2.60","","-0.30","45","773","1031","","","","0.00","","NNW","Облачно","2025-12-04 13:05"
"2.60","","-0.30","45","773","1031","","","","0.40","","NNW","Облачно","2025-12-04 13:06"
"2.60","","-0.60","45","773","1031","","","","0.40","","NNW","Облачно","2025-12-04 13:07"
"2.60","","-0.60","45","773","1031","","","","0.40","","NNW","Облачно","2025-12-04 13:08"
"2.60","","-0.30","45","773","1031","","","","0.00","","NNW","Облачно","2025-12-04 13:09"
"2.60","","-0.30","45","773","1031","","","","0.60","","NNW","Облачно","2025-12-04 13:10"
"2.60","","-0.70","45","773","1031","","","","0.60","","NNW","Облачно","2025-12-04 13:11"
"2.60","","-0.70","45","773","1031","","","","0.40","","NNW","Облачно","2025-12-04 13:12"
"2.60","","-0.70","45","773","1031","","","","0.40","","NNW","Облачно","2025-12-04 13:13"
"2.60","","-0.30","45","773","1031","","","","0.00","","NNW","Облачно","2025-12-04 13:14"
"2.60","","-0.30","45","773","1031","","","","0.00","","NNW","Облачно","2025-12-04 13:15"
"2.60","","-0.30","45","773","1031","","","","0.40","","NNW","Облачно","2025-12-04 13:16"
"2.60","","-0.30","45","773","1031","","","","0.00","","NNW","Облачно","2025-12-04 13:17"
"2.60","","-0.30","45","773","1031","","","","0.00","","NNW","Облачно","2025-12-04 13:18"
"2.60","","-0.30","45","773","1031","","","","0.00","","NNW","Облачно","2025-12-04 13:19"
"2.60","","-0.60","46","773","1031","","","","0.40","","NNW","Облачно","2025-12-04 13:20"
"2.60","","-0.60","46","772","1030","","","","0.40","","NNW","Облачно","2025-12-04 13:21"
"2.60","","-0.60","46","772","1030","","","","0.40","","NNW","Облачно","2025-12-04 13:22"
"2.60","","-0.60","46","772","1030","","","","0.40","","NNW","Облачно","2025-12-04 13:23"
"2.60","","-0.60","46","772","1030","","","","0.40","","NNW","Облачно","2025-12-04 13:24"
"2.60","","-0.60","46","772","1030","","","","0.40","","NNW","Облачно","2025-12-04 13:25"
"2.60","","-0.60","46","772","1030","","","","0.40","","NNW","Облачно","2025-12-04 13:26"
"2.60","","-0.60","46","772","1030","","","","0.70","","NNW","Облачно","2025-12-04 13:27"
"2.60","","-0.60","46","772","1030","","","","0.00","","NNW","Облачно","2025-12-04 13:28"
"2.60","","-0.60","46","772","1030","","","","0.40","","NNW","Облачно","2025-12-04 13:29"
"2.50","","-0.70","46","772","1030","","","","0.00","","NNW","Облачно","2025-12-04 13:30"
"2.50","","-0.40","46","772","1030","","","","0.00","","NNW","Облачно","2025-12-04 13:31"
"2.60","","-0.30","46","772","1030","","","","0.00","","NNW","Облачно","2025-12-04 13:32"
"2.60","","-0.30","46","772","1030","","","","0.00","","NNW","Облачно","2025-12-04 13:33"
"2.60","","-0.30","46","772","1030","","","","0.90","","NNW","Облачно","2025-12-04 13:34"
"2.50","","-1.00","46","772","1030","","","","0.70","","NNW","Облачно","2025-12-04 13:35"
"2.50","","-1.20","46","772","1030","","","","1.10","","NNW","Облачно","2025-12-04 13:36"
"2.50","","-0.70","46","772","1030","","","","0.40","","NNW","Облачно","2025-12-04 13:37"
"2.50","","-0.70","46","772","1030","","","","1.00","","NNW","Облачно","2025-12-04 13:38"
"2.50","","-1.10","46","772","1030","","","","1.00","","NNW","Облачно","2025-12-04 13:39"
"2.50","","-0.70","46","772","1030","","","","0.50","","NNW","Облачно","2025-12-04 13:40"
"2.50","","-1.20","46","772","1030","","","","0.50","","NW","Облачно","2025-12-04 13:42"
"2.50","","-1.20","46","772","1030","","","","0.50","","NW","Облачно","2025-12-04 13:43"
"2.50","","-0.70","46","772","1030","","","","0.50","","NW","Облачно","2025-12-04 13:44"
"2.50","","-0.70","46","772","1030","","","","0.50","","NW","Облачно","2025-12-04 13:45"
"2.50","","-0.70","46","772","1030","","","","0.50","","NW","Облачно","2025-12-04 13:46"
"2.50","","-0.70","46","772","1030","","","","0.50","","NW","Облачно","2025-12-04 13:47"
"2.50","","-0.90","46","772","1030","","","","1.40","","NW","Облачно","2025-12-04 13:48"
"2.50","","-1.40","46","772","1030","","","","1.40","","NW","Облачно","2025-12-04 13:49"
"2.40","","-1.50","47","772","1030","","","","1.90","","NW","Облачно","2025-12-04 13:50"
"2.40","","-0.80","47","772","1030","","","","0.50","","NW","Облачно","2025-12-04 13:51"
"2.50","","-0.60","47","772","1030","","","","0.40","","NW","Облачно","2025-12-04 13:52"
"2.50","","-0.60","47","772","1030","","","","0.40","","NW","Облачно","2025-12-04 13:53"
"2.50","","-0.60","47","772","1030","","","","0.60","","NW","Облачно","2025-12-04 13:54"
"2.50","","-1.60","47","772","1030","","","","1.70","","NW","Облачно","2025-12-04 13:55"
"2.50","","-1.50","47","772","1030","","","","0.70","","NW","Облачно","2025-12-04 13:56"
"2.50","","-0.90","47","772","1030","","","","0.70","","NW","Облачно","2025-12-04 13:57"
"2.40","","-1.30","47","772","1030","","","","1.20","","NW","Облачно","2025-12-04 13:58"
"2.40","","-1.30","47","772","1030","","","","1.20","","NW","Облачно","2025-12-04 13:59"
"2.40","","-1.60","47","772","1030","","","","1.60","","NW","Облачно","2025-12-04 14:00"
"2.40","","-1.20","47","772","1030","","","","0.50","","NW","Облачно","2025-12-04 14:01"
"2.40","","-1.20","47","772","1030","","","","0.50","","NW","Облачно","2025-12-04 14:02"
"2.40","","-0.80","47","772","1030","","","","0.00","","NW","Облачно","2025-12-04 14:03"
"2.40","","-0.50","47","772","1030","","","","0.00","","NW","Облачно","2025-12-04 14:04"
"2.40","","-0.50","47","772","1030","","","","0.00","","NW","Облачно","2025-12-04 14:05"
"2.40","","-0.50","47","772","1030","","","","0.00","","NW","Переменная облачность","2025-12-04 14:06"
"2.40","","-0.50","47","773","1031","","","","0.00","","NW","Переменная облачность","2025-12-04 14:07"
"2.50","","-0.60","47","773","1031","","","","0.00","","NW","Переменная облачность","2025-12-04 14:08"
"2.50","","-0.40","47","773","1031","","","","0.00","","NW","Переменная облачность","2025-12-04 14:09"
"2.50","","-0.60","47","773","1031","","","","0.00","","NW","Переменная облачность","2025-12-04 14:10"
"2.50","","-0.40","47","773","1031","","","","0.00","","NW","Переменная облачность","2025-12-04 14:11"
"2.50","","-0.40","47","773","1031","","","","0.60","","NW","Переменная облачность","2025-12-04 14:12"
"2.50","","-0.80","47","773","1031","","","","0.60","","NW","Переменная облачность","2025-12-04 14:13"
"2.50","","-0.80","47","773","1031","","","","0.50","","NW","Переменная облачность","2025-12-04 14:14"
"2.50","","-0.70","48","773","1031","","","","0.50","","NW","Переменная облачность","2025-12-04 14:15"
"2.50","","-0.30","48","773","1031","","","","0.00","","NW","Переменная облачность","2025-12-04 14:16"
"2.50","","-0.30","48","773","1031","","","","0.40","","NW","Переменная облачность","2025-12-04 14:17"
"2.50","","-0.30","48","773","1031","","","","0.40","","NW","Переменная облачность","2025-12-04 14:18"
"2.50","","-0.30","48","773","1031","","","","0.40","","NW","Переменная облачность","2025-12-04 14:19"
"2.50","","-0.80","48","773","1031","","","","0.60","","NW","Переменная облачность","2025-12-04 14:20"
"2.50","","-0.80","48","773","1031","","","","0.40","","NW","Переменная облачность","2025-12-04 14:21"
"2.50","","-0.60","48","773","1031","","","","0.50","","NW","Переменная облачность","2025-12-04 14:22"
"2.50","","-0.70","48","773","1031","","","","0.50","","NW","Переменная облачность","2025-12-04 14:23"
"2.50","","-0.80","48","773","1031","","","","0.90","","NW","Переменная облачность","2025-12-04 14:24"
"2.40","","-1.10","48","773","1031","","","","0.90","","NW","Переменная облачность","2025-12-04 14:25"
"2.40","","-1.10","48","773","1031","","","","0.90","","NW","Переменная облачность","2025-12-04 14:26"
"2.40","","-0.70","48","773","1031","","","","0.00","","NW","Переменная облачность","2025-12-04 14:27"
"2.40","","-0.70","48","773","1031","","","","0.00","","NW","Переменная облачность","2025-12-04 14:28"
"2.40","","-0.40","48","773","1031","","","","0.00","","NW","Переменная облачность","2025-12-04 14:29"
"2.40","","-0.40","48","773","1031","","","","0.00","","NW","Переменная облачность","2025-12-04 14:30"
"2.40","","-0.40","48","773","1031","","","","0.00","","NW","Переменная облачность","2025-12-04 14:31"
"2.40","","-0.40","48","773","1031","","","","0.00","","NW","Переменная облачность","2025-12-04 14:32"
"2.40","","-0.40","48","773","1031","","","","0.40","","NW","Переменная облачность","2025-12-04 14:33"
"2.50","","-0.60","48","773","1031","","","","0.00","","NW","Переменная облачность","2025-12-04 14:34"
"2.50","","-0.30","48","773","1031","","","","0.00","","NW","Переменная облачность","2025-12-04 14:35"
"2.50","","-0.30","48","773","1031","","","","0.50","","NW","Переменная облачность","2025-12-04 14:36"
"2.50","","-0.70","48","773","1031","","","","0.60","","NW","Переменная облачность","2025-12-04 14:37"
"2.50","","-1.00","48","773","1031","","","","1.00","","NW","Переменная облачность","2025-12-04 14:38"
"2.50","","-1.00","48","773","1031","","","","1.00","","NW","Переменная облачность","2025-12-04 14:39"
"2.50","","-1.00","48","773","1031","","","","0.40","","NW","Переменная облачность","2025-12-04 14:40"
"2.50","","-1.00","48","773","1031","","","","0.40","","NW","Переменная облачность","2025-12-04 14:41"
"2.40","","-0.40","49","773","1031","","","","0.00","","NW","Переменная облачность","2025-12-04 14:42"
"2.40","","-0.40","49","773","1031","","","","0.00","","NW","Переменная облачность","2025-12-04 14:43"
"2.40","","-0.40","49","773","1031","","","","0.00","","NW","Переменная облачность","2025-12-04 14:44"
"2.50","","-0.30","49","773","1031","","","","0.00","","NW","Переменная облачность","2025-12-04 14:45"
"2.50","","-0.30","49","773","1031","","","","0.00","","NW","Переменная облачность","2025-12-04 14:46"
"2.50","","-0.60","49","773","1031","","","","0.00","","NW","Переменная облачность","2025-12-04 14:47"
"2.50","","-0.30","49","773","1031","","","","0.50","","NW","Переменная облачность","2025-12-04 14:48"
"2.50","","-0.30","49","773","1031","","","","0.50","","NW","Переменная облачность","2025-12-04 14:49"
"2.50","","-0.30","49","773","1031","","","","0.00","","NW","Переменная облачность","2025-12-04 14:50"
"2.50","","-0.30","49","773","1031","","","","0.00","","NW","Переменная облачность","2025-12-04 14:51"
"2.50","","-0.30","49","772","1030","","","","0.40","","NW","Переменная облачность","2025-12-04 14:52"
"2.50","","-0.60","49","772","1030","","","","0.00","","NW","Переменная облачность","2025-12-04 14:53"
"2.50","","-0.60","49","772","1030","","","","0.00","","NW","Переменная облачность","2025-12-04 14:54"
"2.50","","-0.30","49","772","1030","","","","1.00","","NW","Переменная облачность","2025-12-04 14:55"
"2.50","","-1.00","49","772","1030","","","","1.00","","NW","Переменная облачность","2025-12-04 14:56"
"2.50","","-1.00","49","772","1030","","","","1.00","","NW","Переменная облачность","2025-12-04 14:57"
"2.50","","-0.70","49","772","1030","","","","0.50","","NW","Переменная облачность","2025-12-04 14:58"
"2.50","","-0.70","49","772","1030","","","","0.50","","NW","Переменная облачность","2025-12-04 14:59"
"2.50","","-0.90","49","772","1030","","","","1.00","","NW","Переменная облачность","2025-12-04 15:00"
"2.50","","-1.00","49","772","1030","","","","0.60","","NW","Переменная облачность","2025-12-04 15:01"
"2.50","","-0.70","49","772","1030","","","","0.60","","NW","Переменная облачность","2025-12-04 15:02"
"2.50","","-0.30","49","772","1030","","","","0.00","","NW","Переменная облачность","2025-12-04 15:03"
"2.50","","-0.70","49","772","1030","","","","0.40","","NW","Переменная облачность","2025-12-04 15:04"
"2.50","","-0.60","49","772","1030","","","","0.40","","NW","Переменная облачность","2025-12-04 15:05"
"2.50","","-0.60","49","773","1031","","","","0.40","","NW","Переменная облачность","2025-12-04 15:06"
"2.50","","-0.60","49","773","1031","","","","0.40","","NW","Переменная облачность","2025-12-04 15:07"
"2.50","","-0.60","49","773","1031","","","","0.40","","NW","Переменная облачность","2025-12-04 15:08"
"2.40","","-0.80","49","773","1031","","","","0.40","","NW","Переменная облачность","2025-12-04 15:09"
"2.40","","-0.70","49","773","1031","","","","0.40","","NW","Переменная облачность","2025-12-04 15:10"
"2.40","","-1.10","49","773","1031","","","","1.00","","NW","Переменная облачность","2025-12-04 15:11"
"2.40","","-2.00","49","773","1031","","","","2.20","","NW","Переменная облачность","2025-12-04 15:12"
"2.40","","-1.50","49","773","1031","","","","0.60","","NW","Переменная облачность","2025-12-04 15:13"
"2.40","","-1.50","49","773","1031","","","","0.60","","NW","Переменная облачность","2025-12-04 15:14"
"2.40","","-0.90","49","773","1031","","","","0.70","","NW","Переменная облачность","2025-12-04 15:15"
"2.40","","-0.90","49","773","1031","","","","0.70","","NW","Переменная облачность","2025-12-04 15:16"
"2.30","","-1.00","49","773","1031","","","","0.60","","NW","Переменная облачность","2025-12-04 15:17"
"2.30","","-1.00","49","773","1031","","","","0.00","","NW","Переменная облачность","2025-12-04 15:18"
"2.30","","-1.00","49","773","1031","","","","0.00","","NW","Переменная облачность","2025-12-04 15:19"
"2.40","","-0.70","49","773","1031","","","","0.00","","NW","Переменная облачность","2025-12-04 15:20"
"2.40","","-0.70","49","773","1031","","","","0.00","","NW","Переменная облачность","2025-12-04 15:21"
"2.40","","-0.40","49","773","1031","","","","0.60","","NW","Переменная облачность","2025-12-04 15:22"
"2.30","","-1.00","49","773","1031","","","","0.60","","NW","Переменная облачность","2025-12-04 15:23"
"2.30","","-0.90","50","773","1031","","","","0.60","","NW","Переменная облачность","2025-12-04 15:24"
"2.30","","-1.10","50","773","1031","","","","0.90","","NW","Переменная облачность","2025-12-04 15:25"
"2.40","","-0.90","50","773","1031","","","","0.70","","NW","Переменная облачность","2025-12-04 15:26"
"2.40","","-0.90","50","773","1031","","","","0.00","","NW","Переменная облачность","2025-12-04 15:27"
"2.40","","-0.40","50","773","1031","","","","0.40","","NW","Переменная облачность","2025-12-04 15:28"
"2.40","","-0.40","50","773","1031","","","","0.00","","NW","Переменная облачность","2025-12-04 15:29"
"2.40","","-1.00","50","773","1031","","","","0.90","","NW","Переменная облачность","2025-12-04 15:30"
"2.40","","-1.00","50","773","1031","","","","0.90","","NW","Переменная облачность","2025-12-04 15:31"
"2.40","","-1.00","50","773","1031","","","","0.60","","NW","Переменная облачность","2025-12-04 15:32"
"2.40","","-1.40","50","773","1031","","","","0.70","","NW","Переменная облачность","2025-12-04 15:33"
"2.40","","-1.40","50","773","1031","","","","0.70","","NW","Переменная облачность","2025-12-04 15:34"
"2.40","","-0.80","50","773","1031","","","","1.30","","NW","Переменная облачность","2025-12-04 15:35"
"2.40","","-1.30","50","773","1031","","","","1.30","","NW","Облачно","2025-12-04 15:36"
"2.30","","-1.40","50","773","1031","","","","0.60","","NW","Облачно","2025-12-04 15:37"
"2.30","","-1.40","50","773","1031","","","","0.60","","NW","Облачно","2025-12-04 15:38"
"2.30","","-1.10","50","773","1031","","","","0.90","","NW","Облачно","2025-12-04 15:39"
"2.30","","-1.10","50","773","1031","","","","0.90","","NW","Облачно","2025-12-04 15:40"
"2.30","","-1.10","50","773","1031","","","","0.70","","NW","Облачно","2025-12-04 15:41"
"2.30","","-1.20","50","773","1031","","","","0.90","","NW","Облачно","2025-12-04 15:42"
"2.30","","-1.10","50","773","1031","","","","0.90","","NW","Облачно","2025-12-04 15:43"
"2.30","","-1.10","50","773","1031","","","","0.60","","NW","Облачно","2025-12-04 15:44"
"2.30","","-1.60","50","773","1031","","","","1.50","","NW","Облачно","2025-12-04 15:45"
"2.30","","-1.50","50","773","1031","","","","0.70","","NW","Облачно","2025-12-04 15:46"
"2.30","","-1.00","50","773","1031","","","","0.70","","NW","Облачно","2025-12-04 15:47"
"2.30","","-1.30","50","773","1031","","","","0.70","","NW","Облачно","2025-12-04 15:48"
"2.30","","-1.00","50","773","1031","","","","0.70","","NW","Облачно","2025-12-04 15:49"
"2.30","","-1.00","50","773","1031","","","","0.70","","NW","Облачно","2025-12-04 15:50"
"2.30","","-1.00","50","773","1031","","","","0.40","","NW","Облачно","2025-12-04 15:51"
"2.30","","-0.80","50","773","1031","","","","0.40","","NW","Облачно","2025-12-04 15:52"
"2.30","","-0.50","50","773","1031","","","","0.00","","NW","Облачно","2025-12-04 15:53"
"2.30","","-0.50","50","773","1031","","","","0.00","","NW","Облачно","2025-12-04 15:54"
"2.30","","-1.10","50","773","1031","","","","0.50","","NW","Облачно","2025-12-04 15:55"
"2.30","","-0.90","50","773","1031","","","","0.50","","NW","Облачно","2025-12-04 15:56"
"2.30","","-1.40","50","773","1031","","","","1.00","","NW","Облачно","2025-12-04 15:57"
"2.30","","-1.20","50","773","1031","","","","0.70","","NW","Облачно","2025-12-04 15:58"
"2.30","","-1.00","50","773","1031","","","","0.90","","NW","Облачно","2025-12-04 15:59"
"2.30","","-1.10","50","773","1031","","","","0.90","","NW","Облачно","2025-12-04 16:00"
"2.30","","-1.10","50","773","1031","","","","0.40","","NW","Облачно","2025-12-04 16:01"
"2.30","","-0.80","50","773","1031","","","","0.40","","NW","Облачно","2025-12-04 16:02"
"2.30","","-0.50","50","773","1031","","","","0.00","","NW","Облачно","2025-12-04 16:03"
"2.30","","-0.50","50","773","1031","","","","0.00","","NW","Облачно","2025-12-04 16:04"
"2.30","","-0.50","50","773","1031","","","","0.00","","NW","Облачно","2025-12-04 16:05"
"2.30","","-0.50","50","772","1030","","","","0.00","","NW","Облачно","2025-12-04 16:06"
"2.30","","-0.50","50","772","1030","","","","1.00","","NW","Облачно","2025-12-04 16:07"
"2.30","","-0.50","50","772","1030","","","","1.00","","NW","Облачно","2025-12-04 16:08"
"2.30","","-0.80","50","772","1030","","","","0.40","","NW","Облачно","2025-12-04 16:09"
"2.30","","-0.80","50","772","1030","","","","0.00","","NW","Облачно","2025-12-04 16:10"
"2.30","","-0.80","50","772","1030","","","","0.00","","NW","Облачно","2025-12-04 16:11"
"2.30","","-0.80","50","772","1030","","","","0.40","","NW","Облачно","2025-12-04 16:12"
"2.30","","-0.80","50","772","1030","","","","0.40","","NW","Облачно","2025-12-04 16:13"
"2.30","","-0.80","50","772","1030","","","","0.40","","NW","Облачно","2025-12-04 16:14"
"2.30","","-0.80","50","772","1030","","","","0.00","","NW","Облачно","2025-12-04 16:15"
"2.30","","-0.50","50","772","1030","","","","0.00","","NW","Облачно","2025-12-04 16:16"
"2.30","","-0.50","50","772","1030","","","","0.00","","NW","Облачно","2025-12-04 16:17"
"2.30","","-1.30","50","772","1030","","","","1.10","","NW","Облачно","2025-12-04 16:18"
"2.30","","-0.90","50","772","1030","","","","0.60","","NW","Облачно","2025-12-04 16:19"
"2.30","","-0.80","50","772","1030","","","","0.40","","NW","Облачно","2025-12-04 16:20"
"2.30","","-0.80","50","772","1030","","","","0.40","","NW","Облачно","2025-12-04 16:21"
"2.30","","-0.50","50","772","1030","","","","0.00","","NW","Облачно","2025-12-04 16:22"
"2.30","","-0.50","50","772","1030","","","","0.40","","NW","Облачно","2025-12-04 16:23"
"2.30","","-0.50","50","772","1030","","","","0.00","","NW","Облачно","2025-12-04 16:24"
"2.30","","-0.50","50","772","1030","","","","0.00","","NW","Облачно","2025-12-04 16:25"
"2.30","","-0.50","50","772","1030","","","","0.00","","NW","Облачно","2025-12-04 16:26"
"2.30","","-0.50","51","772","1030","","","","0.00","","NW","Облачно","2025-12-04 16:27"
"2.30","","-0.50","51","772","1030","","","","0.60","","NW","Облачно","2025-12-04 16:28"
"2.40","","-0.40","51","772","1030","","","","0.00","","NW","Облачно","2025-12-04 16:29"
"2.40","","-0.70","51","772","1030","","","","1.20","","NW","Облачно","2025-12-04 16:30"
"2.40","","-1.20","51","772","1030","","","","1.20","","NW","Облачно","2025-12-04 16:31"
"2.40","","-1.20","51","772","1030","","","","1.00","","NW","Облачно","2025-12-04 16:32"
"2.30","","-1.00","51","772","1030","","","","0.70","","NW","Облачно","2025-12-04 16:33"
"2.30","","-1.30","51","772","1030","","","","1.10","","NW","Облачно","2025-12-04 16:34"
"2.30","","-1.30","51","772","1030","","","","0.90","","NW","Облачно","2025-12-04 16:35"
"2.30","","-1.20","51","772","1030","","","","1.00","","NW","Переменная облачность","2025-12-04 16:36"
"2.30","","-1.10","51","772","1030","","","","0.90","","NW","Переменная облачность","2025-12-04 16:37"
"2.30","","-1.10","51","772","1030","","","","1.10","","NW","Переменная облачность","2025-12-04 16:38"
"2.30","","-0.80","51","772","1030","","","","0.50","","NW","Переменная облачность","2025-12-04 16:39"
"2.30","","-1.10","51","772","1030","","","","0.90","","NW","Переменная облачность","2025-12-04 16:40"
"2.30","","-1.10","51","772","1030","","","","0.90","","NW","Переменная облачность","2025-12-04 16:41"
"2.30","","-1.10","51","772","1030","","","","0.50","","NW","Переменная облачность","2025-12-04 16:42"
"2.30","","-0.80","51","772","1030","","","","0.50","","NW","Переменная облачность","2025-12-04 16:43"
"2.30","","-0.80","51","772","1030","","","","0.50","","NW","Переменная облачность","2025-12-04 16:44"
"2.30","","-0.80","51","772","1030","","","","0.40","","NW","Переменная облачность","2025-12-04 16:45"
"2.30","","-0.80","51","772","1030","","","","0.40","","NW","Переменная облачность","2025-12-04 16:46"
"2.30","","-0.90","51","772","1030","","","","0.50","","NW","Переменная облачность","2025-12-04 16:48"
"2.30","","-0.80","51","772","1030","","","","0.40","","NW","Переменная облачность","2025-12-04 16:49"
"2.30","","-0.50","51","772","1030","","","","0.00","","NW","Переменная облачность","2025-12-04 16:50"
"2.30","","-0.50","51","772","1030","","","","0.00","","NW","Переменная облачность","2025-12-04 16:51"
"2.30","","-0.50","51","772","1030","","","","0.00","","NW","Переменная облачность","2025-12-04 16:52"
"2.30","","-0.50","51","772","1030","","","","0.00","","NW","Переменная облачность","2025-12-04 16:53"
"2.30","","-0.50","51","772","1030","","","","0.00","","NW","Переменная облачность","2025-12-04 16:54"
"2.30","","-0.80","51","772","1030","","","","0.50","","NW","Переменная облачность","2025-12-04 16:55"
"2.30","","-0.80","51","772","1030","","","","0.50","","NW","Переменная облачность","2025-12-04 16:56"
"2.30","","-0.50","51","772","1030","","","","0.00","","NW","Переменная облачность","2025-12-04 16:57"
"2.30","","-0.50","51","772","1030","","","","0.00","","NW","Переменная облачность","2025-12-04 16:58"
"2.30","","-0.80","51","772","1030","","","","0.40","","NW","Переменная облачность","2025-12-04 16:59"
"2.30","","-0.50","51","772","1030","","","","0.00","","NW","Переменная облачность","2025-12-04 17:00"
"2.30","","-0.50","51","772","1030","","","","0.00","","NW","Переменная облачность","2025-12-04 17:01"
"2.30","","-0.50","51","772","1030","","","","0.00","","NW","Переменная облачность","2025-12-04 17:02"
"2.30","","-0.50","51","772","1030","","","","0.00","","NW","Переменная облачность","2025-12-04 17:03"
"2.30","","-0.50","51","772","1030","","","","0.00","","NW","Переменная облачность","2025-12-04 17:04"
"2.30","","-0.50","51","772","1030","","","","0.00","","NW","Переменная облачность","2025-12-04 17:05"
"2.30","","-0.50","51","772","1030","","","","0.00","","NW","Переменная облачность","2025-12-04 17:06"
"2.30","","-0.50","51","772","1030","","","","0.00","","NW","Переменная облачность","2025-12-04 17:07"
"2.30","","-0.50","51","772","1030","","","","0.00","","NW","Переменная облачность","2025-12-04 17:08"
"2.30","","-1.00","51","772","1030","","","","0.70","","NW","Переменная облачность","2025-12-04 17:09"
"2.30","","-1.00","51","772","1030","","","","0.70","","NW","Переменная облачность","2025-12-04 17:10"
"2.30","","-0.80","51","772","1030","","","","0.50","","NW","Переменная облачность","2025-12-04 17:11"
"2.30","","-0.50","51","772","1030","","","","0.00","","NW","Переменная облачность","2025-12-04 17:12"
"2.30","","-0.50","51","772","1030","","","","0.00","","NW","Переменная облачность","2025-12-04 17:13"
"2.30","","-0.50","51","772","1030","","","","0.00","","NW","Переменная облачность","2025-12-04 17:14"
"2.30","","-0.50","51","772","1030","","","","0.00","","NW","Переменная облачность","2025-12-04 17:15"
"2.20","","-0.60","51","772","1030","","","","0.00","","NW","Переменная облачность","2025-12-04 17:16"
"2.20","","-0.60","51","772","1030","","","","0.00","","NW","Переменная облачность","2025-12-04 17:17"
"2.30","","-0.80","51","772","1030","","","","0.40","","NW","Переменная облачность","2025-12-04 17:18"
"2.30","","-1.00","51","772","1030","","","","0.70","","NW","Переменная облачность","2025-12-04 17:19"
"2.30","","-1.00","51","772","1030","","","","0.70","","NW","Переменная облачность","2025-12-04 17:20"
"2.30","","-1.00","51","772","1030","","","","0.70","","NW","Переменная облачность","2025-12-04 17:21"
"2.20","","-1.40","51","772","1030","","","","1.20","","NW","Переменная облачность","2025-12-04 17:22"
"2.20","","-1.00","51","772","1030","","","","0.60","","NW","Переменная облачность","2025-12-04 17:23"
"2.30","","-0.90","51","772","1030","","","","1.00","","NW","Переменная облачность","2025-12-04 17:24"
"2.30","","-1.20","51","772","1030","","","","1.00","","NW","Переменная облачность","2025-12-04 17:25"
"2.30","","-1.20","51","772","1030","","","","1.00","","NW","Переменная облачность","2025-12-04 17:26"
"2.30","","-1.20","51","772","1030","","","","1.00","","NW","Переменная облачность","2025-12-04 17:27"
"2.30","","-1.00","51","772","1030","","","","0.70","","NW","Переменная облачность","2025-12-04 17:28"
"2.30","","-1.00","51","772","1030","","","","0.90","","NW","Переменная облачность","2025-12-04 17:29"
"2.30","","-0.80","51","772","1030","","","","0.50","","NW","Переменная облачность","2025-12-04 17:30"
"2.20","","-0.90","51","772","1030","","","","0.70","","NW","Переменная облачность","2025-12-04 17:31"
"2.20","","-1.10","51","772","1030","","","","0.70","","NW","Переменная облачность","2025-12-04 17:32"
"2.20","","-1.10","51","772","1030","","","","0.70","","NW","Переменная облачность","2025-12-04 17:33"
"2.30","","-0.50","52","772","1030","","","","0.00","","NW","Переменная облачность","2025-12-04 17:34"
"2.30","","-0.70","52","772","1030","","","","0.40","","NW","Переменная облачность","2025-12-04 17:35"
"2.30","","-1.00","52","773","1031","","","","0.70","","NW","Облачно","2025-12-04 17:36"
"2.30","","-1.00","52","773","1031","","","","0.70","","NW","Облачно","2025-12-04 17:37"
"2.30","","-0.50","52","773","1031","","","","0.00","","NW","Облачно","2025-12-04 17:38"
"2.30","","-0.50","52","773","1031","","","","0.00","","NW","Облачно","2025-12-04 17:39"
"2.30","","-0.80","52","773","1031","","","","0.50","","NW","Облачно","2025-12-04 17:40"
"2.30","","-0.80","52","773","1031","","","","0.50","","NW","Облачно","2025-12-04 17:41"
"2.30","","-0.80","52","773","1031","","","","0.50","","NW","Облачно","2025-12-04 17:42"
"2.30","","-0.50","52","773","1031","","","","0.00","","NW","Облачно","2025-12-04 17:43"
"2.30","","-0.50","52","773","1031","","","","0.00","","NW","Облачно","2025-12-04 17:44"
"2.30","","-1.00","52","773","1031","","","","0.70","","NW","Облачно","2025-12-04 17:45"
"2.30","","-1.00","52","773","1031","","","","0.70","","NW","Облачно","2025-12-04 17:46"
"2.30","","-1.00","52","773","1031","","","","0.60","","NW","Облачно","2025-12-04 17:47"
"2.30","","-0.90","52","773","1031","","","","0.60","","NW","Облачно","2025-12-04 17:48"
"2.30","","-0.90","52","773","1031","","","","0.60","","NW","Облачно","2025-12-04 17:49"
"2.30","","-0.90","52","773","1031","","","","0.70","","NW","Облачно","2025-12-04 17:50"
"2.30","","-0.90","52","773","1031","","","","0.60","","NW","Облачно","2025-12-04 17:51"
"2.30","","-0.70","52","773","1031","","","","0.40","","NW","Облачно","2025-12-04 17:52"
"2.30","","-0.50","52","773","1031","","","","0.00","","NW","Облачно","2025-12-04 17:53"
"2.30","","-0.70","52","773","1031","","","","0.40","","NW","Облачно","2025-12-04 17:54"
"2.30","","-0.70","52","773","1031","","","","0.50","","NW","Облачно","2025-12-04 17:55"
"2.30","","-0.50","52","773","1031","","","","0.00","","NW","Облачно","2025-12-04 17:56"
"2.30","","-0.50","52","773","1031","","","","0.00","","NW","Облачно","2025-12-04 17:57"
"2.30","","-1.00","52","773","1031","","","","0.70","","NW","Облачно","2025-12-04 17:58"
"2.30","","-1.00","52","773","1031","","","","0.70","","NW","Облачно","2025-12-04 17:59"
"2.30","","-0.70","52","773","1031","","","","0.40","","NW","Облачно","2025-12-04 18:00"
"2.30","","-0.70","52","773","1031","","","","0.40","","NW","Облачно","2025-12-04 18:01"
"2.30","","-0.70","52","773","1031","","","","0.40","","NW","Облачно","2025-12-04 18:02"
"2.30","","-0.70","52","773","1031","","","","0.40","","NW","Облачно","2025-12-04 18:03"
"2.30","","-0.70","52","773","1031","","","","0.40","","NW","Облачно","2025-12-04 18:04"
"2.30","","-0.70","52","773","1031","","","","0.40","","NW","Облачно","2025-12-04 18:05"
"2.30","","-0.70","52","773","1031","","","","0.40","","NW","Облачно","2025-12-04 18:06"
"2.40","","-0.40","52","772","1030","","","","0.00","","NW","Облачно","2025-12-04 18:07"
"2.40","","-0.70","52","772","1030","","","","0.50","","NW","Облачно","2025-12-04 18:08"
"2.40","","-0.70","52","772","1030","","","","0.50","","NW","Облачно","2025-12-04 18:09"
"2.40","","-0.70","52","772","1030","","","","0.50","","NW","Облачно","2025-12-04 18:10"
"2.40","","-0.70","52","772","1030","","","","0.50","","NW","Облачно","2025-12-04 18:11"
"2.40","","-0.70","52","772","1030","","","","0.70","","NW","Облачно","2025-12-04 18:12"
"2.40","","-0.40","52","772","1030","","","","0.00","","NW","Облачно","2025-12-04 18:13"
"2.40","","-0.40","52","772","1030","","","","0.00","","NW","Облачно","2025-12-04 18:14"
"2.40","","-0.80","52","772","1030","","","","0.70","","NW","Облачно","2025-12-04 18:15"
"2.40","","-0.80","52","772","1030","","","","0.70","","NW","Облачно","2025-12-04 18:16"
"2.40","","-0.60","52","772","1030","","","","0.40","","NW","Облачно","2025-12-04 18:17"
"2.40","","-0.60","52","772","1030","","","","0.90","","NW","Облачно","2025-12-04 18:18"
"2.40","","-1.00","52","772","1030","","","","0.90","","NW","Облачно","2025-12-04 18:19"
"2.40","","-0.80","52","772","1030","","","","0.70","","NW","Облачно","2025-12-04 18:20"
"2.40","","-1.00","52","773","1031","","","","0.90","","NW","Облачно","2025-12-04 18:21"
"2.40","","-1.00","52","773","1031","","","","0.90","","NW","Облачно","2025-12-04 18:22"
"2.40","","-1.00","52","773","1031","","","","1.20","","NW","Облачно","2025-12-04 18:23"
"2.40","","-1.20","52","773","1031","","","","0.70","","NW","Облачно","2025-12-04 18:24"
"2.40","","-0.80","52","773","1031","","","","1.40","","NW","Облачно","2025-12-04 18:25"
"2.40","","-0.80","52","773","1031","","","","1.40","","NW","Облачно","2025-12-04 18:26"
"2.30","","-1.40","52","773","1031","","","","1.40","","NW","Облачно","2025-12-04 18:27"
"2.30","","-1.00","52","773","1031","","","","0.70","","NW","Облачно","2025-12-04 18:28"
"2.30","","-0.90","52","773","1031","","","","0.60","","NW","Облачно","2025-12-04 18:29"
"2.40","","-0.60","53","773","1031","","","","0.40","","NW","Облачно","2025-12-04 18:30"
"2.40","","-0.60","53","773","1031","","","","0.40","","NW","Облачно","2025-12-04 18:31"
"2.40","","-0.60","53","773","1031","","","","0.00","","NW","Облачно","2025-12-04 18:32"
"2.40","","-0.30","53","773","1031","","","","0.00","","NW","Облачно","2025-12-04 18:33"
"2.40","","-0.30","53","773","1031","","","","0.00","","NW","Облачно","2025-12-04 18:34"
"2.30","","-0.40","53","773","1031","","","","0.00","","NW","Облачно","2025-12-04 18:35"
"2.30","","-0.40","53","773","1031","","","","0.00","","NW","Облачно","2025-12-04 18:36"
"2.30","","-0.40","53","772","1030","","","","0.00","","NW","Облачно","2025-12-04 18:37"
"2.30","","-0.40","53","772","1030","","","","0.00","","NW","Облачно","2025-12-04 18:38"
"2.30","","-0.40","53","772","1030","","","","0.00","","NW","Облачно","2025-12-04 18:39"
"2.30","","-0.40","53","772","1030","","","","0.00","","NW","Облачно","2025-12-04 18:40"
"2.30","","-0.40","53","772","1030","","","","0.00","","NW","Облачно","2025-12-04 18:41"
"2.30","","-0.40","53","772","1030","","","","0.00","","NW","Облачно","2025-12-04 18:42"
"2.30","","-0.40","53","772","1030","","","","0.00","","NW","Облачно","2025-12-04 18:43"
"2.30","","-0.40","53","772","1030","","","","0.00","","NW","Облачно","2025-12-04 18:44"
"2.30","","-0.40","53","772","1030","","","","0.00","","NW","Облачно","2025-12-04 18:45"
"2.30","","-0.40","53","772","1030","","","","0.40","","NW","Облачно","2025-12-04 18:46"
"2.30","","-0.70","53","772","1030","","","","0.40","","NW","Облачно","2025-12-04 18:47"
"2.30","","-0.70","53","772","1030","","","","0.00","","NW","Облачно","2025-12-04 18:48"
"2.30","","-0.40","53","772","1030","","","","0.00","","NW","Облачно","2025-12-04 18:49"
"2.30","","-0.40","53","772","1030","","","","0.40","","NW","Облачно","2025-12-04 18:50"
"2.30","","-0.70","53","772","1030","","","","0.40","","NW","Облачно","2025-12-04 18:51"
"2.30","","-0.40","53","772","1030","","","","0.00","","NW","Облачно","2025-12-04 18:52"
"2.30","","-0.40","53","772","1030","","","","0.00","","NW","Облачно","2025-12-04 18:53"
"2.30","","-0.40","53","772","1030","","","","0.00","","NW","Облачно","2025-12-04 18:54"
"2.30","","-0.40","53","772","1030","","","","0.00","","NW","Облачно","2025-12-04 18:55"
"2.30","","-0.40","53","772","1030","","","","0.00","","NW","Облачно","2025-12-04 18:56"
"2.30","","-0.40","53","772","1030","","","","0.00","","NW","Облачно","2025-12-04 18:57"
"2.30","","-0.40","53","772","1030","","","","0.00","","NW","Облачно","2025-12-04 18:58"
"2.30","","-0.40","53","772","1030","","","","0.00","","NW","Облачно","2025-12-04 18:59"
"2.30","","-0.70","53","772","1030","","","","0.00","","NW","Облачно","2025-12-04 19:00"
"2.30","","-0.40","53","772","1030","","","","0.00","","NW","Облачно","2025-12-04 19:01"
"2.30","","-0.40","53","772","1030","","","","0.40","","NW","Облачно","2025-12-04 19:02"
"2.30","","-0.80","53","772","1030","","","","0.50","","NW","Облачно","2025-12-04 19:03"
"2.30","","-0.80","53","772","1030","","","","0.50","","NW","Облачно","2025-12-04 19:04"
"2.30","","-0.80","53","772","1030","","","","0.50","","NW","Облачно","2025-12-04 19:05"
"2.30","","-0.40","53","773","1031","","","","0.00","","NW","Переменная облачность","2025-12-04 19:06"
"2.30","","-0.40","53","773","1031","","","","0.00","","NW","Переменная облачность","2025-12-04 19:07"
"2.30","","-0.40","53","773","1031","","","","0.00","","NW","Переменная облачность","2025-12-04 19:08"
"2.30","","-0.40","53","773","1031","","","","0.00","","NW","Переменная облачность","2025-12-04 19:09"
"2.30","","-0.40","53","773","1031","","","","0.50","","NW","Переменная облачность","2025-12-04 19:10"
"2.30","","-0.90","53","773","1031","","","","0.60","","NW","Переменная облачность","2025-12-04 19:11"
"2.30","","-0.90","53","773","1031","","","","0.60","","NW","Переменная облачность","2025-12-04 19:12"
"2.30","","-0.90","53","773","1031","","","","0.40","","NW","Переменная облачность","2025-12-04 19:13"
"2.30","","-0.90","53","773","1031","","","","0.40","","NW","Переменная облачность","2025-12-04 19:14"
"2.30","","-0.40","53","773","1031","","","","0.00","","NW","Переменная облачность","2025-12-04 19:15"
"2.30","","-0.40","53","773","1031","","","","0.00","","NW","Переменная облачность","2025-12-04 19:16"
"2.30","","-0.40","53","773","1031","","","","0.00","","NW","Переменная облачность","2025-12-04 19:17"
"2.30","","-0.40","53","773","1031","","","","0.00","","NW","Переменная облачность","2025-12-04 19:18"
"2.30","","-1.10","53","773","1031","","","","1.00","","NW","Переменная облачность","2025-12-04 19:19"
"2.30","","-0.90","54","773","1031","","","","0.70","","NW","Переменная облачность","2025-12-04 19:20"
"2.30","","-1.00","54","772","1030","","","","0.90","","NW","Переменная облачность","2025-12-04 19:21"
"2.30","","-0.70","54","772","1030","","","","0.40","","NW","Переменная облачность","2025-12-04 19:22"
"2.30","","-0.80","54","772","1030","","","","0.60","","NW","Переменная облачность","2025-12-04 19:23"
"2.30","","-0.40","54","772","1030","","","","0.00","","NW","Переменная облачность","2025-12-04 19:24"
"2.30","","-0.40","54","772","1030","","","","0.40","","NW","Переменная облачность","2025-12-04 19:25"
"2.30","","-0.70","54","772","1030","","","","0.40","","NW","Переменная облачность","2025-12-04 19:26"
"2.30","","-0.70","54","772","1030","","","","0.40","","NW","Переменная облачность","2025-12-04 19:27"
"2.40","","-0.70","54","772","1030","","","","0.60","","NW","Переменная облачность","2025-12-04 19:28"
"2.40","","-0.70","54","772","1030","","","","0.60","","NW","Переменная облачность","2025-12-04 19:29"
"2.30","","-0.70","54","772","1030","","","","0.40","","NW","Переменная облачность","2025-12-04 19:30"
"2.40","","-0.70","54","772","1030","","","","0.60","","NW","Переменная облачность","2025-12-04 19:31"
"2.40","","-0.70","54","772","1030","","","","0.40","","NW","Переменная облачность","2025-12-04 19:32"
"2.40","","-0.60","54","772","1030","","","","0.40","","NW","Переменная облачность","2025-12-04 19:33"
"2.40","","-0.60","54","772","1030","","","","0.40","","NW","Переменная облачность","2025-12-04 19:34"
"2.40","","-0.30","54","772","1030","","","","1.10","","NW","Переменная облачность","2025-12-04 19:35"
"2.40","","-1.10","54","773","1031","","","","1.10","","NW","Переменная облачность","2025-12-04 19:36"
"2.40","","-1.10","54","773","1031","","","","0.60","","NW","Переменная облачность","2025-12-04 19:37"
"2.40","","-0.80","54","773","1031","","","","0.70","","NW","Переменная облачность","2025-12-04 19:38"
"2.40","","-0.60","54","773","1031","","","","0.40","","NW","Переменная облачность","2025-12-04 19:39"
"2.40","","-0.60","54","773","1031","","","","0.40","","NW","Переменная облачность","2025-12-04 19:40"
"2.40","","-0.30","54","773","1031","","","","0.00","","NW","Переменная облачность","2025-12-04 19:41"
"2.40","","-0.30","54","773","1031","","","","0.00","","NW","Переменная облачность","2025-12-04 19:42"
"2.40","","-0.80","54","773","1031","","","","0.70","","NW","Переменная облачность","2025-12-04 19:43"
"2.40","","-0.80","54","773","1031","","","","0.70","","NW","Переменная облачность","2025-12-04 19:44"
"2.40","","-1.00","54","773","1031","","","","0.60","","NW","Переменная облачность","2025-12-04 19:45"
"2.40","","-1.00","54","773","1031","","","","0.60","","NW","Переменная облачность","2025-12-04 19:46"
"2.40","","-0.70","54","773","1031","","","","0.60","","NW","Переменная облачность","2025-12-04 19:47"
"2.40","","-0.70","54","773","1031","","","","0.60","","NW","Переменная облачность","2025-12-04 19:48"
"2.40","","-1.30","54","773","1031","","","","1.50","","NW","Переменная облачность","2025-12-04 19:49"
"2.40","","-1.40","54","773","1031","","","","1.50","","NW","Переменная облачность","2025-12-04 19:50"
"2.40","","-1.40","54","773","1031","","","","1.10","","NW","Переменная облачность","2025-12-04 19:51"
"2.40","","-0.70","54","773","1031","","","","0.50","","NW","Переменная облачность","2025-12-04 19:52"
"2.40","","-0.70","54","773","1031","","","","0.50","","NW","Переменная облачность","2025-12-04 19:53"
"2.40","","-0.60","54","773","1031","","","","0.00","","NW","Переменная облачность","2025-12-04 19:54"
"2.40","","-0.30","54","773","1031","","","","0.00","","NW","Переменная облачность","2025-12-04 19:55"
"2.40","","-0.70","54","773","1031","","","","0.50","","NW","Переменная облачность","2025-12-04 19:56"
"2.40","","-0.70","54","773","1031","","","","0.50","","NW","Переменная облачность","2025-12-04 19:57"
"2.40","","-0.30","54","773","1031","","","","0.00","","NW","Переменная облачность","2025-12-04 19:58"
"2.40","","-0.30","54","773","1031","","","","0.00","","NW","Переменная облачность","2025-12-04 19:59"
"2.40","","-0.30","54","773","1031","","","","0.00","","NW","Переменная облачность","2025-12-04 20:00"
"2.40","","-0.30","54","773","1031","","","","0.00","","N","Переменная облачность","2025-12-04 20:01"
"2.40","","-0.30","54","773","1031","","","","0.00","","N","Переменная облачность","2025-12-04 20:02"
"2.40","","-0.30","54","773","1031","","","","0.00","","N","Переменная облачность","2025-12-04 20:03"
"2.40","","-0.30","54","773","1031","","","","0.00","","N","Переменная облачность","2025-12-04 20:04"
"2.40","","-0.60","54","773","1031","","","","0.40","","S","Переменная облачность","2025-12-04 20:05"
"2.40","","-0.60","54","773","1031","","","","0.40","","S","Переменная облачность","2025-12-04 20:06"
"2.30","","-0.40","54","772","1030","","","","0.00","","S","Переменная облачность","2025-12-04 20:07"
"2.30","","-0.40","54","772","1030","","","","0.00","","S","Переменная облачность","2025-12-04 20:08"
"2.30","","-0.40","54","772","1030","","","","0.00","","S","Переменная облачность","2025-12-04 20:09"
"2.30","","-0.40","54","772","1030","","","","0.00","","S","Переменная облачность","2025-12-04 20:10"
"2.30","","-0.40","54","772","1030","","","","0.00","","S","Переменная облачность","2025-12-04 20:11"
"2.30","","-0.40","54","772","1030","","","","0.00","","S","Переменная облачность","2025-12-04 20:12"
"2.30","","-0.40","54","772","1030","","","","0.00","","S","Переменная облачность","2025-12-04 20:13"
"2.30","","-0.40","54","772","1030","","","","0.00","","S","Переменная облачность","2025-12-04 20:14"
"2.30","","-0.40","54","772","1030","","","","0.00","","S","Переменная облачность","2025-12-04 20:15"
"2.30","","-0.40","54","772","1030","","","","0.00","","S","Переменная облачность","2025-12-04 20:16"
"2.30","","-0.40","54","772","1030","","","","0.00","","S","Переменная облачность","2025-12-04 20:17"
"2.30","","-0.40","54","772","1030","","","","0.00","","S","Переменная облачность","2025-12-04 20:18"
"2.30","","-0.40","54","772","1030","","","","0.40","","SSW","Переменная облачность","2025-12-04 20:19"
"2.30","","-0.40","54","772","1030","","","","0.00","","SSW","Переменная облачность","2025-12-04 20:20"
"2.30","","-0.40","54","772","1030","","","","0.00","","SSW","Переменная облачность","2025-12-04 20:21"
"2.30","","-0.40","54","773","1031","","","","0.00","","SSW","Переменная облачность","2025-12-04 20:22"
"2.30","","-0.40","54","773","1031","","","","0.00","","SSW","Переменная облачность","2025-12-04 20:23"
"2.30","","-0.40","54","773","1031","","","","0.00","","SSW","Переменная облачность","2025-12-04 20:24"
"2.20","","-0.50","54","773","1031","","","","0.00","","SSW","Переменная облачность","2025-12-04 20:25"
"2.20","","-0.50","54","773","1031","","","","0.00","","SSW","Переменная облачность","2025-12-04 20:26"
"2.20","","-0.50","54","773","1031","","","","0.00","","SSW","Переменная облачность","2025-12-04 20:27"
"2.20","","-0.50","54","773","1031","","","","0.00","","SSW","Переменная облачность","2025-12-04 20:28"
"2.20","","-0.50","54","773","1031","","","","0.00","","SSW","Переменная облачность","2025-12-04 20:29"
"2.20","","-0.50","54","773","1031","","","","0.00","","SSW","Переменная облачность","2025-12-04 20:30"
"2.20","","-0.50","54","773","1031","","","","0.00","","SSW","Переменная облачность","2025-12-04 20:31"
"2.20","","-0.50","54","773","1031","","","","0.00","","SSW","Переменная облачность","2025-12-04 20:32"
"2.20","","-0.50","54","773","1031","","","","0.00","","SSW","Переменная облачность","2025-12-04 20:33"
"2.20","","-0.80","54","773","1031","","","","0.00","","SSW","Переменная облачность","2025-12-04 20:34"
"2.20","","-0.50","54","773","1031","","","","0.00","","SSW","Переменная облачность","2025-12-04 20:35"
"2.20","","-0.50","54","773","1031","","","","0.00","","SSW","Облачно","2025-12-04 20:36"
"2.20","","-0.50","54","773","1031","","","","0.00","","SSW","Облачно","2025-12-04 20:37"
"2.20","","-0.50","54","773","1031","","","","0.00","","SSW","Облачно","2025-12-04 20:38"
"2.20","","-0.50","54","773","1031","","","","0.00","","SSW","Облачно","2025-12-04 20:39"
"2.20","","-0.50","54","773","1031","","","","0.00","","SSW","Облачно","2025-12-04 20:40"
"2.20","","-0.50","55","773","1031","","","","0.00","","SSW","Облачно","2025-12-04 20:41"
"2.20","","-0.50","55","773","1031","","","","0.00","","SSW","Облачно","2025-12-04 20:42"
"2.20","","-0.50","55","773","1031","","","","0.00","","SSW","Облачно","2025-12-04 20:43"
"2.20","","-0.50","55","773","1031","","","","0.00","","SSW","Облачно","2025-12-04 20:44"
"2.20","","-0.90","55","773","1031","","","","0.50","","SSW","Облачно","2025-12-04 20:45"
"2.20","","-0.90","55","773","1031","","","","0.50","","SSW","Облачно","2025-12-04 20:46"
"2.20","","-0.50","55","773","1031","","","","0.00","","SSW","Облачно","2025-12-04 20:47"
"2.20","","-0.50","55","773","1031","","","","0.00","","SSW","Облачно","2025-12-04 20:48"
"2.20","","-0.50","55","773","1031","","","","0.00","","SSW","Облачно","2025-12-04 20:49"
"2.20","","-0.50","55","773","1031","","","","0.00","","SSW","Облачно","2025-12-04 20:50"
"2.20","","-0.50","55","773","1031","","","","0.00","","SSW","Облачно","2025-12-04 20:51"
"2.30","","-0.40","55","772","1030","","","","0.00","","SSW","Облачно","2025-12-04 20:52"
"2.30","","-0.40","55","772","1030","","","","0.00","","SSW","Облачно","2025-12-04 20:53"
"2.30","","-0.40","55","772","1030","","","","0.00","","SSW","Облачно","2025-12-04 20:54"
"2.30","","-0.40","55","772","1030","","","","0.90","","SSW","Облачно","2025-12-04 20:55"
"2.30","","-0.40","55","772","1030","","","","0.90","","SSW","Облачно","2025-12-04 20:56"
"2.30","","-1.00","55","772","1030","","","","0.90","","SW","Облачно","2025-12-04 20:57"
"2.30","","-0.40","56","772","1030","","","","0.00","","SW","Облачно","2025-12-04 20:58"
"2.30","","-0.60","56","772","1030","","","","0.40","","SW","Облачно","2025-12-04 20:59"
"2.30","","-0.60","56","772","1030","","","","0.40","","SW","Облачно","2025-12-04 21:00"
"2.30","","-1.10","56","772","1030","","","","1.00","","WSW","Облачно","2025-12-04 21:01"
"2.30","","-0.80","56","772","1030","","","","0.70","","WSW","Облачно","2025-12-04 21:02"
"2.30","","-0.80","56","772","1030","","","","1.00","","WSW","Облачно","2025-12-04 21:03"
"2.30","","-1.10","56","772","1030","","","","1.00","","WSW","Облачно","2025-12-04 21:04"
"2.30","","-0.40","56","772","1030","","","","0.00","","WSW","Облачно","2025-12-04 21:05"
"2.30","","-0.40","56","772","1030","","","","0.00","","WSW","Небольшая облачность","2025-12-04 21:06"
"2.40","","-0.30","56","773","1031","","","","0.00","","WSW","Небольшая облачность","2025-12-04 21:07"
"2.40","","-0.30","56","773","1031","","","","0.00","","WSW","Небольшая облачность","2025-12-04 21:08"
"2.40","","-0.30","56","773","1031","","","","0.00","","WSW","Небольшая облачность","2025-12-04 21:09"
"2.30","","-0.40","56","773","1031","","","","0.50","","WSW","Небольшая облачность","2025-12-04 21:10"
"2.30","","-0.70","56","773","1031","","","","0.50","","WSW","Небольшая облачность","2025-12-04 21:11"
"2.30","","-0.40","56","773","1031","","","","0.00","","WSW","Небольшая облачность","2025-12-04 21:12"
"2.30","","-0.40","56","773","1031","","","","0.00","","WSW","Небольшая облачность","2025-12-04 21:13"
"2.30","","-0.40","56","773","1031","","","","0.00","","WSW","Небольшая облачность","2025-12-04 21:14"
"2.40","","-0.30","56","773","1031","","","","0.00","","WSW","Небольшая облачность","2025-12-04 21:15"
"2.40","","-0.30","56","773","1031","","","","0.00","","WSW","Небольшая облачность","2025-12-04 21:16"
"2.40","","-0.30","56","773","1031","","","","0.00","","WSW","Небольшая облачность","2025-12-04 21:17"
"2.30","","-0.60","56","773","1031","","","","0.40","","WSW","Небольшая облачность","2025-12-04 21:18"
"2.30","","-0.40","56","773","1031","","","","0.00","","WSW","Небольшая облачность","2025-12-04 21:19"
"2.30","","-0.60","56","773","1031","","","","0.00","","WSW","Небольшая облачность","2025-12-04 21:20"
"2.40","","-0.30","56","772","1030","","","","0.00","","WSW","Небольшая облачность","2025-12-04 21:21"
"2.40","","-0.30","56","772","1030","","","","0.00","","WSW","Небольшая облачность","2025-12-04 21:22"
"2.40","","-0.30","56","772","1030","","","","0.00","","WSW","Небольшая облачность","2025-12-04 21:23"
"2.40","","-0.30","56","772","1030","","","","0.40","","WSW","Небольшая облачность","2025-12-04 21:24"
"2.40","","-0.70","56","772","1030","","","","0.60","","WSW","Небольшая облачность","2025-12-04 21:25"
"2.40","","-0.70","56","772","1030","","","","0.60","","WSW","Небольшая облачность","2025-12-04 21:26"
"2.40","","-0.60","56","772","1030","","","","0.50","","WSW","Небольшая облачность","2025-12-04 21:27"
"2.40","","-0.60","56","772","1030","","","","0.50","","WSW","Небольшая облачность","2025-12-04 21:28"
"2.40","","-0.30","56","772","1030","","","","0.00","","WSW","Небольшая облачность","2025-12-04 21:29"
"2.40","","-0.60","56","772","1030","","","","0.00","","WSW","Небольшая облачность","2025-12-04 21:30"
"2.40","","-0.30","56","772","1030","","","","0.00","","WSW","Небольшая облачность","2025-12-04 21:31"
"2.40","","-0.30","56","772","1030","","","","0.00","","WSW","Небольшая облачность","2025-12-04 21:32"
"2.30","","-0.40","56","772","1030","","","","0.00","","WSW","Небольшая облачность","2025-12-04 21:33"
"2.30","","-0.40","56","772","1030","","","","0.00","","WSW","Небольшая облачность","2025-12-04 21:34"
"2.40","","-0.30","56","772","1030","","","","0.00","","WSW","Небольшая облачность","2025-12-04 21:35"
"2.40","","-0.30","56","772","1030","","","","0.00","","WSW","Небольшая облачность","2025-12-04 21:36"
"2.40","","-0.30","56","772","1030","","","","0.00","","WSW","Небольшая облачность","2025-12-04 21:37"
"2.40","","-0.50","56","772","1030","","","","0.60","","WSW","Небольшая облачность","2025-12-04 21:38"
"2.40","","-0.50","56","772","1030","","","","0.60","","WSW","Небольшая облачность","2025-12-04 21:39"
"2.30","","-0.80","56","772","1030","","","","0.60","","WSW","Небольшая облачность","2025-12-04 21:40"
"2.30","","-0.80","56","772","1030","","","","0.60","","WSW","Небольшая облачность","2025-12-04 21:41"
"2.30","","-0.70","56","772","1030","","","","0.50","","WSW","Небольшая облачность","2025-12-04 21:42"
"2.30","","-0.90","56","772","1030","","","","0.70","","WSW","Небольшая облачность","2025-12-04 21:43"
"2.30","","-0.90","56","772","1030","","","","1.10","","WSW","Небольшая облачность","2025-12-04 21:44"
"2.30","","-1.10","56","772","1030","","","","1.10","","WSW","Небольшая облачность","2025-12-04 21:45"
"2.30","","-1.10","56","772","1030","","","","1.10","","WSW","Небольшая облачность","2025-12-04 21:46"
"2.30","","-1.30","56","772","1030","","","","1.20","","WSW","Небольшая облачность","2025-12-04 21:47"
"2.30","","-1.30","56","772","1030","","","","1.20","","WSW","Небольшая облачность","2025-12-04 21:48"
"2.20","","-1.30","56","772","1030","","","","0.60","","WSW","Небольшая облачность","2025-12-04 21:49"
"2.30","","-0.40","56","772","1030","","","","0.00","","W","Небольшая облачность","2025-12-04 21:50"
"2.30","","-0.80","56","772","1030","","","","0.60","","W","Небольшая облачность","2025-12-04 21:51"
"2.20","","-1.20","56","772","1030","","","","0.90","","W","Небольшая облачность","2025-12-04 21:52"
"2.20","","-1.10","56","772","1030","","","","0.90","","W","Небольшая облачность","2025-12-04 21:53"
"2.20","","-1.10","56","772","1030","","","","0.70","","W","Небольшая облачность","2025-12-04 21:54"
"2.20","","-1.00","56","772","1030","","","","0.70","","W","Небольшая облачность","2025-12-04 21:55"
"2.20","","-0.80","56","772","1030","","","","0.40","","W","Небольшая облачность","2025-12-04 21:56"
"2.20","","-1.40","56","772","1030","","","","1.30","","W","Небольшая облачность","2025-12-04 21:57"
"2.20","","-1.00","56","772","1030","","","","0.70","","W","Небольшая облачность","2025-12-04 21:58"
"2.20","","-1.00","56","772","1030","","","","0.70","","W","Небольшая облачность","2025-12-04 21:59"
"2.20","","-1.10","56","772","1030","","","","0.90","","W","Небольшая облачность","2025-12-04 22:00"
"2.20","","-1.10","56","772","1030","","","","1.00","","W","Небольшая облачность","2025-12-04 22:01"
"2.20","","-1.20","56","772","1030","","","","1.00","","W","Небольшая облачность","2025-12-04 22:02"
"2.20","","-1.30","56","772","1030","","","","1.20","","W","Небольшая облачность","2025-12-04 22:03"
"2.20","","-1.30","56","772","1030","","","","0.60","","W","Небольшая облачность","2025-12-04 22:04"
"2.20","","-1.30","56","772","1030","","","","0.00","","W","Небольшая облачность","2025-12-04 22:05"
"2.20","","-0.50","56","772","1030","","","","0.00","","W","Небольшая облачность","2025-12-04 22:06"
"2.20","","-0.50","56","772","1030","","","","0.00","","W","Небольшая облачность","2025-12-04 22:07"
"2.20","","-0.50","57","772","1030","","","","0.70","","W","Небольшая облачность","2025-12-04 22:08"
"2.20","","-0.90","57","772","1030","","","","0.70","","W","Небольшая облачность","2025-12-04 22:09"
"2.20","","-1.00","56","772","1030","","","","0.70","","W","Небольшая облачность","2025-12-04 22:10"
"2.20","","-1.00","56","772","1030","","","","0.70","","W","Небольшая облачность","2025-12-04 22:11"
"2.20","","-0.70","57","772","1030","","","","0.40","","W","Небольшая облачность","2025-12-04 22:12"
"2.20","","-0.80","57","772","1030","","","","0.50","","W","Небольшая облачность","2025-12-04 22:13"
"2.20","","-0.70","57","772","1030","","","","0.40","","W","Небольшая облачность","2025-12-04 22:14"
"2.20","","-0.90","57","772","1030","","","","0.60","","W","Небольшая облачность","2025-12-04 22:15"
"2.20","","-0.90","57","772","1030","","","","0.60","","W","Небольшая облачность","2025-12-04 22:16"
"2.20","","-0.90","57","772","1030","","","","0.70","","W","Небольшая облачность","2025-12-04 22:17"
"2.20","","-0.80","57","772","1030","","","","0.50","","W","Небольшая облачность","2025-12-04 22:18"
"2.20","","-0.70","57","772","1030","","","","0.40","","W","Небольшая облачность","2025-12-04 22:19"
"2.20","","-0.70","57","772","1030","","","","0.40","","W","Небольшая облачность","2025-12-04 22:20"
"2.20","","-0.90","57","772","1030","","","","0.60","","W","Небольшая облачность","2025-12-04 22:21"
"2.20","","-0.90","57","772","1030","","","","0.60","","W","Небольшая облачность","2025-12-04 22:22"
"2.20","","-0.90","57","772","1030","","","","0.60","","W","Небольшая облачность","2025-12-04 22:23"
"2.20","","-0.90","57","772","1030","","","","0.60","","W","Небольшая облачность","2025-12-04 22:24"
"2.20","","-0.90","57","772","1030","","","","0.50","","W","Небольшая облачность","2025-12-04 22:25"
"2.20","","-0.80","57","772","1030","","","","0.60","","W","Небольшая облачность","2025-12-04 22:26"
"2.20","","-1.20","57","772","1030","","","","1.00","","W","Небольшая облачность","2025-12-04 22:27"
"2.20","","-1.20","57","772","1030","","","","1.20","","W","Небольшая облачность","2025-12-04 22:28"
"2.10","","-1.40","57","772","1030","","","","0.60","","W","Небольшая облачность","2025-12-04 22:29"
"2.20","","-0.90","57","772","1030","","","","0.60","","W","Небольшая облачность","2025-12-04 22:30"
"2.20","","-0.90","57","772","1030","","","","0.50","","W","Небольшая облачность","2025-12-04 22:31"
"2.20","","-0.80","57","772","1030","","","","0.40","","W","Небольшая облачность","2025-12-04 22:32"
"2.20","","-0.70","57","772","1030","","","","0.40","","W","Небольшая облачность","2025-12-04 22:33"
"2.10","","-1.10","57","772","1030","","","","0.70","","W","Небольшая облачность","2025-12-04 22:34"
"2.10","","-1.10","57","772","1030","","","","0.50","","W","Небольшая облачность","2025-12-04 22:35"
"2.10","","-1.10","57","772","1030","","","","0.50","","W","Переменная облачность","2025-12-04 22:36"
"2.10","","-0.90","57","772","1030","","","","0.40","","W","Переменная облачность","2025-12-04 22:37"
"2.20","","-0.70","57","772","1030","","","","0.40","","W","Переменная облачность","2025-12-04 22:38"
"2.20","","-0.70","57","772","1030","","","","0.50","","W","Переменная облачность","2025-12-04 22:39"
"2.20","","-0.70","57","772","1030","","","","0.00","","W","Переменная облачность","2025-12-04 22:40"
"2.20","","-0.70","57","772","1030","","","","0.00","","W","Переменная облачность","2025-12-04 22:41"
"2.20","","-0.70","58","772","1030","","","","0.40","","W","Переменная облачность","2025-12-04 22:42"
"2.20","","-0.70","58","772","1030","","","","0.40","","W","Переменная облачность","2025-12-04 22:43"
"2.20","","-0.40","58","772","1030","","","","0.00","","W","Переменная облачность","2025-12-04 22:44"
"2.20","","-0.40","58","772","1030","","","","0.00","","W","Переменная облачность","2025-12-04 22:45"
"2.20","","-0.40","58","772","1030","","","","0.60","","W","Переменная облачность","2025-12-04 22:46"
"2.20","","-1.10","58","772","1030","","","","0.90","","W","Переменная облачность","2025-12-04 22:47"
"2.20","","-0.40","58","772","1030","","","","0.00","","W","Переменная облачность","2025-12-04 22:48"
"2.20","","-0.40","58","772","1030","","","","0.00","","W","Переменная облачность","2025-12-04 22:49"
"2.20","","-0.70","58","772","1030","","","","0.40","","W","Переменная облачность","2025-12-04 22:50"
"2.10","","-1.00","58","771","1029","","","","0.60","","W","Переменная облачность","2025-12-04 22:51"
"2.20","","-0.80","58","771","1029","","","","0.50","","W","Переменная облачность","2025-12-04 22:52"
"2.20","","-0.80","58","771","1029","","","","0.40","","W","Переменная облачность","2025-12-04 22:53"
"2.10","","-1.00","58","771","1029","","","","0.60","","W","Переменная облачность","2025-12-04 22:54"
"2.10","","-1.00","58","771","1029","","","","0.60","","W","Переменная облачность","2025-12-04 22:55"
"2.10","","-1.00","58","771","1029","","","","0.60","","W","Переменная облачность","2025-12-04 22:56"
"2.10","","-0.90","58","771","1029","","","","0.70","","W","Переменная облачность","2025-12-04 22:57"
"2.10","","-0.90","58","771","1029","","","","0.70","","W","Переменная облачность","2025-12-04 22:58"
"2.10","","-1.00","58","771","1029","","","","0.70","","W","Переменная облачность","2025-12-04 22:59"
"2.10","","-1.20","58","771","1029","","","","1.00","","W","Переменная облачность","2025-12-04 23:00"
"2.10","","-1.20","58","771","1029","","","","0.90","","W","Переменная облачность","2025-12-04 23:01"
"2.10","","-1.20","58","771","1029","","","","0.60","","W","Переменная облачность","2025-12-04 23:02"
"2.10","","-0.90","58","771","1029","","","","0.50","","W","Переменная облачность","2025-12-04 23:03"
"2.10","","-0.80","58","771","1029","","","","0.40","","WNW","Переменная облачность","2025-12-04 23:04"
"2.10","","-0.80","58","771","1029","","","","0.00","","WNW","Переменная облачность","2025-12-04 23:05"
"2.10","","-0.80","58","771","1029","","","","0.00","","WNW","Переменная облачность","2025-12-04 23:06"
"2.10","","-0.50","58","772","1030","","","","0.00","","WNW","Переменная облачность","2025-12-04 23:07"
"2.10","","-0.50","58","772","1030","","","","0.00","","WNW","Переменная облачность","2025-12-04 23:08"
"2.10","","-0.50","58","772","1030","","","","0.00","","WNW","Переменная облачность","2025-12-04 23:09"
"2.10","","-0.50","58","772","1030","","","","0.00","","WNW","Переменная облачность","2025-12-04 23:10"
"2.10","","-0.50","58","772","1030","","","","0.00","","WNW","Переменная облачность","2025-12-04 23:11"
"2.10","","-0.80","58","772","1030","","","","0.40","","WNW","Переменная облачность","2025-12-04 23:12"
"2.10","","-0.80","58","772","1030","","","","0.40","","W","Переменная облачность","2025-12-04 23:13"
"2.10","","-0.80","58","772","1030","","","","0.40","","W","Переменная облачность","2025-12-04 23:14"
"2.10","","-0.80","58","772","1030","","","","0.00","","W","Переменная облачность","2025-12-04 23:15"
"2.10","","-0.50","58","772","1030","","","","0.00","","W","Переменная облачность","2025-12-04 23:16"
"2.10","","-0.80","58","772","1030","","","","0.40","","W","Переменная облачность","2025-12-04 23:17"
"2.10","","-0.80","58","772","1030","","","","0.40","","W","Переменная облачность","2025-12-04 23:18"
"2.10","","-0.80","58","772","1030","","","","0.40","","W","Переменная облачность","2025-12-04 23:19"
"2.00","","-0.60","58","772","1030","","","","0.00","","W","Переменная облачность","2025-12-04 23:20"
"2.00","","-0.60","58","772","1030","","","","0.00","","W","Переменная облачность","2025-12-04 23:21"
"1.90","","-0.80","58","772","1030","","","","0.00","","W","Переменная облачность","2025-12-04 23:22"
"1.90","","-0.80","58","772","1030","","","","0.40","","W","Переменная облачность","2025-12-04 23:23"
"1.90","","-0.80","58","772","1030","","","","0.50","","W","Переменная облачность","2025-12-04 23:24"
"1.90","","-1.00","58","772","1030","","","","0.40","","W","Переменная облачность","2025-12-04 23:25"
"1.90","","-1.00","58","772","1030","","","","0.50","","W","Переменная облачность","2025-12-04 23:26"
"1.90","","-1.00","58","772","1030","","","","0.40","","W","Переменная облачность","2025-12-04 23:27"
"1.90","","-1.00","58","772","1030","","","","0.40","","W","Переменная облачность","2025-12-04 23:28"
"1.90","","-1.10","58","772","1030","","","","0.50","","W","Переменная облачность","2025-12-04 23:29"
"1.90","","-0.80","58","772","1030","","","","0.00","","W","Переменная облачность","2025-12-04 23:30"
"1.90","","-1.10","59","772","1030","","","","0.50","","W","Переменная облачность","2025-12-04 23:31"
"1.90","","-1.10","59","772","1030","","","","0.50","","W","Переменная облачность","2025-12-04 23:32"
"1.90","","-1.10","59","772","1030","","","","0.00","","W","Переменная облачность","2025-12-04 23:33"
"1.90","","-0.70","59","772","1030","","","","0.00","","W","Переменная облачность","2025-12-04 23:34"
"1.90","","-0.70","59","772","1030","","","","0.00","","W","Переменная облачность","2025-12-04 23:35"
"1.90","","-0.70","59","772","1030","","","","0.00","","W","Переменная облачность","2025-12-04 23:36"
"1.90","","-0.70","59","772","1030","","","","0.40","","W","Переменная облачность","2025-12-04 23:37"
"1.90","","-1.10","59","772","1030","","","","0.50","","W","Переменная облачность","2025-12-04 23:38"
"1.90","","-1.00","59","772","1030","","","","0.40","","W","Переменная облачность","2025-12-04 23:39"
"1.90","","-1.00","59","772","1030","","","","0.00","","W","Переменная облачность","2025-12-04 23:40"
"1.90","","-1.00","59","772","1030","","","","0.40","","W","Переменная облачность","2025-12-04 23:41"
"1.90","","-1.00","59","772","1030","","","","0.40","","W","Переменная облачность","2025-12-04 23:42"
"1.90","","-1.00","59","772","1030","","","","0.40","","W","Переменная облачность","2025-12-04 23:43"
"1.90","","-1.00","59","772","1030","","","","0.40","","W","Переменная облачность","2025-12-04 23:44"
"1.90","","-0.70","60","772","1030","","","","0.00","","W","Переменная облачность","2025-12-04 23:45"
"1.90","","-0.70","60","772","1030","","","","0.00","","W","Переменная облачность","2025-12-04 23:46"
"1.90","","-0.70","60","772","1030","","","","0.00","","W","Переменная облачность","2025-12-04 23:47"
"1.90","","-0.70","60","772","1030","","","","0.00","","W","Переменная облачность","2025-12-04 23:48"
"1.90","","-0.70","60","772","1030","","","","0.00","","W","Переменная облачность","2025-12-04 23:49"
"1.90","","-0.70","60","772","1030","","","","0.00","","W","Переменная облачность","2025-12-04 23:50"
"1.90","","-0.70","60","772","1030","","","","0.90","","W","Переменная облачность","2025-12-04 23:51"
"1.90","","-0.70","60","772","1030","","","","0.90","","W","Переменная облачность","2025-12-04 23:52"
"1.90","","-1.00","60","772","1030","","","","0.40","","W","Переменная облачность","2025-12-04 23:53"
"1.90","","-0.70","60","772","1030","","","","0.00","","W","Переменная облачность","2025-12-04 23:54"
"1.90","","-1.00","60","772","1030","","","","0.40","","W","Переменная облачность","2025-12-04 23:55"
"1.90","","-1.00","60","772","1030","","","","0.40","","W","Переменная облачность","2025-12-04 23:56"
"1.90","","-1.10","60","772","1030","","","","0.60","","W","Переменная облачность","2025-12-04 23:57"
"1.90","","-1.10","60","772","1030","","","","0.00","","W","Переменная облачность","2025-12-04 23:58"
"1.90","","-0.70","60","772","1030","","","","0.00","","W","Переменная облачность","2025-12-04 23:59"