"Temp","Temp Water","Temp Feels Like","Humidity","Pressure Mm","Pressure Hpa","Precip Mm","Precip Type","Precip Intensity","Wind Speed Ms","Wind Gust Speed Ms","Wind Dir","Condition","Created At"
"-2.20","","-5.50","69","765","1020","","","","0.70","","SSW","Облачно","2026-01-08 00:00"
"-2.20","","-5.50","69","765","1020","","","","0.70","","SSW","Облачно","2026-01-08 00:01"
"-2.20","","-5.50","69","765","1020","","","","0.70","","SSW","Облачно","2026-01-08 00:02"
"-2.20","","-5.50","69","765","1020","","","","0.70","","SSW","Облачно","2026-01-08 00:03"
"-2.20","","-5.50","69","765","1020","","","","0.70","","SSW","Облачно","2026-01-08 00:04"
"-2.20","","-5.50","69","765","1020","","","","0.70","","SSW","Облачно","2026-01-08 00:05"
"-2.20","","-5.50","69","765","1020","","","","0.70","","SSW","Облачно","2026-01-08 00:06"
"-2.20","","-5.50","69","765","1020","","","","0.70","","SSW","Облачно","2026-01-08 00:07"
"-2.20","","-5.50","69","765","1020","","","","0.70","","SSW","Облачно","2026-01-08 00:08"
"-2.20","","-5.50","69","765","1020","","","","0.70","","SSW","Облачно","2026-01-08 00:09"
"-2.20","","-5.50","69","765","1020","","","","0.70","","SSW","Облачно","2026-01-08 00:10"
"-2.20","","-5.50","69","765","1020","","","","0.70","","SSW","Облачно","2026-01-08 00:11"
"-2.20","","-5.50","69","765","1020","","","","0.70","","SSW","Облачно","2026-01-08 00:12"
"-2.20","","-5.50","69","765","1020","","","","0.70","","SSW","Облачно","2026-01-08 00:13"
"-2.20","","-5.50","69","765","1020","","","","0.70","","SSW","Облачно","2026-01-08 00:14"
"-2.30","","-5.60","69","765","1020","","","","0.70","","SSW","Облачно","2026-01-08 00:15"
"-2.30","","-5.60","69","765","1020","","","","0.70","","SSW","Облачно","2026-01-08 00:16"
"-2.20","","-5.50","69","765","1020","","","","0.70","","SSW","Облачно","2026-01-08 00:17"
"-2.20","","-5.50","69","765","1020","","","","0.70","","SSW","Облачно","2026-01-08 00:18"
"-2.20","","-5.50","69","765","1020","","","","0.70","","SSW","Облачно","2026-01-08 00:19"
"-2.20","","-5.50","69","765","1020","","","","0.70","","SSW","Облачно","2026-01-08 00:20"
"-2.20","","-5.50","69","765","1020","","","","0.70","","SSW","Облачно","2026-01-08 00:21"
"-2.20","","-5.50","69","765","1020","","","","0.70","","SSW","Облачно","2026-01-08 00:22"
"-2.20","","-5.50","69","765","1020","","","","0.70","","SSW","Облачно","2026-01-08 00:23"
"-2.20","","-5.50","69","765","1020","","","","0.70","","SSW","Облачно","2026-01-08 00:24"
"-2.20","","-5.50","69","765","1020","","","","0.70","","SSW","Облачно","2026-01-08 00:25"
"-2.20","","-5.50","69","765","1020","","","","0.70","","SSW","Облачно","2026-01-08 00:26"
"-2.20","","-5.50","69","765","1020","","","","0.70","","SSW","Облачно","2026-01-08 00:27"
"-2.20","","-5.50","69","765","1020","","","","0.70","","SSW","Облачно","2026-01-08 00:28"
"-2.20","","-5.50","70","765","1020","","","","0.70","","SSW","Облачно","2026-01-08 00:29"
"-2.20","","-5.50","70","765","1020","","","","0.70","","SSW","Облачно","2026-01-08 00:30"
"-2.20","","-5.50","70","765","1020","","","","0.70","","SSW","Облачно","2026-01-08 00:31"
"-2.20","","-5.50","70","765","1020","","","","0.70","","SSW","Облачно","2026-01-08 00:32"
"-2.20","","-5.50","70","765","1020","","","","0.70","","SSW","Облачно","2026-01-08 00:33"
"-2.20","","-5.50","70","765","1020","","","","0.70","","SSW","Облачно","2026-01-08 00:34"
"-2.20","","-5.50","70","765","1020","","","","0.70","","SSW","Облачно","2026-01-08 00:35"
"-2.20","","-5.50","70","764","1019","","","","0.70","","SSW","Облачно","2026-01-08 00:36"
"-2.20","","-5.50","70","764","1019","","","","0.70","","SSW","Облачно","2026-01-08 00:37"
"-2.20","","-5.50","70","764","1019","","","","0.70","","SSW","Облачно","2026-01-08 00:38"
"-2.20","","-5.50","70","764","1019","","","","0.70","","SSW","Облачно","2026-01-08 00:39"
"-2.20","","-5.50","70","764","1019","","","","0.70","","SSW","Облачно","2026-01-08 00:40"
"-2.20","","-5.50","70","764","1019","","","","0.70","","SSW","Облачно","2026-01-08 00:41"
"-2.20","","-5.50","70","764","1019","","","","0.70","","SSW","Облачно","2026-01-08 00:42"
"-2.20","","-5.50","70","764","1019","","","","0.70","","SSW","Облачно","2026-01-08 00:43"
"-2.20","","-5.50","70","764","1019","","","","0.70","","SSW","Облачно","2026-01-08 00:44"
"-2.20","","-5.50","70","764","1019","","","","0.70","","SSW","Облачно","2026-01-08 00:45"
"-2.20","","-5.50","70","764","1019","","","","0.70","","SSW","Облачно","2026-01-08 00:46"
"-2.20","","-5.50","70","764","1019","","","","0.70","","SSW","Облачно","2026-01-08 00:47"
"-2.20","","-5.50","70","764","1019","","","","0.70","","SSW","Облачно","2026-01-08 00:48"
"-2.20","","-5.50","70","764","1019","","","","0.70","","SSW","Облачно","2026-01-08 00:49"
"-2.20","","-5.50","70","764","1019","","","","0.70","","SSW","Облачно","2026-01-08 00:50"
"-2.20","","-5.50","70","765","1020","","","","0.70","","SSW","Облачно","2026-01-08 00:51"
"-2.20","","-5.50","70","765","1020","","","","0.70","","SSW","Облачно","2026-01-08 00:52"
"-2.20","","-5.50","70","765","1020","","","","0.70","","SSW","Облачно","2026-01-08 00:53"
"-2.20","","-5.50","70","765","1020","","","","0.70","","SSW","Облачно","2026-01-08 00:54"
"-2.20","","-5.50","70","765","1020","","","","0.70","","SSW","Облачно","2026-01-08 00:55"
"-2.20","","-5.50","70","765","1020","","","","0.70","","SSW","Облачно","2026-01-08 00:56"
"-2.20","","-5.50","70","765","1020","","","","0.70","","SSW","Облачно","2026-01-08 00:57"
"-2.20","","-5.50","70","765","1020","","","","0.70","","SSW","Облачно","2026-01-08 00:58"
"-2.20","","-5.50","70","765","1020","","","","0.70","","SSW","Облачно","2026-01-08 00:59"
"-2.10","","-5.40","70","765","1020","","","","0.70","","SSW","Облачно","2026-01-08 01:00"
"-2.10","","-5.40","70","765","1020","","","","0.70","","SSW","Облачно","2026-01-08 01:01"
"-2.10","","-5.40","70","765","1020","","","","0.70","","SSW","Облачно","2026-01-08 01:02"
"-2.10","","-5.40","70","765","1020","","","","0.70","","SSW","Облачно","2026-01-08 01:03"
"-2.10","","-5.40","70","765","1020","","","","0.70","","SSW","Облачно","2026-01-08 01:04"
"-2.10","","-5.40","70","765","1020","","","","0.70","","SSW","Облачно","2026-01-08 01:05"
"-2.10","","-5.40","70","764","1019","","","","0.70","","SSW","Облачно","2026-01-08 01:06"
"-2.10","","-5.40","70","764","1019","","","","0.70","","SSW","Облачно","2026-01-08 01:07"
"-2.10","","-5.40","70","764","1019","","","","0.70","","SSW","Облачно","2026-01-08 01:08"
"-2.10","","-5.40","70","764","1019","","","","0.70","","SSW","Облачно","2026-01-08 01:09"
"-2.10","","-5.40","70","764","1019","","","","0.70","","SSW","Облачно","2026-01-08 01:10"
"-2.10","","-5.40","70","764","1019","","","","0.70","","SSW","Облачно","2026-01-08 01:11"
"-2.10","","-5.40","70","764","1019","","","","0.70","","SSW","Облачно","2026-01-08 01:12"
"-2.10","","-5.40","70","764","1019","","","","0.70","","SSW","Облачно","2026-01-08 01:13"
"-2.10","","-5.40","70","764","1019","","","","0.70","","SSW","Облачно","2026-01-08 01:14"
"-2.20","","-5.50","70","764","1019","","","","0.70","","SSW","Облачно","2026-01-08 01:15"
"-2.20","","-5.50","70","764","1019","","","","0.70","","SSW","Облачно","2026-01-08 01:16"
"-2.20","","-5.50","70","764","1019","","","","0.70","","SSW","Облачно","2026-01-08 01:17"
"-2.10","","-5.40","70","764","1019","","","","0.70","","SSW","Облачно","2026-01-08 01:18"
"-2.10","","-5.40","70","764","1019","","","","0.70","","SSW","Облачно","2026-01-08 01:19"
"-2.10","","-5.40","70","764","1019","","","","0.70","","SSW","Облачно","2026-01-08 01:20"
"-2.10","","-5.40","70","764","1019","","","","0.70","","SSW","Облачно","2026-01-08 01:21"
"-2.10","","-5.40","70","765","1020","","","","0.70","","S","Облачно","2026-01-08 01:22"
"-2.10","","-5.40","70","765","1020","","","","0.70","","S","Облачно","2026-01-08 01:23"
"-2.10","","-5.40","70","765","1020","","","","0.70","","S","Облачно","2026-01-08 01:24"
"-2.10","","-5.40","70","765","1020","","","","0.70","","S","Облачно","2026-01-08 01:25"
"-2.10","","-5.40","70","765","1020","","","","0.70","","S","Облачно","2026-01-08 01:26"
"-2.00","","-5.30","70","765","1020","","","","0.70","","S","Облачно","2026-01-08 01:27"
"-2.00","","-5.30","70","765","1020","","","","0.70","","S","Облачно","2026-01-08 01:28"
"-2.10","","-5.40","70","765","1020","","","","0.70","","S","Облачно","2026-01-08 01:29"
"-2.10","","-5.40","70","765","1020","","","","0.70","","S","Облачно","2026-01-08 01:30"
"-2.00","","-5.30","70","765","1020","","","","0.70","","S","Облачно","2026-01-08 01:31"
"-2.00","","-5.30","71","765","1020","","","","0.70","","S","Облачно","2026-01-08 01:32"
"-2.00","","-5.30","71","765","1020","","","","0.70","","S","Облачно","2026-01-08 01:33"
"-2.00","","-5.30","71","765","1020","","","","0.70","","S","Облачно","2026-01-08 01:34"
"-2.00","","-5.30","70","765","1020","","","","0.70","","S","Облачно","2026-01-08 01:35"
"-2.00","","-5.30","70","765","1021","","","","0.70","","S","Облачно","2026-01-08 01:36"
"-2.10","","-5.40","70","765","1021","","","","0.70","","S","Облачно","2026-01-08 01:37"
"-2.10","","-5.40","70","765","1021","","","","0.70","","S","Облачно","2026-01-08 01:38"
"-2.10","","-5.40","70","765","1021","","","","0.70","","S","Облачно","2026-01-08 01:39"
"-2.10","","-5.40","70","765","1021","","","","0.70","","S","Облачно","2026-01-08 01:40"
"-2.10","","-5.40","70","765","1021","","","","0.70","","S","Облачно","2026-01-08 01:41"
"-2.10","","-5.40","70","765","1021","","","","0.70","","S","Облачно","2026-01-08 01:42"
"-2.10","","-5.40","70","765","1021","","","","0.70","","S","Облачно","2026-01-08 01:43"
"-2.10","","-5.40","70","765","1021","","","","0.70","","S","Облачно","2026-01-08 01:44"
"-2.10","","-5.40","70","765","1021","","","","0.70","","S","Облачно","2026-01-08 01:45"
"-2.10","","-5.40","70","765","1021","","","","0.70","","S","Облачно","2026-01-08 01:46"
"-2.10","","-5.40","70","765","1021","","","","0.70","","S","Облачно","2026-01-08 01:47"
"-2.10","","-5.40","70","765","1021","","","","0.70","","S","Облачно","2026-01-08 01:48"
"-2.10","","-5.40","70","765","1021","","","","0.70","","S","Облачно","2026-01-08 01:49"
"-2.10","","-5.40","70","765","1021","","","","0.70","","S","Облачно","2026-01-08 01:50"
"-2.10","","-5.40","70","765","1021","","","","0.70","","S","Облачно","2026-01-08 01:51"
"-2.10","","-5.40","70","765","1020","","","","0.70","","S","Облачно","2026-01-08 01:52"
"-2.10","","-5.40","70","765","1020","","","","0.70","","S","Облачно","2026-01-08 01:53"
"-2.10","","-5.40","70","765","1020","","","","0.70","","S","Облачно","2026-01-08 01:54"
"-2.10","","-5.40","70","765","1020","","","","0.70","","S","Облачно","2026-01-08 01:55"
"-2.10","","-5.40","70","765","1020","","","","0.70","","S","Облачно","2026-01-08 01:56"
"-2.10","","-5.40","70","765","1020","","","","0.70","","S","Облачно","2026-01-08 01:57"
"-2.10","","-5.40","70","765","1020","","","","0.70","","S","Облачно","2026-01-08 01:58"
"-2.10","","-5.40","70","765","1020","","","","0.70","","S","Облачно","2026-01-08 01:59"
"-2.10","","-5.40","70","765","1020","","","","0.70","","S","Облачно","2026-01-08 02:00"
"-2.10","","-5.40","70","765","1020","","","","0.70","","S","Облачно","2026-01-08 02:01"
"-2.10","","-5.40","70","765","1020","","","","0.70","","S","Облачно","2026-01-08 02:02"
"-2.10","","-5.40","70","765","1020","","","","0.70","","S","Облачно","2026-01-08 02:03"
"-2.10","","-5.40","70","765","1020","","","","0.70","","S","Облачно","2026-01-08 02:04"
"-2.10","","-5.40","70","765","1020","","","","0.70","","S","Облачно","2026-01-08 02:05"
"-2.10","","-5.40","70","765","1020","","","","0.70","","S","Облачно","2026-01-08 02:06"
"-2.10","","-5.40","70","764","1019","","","","0.70","","S","Облачно","2026-01-08 02:07"
"-2.10","","-5.40","70","764","1019","","","","0.70","","S","Облачно","2026-01-08 02:08"
"-2.10","","-5.40","70","764","1019","","","","0.70","","S","Облачно","2026-01-08 02:09"
"-2.10","","-5.40","71","764","1019","","","","0.70","","S","Облачно","2026-01-08 02:10"
"-2.10","","-5.40","71","764","1019","","","","0.70","","S","Облачно","2026-01-08 02:11"
"-2.10","","-5.40","71","764","1019","","","","0.70","","S","Облачно","2026-01-08 02:12"
"-2.10","","-5.40","71","764","1019","","","","0.70","","S","Облачно","2026-01-08 02:13"
"-2.10","","-5.40","71","764","1019","","","","0.70","","S","Облачно","2026-01-08 02:14"
"-2.10","","-5.40","71","764","1019","","","","0.70","","S","Облачно","2026-01-08 02:15"
"-2.10","","-5.40","71","764","1019","","","","0.70","","S","Облачно","2026-01-08 02:16"
"-2.10","","-5.40","71","764","1019","","","","0.70","","S","Облачно","2026-01-08 02:17"
"-2.10","","-5.40","71","764","1019","","","","0.70","","S","Облачно","2026-01-08 02:18"
"-2.10","","-5.40","71","764","1019","","","","0.70","","S","Облачно","2026-01-08 02:19"
"-2.00","","-5.30","71","764","1019","","","","0.70","","S","Облачно","2026-01-08 02:20"
"-2.00","","-5.30","71","764","1019","","","","0.70","","S","Облачно","2026-01-08 02:21"
"-2.00","","-5.30","71","764","1019","","","","0.70","","S","Облачно","2026-01-08 02:22"
"-2.00","","-5.30","71","764","1019","","","","0.70","","S","Облачно","2026-01-08 02:23"
"-2.00","","-5.30","71","764","1019","","","","0.70","","S","Облачно","2026-01-08 02:24"
"-2.00","","-5.30","71","764","1019","","","","0.70","","S","Облачно","2026-01-08 02:25"
"-2.00","","-5.30","71","764","1019","","","","0.70","","S","Облачно","2026-01-08 02:26"
"-2.00","","-5.30","71","764","1019","","","","0.70","","S","Облачно","2026-01-08 02:27"
"-2.00","","-5.30","71","764","1019","","","","0.70","","S","Облачно","2026-01-08 02:28"
"-2.00","","-5.30","71","764","1019","","","","0.70","","S","Облачно","2026-01-08 02:29"
"-2.00","","-5.30","71","764","1019","","","","0.70","","S","Облачно","2026-01-08 02:30"
"-2.00","","-5.30","71","764","1019","","","","0.70","","S","Облачно","2026-01-08 02:31"
"-2.00","","-5.30","71","764","1019","","","","0.70","","S","Облачно","2026-01-08 02:32"
"-2.00","","-5.30","71","764","1019","","","","0.70","","S","Облачно","2026-01-08 02:33"
"-2.00","","-5.30","71","764","1019","","","","0.70","","S","Облачно","2026-01-08 02:34"
"-2.00","","-5.30","71","764","1019","","","","0.70","","S","Облачно","2026-01-08 02:35"
"-2.00","","-5.30","71","764","1019","","","","0.70","","S","Облачно","2026-01-08 02:36"
"-2.00","","-5.30","71","764","1019","","","","0.70","","S","Облачно","2026-01-08 02:37"
"-2.00","","-5.30","71","764","1019","","","","0.70","","S","Облачно","2026-01-08 02:38"
"-2.00","","-5.30","71","764","1019","","","","0.70","","S","Облачно","2026-01-08 02:39"
"-2.00","","-5.30","71","764","1019","","","","0.70","","S","Облачно","2026-01-08 02:40"
"-1.90","","-5.10","71","764","1019","","","","0.70","","S","Облачно","2026-01-08 02:41"
"-1.90","","-5.10","71","764","1019","","","","0.70","","S","Облачно","2026-01-08 02:42"
"-1.90","","-5.10","71","764","1019","","","","0.70","","S","Облачно","2026-01-08 02:43"
"-1.90","","-5.10","71","764","1019","","","","0.70","","S","Облачно","2026-01-08 02:44"
"-1.90","","-5.10","71","764","1019","","","","0.70","","S","Облачно","2026-01-08 02:45"
"-1.90","","-5.10","71","764","1019","","","","0.70","","S","Облачно","2026-01-08 02:46"
"-1.90","","-5.10","71","764","1019","","","","0.70","","S","Облачно","2026-01-08 02:47"
"-1.90","","-5.10","71","764","1019","","","","0.70","","S","Облачно","2026-01-08 02:48"
"-1.90","","-5.10","71","764","1019","","","","0.70","","S","Облачно","2026-01-08 02:49"
"-2.00","","-5.30","71","764","1019","","","","0.70","","S","Облачно","2026-01-08 02:50"
"-2.00","","-5.30","71","764","1019","","","","0.70","","S","Облачно","2026-01-08 02:51"
"-2.00","","-5.30","71","764","1019","","","","0.70","","S","Облачно","2026-01-08 02:52"
"-2.00","","-5.30","71","764","1019","","","","0.70","","S","Облачно","2026-01-08 02:53"
"-2.00","","-5.30","71","764","1019","","","","0.70","","S","Облачно","2026-01-08 02:54"
"-2.00","","-5.30","71","764","1019","","","","0.70","","S","Облачно","2026-01-08 02:55"
"-2.00","","-5.30","71","764","1019","","","","0.70","","S","Облачно","2026-01-08 02:56"
"-2.00","","-5.30","71","764","1019","","","","0.70","","S","Облачно","2026-01-08 02:57"
"-2.00","","-5.30","71","764","1019","","","","0.70","","S","Облачно","2026-01-08 02:58"
"-2.00","","-5.30","71","764","1019","","","","0.70","","S","Облачно","2026-01-08 02:59"
"-2.00","","-5.30","71","764","1019","","","","0.70","","S","Облачно","2026-01-08 03:00"
"-2.00","","-5.30","71","764","1019","","","","0.70","","S","Облачно","2026-01-08 03:01"
"-2.00","","-5.30","71","764","1019","","","","0.70","","S","Облачно","2026-01-08 03:02"
"-2.00","","-5.30","71","764","1019","","","","0.70","","S","Облачно","2026-01-08 03:03"
"-2.00","","-5.30","71","764","1019","","","","0.70","","S","Облачно","2026-01-08 03:04"
"-1.90","","-5.10","71","764","1019","","","","0.70","","S","Облачно","2026-01-08 03:05"
"-2.00","","-5.30","71","764","1019","","","","0.70","","S","Облачно","2026-01-08 03:06"
"-2.00","","-5.30","71","764","1019","","","","0.70","","S","Облачно","2026-01-08 03:07"
"-2.00","","-5.30","71","764","1019","","","","0.70","","S","Облачно","2026-01-08 03:08"
"-2.00","","-5.30","71","764","1019","","","","0.70","","S","Облачно","2026-01-08 03:09"
"-2.00","","-5.30","71","764","1019","","","","0.70","","S","Облачно","2026-01-08 03:10"
"-2.00","","-5.30","71","764","1019","","","","0.70","","S","Облачно","2026-01-08 03:11"
"-2.00","","-5.30","71","764","1019","","","","0.70","","S","Облачно","2026-01-08 03:12"
"-2.00","","-5.30","71","764","1019","","","","0.70","","S","Облачно","2026-01-08 03:13"
"-2.00","","-5.30","71","764","1019","","","","0.70","","S","Облачно","2026-01-08 03:14"
"-2.00","","-5.30","71","764","1019","","","","0.70","","S","Облачно","2026-01-08 03:15"
"-2.00","","-5.30","71","764","1019","","","","0.70","","S","Облачно","2026-01-08 03:16"
"-2.00","","-5.30","71","764","1019","","","","0.70","","S","Облачно","2026-01-08 03:17"
"-2.00","","-5.30","71","764","1019","","","","0.70","","S","Облачно","2026-01-08 03:18"
"-2.00","","-5.30","71","764","1019","","","","0.70","","S","Облачно","2026-01-08 03:19"
"-2.00","","-5.30","71","764","1019","","","","0.70","","S","Облачно","2026-01-08 03:20"
"-2.00","","-5.30","71","764","1019","","","","0.70","","S","Облачно","2026-01-08 03:21"
"-2.00","","-5.30","71","764","1019","","","","0.70","","S","Облачно","2026-01-08 03:22"
"-2.00","","-5.30","71","764","1019","","","","0.70","","S","Облачно","2026-01-08 03:23"
"-2.00","","-5.30","71","764","1019","","","","0.70","","S","Облачно","2026-01-08 03:24"
"-2.00","","-5.30","71","764","1019","","","","0.70","","S","Облачно","2026-01-08 03:25"
"-2.00","","-5.30","71","764","1019","","","","0.70","","S","Облачно","2026-01-08 03:26"
"-2.00","","-5.30","71","764","1019","","","","0.70","","S","Облачно","2026-01-08 03:27"
"-2.00","","-5.30","71","764","1019","","","","0.70","","S","Облачно","2026-01-08 03:28"
"-2.00","","-5.30","71","764","1019","","","","0.70","","S","Облачно","2026-01-08 03:29"
"-2.00","","-5.30","71","764","1019","","","","0.70","","S","Облачно","2026-01-08 03:30"
"-2.00","","-5.30","71","764","1019","","","","0.70","","S","Облачно","2026-01-08 03:31"
"-2.00","","-5.30","71","764","1019","","","","0.70","","S","Облачно","2026-01-08 03:32"
"-2.00","","-5.30","71","764","1019","","","","0.70","","S","Облачно","2026-01-08 03:33"
"-2.00","","-5.30","71","764","1019","","","","0.70","","S","Облачно","2026-01-08 03:34"
"-2.00","","-5.30","71","764","1019","","","","0.70","","S","Облачно","2026-01-08 03:35"
"-2.00","","-5.30","71","764","1019","","","","0.70","","S","Облачно","2026-01-08 03:36"
"-2.00","","-5.30","71","764","1019","","","","0.70","","S","Облачно","2026-01-08 03:37"
"-1.90","","-5.10","72","764","1019","","","","0.70","","S","Облачно","2026-01-08 03:38"
"-1.90","","-5.10","72","764","1019","","","","0.70","","S","Облачно","2026-01-08 03:39"
"-2.00","","-5.30","71","764","1019","","","","0.70","","S","Облачно","2026-01-08 03:40"
"-2.00","","-5.30","71","764","1019","","","","0.70","","S","Облачно","2026-01-08 03:41"
"-2.00","","-5.30","71","764","1019","","","","0.70","","S","Облачно","2026-01-08 03:42"
"-2.00","","-5.30","71","764","1019","","","","0.70","","S","Облачно","2026-01-08 03:43"
"-1.90","","-5.10","72","764","1019","","","","0.70","","S","Облачно","2026-01-08 03:44"
"-1.90","","-5.10","72","764","1019","","","","0.70","","S","Облачно","2026-01-08 03:45"
"-1.90","","-5.10","72","764","1019","","","","0.70","","S","Облачно","2026-01-08 03:46"
"-2.00","","-5.20","72","764","1019","","","","0.70","","S","Облачно","2026-01-08 03:47"
"-2.00","","-5.20","72","764","1019","","","","0.70","","S","Облачно","2026-01-08 03:48"
"-2.00","","-5.30","71","764","1019","","","","0.70","","S","Облачно","2026-01-08 03:49"
"-2.00","","-5.30","71","764","1019","","","","0.70","","S","Облачно","2026-01-08 03:50"
"-2.00","","-5.30","71","764","1019","","","","0.70","","S","Облачно","2026-01-08 03:51"
"-2.00","","-5.30","71","764","1019","","","","0.70","","S","Облачно","2026-01-08 03:52"
"-2.00","","-5.30","71","764","1019","","","","0.70","","S","Облачно","2026-01-08 03:53"
"-2.00","","-5.30","71","764","1019","","","","0.70","","S","Облачно","2026-01-08 03:54"
"-2.00","","-5.30","71","764","1019","","","","0.70","","S","Облачно","2026-01-08 03:55"
"-2.00","","-5.30","71","764","1019","","","","0.70","","S","Облачно","2026-01-08 03:56"
"-2.00","","-5.30","71","764","1019","","","","0.70","","S","Облачно","2026-01-08 03:57"
"-2.00","","-5.30","71","764","1019","","","","0.70","","S","Облачно","2026-01-08 03:58"
"-2.00","","-5.30","71","764","1019","","","","0.70","","S","Облачно","2026-01-08 03:59"
"-2.00","","-5.30","71","764","1019","","","","0.70","","S","Облачно","2026-01-08 04:00"
"-2.00","","-5.30","71","764","1019","","","","0.70","","S","Облачно","2026-01-08 04:01"
"-2.00","","-5.30","71","764","1019","","","","0.70","","S","Облачно","2026-01-08 04:02"
"-2.00","","-5.30","71","764","1019","","","","0.70","","S","Облачно","2026-01-08 04:03"
"-2.00","","-5.30","71","764","1019","","","","0.70","","S","Облачно","2026-01-08 04:04"
"-2.00","","-5.20","72","764","1019","","","","0.70","","S","Облачно","2026-01-08 04:05"
"-2.00","","-5.20","72","764","1019","","","","0.70","","S","Облачно","2026-01-08 04:06"
"-2.00","","-5.20","72","764","1019","","","","0.70","","S","Облачно","2026-01-08 04:07"
"-2.00","","-5.20","72","764","1019","","","","0.70","","S","Облачно","2026-01-08 04:08"
"-2.00","","-5.20","72","764","1019","","","","0.70","","S","Облачно","2026-01-08 04:09"
"-2.00","","-5.20","72","764","1019","","","","0.70","","S","Облачно","2026-01-08 04:10"
"-1.90","","-5.10","72","764","1019","","","","0.70","","S","Облачно","2026-01-08 04:11"
"-1.90","","-5.10","72","764","1019","","","","0.70","","S","Облачно","2026-01-08 04:12"
"-1.90","","-5.10","72","764","1019","","","","0.70","","S","Облачно","2026-01-08 04:13"
"-2.00","","-5.20","72","764","1019","","","","0.70","","S","Облачно","2026-01-08 04:14"
"-2.00","","-5.20","72","764","1019","","","","0.70","","S","Облачно","2026-01-08 04:15"
"-2.00","","-5.20","72","764","1019","","","","0.70","","S","Облачно","2026-01-08 04:16"
"-2.00","","-5.20","72","764","1019","","","","0.70","","S","Облачно","2026-01-08 04:17"
"-2.00","","-5.20","72","764","1019","","","","0.70","","S","Облачно","2026-01-08 04:18"
"-2.00","","-5.20","72","764","1019","","","","0.70","","S","Облачно","2026-01-08 04:19"
"-2.00","","-5.20","72","764","1019","","","","0.70","","S","Облачно","2026-01-08 04:20"
"-2.00","","-5.20","72","764","1019","","","","0.70","","S","Облачно","2026-01-08 04:21"
"-2.00","","-5.20","72","764","1019","","","","0.70","","S","Облачно","2026-01-08 04:22"
"-2.00","","-5.20","72","764","1019","","","","0.70","","S","Облачно","2026-01-08 04:23"
"-2.00","","-5.20","72","764","1019","","","","0.70","","S","Облачно","2026-01-08 04:24"
"-2.00","","-5.20","72","764","1019","","","","0.70","","S","Облачно","2026-01-08 04:25"
"-2.00","","-5.20","72","764","1019","","","","0.70","","S","Облачно","2026-01-08 04:26"
"-2.00","","-5.20","72","764","1019","","","","0.70","","S","Облачно","2026-01-08 04:27"
"-2.00","","-5.20","72","764","1019","","","","0.70","","S","Облачно","2026-01-08 04:28"
"-2.00","","-5.20","72","764","1019","","","","0.70","","S","Облачно","2026-01-08 04:29"
"-2.00","","-5.20","72","764","1019","","","","0.70","","S","Облачно","2026-01-08 04:30"
"-2.00","","-5.20","72","764","1019","","","","0.70","","S","Облачно","2026-01-08 04:31"
"-2.00","","-5.20","72","764","1019","","","","0.70","","S","Облачно","2026-01-08 04:32"
"-2.00","","-5.20","72","764","1019","","","","0.70","","S","Облачно","2026-01-08 04:33"
"-2.00","","-5.20","72","764","1019","","","","0.70","","S","Облачно","2026-01-08 04:34"
"-2.00","","-5.20","72","764","1019","","","","0.70","","S","Облачно","2026-01-08 04:35"
"-2.00","","-5.20","72","764","1019","","","","0.70","","S","Облачно","2026-01-08 04:36"
"-2.00","","-5.20","72","764","1019","","","","0.70","","S","Облачно","2026-01-08 04:37"
"-2.00","","-5.20","72","764","1019","","","","0.70","","S","Облачно","2026-01-08 04:38"
"-2.00","","-5.20","72","764","1019","","","","0.70","","S","Облачно","2026-01-08 04:39"
"-2.00","","-5.20","72","764","1019","","","","0.70","","S","Облачно","2026-01-08 04:40"
"-2.00","","-5.20","72","764","1019","","","","0.70","","S","Облачно","2026-01-08 04:41"
"-2.00","","-5.20","72","764","1019","","","","0.70","","S","Облачно","2026-01-08 04:42"
"-2.00","","-5.20","72","764","1019","","","","0.70","","S","Облачно","2026-01-08 04:43"
"-2.00","","-5.20","72","764","1019","","","","0.70","","S","Облачно","2026-01-08 04:44"
"-2.00","","-5.20","72","764","1019","","","","0.70","","S","Облачно","2026-01-08 04:45"
"-2.00","","-5.20","72","764","1019","","","","0.70","","S","Облачно","2026-01-08 04:46"
"-2.00","","-5.20","72","764","1019","","","","0.70","","S","Облачно","2026-01-08 04:47"
"-2.00","","-5.20","72","764","1019","","","","0.70","","S","Облачно","2026-01-08 04:48"
"-2.00","","-5.20","72","764","1019","","","","0.70","","S","Облачно","2026-01-08 04:49"
"-2.00","","-5.20","72","764","1019","","","","0.70","","S","Облачно","2026-01-08 04:50"
"-2.00","","-5.20","72","764","1019","","","","0.70","","S","Облачно","2026-01-08 04:51"
"-2.00","","-5.20","72","764","1019","","","","0.70","","S","Облачно","2026-01-08 04:52"
"-2.00","","-5.20","72","764","1019","","","","0.70","","S","Облачно","2026-01-08 04:53"
"-2.00","","-5.20","72","764","1019","","","","0.70","","S","Облачно","2026-01-08 04:54"
"-2.00","","-5.20","72","764","1019","","","","0.70","","S","Облачно","2026-01-08 04:55"
"-2.00","","-5.20","72","764","1019","","","","0.70","","S","Облачно","2026-01-08 04:56"
"-2.00","","-5.20","72","764","1019","","","","0.70","","S","Облачно","2026-01-08 04:57"
"-2.00","","-5.20","72","764","1019","","","","0.70","","S","Облачно","2026-01-08 04:58"
"-2.00","","-5.20","72","764","1019","","","","0.70","","S","Облачно","2026-01-08 04:59"
"-2.00","","-5.20","72","764","1019","","","","0.70","","S","Облачно","2026-01-08 05:00"
"-2.00","","-5.20","72","764","1019","","","","0.70","","S","Облачно","2026-01-08 05:01"
"-2.00","","-5.20","72","764","1019","","","","0.70","","S","Облачно","2026-01-08 05:02"
"-2.00","","-5.20","72","764","1019","","","","0.70","","S","Облачно","2026-01-08 05:03"
"-2.10","","-5.30","72","764","1019","","","","0.70","","S","Облачно","2026-01-08 05:04"
"-2.10","","-5.30","72","764","1019","","","","0.70","","S","Облачно","2026-01-08 05:05"
"-2.00","","-5.20","72","764","1019","","","","0.70","","S","Облачно","2026-01-08 05:06"
"-2.10","","-5.30","72","764","1019","","","","0.70","","S","Облачно","2026-01-08 05:07"
"-2.10","","-5.30","72","764","1019","","","","0.70","","S","Облачно","2026-01-08 05:08"
"-2.10","","-5.30","72","764","1019","","","","0.70","","S","Облачно","2026-01-08 05:09"
"-2.10","","-5.30","72","764","1019","","","","0.70","","S","Облачно","2026-01-08 05:10"
"-2.10","","-5.30","72","764","1019","","","","0.70","","S","Облачно","2026-01-08 05:11"
"-2.00","","-5.20","72","764","1019","","","","0.70","","S","Облачно","2026-01-08 05:12"
"-2.00","","-5.20","72","764","1019","","","","0.70","","S","Облачно","2026-01-08 05:13"
"-2.00","","-5.20","72","764","1019","","","","0.70","","S","Облачно","2026-01-08 05:14"
"-2.00","","-5.20","72","764","1019","","","","0.70","","S","Облачно","2026-01-08 05:15"
"-2.00","","-5.20","72","764","1019","","","","0.70","","S","Облачно","2026-01-08 05:16"
"-2.00","","-5.20","72","764","1019","","","","0.70","","S","Облачно","2026-01-08 05:17"
"-2.00","","-5.20","72","764","1019","","","","0.70","","S","Облачно","2026-01-08 05:18"
"-2.00","","-5.20","72","764","1019","","","","0.70","","S","Облачно","2026-01-08 05:19"
"-2.00","","-5.20","72","764","1019","","","","0.70","","S","Облачно","2026-01-08 05:20"
"-2.00","","-5.20","72","764","1019","","","","0.70","","S","Облачно","2026-01-08 05:21"
"-2.00","","-5.20","72","764","1019","","","","0.70","","S","Облачно","2026-01-08 05:22"
"-2.00","","-5.20","72","764","1019","","","","0.70","","S","Облачно","2026-01-08 05:23"
"-2.00","","-5.20","72","764","1019","","","","0.70","","S","Облачно","2026-01-08 05:24"
"-2.10","","-5.30","72","764","1019","","","","0.70","","S","Облачно","2026-01-08 05:25"
"-2.10","","-5.30","72","764","1019","","","","0.70","","S","Облачно","2026-01-08 05:26"
"-2.00","","-5.20","72","764","1019","","","","0.70","","S","Облачно","2026-01-08 05:27"
"-2.00","","-5.20","72","764","1019","","","","0.70","","S","Облачно","2026-01-08 05:28"
"-2.00","","-5.20","72","764","1019","","","","0.70","","S","Облачно","2026-01-08 05:29"
"-2.00","","-5.20","72","764","1019","","","","0.70","","S","Облачно","2026-01-08 05:30"
"-2.00","","-5.20","72","764","1019","","","","0.70","","S","Облачно","2026-01-08 05:31"
"-2.00","","-5.20","72","764","1019","","","","0.70","","S","Облачно","2026-01-08 05:32"
"-2.00","","-5.20","72","764","1019","","","","0.70","","S","Облачно","2026-01-08 05:33"
"-2.10","","-5.30","72","764","1019","","","","0.70","","S","Облачно","2026-01-08 05:34"
"-2.10","","-5.30","72","764","1019","","","","0.70","","S","Облачно","2026-01-08 05:35"
"-2.10","","-5.30","72","764","1019","","","","0.70","","S","Облачно","2026-01-08 05:36"
"-2.10","","-5.30","72","764","1019","","","","0.70","","S","Облачно","2026-01-08 05:37"
"-2.10","","-5.30","72","764","1019","","","","0.70","","S","Облачно","2026-01-08 05:38"
"-2.10","","-5.30","72","764","1019","","","","0.70","","S","Облачно","2026-01-08 05:39"
"-2.00","","-5.20","72","764","1019","","","","0.70","","S","Облачно","2026-01-08 05:40"
"-2.00","","-5.20","72","764","1019","","","","0.70","","S","Облачно","2026-01-08 05:41"
"-2.00","","-5.20","72","764","1019","","","","0.70","","S","Облачно","2026-01-08 05:42"
"-2.00","","-5.20","72","764","1019","","","","0.70","","S","Облачно","2026-01-08 05:43"
"-2.00","","-5.20","72","764","1019","","","","0.70","","S","Облачно","2026-01-08 05:44"
"-2.10","","-5.30","72","764","1019","","","","0.70","","S","Облачно","2026-01-08 05:45"
"-2.10","","-5.30","72","764","1019","","","","0.70","","S","Облачно","2026-01-08 05:46"
"-2.10","","-5.30","72","764","1019","","","","0.70","","S","Облачно","2026-01-08 05:47"
"-2.10","","-5.30","72","764","1019","","","","0.70","","S","Облачно","2026-01-08 05:48"
"-2.10","","-5.30","72","764","1019","","","","0.70","","S","Облачно","2026-01-08 05:49"
"-2.10","","-5.30","72","764","1019","","","","0.70","","S","Облачно","2026-01-08 05:50"
"-2.00","","-5.20","72","764","1019","","","","0.70","","S","Облачно","2026-01-08 05:51"
"-2.00","","-5.20","73","764","1019","","","","0.70","","S","Облачно","2026-01-08 05:52"
"-1.90","","-5.10","73","764","1019","","","","0.70","","S","Облачно","2026-01-08 05:53"
"-2.00","","-5.20","73","764","1019","","","","0.70","","S","Облачно","2026-01-08 05:54"
"-2.00","","-5.20","73","764","1019","","","","0.70","","S","Облачно","2026-01-08 05:55"
"-2.00","","-5.20","73","764","1019","","","","0.70","","S","Облачно","2026-01-08 05:56"
"-2.00","","-5.20","73","764","1019","","","","0.70","","S","Облачно","2026-01-08 05:57"
"-1.90","","-5.10","73","764","1019","","","","0.70","","S","Облачно","2026-01-08 05:58"
"-1.90","","-5.10","73","764","1019","","","","0.70","","S","Облачно","2026-01-08 05:59"
"-1.90","","-5.10","73","764","1019","","","","0.70","","S","Облачно","2026-01-08 06:00"
"-1.90","","-5.10","73","764","1019","","","","0.70","","S","Облачно","2026-01-08 06:01"
"-1.90","","-5.10","73","764","1019","","","","0.70","","S","Облачно","2026-01-08 06:02"
"-1.90","","-5.10","73","764","1019","","","","0.70","","S","Облачно","2026-01-08 06:03"
"-2.00","","-5.20","73","764","1019","","","","0.70","","S","Облачно","2026-01-08 06:04"
"-2.00","","-5.20","73","764","1019","","","","0.70","","S","Облачно","2026-01-08 06:05"
"-2.10","","-5.30","72","764","1019","","","","0.70","","S","Облачно","2026-01-08 06:06"
"-2.10","","-5.30","72","764","1019","","","","0.70","","S","Облачно","2026-01-08 06:07"
"-2.10","","-5.30","72","764","1019","","","","0.70","","S","Облачно","2026-01-08 06:08"
"-2.10","","-5.30","72","764","1019","","","","0.70","","S","Облачно","2026-01-08 06:09"
"-2.10","","-5.30","72","764","1019","","","","0.70","","S","Облачно","2026-01-08 06:10"
"-2.10","","-5.30","72","764","1019","","","","0.70","","S","Облачно","2026-01-08 06:11"
"-2.20","","-5.50","72","764","1019","","","","0.70","","S","Облачно","2026-01-08 06:12"
"-2.20","","-5.50","72","764","1019","","","","0.70","","S","Облачно","2026-01-08 06:13"
"-2.20","","-5.50","72","764","1019","","","","0.70","","S","Облачно","2026-01-08 06:14"
"-2.20","","-5.50","72","764","1019","","","","0.70","","S","Облачно","2026-01-08 06:15"
"-2.20","","-5.50","72","764","1019","","","","0.70","","S","Облачно","2026-01-08 06:16"
"-2.20","","-5.50","72","764","1019","","","","0.70","","S","Облачно","2026-01-08 06:17"
"-2.20","","-5.50","72","764","1019","","","","0.70","","S","Облачно","2026-01-08 06:18"
"-2.20","","-5.50","72","764","1019","","","","0.70","","S","Облачно","2026-01-08 06:19"
"-2.20","","-5.50","72","764","1019","","","","0.70","","S","Облачно","2026-01-08 06:20"
"-2.20","","-5.50","72","764","1019","","","","0.70","","S","Облачно","2026-01-08 06:21"
"-2.20","","-5.50","72","764","1019","","","","0.70","","S","Облачно","2026-01-08 06:22"
"-2.20","","-5.50","72","764","1019","","","","0.70","","S","Облачно","2026-01-08 06:23"
"-2.20","","-5.50","72","764","1019","","","","0.70","","S","Облачно","2026-01-08 06:24"
"-2.20","","-5.50","72","764","1019","","","","0.70","","S","Облачно","2026-01-08 06:25"
"-2.30","","-5.60","72","764","1019","","","","0.70","","S","Облачно","2026-01-08 06:26"
"-2.30","","-5.60","72","764","1019","","","","0.70","","S","Облачно","2026-01-08 06:27"
"-2.30","","-5.60","72","764","1019","","","","0.70","","S","Облачно","2026-01-08 06:28"
"-2.30","","-5.60","72","764","1019","","","","0.70","","S","Облачно","2026-01-08 06:29"
"-2.30","","-5.60","72","764","1019","","","","0.70","","S","Облачно","2026-01-08 06:30"
"-2.30","","-5.60","72","764","1019","","","","0.70","","S","Облачно","2026-01-08 06:31"
"-2.30","","-5.60","72","764","1019","","","","0.70","","S","Облачно","2026-01-08 06:32"
"-2.30","","-5.60","72","764","1019","","","","0.70","","S","Облачно","2026-01-08 06:33"
"-2.30","","-5.60","72","764","1019","","","","0.70","","S","Облачно","2026-01-08 06:34"
"-2.30","","-5.60","72","764","1019","","","","0.70","","S","Облачно","2026-01-08 06:35"
"-2.30","","-5.60","72","764","1019","","","","0.70","","S","Облачно","2026-01-08 06:36"
"-2.30","","-5.60","72","764","1019","","","","0.70","","S","Облачно","2026-01-08 06:37"
"-2.30","","-5.60","72","764","1019","","","","0.70","","S","Облачно","2026-01-08 06:38"
"-2.30","","-5.60","72","764","1019","","","","0.70","","S","Облачно","2026-01-08 06:39"
"-2.30","","-5.60","72","764","1019","","","","0.70","","S","Облачно","2026-01-08 06:40"
"-2.20","","-5.50","72","764","1019","","","","0.70","","S","Облачно","2026-01-08 06:41"
"-2.20","","-5.40","73","764","1019","","","","0.70","","S","Облачно","2026-01-08 06:42"
"-2.20","","-5.40","73","764","1019","","","","0.70","","S","Облачно","2026-01-08 06:43"
"-2.20","","-5.40","73","764","1019","","","","0.70","","S","Облачно","2026-01-08 06:44"
"-2.20","","-5.40","73","764","1019","","","","0.70","","S","Облачно","2026-01-08 06:45"
"-2.20","","-5.40","73","764","1019","","","","0.70","","S","Облачно","2026-01-08 06:46"
"-2.20","","-5.40","73","764","1019","","","","0.70","","S","Облачно","2026-01-08 06:47"
"-2.20","","-5.40","73","764","1019","","","","0.70","","S","Облачно","2026-01-08 06:48"
"-2.20","","-5.40","73","764","1019","","","","0.70","","S","Облачно","2026-01-08 06:49"
"-2.20","","-5.40","73","764","1019","","","","0.70","","S","Облачно","2026-01-08 06:50"
"-2.30","","-5.60","72","764","1019","","","","0.70","","S","Облачно","2026-01-08 06:51"
"-2.30","","-5.60","72","764","1019","","","","0.70","","S","Облачно","2026-01-08 06:52"
"-2.30","","-5.60","72","764","1019","","","","0.70","","S","Облачно","2026-01-08 06:53"
"-2.30","","-5.60","72","764","1019","","","","0.70","","S","Облачно","2026-01-08 06:54"
"-2.30","","-5.60","72","764","1019","","","","0.70","","S","Облачно","2026-01-08 06:55"
"-2.30","","-5.60","72","764","1019","","","","0.70","","S","Облачно","2026-01-08 06:56"
"-2.30","","-5.60","72","764","1019","","","","0.70","","S","Облачно","2026-01-08 06:57"
"-2.30","","-5.60","72","764","1019","","","","0.70","","S","Облачно","2026-01-08 06:58"
"-2.30","","-5.60","72","764","1019","","","","0.70","","S","Облачно","2026-01-08 06:59"
"-2.30","","-5.60","72","764","1019","","","","0.70","","S","Облачно","2026-01-08 07:00"
"-2.30","","-5.60","72","764","1019","","","","0.70","","S","Облачно","2026-01-08 07:01"
"-2.30","","-5.60","72","764","1019","","","","0.70","","S","Облачно","2026-01-08 07:02"
"-2.30","","-5.60","72","764","1019","","","","0.70","","S","Облачно","2026-01-08 07:03"
"-2.30","","-5.60","72","764","1019","","","","0.70","","S","Облачно","2026-01-08 07:04"
"-2.40","","-5.70","72","764","1019","","","","0.70","","S","Облачно","2026-01-08 07:05"
"-2.40","","-5.70","72","764","1019","","","","0.70","","S","Облачно","2026-01-08 07:06"
"-2.30","","-5.60","72","764","1019","","","","0.70","","S","Облачно","2026-01-08 07:07"
"-2.30","","-5.60","72","764","1019","","","","0.70","","S","Облачно","2026-01-08 07:08"
"-2.40","","-5.70","72","764","1019","","","","0.70","","S","Облачно","2026-01-08 07:09"
"-2.40","","-5.70","72","764","1019","","","","0.70","","S","Облачно","2026-01-08 07:10"
"-2.40","","-5.70","72","764","1019","","","","0.70","","S","Облачно","2026-01-08 07:11"
"-2.40","","-5.70","72","764","1019","","","","0.70","","S","Облачно","2026-01-08 07:12"
"-2.30","","-5.50","73","764","1019","","","","0.70","","S","Облачно","2026-01-08 07:13"
"-2.30","","-5.50","73","764","1019","","","","0.70","","S","Облачно","2026-01-08 07:14"
"-2.40","","-5.70","73","764","1019","","","","0.70","","S","Облачно","2026-01-08 07:15"
"-2.40","","-5.70","73","764","1019","","","","0.70","","S","Облачно","2026-01-08 07:16"
"-2.40","","-5.70","73","764","1019","","","","0.70","","S","Облачно","2026-01-08 07:17"
"-2.40","","-5.70","73","764","1019","","","","0.70","","S","Облачно","2026-01-08 07:18"
"-2.40","","-5.70","73","764","1019","","","","0.70","","S","Облачно","2026-01-08 07:19"
"-2.40","","-5.70","73","764","1019","","","","0.70","","S","Облачно","2026-01-08 07:20"
"-2.40","","-5.70","73","764","1019","","","","0.70","","S","Облачно","2026-01-08 07:21"
"-2.40","","-5.70","73","764","1019","","","","0.70","","S","Облачно","2026-01-08 07:22"
"-2.40","","-5.70","73","764","1019","","","","0.70","","S","Облачно","2026-01-08 07:23"
"-2.40","","-5.70","73","764","1019","","","","0.70","","S","Облачно","2026-01-08 07:24"
"-2.40","","-5.70","73","764","1019","","","","0.70","","S","Облачно","2026-01-08 07:25"
"-2.30","","-5.50","73","764","1019","","","","0.70","","S","Облачно","2026-01-08 07:26"
"-2.30","","-5.50","73","764","1019","","","","0.70","","S","Облачно","2026-01-08 07:27"
"-2.30","","-5.50","73","764","1019","","","","0.70","","S","Облачно","2026-01-08 07:28"
"-2.30","","-5.50","73","764","1019","","","","0.70","","S","Облачно","2026-01-08 07:29"
"-2.30","","-5.50","73","764","1019","","","","0.70","","S","Облачно","2026-01-08 07:30"
"-2.20","","-5.40","73","764","1019","","","","0.70","","S","Облачно","2026-01-08 07:31"
"-2.20","","-5.40","73","764","1019","","","","0.70","","S","Облачно","2026-01-08 07:32"
"-2.20","","-5.40","73","764","1019","","","","0.70","","S","Облачно","2026-01-08 07:33"
"-2.20","","-5.40","73","764","1019","","","","0.70","","S","Облачно","2026-01-08 07:34"
"-2.20","","-5.40","73","764","1019","","","","0.70","","S","Облачно","2026-01-08 07:35"
"-2.30","","-5.50","73","764","1019","","","","0.70","","S","Облачно","2026-01-08 07:36"
"-2.30","","-5.50","73","764","1019","","","","0.70","","S","Облачно","2026-01-08 07:37"
"-2.30","","-5.50","73","764","1019","","","","0.70","","S","Облачно","2026-01-08 07:38"
"-2.30","","-5.50","73","764","1019","","","","0.70","","S","Облачно","2026-01-08 07:39"
"-2.30","","-5.50","73","764","1019","","","","0.70","","S","Облачно","2026-01-08 07:40"
"-2.30","","-5.50","73","764","1019","","","","0.70","","S","Облачно","2026-01-08 07:41"
"-2.30","","-5.50","73","764","1019","","","","0.70","","S","Облачно","2026-01-08 07:42"
"-2.30","","-5.50","73","764","1019","","","","0.70","","S","Облачно","2026-01-08 07:43"
"-2.30","","-5.50","73","764","1019","","","","0.70","","S","Облачно","2026-01-08 07:44"
"-2.30","","-5.50","73","764","1019","","","","0.70","","S","Облачно","2026-01-08 07:45"
"-2.30","","-5.50","73","764","1019","","","","0.70","","S","Облачно","2026-01-08 07:46"
"-2.30","","-5.50","73","764","1019","","","","0.70","","S","Облачно","2026-01-08 07:47"
"-2.30","","-5.50","73","764","1019","","","","0.70","","S","Облачно","2026-01-08 07:48"
"-2.30","","-5.50","73","764","1019","","","","0.70","","S","Облачно","2026-01-08 07:49"
"-2.30","","-5.50","73","764","1019","","","","0.70","","S","Облачно","2026-01-08 07:50"
"-2.30","","-5.50","73","764","1019","","","","0.70","","S","Облачно","2026-01-08 07:51"
"-2.30","","-5.50","73","764","1019","","","","0.70","","S","Облачно","2026-01-08 07:52"
"-2.30","","-5.50","73","764","1019","","","","0.70","","S","Облачно","2026-01-08 07:53"
"-2.30","","-5.50","73","764","1019","","","","0.70","","S","Облачно","2026-01-08 07:54"
"-2.30","","-5.50","73","764","1019","","","","0.70","","S","Облачно","2026-01-08 07:55"
"-2.30","","-5.50","73","764","1019","","","","0.70","","S","Облачно","2026-01-08 07:56"
"-2.30","","-5.50","73","764","1019","","","","0.70","","S","Облачно","2026-01-08 07:57"
"-2.30","","-5.50","73","764","1019","","","","0.70","","S","Облачно","2026-01-08 07:58"
"-2.30","","-5.50","73","764","1019","","","","0.70","","S","Облачно","2026-01-08 07:59"
"-2.30","","-5.50","73","764","1019","","","","0.70","","S","Облачно","2026-01-08 08:00"
"-2.30","","-5.50","73","764","1019","","","","0.70","","S","Облачно","2026-01-08 08:01"
"-2.30","","-5.50","73","764","1019","","","","0.70","","S","Облачно","2026-01-08 08:02"
"-2.30","","-5.50","73","764","1019","","","","0.70","","S","Облачно","2026-01-08 08:03"
"-2.30","","-5.50","73","764","1019","","","","0.70","","S","Облачно","2026-01-08 08:04"
"-2.30","","-5.50","73","764","1019","","","","0.70","","S","Облачно","2026-01-08 08:05"
"-2.30","","-5.50","73","763","1018","","","","0.70","","S","Облачно","2026-01-08 08:06"
"-2.30","","-5.50","73","763","1018","","","","0.70","","S","Облачно","2026-01-08 08:07"
"-2.30","","-5.50","73","763","1018","","","","0.70","","S","Облачно","2026-01-08 08:08"
"-2.30","","-5.50","73","763","1018","","","","0.70","","S","Облачно","2026-01-08 08:09"
"-2.30","","-5.50","73","763","1018","","","","0.70","","S","Облачно","2026-01-08 08:10"
"-2.30","","-5.50","73","763","1018","","","","0.70","","S","Облачно","2026-01-08 08:11"
"-2.30","","-5.50","73","763","1018","","","","0.70","","S","Облачно","2026-01-08 08:12"
"-2.30","","-5.50","73","763","1018","","","","0.70","","S","Облачно","2026-01-08 08:13"
"-2.30","","-5.50","73","763","1018","","","","0.70","","S","Облачно","2026-01-08 08:14"
"-2.30","","-5.50","73","763","1018","","","","0.70","","S","Облачно","2026-01-08 08:15"
"-2.40","","-5.70","73","763","1018","","","","0.70","","S","Облачно","2026-01-08 08:16"
"-2.40","","-5.70","73","763","1018","","","","0.70","","S","Облачно","2026-01-08 08:17"
"-2.40","","-5.70","73","763","1018","","","","0.70","","S","Облачно","2026-01-08 08:18"
"-2.40","","-5.70","73","763","1018","","","","0.70","","S","Облачно","2026-01-08 08:19"
"-2.40","","-5.70","73","763","1018","","","","0.70","","S","Облачно","2026-01-08 08:20"
"-2.40","","-5.70","73","763","1018","","","","0.70","","S","Облачно","2026-01-08 08:21"
"-2.40","","-5.70","73","763","1018","","","","0.70","","S","Облачно","2026-01-08 08:22"
"-2.40","","-5.70","73","763","1018","","","","0.70","","S","Облачно","2026-01-08 08:23"
"-2.40","","-5.70","73","763","1018","","","","0.70","","S","Облачно","2026-01-08 08:24"
"-2.40","","-5.70","73","763","1018","","","","0.70","","S","Облачно","2026-01-08 08:25"
"-2.40","","-5.70","73","763","1018","","","","0.70","","S","Облачно","2026-01-08 08:26"
"-2.40","","-5.70","73","763","1018","","","","0.70","","S","Облачно","2026-01-08 08:27"
"-2.40","","-5.70","73","763","1018","","","","0.70","","S","Облачно","2026-01-08 08:28"
"-2.40","","-5.70","73","763","1018","","","","0.70","","S","Облачно","2026-01-08 08:29"
"-2.40","","-5.70","73","763","1018","","","","0.70","","S","Облачно","2026-01-08 08:30"
"-2.40","","-5.70","73","763","1018","","","","0.70","","S","Облачно","2026-01-08 08:31"
"-2.40","","-5.70","73","763","1018","","","","0.70","","S","Облачно","2026-01-08 08:32"
"-2.40","","-5.70","73","763","1018","","","","0.70","","S","Облачно","2026-01-08 08:33"
"-2.40","","-5.70","73","763","1018","","","","0.70","","S","Облачно","2026-01-08 08:34"
"-2.40","","-5.70","73","763","1018","","","","0.70","","S","Облачно","2026-01-08 08:35"
"-2.40","","-5.70","73","763","1018","","","","0.70","","S","Облачно","2026-01-08 08:36"
"-2.40","","-5.70","73","763","1018","","","","0.70","","S","Облачно","2026-01-08 08:37"
"-2.40","","-5.70","73","763","1018","","","","0.70","","S","Облачно","2026-01-08 08:38"
"-2.40","","-5.70","73","763","1018","","","","0.70","","S","Облачно","2026-01-08 08:39"
"-2.40","","-5.70","73","763","1018","","","","0.70","","S","Облачно","2026-01-08 08:40"
"-2.40","","-5.70","73","763","1018","","","","0.70","","S","Облачно","2026-01-08 08:41"
"-2.50","","-5.80","73","763","1018","","","","0.70","","S","Облачно","2026-01-08 08:42"
"-2.50","","-5.80","73","763","1018","","","","0.70","","S","Облачно","2026-01-08 08:43"
"-2.50","","-5.80","73","763","1018","","","","0.70","","S","Облачно","2026-01-08 08:44"
"-2.40","","-5.70","73","763","1018","","","","0.70","","S","Облачно","2026-01-08 08:45"
"-2.40","","-5.70","73","763","1018","","","","0.70","","S","Облачно","2026-01-08 08:46"
"-2.40","","-5.70","73","763","1018","","","","0.70","","S","Облачно","2026-01-08 08:47"
"-2.40","","-5.70","73","763","1018","","","","0.70","","S","Облачно","2026-01-08 08:48"
"-2.40","","-5.70","73","763","1018","","","","0.70","","S","Облачно","2026-01-08 08:49"
"-2.50","","-5.80","73","763","1018","","","","0.70","","S","Облачно","2026-01-08 08:50"
"-2.50","","-5.80","73","763","1018","","","","0.70","","S","Облачно","2026-01-08 08:51"
"-2.50","","-5.80","73","763","1018","","","","0.70","","S","Облачно","2026-01-08 08:52"
"-2.50","","-5.80","73","763","1018","","","","0.70","","S","Облачно","2026-01-08 08:53"
"-2.50","","-5.80","73","763","1018","","","","0.70","","S","Облачно","2026-01-08 08:54"
"-2.50","","-5.80","73","763","1018","","","","0.70","","S","Облачно","2026-01-08 08:55"
"-2.50","","-5.80","73","763","1018","","","","0.70","","S","Облачно","2026-01-08 08:56"
"-2.50","","-5.80","73","763","1018","","","","0.70","","S","Облачно","2026-01-08 08:57"
"-2.50","","-5.80","73","763","1018","","","","0.70","","S","Облачно","2026-01-08 08:58"
"-2.50","","-5.80","73","763","1018","","","","0.70","","S","Облачно","2026-01-08 08:59"
"-2.50","","-5.80","73","763","1018","","","","0.70","","S","Облачно","2026-01-08 09:00"
"-2.50","","-5.80","73","763","1018","","","","0.70","","S","Облачно","2026-01-08 09:01"
"-2.50","","-5.80","73","763","1018","","","","0.70","","S","Облачно","2026-01-08 09:02"
"-2.50","","-5.80","73","763","1018","","","","0.70","","S","Облачно","2026-01-08 09:03"
"-2.50","","-5.80","73","763","1018","","","","0.70","","S","Облачно","2026-01-08 09:04"
"-2.50","","-5.80","73","763","1018","","","","0.70","","S","Облачно","2026-01-08 09:05"
"-2.50","","-5.80","73","762","1017","","","","0.70","","S","Облачно","2026-01-08 09:06"
"-2.50","","-5.80","73","762","1017","","","","0.70","","S","Облачно","2026-01-08 09:07"
"-2.50","","-5.80","73","762","1017","","","","0.70","","S","Облачно","2026-01-08 09:08"
"-2.50","","-5.80","73","762","1017","","","","0.70","","S","Облачно","2026-01-08 09:09"
"-2.40","","-5.70","73","762","1017","","","","0.70","","S","Облачно","2026-01-08 09:10"
"-2.40","","-5.70","73","762","1017","","","","0.70","","S","Облачно","2026-01-08 09:11"
"-2.40","","-5.60","74","762","1017","","","","0.70","","S","Облачно","2026-01-08 09:12"
"-2.40","","-5.60","74","762","1017","","","","0.70","","S","Облачно","2026-01-08 09:13"
"-2.40","","-5.70","73","762","1017","","","","0.70","","S","Облачно","2026-01-08 09:14"
"-2.40","","-5.70","73","762","1017","","","","0.70","","S","Облачно","2026-01-08 09:15"
"-2.40","","-5.70","73","762","1017","","","","0.70","","S","Облачно","2026-01-08 09:16"
"-2.40","","-5.70","73","762","1017","","","","0.70","","S","Облачно","2026-01-08 09:17"
"-2.50","","-5.70","74","762","1017","","","","0.70","","S","Облачно","2026-01-08 09:18"
"-2.50","","-5.70","74","762","1017","","","","0.70","","S","Облачно","2026-01-08 09:19"
"-2.50","","-5.70","74","762","1017","","","","0.70","","S","Облачно","2026-01-08 09:20"
"-2.60","","-5.90","73","763","1018","","","","0.70","","S","Облачно","2026-01-08 09:21"
"-2.60","","-5.90","73","763","1018","","","","0.70","","S","Облачно","2026-01-08 09:22"
"-2.60","","-5.90","73","763","1018","","","","0.70","","S","Облачно","2026-01-08 09:23"
"-2.60","","-5.90","73","763","1018","","","","0.70","","S","Облачно","2026-01-08 09:24"
"-2.60","","-5.90","73","763","1018","","","","0.70","","S","Облачно","2026-01-08 09:25"
"-2.60","","-5.90","73","763","1018","","","","0.70","","S","Облачно","2026-01-08 09:26"
"-2.60","","-5.90","73","763","1018","","","","0.70","","S","Облачно","2026-01-08 09:27"
"-2.60","","-5.90","73","763","1018","","","","0.70","","S","Облачно","2026-01-08 09:28"
"-2.60","","-5.90","73","763","1018","","","","0.70","","S","Облачно","2026-01-08 09:29"
"-2.50","","-5.70","74","763","1018","","","","0.70","","S","Облачно","2026-01-08 09:30"
"-2.50","","-5.70","74","763","1018","","","","0.70","","S","Облачно","2026-01-08 09:31"
"-2.50","","-5.70","74","763","1018","","","","0.70","","S","Облачно","2026-01-08 09:32"
"-2.50","","-5.70","74","763","1018","","","","0.70","","S","Облачно","2026-01-08 09:33"
"-2.50","","-5.70","74","763","1018","","","","0.70","","S","Облачно","2026-01-08 09:34"
"-2.60","","-5.90","74","763","1018","","","","0.70","","S","Облачно","2026-01-08 09:35"
"-2.60","","-5.90","74","763","1018","","","","0.70","","S","Облачно","2026-01-08 09:36"
"-2.60","","-5.90","74","763","1018","","","","0.70","","S","Облачно","2026-01-08 09:37"
"-2.60","","-5.90","73","763","1018","","","","0.70","","S","Облачно","2026-01-08 09:38"
"-2.60","","-5.90","73","763","1018","","","","0.70","","S","Облачно","2026-01-08 09:39"
"-2.60","","-5.90","73","763","1018","","","","0.70","","S","Облачно","2026-01-08 09:40"
"-2.60","","-5.90","73","763","1018","","","","0.70","","S","Облачно","2026-01-08 09:41"
"-2.60","","-5.90","73","763","1018","","","","0.70","","S","Облачно","2026-01-08 09:42"
"-2.60","","-5.90","73","763","1018","","","","0.70","","S","Облачно","2026-01-08 09:43"
"-2.60","","-5.90","73","763","1018","","","","0.70","","S","Облачно","2026-01-08 09:44"
"-2.60","","-5.90","74","763","1018","","","","0.70","","S","Облачно","2026-01-08 09:45"
"-2.60","","-5.90","74","763","1018","","","","0.70","","S","Облачно","2026-01-08 09:46"
"-2.60","","-5.90","74","763","1018","","","","0.70","","S","Облачно","2026-01-08 09:47"
"-2.60","","-5.90","74","763","1018","","","","0.70","","S","Облачно","2026-01-08 09:48"
"-2.60","","-5.90","74","763","1018","","","","0.70","","S","Облачно","2026-01-08 09:49"
"-2.60","","-5.90","74","763","1018","","","","0.70","","S","Облачно","2026-01-08 09:50"
"-2.60","","-5.90","74","762","1017","","","","0.70","","S","Облачно","2026-01-08 09:51"
"-2.60","","-5.90","73","762","1017","","","","0.70","","S","Облачно","2026-01-08 09:52"
"-2.60","","-5.90","73","762","1017","","","","0.70","","S","Облачно","2026-01-08 09:53"
"-2.70","","-6.00","73","762","1017","","","","0.70","","S","Облачно","2026-01-08 09:54"
"-2.70","","-6.00","73","762","1017","","","","0.70","","S","Облачно","2026-01-08 09:55"
"-2.70","","-6.00","73","762","1017","","","","0.70","","S","Облачно","2026-01-08 09:56"
"-2.70","","-6.00","73","762","1017","","","","0.70","","S","Облачно","2026-01-08 09:57"
"-2.70","","-6.00","73","762","1017","","","","0.70","","S","Облачно","2026-01-08 09:58"
"-2.70","","-6.00","73","762","1017","","","","0.70","","S","Облачно","2026-01-08 09:59"
"-2.70","","-6.00","73","762","1017","","","","0.70","","S","Облачно","2026-01-08 10:00"
"-2.70","","-6.00","73","762","1017","","","","0.70","","S","Облачно","2026-01-08 10:01"
"-2.70","","-6.00","73","762","1017","","","","0.70","","S","Облачно","2026-01-08 10:02"
"-2.70","","-6.00","73","762","1017","","","","0.70","","S","Облачно","2026-01-08 10:03"
"-2.70","","-6.00","73","762","1017","","","","0.70","","S","Облачно","2026-01-08 10:04"
"-2.70","","-6.00","73","762","1017","","","","0.70","","S","Облачно","2026-01-08 10:05"
"-2.70","","-6.00","73","763","1018","","","","0.70","","S","Облачно","2026-01-08 10:06"
"-2.70","","-6.00","73","763","1018","","","","0.70","","S","Облачно","2026-01-08 10:07"
"-2.80","","-6.10","73","763","1018","","","","0.70","","S","Облачно","2026-01-08 10:08"
"-2.80","","-6.10","73","763","1018","","","","0.70","","S","Облачно","2026-01-08 10:09"
"-2.80","","-6.10","73","763","1018","","","","0.70","","S","Облачно","2026-01-08 10:10"
"-2.80","","-6.10","73","763","1018","","","","0.70","","S","Облачно","2026-01-08 10:11"
"-2.80","","-6.10","73","763","1018","","","","0.70","","S","Облачно","2026-01-08 10:12"
"-2.80","","-6.10","73","763","1018","","","","0.70","","S","Облачно","2026-01-08 10:13"
"-2.80","","-6.10","73","763","1018","","","","0.70","","S","Облачно","2026-01-08 10:14"
"-2.80","","-6.10","73","763","1018","","","","0.70","","S","Облачно","2026-01-08 10:15"
"-2.80","","-6.10","73","763","1018","","","","0.70","","S","Облачно","2026-01-08 10:16"
"-2.80","","-6.10","73","763","1018","","","","0.70","","S","Облачно","2026-01-08 10:17"
"-2.70","","-6.00","74","763","1018","","","","0.70","","S","Облачно","2026-01-08 10:18"
"-2.70","","-6.00","74","763","1018","","","","0.70","","S","Облачно","2026-01-08 10:19"
"-2.70","","-6.00","74","763","1018","","","","0.70","","S","Облачно","2026-01-08 10:20"
"-2.70","","-6.00","74","762","1017","","","","0.70","","S","Облачно","2026-01-08 10:21"
"-2.70","","-6.00","74","762","1017","","","","0.70","","S","Облачно","2026-01-08 10:22"
"-2.70","","-6.00","74","762","1017","","","","0.70","","S","Облачно","2026-01-08 10:23"
"-2.70","","-6.00","74","762","1017","","","","0.70","","S","Облачно","2026-01-08 10:24"
"-2.70","","-6.00","74","762","1017","","","","0.70","","S","Облачно","2026-01-08 10:25"
"-2.70","","-6.00","74","762","1017","","","","0.70","","S","Облачно","2026-01-08 10:26"
"-2.70","","-6.00","74","762","1017","","","","0.70","","S","Облачно","2026-01-08 10:27"
"-2.70","","-6.00","74","762","1017","","","","0.70","","S","Облачно","2026-01-08 10:28"
"-2.70","","-6.00","74","762","1017","","","","0.70","","S","Облачно","2026-01-08 10:29"
"-2.80","","-6.10","74","762","1017","","","","0.70","","S","Облачно","2026-01-08 10:30"
"-2.80","","-6.10","74","762","1017","","","","0.70","","S","Облачно","2026-01-08 10:31"
"-2.80","","-6.10","74","762","1017","","","","0.70","","S","Облачно","2026-01-08 10:32"
"-2.80","","-6.10","73","762","1017","","","","0.70","","S","Облачно","2026-01-08 10:33"
"-2.70","","-6.00","74","762","1017","","","","0.70","","S","Облачно","2026-01-08 10:34"
"-2.70","","-6.00","74","762","1017","","","","0.70","","S","Облачно","2026-01-08 10:35"
"-2.70","","-6.00","74","763","1018","","","","0.70","","S","Облачно","2026-01-08 10:36"
"-2.70","","-6.00","74","763","1018","","","","0.70","","S","Облачно","2026-01-08 10:37"
"-2.70","","-6.00","74","763","1018","","","","0.70","","S","Облачно","2026-01-08 10:38"
"-2.70","","-6.00","74","763","1018","","","","0.70","","S","Облачно","2026-01-08 10:39"
"-2.70","","-6.00","74","763","1018","","","","0.70","","S","Облачно","2026-01-08 10:40"
"-2.70","","-6.00","74","763","1018","","","","0.70","","S","Облачно","2026-01-08 10:41"
"-2.70","","-6.00","74","763","1018","","","","0.70","","S","Облачно","2026-01-08 10:42"
"-2.70","","-6.00","74","763","1018","","","","0.70","","S","Облачно","2026-01-08 10:43"
"-2.70","","-6.00","74","763","1018","","","","0.70","","S","Облачно","2026-01-08 10:44"
"-2.70","","-6.00","74","763","1018","","","","0.70","","S","Облачно","2026-01-08 10:45"
"-2.70","","-6.00","74","763","1018","","","","0.70","","S","Облачно","2026-01-08 10:46"
"-2.70","","-6.00","74","763","1018","","","","0.70","","S","Облачно","2026-01-08 10:47"
"-2.70","","-6.00","74","763","1018","","","","0.70","","S","Облачно","2026-01-08 10:48"
"-2.70","","-6.00","74","763","1018","","","","0.70","","S","Облачно","2026-01-08 10:49"
"-2.80","","-6.10","74","763","1018","","","","0.70","","S","Облачно","2026-01-08 10:50"
"-2.80","","-6.10","73","762","1017","","","","0.70","","S","Облачно","2026-01-08 10:51"
"-2.80","","-6.10","73","762","1017","","","","0.70","","S","Облачно","2026-01-08 10:52"
"-2.80","","-6.10","73","762","1017","","","","0.70","","S","Облачно","2026-01-08 10:53"
"-2.80","","-6.10","73","762","1017","","","","0.70","","S","Облачно","2026-01-08 10:54"
"-2.80","","-6.10","73","762","1017","","","","0.70","","S","Облачно","2026-01-08 10:55"
"-2.80","","-6.10","73","762","1017","","","","0.70","","S","Облачно","2026-01-08 10:56"
"-2.80","","-6.10","73","762","1017","","","","0.70","","S","Облачно","2026-01-08 10:57"
"-2.80","","-6.10","73","762","1017","","","","0.70","","S","Облачно","2026-01-08 10:58"
"-2.80","","-6.10","73","762","1017","","","","0.70","","S","Облачно","2026-01-08 10:59"
"-2.80","","-6.10","73","762","1017","","","","0.70","","S","Облачно","2026-01-08 11:00"
"-2.80","","-6.10","73","762","1017","","","","0.70","","S","Облачно","2026-01-08 11:01"
"-2.80","","-6.10","73","762","1017","","","","0.70","","S","Облачно","2026-01-08 11:02"
"-2.80","","-6.10","74","762","1017","","","","0.70","","S","Облачно","2026-01-08 11:03"
"-2.80","","-6.10","73","762","1017","","","","0.70","","S","Облачно","2026-01-08 11:04"
"-2.80","","-6.10","74","762","1017","","","","0.70","","S","Облачно","2026-01-08 11:05"
"-2.80","","-6.10","74","762","1017","","","","0.70","","S","Облачно","2026-01-08 11:06"
"-2.80","","-6.10","74","762","1017","","","","0.70","","S","Облачно","2026-01-08 11:07"
"-2.80","","-6.10","74","762","1017","","","","0.70","","S","Облачно","2026-01-08 11:08"
"-2.70","","-6.00","74","762","1017","","","","0.70","","S","Облачно","2026-01-08 11:09"
"-2.70","","-6.00","74","762","1017","","","","0.70","","S","Облачно","2026-01-08 11:10"
"-2.70","","-6.00","74","762","1017","","","","0.70","","S","Облачно","2026-01-08 11:11"
"-2.70","","-6.00","74","762","1017","","","","0.70","","S","Облачно","2026-01-08 11:12"
"-2.70","","-6.00","74","762","1017","","","","0.70","","S","Облачно","2026-01-08 11:13"
"-2.80","","-6.10","74","762","1017","","","","0.70","","S","Облачно","2026-01-08 11:14"
"-2.70","","-6.00","74","762","1017","","","","0.70","","S","Облачно","2026-01-08 11:15"
"-2.70","","-6.00","74","762","1017","","","","0.70","","S","Облачно","2026-01-08 11:16"
"-2.70","","-6.00","74","762","1017","","","","0.70","","S","Облачно","2026-01-08 11:17"
"-2.70","","-6.00","74","762","1017","","","","0.70","","S","Облачно","2026-01-08 11:18"
"-2.80","","-6.10","74","762","1017","","","","0.70","","S","Облачно","2026-01-08 11:19"
"-2.80","","-6.10","74","762","1017","","","","0.70","","S","Облачно","2026-01-08 11:20"
"-2.80","","-6.10","74","762","1017","","","","0.70","","S","Облачно","2026-01-08 11:21"
"-2.80","","-6.10","74","762","1017","","","","0.70","","S","Облачно","2026-01-08 11:22"
"-2.80","","-6.10","74","762","1017","","","","0.70","","S","Облачно","2026-01-08 11:23"
"-2.80","","-6.10","74","762","1017","","","","0.70","","S","Облачно","2026-01-08 11:24"
"-2.80","","-6.10","74","762","1017","","","","0.70","","S","Облачно","2026-01-08 11:25"
"-2.80","","-6.10","73","762","1017","","","","0.70","","S","Облачно","2026-01-08 11:26"
"-2.80","","-6.10","73","762","1017","","","","0.70","","S","Облачно","2026-01-08 11:27"
"-2.80","","-6.10","74","762","1017","","","","0.70","","S","Облачно","2026-01-08 11:28"
"-2.80","","-6.10","74","762","1017","","","","0.70","","S","Облачно","2026-01-08 11:29"
"-2.80","","-6.10","74","762","1017","","","","0.70","","S","Облачно","2026-01-08 11:30"
"-2.80","","-6.10","74","762","1017","","","","0.70","","S","Облачно","2026-01-08 11:31"
"-2.70","","-6.00","74","762","1017","","","","0.70","","S","Облачно","2026-01-08 11:32"
"-2.70","","-6.00","74","762","1017","","","","0.70","","S","Облачно","2026-01-08 11:33"
"-2.70","","-6.00","74","762","1017","","","","0.70","","S","Облачно","2026-01-08 11:34"
"-2.70","","-6.00","74","762","1017","","","","0.70","","S","Облачно","2026-01-08 11:35"
"-2.70","","-6.00","74","762","1017","","","","0.70","","S","Облачно","2026-01-08 11:36"
"-2.70","","-6.00","74","762","1017","","","","0.70","","S","Облачно","2026-01-08 11:37"
"-2.80","","-6.10","74","762","1017","","","","0.70","","S","Облачно","2026-01-08 11:38"
"-2.80","","-6.10","74","762","1017","","","","0.70","","S","Облачно","2026-01-08 11:39"
"-2.80","","-6.10","74","762","1017","","","","0.70","","S","Облачно","2026-01-08 11:40"
"-2.80","","-6.10","74","762","1017","","","","0.70","","S","Облачно","2026-01-08 11:41"
"-2.80","","-6.10","74","762","1017","","","","0.70","","S","Облачно","2026-01-08 11:42"
"-2.80","","-6.10","74","762","1017","","","","0.70","","S","Облачно","2026-01-08 11:43"
"-2.80","","-6.10","74","762","1017","","","","0.70","","S","Облачно","2026-01-08 11:44"
"-2.80","","-6.10","74","762","1017","","","","0.70","","S","Облачно","2026-01-08 11:45"
"-2.80","","-6.10","74","762","1017","","","","0.70","","S","Облачно","2026-01-08 11:46"
"-2.80","","-6.10","74","762","1017","","","","0.70","","S","Облачно","2026-01-08 11:47"
"-2.80","","-6.10","74","762","1017","","","","0.70","","S","Облачно","2026-01-08 11:48"
"-2.80","","-6.10","74","762","1017","","","","0.70","","S","Облачно","2026-01-08 11:49"
"-2.80","","-6.10","74","762","1017","","","","0.70","","S","Облачно","2026-01-08 11:50"
"-2.80","","-6.10","74","762","1017","","","","0.70","","S","Облачно","2026-01-08 11:51"
"-2.80","","-6.10","74","762","1017","","","","0.70","","S","Облачно","2026-01-08 11:52"
"-2.80","","-6.10","74","762","1017","","","","0.70","","S","Облачно","2026-01-08 11:53"
"-2.80","","-6.10","74","762","1017","","","","0.70","","S","Облачно","2026-01-08 11:54"
"-2.80","","-6.10","74","762","1017","","","","0.70","","S","Облачно","2026-01-08 11:55"
"-2.80","","-6.10","74","762","1017","","","","0.70","","S","Облачно","2026-01-08 11:56"
"-2.80","","-6.10","74","762","1017","","","","0.70","","S","Облачно","2026-01-08 11:57"
"-2.80","","-6.10","74","762","1017","","","","0.70","","S","Облачно","2026-01-08 11:58"
"-2.80","","-6.10","74","762","1017","","","","0.70","","S","Облачно","2026-01-08 11:59"
"-2.80","","-6.10","74","762","1017","","","","0.70","","S","Облачно","2026-01-08 12:00"
"-2.80","","-6.10","74","762","1017","","","","0.70","","S","Облачно","2026-01-08 12:01"
"-2.80","","-6.10","74","762","1017","","","","0.70","","S","Облачно","2026-01-08 12:02"
"-2.80","","-6.10","74","762","1017","","","","0.70","","S","Облачно","2026-01-08 12:03"
"-2.80","","-6.10","74","762","1017","","","","0.70","","S","Облачно","2026-01-08 12:04"
"-2.80","","-6.10","74","762","1017","","","","0.70","","S","Облачно","2026-01-08 12:05"
"-2.80","","-6.10","74","762","1016","","","","0.70","","S","Облачно","2026-01-08 12:06"
"-2.80","","-6.10","74","762","1016","","","","0.70","","S","Облачно","2026-01-08 12:07"
"-2.80","","-6.10","74","762","1016","","","","0.70","","S","Облачно","2026-01-08 12:08"
"-2.80","","-6.10","74","762","1016","","","","0.70","","S","Облачно","2026-01-08 12:09"
"-2.80","","-6.10","74","762","1016","","","","0.70","","S","Облачно","2026-01-08 12:10"
"-2.80","","-6.10","74","762","1016","","","","0.70","","S","Облачно","2026-01-08 12:11"
"-2.80","","-6.10","74","762","1016","","","","0.70","","S","Облачно","2026-01-08 12:12"
"-2.80","","-6.10","74","762","1016","","","","0.70","","S","Облачно","2026-01-08 12:13"
"-2.80","","-6.10","74","762","1016","","","","0.70","","S","Облачно","2026-01-08 12:14"
"-2.80","","-6.10","74","762","1016","","","","0.70","","S","Облачно","2026-01-08 12:15"
"-2.80","","-6.10","74","762","1016","","","","0.70","","S","Облачно","2026-01-08 12:16"
"-2.80","","-6.10","74","762","1016","","","","0.70","","S","Облачно","2026-01-08 12:17"
"-2.80","","-6.10","74","762","1016","","","","0.70","","S","Облачно","2026-01-08 12:18"
"-2.70","","-6.00","74","762","1016","","","","0.70","","S","Облачно","2026-01-08 12:19"
"-2.70","","-6.00","74","762","1016","","","","0.70","","S","Облачно","2026-01-08 12:20"
"-2.80","","-6.10","74","762","1016","","","","0.70","","S","Облачно","2026-01-08 12:21"
"-2.80","","-6.10","74","762","1016","","","","0.70","","S","Облачно","2026-01-08 12:22"
"-2.80","","-6.10","74","762","1016","","","","0.70","","S","Облачно","2026-01-08 12:23"
"-2.70","","-6.00","74","762","1016","","","","0.70","","S","Облачно","2026-01-08 12:24"
"-2.70","","-6.00","74","762","1016","","","","0.70","","S","Облачно","2026-01-08 12:25"
"-2.70","","-6.00","74","762","1016","","","","0.70","","S","Облачно","2026-01-08 12:26"
"-2.70","","-6.00","74","762","1016","","","","0.70","","S","Облачно","2026-01-08 12:27"
"-2.70","","-6.00","74","762","1016","","","","0.70","","S","Облачно","2026-01-08 12:28"
"-2.70","","-6.00","74","762","1016","","","","0.70","","S","Облачно","2026-01-08 12:29"
"-2.60","","-5.90","74","762","1016","","","","0.70","","S","Облачно","2026-01-08 12:30"
"-2.70","","-6.00","74","762","1016","","","","0.70","","S","Облачно","2026-01-08 12:31"
"-2.70","","-6.00","74","762","1016","","","","0.70","","S","Облачно","2026-01-08 12:32"
"-2.70","","-6.00","74","762","1016","","","","0.70","","S","Облачно","2026-01-08 12:33"
"-2.70","","-6.00","74","762","1016","","","","0.70","","S","Облачно","2026-01-08 12:34"
"-2.60","","-5.90","74","762","1016","","","","0.70","","S","Облачно","2026-01-08 12:35"
"-2.70","","-6.00","74","762","1017","","","","0.70","","S","Облачно","2026-01-08 12:36"
"-2.70","","-6.00","74","762","1017","","","","0.70","","S","Облачно","2026-01-08 12:37"
"-2.70","","-6.00","74","762","1017","","","","0.70","","S","Облачно","2026-01-08 12:38"
"-2.70","","-6.00","74","762","1017","","","","0.70","","S","Облачно","2026-01-08 12:39"
"-2.70","","-6.00","74","762","1017","","","","0.70","","S","Облачно","2026-01-08 12:40"
"-2.70","","-6.00","74","762","1017","","","","0.70","","S","Облачно","2026-01-08 12:41"
"-2.70","","-6.00","74","762","1017","","","","0.70","","S","Облачно","2026-01-08 12:42"
"-2.70","","-6.00","74","762","1017","","","","0.70","","S","Облачно","2026-01-08 12:43"
"-2.70","","-6.00","74","762","1017","","","","0.70","","S","Облачно","2026-01-08 12:44"
"-2.70","","-6.00","74","762","1017","","","","0.70","","S","Облачно","2026-01-08 12:45"
"-2.70","","-6.00","74","762","1017","","","","0.70","","S","Облачно","2026-01-08 12:46"
"-2.70","","-6.00","74","762","1017","","","","0.70","","S","Облачно","2026-01-08 12:47"
"-2.70","","-6.00","74","762","1017","","","","0.70","","S","Облачно","2026-01-08 12:48"
"-2.70","","-6.00","74","762","1017","","","","0.70","","S","Облачно","2026-01-08 12:49"
"-2.70","","-6.00","74","762","1017","","","","0.70","","S","Облачно","2026-01-08 12:50"
"-2.70","","-6.00","74","762","1017","","","","0.70","","S","Облачно","2026-01-08 12:51"
"-2.70","","-6.00","74","762","1017","","","","0.70","","S","Облачно","2026-01-08 12:52"
"-2.70","","-6.00","74","762","1017","","","","0.70","","S","Облачно","2026-01-08 12:53"
"-2.70","","-6.00","74","762","1017","","","","0.70","","S","Облачно","2026-01-08 12:54"
"-2.70","","-6.00","74","762","1017","","","","0.70","","S","Облачно","2026-01-08 12:55"
"-2.70","","-6.00","74","762","1017","","","","0.70","","S","Облачно","2026-01-08 12:56"
"-2.70","","-6.00","74","762","1017","","","","0.70","","S","Облачно","2026-01-08 12:57"
"-2.70","","-6.00","74","762","1017","","","","0.70","","S","Облачно","2026-01-08 12:58"
"-2.70","","-6.00","74","762","1017","","","","0.70","","S","Облачно","2026-01-08 12:59"
"-2.70","","-6.00","74","762","1017","","","","0.70","","S","Облачно","2026-01-08 13:00"
"-2.70","","-6.00","74","762","1017","","","","0.70","","S","Облачно","2026-01-08 13:01"
"-2.60","","-5.90","74","762","1017","","","","0.70","","S","Облачно","2026-01-08 13:02"
"-2.60","","-5.90","74","762","1017","","","","0.70","","S","Облачно","2026-01-08 13:03"
"-2.60","","-5.90","74","762","1017","","","","0.70","","S","Облачно","2026-01-08 13:04"
"-2.60","","-5.90","74","762","1017","","","","0.70","","S","Облачно","2026-01-08 13:05"
"-2.70","","-6.00","74","762","1016","","","","0.70","","S","Облачно","2026-01-08 13:06"
"-2.70","","-6.00","74","762","1016","","","","0.70","","S","Облачно","2026-01-08 13:07"
"-2.70","","-6.00","74","762","1016","","","","0.70","","S","Облачно","2026-01-08 13:08"
"-2.60","","-5.90","74","762","1016","","","","0.70","","S","Облачно","2026-01-08 13:09"
"-2.60","","-5.90","74","762","1016","","","","0.70","","S","Облачно","2026-01-08 13:10"
"-2.60","","-5.90","74","762","1016","","","","0.70","","S","Облачно","2026-01-08 13:11"
"-2.60","","-5.90","74","762","1016","","","","0.70","","S","Облачно","2026-01-08 13:12"
"-2.60","","-5.90","74","762","1016","","","","0.70","","S","Облачно","2026-01-08 13:13"
"-2.60","","-5.90","74","762","1016","","","","0.70","","S","Облачно","2026-01-08 13:14"
"-2.60","","-5.90","74","762","1016","","","","0.70","","S","Облачно","2026-01-08 13:15"
"-2.60","","-5.90","74","762","1016","","","","0.70","","S","Облачно","2026-01-08 13:16"
"-2.60","","-5.90","74","762","1016","","","","0.70","","S","Облачно","2026-01-08 13:17"
"-2.60","","-5.90","74","762","1016","","","","0.70","","S","Облачно","2026-01-08 13:18"
"-2.60","","-5.90","74","762","1016","","","","0.70","","S","Облачно","2026-01-08 13:19"
"-2.60","","-5.90","74","762","1016","","","","0.70","","S","Облачно","2026-01-08 13:20"
"-2.60","","-5.90","74","762","1016","","","","0.70","","S","Облачно","2026-01-08 13:21"
"-2.60","","-5.90","74","762","1016","","","","0.70","","S","Облачно","2026-01-08 13:22"
"-2.60","","-5.90","74","762","1016","","","","0.70","","S","Облачно","2026-01-08 13:23"
"-2.60","","-5.90","74","762","1016","","","","0.70","","S","Облачно","2026-01-08 13:24"
"-2.60","","-5.90","74","762","1016","","","","0.70","","S","Облачно","2026-01-08 13:25"
"-2.60","","-5.90","74","762","1016","","","","0.70","","S","Облачно","2026-01-08 13:26"
"-2.60","","-5.90","74","762","1016","","","","0.70","","S","Облачно","2026-01-08 13:27"
"-2.60","","-5.90","74","762","1016","","","","0.70","","S","Облачно","2026-01-08 13:28"
"-2.60","","-5.90","74","762","1016","","","","0.70","","S","Облачно","2026-01-08 13:29"
"-2.60","","-5.90","74","762","1016","","","","0.70","","S","Облачно","2026-01-08 13:30"
"-2.60","","-5.90","74","762","1016","","","","0.70","","S","Облачно","2026-01-08 13:31"
"-2.60","","-5.90","74","762","1016","","","","0.70","","S","Облачно","2026-01-08 13:32"
"-2.60","","-5.90","74","762","1016","","","","0.70","","S","Облачно","2026-01-08 13:33"
"-2.60","","-5.90","74","762","1016","","","","0.70","","S","Облачно","2026-01-08 13:34"
"-2.60","","-5.90","74","762","1016","","","","0.70","","S","Облачно","2026-01-08 13:35"
"-2.60","","-5.90","74","762","1016","","","","0.70","","S","Облачно","2026-01-08 13:36"
"-2.60","","-5.90","74","762","1016","","","","0.70","","S","Облачно","2026-01-08 13:37"
"-2.60","","-5.90","74","762","1016","","","","0.70","","S","Облачно","2026-01-08 13:38"
"-2.50","","-5.70","74","762","1016","","","","0.70","","S","Облачно","2026-01-08 13:39"
"-2.50","","-5.70","74","762","1016","","","","0.70","","S","Облачно","2026-01-08 13:40"
"-2.50","","-5.70","74","762","1016","","","","0.70","","S","Облачно","2026-01-08 13:41"
"-2.50","","-5.70","74","762","1016","","","","0.70","","S","Облачно","2026-01-08 13:42"
"-2.50","","-5.70","74","762","1016","","","","0.70","","S","Облачно","2026-01-08 13:43"
"-2.50","","-5.70","74","762","1016","","","","0.70","","S","Облачно","2026-01-08 13:44"
"-2.50","","-5.70","74","762","1016","","","","0.70","","S","Облачно","2026-01-08 13:45"
"-2.50","","-5.70","74","762","1016","","","","0.70","","S","Облачно","2026-01-08 13:46"
"-2.50","","-5.70","74","762","1016","","","","0.70","","S","Облачно","2026-01-08 13:47"
"-2.50","","-5.70","74","762","1016","","","","0.70","","S","Облачно","2026-01-08 13:48"
"-2.50","","-5.70","74","762","1016","","","","0.70","","S","Облачно","2026-01-08 13:49"
"-2.50","","-5.70","74","762","1016","","","","0.70","","S","Облачно","2026-01-08 13:50"
"-2.50","","-5.70","74","762","1016","","","","0.70","","S","Облачно","2026-01-08 13:51"
"-2.50","","-5.70","74","762","1016","","","","0.70","","S","Облачно","2026-01-08 13:52"
"-2.50","","-5.70","74","762","1016","","","","0.70","","S","Облачно","2026-01-08 13:53"
"-2.50","","-5.70","74","762","1016","","","","0.70","","S","Облачно","2026-01-08 13:54"
"-2.50","","-5.70","75","762","1016","","","","0.70","","S","Облачно","2026-01-08 13:55"
"-2.50","","-5.70","75","762","1016","","","","0.70","","S","Облачно","2026-01-08 13:56"
"-2.50","","-5.70","75","762","1016","","","","0.70","","S","Облачно","2026-01-08 13:57"
"-2.50","","-5.70","75","762","1016","","","","0.70","","S","Облачно","2026-01-08 13:58"
"-2.50","","-5.70","75","762","1016","","","","0.70","","S","Облачно","2026-01-08 13:59"
"-2.50","","-5.70","75","762","1016","","","","0.70","","S","Облачно","2026-01-08 14:00"
"-2.50","","-5.70","75","762","1016","","","","0.70","","S","Облачно","2026-01-08 14:01"
"-2.40","","-5.60","74","762","1016","","","","0.70","","S","Облачно","2026-01-08 14:02"
"-2.40","","-5.60","74","762","1016","","","","0.70","","S","Облачно","2026-01-08 14:03"
"-2.40","","-5.60","74","762","1016","","","","0.70","","S","Облачно","2026-01-08 14:04"
"-2.50","","-5.70","75","762","1016","","","","0.70","","S","Облачно","2026-01-08 14:05"
"-2.50","","-5.70","75","762","1016","","","","0.70","","S","Облачно","2026-01-08 14:06"
"-2.50","","-5.70","75","762","1016","","","","0.70","","S","Облачно","2026-01-08 14:07"
"-2.40","","-5.60","74","762","1016","","","","0.70","","S","Облачно","2026-01-08 14:08"
"-2.50","","-5.70","75","762","1016","","","","0.70","","S","Облачно","2026-01-08 14:09"
"-2.50","","-5.70","75","762","1016","","","","0.70","","S","Облачно","2026-01-08 14:10"
"-2.50","","-5.70","75","762","1016","","","","0.70","","S","Облачно","2026-01-08 14:11"
"-2.50","","-5.70","75","762","1016","","","","0.70","","S","Облачно","2026-01-08 14:12"
"-2.40","","-5.60","74","762","1016","","","","0.70","","S","Облачно","2026-01-08 14:13"
"-2.40","","-5.60","74","762","1016","","","","0.70","","S","Облачно","2026-01-08 14:14"
"-2.40","","-5.60","74","762","1016","","","","0.70","","S","Облачно","2026-01-08 14:15"
"-2.40","","-5.60","74","762","1016","","","","0.70","","S","Облачно","2026-01-08 14:16"
"-2.40","","-5.60","74","762","1016","","","","0.70","","S","Облачно","2026-01-08 14:17"
"-2.40","","-5.60","74","762","1016","","","","0.70","","S","Облачно","2026-01-08 14:18"
"-2.50","","-5.70","74","762","1016","","","","0.70","","S","Облачно","2026-01-08 14:19"
"-2.50","","-5.70","74","762","1016","","","","0.70","","S","Облачно","2026-01-08 14:20"
"-2.50","","-5.70","74","762","1016","","","","0.70","","S","Облачно","2026-01-08 14:21"
"-2.50","","-5.70","74","762","1016","","","","0.70","","S","Облачно","2026-01-08 14:22"
"-2.50","","-5.70","74","762","1016","","","","0.70","","S","Облачно","2026-01-08 14:23"
"-2.50","","-5.70","74","762","1016","","","","0.70","","S","Облачно","2026-01-08 14:24"
"-2.50","","-5.70","74","762","1016","","","","0.70","","S","Облачно","2026-01-08 14:25"
"-2.50","","-5.70","74","762","1016","","","","0.70","","S","Облачно","2026-01-08 14:26"
"-2.50","","-5.70","74","762","1016","","","","0.70","","S","Облачно","2026-01-08 14:27"
"-2.50","","-5.70","74","762","1016","","","","0.70","","S","Облачно","2026-01-08 14:28"
"-2.50","","-5.70","74","762","1016","","","","0.70","","S","Облачно","2026-01-08 14:29"
"-2.50","","-5.70","74","762","1016","","","","0.70","","S","Облачно","2026-01-08 14:30"
"-2.50","","-5.70","74","762","1016","","","","0.70","","S","Облачно","2026-01-08 14:31"
"-2.50","","-5.70","74","762","1016","","","","0.70","","S","Облачно","2026-01-08 14:32"
"-2.50","","-5.70","74","762","1016","","","","0.70","","S","Облачно","2026-01-08 14:33"
"-2.50","","-5.70","74","762","1016","","","","0.70","","S","Облачно","2026-01-08 14:34"
"-2.50","","-5.70","74","762","1016","","","","0.70","","S","Облачно","2026-01-08 14:35"
"-2.50","","-5.70","74","762","1016","","","","0.70","","S","Облачно","2026-01-08 14:36"
"-2.50","","-5.70","74","762","1016","","","","0.70","","S","Облачно","2026-01-08 14:37"
"-2.50","","-5.70","74","762","1016","","","","0.70","","S","Облачно","2026-01-08 14:38"
"-2.50","","-5.70","74","762","1016","","","","0.70","","S","Облачно","2026-01-08 14:39"
"-2.40","","-5.60","74","762","1016","","","","0.70","","S","Облачно","2026-01-08 14:40"
"-2.40","","-5.60","74","762","1016","","","","0.70","","S","Облачно","2026-01-08 14:41"
"-2.40","","-5.60","74","762","1016","","","","0.70","","S","Облачно","2026-01-08 14:42"
"-2.40","","-5.60","74","762","1016","","","","0.70","","S","Облачно","2026-01-08 14:43"
"-2.40","","-5.60","74","762","1016","","","","0.70","","S","Облачно","2026-01-08 14:44"
"-2.40","","-5.60","74","762","1016","","","","0.70","","S","Облачно","2026-01-08 14:45"
"-2.40","","-5.60","74","762","1016","","","","0.70","","S","Облачно","2026-01-08 14:46"
"-2.40","","-5.60","74","762","1016","","","","0.70","","S","Облачно","2026-01-08 14:47"
"-2.40","","-5.60","74","762","1016","","","","0.70","","S","Облачно","2026-01-08 14:48"
"-2.40","","-5.60","74","762","1016","","","","0.70","","S","Облачно","2026-01-08 14:49"
"-2.40","","-5.60","74","762","1016","","","","0.70","","S","Облачно","2026-01-08 14:50"
"-2.40","","-5.60","74","761","1015","","","","0.70","","S","Облачно","2026-01-08 14:51"
"-2.40","","-5.60","74","761","1015","","","","0.70","","S","Облачно","2026-01-08 14:52"
"-2.40","","-5.60","74","761","1015","","","","0.70","","S","Облачно","2026-01-08 14:53"
"-2.50","","-5.70","74","761","1015","","","","0.70","","S","Облачно","2026-01-08 14:54"
"-2.50","","-5.70","74","761","1015","","","","0.70","","S","Облачно","2026-01-08 14:55"
"-2.50","","-5.70","74","761","1015","","","","0.70","","S","Облачно","2026-01-08 14:56"
"-2.50","","-5.70","74","761","1015","","","","0.70","","S","Облачно","2026-01-08 14:57"
"-2.50","","-5.70","74","761","1015","","","","0.70","","S","Облачно","2026-01-08 14:58"
"-2.50","","-5.70","74","761","1015","","","","0.70","","S","Облачно","2026-01-08 14:59"
"-2.50","","-5.70","74","761","1015","","","","0.70","","S","Облачно","2026-01-08 15:00"
"-2.50","","-5.70","74","761","1015","","","","0.70","","S","Облачно","2026-01-08 15:01"
"-2.50","","-5.70","74","761","1015","","","","0.70","","S","Облачно","2026-01-08 15:02"
"-2.50","","-5.70","74","761","1015","","","","0.70","","S","Облачно","2026-01-08 15:03"
"-2.50","","-5.70","74","761","1015","","","","0.70","","S","Облачно","2026-01-08 15:04"
"-2.50","","-5.70","74","761","1015","","","","0.70","","S","Облачно","2026-01-08 15:05"
"-2.50","","-5.70","74","761","1015","","","","0.70","","S","Облачно","2026-01-08 15:06"
"-2.50","","-5.70","74","761","1015","","","","0.70","","S","Облачно","2026-01-08 15:07"
"-2.50","","-5.70","74","761","1015","","","","0.70","","S","Облачно","2026-01-08 15:08"
"-2.50","","-5.70","74","761","1015","","","","0.70","","S","Облачно","2026-01-08 15:09"
"-2.50","","-5.70","74","761","1015","","","","0.70","","S","Облачно","2026-01-08 15:10"
"-2.50","","-5.70","74","761","1015","","","","0.70","","S","Облачно","2026-01-08 15:11"
"-2.50","","-5.70","74","761","1015","","","","0.70","","S","Облачно","2026-01-08 15:12"
"-2.50","","-5.70","74","761","1015","","","","0.70","","S","Облачно","2026-01-08 15:13"
"-2.50","","-5.70","74","761","1015","","","","0.70","","S","Облачно","2026-01-08 15:14"
"-2.50","","-5.70","74","761","1015","","","","0.70","","S","Облачно","2026-01-08 15:15"
"-2.50","","-5.70","74","761","1015","","","","0.70","","S","Облачно","2026-01-08 15:16"
"-2.50","","-5.70","74","761","1015","","","","0.70","","S","Облачно","2026-01-08 15:17"
"-2.50","","-5.70","74","761","1015","","","","0.70","","S","Облачно","2026-01-08 15:18"
"-2.60","","-5.90","74","761","1015","","","","0.70","","S","Облачно","2026-01-08 15:19"
"-2.60","","-5.90","74","761","1015","","","","0.70","","S","Облачно","2026-01-08 15:20"
"-2.60","","-5.90","74","762","1016","","","","0.70","","S","Облачно","2026-01-08 15:21"
"-2.60","","-5.90","74","762","1016","","","","0.70","","S","Облачно","2026-01-08 15:22"
"-2.60","","-5.90","74","762","1016","","","","0.70","","S","Облачно","2026-01-08 15:23"
"-2.60","","-5.90","74","762","1016","","","","0.70","","S","Облачно","2026-01-08 15:24"
"-2.60","","-5.90","74","762","1016","","","","0.70","","S","Облачно","2026-01-08 15:25"
"-2.60","","-5.90","74","762","1016","","","","0.70","","S","Облачно","2026-01-08 15:26"
"-2.60","","-5.90","74","762","1016","","","","0.70","","S","Облачно","2026-01-08 15:27"
"-2.60","","-5.90","74","762","1016","","","","0.70","","S","Облачно","2026-01-08 15:28"
"-2.60","","-5.90","74","762","1016","","","","0.70","","S","Облачно","2026-01-08 15:29"
"-2.60","","-5.90","74","762","1016","","","","0.70","","S","Облачно","2026-01-08 15:30"
"-2.60","","-5.90","74","762","1016","","","","0.70","","S","Облачно","2026-01-08 15:31"
"-2.60","","-5.90","74","762","1016","","","","0.70","","S","Облачно","2026-01-08 15:32"
"-2.60","","-5.90","74","762","1016","","","","0.70","","S","Облачно","2026-01-08 15:33"
"-2.60","","-5.90","74","762","1016","","","","0.70","","S","Облачно","2026-01-08 15:34"
"-2.60","","-5.90","74","762","1016","","","","0.70","","S","Облачно","2026-01-08 15:35"
"-2.60","","-5.90","74","762","1016","","","","0.70","","S","Облачно","2026-01-08 15:36"
"-2.60","","-5.90","74","762","1016","","","","0.70","","S","Облачно","2026-01-08 15:37"
"-2.60","","-5.90","74","762","1016","","","","0.70","","S","Облачно","2026-01-08 15:38"
"-2.60","","-5.90","74","762","1016","","","","0.70","","S","Облачно","2026-01-08 15:39"
"-2.60","","-5.90","74","762","1016","","","","0.70","","S","Облачно","2026-01-08 15:40"
"-2.60","","-5.90","74","762","1016","","","","0.70","","S","Облачно","2026-01-08 15:41"
"-2.60","","-5.90","74","762","1016","","","","0.70","","S","Облачно","2026-01-08 15:42"
"-2.60","","-5.90","74","762","1016","","","","0.70","","S","Облачно","2026-01-08 15:43"
"-2.60","","-5.90","74","762","1016","","","","0.70","","S","Облачно","2026-01-08 15:44"
"-2.60","","-5.90","74","762","1016","","","","0.70","","S","Облачно","2026-01-08 15:45"
"-2.70","","-6.00","74","762","1016","","","","0.70","","S","Облачно","2026-01-08 15:46"
"-2.70","","-6.00","74","762","1016","","","","0.70","","S","Облачно","2026-01-08 15:47"
"-2.70","","-6.00","74","762","1016","","","","0.70","","S","Облачно","2026-01-08 15:48"
"-2.70","","-6.00","74","762","1016","","","","0.70","","S","Облачно","2026-01-08 15:49"
"-2.70","","-6.00","74","762","1016","","","","0.70","","S","Облачно","2026-01-08 15:50"
"-2.60","","-5.90","74","762","1016","","","","0.70","","S","Облачно","2026-01-08 15:51"
"-2.60","","-5.90","74","762","1016","","","","0.70","","S","Облачно","2026-01-08 15:52"
"-2.60","","-5.90","74","762","1016","","","","0.70","","S","Облачно","2026-01-08 15:53"
"-2.60","","-5.90","74","762","1016","","","","0.70","","S","Облачно","2026-01-08 15:54"
"-2.60","","-5.90","74","762","1016","","","","0.70","","S","Облачно","2026-01-08 15:55"
"-2.60","","-5.90","74","762","1016","","","","0.70","","S","Облачно","2026-01-08 15:56"
"-2.60","","-5.90","74","762","1016","","","","0.70","","S","Облачно","2026-01-08 15:57"
"-2.60","","-5.90","74","762","1016","","","","0.70","","S","Облачно","2026-01-08 15:58"
"-2.60","","-5.90","74","762","1016","","","","0.70","","S","Облачно","2026-01-08 15:59"
"-2.60","","-5.90","74","762","1016","","","","0.70","","S","Облачно","2026-01-08 16:00"
"-2.60","","-5.90","74","762","1016","","","","0.70","","S","Облачно","2026-01-08 16:01"
"-2.60","","-5.90","74","762","1016","","","","0.70","","S","Облачно","2026-01-08 16:02"
"-2.60","","-5.90","74","762","1016","","","","0.70","","S","Облачно","2026-01-08 16:03"
"-2.60","","-5.90","74","762","1016","","","","0.70","","S","Облачно","2026-01-08 16:04"
"-2.60","","-5.90","74","762","1016","","","","0.70","","S","Облачно","2026-01-08 16:05"
"-2.60","","-5.90","74","762","1016","","","","0.70","","S","Облачно","2026-01-08 16:06"
"-2.70","","-6.00","74","762","1016","","","","0.70","","S","Облачно","2026-01-08 16:07"
"-2.70","","-6.00","74","762","1016","","","","0.70","","S","Облачно","2026-01-08 16:08"
"-2.70","","-6.00","74","762","1016","","","","0.70","","S","Облачно","2026-01-08 16:09"
"-2.70","","-6.00","74","762","1016","","","","0.70","","S","Облачно","2026-01-08 16:10"
"-2.70","","-6.00","74","762","1016","","","","0.70","","S","Облачно","2026-01-08 16:11"
"-2.70","","-6.00","74","762","1016","","","","0.70","","S","Облачно","2026-01-08 16:12"
"-2.70","","-6.00","74","762","1016","","","","0.70","","S","Облачно","2026-01-08 16:13"
"-2.60","","-5.80","75","762","1016","","","","0.70","","S","Облачно","2026-01-08 16:14"
"-2.60","","-5.80","75","762","1016","","","","0.70","","S","Облачно","2026-01-08 16:15"
"-2.60","","-5.80","75","762","1016","","","","0.70","","S","Облачно","2026-01-08 16:16"
"-2.60","","-5.80","75","762","1016","","","","0.70","","S","Облачно","2026-01-08 16:17"
"-2.60","","-5.80","75","762","1016","","","","0.70","","S","Облачно","2026-01-08 16:18"
"-2.60","","-5.80","75","762","1016","","","","0.70","","S","Облачно","2026-01-08 16:19"
"-2.60","","-5.80","75","762","1016","","","","0.70","","S","Облачно","2026-01-08 16:20"
"-2.60","","-5.80","75","762","1016","","","","0.70","","S","Облачно","2026-01-08 16:21"
"-2.60","","-5.80","75","761","1015","","","","0.70","","S","Облачно","2026-01-08 16:22"
"-2.60","","-5.80","75","761","1015","","","","0.70","","S","Облачно","2026-01-08 16:23"
"-2.60","","-5.80","75","761","1015","","","","0.70","","S","Облачно","2026-01-08 16:24"
"-2.60","","-5.90","74","761","1015","","","","0.70","","S","Облачно","2026-01-08 16:25"
"-2.60","","-5.90","74","761","1015","","","","0.70","","S","Облачно","2026-01-08 16:26"
"-2.60","","-5.90","74","761","1015","","","","0.70","","S","Облачно","2026-01-08 16:27"
"-2.60","","-5.90","74","761","1015","","","","0.70","","S","Облачно","2026-01-08 16:28"
"-2.60","","-5.80","75","761","1015","","","","0.70","","S","Облачно","2026-01-08 16:29"
"-2.60","","-5.90","74","761","1015","","","","0.70","","S","Облачно","2026-01-08 16:30"
"-2.60","","-5.90","74","761","1015","","","","0.70","","S","Облачно","2026-01-08 16:31"
"-2.60","","-5.90","74","761","1015","","","","0.70","","S","Облачно","2026-01-08 16:32"
"-2.60","","-5.90","74","761","1015","","","","0.70","","S","Облачно","2026-01-08 16:33"
"-2.70","","-6.00","74","761","1015","","","","0.70","","S","Облачно","2026-01-08 16:34"
"-2.70","","-6.00","74","761","1015","","","","0.70","","S","Облачно","2026-01-08 16:35"
"-2.70","","-6.00","74","761","1015","","","","0.70","","S","Облачно","2026-01-08 16:36"
"-2.70","","-6.00","74","761","1015","","","","0.70","","S","Облачно","2026-01-08 16:37"
"-2.70","","-6.00","74","761","1015","","","","0.70","","S","Облачно","2026-01-08 16:38"
"-2.70","","-6.00","74","761","1015","","","","0.70","","S","Облачно","2026-01-08 16:39"
"-2.70","","-6.00","74","761","1015","","","","0.70","","S","Облачно","2026-01-08 16:40"
"-2.70","","-6.00","74","761","1015","","","","0.70","","S","Облачно","2026-01-08 16:41"
"-2.70","","-6.00","74","761","1015","","","","0.70","","S","Облачно","2026-01-08 16:42"
"-2.70","","-6.00","74","761","1015","","","","0.70","","S","Облачно","2026-01-08 16:43"
"-2.70","","-6.00","74","761","1015","","","","0.70","","S","Облачно","2026-01-08 16:44"
"-2.70","","-6.00","74","761","1015","","","","0.70","","S","Облачно","2026-01-08 16:45"
"-2.70","","-6.00","74","761","1015","","","","0.70","","S","Облачно","2026-01-08 16:46"
"-2.70","","-6.00","74","761","1015","","","","0.70","","S","Облачно","2026-01-08 16:47"
"-2.70","","-6.00","74","761","1015","","","","0.70","","S","Облачно","2026-01-08 16:48"
"-2.70","","-6.00","74","761","1015","","","","0.70","","S","Облачно","2026-01-08 16:49"
"-2.70","","-6.00","74","761","1015","","","","0.70","","S","Облачно","2026-01-08 16:50"
"-2.70","","-6.00","74","761","1015","","","","0.70","","S","Облачно","2026-01-08 16:51"
"-2.70","","-6.00","74","761","1015","","","","0.70","","S","Облачно","2026-01-08 16:52"
"-2.70","","-6.00","74","761","1015","","","","0.70","","S","Облачно","2026-01-08 16:53"
"-2.70","","-6.00","74","761","1015","","","","0.70","","S","Облачно","2026-01-08 16:54"
"-2.70","","-6.00","74","761","1015","","","","0.70","","S","Облачно","2026-01-08 16:55"
"-2.70","","-6.00","74","761","1015","","","","0.70","","S","Облачно","2026-01-08 16:56"
"-2.70","","-6.00","74","761","1015","","","","0.70","","S","Облачно","2026-01-08 16:57"
"-2.70","","-6.00","74","761","1015","","","","0.70","","S","Облачно","2026-01-08 16:58"
"-2.70","","-6.00","74","761","1015","","","","0.70","","S","Облачно","2026-01-08 16:59"
"-2.70","","-6.00","74","761","1015","","","","0.70","","S","Облачно","2026-01-08 17:00"
"-2.70","","-6.00","74","761","1015","","","","0.70","","S","Облачно","2026-01-08 17:01"
"-2.70","","-6.00","74","761","1015","","","","0.70","","S","Облачно","2026-01-08 17:02"
"-2.70","","-6.00","74","761","1015","","","","0.70","","S","Облачно","2026-01-08 17:03"
"-2.70","","-6.00","74","761","1015","","","","0.70","","S","Облачно","2026-01-08 17:04"
"-2.70","","-6.00","74","761","1015","","","","0.70","","S","Облачно","2026-01-08 17:05"
"-2.70","","-6.00","74","760","1014","","","","0.70","","S","Облачно","2026-01-08 17:06"
"-2.70","","-6.00","74","760","1014","","","","0.70","","S","Облачно","2026-01-08 17:07"
"-2.70","","-6.00","74","760","1014","","","","0.70","","S","Облачно","2026-01-08 17:08"
"-2.70","","-6.00","74","760","1014","","","","0.70","","S","Облачно","2026-01-08 17:09"
"-2.50","","-5.70","75","760","1014","","","","0.70","","S","Облачно","2026-01-08 17:10"
"-2.50","","-5.70","75","760","1014","","","","0.70","","S","Облачно","2026-01-08 17:11"
"-2.50","","-5.70","75","760","1014","","","","0.70","","S","Облачно","2026-01-08 17:12"
"-2.50","","-5.70","75","760","1014","","","","0.70","","S","Облачно","2026-01-08 17:13"
"-2.50","","-5.70","75","760","1014","","","","0.70","","S","Облачно","2026-01-08 17:14"
"-2.60","","-5.80","75","760","1014","","","","0.70","","S","Облачно","2026-01-08 17:15"
"-2.60","","-5.80","75","760","1014","","","","0.70","","S","Облачно","2026-01-08 17:16"
"-2.60","","-5.80","75","760","1014","","","","0.70","","S","Облачно","2026-01-08 17:17"
"-2.60","","-5.80","75","760","1014","","","","0.70","","S","Облачно","2026-01-08 17:18"
"-2.60","","-5.80","75","760","1014","","","","0.70","","S","Облачно","2026-01-08 17:19"
"-2.60","","-5.80","75","760","1014","","","","0.70","","S","Облачно","2026-01-08 17:20"
"-2.60","","-5.80","75","760","1014","","","","0.70","","S","Облачно","2026-01-08 17:21"
"-2.60","","-5.80","75","760","1014","","","","0.70","","S","Облачно","2026-01-08 17:22"
"-2.60","","-5.80","75","760","1014","","","","0.70","","S","Облачно","2026-01-08 17:23"
"-2.60","","-5.80","75","760","1014","","","","0.70","","S","Облачно","2026-01-08 17:24"
"-2.60","","-5.80","75","760","1014","","","","0.70","","S","Облачно","2026-01-08 17:25"
"-2.60","","-5.80","75","760","1014","","","","0.70","","S","Облачно","2026-01-08 17:26"
"-2.60","","-5.80","75","760","1014","","","","0.70","","S","Облачно","2026-01-08 17:27"
"-2.60","","-5.80","75","760","1014","","","","0.70","","S","Облачно","2026-01-08 17:28"
"-2.60","","-5.80","75","760","1014","","","","0.70","","S","Облачно","2026-01-08 17:29"
"-2.60","","-5.80","75","760","1014","","","","0.70","","S","Облачно","2026-01-08 17:30"
"-2.60","","-5.80","75","760","1014","","","","0.70","","S","Облачно","2026-01-08 17:31"
"-2.60","","-5.80","75","760","1014","","","","0.70","","S","Облачно","2026-01-08 17:32"
"-2.60","","-5.80","75","760","1014","","","","0.70","","S","Облачно","2026-01-08 17:33"
"-2.60","","-5.80","75","760","1014","","","","0.70","","S","Облачно","2026-01-08 17:34"
"-2.60","","-5.80","75","760","1014","","","","0.70","","S","Облачно","2026-01-08 17:35"
"-2.60","","-5.80","75","760","1014","","","","0.70","","S","Облачно","2026-01-08 17:36"
"-2.60","","-5.80","75","760","1014","","","","0.70","","S","Облачно","2026-01-08 17:37"
"-2.60","","-5.80","75","760","1014","","","","0.70","","S","Облачно","2026-01-08 17:38"
"-2.60","","-5.80","75","760","1014","","","","0.70","","S","Облачно","2026-01-08 17:39"
"-2.60","","-5.80","75","760","1014","","","","0.70","","S","Облачно","2026-01-08 17:40"
"-2.60","","-5.80","75","760","1014","","","","0.70","","S","Облачно","2026-01-08 17:41"
"-2.60","","-5.80","75","760","1014","","","","0.70","","S","Облачно","2026-01-08 17:42"
"-2.60","","-5.80","75","760","1014","","","","0.70","","S","Облачно","2026-01-08 17:43"
"-2.60","","-5.80","75","760","1014","","","","0.70","","S","Облачно","2026-01-08 17:44"
"-2.60","","-5.80","75","760","1014","","","","0.70","","S","Облачно","2026-01-08 17:45"
"-2.60","","-5.80","75","760","1014","","","","0.70","","S","Облачно","2026-01-08 17:46"
"-2.60","","-5.80","75","760","1014","","","","0.70","","S","Облачно","2026-01-08 17:47"
"-2.60","","-5.80","75","760","1014","","","","0.70","","S","Облачно","2026-01-08 17:48"
"-2.60","","-5.80","75","760","1014","","","","0.70","","S","Облачно","2026-01-08 17:49"
"-2.60","","-5.80","75","760","1014","","","","0.70","","S","Облачно","2026-01-08 17:50"
"-2.60","","-5.80","75","760","1014","","","","0.70","","S","Облачно","2026-01-08 17:51"
"-2.60","","-5.80","75","760","1014","","","","0.70","","S","Облачно","2026-01-08 17:52"
"-2.60","","-5.80","75","760","1014","","","","0.70","","S","Облачно","2026-01-08 17:53"
"-2.60","","-5.80","75","760","1014","","","","0.70","","S","Облачно","2026-01-08 17:54"
"-2.60","","-5.80","75","760","1014","","","","0.70","","S","Облачно","2026-01-08 17:55"
"-2.60","","-5.80","75","760","1014","","","","0.70","","S","Облачно","2026-01-08 17:56"
"-2.60","","-5.80","75","760","1014","","","","0.70","","S","Облачно","2026-01-08 17:57"
"-2.60","","-5.80","75","760","1014","","","","0.70","","S","Облачно","2026-01-08 17:58"
"-2.60","","-5.80","75","760","1014","","","","0.70","","S","Облачно","2026-01-08 17:59"
"-2.60","","-5.80","75","760","1014","","","","0.70","","S","Облачно","2026-01-08 18:00"
"-2.60","","-5.80","75","760","1014","","","","0.70","","S","Облачно","2026-01-08 18:01"
"-2.60","","-5.80","75","760","1014","","","","0.70","","S","Облачно","2026-01-08 18:02"
"-2.60","","-5.80","75","760","1014","","","","0.70","","S","Облачно","2026-01-08 18:03"
"-2.60","","-5.80","75","760","1014","","","","0.70","","S","Облачно","2026-01-08 18:04"
"-2.60","","-5.80","75","760","1014","","","","0.70","","S","Облачно","2026-01-08 18:05"
"-2.60","","-5.80","75","760","1014","","","","0.70","","S","Облачно","2026-01-08 18:06"
"-2.60","","-5.80","75","760","1014","","","","0.70","","S","Облачно","2026-01-08 18:07"
"-2.60","","-5.80","75","760","1014","","","","0.70","","S","Облачно","2026-01-08 18:08"
"-2.60","","-5.80","75","760","1014","","","","0.70","","S","Облачно","2026-01-08 18:09"
"-2.60","","-5.80","75","760","1014","","","","0.70","","S","Облачно","2026-01-08 18:10"
"-2.60","","-5.80","75","760","1014","","","","0.70","","S","Облачно","2026-01-08 18:11"
"-2.60","","-5.80","75","760","1014","","","","0.70","","S","Облачно","2026-01-08 18:12"
"-2.60","","-5.80","75","760","1014","","","","0.70","","S","Облачно","2026-01-08 18:13"
"-2.60","","-5.80","75","760","1014","","","","0.70","","S","Облачно","2026-01-08 18:14"
"-2.60","","-5.80","75","760","1014","","","","0.70","","S","Облачно","2026-01-08 18:15"
"-2.60","","-5.80","75","760","1014","","","","0.70","","S","Облачно","2026-01-08 18:16"
"-2.60","","-5.80","75","760","1014","","","","0.70","","S","Облачно","2026-01-08 18:17"
"-2.60","","-5.80","75","760","1014","","","","0.70","","S","Облачно","2026-01-08 18:18"
"-2.60","","-5.80","75","760","1014","","","","0.70","","S","Облачно","2026-01-08 18:19"
"-2.60","","-5.80","75","760","1014","","","","0.70","","S","Облачно","2026-01-08 18:20"
"-2.60","","-5.80","75","760","1014","","","","0.70","","S","Облачно","2026-01-08 18:21"
"-2.60","","-5.80","75","760","1014","","","","0.70","","S","Облачно","2026-01-08 18:22"
"-2.60","","-5.80","75","760","1014","","","","0.70","","S","Облачно","2026-01-08 18:23"
"-2.60","","-5.80","75","760","1014","","","","0.70","","S","Облачно","2026-01-08 18:24"
"-2.60","","-5.80","75","760","1014","","","","0.70","","S","Облачно","2026-01-08 18:25"
"-2.60","","-5.80","75","760","1014","","","","0.70","","S","Облачно","2026-01-08 18:26"
"-2.60","","-5.80","75","760","1014","","","","0.70","","S","Облачно","2026-01-08 18:27"
"-2.60","","-5.80","75","760","1014","","","","0.70","","S","Облачно","2026-01-08 18:28"
"-2.60","","-5.80","75","760","1014","","","","0.70","","S","Облачно","2026-01-08 18:29"
"-2.60","","-5.80","75","760","1014","","","","0.70","","S","Облачно","2026-01-08 18:30"
"-2.60","","-5.80","75","760","1014","","","","0.70","","S","Облачно","2026-01-08 18:31"
"-2.60","","-5.80","75","760","1014","","","","0.70","","S","Облачно","2026-01-08 18:32"
"-2.60","","-5.80","75","760","1014","","","","0.70","","S","Облачно","2026-01-08 18:33"
"-2.60","","-5.80","75","760","1014","","","","0.70","","S","Облачно","2026-01-08 18:34"
"-2.60","","-5.80","75","760","1014","","","","0.70","","S","Облачно","2026-01-08 18:35"
"-2.60","","-5.80","75","760","1014","","","","0.70","","S","Облачно","2026-01-08 18:36"
"-2.60","","-5.80","75","760","1014","","","","0.70","","S","Облачно","2026-01-08 18:37"
"-2.60","","-5.80","75","760","1014","","","","0.70","","S","Облачно","2026-01-08 18:38"
"-2.60","","-5.80","75","760","1014","","","","0.70","","S","Облачно","2026-01-08 18:39"
"-2.60","","-5.80","75","760","1014","","","","0.70","","S","Облачно","2026-01-08 18:40"
"-2.60","","-5.80","75","760","1014","","","","0.70","","S","Облачно","2026-01-08 18:41"
"-2.60","","-5.80","75","760","1014","","","","0.70","","S","Облачно","2026-01-08 18:42"
"-2.60","","-5.80","75","760","1014","","","","0.70","","S","Облачно","2026-01-08 18:43"
"-2.60","","-5.80","75","760","1014","","","","0.70","","S","Облачно","2026-01-08 18:44"
"-2.60","","-5.80","75","760","1014","","","","0.70","","S","Облачно","2026-01-08 18:45"
"-2.60","","-5.80","75","760","1014","","","","0.70","","S","Облачно","2026-01-08 18:46"
"-2.60","","-5.80","75","760","1014","","","","0.70","","S","Облачно","2026-01-08 18:47"
"-2.60","","-5.80","75","760","1014","","","","0.70","","S","Облачно","2026-01-08 18:48"
"-2.60","","-5.80","75","760","1014","","","","0.70","","S","Облачно","2026-01-08 18:49"
"-2.70","","-6.00","74","760","1014","","","","0.70","","S","Облачно","2026-01-08 18:50"
"-2.70","","-6.00","74","760","1014","","","","0.70","","S","Облачно","2026-01-08 18:51"
"-2.70","","-6.00","74","760","1014","","","","0.70","","S","Облачно","2026-01-08 18:52"
"-2.70","","-6.00","74","760","1014","","","","0.70","","S","Облачно","2026-01-08 18:53"
"-2.70","","-6.00","74","760","1014","","","","0.70","","S","Облачно","2026-01-08 18:54"
"-2.70","","-6.00","74","760","1014","","","","0.70","","S","Облачно","2026-01-08 18:55"
"-2.70","","-6.00","74","760","1014","","","","0.70","","S","Облачно","2026-01-08 18:56"
"-2.70","","-6.00","74","760","1014","","","","0.70","","S","Облачно","2026-01-08 18:57"
"-2.70","","-6.00","74","760","1014","","","","0.70","","S","Облачно","2026-01-08 18:58"
"-2.70","","-6.00","74","760","1014","","","","0.70","","S","Облачно","2026-01-08 18:59"
"-2.70","","-6.00","74","760","1014","","","","0.70","","S","Облачно","2026-01-08 19:00"
"-2.70","","-6.00","74","760","1014","","","","0.70","","S","Облачно","2026-01-08 19:01"
"-2.70","","-6.00","74","760","1014","","","","0.70","","S","Облачно","2026-01-08 19:02"
"-2.70","","-6.00","74","760","1014","","","","0.70","","S","Облачно","2026-01-08 19:03"
"-2.70","","-6.00","74","760","1014","","","","0.70","","S","Облачно","2026-01-08 19:04"
"-2.70","","-6.00","74","760","1014","","","","0.70","","S","Облачно","2026-01-08 19:05"
"-2.70","","-6.00","74","760","1014","","","","0.70","","S","Облачно","2026-01-08 19:06"
"-2.70","","-6.00","74","760","1014","","","","0.70","","S","Облачно","2026-01-08 19:07"
"-2.80","","-6.10","74","760","1014","","","","0.70","","S","Облачно","2026-01-08 19:08"
"-2.80","","-6.10","74","760","1014","","","","0.70","","S","Облачно","2026-01-08 19:09"
"-2.80","","-6.10","74","760","1014","","","","0.70","","S","Облачно","2026-01-08 19:10"
"-2.80","","-6.10","74","760","1014","","","","0.70","","S","Облачно","2026-01-08 19:11"
"-2.80","","-6.10","74","760","1014","","","","0.70","","S","Облачно","2026-01-08 19:12"
"-2.80","","-6.10","74","760","1014","","","","0.70","","S","Облачно","2026-01-08 19:13"
"-2.80","","-6.10","74","760","1014","","","","0.70","","S","Облачно","2026-01-08 19:14"
"-2.80","","-6.10","74","760","1014","","","","0.70","","S","Облачно","2026-01-08 19:15"
"-2.80","","-6.10","74","760","1014","","","","0.70","","S","Облачно","2026-01-08 19:16"
"-2.80","","-6.10","74","760","1014","","","","0.70","","S","Облачно","2026-01-08 19:17"
"-2.80","","-6.10","74","760","1014","","","","0.70","","S","Облачно","2026-01-08 19:18"
"-2.80","","-6.10","74","760","1014","","","","0.70","","S","Облачно","2026-01-08 19:19"
"-2.80","","-6.10","74","760","1014","","","","0.70","","S","Облачно","2026-01-08 19:20"
"-2.80","","-6.10","74","759","1013","","","","0.70","","S","Облачно","2026-01-08 19:21"
"-2.80","","-6.10","74","759","1013","","","","0.70","","S","Облачно","2026-01-08 19:22"
"-2.80","","-6.10","74","759","1013","","","","0.70","","S","Облачно","2026-01-08 19:23"
"-2.80","","-6.10","74","759","1013","","","","0.70","","S","Облачно","2026-01-08 19:24"
"-2.80","","-6.10","74","759","1013","","","","0.70","","S","Облачно","2026-01-08 19:25"
"-2.80","","-6.10","74","759","1013","","","","0.70","","S","Облачно","2026-01-08 19:26"
"-2.80","","-6.10","74","759","1013","","","","0.70","","S","Облачно","2026-01-08 19:27"
"-2.80","","-6.10","74","759","1013","","","","0.70","","S","Облачно","2026-01-08 19:28"
"-2.80","","-6.10","74","759","1013","","","","0.70","","S","Облачно","2026-01-08 19:29"
"-2.80","","-6.10","74","759","1013","","","","0.70","","S","Облачно","2026-01-08 19:30"
"-2.80","","-6.10","74","759","1013","","","","0.70","","S","Облачно","2026-01-08 19:31"
"-2.80","","-6.10","74","759","1013","","","","0.70","","S","Облачно","2026-01-08 19:32"
"-2.80","","-6.10","74","759","1013","","","","0.70","","S","Облачно","2026-01-08 19:33"
"-2.80","","-6.10","74","759","1013","","","","0.70","","S","Облачно","2026-01-08 19:34"
"-2.80","","-6.10","74","759","1013","","","","0.70","","S","Облачно","2026-01-08 19:35"
"-2.80","","-6.10","74","760","1014","","","","0.70","","S","Облачно","2026-01-08 19:36"
"-2.80","","-6.10","74","760","1014","","","","0.70","","S","Облачно","2026-01-08 19:37"
"-2.80","","-6.10","74","760","1014","","","","0.70","","S","Облачно","2026-01-08 19:38"
"-2.80","","-6.10","74","760","1014","","","","0.70","","S","Облачно","2026-01-08 19:39"
"-2.80","","-6.10","74","760","1014","","","","0.70","","S","Облачно","2026-01-08 19:40"
"-2.80","","-6.10","74","760","1014","","","","0.70","","S","Облачно","2026-01-08 19:41"
"-2.80","","-6.10","74","760","1014","","","","0.70","","S","Облачно","2026-01-08 19:42"
"-2.80","","-6.10","74","760","1014","","","","0.70","","S","Облачно","2026-01-08 19:43"
"-2.80","","-6.10","74","760","1014","","","","0.70","","S","Облачно","2026-01-08 19:44"
"-2.80","","-6.10","74","760","1014","","","","0.70","","S","Облачно","2026-01-08 19:45"
"-2.80","","-6.10","74","760","1014","","","","0.70","","S","Облачно","2026-01-08 19:46"
"-2.80","","-6.10","74","760","1014","","","","0.70","","S","Облачно","2026-01-08 19:47"
"-2.80","","-6.10","74","760","1014","","","","0.70","","S","Облачно","2026-01-08 19:48"
"-2.80","","-6.10","74","760","1014","","","","0.70","","S","Облачно","2026-01-08 19:49"
"-2.80","","-6.10","74","760","1014","","","","0.70","","S","Облачно","2026-01-08 19:50"
"-2.80","","-6.10","74","760","1014","","","","0.70","","S","Облачно","2026-01-08 19:51"
"-2.80","","-6.10","74","760","1014","","","","0.70","","S","Облачно","2026-01-08 19:52"
"-2.80","","-6.10","74","760","1014","","","","0.70","","S","Облачно","2026-01-08 19:53"
"-2.80","","-6.10","74","760","1014","","","","0.70","","S","Облачно","2026-01-08 19:54"
"-2.80","","-6.10","74","760","1014","","","","0.70","","S","Облачно","2026-01-08 19:55"
"-3.00","","-6.30","74","760","1014","","","","0.70","","S","Облачно","2026-01-08 19:56"
"-3.00","","-6.30","74","760","1014","","","","0.70","","S","Облачно","2026-01-08 19:57"
"-3.00","","-6.30","74","760","1014","","","","0.70","","S","Облачно","2026-01-08 19:58"
"-3.00","","-6.30","74","760","1014","","","","0.70","","S","Облачно","2026-01-08 19:59"
"-3.00","","-6.30","74","760","1014","","","","0.70","","S","Облачно","2026-01-08 20:00"
"-3.00","","-6.30","74","760","1014","","","","0.70","","S","Облачно","2026-01-08 20:01"
"-3.00","","-6.30","74","760","1014","","","","0.70","","S","Облачно","2026-01-08 20:02"
"-3.00","","-6.30","74","760","1014","","","","0.70","","S","Облачно","2026-01-08 20:03"
"-3.00","","-6.30","74","760","1014","","","","0.70","","S","Облачно","2026-01-08 20:04"
"-3.00","","-6.30","74","760","1014","","","","0.70","","S","Облачно","2026-01-08 20:05"
"-3.00","","-6.30","74","759","1013","","","","0.70","","S","Облачно","2026-01-08 20:06"
"-3.00","","-6.30","74","759","1013","","","","0.70","","S","Облачно","2026-01-08 20:07"
"-3.00","","-6.30","74","759","1013","","","","0.70","","S","Облачно","2026-01-08 20:08"
"-3.00","","-6.30","74","759","1013","","","","0.70","","S","Облачно","2026-01-08 20:09"
"-3.10","","-6.40","74","759","1013","","","","0.70","","S","Облачно","2026-01-08 20:10"
"-3.10","","-6.40","74","759","1013","","","","0.70","","S","Облачно","2026-01-08 20:11"
"-3.10","","-6.40","74","759","1013","","","","0.70","","S","Облачно","2026-01-08 20:12"
"-3.10","","-6.40","74","759","1013","","","","0.70","","S","Облачно","2026-01-08 20:13"
"-3.10","","-6.40","74","759","1013","","","","0.70","","S","Облачно","2026-01-08 20:14"
"-3.10","","-6.40","74","759","1013","","","","0.70","","S","Облачно","2026-01-08 20:15"
"-3.10","","-6.40","74","759","1013","","","","0.70","","S","Облачно","2026-01-08 20:16"
"-3.10","","-6.40","74","759","1013","","","","0.70","","S","Облачно","2026-01-08 20:17"
"-3.10","","-6.40","74","759","1013","","","","0.70","","S","Облачно","2026-01-08 20:18"
"-3.10","","-6.40","74","759","1013","","","","0.70","","S","Облачно","2026-01-08 20:19"
"-3.10","","-6.40","74","759","1013","","","","0.70","","S","Облачно","2026-01-08 20:20"
"-3.10","","-6.40","74","759","1012","","","","0.70","","S","Облачно","2026-01-08 20:21"
"-3.10","","-6.40","74","759","1012","","","","0.70","","S","Облачно","2026-01-08 20:22"
"-3.10","","-6.40","74","759","1012","","","","0.70","","S","Облачно","2026-01-08 20:23"
"-3.10","","-6.40","74","759","1012","","","","0.70","","S","Облачно","2026-01-08 20:24"
"-3.20","","-6.50","74","759","1012","","","","0.70","","S","Облачно","2026-01-08 20:25"
"-3.20","","-6.50","74","759","1012","","","","0.70","","S","Облачно","2026-01-08 20:26"
"-3.20","","-6.50","74","759","1012","","","","0.70","","S","Облачно","2026-01-08 20:27"
"-3.20","","-6.50","74","759","1012","","","","0.70","","S","Облачно","2026-01-08 20:28"
"-3.20","","-6.50","74","759","1012","","","","0.70","","S","Облачно","2026-01-08 20:29"
"-3.20","","-6.50","74","759","1012","","","","0.70","","S","Облачно","2026-01-08 20:30"
"-3.20","","-6.50","74","759","1012","","","","0.70","","S","Облачно","2026-01-08 20:31"
"-3.20","","-6.50","74","759","1012","","","","0.70","","S","Облачно","2026-01-08 20:32"
"-3.20","","-6.50","74","759","1012","","","","0.70","","S","Облачно","2026-01-08 20:33"
"-3.20","","-6.50","74","759","1012","","","","0.70","","S","Облачно","2026-01-08 20:34"
"-3.20","","-6.50","74","759","1012","","","","0.70","","S","Облачно","2026-01-08 20:35"
"-3.20","","-6.50","74","759","1012","","","","0.70","","S","Облачно","2026-01-08 20:36"
"-3.20","","-6.50","74","759","1012","","","","0.70","","S","Облачно","2026-01-08 20:37"
"-3.20","","-6.50","74","759","1012","","","","0.70","","S","Облачно","2026-01-08 20:38"
"-3.20","","-6.50","74","759","1012","","","","0.70","","S","Облачно","2026-01-08 20:39"
"-3.20","","-6.50","74","759","1012","","","","0.70","","S","Облачно","2026-01-08 20:40"
"-3.20","","-6.50","74","759","1012","","","","0.70","","S","Облачно","2026-01-08 20:41"
"-3.20","","-6.50","74","759","1012","","","","0.70","","S","Облачно","2026-01-08 20:42"
"-3.20","","-6.50","74","759","1012","","","","0.70","","S","Облачно","2026-01-08 20:43"
"-3.20","","-6.50","74","759","1012","","","","0.70","","S","Облачно","2026-01-08 20:44"
"-3.20","","-6.50","74","759","1012","","","","0.70","","S","Облачно","2026-01-08 20:45"
"-3.20","","-6.50","74","759","1012","","","","0.70","","S","Облачно","2026-01-08 20:46"
"-3.20","","-6.50","74","759","1012","","","","0.70","","S","Облачно","2026-01-08 20:47"
"-3.20","","-6.50","74","759","1012","","","","0.70","","S","Облачно","2026-01-08 20:48"
"-3.20","","-6.50","74","759","1012","","","","0.70","","S","Облачно","2026-01-08 20:49"
"-3.20","","-6.50","74","759","1012","","","","0.70","","S","Облачно","2026-01-08 20:50"
"-3.20","","-6.50","74","759","1012","","","","0.70","","S","Облачно","2026-01-08 20:51"
"-3.20","","-6.50","74","759","1012","","","","0.70","","S","Облачно","2026-01-08 20:52"
"-3.20","","-6.50","74","759","1012","","","","0.70","","S","Облачно","2026-01-08 20:53"
"-3.20","","-6.50","74","759","1012","","","","0.70","","S","Облачно","2026-01-08 20:54"
"-3.20","","-6.50","74","759","1012","","","","0.70","","S","Облачно","2026-01-08 20:55"
"-3.20","","-6.50","74","759","1012","","","","0.70","","S","Облачно","2026-01-08 20:56"
"-3.30","","-6.60","73","759","1012","","","","0.70","","S","Облачно","2026-01-08 20:57"
"-3.30","","-6.60","73","759","1012","","","","0.70","","S","Облачно","2026-01-08 20:58"
"-3.30","","-6.60","73","759","1012","","","","0.70","","S","Облачно","2026-01-08 20:59"
"-3.40","","-6.70","73","759","1012","","","","0.70","","S","Облачно","2026-01-08 21:00"
"-3.40","","-6.70","73","759","1012","","","","0.70","","S","Облачно","2026-01-08 21:01"
"-3.40","","-6.70","73","759","1012","","","","0.70","","S","Облачно","2026-01-08 21:02"
"-3.40","","-6.70","73","759","1012","","","","0.70","","S","Облачно","2026-01-08 21:03"
"-3.40","","-6.70","73","759","1012","","","","0.70","","S","Облачно","2026-01-08 21:04"
"-3.40","","-6.70","73","759","1012","","","","0.70","","S","Облачно","2026-01-08 21:05"
"-3.40","","-6.70","73","759","1012","","","","0.70","","S","Облачно","2026-01-08 21:06"
"-3.40","","-6.70","73","759","1012","","","","0.70","","S","Облачно","2026-01-08 21:07"
"-3.40","","-6.70","73","759","1012","","","","0.70","","S","Облачно","2026-01-08 21:08"
"-3.40","","-6.70","73","759","1012","","","","0.70","","S","Облачно","2026-01-08 21:09"
"-3.50","","-6.80","74","759","1012","","","","0.70","","S","Облачно","2026-01-08 21:10"
"-3.50","","-6.80","74","759","1012","","","","0.70","","S","Облачно","2026-01-08 21:11"
"-3.50","","-6.80","74","759","1012","","","","0.70","","S","Облачно","2026-01-08 21:12"
"-3.50","","-6.80","74","759","1012","","","","0.70","","S","Облачно","2026-01-08 21:13"
"-3.50","","-6.80","74","759","1012","","","","0.70","","S","Облачно","2026-01-08 21:14"
"-3.50","","-6.80","74","759","1012","","","","0.70","","S","Облачно","2026-01-08 21:15"
"-3.50","","-6.80","74","759","1012","","","","0.70","","S","Облачно","2026-01-08 21:16"
"-3.50","","-6.80","74","759","1012","","","","0.70","","S","Облачно","2026-01-08 21:17"
"-3.50","","-6.80","74","759","1012","","","","0.70","","S","Облачно","2026-01-08 21:18"
"-3.50","","-6.80","74","759","1012","","","","0.70","","S","Облачно","2026-01-08 21:19"
"-3.50","","-6.80","74","759","1012","","","","0.70","","S","Облачно","2026-01-08 21:20"
"-3.50","","-6.80","74","759","1012","","","","0.70","","S","Облачно","2026-01-08 21:21"
"-3.50","","-6.80","74","759","1012","","","","0.70","","S","Облачно","2026-01-08 21:22"
"-3.50","","-6.80","74","759","1012","","","","0.70","","S","Облачно","2026-01-08 21:23"
"-3.50","","-6.80","74","759","1012","","","","0.70","","S","Облачно","2026-01-08 21:24"
"-3.50","","-6.80","74","759","1012","","","","0.70","","S","Облачно","2026-01-08 21:25"
"-3.50","","-6.80","74","759","1012","","","","0.70","","S","Облачно","2026-01-08 21:26"
"-3.50","","-6.80","74","759","1012","","","","0.70","","S","Облачно","2026-01-08 21:27"
"-3.50","","-6.80","74","759","1012","","","","0.70","","S","Облачно","2026-01-08 21:28"
"-3.50","","-6.80","74","759","1012","","","","0.70","","S","Облачно","2026-01-08 21:29"
"-3.50","","-6.80","74","759","1012","","","","0.70","","S","Облачно","2026-01-08 21:30"
"-3.50","","-6.80","74","759","1012","","","","0.70","","S","Облачно","2026-01-08 21:31"
"-3.50","","-6.80","74","759","1012","","","","0.70","","S","Облачно","2026-01-08 21:32"
"-3.50","","-6.80","74","759","1012","","","","0.70","","S","Облачно","2026-01-08 21:33"
"-3.60","","-6.90","74","759","1012","","","","0.70","","S","Облачно","2026-01-08 21:34"
"-3.60","","-6.90","74","759","1012","","","","0.70","","S","Облачно","2026-01-08 21:35"
"-3.60","","-6.90","74","759","1012","","","","0.70","","S","Облачно","2026-01-08 21:36"
"-3.60","","-6.90","74","759","1012","","","","0.70","","S","Облачно","2026-01-08 21:37"
"-3.60","","-6.90","74","759","1012","","","","0.70","","S","Облачно","2026-01-08 21:38"
"-3.60","","-6.90","74","759","1012","","","","0.70","","S","Облачно","2026-01-08 21:39"
"-3.60","","-6.90","74","759","1012","","","","0.70","","S","Облачно","2026-01-08 21:40"
"-3.60","","-6.90","74","759","1012","","","","0.70","","S","Облачно","2026-01-08 21:41"
"-3.60","","-6.90","74","759","1012","","","","0.70","","S","Облачно","2026-01-08 21:42"
"-3.60","","-6.90","74","759","1012","","","","0.70","","S","Облачно","2026-01-08 21:43"
"-3.60","","-6.90","74","759","1012","","","","0.70","","S","Облачно","2026-01-08 21:44"
"-3.60","","-6.90","74","759","1012","","","","0.70","","S","Облачно","2026-01-08 21:45"
"-3.60","","-6.90","74","759","1012","","","","0.70","","S","Облачно","2026-01-08 21:46"
"-3.60","","-6.90","74","759","1012","","","","0.70","","S","Облачно","2026-01-08 21:47"
"-3.60","","-6.90","74","759","1012","","","","0.70","","S","Облачно","2026-01-08 21:48"
"-3.60","","-6.90","74","759","1012","","","","0.70","","S","Облачно","2026-01-08 21:49"
"-3.60","","-6.90","74","759","1012","","","","0.70","","S","Облачно","2026-01-08 21:50"
"-3.70","","-7.10","73","759","1012","","","","0.70","","S","Облачно","2026-01-08 21:51"
"-3.70","","-7.10","73","759","1012","","","","0.70","","S","Облачно","2026-01-08 21:52"
"-3.70","","-7.10","73","759","1012","","","","0.70","","S","Облачно","2026-01-08 21:53"
"-3.70","","-7.10","73","759","1012","","","","0.70","","S","Облачно","2026-01-08 21:54"
"-3.70","","-7.10","73","759","1012","","","","0.70","","S","Облачно","2026-01-08 21:55"
"-3.70","","-7.10","73","759","1012","","","","0.70","","S","Облачно","2026-01-08 21:56"
"-3.70","","-7.10","73","759","1012","","","","0.70","","S","Облачно","2026-01-08 21:57"
"-3.70","","-7.10","73","759","1012","","","","0.70","","S","Облачно","2026-01-08 21:58"
"-3.70","","-7.10","74","759","1012","","","","0.70","","S","Облачно","2026-01-08 21:59"
"-3.70","","-7.10","74","759","1012","","","","0.70","","S","Облачно","2026-01-08 22:00"
"-3.70","","-7.10","74","759","1012","","","","0.70","","S","Облачно","2026-01-08 22:01"
"-3.70","","-7.10","74","759","1012","","","","0.70","","S","Облачно","2026-01-08 22:02"
"-3.70","","-7.10","74","759","1012","","","","0.70","","S","Облачно","2026-01-08 22:03"
"-3.70","","-7.10","74","759","1012","","","","0.70","","S","Облачно","2026-01-08 22:04"
"-3.70","","-7.10","74","759","1012","","","","0.70","","S","Облачно","2026-01-08 22:05"
"-3.70","","-7.10","74","759","1012","","","","0.70","","S","Облачно","2026-01-08 22:06"
"-3.70","","-7.10","74","759","1012","","","","0.70","","S","Облачно","2026-01-08 22:07"
"-3.70","","-7.10","74","759","1012","","","","0.70","","S","Облачно","2026-01-08 22:08"
"-3.70","","-7.10","74","759","1012","","","","0.70","","S","Облачно","2026-01-08 22:09"
"-3.70","","-7.10","74","759","1012","","","","0.70","","S","Облачно","2026-01-08 22:10"
"-3.70","","-7.10","74","759","1012","","","","0.70","","S","Облачно","2026-01-08 22:11"
"-3.70","","-7.10","74","759","1012","","","","0.70","","S","Облачно","2026-01-08 22:12"
"-3.70","","-7.10","74","759","1012","","","","0.70","","S","Облачно","2026-01-08 22:13"
"-3.70","","-7.10","74","759","1012","","","","0.70","","S","Облачно","2026-01-08 22:14"
"-3.70","","-7.10","74","759","1012","","","","0.70","","S","Облачно","2026-01-08 22:15"
"-3.70","","-7.10","74","759","1012","","","","0.70","","S","Облачно","2026-01-08 22:16"
"-3.70","","-7.10","74","759","1012","","","","0.70","","S","Облачно","2026-01-08 22:17"
"-4.00","","-7.40","73","759","1012","","","","0.70","","S","Облачно","2026-01-08 22:18"
"-4.00","","-7.40","73","759","1012","","","","0.70","","S","Облачно","2026-01-08 22:19"
"-4.00","","-7.40","73","759","1012","","","","0.70","","S","Облачно","2026-01-08 22:20"
"-4.00","","-7.40","73","759","1012","","","","0.70","","S","Облачно","2026-01-08 22:21"
"-4.00","","-7.40","73","759","1012","","","","0.70","","S","Облачно","2026-01-08 22:22"
"-4.00","","-7.40","73","759","1012","","","","0.70","","S","Облачно","2026-01-08 22:23"
"-4.00","","-7.40","73","759","1012","","","","0.70","","S","Облачно","2026-01-08 22:24"
"-4.00","","-7.40","73","759","1012","","","","0.70","","S","Облачно","2026-01-08 22:25"
"-4.00","","-7.40","73","759","1012","","","","0.70","","S","Облачно","2026-01-08 22:26"
"-4.00","","-7.40","73","759","1012","","","","0.70","","S","Облачно","2026-01-08 22:27"
"-4.00","","-7.40","73","759","1012","","","","0.70","","S","Облачно","2026-01-08 22:28"
"-4.00","","-7.40","73","759","1012","","","","0.70","","S","Облачно","2026-01-08 22:29"
"-4.00","","-7.40","73","759","1012","","","","0.70","","S","Облачно","2026-01-08 22:30"
"-4.10","","-7.50","73","759","1012","","","","0.70","","S","Облачно","2026-01-08 22:31"
"-4.10","","-7.50","73","759","1012","","","","0.70","","S","Облачно","2026-01-08 22:32"
"-4.10","","-7.50","73","759","1012","","","","0.70","","S","Облачно","2026-01-08 22:33"
"-4.10","","-7.50","73","759","1012","","","","0.70","","S","Облачно","2026-01-08 22:34"
"-4.10","","-7.50","73","759","1012","","","","0.70","","S","Облачно","2026-01-08 22:35"
"-4.10","","-7.50","73","757","1010","","","","0.70","","S","Облачно","2026-01-08 22:36"
"-4.10","","-7.50","73","757","1010","","","","0.70","","S","Облачно","2026-01-08 22:37"
"-4.10","","-7.50","73","757","1010","","","","0.70","","S","Облачно","2026-01-08 22:38"
"-4.10","","-7.50","73","757","1010","","","","0.70","","S","Облачно","2026-01-08 22:39"
"-4.10","","-7.50","73","757","1010","","","","0.70","","S","Облачно","2026-01-08 22:40"
"-4.10","","-7.50","73","757","1010","","","","0.70","","S","Облачно","2026-01-08 22:41"
"-4.10","","-7.50","73","757","1010","","","","0.70","","S","Облачно","2026-01-08 22:42"
"-4.10","","-7.50","73","757","1010","","","","0.70","","S","Облачно","2026-01-08 22:43"
"-4.10","","-7.50","73","757","1010","","","","0.70","","S","Облачно","2026-01-08 22:44"
"-4.10","","-7.50","73","757","1010","","","","0.70","","S","Облачно","2026-01-08 22:45"
"-4.10","","-7.50","73","757","1010","","","","0.70","","S","Облачно","2026-01-08 22:46"
"-4.10","","-7.50","73","757","1010","","","","0.70","","S","Облачно","2026-01-08 22:47"
"-4.10","","-7.50","73","757","1010","","","","0.70","","S","Облачно","2026-01-08 22:48"
"-4.10","","-7.50","73","757","1010","","","","0.70","","S","Облачно","2026-01-08 22:49"
"-4.10","","-7.50","73","757","1010","","","","0.70","","S","Облачно","2026-01-08 22:50"
"-4.10","","-7.50","73","757","1010","","","","0.70","","S","Облачно","2026-01-08 22:51"
"-4.10","","-7.50","73","758","1011","","","","0.70","","S","Облачно","2026-01-08 22:52"
"-4.10","","-7.50","73","758","1011","","","","0.70","","S","Облачно","2026-01-08 22:53"
"-4.10","","-7.50","73","758","1011","","","","0.70","","S","Облачно","2026-01-08 22:54"
"-4.10","","-7.50","73","758","1011","","","","0.70","","S","Облачно","2026-01-08 22:55"
"-4.10","","-7.50","73","758","1011","","","","0.70","","S","Облачно","2026-01-08 22:56"
"-4.10","","-7.50","73","758","1011","","","","0.70","","S","Облачно","2026-01-08 22:57"
"-4.10","","-7.50","73","758","1011","","","","0.70","","S","Облачно","2026-01-08 22:58"
"-4.10","","-7.50","73","758","1011","","","","0.70","","S","Облачно","2026-01-08 22:59"
"-4.10","","-7.50","73","758","1011","","","","0.70","","S","Облачно","2026-01-08 23:00"
"-4.10","","-7.50","73","758","1011","","","","0.70","","S","Облачно","2026-01-08 23:01"
"-4.10","","-7.50","73","758","1011","","","","0.70","","S","Облачно","2026-01-08 23:02"
"-4.10","","-7.50","73","758","1011","","","","0.70","","S","Облачно","2026-01-08 23:03"
"-4.10","","-7.50","73","758","1011","","","","0.70","","S","Облачно","2026-01-08 23:04"
"-4.10","","-7.50","73","758","1011","","","","0.70","","S","Облачно","2026-01-08 23:05"
"-4.10","","-7.50","73","758","1011","","","","0.70","","S","Облачно","2026-01-08 23:06"
"-4.10","","-7.50","73","758","1011","","","","0.70","","S","Облачно","2026-01-08 23:07"
"-4.10","","-7.50","73","758","1011","","","","0.70","","S","Облачно","2026-01-08 23:08"
"-4.10","","-7.50","73","758","1011","","","","0.70","","S","Облачно","2026-01-08 23:09"
"-4.10","","-7.50","73","758","1011","","","","0.70","","S","Облачно","2026-01-08 23:10"
"-4.10","","-7.50","73","758","1011","","","","0.70","","S","Облачно","2026-01-08 23:11"
"-4.10","","-7.50","73","758","1011","","","","0.70","","S","Облачно","2026-01-08 23:12"
"-4.10","","-7.50","73","758","1011","","","","0.70","","S","Облачно","2026-01-08 23:13"
"-4.10","","-7.50","73","758","1011","","","","0.70","","S","Облачно","2026-01-08 23:14"
"-4.10","","-7.50","73","758","1011","","","","0.70","","S","Облачно","2026-01-08 23:15"
"-4.10","","-7.50","73","758","1011","","","","0.70","","S","Облачно","2026-01-08 23:16"
"-4.10","","-7.50","73","758","1011","","","","0.70","","S","Облачно","2026-01-08 23:17"
"-4.10","","-7.50","73","758","1011","","","","0.70","","S","Облачно","2026-01-08 23:18"
"-4.10","","-7.50","73","758","1011","","","","0.70","","S","Облачно","2026-01-08 23:19"
"-4.10","","-7.50","73","758","1011","","","","0.70","","S","Облачно","2026-01-08 23:20"
"-4.10","","-7.50","73","758","1011","","","","0.70","","S","Облачно","2026-01-08 23:21"
"-4.10","","-7.50","73","758","1011","","","","0.70","","S","Облачно","2026-01-08 23:22"
"-4.10","","-7.50","73","758","1011","","","","0.70","","S","Облачно","2026-01-08 23:23"
"-4.10","","-7.50","73","758","1011","","","","0.70","","S","Облачно","2026-01-08 23:24"
"-4.10","","-7.50","73","758","1011","","","","0.70","","S","Облачно","2026-01-08 23:25"
"-4.10","","-7.50","73","758","1011","","","","0.70","","S","Облачно","2026-01-08 23:26"
"-4.10","","-7.50","73","758","1011","","","","0.70","","S","Облачно","2026-01-08 23:27"
"-4.10","","-7.50","73","758","1011","","","","0.70","","S","Облачно","2026-01-08 23:28"
"-4.10","","-7.50","73","758","1011","","","","0.70","","S","Облачно","2026-01-08 23:29"
"-4.10","","-7.50","73","758","1011","","","","0.70","","S","Облачно","2026-01-08 23:30"
"-4.10","","-7.50","73","758","1011","","","","0.70","","S","Облачно","2026-01-08 23:31"
"-4.10","","-7.50","73","758","1011","","","","0.70","","S","Облачно","2026-01-08 23:32"
"-4.10","","-7.50","73","758","1011","","","","0.70","","S","Облачно","2026-01-08 23:33"
"-4.10","","-7.50","73","758","1011","","","","0.70","","S","Облачно","2026-01-08 23:34"
"-4.10","","-7.50","73","758","1011","","","","0.70","","S","Облачно","2026-01-08 23:35"
"-4.10","","-7.50","73","757","1010","","","","0.70","","S","Облачно","2026-01-08 23:36"
"-4.10","","-7.50","73","757","1010","","","","0.70","","S","Облачно","2026-01-08 23:37"
"-4.10","","-7.50","73","757","1010","","","","0.70","","S","Облачно","2026-01-08 23:38"
"-4.10","","-7.50","73","757","1010","","","","0.70","","S","Облачно","2026-01-08 23:39"
"-4.10","","-7.50","73","757","1010","","","","0.70","","S","Облачно","2026-01-08 23:40"
"-4.10","","-7.50","73","757","1010","","","","0.70","","S","Облачно","2026-01-08 23:41"
"-4.10","","-7.50","73","757","1010","","","","0.70","","S","Облачно","2026-01-08 23:42"
"-4.10","","-7.50","73","757","1010","","","","0.70","","S","Облачно","2026-01-08 23:43"
"-4.10","","-7.50","73","757","1010","","","","0.70","","S","Облачно","2026-01-08 23:44"
"-4.10","","-7.50","73","757","1010","","","","0.70","","S","Облачно","2026-01-08 23:45"
"-4.10","","-7.50","73","757","1010","","","","0.70","","S","Облачно","2026-01-08 23:46"
"-4.10","","-7.50","73","757","1010","","","","0.70","","S","Облачно","2026-01-08 23:47"
"-4.10","","-7.50","73","757","1010","","","","0.70","","S","Облачно","2026-01-08 23:48"
"-4.10","","-7.50","73","757","1010","","","","0.70","","S","Облачно","2026-01-08 23:49"
"-4.00","","-7.40","74","757","1010","","","","0.70","","S","Облачно","2026-01-08 23:50"
"-4.00","","-7.40","74","756","1009","","","","0.70","","S","Облачно","2026-01-08 23:51"
"-4.00","","-7.40","74","756","1009","","","","0.70","","S","Облачно","2026-01-08 23:52"
"-4.00","","-7.40","74","756","1009","","","","0.70","","S","Облачно","2026-01-08 23:53"
"-4.00","","-7.40","74","756","1009","","","","0.70","","S","Облачно","2026-01-08 23:54"
"-4.00","","-7.40","74","756","1009","","","","0.70","","S","Облачно","2026-01-08 23:55"
"-4.00","","-7.40","74","756","1009","","","","0.70","","S","Облачно","2026-01-08 23:56"
"-4.00","","-7.40","74","756","1009","","","","0.70","","S","Облачно","2026-01-08 23:57"
"-4.00","","-7.40","74","756","1009","","","","0.70","","S","Облачно","2026-01-08 23:58"
"-4.00","","-7.40","74","756","1009","","","","0.70","","S","Облачно","2026-01-08 23:59"