"Temp","Temp Water","Temp Feels Like","Humidity","Pressure Mm","Pressure Hpa","Precip Mm","Precip Type","Precip Intensity","Wind Speed Ms","Wind Gust Speed Ms","Wind Dir","Condition","Created At"
"-7.60","","-12.30","51","758","1011","","","","0.70","","SSW","Небольшая облачность","2025-12-26 00:00"
"-7.60","","-12.30","51","758","1011","","","","0.70","","SSW","Небольшая облачность","2025-12-26 00:01"
"-7.60","","-11.50","51","758","1011","","","","0.60","","SSW","Небольшая облачность","2025-12-26 00:02"
"-7.60","","-11.50","51","758","1011","","","","0.60","","SSW","Небольшая облачность","2025-12-26 00:03"
"-7.60","","-11.40","51","758","1011","","","","2.10","","SSW","Небольшая облачность","2025-12-26 00:04"
"-7.60","","-12.30","51","758","1011","","","","1.90","","SSW","Небольшая облачность","2025-12-26 00:05"
"-7.60","","-12.00","51","757","1010","","","","1.40","","SSW","Небольшая облачность","2025-12-26 00:06"
"-7.60","","-12.00","51","757","1010","","","","1.40","","SSW","Небольшая облачность","2025-12-26 00:07"
"-7.60","","-12.30","51","757","1010","","","","1.70","","SSW","Небольшая облачность","2025-12-26 00:08"
"-7.60","","-12.20","51","757","1010","","","","0.50","","SSW","Небольшая облачность","2025-12-26 00:09"
"-7.50","","-11.30","51","757","1010","","","","0.50","","SSW","Небольшая облачность","2025-12-26 00:10"
"-7.50","","-11.30","51","757","1010","","","","3.20","","SSW","Небольшая облачность","2025-12-26 00:11"
"-7.50","","-12.30","51","757","1010","","","","2.00","","SSW","Небольшая облачность","2025-12-26 00:12"
"-7.50","","-12.30","51","757","1010","","","","2.00","","SSW","Небольшая облачность","2025-12-26 00:13"
"-7.50","","-11.60","51","757","1010","","","","1.10","","SSW","Небольшая облачность","2025-12-26 00:14"
"-7.50","","-11.70","51","757","1010","","","","1.00","","SSW","Небольшая облачность","2025-12-26 00:15"
"-7.50","","-11.70","51","757","1010","","","","1.00","","SSW","Небольшая облачность","2025-12-26 00:16"
"-7.50","","-11.70","51","757","1010","","","","1.00","","SSW","Небольшая облачность","2025-12-26 00:17"
"-7.50","","-11.70","51","757","1010","","","","1.00","","SSW","Небольшая облачность","2025-12-26 00:18"
"-7.50","","-13.20","51","757","1010","","","","2.20","","SSW","Небольшая облачность","2025-12-26 00:19"
"-7.50","","-12.90","51","757","1010","","","","2.80","","SSW","Небольшая облачность","2025-12-26 00:20"
"-7.50","","-12.90","51","758","1011","","","","2.80","","SSW","Небольшая облачность","2025-12-26 00:21"
"-7.50","","-12.90","51","758","1011","","","","2.80","","SSW","Небольшая облачность","2025-12-26 00:22"
"-7.50","","-12.90","51","758","1011","","","","2.80","","SSW","Небольшая облачность","2025-12-26 00:23"
"-7.50","","-12.20","51","758","1011","","","","1.90","","SSW","Небольшая облачность","2025-12-26 00:24"
"-7.50","","-12.40","51","758","1011","","","","2.10","","SSW","Небольшая облачность","2025-12-26 00:25"
"-7.50","","-13.40","51","758","1011","","","","3.50","","SSW","Небольшая облачность","2025-12-26 00:26"
"-7.50","","-13.40","51","758","1011","","","","1.30","","SSW","Небольшая облачность","2025-12-26 00:27"
"-7.50","","-11.80","51","758","1011","","","","1.30","","SSW","Небольшая облачность","2025-12-26 00:28"
"-7.50","","-12.40","51","758","1011","","","","2.10","","SSW","Небольшая облачность","2025-12-26 00:29"
"-7.50","","-12.40","51","758","1011","","","","2.10","","SSW","Небольшая облачность","2025-12-26 00:30"
"-7.50","","-12.40","51","758","1011","","","","2.10","","SSW","Небольшая облачность","2025-12-26 00:31"
"-7.50","","-12.40","51","758","1011","","","","2.10","","SSW","Небольшая облачность","2025-12-26 00:32"
"-7.50","","-12.40","51","758","1011","","","","2.10","","SSW","Небольшая облачность","2025-12-26 00:33"
"-7.50","","-12.40","51","758","1011","","","","1.10","","SSW","Небольшая облачность","2025-12-26 00:34"
"-7.50","","-11.70","51","758","1011","","","","1.10","","SSW","Небольшая облачность","2025-12-26 00:35"
"-7.50","","-12.00","51","757","1010","","","","1.60","","SSW","Небольшая облачность","2025-12-26 00:36"
"-7.50","","-12.00","51","757","1010","","","","1.60","","SSW","Небольшая облачность","2025-12-26 00:37"
"-7.50","","-12.90","51","757","1010","","","","2.10","","SSW","Небольшая облачность","2025-12-26 00:38"
"-7.50","","-12.90","51","757","1010","","","","2.10","","SSW","Небольшая облачность","2025-12-26 00:39"
"-7.50","","-12.40","51","757","1010","","","","2.10","","SSW","Небольшая облачность","2025-12-26 00:40"
"-7.50","","-12.40","51","757","1010","","","","2.10","","SSW","Небольшая облачность","2025-12-26 00:41"
"-7.50","","-12.40","51","757","1010","","","","2.10","","SSW","Небольшая облачность","2025-12-26 00:42"
"-7.50","","-11.60","51","757","1010","","","","1.00","","SSW","Небольшая облачность","2025-12-26 00:43"
"-7.50","","-11.60","51","757","1010","","","","1.70","","SSW","Небольшая облачность","2025-12-26 00:44"
"-7.50","","-12.10","50","757","1010","","","","1.70","","SSW","Небольшая облачность","2025-12-26 00:45"
"-7.50","","-11.60","50","757","1010","","","","1.10","","SSW","Небольшая облачность","2025-12-26 00:46"
"-7.50","","-11.70","50","757","1010","","","","1.80","","SSW","Небольшая облачность","2025-12-26 00:47"
"-7.50","","-12.20","50","757","1010","","","","1.80","","SSW","Небольшая облачность","2025-12-26 00:48"
"-7.50","","-12.20","50","757","1010","","","","3.10","","SSW","Небольшая облачность","2025-12-26 00:49"
"-7.60","","-12.40","50","757","1010","","","","2.00","","SSW","Небольшая облачность","2025-12-26 00:50"
"-7.60","","-11.90","50","757","1010","","","","1.20","","SSW","Небольшая облачность","2025-12-26 00:51"
"-7.60","","-11.90","50","757","1010","","","","1.20","","SSW","Небольшая облачность","2025-12-26 00:52"
"-7.60","","-11.90","50","757","1010","","","","1.20","","SSW","Небольшая облачность","2025-12-26 00:53"
"-7.60","","-13.10","50","757","1010","","","","3.20","","SSW","Небольшая облачность","2025-12-26 00:54"
"-7.60","","-13.30","50","757","1010","","","","3.20","","SSW","Небольшая облачность","2025-12-26 00:55"
"-7.60","","-12.10","50","757","1010","","","","1.50","","SSW","Небольшая облачность","2025-12-26 00:56"
"-7.60","","-12.10","50","757","1010","","","","1.50","","SSW","Небольшая облачность","2025-12-26 00:57"
"-7.60","","-12.60","50","757","1010","","","","1.10","","SSW","Небольшая облачность","2025-12-26 00:58"
"-7.60","","-12.20","50","757","1010","","","","1.70","","SSW","Небольшая облачность","2025-12-26 00:59"
"-7.60","","-12.20","50","757","1010","","","","2.00","","SSW","Небольшая облачность","2025-12-26 01:00"
"-7.60","","-12.20","50","757","1010","","","","1.50","","SSW","Небольшая облачность","2025-12-26 01:01"
"-7.60","","-12.10","50","757","1010","","","","1.40","","SSW","Небольшая облачность","2025-12-26 01:02"
"-7.60","","-12.00","50","757","1010","","","","1.40","","SSW","Небольшая облачность","2025-12-26 01:03"
"-7.60","","-12.00","50","757","1010","","","","1.70","","SSW","Небольшая облачность","2025-12-26 01:04"
"-7.50","","-12.10","50","757","1010","","","","2.50","","SSW","Небольшая облачность","2025-12-26 01:05"
"-7.60","","-12.80","50","757","1010","","","","2.50","","SSW","Небольшая облачность","2025-12-26 01:06"
"-7.60","","-12.40","50","757","1010","","","","1.90","","SSW","Небольшая облачность","2025-12-26 01:07"
"-7.60","","-12.40","50","757","1010","","","","1.00","","SSW","Небольшая облачность","2025-12-26 01:08"
"-7.60","","-11.70","50","757","1010","","","","1.00","","SSW","Небольшая облачность","2025-12-26 01:09"
"-7.60","","-12.10","50","757","1010","","","","1.50","","SSW","Небольшая облачность","2025-12-26 01:10"
"-7.60","","-12.10","50","757","1010","","","","1.50","","SSW","Небольшая облачность","2025-12-26 01:11"
"-7.60","","-13.00","49","757","1010","","","","2.80","","SSW","Небольшая облачность","2025-12-26 01:12"
"-7.60","","-12.30","49","757","1010","","","","1.80","","SSW","Небольшая облачность","2025-12-26 01:13"
"-7.60","","-12.30","49","757","1010","","","","1.80","","SSW","Небольшая облачность","2025-12-26 01:14"
"-7.60","","-12.00","49","757","1010","","","","1.40","","SSW","Небольшая облачность","2025-12-26 01:15"
"-7.60","","-12.00","49","757","1010","","","","1.40","","SSW","Небольшая облачность","2025-12-26 01:16"
"-7.60","","-12.00","49","757","1010","","","","1.40","","SSW","Небольшая облачность","2025-12-26 01:17"
"-7.60","","-12.60","49","757","1010","","","","2.20","","SSW","Небольшая облачность","2025-12-26 01:18"
"-7.60","","-12.60","49","757","1010","","","","2.20","","SSW","Небольшая облачность","2025-12-26 01:19"
"-7.70","","-13.10","49","757","1010","","","","2.80","","SSW","Небольшая облачность","2025-12-26 01:20"
"-7.70","","-13.00","49","756","1009","","","","2.60","","SSW","Небольшая облачность","2025-12-26 01:21"
"-7.70","","-12.40","49","756","1009","","","","1.80","","SSW","Небольшая облачность","2025-12-26 01:22"
"-7.70","","-13.00","49","756","1009","","","","2.60","","SSW","Небольшая облачность","2025-12-26 01:23"
"-7.70","","-13.00","49","756","1009","","","","2.60","","SSW","Небольшая облачность","2025-12-26 01:24"
"-7.70","","-13.00","49","756","1009","","","","2.60","","SSW","Небольшая облачность","2025-12-26 01:25"
"-7.70","","-13.00","49","756","1009","","","","2.40","","SSW","Небольшая облачность","2025-12-26 01:26"
"-7.70","","-12.50","49","756","1009","","","","1.90","","SSW","Небольшая облачность","2025-12-26 01:27"
"-7.70","","-12.50","49","756","1009","","","","1.90","","SSW","Небольшая облачность","2025-12-26 01:28"
"-7.80","","-12.60","49","756","1009","","","","1.90","","SSW","Небольшая облачность","2025-12-26 01:29"
"-7.80","","-12.20","49","756","1009","","","","1.30","","SSW","Небольшая облачность","2025-12-26 01:30"
"-7.80","","-12.30","49","756","1009","","","","1.50","","SSW","Небольшая облачность","2025-12-26 01:31"
"-7.80","","-12.20","49","756","1009","","","","1.40","","SSW","Небольшая облачность","2025-12-26 01:32"
"-7.80","","-13.20","49","756","1009","","","","2.60","","SSW","Небольшая облачность","2025-12-26 01:33"
"-7.80","","-13.10","49","756","1009","","","","2.60","","SSW","Небольшая облачность","2025-12-26 01:34"
"-7.80","","-12.80","49","756","1009","","","","2.20","","SSW","Небольшая облачность","2025-12-26 01:35"
"-7.80","","-12.80","48","756","1009","","","","2.20","11.00","SSW","Небольшая облачность","2025-12-26 01:36"
"-7.90","","-12.90","48","756","1009","","","","2.20","11.00","SSW","Небольшая облачность","2025-12-26 01:37"
"-7.90","","-13.10","48","756","1009","","","","1.20","11.00","SSW","Небольшая облачность","2025-12-26 01:38"
"-7.90","","-12.20","48","756","1009","","","","1.90","11.00","SSW","Небольшая облачность","2025-12-26 01:39"
"-7.80","","-12.60","48","756","1009","","","","1.90","11.00","SSW","Небольшая облачность","2025-12-26 01:40"
"-7.80","","-12.60","48","756","1009","","","","1.50","11.00","SSW","Небольшая облачность","2025-12-26 01:41"
"-7.80","","-11.80","48","756","1009","","","","0.70","11.00","SSW","Небольшая облачность","2025-12-26 01:42"
"-7.90","","-12.70","48","756","1009","","","","1.90","11.00","SSW","Небольшая облачность","2025-12-26 01:43"
"-7.90","","-12.60","48","756","1009","","","","1.80","11.00","SSW","Небольшая облачность","2025-12-26 01:44"
"-7.90","","-13.20","48","756","1009","","","","2.60","11.00","SSW","Небольшая облачность","2025-12-26 01:45"
"-7.90","","-13.20","48","756","1009","","","","2.60","11.00","SSW","Небольшая облачность","2025-12-26 01:46"
"-7.90","","-13.20","48","756","1009","","","","2.60","11.00","SSW","Небольшая облачность","2025-12-26 01:47"
"-7.90","","-13.20","48","756","1009","","","","2.60","11.00","SSW","Небольшая облачность","2025-12-26 01:48"
"-7.90","","-12.80","48","756","1009","","","","2.10","11.00","SSW","Небольшая облачность","2025-12-26 01:49"
"-7.90","","-13.00","48","756","1009","","","","1.60","11.00","SSW","Небольшая облачность","2025-12-26 01:50"
"-7.90","","-13.00","48","756","1009","","","","1.60","11.00","SSW","Небольшая облачность","2025-12-26 01:51"
"-7.90","","-12.50","48","756","1008","","","","1.60","11.00","SSW","Небольшая облачность","2025-12-26 01:52"
"-8.00","","-13.60","48","756","1008","","","","3.00","11.00","SSW","Небольшая облачность","2025-12-26 01:53"
"-8.00","","-12.70","48","756","1008","","","","1.70","11.00","SSW","Небольшая облачность","2025-12-26 01:54"
"-8.00","","-12.60","48","756","1008","","","","1.60","11.00","SSW","Небольшая облачность","2025-12-26 01:55"
"-8.00","","-12.60","48","756","1008","","","","1.60","11.00","SSW","Небольшая облачность","2025-12-26 01:56"
"-8.00","","-12.60","48","756","1008","","","","2.40","11.00","SSW","Небольшая облачность","2025-12-26 01:57"
"-8.00","","-13.10","48","756","1008","","","","2.40","11.00","SSW","Небольшая облачность","2025-12-26 01:58"
"-8.00","","-13.10","48","756","1008","","","","1.20","11.00","SSW","Небольшая облачность","2025-12-26 01:59"
"-8.00","","-12.20","48","756","1008","","","","1.10","11.00","SSW","Небольшая облачность","2025-12-26 02:00"
"-8.00","","-12.20","48","756","1008","","","","1.10","11.00","SSW","Небольшая облачность","2025-12-26 02:01"
"-8.00","","-12.20","48","756","1008","","","","1.20","11.00","SSW","Небольшая облачность","2025-12-26 02:02"
"-8.00","","-12.40","48","756","1008","","","","1.30","11.00","SSW","Небольшая облачность","2025-12-26 02:03"
"-8.00","","-12.40","48","756","1008","","","","1.30","11.00","SSW","Небольшая облачность","2025-12-26 02:04"
"-8.00","","-12.40","48","756","1008","","","","2.40","11.00","SSW","Небольшая облачность","2025-12-26 02:05"
"-8.00","","-13.10","48","756","1008","","","","2.40","","SSW","Небольшая облачность","2025-12-26 02:06"
"-8.00","","-13.10","48","756","1008","","","","1.20","","SSW","Небольшая облачность","2025-12-26 02:07"
"-8.00","","-12.30","48","756","1008","","","","1.20","","SSW","Небольшая облачность","2025-12-26 02:08"
"-8.00","","-12.30","48","756","1008","","","","1.20","","SSW","Небольшая облачность","2025-12-26 02:09"
"-8.00","","-12.40","48","756","1008","","","","1.10","","SSW","Небольшая облачность","2025-12-26 02:10"
"-8.00","","-12.20","48","756","1008","","","","1.70","","SSW","Небольшая облачность","2025-12-26 02:11"
"-8.00","","-12.20","48","756","1008","","","","1.70","","SSW","Небольшая облачность","2025-12-26 02:12"
"-8.00","","-12.70","48","756","1008","","","","2.60","","SSW","Небольшая облачность","2025-12-26 02:13"
"-8.00","","-13.30","48","756","1008","","","","2.60","","SSW","Небольшая облачность","2025-12-26 02:14"
"-8.00","","-12.60","48","756","1008","","","","1.60","","SSW","Небольшая облачность","2025-12-26 02:15"
"-8.00","","-12.60","48","756","1008","","","","1.60","","SSW","Небольшая облачность","2025-12-26 02:16"
"-8.00","","-12.60","48","756","1008","","","","0.70","","SSW","Небольшая облачность","2025-12-26 02:17"
"-8.00","","-12.90","48","756","1008","","","","1.40","","SSW","Небольшая облачность","2025-12-26 02:18"
"-8.00","","-12.40","48","756","1008","","","","1.80","","SSW","Небольшая облачность","2025-12-26 02:19"
"-8.00","","-12.70","48","756","1008","","","","1.80","","SSW","Небольшая облачность","2025-12-26 02:20"
"-8.00","","-13.20","48","756","1008","","","","2.60","","SSW","Небольшая облачность","2025-12-26 02:21"
"-8.00","","-13.30","48","756","1008","","","","2.60","","SSW","Небольшая облачность","2025-12-26 02:22"
"-8.00","","-13.30","48","756","1008","","","","2.60","","SSW","Небольшая облачность","2025-12-26 02:23"
"-8.00","","-13.30","48","756","1008","","","","2.60","","SSW","Небольшая облачность","2025-12-26 02:24"
"-8.00","","-12.40","48","756","1008","","","","1.40","","SSW","Небольшая облачность","2025-12-26 02:25"
"-8.00","","-12.40","48","756","1008","","","","1.40","","SSW","Небольшая облачность","2025-12-26 02:26"
"-8.00","","-13.30","48","756","1008","","","","2.60","","SSW","Небольшая облачность","2025-12-26 02:27"
"-8.00","","-12.90","48","756","1008","","","","2.00","","SSW","Небольшая облачность","2025-12-26 02:28"
"-8.00","","-12.70","48","756","1008","","","","2.20","","SSW","Небольшая облачность","2025-12-26 02:29"
"-8.00","","-13.00","48","756","1008","","","","2.20","","SSW","Небольшая облачность","2025-12-26 02:30"
"-8.00","","-13.00","48","756","1008","","","","1.20","","SSW","Небольшая облачность","2025-12-26 02:31"
"-8.00","","-13.00","48","756","1008","","","","1.20","","SSW","Небольшая облачность","2025-12-26 02:32"
"-8.00","","-12.30","48","756","1008","","","","1.20","","SSW","Небольшая облачность","2025-12-26 02:33"
"-8.00","","-12.10","48","756","1008","","","","1.60","","SSW","Небольшая облачность","2025-12-26 02:34"
"-8.00","","-12.60","48","756","1008","","","","1.60","","SSW","Небольшая облачность","2025-12-26 02:35"
"-8.00","","-13.10","48","756","1008","","","","2.40","","SSW","Облачно","2025-12-26 02:36"
"-8.00","","-13.10","48","756","1008","","","","2.40","","SSW","Облачно","2025-12-26 02:37"
"-8.00","","-13.60","48","756","1008","","","","3.00","","SSW","Облачно","2025-12-26 02:38"
"-8.00","","-12.70","48","756","1008","","","","1.70","","SSW","Облачно","2025-12-26 02:39"
"-8.00","","-12.70","48","756","1008","","","","1.90","","SSW","Облачно","2025-12-26 02:40"
"-8.00","","-12.80","48","756","1008","","","","1.10","","SSW","Облачно","2025-12-26 02:41"
"-8.00","","-12.80","48","756","1008","","","","1.10","","SSW","Облачно","2025-12-26 02:42"
"-8.00","","-12.20","48","756","1008","","","","1.60","","SSW","Облачно","2025-12-26 02:43"
"-8.00","","-12.60","48","756","1008","","","","1.10","","SSW","Облачно","2025-12-26 02:44"
"-8.00","","-12.20","48","756","1008","","","","1.00","","SSW","Облачно","2025-12-26 02:45"
"-8.00","","-12.20","48","756","1008","","","","1.00","","SSW","Облачно","2025-12-26 02:46"
"-8.00","","-12.10","48","756","1008","","","","0.90","","SSW","Облачно","2025-12-26 02:47"
"-8.00","","-12.20","48","756","1008","","","","1.00","","SSW","Облачно","2025-12-26 02:48"
"-7.90","","-12.10","49","756","1008","","","","1.00","","SSW","Облачно","2025-12-26 02:49"
"-8.00","","-12.40","49","756","1008","","","","2.00","","SSW","Облачно","2025-12-26 02:50"
"-8.00","","-12.90","49","756","1008","","","","2.00","","SSW","Облачно","2025-12-26 02:51"
"-8.00","","-12.90","49","756","1008","","","","1.40","","SSW","Облачно","2025-12-26 02:52"
"-8.00","","-12.20","49","756","1008","","","","1.00","","SSW","Облачно","2025-12-26 02:53"
"-8.00","","-12.20","49","756","1008","","","","0.50","","SSW","Облачно","2025-12-26 02:54"
"-8.00","","-12.10","49","756","1008","","","","0.90","","SSW","Облачно","2025-12-26 02:55"
"-8.00","","-12.10","49","756","1008","","","","0.90","","SSW","Облачно","2025-12-26 02:56"
"-7.90","","-12.30","49","756","1008","","","","1.90","","SSW","Облачно","2025-12-26 02:57"
"-7.90","","-12.70","49","756","1008","","","","1.90","","SSW","Облачно","2025-12-26 02:58"
"-7.90","","-12.50","49","756","1008","","","","2.70","","SSW","Облачно","2025-12-26 02:59"
"-8.00","","-13.30","49","756","1008","","","","2.70","","SSW","Облачно","2025-12-26 03:00"
"-8.00","","-13.30","49","756","1008","","","","2.70","","SSW","Облачно","2025-12-26 03:01"
"-8.00","","-13.40","49","756","1008","","","","2.80","","SSW","Облачно","2025-12-26 03:02"
"-8.00","","-13.40","49","756","1008","","","","2.80","","SSW","Облачно","2025-12-26 03:03"
"-8.00","","-11.80","49","756","1008","","","","0.50","","SSW","Облачно","2025-12-26 03:04"
"-7.90","","-12.30","49","756","1008","","","","1.30","","SSW","Облачно","2025-12-26 03:05"
"-7.90","","-12.30","49","756","1008","","","","1.30","","SSW","Облачно","2025-12-26 03:06"
"-7.90","","-12.30","49","756","1008","","","","1.60","","SSW","Облачно","2025-12-26 03:07"
"-7.90","","-12.50","49","756","1008","","","","1.60","","SSW","Облачно","2025-12-26 03:08"
"-7.90","","-12.40","49","756","1008","","","","1.80","","SSW","Облачно","2025-12-26 03:09"
"-7.90","","-12.60","49","756","1008","","","","1.10","","SSW","Облачно","2025-12-26 03:10"
"-7.90","","-12.10","49","756","1008","","","","1.10","","SSW","Облачно","2025-12-26 03:11"
"-7.90","","-12.10","49","756","1008","","","","1.10","","SSW","Облачно","2025-12-26 03:12"
"-7.90","","-12.10","49","756","1008","","","","1.10","","SSW","Облачно","2025-12-26 03:13"
"-7.90","","-12.80","49","756","1008","","","","0.90","","SSW","Облачно","2025-12-26 03:14"
"-7.90","","-12.00","49","756","1008","","","","0.00","","SSW","Облачно","2025-12-26 03:15"
"-7.80","","-11.20","49","756","1008","","","","0.00","","SSW","Облачно","2025-12-26 03:16"
"-7.80","","-11.20","49","756","1008","","","","0.00","","SSW","Облачно","2025-12-26 03:17"
"-7.80","","-11.20","49","756","1008","","","","0.00","","SSW","Облачно","2025-12-26 03:18"
"-7.80","","-12.40","49","756","1008","","","","1.60","","SSW","Облачно","2025-12-26 03:19"
"-7.80","","-12.40","49","756","1008","","","","2.10","","SSW","Облачно","2025-12-26 03:20"
"-7.90","","-12.80","49","755","1007","","","","1.30","","SSW","Облачно","2025-12-26 03:21"
"-7.90","","-12.30","49","755","1007","","","","1.30","","SSW","Облачно","2025-12-26 03:22"
"-7.90","","-12.40","49","755","1007","","","","1.50","","SSW","Облачно","2025-12-26 03:23"
"-7.90","","-12.40","49","755","1007","","","","1.50","","SSW","Облачно","2025-12-26 03:24"
"-7.90","","-12.40","49","755","1007","","","","1.50","","SSW","Облачно","2025-12-26 03:25"
"-7.90","","-12.40","49","755","1007","","","","1.50","","SSW","Облачно","2025-12-26 03:26"
"-7.90","","-12.40","49","755","1007","","","","1.50","","SSW","Облачно","2025-12-26 03:27"
"-7.90","","-13.50","49","755","1007","","","","1.20","","SSW","Облачно","2025-12-26 03:28"
"-7.90","","-12.20","49","755","1007","","","","1.20","","SSW","Облачно","2025-12-26 03:29"
"-7.90","","-12.20","49","755","1007","","","","1.90","","SSW","Облачно","2025-12-26 03:30"
"-7.90","","-12.00","49","755","1007","","","","0.90","","SSW","Облачно","2025-12-26 03:31"
"-7.90","","-12.00","49","755","1007","","","","0.90","","SSW","Облачно","2025-12-26 03:32"
"-7.90","","-12.40","49","755","1007","","","","1.50","","SSW","Облачно","2025-12-26 03:33"
"-7.90","","-12.40","49","755","1007","","","","1.10","","SSW","Облачно","2025-12-26 03:34"
"-7.90","","-12.10","49","755","1007","","","","0.50","","SSW","Облачно","2025-12-26 03:35"
"-7.90","","-11.70","49","755","1007","","","","0.50","","SSW","Облачно","2025-12-26 03:36"
"-7.90","","-11.70","49","755","1007","","","","2.50","","SSW","Облачно","2025-12-26 03:37"
"-7.90","","-11.70","49","755","1007","","","","2.50","","SSW","Облачно","2025-12-26 03:38"
"-7.90","","-12.50","49","755","1007","","","","1.70","","SSW","Облачно","2025-12-26 03:39"
"-7.90","","-12.50","49","755","1007","","","","2.00","","SSW","Облачно","2025-12-26 03:40"
"-7.90","","-12.80","49","755","1007","","","","3.30","","SSW","Облачно","2025-12-26 03:41"
"-7.90","","-13.70","49","755","1007","","","","2.20","","SSW","Облачно","2025-12-26 03:42"
"-7.90","","-12.90","49","755","1007","","","","2.20","","SSW","Облачно","2025-12-26 03:43"
"-7.80","","-13.00","49","755","1007","","","","1.60","","SSW","Облачно","2025-12-26 03:44"
"-7.80","","-12.40","49","755","1007","","","","1.60","","SSW","Облачно","2025-12-26 03:45"
"-7.80","","-12.40","50","755","1007","","","","1.60","","SSW","Облачно","2025-12-26 03:46"
"-7.80","","-11.70","50","755","1007","","","","0.60","","SSW","Облачно","2025-12-26 03:47"
"-7.70","","-12.80","50","755","1007","","","","3.20","","SSW","Облачно","2025-12-26 03:48"
"-7.70","","-13.40","50","755","1007","","","","3.20","","SSW","Облачно","2025-12-26 03:49"
"-7.70","","-12.30","50","755","1007","","","","1.70","","SSW","Облачно","2025-12-26 03:50"
"-7.70","","-13.00","50","755","1007","","","","2.60","","SSW","Облачно","2025-12-26 03:51"
"-7.70","","-13.00","50","755","1007","","","","2.60","","SSW","Облачно","2025-12-26 03:52"
"-7.70","","-12.90","50","755","1007","","","","2.50","","SSW","Облачно","2025-12-26 03:53"
"-7.70","","-12.90","50","755","1007","","","","2.50","","SSW","Облачно","2025-12-26 03:54"
"-7.70","","-12.90","50","755","1007","","","","2.80","","SSW","Облачно","2025-12-26 03:55"
"-7.70","","-13.10","50","755","1007","","","","2.80","","SSW","Облачно","2025-12-26 03:56"
"-7.70","","-13.10","50","755","1007","","","","2.80","","SSW","Облачно","2025-12-26 03:57"
"-7.70","","-12.50","50","755","1007","","","","2.10","","SSW","Облачно","2025-12-26 03:58"
"-7.70","","-12.50","50","755","1007","","","","2.10","","SSW","Облачно","2025-12-26 03:59"
"-7.70","","-12.60","50","755","1007","","","","2.10","","SSW","Облачно","2025-12-26 04:00"
"-7.70","","-12.50","50","755","1007","","","","2.00","","SSW","Облачно","2025-12-26 04:01"
"-7.70","","-12.30","50","755","1007","","","","1.70","","SSW","Облачно","2025-12-26 04:02"
"-7.70","","-13.20","50","755","1007","","","","2.10","","SSW","Облачно","2025-12-26 04:03"
"-7.70","","-12.60","50","755","1007","","","","1.30","","SSW","Облачно","2025-12-26 04:04"
"-7.70","","-12.00","50","755","1007","","","","1.30","","SSW","Облачно","2025-12-26 04:05"
"-7.60","","-11.90","50","755","1007","","","","2.20","","SSW","Облачно","2025-12-26 04:06"
"-7.60","","-12.60","50","755","1007","","","","1.70","","SSW","Облачно","2025-12-26 04:07"
"-7.60","","-13.10","50","755","1007","","","","3.00","","SSW","Облачно","2025-12-26 04:08"
"-7.60","","-12.80","50","755","1007","","","","2.50","","SSW","Облачно","2025-12-26 04:09"
"-7.60","","-12.30","50","755","1007","","","","1.80","","SSW","Облачно","2025-12-26 04:10"
"-7.60","","-12.30","50","755","1007","","","","1.60","","SSW","Облачно","2025-12-26 04:11"
"-7.60","","-12.10","50","755","1007","","","","2.20","","SSW","Облачно","2025-12-26 04:12"
"-7.60","","-12.60","50","755","1007","","","","1.50","","SSW","Облачно","2025-12-26 04:13"
"-7.60","","-12.60","50","755","1007","","","","1.50","","SSW","Облачно","2025-12-26 04:14"
"-7.60","","-12.10","50","755","1007","","","","1.50","","SSW","Облачно","2025-12-26 04:15"
"-7.50","","-12.30","50","755","1007","","","","1.90","","SSW","Облачно","2025-12-26 04:16"
"-7.50","","-11.60","50","755","1007","","","","1.50","","SSW","Облачно","2025-12-26 04:17"
"-7.50","","-12.00","50","755","1007","","","","1.50","","SSW","Облачно","2025-12-26 04:18"
"-7.50","","-12.00","50","755","1007","","","","1.60","","SSW","Облачно","2025-12-26 04:19"
"-7.50","","-12.00","50","755","1007","","","","1.60","","SSW","Облачно","2025-12-26 04:20"
"-7.50","","-12.00","50","754","1006","","","","1.60","","SSW","Облачно","2025-12-26 04:21"
"-7.50","","-12.00","50","754","1006","","","","2.60","","SSW","Облачно","2025-12-26 04:22"
"-7.60","","-12.10","50","754","1006","","","","1.60","","SSW","Облачно","2025-12-26 04:23"
"-7.50","","-12.50","50","754","1006","","","","2.20","","SSW","Облачно","2025-12-26 04:24"
"-7.50","","-12.50","50","754","1006","","","","2.20","","SSW","Облачно","2025-12-26 04:25"
"-7.50","","-12.50","50","754","1006","","","","2.70","","SSW","Облачно","2025-12-26 04:26"
"-7.60","","-12.70","50","754","1006","","","","2.40","","SSW","Облачно","2025-12-26 04:27"
"-7.60","","-13.00","50","754","1006","","","","2.80","","SSW","Облачно","2025-12-26 04:28"
"-7.60","","-13.00","50","754","1006","","","","2.80","","SSW","Облачно","2025-12-26 04:29"
"-7.60","","-13.10","50","754","1006","","","","2.90","","SSW","Облачно","2025-12-26 04:30"
"-7.60","","-13.10","50","754","1006","","","","2.90","","SSW","Облачно","2025-12-26 04:31"
"-7.60","","-13.10","50","754","1006","","","","4.00","","SSW","Облачно","2025-12-26 04:32"
"-7.60","","-13.10","50","754","1006","","","","4.00","","SSW","Облачно","2025-12-26 04:33"
"-7.60","","-13.80","50","754","1006","","","","4.00","","SSW","Облачно","2025-12-26 04:34"
"-7.60","","-13.80","50","754","1006","","","","4.00","","SSW","Облачно","2025-12-26 04:35"
"-7.60","","-13.80","50","753","1005","","","","3.40","","SSW","Небольшая облачность","2025-12-26 04:36"
"-7.60","","-13.00","50","753","1005","","","","2.80","","SSW","Небольшая облачность","2025-12-26 04:37"
"-7.60","","-12.00","50","753","1005","","","","1.40","","SSW","Небольшая облачность","2025-12-26 04:38"
"-7.60","","-12.00","50","753","1005","","","","1.40","","SSW","Небольшая облачность","2025-12-26 04:39"
"-7.60","","-12.40","50","753","1005","","","","2.00","","SSW","Небольшая облачность","2025-12-26 04:40"
"-7.60","","-12.40","50","753","1005","","","","2.00","","SSW","Небольшая облачность","2025-12-26 04:41"
"-7.60","","-12.40","50","753","1005","","","","3.90","","SSW","Небольшая облачность","2025-12-26 04:42"
"-7.60","","-13.10","50","753","1005","","","","2.90","","SSW","Небольшая облачность","2025-12-26 04:43"
"-7.60","","-12.20","50","753","1005","","","","1.00","","SSW","Небольшая облачность","2025-12-26 04:44"
"-7.60","","-11.70","50","753","1005","","","","1.00","","SSW","Небольшая облачность","2025-12-26 04:45"
"-7.60","","-11.90","50","753","1005","","","","1.20","","SSW","Небольшая облачность","2025-12-26 04:46"
"-7.60","","-11.90","50","753","1005","","","","1.20","","SSW","Небольшая облачность","2025-12-26 04:47"
"-7.60","","-12.10","50","753","1005","","","","1.60","","SSW","Небольшая облачность","2025-12-26 04:48"
"-7.60","","-12.10","50","753","1005","","","","1.50","","SSW","Небольшая облачность","2025-12-26 04:49"
"-7.60","","-12.10","50","753","1005","","","","1.50","","SSW","Небольшая облачность","2025-12-26 04:50"
"-7.60","","-11.80","50","753","1005","","","","1.10","","SSW","Небольшая облачность","2025-12-26 04:51"
"-7.60","","-11.80","50","753","1005","","","","1.50","","SSW","Небольшая облачность","2025-12-26 04:52"
"-7.60","","-11.80","50","753","1005","","","","1.50","","SSW","Небольшая облачность","2025-12-26 04:53"
"-7.60","","-12.10","50","753","1005","","","","1.50","","SSW","Небольшая облачность","2025-12-26 04:54"
"-7.60","","-13.80","50","753","1005","","","","4.00","","SSW","Небольшая облачность","2025-12-26 04:55"
"-7.60","","-13.80","50","753","1005","","","","4.00","","SSW","Небольшая облачность","2025-12-26 04:56"
"-7.60","","-13.80","50","753","1005","","","","4.00","","SSW","Небольшая облачность","2025-12-26 04:57"
"-7.60","","-12.90","50","753","1005","","","","1.70","","SSW","Небольшая облачность","2025-12-26 04:58"
"-7.60","","-12.20","50","753","1005","","","","1.70","","SSW","Небольшая облачность","2025-12-26 04:59"
"-7.50","","-11.80","50","753","1005","","","","1.30","","SSW","Небольшая облачность","2025-12-26 05:00"
"-7.60","","-11.90","50","753","1005","","","","1.30","","SSW","Небольшая облачность","2025-12-26 05:01"
"-7.60","","-11.90","50","753","1005","","","","4.00","","SSW","Небольшая облачность","2025-12-26 05:02"
"-7.60","","-11.90","50","753","1005","","","","4.00","","SSW","Небольшая облачность","2025-12-26 05:03"
"-7.60","","-11.90","50","753","1005","","","","2.90","","SSW","Небольшая облачность","2025-12-26 05:04"
"-7.60","","-13.10","50","753","1005","","","","2.50","","SSW","Небольшая облачность","2025-12-26 05:05"
"-7.60","","-13.10","50","753","1005","","","","2.50","","SSW","Небольшая облачность","2025-12-26 05:06"
"-7.60","","-13.00","50","753","1005","","","","2.80","","SSW","Небольшая облачность","2025-12-26 05:07"
"-7.60","","-13.00","50","753","1005","","","","2.80","","SSW","Небольшая облачность","2025-12-26 05:08"
"-7.60","","-13.00","50","753","1005","","","","2.80","","SSW","Небольшая облачность","2025-12-26 05:09"
"-7.70","","-13.10","50","753","1005","","","","2.80","","SSW","Небольшая облачность","2025-12-26 05:10"
"-7.70","","-13.10","50","753","1005","","","","2.90","","SSW","Небольшая облачность","2025-12-26 05:11"
"-7.70","","-13.20","50","753","1005","","","","3.00","","SSW","Небольшая облачность","2025-12-26 05:12"
"-7.70","","-13.20","50","753","1005","","","","3.00","","SSW","Небольшая облачность","2025-12-26 05:13"
"-7.70","","-13.10","50","753","1005","","","","2.80","","SSW","Небольшая облачность","2025-12-26 05:14"
"-7.70","","-12.30","50","753","1005","","","","1.70","","SSW","Небольшая облачность","2025-12-26 05:15"
"-7.70","","-13.10","50","753","1005","","","","2.80","","SSW","Небольшая облачность","2025-12-26 05:16"
"-7.70","","-13.00","50","753","1005","","","","2.70","","SSW","Небольшая облачность","2025-12-26 05:17"
"-7.70","","-13.00","50","753","1005","","","","2.70","","SSW","Небольшая облачность","2025-12-26 05:18"
"-7.60","","-12.90","51","753","1005","","","","2.70","","SSW","Небольшая облачность","2025-12-26 05:19"
"-7.60","","-12.90","51","753","1005","","","","2.70","","SSW","Небольшая облачность","2025-12-26 05:20"
"-7.60","","-12.10","51","753","1005","","","","1.50","","SSW","Небольшая облачность","2025-12-26 05:21"
"-7.60","","-12.30","51","753","1005","","","","1.90","","SSW","Небольшая облачность","2025-12-26 05:22"
"-7.60","","-12.30","51","753","1005","","","","1.90","","SSW","Небольшая облачность","2025-12-26 05:23"
"-7.60","","-13.10","51","753","1005","","","","3.00","","SSW","Небольшая облачность","2025-12-26 05:24"
"-7.60","","-12.30","51","753","1005","","","","1.90","","SSW","Небольшая облачность","2025-12-26 05:25"
"-7.60","","-12.30","51","753","1005","","","","1.90","","SSW","Небольшая облачность","2025-12-26 05:26"
"-7.60","","-13.10","51","753","1005","","","","3.00","","SSW","Небольшая облачность","2025-12-26 05:27"
"-7.60","","-13.10","51","753","1005","","","","3.00","","SSW","Небольшая облачность","2025-12-26 05:28"
"-7.60","","-13.10","51","753","1005","","","","3.00","","SSW","Небольшая облачность","2025-12-26 05:29"
"-7.60","","-13.30","51","753","1005","","","","2.00","","SSW","Небольшая облачность","2025-12-26 05:30"
"-7.60","","-12.40","51","753","1005","","","","2.00","","SSW","Небольшая облачность","2025-12-26 05:31"
"-7.60","","-13.40","51","753","1005","","","","3.40","","SSW","Небольшая облачность","2025-12-26 05:32"
"-7.70","","-12.80","51","753","1005","","","","2.40","","SSW","Небольшая облачность","2025-12-26 05:33"
"-7.70","","-12.80","51","753","1005","","","","2.40","","SSW","Небольшая облачность","2025-12-26 05:34"
"-7.70","","-12.80","51","753","1005","","","","2.40","","SSW","Небольшая облачность","2025-12-26 05:35"
"-7.70","","-12.80","51","754","1006","","","","2.40","","SSW","Небольшая облачность","2025-12-26 05:36"
"-7.70","","-12.80","51","754","1006","","","","2.40","","SSW","Небольшая облачность","2025-12-26 05:37"
"-7.70","","-12.80","51","754","1006","","","","5.50","","SSW","Небольшая облачность","2025-12-26 05:38"
"-7.70","","-15.00","51","754","1006","","","","5.50","","SSW","Небольшая облачность","2025-12-26 05:39"
"-7.70","","-15.00","51","754","1006","","","","5.50","","SSW","Небольшая облачность","2025-12-26 05:40"
"-7.70","","-15.00","51","754","1006","","","","5.50","","SSW","Небольшая облачность","2025-12-26 05:41"
"-7.70","","-15.00","51","754","1006","","","","5.50","","SSW","Небольшая облачность","2025-12-26 05:42"
"-7.70","","-15.00","51","754","1006","","","","2.90","","SSW","Небольшая облачность","2025-12-26 05:43"
"-7.70","","-13.20","51","754","1006","","","","1.40","","SSW","Небольшая облачность","2025-12-26 05:44"
"-7.70","","-12.10","51","754","1006","","","","3.30","","SSW","Небольшая облачность","2025-12-26 05:45"
"-7.70","","-12.30","51","754","1006","","","","1.70","","SSW","Небольшая облачность","2025-12-26 05:46"
"-7.70","","-12.30","51","754","1006","","","","1.70","","SSW","Небольшая облачность","2025-12-26 05:47"
"-7.70","","-12.30","51","754","1006","","","","2.40","","SSW","Небольшая облачность","2025-12-26 05:48"
"-7.70","","-12.80","51","754","1006","","","","2.40","","SSW","Небольшая облачность","2025-12-26 05:49"
"-7.70","","-12.80","51","754","1006","","","","2.40","","SSW","Небольшая облачность","2025-12-26 05:50"
"-7.70","","-12.80","51","753","1005","","","","4.90","","SSW","Небольшая облачность","2025-12-26 05:51"
"-7.70","","-14.60","51","753","1005","","","","4.90","","SSW","Небольшая облачность","2025-12-26 05:52"
"-7.70","","-14.60","51","753","1005","","","","4.90","","SSW","Небольшая облачность","2025-12-26 05:53"
"-7.60","","-13.80","51","753","1005","","","","4.00","","SSW","Небольшая облачность","2025-12-26 05:54"
"-7.60","","-13.80","51","753","1005","","","","4.00","","SSW","Небольшая облачность","2025-12-26 05:55"
"-7.60","","-13.80","51","753","1005","","","","3.80","","SSW","Небольшая облачность","2025-12-26 05:56"
"-7.60","","-13.70","52","753","1005","","","","3.80","","SSW","Небольшая облачность","2025-12-26 05:57"
"-7.70","","-13.20","51","753","1005","","","","2.90","","SSW","Небольшая облачность","2025-12-26 05:58"
"-7.70","","-13.20","51","753","1005","","","","2.00","","SSW","Небольшая облачность","2025-12-26 05:59"
"-7.70","","-13.20","51","753","1005","","","","2.90","","SSW","Небольшая облачность","2025-12-26 06:00"
"-7.70","","-13.40","51","753","1005","","","","3.30","","SSW","Небольшая облачность","2025-12-26 06:01"
"-7.70","","-13.40","51","753","1005","","","","3.30","","SSW","Небольшая облачность","2025-12-26 06:02"
"-7.70","","-13.40","51","753","1005","","","","3.30","","SSW","Небольшая облачность","2025-12-26 06:03"
"-7.70","","-13.10","51","753","1005","","","","2.90","","SSW","Небольшая облачность","2025-12-26 06:04"
"-7.70","","-13.20","51","753","1005","","","","1.50","","SSW","Небольшая облачность","2025-12-26 06:05"
"-7.70","","-12.20","52","753","1005","","","","1.30","","SSW","Небольшая облачность","2025-12-26 06:06"
"-7.70","","-12.20","52","753","1005","","","","1.30","","SSW","Небольшая облачность","2025-12-26 06:07"
"-7.70","","-13.10","52","753","1005","","","","2.80","","SSW","Небольшая облачность","2025-12-26 06:08"
"-7.70","","-13.10","52","753","1005","","","","2.80","","SSW","Небольшая облачность","2025-12-26 06:09"
"-7.70","","-13.00","52","753","1005","","","","2.70","","SSW","Небольшая облачность","2025-12-26 06:10"
"-7.70","","-13.00","52","753","1005","","","","2.70","","SSW","Небольшая облачность","2025-12-26 06:11"
"-7.70","","-13.00","52","753","1005","","","","2.70","","SSW","Небольшая облачность","2025-12-26 06:12"
"-7.70","","-13.00","52","753","1005","","","","2.70","","SSW","Небольшая облачность","2025-12-26 06:13"
"-7.70","","-13.00","52","753","1005","","","","2.70","","SSW","Небольшая облачность","2025-12-26 06:14"
"-7.70","","-13.00","52","753","1005","","","","2.70","","SSW","Небольшая облачность","2025-12-26 06:15"
"-7.70","","-13.00","52","753","1005","","","","2.70","","SSW","Небольшая облачность","2025-12-26 06:16"
"-7.70","","-12.60","52","753","1005","","","","2.10","","SSW","Небольшая облачность","2025-12-26 06:17"
"-7.70","","-12.60","52","753","1005","","","","2.10","","SSW","Небольшая облачность","2025-12-26 06:18"
"-7.70","","-12.60","52","753","1005","","","","2.10","","SSW","Небольшая облачность","2025-12-26 06:19"
"-7.70","","-12.60","52","753","1005","","","","2.10","","SSW","Небольшая облачность","2025-12-26 06:20"
"-7.70","","-12.60","52","753","1004","","","","2.10","","SSW","Небольшая облачность","2025-12-26 06:21"
"-7.70","","-12.60","52","753","1004","","","","2.10","","SSW","Небольшая облачность","2025-12-26 06:22"
"-7.60","","-12.50","52","753","1004","","","","2.10","","SSW","Небольшая облачность","2025-12-26 06:23"
"-7.60","","-12.50","52","753","1004","","","","2.10","","SSW","Небольшая облачность","2025-12-26 06:24"
"-7.60","","-12.50","52","753","1004","","","","2.10","","SSW","Небольшая облачность","2025-12-26 06:25"
"-7.60","","-12.50","52","753","1004","","","","2.10","","SSW","Небольшая облачность","2025-12-26 06:26"
"-7.60","","-12.50","52","753","1004","","","","2.10","","SSW","Небольшая облачность","2025-12-26 06:27"
"-7.60","","-12.50","52","753","1004","","","","2.10","","SSW","Небольшая облачность","2025-12-26 06:28"
"-7.60","","-12.50","52","753","1004","","","","2.10","","SSW","Небольшая облачность","2025-12-26 06:29"
"-7.60","","-12.50","52","753","1004","","","","2.10","","SSW","Небольшая облачность","2025-12-26 06:30"
"-7.60","","-12.50","52","753","1004","","","","2.10","","SSW","Небольшая облачность","2025-12-26 06:31"
"-7.60","","-12.50","52","753","1004","","","","2.10","","SSW","Небольшая облачность","2025-12-26 06:32"
"-7.60","","-12.50","52","753","1004","","","","2.10","","SSW","Небольшая облачность","2025-12-26 06:33"
"-7.60","","-12.50","52","753","1004","","","","2.10","","SSW","Небольшая облачность","2025-12-26 06:34"
"-7.60","","-12.50","52","753","1004","","","","2.10","","SSW","Небольшая облачность","2025-12-26 06:35"
"-7.60","","-12.50","52","753","1004","","","","2.10","","SSW","Небольшая облачность","2025-12-26 06:36"
"-7.50","","-11.40","52","753","1004","","","","0.70","","SSW","Небольшая облачность","2025-12-26 06:37"
"-7.50","","-11.40","52","753","1004","","","","0.70","","SSW","Небольшая облачность","2025-12-26 06:38"
"-7.50","","-11.40","52","753","1004","","","","0.70","","SSW","Небольшая облачность","2025-12-26 06:39"
"-7.50","","-11.40","52","753","1004","","","","0.70","","SSW","Небольшая облачность","2025-12-26 06:40"
"-7.50","","-11.40","52","753","1004","","","","0.70","","SSW","Небольшая облачность","2025-12-26 06:41"
"-7.60","","-11.50","52","753","1004","","","","2.70","","SSW","Небольшая облачность","2025-12-26 06:42"
"-7.60","","-12.90","52","753","1004","","","","2.70","","SSW","Небольшая облачность","2025-12-26 06:43"
"-7.60","","-12.90","52","753","1004","","","","2.70","","SSW","Небольшая облачность","2025-12-26 06:44"
"-7.60","","-12.90","52","753","1004","","","","2.70","","SSW","Небольшая облачность","2025-12-26 06:45"
"-7.60","","-12.90","52","753","1004","","","","2.70","","SSW","Небольшая облачность","2025-12-26 06:46"
"-7.60","","-12.90","52","753","1004","","","","2.70","","SSW","Небольшая облачность","2025-12-26 06:47"
"-7.60","","-12.90","52","753","1004","","","","2.70","","SSW","Небольшая облачность","2025-12-26 06:48"
"-7.60","","-12.90","52","753","1004","","","","2.70","","SSW","Небольшая облачность","2025-12-26 06:49"
"-7.60","","-12.90","52","753","1004","","","","0.40","","SSW","Небольшая облачность","2025-12-26 06:50"
"-7.50","","-11.20","52","753","1004","","","","0.40","","SSW","Небольшая облачность","2025-12-26 06:51"
"-7.50","","-11.20","53","753","1004","","","","0.40","","SSW","Небольшая облачность","2025-12-26 06:52"
"-7.50","","-11.20","53","753","1004","","","","0.40","","SSW","Небольшая облачность","2025-12-26 06:53"
"-7.50","","-12.00","53","753","1004","","","","1.60","","SSW","Небольшая облачность","2025-12-26 06:54"
"-7.50","","-12.00","53","753","1004","","","","1.60","","SSW","Небольшая облачность","2025-12-26 06:55"
"-7.50","","-12.00","53","753","1004","","","","1.60","","SSW","Небольшая облачность","2025-12-26 06:56"
"-7.50","","-12.00","53","753","1004","","","","1.60","","SSW","Небольшая облачность","2025-12-26 06:57"
"-7.50","","-12.00","53","753","1004","","","","1.60","","SSW","Небольшая облачность","2025-12-26 06:58"
"-7.50","","-12.00","53","753","1004","","","","1.30","","SSW","Небольшая облачность","2025-12-26 06:59"
"-7.50","","-11.80","53","753","1004","","","","1.30","","SSW","Небольшая облачность","2025-12-26 07:00"
"-7.50","","-11.80","53","753","1004","","","","1.30","","SSW","Небольшая облачность","2025-12-26 07:01"
"-7.40","","-11.80","52","753","1004","","","","1.40","","SSW","Небольшая облачность","2025-12-26 07:02"
"-7.40","","-11.80","52","753","1004","","","","1.40","","SSW","Небольшая облачность","2025-12-26 07:03"
"-7.50","","-11.90","53","753","1004","","","","1.40","","SSW","Небольшая облачность","2025-12-26 07:04"
"-7.50","","-11.90","53","753","1004","","","","1.40","","SSW","Небольшая облачность","2025-12-26 07:05"
"-7.50","","-11.90","53","753","1004","","","","1.40","","SSW","Небольшая облачность","2025-12-26 07:06"
"-7.50","","-11.90","53","753","1004","","","","1.40","","SSW","Небольшая облачность","2025-12-26 07:07"
"-7.50","","-11.90","53","753","1004","","","","1.40","","SSW","Небольшая облачность","2025-12-26 07:08"
"-7.40","","-11.80","52","753","1004","","","","1.40","","SSW","Небольшая облачность","2025-12-26 07:09"
"-7.40","","-11.80","52","753","1004","","","","1.40","","SSW","Небольшая облачность","2025-12-26 07:10"
"-7.40","","-11.50","52","753","1004","","","","1.00","","SSW","Небольшая облачность","2025-12-26 07:11"
"-7.40","","-11.50","52","753","1004","","","","1.00","","SSW","Небольшая облачность","2025-12-26 07:12"
"-7.40","","-11.60","53","753","1004","","","","1.20","","SSW","Небольшая облачность","2025-12-26 07:13"
"-7.40","","-11.60","52","753","1004","","","","1.20","","SSW","Небольшая облачность","2025-12-26 07:14"
"-7.40","","-11.60","52","753","1004","","","","1.20","","SSW","Небольшая облачность","2025-12-26 07:15"
"-7.40","","-11.60","52","753","1004","","","","1.20","","SSW","Небольшая облачность","2025-12-26 07:16"
"-7.30","","-11.50","53","753","1004","","","","1.20","","SSW","Небольшая облачность","2025-12-26 07:17"
"-7.30","","-11.50","53","753","1004","","","","1.20","","SSW","Небольшая облачность","2025-12-26 07:18"
"-7.30","","-11.50","53","753","1004","","","","1.20","","SSW","Небольшая облачность","2025-12-26 07:19"
"-7.30","","-11.50","53","753","1004","","","","1.80","","SSW","Небольшая облачность","2025-12-26 07:20"
"-7.30","","-11.50","53","753","1004","","","","1.80","","SSW","Небольшая облачность","2025-12-26 07:21"
"-7.30","","-11.90","53","753","1004","","","","1.80","","SSW","Небольшая облачность","2025-12-26 07:22"
"-7.20","","-11.80","53","753","1004","","","","1.80","","SSW","Небольшая облачность","2025-12-26 07:23"
"-7.20","","-11.40","53","753","1004","","","","1.20","","SSW","Небольшая облачность","2025-12-26 07:24"
"-7.20","","-11.40","53","753","1004","","","","1.20","","SSW","Небольшая облачность","2025-12-26 07:25"
"-7.20","","-11.40","53","753","1004","","","","2.60","","SSW","Небольшая облачность","2025-12-26 07:26"
"-7.20","","-12.40","53","753","1004","","","","2.60","","SSW","Небольшая облачность","2025-12-26 07:27"
"-7.20","","-13.40","53","753","1004","","","","4.10","","SSW","Небольшая облачность","2025-12-26 07:28"
"-7.20","","-13.40","53","753","1004","","","","4.10","","SSW","Небольшая облачность","2025-12-26 07:29"
"-7.20","","-13.40","53","753","1004","","","","4.10","","SSW","Небольшая облачность","2025-12-26 07:30"
"-7.20","","-13.40","53","753","1004","","","","2.70","","SSW","Небольшая облачность","2025-12-26 07:31"
"-7.20","","-12.50","53","753","1004","","","","2.70","","SSW","Небольшая облачность","2025-12-26 07:32"
"-7.20","","-12.50","53","753","1004","","","","2.70","","SSW","Небольшая облачность","2025-12-26 07:33"
"-7.10","","-12.90","53","753","1004","","","","3.40","","SSW","Небольшая облачность","2025-12-26 07:34"
"-7.10","","-12.90","53","753","1004","","","","3.40","","SSW","Небольшая облачность","2025-12-26 07:35"
"-7.10","","-12.90","53","753","1004","","","","3.40","","SSW","Небольшая облачность","2025-12-26 07:36"
"-7.10","","-12.60","53","753","1004","","","","3.10","","SSW","Небольшая облачность","2025-12-26 07:37"
"-7.10","","-12.60","53","753","1004","","","","3.10","","SSW","Небольшая облачность","2025-12-26 07:38"
"-7.10","","-12.60","53","753","1004","","","","3.50","","SSW","Небольшая облачность","2025-12-26 07:39"
"-7.10","","-12.90","53","753","1004","","","","3.50","","SSW","Небольшая облачность","2025-12-26 07:40"
"-7.10","","-12.90","53","753","1004","","","","3.50","","SSW","Небольшая облачность","2025-12-26 07:41"
"-7.10","","-13.20","53","753","1004","","","","3.90","","SSW","Небольшая облачность","2025-12-26 07:42"
"-7.10","","-12.90","53","753","1004","","","","3.40","","SSW","Небольшая облачность","2025-12-26 07:43"
"-7.10","","-12.90","53","753","1004","","","","2.20","","SSW","Небольшая облачность","2025-12-26 07:44"
"-7.10","","-12.00","53","753","1004","","","","2.20","","SSW","Небольшая облачность","2025-12-26 07:45"
"-7.10","","-12.00","53","753","1004","","","","4.60","","SSW","Небольшая облачность","2025-12-26 07:46"
"-7.10","","-12.20","53","753","1004","","","","2.40","","SSW","Небольшая облачность","2025-12-26 07:47"
"-7.10","","-12.20","53","753","1004","","","","1.80","","SSW","Небольшая облачность","2025-12-26 07:48"
"-7.10","","-11.70","53","753","1004","","","","1.80","","SSW","Небольшая облачность","2025-12-26 07:49"
"-7.10","","-11.90","53","753","1004","","","","2.00","","SSW","Небольшая облачность","2025-12-26 07:50"
"-7.10","","-13.00","53","753","1004","","","","3.60","","SSW","Небольшая облачность","2025-12-26 07:51"
"-7.10","","-13.00","53","753","1004","","","","2.90","","SSW","Небольшая облачность","2025-12-26 07:52"
"-7.10","","-13.00","53","753","1004","","","","2.90","","SSW","Небольшая облачность","2025-12-26 07:53"
"-7.10","","-12.50","53","753","1004","","","","1.30","","SSW","Небольшая облачность","2025-12-26 07:54"
"-7.10","","-12.80","53","753","1004","","","","3.30","","SSW","Небольшая облачность","2025-12-26 07:55"
"-7.10","","-12.80","53","753","1004","","","","3.30","","SSW","Небольшая облачность","2025-12-26 07:56"
"-7.10","","-12.80","53","753","1004","","","","3.30","","SSW","Небольшая облачность","2025-12-26 07:57"
"-7.10","","-12.80","53","753","1004","","","","3.30","","SSW","Небольшая облачность","2025-12-26 07:58"
"-7.10","","-11.90","53","753","1004","","","","2.10","","SSW","Небольшая облачность","2025-12-26 07:59"
"-7.10","","-11.90","53","753","1004","","","","2.10","","SSW","Небольшая облачность","2025-12-26 08:00"
"-7.10","","-11.90","53","753","1004","","","","2.10","","SSW","Небольшая облачность","2025-12-26 08:01"
"-7.00","","-11.00","53","753","1004","","","","0.90","","SSW","Небольшая облачность","2025-12-26 08:02"
"-7.00","","-11.00","53","753","1004","","","","0.90","","SSW","Небольшая облачность","2025-12-26 08:03"
"-7.00","","-11.00","53","753","1004","","","","0.90","","SSW","Небольшая облачность","2025-12-26 08:04"
"-7.00","","-11.80","53","753","1004","","","","2.10","","SSW","Небольшая облачность","2025-12-26 08:05"
"-7.00","","-11.80","53","752","1003","","","","3.30","","SSW","Небольшая облачность","2025-12-26 08:06"
"-7.00","","-12.70","53","752","1003","","","","4.40","","SSW","Небольшая облачность","2025-12-26 08:07"
"-7.00","","-13.40","53","752","1003","","","","3.50","","SSW","Небольшая облачность","2025-12-26 08:08"
"-7.00","","-13.40","53","752","1003","","","","3.50","","SSW","Небольшая облачность","2025-12-26 08:09"
"-7.00","","-11.70","53","752","1003","","","","1.90","","SSW","Небольшая облачность","2025-12-26 08:10"
"-7.00","","-11.70","53","752","1003","","","","2.60","","SSW","Небольшая облачность","2025-12-26 08:11"
"-7.00","","-12.20","53","752","1003","","","","2.60","","SSW","Небольшая облачность","2025-12-26 08:12"
"-7.00","","-12.90","53","752","1003","","","","3.60","","SSW","Небольшая облачность","2025-12-26 08:13"
"-7.00","","-12.90","53","752","1003","","","","3.60","","SSW","Небольшая облачность","2025-12-26 08:14"
"-7.00","","-12.90","53","752","1003","","","","3.60","","SSW","Небольшая облачность","2025-12-26 08:15"
"-7.00","","-12.90","53","752","1003","","","","3.60","","SSW","Небольшая облачность","2025-12-26 08:16"
"-7.00","","-13.60","53","752","1003","","","","4.60","","SSW","Небольшая облачность","2025-12-26 08:17"
"-7.00","","-13.60","53","752","1003","","","","4.60","","SSW","Небольшая облачность","2025-12-26 08:18"
"-7.00","","-13.60","53","752","1003","","","","4.60","","SSW","Небольшая облачность","2025-12-26 08:19"
"-7.00","","-13.60","53","752","1003","","","","2.90","","SSW","Небольшая облачность","2025-12-26 08:20"
"-7.00","","-12.40","53","752","1003","","","","2.90","","SSW","Небольшая облачность","2025-12-26 08:21"
"-6.90","","-12.30","53","752","1003","","","","2.90","","SSW","Небольшая облачность","2025-12-26 08:22"
"-6.90","","-12.30","53","752","1003","","","","2.90","","SSW","Небольшая облачность","2025-12-26 08:23"
"-6.90","","-12.30","53","752","1003","","","","2.90","","SSW","Небольшая облачность","2025-12-26 08:24"
"-6.90","","-11.50","53","752","1003","","","","1.70","","SSW","Небольшая облачность","2025-12-26 08:25"
"-6.90","","-11.30","53","752","1003","","","","1.50","","SSW","Небольшая облачность","2025-12-26 08:26"
"-6.90","","-11.30","53","752","1003","","","","1.50","","SSW","Небольшая облачность","2025-12-26 08:27"
"-6.90","","-11.30","53","752","1003","","","","3.90","","SSW","Небольшая облачность","2025-12-26 08:28"
"-6.90","","-13.00","53","752","1003","","","","3.90","","SSW","Небольшая облачность","2025-12-26 08:29"
"-6.90","","-13.00","53","752","1003","","","","3.60","","SSW","Небольшая облачность","2025-12-26 08:30"
"-6.90","","-12.80","53","752","1003","","","","3.60","","SSW","Переменная облачность","2025-12-26 08:31"
"-6.80","","-12.10","53","752","1003","","","","2.80","","SSW","Переменная облачность","2025-12-26 08:32"
"-6.80","","-12.10","53","752","1003","","","","2.80","","SSW","Переменная облачность","2025-12-26 08:33"
"-6.80","","-11.40","53","752","1003","","","","1.80","","SSW","Переменная облачность","2025-12-26 08:34"
"-6.80","","-11.10","53","752","1003","","","","1.40","","SSW","Переменная облачность","2025-12-26 08:35"
"-6.70","","-11.00","54","751","1002","","","","1.40","","SSW","Переменная облачность","2025-12-26 08:36"
"-6.70","","-11.90","54","751","1002","","","","3.60","","SSW","Переменная облачность","2025-12-26 08:37"
"-6.70","","-12.60","54","751","1002","","","","3.60","","SSW","Переменная облачность","2025-12-26 08:38"
"-6.70","","-12.60","54","751","1002","","","","3.60","","SSW","Переменная облачность","2025-12-26 08:39"
"-6.70","","-12.70","54","751","1002","","","","3.80","","SSW","Переменная облачность","2025-12-26 08:40"
"-6.60","","-12.70","54","751","1002","","","","4.00","","SSW","Переменная облачность","2025-12-26 08:41"
"-6.60","","-12.70","54","751","1002","","","","4.00","","SSW","Переменная облачность","2025-12-26 08:42"
"-6.60","","-12.70","54","751","1002","","","","2.20","","SSW","Переменная облачность","2025-12-26 08:43"
"-6.60","","-11.50","54","751","1002","","","","2.20","","SSW","Переменная облачность","2025-12-26 08:44"
"-6.60","","-11.50","54","751","1002","","","","2.60","","SSW","Переменная облачность","2025-12-26 08:45"
"-6.60","","-11.80","54","751","1002","","","","2.60","","SSW","Переменная облачность","2025-12-26 08:46"
"-6.60","","-11.00","54","751","1002","","","","1.50","","SSW","Переменная облачность","2025-12-26 08:47"
"-6.60","","-11.00","54","751","1002","","","","1.50","","SSW","Переменная облачность","2025-12-26 08:48"
"-6.60","","-11.50","54","751","1002","","","","2.20","","SSW","Переменная облачность","2025-12-26 08:49"
"-6.60","","-11.50","54","751","1002","","","","2.20","","SSW","Переменная облачность","2025-12-26 08:50"
"-6.60","","-11.50","54","751","1002","","","","2.20","","SSW","Переменная облачность","2025-12-26 08:51"
"-6.50","","-11.40","54","751","1002","","","","2.50","","SSW","Переменная облачность","2025-12-26 08:52"
"-6.50","","-11.40","54","751","1002","","","","2.50","","SSW","Переменная облачность","2025-12-26 08:53"
"-6.60","","-12.00","54","751","1002","","","","1.90","","SSW","Переменная облачность","2025-12-26 08:54"
"-6.60","","-11.30","54","751","1002","","","","1.90","","SSW","Переменная облачность","2025-12-26 08:55"
"-6.60","","-11.30","54","751","1002","","","","1.90","","SSW","Переменная облачность","2025-12-26 08:56"
"-6.60","","-11.30","54","751","1002","","","","1.90","","SSW","Переменная облачность","2025-12-26 08:57"
"-6.60","","-11.30","54","751","1002","","","","1.90","","SSW","Переменная облачность","2025-12-26 08:58"
"-6.60","","-13.00","53","751","1002","","","","4.30","","SSW","Переменная облачность","2025-12-26 08:59"
"-6.60","","-13.00","53","751","1002","","","","3.40","","SSW","Переменная облачность","2025-12-26 09:00"
"-6.60","","-13.00","53","751","1002","","","","3.40","","SSW","Переменная облачность","2025-12-26 09:01"
"-6.60","","-12.00","53","751","1002","","","","2.90","","SSW","Переменная облачность","2025-12-26 09:02"
"-6.60","","-12.00","53","751","1002","","","","2.90","","SSW","Переменная облачность","2025-12-26 09:03"
"-6.60","","-12.00","53","751","1002","","","","2.90","","SSW","Переменная облачность","2025-12-26 09:04"
"-6.60","","-12.00","54","751","1002","","","","4.00","","SSW","Переменная облачность","2025-12-26 09:05"
"-6.60","","-12.00","54","751","1002","","","","4.00","","SSW","Переменная облачность","2025-12-26 09:06"
"-6.60","","-11.80","54","751","1002","","","","2.60","","SSW","Переменная облачность","2025-12-26 09:07"
"-6.60","","-11.80","54","751","1002","","","","2.60","","SSW","Переменная облачность","2025-12-26 09:08"
"-6.60","","-11.80","54","751","1002","","","","2.60","","SSW","Переменная облачность","2025-12-26 09:09"
"-6.60","","-11.60","54","751","1002","","","","2.40","","SSW","Переменная облачность","2025-12-26 09:10"
"-6.60","","-11.30","54","751","1002","","","","1.90","","SSW","Переменная облачность","2025-12-26 09:11"
"-6.60","","-11.30","54","751","1002","","","","1.90","","SSW","Переменная облачность","2025-12-26 09:12"
"-6.60","","-11.30","54","751","1002","","","","1.90","","SSW","Переменная облачность","2025-12-26 09:13"
"-6.60","","-11.30","54","751","1002","","","","3.60","","SSW","Переменная облачность","2025-12-26 09:14"
"-6.60","","-11.30","54","751","1002","","","","3.60","","SSW","Переменная облачность","2025-12-26 09:15"
"-6.60","","-11.80","54","751","1002","","","","2.70","","SSW","Переменная облачность","2025-12-26 09:16"
"-6.60","","-11.90","54","751","1002","","","","2.80","","SSW","Переменная облачность","2025-12-26 09:17"
"-6.60","","-11.30","54","751","1002","","","","2.60","","SSW","Переменная облачность","2025-12-26 09:18"
"-6.50","","-11.60","54","751","1002","","","","2.60","","SSW","Переменная облачность","2025-12-26 09:19"
"-6.50","","-11.90","54","751","1002","","","","2.90","","SSW","Переменная облачность","2025-12-26 09:20"
"-6.50","","-11.00","54","751","1002","","","","1.70","","SSW","Переменная облачность","2025-12-26 09:21"
"-6.50","","-11.00","54","751","1002","","","","1.70","","SSW","Переменная облачность","2025-12-26 09:22"
"-6.50","","-11.00","54","751","1002","","","","1.70","","SSW","Переменная облачность","2025-12-26 09:23"
"-6.50","","-11.20","54","751","1002","","","","2.00","","SSW","Переменная облачность","2025-12-26 09:24"
"-6.50","","-11.20","54","751","1002","","","","2.00","","SSW","Переменная облачность","2025-12-26 09:25"
"-6.50","","-11.20","54","751","1002","","","","3.80","","SSW","Переменная облачность","2025-12-26 09:26"
"-6.50","","-12.50","54","751","1002","","","","3.80","","SSW","Переменная облачность","2025-12-26 09:27"
"-6.40","","-11.50","53","751","1002","","","","1.90","","SSW","Переменная облачность","2025-12-26 09:28"
"-6.40","","-11.10","53","751","1002","","","","1.90","","SSW","Переменная облачность","2025-12-26 09:29"
"-6.40","","-11.10","53","751","1002","","","","1.90","","SSW","Переменная облачность","2025-12-26 09:30"
"-6.40","","-11.10","53","751","1002","","","","1.90","","SSW","Переменная облачность","2025-12-26 09:31"
"-6.40","","-11.10","53","751","1002","","","","1.90","","SSW","Переменная облачность","2025-12-26 09:32"
"-6.40","","-11.20","53","751","1002","","","","2.10","","SSW","Переменная облачность","2025-12-26 09:33"
"-6.40","","-11.20","53","751","1002","","","","2.10","","SSW","Переменная облачность","2025-12-26 09:34"
"-6.40","","-12.50","53","751","1002","","","","3.90","","SSW","Переменная облачность","2025-12-26 09:35"
"-6.40","","-12.50","53","751","1002","","","","3.90","","SSW","Переменная облачность","2025-12-26 09:36"
"-6.40","","-11.90","53","751","1002","","","","3.10","","SSW","Переменная облачность","2025-12-26 09:37"
"-6.40","","-11.90","53","751","1002","","","","3.10","","SSW","Переменная облачность","2025-12-26 09:38"
"-6.40","","-11.90","53","751","1002","","","","3.10","","SSW","Переменная облачность","2025-12-26 09:39"
"-6.40","","-13.60","53","751","1002","","","","2.90","","SSW","Переменная облачность","2025-12-26 09:40"
"-6.40","","-11.80","53","751","1002","","","","2.90","","SSW","Небольшая облачность","2025-12-26 09:41"
"-6.40","","-11.40","53","751","1002","","","","2.40","","SSW","Небольшая облачность","2025-12-26 09:42"
"-6.40","","-11.40","53","751","1002","","","","1.90","","SSW","Небольшая облачность","2025-12-26 09:43"
"-6.40","","-11.10","53","751","1002","","","","1.90","","SSW","Небольшая облачность","2025-12-26 09:44"
"-6.40","","-11.10","53","751","1002","","","","1.90","","SSW","Небольшая облачность","2025-12-26 09:45"
"-6.40","","-11.10","53","751","1002","","","","1.90","","SSW","Небольшая облачность","2025-12-26 09:46"
"-6.40","","-11.00","53","751","1002","","","","1.80","","SSW","Небольшая облачность","2025-12-26 09:47"
"-6.40","","-11.00","53","751","1002","","","","1.90","","SSW","Небольшая облачность","2025-12-26 09:48"
"-6.40","","-11.00","53","751","1002","","","","1.90","","SSW","Небольшая облачность","2025-12-26 09:49"
"-6.30","","-11.00","53","751","1002","","","","1.90","","SSW","Небольшая облачность","2025-12-26 09:50"
"-6.30","","-12.70","53","751","1002","","","","4.40","","SSW","Небольшая облачность","2025-12-26 09:51"
"-6.30","","-12.70","53","751","1002","","","","4.40","","SSW","Небольшая облачность","2025-12-26 09:52"
"-6.40","","-12.80","53","751","1002","","","","4.40","","SSW","Небольшая облачность","2025-12-26 09:53"
"-6.40","","-12.80","53","751","1002","","","","2.50","","SSW","Небольшая облачность","2025-12-26 09:54"
"-6.40","","-11.50","53","751","1002","","","","2.50","","SSW","Небольшая облачность","2025-12-26 09:55"
"-6.40","","-11.50","53","751","1002","","","","2.50","","SSW","Небольшая облачность","2025-12-26 09:56"
"-6.40","","-11.80","53","751","1002","","","","3.00","","SSW","Небольшая облачность","2025-12-26 09:57"
"-6.40","","-11.80","53","751","1002","","","","3.00","","SSW","Небольшая облачность","2025-12-26 09:58"
"-6.40","","-12.10","53","751","1002","","","","3.40","","SSW","Небольшая облачность","2025-12-26 09:59"
"-6.40","","-12.10","53","751","1002","","","","3.40","","SSW","Небольшая облачность","2025-12-26 10:00"
"-6.40","","-12.10","53","751","1002","","","","3.40","","SSW","Небольшая облачность","2025-12-26 10:01"
"-6.40","","-12.10","53","751","1002","","","","3.60","","SSW","Небольшая облачность","2025-12-26 10:02"
"-6.40","","-12.30","53","751","1002","","","","3.60","","SSW","Небольшая облачность","2025-12-26 10:03"
"-6.40","","-12.30","53","751","1002","","","","1.30","","SSW","Небольшая облачность","2025-12-26 10:04"
"-6.30","","-10.50","53","751","1002","","","","1.30","","SSW","Небольшая облачность","2025-12-26 10:05"
"-6.30","","-10.50","53","751","1002","","","","1.30","","SSW","Небольшая облачность","2025-12-26 10:06"
"-6.30","","-13.00","53","751","1002","","","","4.80","","SSW","Небольшая облачность","2025-12-26 10:07"
"-6.30","","-13.00","53","751","1002","","","","2.50","","SSW","Небольшая облачность","2025-12-26 10:08"
"-6.30","","-11.40","53","751","1002","","","","2.60","","SSW","Небольшая облачность","2025-12-26 10:09"
"-6.30","","-11.50","53","751","1002","","","","2.60","","SSW","Небольшая облачность","2025-12-26 10:10"
"-6.30","","-11.50","53","751","1002","","","","2.60","","SSW","Небольшая облачность","2025-12-26 10:11"
"-6.30","","-11.40","53","751","1002","","","","1.60","","SSW","Небольшая облачность","2025-12-26 10:12"
"-6.30","","-10.70","54","751","1002","","","","1.60","","SSW","Небольшая облачность","2025-12-26 10:13"
"-6.30","","-10.70","54","751","1002","","","","1.60","","SSW","Небольшая облачность","2025-12-26 10:14"
"-6.20","","-10.60","54","751","1002","","","","1.60","","SSW","Небольшая облачность","2025-12-26 10:15"
"-6.20","","-11.80","54","751","1002","","","","3.30","","SSW","Небольшая облачность","2025-12-26 10:16"
"-6.20","","-11.80","54","751","1002","","","","1.90","","SSW","Небольшая облачность","2025-12-26 10:17"
"-6.20","","-11.80","54","751","1002","","","","1.90","","SSW","Небольшая облачность","2025-12-26 10:18"
"-6.20","","-11.80","54","751","1002","","","","1.90","","SSW","Небольшая облачность","2025-12-26 10:19"
"-6.20","","-11.80","54","751","1002","","","","3.30","","SSW","Небольшая облачность","2025-12-26 10:20"
"-6.20","","-11.30","54","750","1001","","","","2.50","","SSW","Небольшая облачность","2025-12-26 10:21"
"-6.20","","-11.20","54","750","1001","","","","2.40","","SSW","Небольшая облачность","2025-12-26 10:22"
"-6.20","","-11.20","54","750","1001","","","","2.40","","SSW","Небольшая облачность","2025-12-26 10:23"
"-6.10","","-10.70","54","750","1001","","","","1.90","","SSW","Небольшая облачность","2025-12-26 10:24"
"-6.10","","-10.70","54","750","1001","","","","1.90","","SSW","Небольшая облачность","2025-12-26 10:25"
"-6.10","","-10.50","54","750","1001","","","","1.60","","SSW","Небольшая облачность","2025-12-26 10:26"
"-6.10","","-10.50","54","750","1001","","","","1.60","","SSW","Небольшая облачность","2025-12-26 10:27"
"-6.10","","-10.50","54","750","1001","","","","2.00","","SSW","Небольшая облачность","2025-12-26 10:28"
"-6.10","","-10.80","54","750","1001","","","","2.00","","SSW","Небольшая облачность","2025-12-26 10:29"
"-6.10","","-10.90","54","750","1001","","","","2.20","","SSW","Небольшая облачность","2025-12-26 10:30"
"-6.10","","-10.90","54","750","1001","","","","2.20","","SSW","Небольшая облачность","2025-12-26 10:31"
"-6.10","","-10.90","54","750","1001","","","","2.20","","SSW","Небольшая облачность","2025-12-26 10:32"
"-6.10","","-11.10","54","750","1001","","","","2.40","","SSW","Небольшая облачность","2025-12-26 10:33"
"-6.10","","-11.10","54","750","1001","","","","1.40","","SSW","Небольшая облачность","2025-12-26 10:34"
"-6.10","","-10.50","54","750","1001","","","","1.50","","SSW","Небольшая облачность","2025-12-26 10:35"
"-6.10","","-10.50","54","750","1001","","","","1.50","","SSW","Небольшая облачность","2025-12-26 10:36"
"-6.10","","-10.50","54","750","1001","","","","1.50","","SSW","Небольшая облачность","2025-12-26 10:37"
"-6.10","","-11.90","54","750","1001","","","","1.90","","SSW","Небольшая облачность","2025-12-26 10:38"
"-6.10","","-11.90","54","750","1001","","","","1.90","","SSW","Небольшая облачность","2025-12-26 10:39"
"-6.10","","-10.70","54","750","1001","","","","0.70","","SSW","Небольшая облачность","2025-12-26 10:40"
"-6.10","","-10.70","54","750","1001","","","","1.20","","SSW","Небольшая облачность","2025-12-26 10:41"
"-6.10","","-10.20","54","750","1001","","","","2.60","","SSW","Небольшая облачность","2025-12-26 10:42"
"-6.10","","-11.20","54","750","1001","","","","2.60","","SSW","Небольшая облачность","2025-12-26 10:43"
"-6.10","","-11.20","54","750","1001","","","","2.60","","SSW","Небольшая облачность","2025-12-26 10:44"
"-6.10","","-11.20","54","750","1001","","","","2.60","","SSW","Небольшая облачность","2025-12-26 10:45"
"-6.10","","-11.20","54","750","1001","","","","1.80","","SSW","Небольшая облачность","2025-12-26 10:46"
"-6.10","","-11.20","54","750","1001","","","","1.80","","SSW","Небольшая облачность","2025-12-26 10:47"
"-6.10","","-10.70","54","750","1001","","","","4.20","","SSW","Небольшая облачность","2025-12-26 10:48"
"-6.10","","-12.30","54","750","1001","","","","4.20","","SSW","Небольшая облачность","2025-12-26 10:49"
"-6.10","","-12.30","54","750","1001","","","","2.80","","SSW","Небольшая облачность","2025-12-26 10:50"
"-6.10","","-12.30","54","750","1001","","","","2.80","","SSW","Небольшая облачность","2025-12-26 10:51"
"-6.10","","-10.20","54","750","1001","","","","1.20","","SSW","Небольшая облачность","2025-12-26 10:52"
"-6.10","","-10.20","54","750","1001","","","","2.60","","SSW","Небольшая облачность","2025-12-26 10:53"
"-6.10","","-11.20","54","750","1001","","","","2.60","","SSW","Небольшая облачность","2025-12-26 10:54"
"-6.10","","-11.20","54","750","1001","","","","2.50","","SSW","Небольшая облачность","2025-12-26 10:55"
"-6.10","","-11.20","54","750","1001","","","","2.70","","SSW","Небольшая облачность","2025-12-26 10:56"
"-6.10","","-11.30","54","750","1001","","","","2.70","","SSW","Небольшая облачность","2025-12-26 10:57"
"-6.10","","-10.20","54","750","1001","","","","1.20","","SSW","Небольшая облачность","2025-12-26 10:58"
"-6.10","","-10.20","54","750","1001","","","","1.20","","SSW","Небольшая облачность","2025-12-26 10:59"
"-6.10","","-11.60","54","750","1001","","","","3.20","","SSW","Небольшая облачность","2025-12-26 11:00"
"-6.10","","-11.60","54","750","1001","","","","1.50","","SSW","Небольшая облачность","2025-12-26 11:01"
"-6.10","","-11.60","54","750","1001","","","","3.50","","SSW","Небольшая облачность","2025-12-26 11:02"
"-6.10","","-11.90","54","750","1001","","","","3.50","","SSW","Небольшая облачность","2025-12-26 11:03"
"-6.10","","-11.90","54","750","1001","","","","1.90","","SSW","Небольшая облачность","2025-12-26 11:04"
"-6.10","","-10.50","54","750","1001","","","","1.50","","SSW","Небольшая облачность","2025-12-26 11:05"
"-6.00","","-10.40","54","750","1001","","","","1.50","","SSW","Небольшая облачность","2025-12-26 11:06"
"-6.10","","-10.50","54","750","1001","","","","1.50","","SSW","Небольшая облачность","2025-12-26 11:07"
"-6.10","","-10.50","54","750","1001","","","","1.50","","SSW","Небольшая облачность","2025-12-26 11:08"
"-6.10","","-11.60","54","750","1001","","","","1.70","","SSW","Небольшая облачность","2025-12-26 11:09"
"-6.10","","-11.60","54","750","1001","","","","1.70","","SSW","Небольшая облачность","2025-12-26 11:10"
"-6.10","","-10.60","54","750","1001","","","","3.60","","SSW","Небольшая облачность","2025-12-26 11:11"
"-6.10","","-10.60","54","750","1001","","","","3.60","","SSW","Небольшая облачность","2025-12-26 11:12"
"-6.10","","-10.60","54","750","1001","","","","3.60","","SSW","Небольшая облачность","2025-12-26 11:13"
"-6.10","","-11.90","54","750","1001","","","","2.40","","SSW","Небольшая облачность","2025-12-26 11:14"
"-6.10","","-11.10","54","750","1001","","","","2.40","","SSW","Небольшая облачность","2025-12-26 11:15"
"-6.00","","-10.40","54","750","1001","","","","1.60","","SSW","Небольшая облачность","2025-12-26 11:16"
"-6.00","","-10.00","54","750","1001","","","","1.00","","SSW","Небольшая облачность","2025-12-26 11:17"
"-6.00","","-10.00","54","750","1001","","","","1.00","","SSW","Небольшая облачность","2025-12-26 11:18"
"-6.00","","-10.00","54","750","1001","","","","1.00","","SSW","Небольшая облачность","2025-12-26 11:19"
"-6.00","","-12.40","54","750","1001","","","","4.40","","SSW","Небольшая облачность","2025-12-26 11:20"
"-6.00","","-12.40","54","750","1001","","","","4.40","","SSW","Небольшая облачность","2025-12-26 11:21"
"-6.00","","-10.60","54","750","1000","","","","1.90","","SSW","Небольшая облачность","2025-12-26 11:22"
"-6.00","","-10.60","54","750","1000","","","","1.90","","SSW","Небольшая облачность","2025-12-26 11:23"
"-6.00","","-11.10","54","750","1000","","","","2.60","","SSW","Небольшая облачность","2025-12-26 11:24"
"-6.00","","-11.40","54","750","1000","","","","3.00","","SSW","Небольшая облачность","2025-12-26 11:25"
"-6.00","","-11.40","54","750","1000","","","","3.00","","SSW","Небольшая облачность","2025-12-26 11:26"
"-6.00","","-11.40","54","750","1000","","","","1.60","","SSW","Небольшая облачность","2025-12-26 11:27"
"-6.00","","-10.40","54","750","1000","","","","1.60","","SSW","Небольшая облачность","2025-12-26 11:28"
"-6.00","","-10.70","54","750","1000","","","","2.00","","SSW","Небольшая облачность","2025-12-26 11:29"
"-6.00","","-10.70","54","750","1000","","","","2.60","","SSW","Небольшая облачность","2025-12-26 11:30"
"-6.00","","-10.50","54","750","1000","","","","1.70","","SSW","Небольшая облачность","2025-12-26 11:31"
"-6.00","","-10.50","54","750","1000","","","","1.00","","SSW","Небольшая облачность","2025-12-26 11:32"
"-6.00","","-10.50","54","750","1000","","","","1.00","","SSW","Небольшая облачность","2025-12-26 11:33"
"-5.90","","-9.90","54","750","1000","","","","1.60","","SSW","Небольшая облачность","2025-12-26 11:34"
"-6.00","","-10.10","54","750","1000","","","","1.20","","SSW","Небольшая облачность","2025-12-26 11:35"
"-5.90","","-10.00","54","750","1000","","","","1.20","","SSW","Небольшая облачность","2025-12-26 11:36"
"-5.90","","-10.00","54","750","1000","","","","1.20","","SSW","Небольшая облачность","2025-12-26 11:37"
"-5.90","","-10.40","54","750","1000","","","","1.70","","SSW","Небольшая облачность","2025-12-26 11:38"
"-6.00","","-11.10","54","750","1000","","","","2.60","","SSW","Небольшая облачность","2025-12-26 11:39"
"-6.00","","-11.10","54","750","1000","","","","1.80","","SSW","Небольшая облачность","2025-12-26 11:40"
"-6.00","","-11.10","54","750","1000","","","","1.40","","SSW","Небольшая облачность","2025-12-26 11:41"
"-6.00","","-10.30","54","750","1000","","","","1.40","","SSW","Небольшая облачность","2025-12-26 11:42"
"-6.00","","-10.30","54","750","1000","","","","1.40","","SSW","Небольшая облачность","2025-12-26 11:43"
"-5.90","","-10.20","54","750","1000","","","","1.50","","SSW","Небольшая облачность","2025-12-26 11:44"
"-5.90","","-10.20","54","750","1000","","","","1.50","","SSW","Небольшая облачность","2025-12-26 11:45"
"-5.90","","-10.20","54","750","1000","","","","1.50","","SSW","Небольшая облачность","2025-12-26 11:46"
"-5.90","","-10.50","54","750","1000","","","","1.90","","SSW","Небольшая облачность","2025-12-26 11:47"
"-5.90","","-10.20","54","750","1000","","","","1.50","","SSW","Небольшая облачность","2025-12-26 11:48"
"-5.90","","-10.20","54","750","1000","","","","3.10","","SSW","Небольшая облачность","2025-12-26 11:49"
"-5.90","","-11.40","54","750","1000","","","","3.10","","SSW","Небольшая облачность","2025-12-26 11:50"
"-5.90","","-11.40","54","750","1000","","","","3.10","","SSW","Небольшая облачность","2025-12-26 11:51"
"-5.90","","-11.40","54","750","1000","","","","3.10","","SSW","Небольшая облачность","2025-12-26 11:52"
"-5.90","","-11.40","54","750","1000","","","","3.10","","SSW","Небольшая облачность","2025-12-26 11:53"
"-5.90","","-12.20","54","750","1000","","","","4.30","","SSW","Небольшая облачность","2025-12-26 11:54"
"-5.90","","-12.20","54","750","1000","","","","4.30","","SSW","Небольшая облачность","2025-12-26 11:55"
"-5.90","","-12.20","54","750","1000","","","","3.40","","SSW","Небольшая облачность","2025-12-26 11:56"
"-5.90","","-11.60","54","750","1000","","","","3.40","","SSW","Небольшая облачность","2025-12-26 11:57"
"-5.90","","-10.20","54","750","1000","","","","1.50","","SSW","Небольшая облачность","2025-12-26 11:58"
"-5.90","","-10.50","54","750","1000","","","","1.80","","SSW","Небольшая облачность","2025-12-26 11:59"
"-5.90","","-11.40","54","750","1000","","","","3.20","","SSW","Небольшая облачность","2025-12-26 12:00"
"-5.90","","-11.40","55","750","1000","","","","3.20","","SSW","Переменная облачность","2025-12-26 12:01"
"-5.90","","-10.60","55","750","1000","","","","2.00","","SSW","Переменная облачность","2025-12-26 12:02"
"-5.90","","-11.10","55","750","1000","","","","2.70","","SSW","Переменная облачность","2025-12-26 12:03"
"-5.90","","-11.10","55","750","1000","","","","2.70","","SSW","Переменная облачность","2025-12-26 12:04"
"-5.90","","-11.10","55","750","1000","","","","2.70","","SSW","Переменная облачность","2025-12-26 12:05"
"-5.90","","-11.10","55","750","1000","","","","2.70","","SSW","Переменная облачность","2025-12-26 12:06"
"-5.90","","-11.10","55","750","1000","","","","2.70","","SSW","Переменная облачность","2025-12-26 12:07"
"-5.90","","-11.10","55","750","1000","","","","2.70","","SSW","Переменная облачность","2025-12-26 12:08"
"-5.90","","-11.10","55","750","1000","","","","2.70","","SSW","Переменная облачность","2025-12-26 12:09"
"-5.90","","-11.10","55","750","1000","","","","2.70","","SSW","Переменная облачность","2025-12-26 12:10"
"-5.90","","-11.10","55","750","1000","","","","2.70","","SSW","Переменная облачность","2025-12-26 12:11"
"-5.90","","-11.10","55","750","1000","","","","2.70","","SSW","Переменная облачность","2025-12-26 12:12"
"-5.80","","-11.00","55","750","1000","","","","2.70","","SSW","Переменная облачность","2025-12-26 12:13"
"-5.80","","-11.00","55","750","1000","","","","2.70","","SSW","Переменная облачность","2025-12-26 12:14"
"-5.80","","-11.00","55","750","1000","","","","2.70","","SSW","Переменная облачность","2025-12-26 12:15"
"-5.80","","-11.00","55","750","1000","","","","2.70","","SSW","Переменная облачность","2025-12-26 12:16"
"-5.80","","-11.00","55","750","1000","","","","2.70","","SSW","Переменная облачность","2025-12-26 12:17"
"-5.80","","-11.00","55","750","1000","","","","2.70","","SSW","Переменная облачность","2025-12-26 12:18"
"-5.80","","-11.00","55","750","1000","","","","2.70","","SSW","Переменная облачность","2025-12-26 12:19"
"-5.80","","-11.00","55","750","1000","","","","2.70","","SSW","Переменная облачность","2025-12-26 12:20"
"-5.80","","-11.00","55","750","1000","","","","2.70","","SSW","Переменная облачность","2025-12-26 12:21"
"-5.80","","-11.00","55","750","1000","","","","2.70","","SSW","Переменная облачность","2025-12-26 12:22"
"-5.80","","-11.00","55","750","1000","","","","2.70","","SSW","Переменная облачность","2025-12-26 12:23"
"-5.80","","-11.00","55","750","1000","","","","2.70","","SSW","Переменная облачность","2025-12-26 12:24"
"-5.80","","-11.00","55","750","1000","","","","3.60","","SSW","Переменная облачность","2025-12-26 12:25"
"-5.80","","-11.00","55","750","1000","","","","3.60","","SSW","Переменная облачность","2025-12-26 12:26"
"-5.70","","-11.50","55","750","1000","","","","3.60","","SSW","Переменная облачность","2025-12-26 12:27"
"-5.70","","-11.50","55","750","1000","","","","3.60","","SSW","Переменная облачность","2025-12-26 12:28"
"-5.70","","-11.50","55","750","1000","","","","3.60","","SSW","Переменная облачность","2025-12-26 12:29"
"-5.70","","-11.50","55","750","1000","","","","3.60","","SSW","Переменная облачность","2025-12-26 12:30"
"-5.70","","-11.50","55","750","1000","","","","3.60","","SSW","Переменная облачность","2025-12-26 12:31"
"-5.70","","-11.50","55","750","1000","","","","3.60","","SSW","Переменная облачность","2025-12-26 12:32"
"-5.70","","-11.50","55","750","1000","","","","3.60","","SSW","Переменная облачность","2025-12-26 12:33"
"-5.70","","-11.50","55","750","1000","","","","3.60","","SSW","Переменная облачность","2025-12-26 12:34"
"-5.70","","-11.50","55","750","1000","","","","3.60","","SSW","Переменная облачность","2025-12-26 12:35"
"-5.60","","-11.40","55","750","1000","","","","3.60","","SSW","Облачно","2025-12-26 12:36"
"-5.60","","-11.40","55","750","1000","","","","3.60","","SSW","Облачно","2025-12-26 12:37"
"-5.60","","-11.40","55","750","1000","","","","3.60","","SSW","Облачно","2025-12-26 12:38"
"-5.60","","-11.40","55","750","1000","","","","3.60","","SSW","Облачно","2025-12-26 12:39"
"-5.60","","-11.40","55","750","1000","","","","3.60","","SSW","Облачно","2025-12-26 12:40"
"-5.60","","-11.40","55","750","1000","","","","3.60","","SSW","Облачно","2025-12-26 12:41"
"-5.60","","-11.40","55","750","1000","","","","3.10","","SSW","Облачно","2025-12-26 12:42"
"-5.60","","-11.00","55","750","1000","","","","3.10","","SSW","Облачно","2025-12-26 12:43"
"-5.60","","-11.00","55","750","1000","","","","3.10","","SSW","Облачно","2025-12-26 12:44"
"-5.60","","-11.00","55","750","1000","","","","3.10","","SSW","Облачно","2025-12-26 12:45"
"-5.60","","-11.00","55","750","1000","","","","3.10","","SSW","Облачно","2025-12-26 12:46"
"-5.60","","-11.00","55","750","1000","","","","3.10","","SSW","Облачно","2025-12-26 12:47"
"-5.60","","-11.00","55","750","1000","","","","3.10","","SSW","Облачно","2025-12-26 12:48"
"-5.60","","-11.00","55","750","1000","","","","3.10","","SSW","Облачно","2025-12-26 12:49"
"-5.60","","-11.00","55","750","1000","","","","3.10","","SSW","Облачно","2025-12-26 12:50"
"-5.60","","-11.00","55","750","1000","","","","3.10","","SSW","Облачно","2025-12-26 12:51"
"-5.60","","-11.00","55","750","1000","","","","3.10","","SSW","Облачно","2025-12-26 12:52"
"-5.60","","-11.00","55","750","1000","","","","3.10","","SSW","Облачно","2025-12-26 12:53"
"-5.60","","-11.00","55","750","1000","","","","3.10","","SSW","Облачно","2025-12-26 12:54"
"-5.60","","-11.00","55","750","1000","","","","3.10","","SSW","Облачно","2025-12-26 12:55"
"-5.60","","-11.00","55","750","1000","","","","3.10","","SSW","Облачно","2025-12-26 12:56"
"-5.60","","-11.00","55","750","1000","","","","3.10","","SSW","Облачно","2025-12-26 12:57"
"-5.60","","-11.00","55","750","1000","","","","3.10","","SSW","Облачно","2025-12-26 12:58"
"-5.60","","-11.00","55","750","1000","","","","3.10","","SSW","Облачно","2025-12-26 12:59"
"-5.60","","-11.00","55","750","1000","","","","3.10","","SSW","Облачно","2025-12-26 13:00"
"-5.60","","-11.00","55","750","1000","","","","3.10","","SSW","Облачно","2025-12-26 13:01"
"-5.60","","-11.00","55","750","1000","","","","3.10","","SSW","Облачно","2025-12-26 13:02"
"-5.60","","-11.00","55","750","1000","","","","3.10","","SSW","Облачно","2025-12-26 13:03"
"-5.60","","-11.00","55","750","1000","","","","3.10","","SSW","Облачно","2025-12-26 13:04"
"-5.60","","-11.20","55","750","1000","","","","3.30","","SSW","Облачно","2025-12-26 13:05"
"-5.60","","-11.00","55","750","1000","","","","3.00","","SSW","Переменная облачность","2025-12-26 13:06"
"-5.60","","-11.00","55","750","1000","","","","3.00","","SSW","Переменная облачность","2025-12-26 13:07"
"-5.60","","-11.90","55","750","1000","","","","4.40","","SSW","Переменная облачность","2025-12-26 13:08"
"-5.60","","-10.60","55","750","1000","","","","2.50","","SSW","Переменная облачность","2025-12-26 13:09"
"-5.60","","-10.60","55","750","1000","","","","1.40","","SSW","Переменная облачность","2025-12-26 13:10"
"-5.60","","-9.80","55","750","1000","","","","1.40","","SSW","Переменная облачность","2025-12-26 13:11"
"-5.60","","-9.70","55","750","1000","","","","1.20","","SSW","Переменная облачность","2025-12-26 13:12"
"-5.60","","-9.70","55","750","1000","","","","1.20","","SSW","Переменная облачность","2025-12-26 13:13"
"-5.60","","-10.20","55","750","1000","","","","1.90","","SSW","Переменная облачность","2025-12-26 13:14"
"-5.60","","-10.20","55","750","1000","","","","1.90","","SSW","Переменная облачность","2025-12-26 13:15"
"-5.60","","-10.20","55","750","1000","","","","1.90","","SSW","Переменная облачность","2025-12-26 13:16"
"-5.60","","-11.40","55","750","1000","","","","3.60","","SSW","Переменная облачность","2025-12-26 13:17"
"-5.60","","-11.40","55","750","1000","","","","3.60","","SSW","Переменная облачность","2025-12-26 13:18"
"-5.60","","-10.80","55","750","1000","","","","2.80","","SSW","Переменная облачность","2025-12-26 13:19"
"-5.60","","-10.80","55","750","1000","","","","2.80","","SSW","Переменная облачность","2025-12-26 13:20"
"-5.60","","-10.80","55","750","1000","","","","1.70","","SSW","Переменная облачность","2025-12-26 13:21"
"-5.60","","-10.10","55","750","1000","","","","1.70","","SSW","Переменная облачность","2025-12-26 13:22"
"-5.60","","-10.10","55","750","1000","","","","1.70","","SSW","Переменная облачность","2025-12-26 13:23"
"-5.60","","-10.10","55","750","1000","","","","1.70","","SSW","Переменная облачность","2025-12-26 13:24"
"-5.60","","-10.10","55","750","1000","","","","2.40","","SSW","Переменная облачность","2025-12-26 13:25"
"-5.60","","-10.50","55","750","1000","","","","2.40","","SSW","Переменная облачность","2025-12-26 13:26"
"-5.60","","-10.50","55","750","1000","","","","2.00","","SSW","Переменная облачность","2025-12-26 13:27"
"-5.60","","-10.30","55","750","1000","","","","2.00","","SSW","Переменная облачность","2025-12-26 13:28"
"-5.60","","-10.30","55","750","1000","","","","2.00","","SSW","Переменная облачность","2025-12-26 13:29"
"-5.60","","-10.70","55","750","1000","","","","2.60","","SSW","Переменная облачность","2025-12-26 13:30"
"-5.60","","-10.30","55","750","1000","","","","2.20","","SSW","Переменная облачность","2025-12-26 13:31"
"-5.60","","-10.40","55","750","1000","","","","2.40","","SSW","Переменная облачность","2025-12-26 13:32"
"-5.60","","-10.50","55","750","1000","","","","2.40","","SSW","Переменная облачность","2025-12-26 13:33"
"-5.60","","-10.50","55","750","1000","","","","2.40","","SSW","Переменная облачность","2025-12-26 13:34"
"-5.60","","-10.50","55","750","1000","","","","3.40","","SSW","Переменная облачность","2025-12-26 13:35"
"-5.60","","-12.10","55","750","1000","","","","4.60","","SSW","Переменная облачность","2025-12-26 13:36"
"-5.60","","-12.10","55","750","1000","","","","4.60","","SSW","Переменная облачность","2025-12-26 13:37"
"-5.60","","-12.10","55","750","1000","","","","4.60","","SSW","Переменная облачность","2025-12-26 13:38"
"-5.60","","-10.30","55","750","1000","","","","1.40","","SSW","Переменная облачность","2025-12-26 13:39"
"-5.60","","-10.30","55","750","1000","","","","1.40","","SSW","Переменная облачность","2025-12-26 13:40"
"-5.60","","-10.50","55","750","1000","","","","1.60","","SSW","Переменная облачность","2025-12-26 13:41"
"-5.60","","-10.50","55","750","1000","","","","1.60","","SSW","Переменная облачность","2025-12-26 13:42"
"-5.60","","-10.00","56","750","1000","","","","3.20","","SSW","Переменная облачность","2025-12-26 13:43"
"-5.60","","-11.10","56","750","1000","","","","3.20","","SSW","Переменная облачность","2025-12-26 13:44"
"-5.60","","-11.80","56","750","1000","","","","2.80","","SSW","Переменная облачность","2025-12-26 13:45"
"-5.60","","-10.80","56","750","1000","","","","2.80","","SSW","Переменная облачность","2025-12-26 13:46"
"-5.60","","-9.70","56","750","1000","","","","1.20","","SSW","Переменная облачность","2025-12-26 13:47"
"-5.50","","-9.60","56","750","1000","","","","3.80","","SSW","Переменная облачность","2025-12-26 13:48"
"-5.50","","-9.60","56","750","1000","","","","3.80","","SSW","Переменная облачность","2025-12-26 13:49"
"-5.50","","-11.40","56","750","1000","","","","3.80","","SSW","Переменная облачность","2025-12-26 13:50"
"-5.50","","-13.10","56","750","1000","","","","6.20","","SSW","Переменная облачность","2025-12-26 13:51"
"-5.50","","-10.60","56","750","1000","","","","2.70","","SSW","Переменная облачность","2025-12-26 13:52"
"-5.50","","-10.60","56","750","1000","","","","2.70","","SSW","Переменная облачность","2025-12-26 13:53"
"-5.60","","-10.70","56","750","1000","","","","3.10","","SSW","Переменная облачность","2025-12-26 13:54"
"-5.50","","-10.90","56","750","1000","","","","3.10","","SSW","Переменная облачность","2025-12-26 13:55"
"-5.60","","-11.60","56","750","1000","","","","3.90","","SSW","Переменная облачность","2025-12-26 13:56"
"-5.60","","-11.60","56","750","1000","","","","3.30","","SSW","Переменная облачность","2025-12-26 13:57"
"-5.60","","-11.60","56","750","1000","","","","3.30","","SSW","Переменная облачность","2025-12-26 13:58"
"-5.60","","-11.00","56","750","1000","","","","2.60","","SSW","Переменная облачность","2025-12-26 13:59"
"-5.50","","-9.70","56","750","1000","","","","1.40","","SSW","Переменная облачность","2025-12-26 14:00"
"-5.50","","-9.70","56","750","1000","","","","2.70","","SSW","Переменная облачность","2025-12-26 14:01"
"-5.50","","-11.80","56","750","1000","","","","4.40","","SSW","Переменная облачность","2025-12-26 14:02"
"-5.50","","-11.80","56","750","1000","","","","3.30","","SSW","Переменная облачность","2025-12-26 14:03"
"-5.50","","-11.10","56","750","1000","","","","3.30","","SSW","Переменная облачность","2025-12-26 14:04"
"-5.50","","-11.10","56","750","1000","","","","3.30","","SSW","Переменная облачность","2025-12-26 14:05"
"-5.50","","-11.50","56","749","999","","","","4.00","","SSW","Переменная облачность","2025-12-26 14:06"
"-5.50","","-11.50","56","749","999","","","","4.00","","SSW","Переменная облачность","2025-12-26 14:07"
"-5.50","","-11.50","56","749","999","","","","2.50","","SSW","Переменная облачность","2025-12-26 14:08"
"-5.50","","-10.50","56","749","999","","","","2.10","","SSW","Переменная облачность","2025-12-26 14:09"
"-5.50","","-10.20","56","749","999","","","","2.10","","SSW","Переменная облачность","2025-12-26 14:10"
"-5.50","","-10.20","56","749","999","","","","3.30","","SSW","Переменная облачность","2025-12-26 14:11"
"-5.50","","-10.20","56","749","999","","","","3.30","","SSW","Переменная облачность","2025-12-26 14:12"
"-5.50","","-11.10","56","749","999","","","","3.30","","SSW","Переменная облачность","2025-12-26 14:13"
"-5.50","","-11.50","56","749","999","","","","3.90","","SSW","Переменная облачность","2025-12-26 14:14"
"-5.50","","-11.50","56","749","999","","","","3.90","","SSW","Переменная облачность","2025-12-26 14:15"
"-5.50","","-11.50","56","749","999","","","","3.90","","SSW","Переменная облачность","2025-12-26 14:16"
"-5.50","","-11.50","56","749","999","","","","3.90","","SSW","Переменная облачность","2025-12-26 14:17"
"-5.50","","-12.20","56","749","999","","","","5.00","","SSW","Переменная облачность","2025-12-26 14:18"
"-5.50","","-12.20","56","749","999","","","","5.00","","SSW","Переменная облачность","2025-12-26 14:19"
"-5.50","","-12.20","56","749","999","","","","3.30","","SSW","Переменная облачность","2025-12-26 14:20"
"-5.50","","-11.10","56","750","1000","","","","3.30","","SSW","Переменная облачность","2025-12-26 14:21"
"-5.50","","-11.10","56","750","1000","","","","3.30","","SSW","Переменная облачность","2025-12-26 14:22"
"-5.50","","-11.10","56","750","1000","","","","2.40","","SSW","Переменная облачность","2025-12-26 14:23"
"-5.50","","-10.40","56","750","1000","","","","2.40","","SSW","Переменная облачность","2025-12-26 14:24"
"-5.50","","-10.40","56","750","1000","","","","3.10","","SSW","Переменная облачность","2025-12-26 14:25"
"-5.50","","-10.40","56","750","1000","","","","3.10","","SSW","Переменная облачность","2025-12-26 14:26"
"-5.50","","-10.90","56","750","1000","","","","3.10","","SSW","Переменная облачность","2025-12-26 14:27"
"-5.50","","-10.90","56","750","1000","","","","3.80","","SSW","Переменная облачность","2025-12-26 14:28"
"-5.50","","-11.40","56","750","1000","","","","3.80","","SSW","Переменная облачность","2025-12-26 14:29"
"-5.50","","-11.40","56","750","1000","","","","3.80","","SSW","Переменная облачность","2025-12-26 14:30"
"-5.50","","-11.40","56","750","1000","","","","4.90","","SSW","Переменная облачность","2025-12-26 14:31"
"-5.50","","-12.20","56","750","1000","","","","4.90","","SSW","Переменная облачность","2025-12-26 14:32"
"-5.50","","-12.20","56","750","1000","","","","1.50","","SSW","Переменная облачность","2025-12-26 14:33"
"-5.40","","-9.70","56","750","1000","","","","1.80","","SSW","Переменная облачность","2025-12-26 14:34"
"-5.40","","-9.90","56","750","1000","","","","2.90","","SSW","Переменная облачность","2025-12-26 14:35"
"-5.40","","-10.70","56","750","1000","","","","2.90","","SSW","Переменная облачность","2025-12-26 14:36"
"-5.40","","-10.70","56","750","1000","","","","2.90","","SSW","Переменная облачность","2025-12-26 14:37"
"-5.40","","-10.80","56","750","1000","","","","3.10","","SSW","Переменная облачность","2025-12-26 14:38"
"-5.40","","-9.80","56","750","1000","","","","1.60","","SSW","Переменная облачность","2025-12-26 14:39"
"-5.40","","-10.60","56","750","1000","","","","2.80","","SSW","Переменная облачность","2025-12-26 14:40"
"-5.40","","-9.80","56","750","1000","","","","1.70","","SSW","Переменная облачность","2025-12-26 14:41"
"-5.40","","-9.80","56","750","1000","","","","1.70","","SSW","Переменная облачность","2025-12-26 14:42"
"-5.40","","-10.70","56","750","1000","","","","1.70","","SSW","Переменная облачность","2025-12-26 14:43"
"-5.50","","-9.90","56","750","1000","","","","1.70","","SSW","Переменная облачность","2025-12-26 14:44"
"-5.40","","-9.80","56","750","1000","","","","1.70","","SSW","Переменная облачность","2025-12-26 14:45"
"-5.40","","-9.80","56","750","1000","","","","1.70","","SSW","Переменная облачность","2025-12-26 14:46"
"-5.40","","-9.80","56","750","1000","","","","1.70","","SSW","Переменная облачность","2025-12-26 14:47"
"-5.40","","-11.70","56","750","1000","","","","4.40","","SSW","Переменная облачность","2025-12-26 14:48"
"-5.40","","-11.70","56","750","1000","","","","4.40","","SSW","Переменная облачность","2025-12-26 14:49"
"-5.50","","-11.80","56","750","1000","","","","4.40","","SSW","Переменная облачность","2025-12-26 14:50"
"-5.50","","-11.80","56","750","1000","","","","4.40","","SSW","Переменная облачность","2025-12-26 14:51"
"-5.50","","-11.80","56","750","1000","","","","4.40","","SSW","Переменная облачность","2025-12-26 14:52"
"-5.40","","-11.70","56","750","1000","","","","4.40","","SSW","Переменная облачность","2025-12-26 14:53"
"-5.40","","-11.70","56","750","1000","","","","4.40","","SSW","Переменная облачность","2025-12-26 14:54"
"-5.50","","-11.50","56","750","1000","","","","4.00","","SSW","Переменная облачность","2025-12-26 14:55"
"-5.50","","-11.50","56","750","1000","","","","3.60","","SSW","Переменная облачность","2025-12-26 14:56"
"-5.50","","-11.30","56","750","1000","","","","3.60","","SSW","Переменная облачность","2025-12-26 14:57"
"-5.50","","-11.30","56","750","1000","","","","3.60","","SSW","Переменная облачность","2025-12-26 14:58"
"-5.50","","-11.80","56","750","1000","","","","4.40","","SSW","Переменная облачность","2025-12-26 14:59"
"-5.50","","-11.80","56","750","1000","","","","4.40","","SSW","Переменная облачность","2025-12-26 15:00"
"-5.40","","-11.70","56","750","1000","","","","4.40","","SSW","Переменная облачность","2025-12-26 15:01"
"-5.50","","-11.80","56","750","1000","","","","4.40","","SSW","Переменная облачность","2025-12-26 15:02"
"-5.50","","-11.80","56","750","1000","","","","4.40","","SSW","Переменная облачность","2025-12-26 15:03"
"-5.40","","-10.50","56","750","1000","","","","1.90","","SSW","Переменная облачность","2025-12-26 15:04"
"-5.40","","-10.00","56","750","1000","","","","1.90","","SSW","Переменная облачность","2025-12-26 15:05"
"-5.40","","-10.00","56","749","999","","","","4.50","","SSW","Переменная облачность","2025-12-26 15:06"
"-5.40","","-10.00","56","749","999","","","","4.50","","SSW","Переменная облачность","2025-12-26 15:07"
"-5.40","","-10.90","56","749","999","","","","3.20","","SSW","Переменная облачность","2025-12-26 15:08"
"-5.40","","-10.90","56","749","999","","","","3.20","","SSW","Переменная облачность","2025-12-26 15:09"
"-5.40","","-11.90","56","749","999","","","","4.60","","SSW","Переменная облачность","2025-12-26 15:10"
"-5.40","","-11.90","56","749","999","","","","4.60","","SSW","Переменная облачность","2025-12-26 15:11"
"-5.40","","-11.90","56","749","999","","","","4.20","","SSW","Переменная облачность","2025-12-26 15:12"
"-5.40","","-11.90","56","749","999","","","","4.20","","SSW","Переменная облачность","2025-12-26 15:13"
"-5.40","","-10.70","56","749","999","","","","2.90","","SSW","Переменная облачность","2025-12-26 15:14"
"-5.40","","-12.60","56","749","999","","","","5.70","","SSW","Переменная облачность","2025-12-26 15:15"
"-5.40","","-12.60","56","749","999","","","","5.70","","SSW","Небольшая облачность","2025-12-26 15:16"
"-5.40","","-10.50","56","749","999","","","","2.60","","SSW","Небольшая облачность","2025-12-26 15:17"
"-5.40","","-10.50","56","749","999","","","","4.20","","SSW","Небольшая облачность","2025-12-26 15:18"
"-5.40","","-11.60","56","749","999","","","","3.40","","SSW","Небольшая облачность","2025-12-26 15:19"
"-5.30","","-10.90","56","749","999","","","","1.40","","SSW","Небольшая облачность","2025-12-26 15:20"
"-5.30","","-9.50","56","750","1000","","","","1.40","","SSW","Небольшая облачность","2025-12-26 15:21"
"-5.30","","-9.50","56","750","1000","","","","1.40","","SSW","Небольшая облачность","2025-12-26 15:22"
"-5.30","","-9.50","56","750","1000","","","","1.40","","SSW","Небольшая облачность","2025-12-26 15:23"
"-5.30","","-10.90","56","750","1000","","","","3.40","","SSW","Небольшая облачность","2025-12-26 15:24"
"-5.30","","-10.10","56","750","1000","","","","3.20","","SSW","Небольшая облачность","2025-12-26 15:25"
"-5.30","","-10.80","56","750","1000","","","","3.20","","SSW","Небольшая облачность","2025-12-26 15:26"
"-5.30","","-10.80","56","750","1000","","","","2.80","","SSW","Небольшая облачность","2025-12-26 15:27"
"-5.30","","-10.80","56","750","1000","","","","2.80","","SSW","Небольшая облачность","2025-12-26 15:28"
"-5.30","","-10.50","56","750","1000","","","","5.30","","SSW","Небольшая облачность","2025-12-26 15:29"
"-5.30","","-12.20","56","750","1000","","","","5.30","","SSW","Небольшая облачность","2025-12-26 15:30"
"-5.30","","-12.20","56","750","1000","","","","5.30","","SSW","Небольшая облачность","2025-12-26 15:31"
"-5.30","","-12.20","56","750","1000","","","","5.30","","SSW","Небольшая облачность","2025-12-26 15:32"
"-5.30","","-10.40","56","750","1000","","","","2.60","","SSW","Небольшая облачность","2025-12-26 15:33"
"-5.30","","-10.40","56","750","1000","","","","2.60","","SSW","Небольшая облачность","2025-12-26 15:34"
"-5.30","","-10.40","56","750","1000","","","","2.60","","SSW","Небольшая облачность","2025-12-26 15:35"
"-5.30","","-10.40","56","750","1000","","","","5.70","","SSW","Небольшая облачность","2025-12-26 15:36"
"-5.20","","-12.40","56","750","1000","","","","5.70","","SSW","Небольшая облачность","2025-12-26 15:37"
"-5.30","","-12.50","56","750","1000","","","","5.70","","SSW","Небольшая облачность","2025-12-26 15:38"
"-5.30","","-12.50","56","750","1000","","","","5.70","","SSW","Небольшая облачность","2025-12-26 15:39"
"-5.30","","-12.50","56","750","1000","","","","5.70","","SSW","Небольшая облачность","2025-12-26 15:40"
"-5.30","","-12.50","56","750","1000","","","","5.70","","SSW","Небольшая облачность","2025-12-26 15:41"
"-5.30","","-12.50","56","750","1000","","","","5.70","","SSW","Небольшая облачность","2025-12-26 15:42"
"-5.20","","-12.40","56","750","1000","","","","5.70","","SSW","Небольшая облачность","2025-12-26 15:43"
"-5.20","","-10.80","56","750","1000","","","","3.40","","SSW","Небольшая облачность","2025-12-26 15:44"
"-5.20","","-10.50","56","750","1000","","","","2.90","","SSW","Небольшая облачность","2025-12-26 15:45"
"-5.20","","-11.90","56","750","1000","","","","3.00","","SSW","Небольшая облачность","2025-12-26 15:46"
"-5.20","","-11.90","56","750","1000","","","","3.00","","SSW","Небольшая облачность","2025-12-26 15:47"
"-5.20","","-10.50","56","750","1000","","","","2.60","","SSW","Небольшая облачность","2025-12-26 15:48"
"-5.20","","-10.50","56","750","1000","","","","2.60","","SSW","Небольшая облачность","2025-12-26 15:49"
"-5.20","","-10.30","56","750","1000","","","","4.40","","SSW","Небольшая облачность","2025-12-26 15:50"
"-5.20","","-11.50","56","750","1000","","","","4.10","","SSW","Небольшая облачность","2025-12-26 15:51"
"-5.20","","-11.30","56","750","1000","","","","4.10","","SSW","Небольшая облачность","2025-12-26 15:52"
"-5.20","","-11.30","56","750","1000","","","","4.10","","SSW","Небольшая облачность","2025-12-26 15:53"
"-5.20","","-11.30","56","750","1000","","","","1.60","","SSW","Небольшая облачность","2025-12-26 15:54"
"-5.20","","-9.60","56","750","1000","","","","3.10","","SSW","Небольшая облачность","2025-12-26 15:55"
"-5.20","","-10.60","56","750","1000","","","","3.10","","SSW","Небольшая облачность","2025-12-26 15:56"
"-5.20","","-10.60","56","750","1000","","","","3.10","","SSW","Небольшая облачность","2025-12-26 15:57"
"-5.20","","-10.60","56","750","1000","","","","1.10","","SSW","Небольшая облачность","2025-12-26 15:58"
"-5.20","","-9.20","56","750","1000","","","","1.10","","SSW","Небольшая облачность","2025-12-26 15:59"
"-5.20","","-9.20","56","750","1000","","","","1.10","","SSW","Небольшая облачность","2025-12-26 16:00"
"-5.20","","-9.20","56","750","1000","","","","1.10","","SSW","Небольшая облачность","2025-12-26 16:01"
"-5.20","","-10.20","56","750","1000","","","","2.20","","SSW","Небольшая облачность","2025-12-26 16:02"
"-5.20","","-10.00","56","750","1000","","","","2.20","","SSW","Небольшая облачность","2025-12-26 16:03"
"-5.20","","-10.00","56","750","1000","","","","2.20","","SSW","Небольшая облачность","2025-12-26 16:04"
"-5.20","","-10.00","56","750","1000","","","","2.20","","SSW","Небольшая облачность","2025-12-26 16:05"
"-5.20","","-10.00","56","750","1000","","","","2.20","","SSW","Небольшая облачность","2025-12-26 16:06"
"-5.20","","-10.60","56","750","1000","","","","3.10","","SSW","Небольшая облачность","2025-12-26 16:07"
"-5.20","","-10.60","56","750","1000","","","","3.00","","SSW","Небольшая облачность","2025-12-26 16:08"
"-5.20","","-10.60","56","750","1000","","","","3.00","","SSW","Небольшая облачность","2025-12-26 16:09"
"-5.20","","-10.50","56","750","1000","","","","1.20","","SSW","Небольшая облачность","2025-12-26 16:10"
"-5.20","","-9.30","56","750","1000","","","","1.20","","SSW","Небольшая облачность","2025-12-26 16:11"
"-5.10","","-9.20","56","750","1000","","","","1.20","","SSW","Небольшая облачность","2025-12-26 16:12"
"-5.10","","-9.20","56","750","1000","","","","2.20","","SSW","Небольшая облачность","2025-12-26 16:13"
"-5.10","","-9.20","56","750","1000","","","","2.20","","SSW","Небольшая облачность","2025-12-26 16:14"
"-5.10","","-9.90","56","750","1000","","","","2.90","","SSW","Небольшая облачность","2025-12-26 16:15"
"-5.10","","-10.40","56","750","1000","","","","2.90","","SSW","Небольшая облачность","2025-12-26 16:16"
"-5.10","","-10.40","56","750","1000","","","","2.90","","SSW","Небольшая облачность","2025-12-26 16:17"
"-5.10","","-10.40","56","750","1000","","","","2.90","","SSW","Небольшая облачность","2025-12-26 16:18"
"-5.10","","-10.40","56","750","1000","","","","2.60","","SSW","Небольшая облачность","2025-12-26 16:19"
"-5.10","","-10.10","56","750","1000","","","","2.60","","SSW","Небольшая облачность","2025-12-26 16:20"
"-5.10","","-10.10","56","750","1000","","","","2.60","","SSW","Небольшая облачность","2025-12-26 16:21"
"-5.10","","-10.10","56","750","1000","","","","2.60","","SSW","Небольшая облачность","2025-12-26 16:22"
"-5.10","","-9.50","56","750","1000","","","","2.00","","SSW","Небольшая облачность","2025-12-26 16:23"
"-5.10","","-9.70","56","750","1000","","","","2.00","","SSW","Небольшая облачность","2025-12-26 16:24"
"-5.10","","-9.70","56","750","1000","","","","2.00","","SSW","Небольшая облачность","2025-12-26 16:25"
"-5.10","","-9.70","56","750","1000","","","","2.40","","SSW","Небольшая облачность","2025-12-26 16:26"
"-5.10","","-9.70","56","750","1000","","","","2.40","","SSW","Небольшая облачность","2025-12-26 16:27"
"-5.10","","-10.00","56","750","1000","","","","1.50","","SSW","Небольшая облачность","2025-12-26 16:28"
"-5.00","","-9.30","56","750","1000","","","","1.50","","SSW","Небольшая облачность","2025-12-26 16:29"
"-5.00","","-10.10","56","750","1000","","","","2.70","","SSW","Небольшая облачность","2025-12-26 16:30"
"-5.00","","-10.10","56","750","1000","","","","2.70","","SSW","Небольшая облачность","2025-12-26 16:31"
"-5.00","","-10.60","56","750","1000","","","","2.90","","SSW","Небольшая облачность","2025-12-26 16:32"
"-5.10","","-10.40","56","750","1000","","","","2.90","","SSW","Небольшая облачность","2025-12-26 16:33"
"-5.10","","-10.40","56","750","1000","","","","2.90","","SSW","Небольшая облачность","2025-12-26 16:34"
"-5.10","","-10.40","56","750","1000","","","","2.90","","SSW","Небольшая облачность","2025-12-26 16:35"
"-5.10","","-10.40","56","750","1000","","","","3.90","","SSW","Небольшая облачность","2025-12-26 16:36"
"-5.10","","-11.10","56","750","1000","","","","3.90","","SSW","Небольшая облачность","2025-12-26 16:37"
"-5.10","","-11.50","56","750","1000","","","","4.60","","SSW","Небольшая облачность","2025-12-26 16:38"
"-5.00","","-9.80","56","750","1000","","","","1.40","","SSW","Небольшая облачность","2025-12-26 16:39"
"-5.00","","-9.20","56","750","1000","","","","1.40","","SSW","Небольшая облачность","2025-12-26 16:40"
"-5.00","","-9.20","56","750","1000","","","","1.80","","SSW","Небольшая облачность","2025-12-26 16:41"
"-5.00","","-9.50","56","750","1000","","","","2.90","","SSW","Небольшая облачность","2025-12-26 16:42"
"-5.00","","-10.20","56","750","1000","","","","2.20","","SSW","Небольшая облачность","2025-12-26 16:43"
"-5.00","","-9.80","56","750","1000","","","","2.20","","SSW","Небольшая облачность","2025-12-26 16:44"
"-5.00","","-9.80","56","750","1000","","","","2.20","","SSW","Небольшая облачность","2025-12-26 16:45"
"-5.00","","-9.80","56","750","1000","","","","2.20","","SSW","Небольшая облачность","2025-12-26 16:46"
"-5.00","","-9.80","56","750","1000","","","","2.20","","SSW","Небольшая облачность","2025-12-26 16:47"
"-5.00","","-9.80","56","750","1000","","","","2.20","","SSW","Небольшая облачность","2025-12-26 16:48"
"-5.00","","-9.80","56","750","1000","","","","2.20","","SSW","Небольшая облачность","2025-12-26 16:49"
"-5.00","","-9.80","56","750","1000","","","","5.90","","SSW","Небольшая облачность","2025-12-26 16:50"
"-5.00","","-9.80","56","750","1000","","","","5.90","","SSW","Небольшая облачность","2025-12-26 16:51"
"-5.00","","-9.90","56","750","1000","","","","2.40","","SSW","Небольшая облачность","2025-12-26 16:52"
"-5.00","","-10.50","56","750","1000","","","","3.30","","SSW","Небольшая облачность","2025-12-26 16:53"
"-5.00","","-10.20","56","750","1000","","","","2.80","","SSW","Небольшая облачность","2025-12-26 16:54"
"-5.00","","-10.20","56","750","1000","","","","2.80","","SSW","Небольшая облачность","2025-12-26 16:55"
"-5.00","","-10.20","56","750","1000","","","","2.70","","SSW","Небольшая облачность","2025-12-26 16:56"
"-5.00","","-10.10","56","750","1000","","","","2.70","","SSW","Небольшая облачность","2025-12-26 16:57"
"-5.00","","-10.10","56","750","1000","","","","2.50","","SSW","Небольшая облачность","2025-12-26 16:58"
"-5.00","","-10.00","56","750","1000","","","","2.50","","SSW","Небольшая облачность","2025-12-26 16:59"
"-5.00","","-10.00","56","750","1000","","","","4.10","","SSW","Небольшая облачность","2025-12-26 17:00"
"-5.00","","-11.10","56","750","1000","","","","1.80","","SSW","Небольшая облачность","2025-12-26 17:01"
"-5.00","","-9.50","56","750","1000","","","","1.80","","SSW","Небольшая облачность","2025-12-26 17:02"
"-5.00","","-9.30","56","750","1000","","","","1.60","","SSW","Небольшая облачность","2025-12-26 17:03"
"-5.00","","-9.30","56","750","1000","","","","1.50","","SSW","Небольшая облачность","2025-12-26 17:04"
"-5.00","","-9.30","56","750","1000","","","","1.50","","SSW","Небольшая облачность","2025-12-26 17:05"
"-5.00","","-9.20","56","750","1000","","","","1.40","","SSW","Небольшая облачность","2025-12-26 17:06"
"-5.00","","-10.00","56","750","1000","","","","2.60","","SSW","Небольшая облачность","2025-12-26 17:07"
"-5.00","","-10.00","56","750","1000","","","","2.60","","SSW","Небольшая облачность","2025-12-26 17:08"
"-4.90","","-9.90","56","750","1000","","","","2.60","","SSW","Небольшая облачность","2025-12-26 17:09"
"-4.90","","-10.30","56","750","1000","","","","3.10","","SSW","Небольшая облачность","2025-12-26 17:10"
"-4.90","","-10.30","56","750","1000","","","","3.10","","SSW","Небольшая облачность","2025-12-26 17:11"
"-4.90","","-10.30","56","750","1000","","","","3.10","","SSW","Небольшая облачность","2025-12-26 17:12"
"-4.90","","-9.60","56","750","1000","","","","1.70","","SSW","Небольшая облачность","2025-12-26 17:13"
"-4.90","","-9.30","56","750","1000","","","","1.40","","SSW","Небольшая облачность","2025-12-26 17:14"
"-4.90","","-9.20","56","750","1000","","","","1.50","","SSW","Небольшая облачность","2025-12-26 17:15"
"-4.90","","-9.20","56","750","1000","","","","1.50","","SSW","Небольшая облачность","2025-12-26 17:16"
"-4.90","","-9.60","56","750","1000","","","","2.00","","SSW","Небольшая облачность","2025-12-26 17:17"
"-4.90","","-9.60","56","750","1000","","","","2.00","","SSW","Небольшая облачность","2025-12-26 17:18"
"-4.90","","-9.00","56","750","1000","","","","1.30","","SSW","Небольшая облачность","2025-12-26 17:19"
"-4.90","","-9.00","56","750","1000","","","","1.30","","SSW","Небольшая облачность","2025-12-26 17:20"
"-4.90","","-9.00","56","750","1000","","","","2.50","","SSW","Небольшая облачность","2025-12-26 17:21"
"-4.90","","-9.00","56","750","1000","","","","2.50","","SSW","Небольшая облачность","2025-12-26 17:22"
"-4.90","","-9.00","56","750","1000","","","","2.50","","SSW","Небольшая облачность","2025-12-26 17:23"
"-4.80","","-9.80","56","750","1000","","","","2.50","","SSW","Небольшая облачность","2025-12-26 17:24"
"-4.80","","-9.80","56","750","1000","","","","2.50","","SSW","Небольшая облачность","2025-12-26 17:25"
"-4.80","","-9.80","56","750","1000","","","","2.60","","SSW","Небольшая облачность","2025-12-26 17:26"
"-4.80","","-9.80","56","750","1000","","","","2.50","","SSW","Небольшая облачность","2025-12-26 17:27"
"-4.80","","-10.00","56","750","1000","","","","2.80","","SSW","Небольшая облачность","2025-12-26 17:28"
"-4.80","","-10.00","56","750","1000","","","","2.80","","SSW","Небольшая облачность","2025-12-26 17:29"
"-4.80","","-11.10","56","750","1000","","","","4.40","","SSW","Небольшая облачность","2025-12-26 17:30"
"-4.80","","-11.10","56","750","1000","","","","3.30","","SSW","Небольшая облачность","2025-12-26 17:31"
"-4.80","","-10.30","56","750","1000","","","","3.30","","SSW","Небольшая облачность","2025-12-26 17:32"
"-4.80","","-9.10","56","750","1000","","","","1.60","","SSW","Небольшая облачность","2025-12-26 17:33"
"-4.80","","-9.80","56","750","1000","","","","2.50","","SSW","Небольшая облачность","2025-12-26 17:34"
"-4.80","","-9.80","56","750","1000","","","","2.50","","SSW","Небольшая облачность","2025-12-26 17:35"
"-4.80","","-9.80","56","750","1000","","","","2.50","","SSW","Небольшая облачность","2025-12-26 17:36"
"-4.80","","-10.90","56","750","1000","","","","4.20","","SSW","Небольшая облачность","2025-12-26 17:37"
"-4.80","","-10.90","56","750","1000","","","","2.80","","SSW","Небольшая облачность","2025-12-26 17:38"
"-4.80","","-10.00","56","750","1000","","","","2.20","","SSW","Небольшая облачность","2025-12-26 17:39"
"-4.80","","-9.90","56","750","1000","","","","2.70","","SSW","Небольшая облачность","2025-12-26 17:40"
"-4.80","","-9.90","56","750","1000","","","","2.50","","SSW","Небольшая облачность","2025-12-26 17:41"
"-4.80","","-9.10","56","750","1000","","","","1.50","","SSW","Небольшая облачность","2025-12-26 17:42"
"-4.70","","-9.00","56","750","1000","","","","3.20","","SSW","Небольшая облачность","2025-12-26 17:43"
"-4.70","","-10.10","56","750","1000","","","","3.20","","SSW","Небольшая облачность","2025-12-26 17:44"
"-4.70","","-8.60","56","750","1000","","","","1.00","","SSW","Небольшая облачность","2025-12-26 17:45"
"-4.70","","-8.60","56","750","1000","","","","1.70","","SSW","Небольшая облачность","2025-12-26 17:46"
"-4.70","","-9.00","56","750","1000","","","","1.60","","SSW","Небольшая облачность","2025-12-26 17:47"
"-4.70","","-9.00","56","750","1000","","","","1.60","","SSW","Небольшая облачность","2025-12-26 17:48"
"-4.70","","-9.70","56","750","1000","","","","2.50","","SSW","Небольшая облачность","2025-12-26 17:49"
"-4.70","","-9.70","56","750","1000","","","","2.50","","SSW","Небольшая облачность","2025-12-26 17:50"
"-4.70","","-9.40","56","750","1000","","","","2.10","","SSW","Небольшая облачность","2025-12-26 17:51"
"-4.70","","-9.40","56","750","1000","","","","2.70","","SSW","Небольшая облачность","2025-12-26 17:52"
"-4.70","","-9.20","56","750","1000","","","","1.90","","SSW","Небольшая облачность","2025-12-26 17:53"
"-4.70","","-9.20","56","750","1000","","","","1.90","","SSW","Небольшая облачность","2025-12-26 17:54"
"-4.70","","-9.90","56","750","1000","","","","2.90","","SSW","Небольшая облачность","2025-12-26 17:55"
"-4.70","","-9.90","56","750","1000","","","","2.90","","SSW","Небольшая облачность","2025-12-26 17:56"
"-4.70","","-8.70","56","750","1000","","","","1.10","","SSW","Небольшая облачность","2025-12-26 17:57"
"-4.70","","-8.50","56","750","1000","","","","1.60","","SSW","Небольшая облачность","2025-12-26 17:58"
"-4.70","","-9.00","56","750","1000","","","","1.90","","SSW","Небольшая облачность","2025-12-26 17:59"
"-4.70","","-9.60","56","750","1000","","","","2.40","","SSW","Небольшая облачность","2025-12-26 18:00"
"-4.70","","-9.60","56","750","1000","","","","1.10","","SSW","Небольшая облачность","2025-12-26 18:01"
"-4.70","","-9.20","56","750","1000","","","","1.80","","SSW","Небольшая облачность","2025-12-26 18:02"
"-4.70","","-9.20","56","750","1000","","","","2.40","","SSW","Небольшая облачность","2025-12-26 18:03"
"-4.70","","-9.60","56","750","1000","","","","1.20","","SSW","Небольшая облачность","2025-12-26 18:04"
"-4.70","","-8.70","56","750","1000","","","","1.20","","SSW","Небольшая облачность","2025-12-26 18:05"
"-4.70","","-8.70","56","750","1000","","","","1.20","","SSW","Облачно","2025-12-26 18:06"
"-4.70","","-8.70","56","750","1000","","","","1.60","","SSW","Облачно","2025-12-26 18:07"
"-4.70","","-9.00","56","750","1000","","","","1.60","","SSW","Облачно","2025-12-26 18:08"
"-4.70","","-9.00","56","750","1000","","","","2.40","","SSW","Облачно","2025-12-26 18:09"
"-4.70","","-9.60","56","750","1000","","","","2.40","","SSW","Облачно","2025-12-26 18:10"
"-4.70","","-9.60","56","750","1000","","","","2.40","","SSW","Облачно","2025-12-26 18:11"
"-4.70","","-9.00","56","750","1000","","","","1.60","","SSW","Облачно","2025-12-26 18:12"
"-4.70","","-9.10","56","750","1000","","","","1.70","","SSW","Облачно","2025-12-26 18:13"
"-4.70","","-9.10","56","750","1000","","","","2.20","","SSW","Облачно","2025-12-26 18:14"
"-4.70","","-9.40","56","750","1000","","","","2.20","","SSW","Облачно","2025-12-26 18:15"
"-4.70","","-9.40","56","750","1000","","","","2.20","","SSW","Облачно","2025-12-26 18:16"
"-4.70","","-9.00","56","750","1000","","","","1.50","","SSW","Облачно","2025-12-26 18:17"
"-4.70","","-9.00","56","750","1000","","","","1.50","","SSW","Облачно","2025-12-26 18:18"
"-4.70","","-9.00","56","750","1000","","","","1.50","","SSW","Облачно","2025-12-26 18:19"
"-4.70","","-9.10","56","750","1000","","","","1.70","","SSW","Облачно","2025-12-26 18:20"
"-4.70","","-9.10","56","750","1000","","","","2.70","","SSW","Облачно","2025-12-26 18:21"
"-4.70","","-9.80","56","750","1000","","","","2.70","","SSW","Облачно","2025-12-26 18:22"
"-4.70","","-9.80","56","750","1000","","","","2.70","","SSW","Облачно","2025-12-26 18:23"
"-4.70","","-9.80","56","750","1000","","","","3.00","","SSW","Облачно","2025-12-26 18:24"
"-4.70","","-9.90","56","750","1000","","","","2.80","","SSW","Облачно","2025-12-26 18:25"
"-4.70","","-9.90","56","750","1000","","","","2.80","","SSW","Облачно","2025-12-26 18:26"
"-4.70","","-9.90","56","750","1000","","","","2.80","","SSW","Облачно","2025-12-26 18:27"
"-4.70","","-9.90","56","750","1000","","","","2.80","","SSW","Облачно","2025-12-26 18:28"
"-4.70","","-9.70","56","750","1000","","","","2.60","","SSW","Облачно","2025-12-26 18:29"
"-4.70","","-9.30","56","750","1000","","","","2.00","","SSW","Облачно","2025-12-26 18:30"
"-4.70","","-9.30","56","750","1000","","","","2.00","","SSW","Облачно","2025-12-26 18:31"
"-4.70","","-9.80","56","750","1000","","","","2.70","","SSW","Облачно","2025-12-26 18:32"
"-4.70","","-9.10","56","750","1000","","","","1.70","","SSW","Облачно","2025-12-26 18:33"
"-4.70","","-9.60","56","750","1000","","","","2.50","","SSW","Облачно","2025-12-26 18:34"
"-4.70","","-9.70","56","750","1000","","","","2.50","","SSW","Облачно","2025-12-26 18:35"
"-4.70","","-9.80","56","750","1000","","","","2.70","","SSW","Облачно","2025-12-26 18:36"
"-4.70","","-9.80","56","750","1000","","","","2.70","","SSW","Облачно","2025-12-26 18:37"
"-4.60","","-9.10","56","750","1000","","","","1.90","","SSW","Облачно","2025-12-26 18:38"
"-4.60","","-9.10","56","750","1000","","","","1.90","","SSW","Облачно","2025-12-26 18:39"
"-4.60","","-9.80","56","750","1000","","","","1.80","","SSW","Облачно","2025-12-26 18:40"
"-4.60","","-9.10","56","750","1000","","","","1.40","","SSW","Облачно","2025-12-26 18:41"
"-4.60","","-8.80","56","750","1000","","","","1.40","","SSW","Облачно","2025-12-26 18:42"
"-4.60","","-8.80","56","750","1000","","","","2.40","","SSW","Облачно","2025-12-26 18:43"
"-4.60","","-9.50","56","750","1000","","","","2.40","","SSW","Облачно","2025-12-26 18:44"
"-4.60","","-9.50","56","750","1000","","","","2.20","","SSW","Облачно","2025-12-26 18:45"
"-4.60","","-9.30","56","750","1000","","","","1.60","","SSW","Облачно","2025-12-26 18:46"
"-4.60","","-8.90","56","750","1000","","","","1.60","","SSW","Облачно","2025-12-26 18:47"
"-4.60","","-8.90","56","750","1000","","","","1.60","","SSW","Облачно","2025-12-26 18:48"
"-4.60","","-9.10","56","750","1000","","","","1.90","","SSW","Облачно","2025-12-26 18:49"
"-4.60","","-9.10","56","750","1000","","","","1.90","","SSW","Облачно","2025-12-26 18:50"
"-4.60","","-9.10","56","750","1000","","","","1.90","","SSW","Облачно","2025-12-26 18:51"
"-4.60","","-9.10","56","750","1000","","","","1.90","","SSW","Облачно","2025-12-26 18:52"
"-4.60","","-9.10","56","750","1000","","","","1.90","","SSW","Облачно","2025-12-26 18:53"
"-4.50","","-8.60","56","750","1000","","","","1.30","","SSW","Облачно","2025-12-26 18:54"
"-4.50","","-8.60","56","750","1000","","","","1.60","","SSW","Облачно","2025-12-26 18:55"
"-4.50","","-8.80","56","750","1000","","","","1.70","","SSW","Облачно","2025-12-26 18:56"
"-4.50","","-8.90","56","750","1000","","","","1.70","","SSW","Облачно","2025-12-26 18:57"
"-4.50","","-8.70","56","750","1000","","","","1.40","","SSW","Облачно","2025-12-26 18:58"
"-4.50","","-8.70","56","750","1000","","","","3.50","","SSW","Облачно","2025-12-26 18:59"
"-4.50","","-10.10","56","750","1000","","","","3.50","","SSW","Облачно","2025-12-26 19:00"
"-4.50","","-10.10","56","750","1000","","","","1.90","","SSW","Облачно","2025-12-26 19:01"
"-4.50","","-10.10","56","750","1000","","","","1.90","","SSW","Облачно","2025-12-26 19:02"
"-4.50","","-8.50","56","750","1000","","","","1.10","","SSW","Облачно","2025-12-26 19:03"
"-4.50","","-8.50","56","750","1000","","","","1.10","","SSW","Облачно","2025-12-26 19:04"
"-4.50","","-8.50","56","750","1000","","","","4.10","","SSW","Облачно","2025-12-26 19:05"
"-4.50","","-9.50","56","750","1001","","","","1.80","","SSW","Небольшая облачность","2025-12-26 19:06"
"-4.50","","-8.90","56","750","1001","","","","1.80","","SSW","Небольшая облачность","2025-12-26 19:07"
"-4.50","","-8.90","56","750","1001","","","","1.80","","SSW","Небольшая облачность","2025-12-26 19:08"
"-4.50","","-8.90","56","750","1001","","","","1.80","","SSW","Небольшая облачность","2025-12-26 19:09"
"-4.50","","-10.20","55","750","1001","","","","3.50","","SSW","Небольшая облачность","2025-12-26 19:10"
"-4.50","","-10.20","55","750","1001","","","","3.50","","SSW","Небольшая облачность","2025-12-26 19:11"
"-4.50","","-10.20","55","750","1001","","","","1.90","","SSW","Небольшая облачность","2025-12-26 19:12"
"-4.40","","-8.90","55","750","1001","","","","3.60","","SSW","Небольшая облачность","2025-12-26 19:13"
"-4.40","","-10.10","55","750","1001","","","","2.00","","SSW","Небольшая облачность","2025-12-26 19:14"
"-4.40","","-9.00","55","750","1001","","","","2.00","","SSW","Небольшая облачность","2025-12-26 19:15"
"-4.40","","-9.00","55","750","1001","","","","2.00","","SSW","Небольшая облачность","2025-12-26 19:16"
"-4.40","","-9.00","55","750","1001","","","","2.00","","SSW","Небольшая облачность","2025-12-26 19:17"
"-4.40","","-8.70","55","750","1001","","","","1.60","","SSW","Небольшая облачность","2025-12-26 19:18"
"-4.40","","-8.70","55","750","1001","","","","1.60","","SSW","Небольшая облачность","2025-12-26 19:19"
"-4.40","","-8.70","55","750","1001","","","","1.60","","SSW","Небольшая облачность","2025-12-26 19:20"
"-4.40","","-8.70","55","750","1001","","","","1.60","","SSW","Небольшая облачность","2025-12-26 19:21"
"-4.40","","-9.30","55","749","999","","","","2.40","","SSW","Небольшая облачность","2025-12-26 19:22"
"-4.40","","-10.70","55","749","999","","","","4.50","","SSW","Небольшая облачность","2025-12-26 19:23"
"-4.40","","-10.70","55","749","999","","","","4.50","","SSW","Небольшая облачность","2025-12-26 19:24"
"-4.40","","-9.00","55","749","999","","","","2.00","","SSW","Небольшая облачность","2025-12-26 19:25"
"-4.40","","-8.90","55","749","999","","","","1.80","","SSW","Небольшая облачность","2025-12-26 19:26"
"-4.40","","-8.90","55","749","999","","","","1.80","","SSW","Небольшая облачность","2025-12-26 19:27"
"-4.40","","-9.30","55","749","999","","","","2.50","","SSW","Небольшая облачность","2025-12-26 19:28"
"-4.40","","-9.30","55","749","999","","","","2.50","","SSW","Небольшая облачность","2025-12-26 19:29"
"-4.40","","-9.30","55","749","999","","","","2.50","","SSW","Небольшая облачность","2025-12-26 19:30"
"-4.40","","-9.30","55","749","999","","","","2.50","","SSW","Небольшая облачность","2025-12-26 19:31"
"-4.40","","-9.80","55","749","999","","","","3.20","","SSW","Небольшая облачность","2025-12-26 19:32"
"-4.40","","-8.60","55","749","999","","","","1.50","","SSW","Небольшая облачность","2025-12-26 19:33"
"-4.40","","-9.10","55","749","999","","","","2.20","","SSW","Небольшая облачность","2025-12-26 19:34"
"-4.40","","-8.40","55","749","999","","","","1.20","","SSW","Небольшая облачность","2025-12-26 19:35"
"-4.40","","-8.20","55","750","1000","","","","0.90","","SSW","Небольшая облачность","2025-12-26 19:36"
"-4.40","","-9.30","55","750","1000","","","","2.50","","SSW","Небольшая облачность","2025-12-26 19:37"
"-4.40","","-8.90","55","750","1000","","","","1.30","","SSW","Небольшая облачность","2025-12-26 19:38"
"-4.40","","-8.50","55","750","1000","","","","1.30","","SSW","Небольшая облачность","2025-12-26 19:39"
"-4.40","","-8.20","55","750","1000","","","","0.90","","SSW","Небольшая облачность","2025-12-26 19:40"
"-4.40","","-8.20","55","750","1000","","","","0.90","","SSW","Небольшая облачность","2025-12-26 19:41"
"-4.40","","-9.90","55","750","1000","","","","3.30","","SSW","Небольшая облачность","2025-12-26 19:42"
"-4.40","","-9.90","55","750","1000","","","","3.00","","SSW","Небольшая облачность","2025-12-26 19:43"
"-4.40","","-9.90","55","750","1000","","","","3.00","","SSW","Небольшая облачность","2025-12-26 19:44"
"-4.40","","-9.70","55","750","1000","","","","1.10","","SSW","Небольшая облачность","2025-12-26 19:45"
"-4.40","","-9.00","55","750","1000","","","","2.00","","SSW","Небольшая облачность","2025-12-26 19:46"
"-4.40","","-9.00","55","750","1000","","","","1.50","","SSW","Небольшая облачность","2025-12-26 19:47"
"-4.40","","-9.00","55","750","1000","","","","2.00","","SSW","Небольшая облачность","2025-12-26 19:48"
"-4.40","","-9.00","55","750","1000","","","","2.00","","SSW","Небольшая облачность","2025-12-26 19:49"
"-4.40","","-9.00","55","750","1000","","","","4.00","","SSW","Небольшая облачность","2025-12-26 19:50"
"-4.40","","-10.40","55","749","999","","","","4.00","","SSW","Небольшая облачность","2025-12-26 19:51"
"-4.40","","-10.40","55","749","999","","","","3.90","","SSW","Небольшая облачность","2025-12-26 19:52"
"-4.40","","-10.30","55","749","999","","","","3.90","","SSW","Небольшая облачность","2025-12-26 19:53"
"-4.40","","-10.30","55","749","999","","","","3.20","","SSW","Небольшая облачность","2025-12-26 19:54"
"-4.40","","-10.30","55","749","999","","","","3.20","","SSW","Небольшая облачность","2025-12-26 19:55"
"-4.40","","-10.30","55","749","999","","","","3.20","","SSW","Небольшая облачность","2025-12-26 19:56"
"-4.50","","-9.70","55","749","999","","","","2.90","","SSW","Небольшая облачность","2025-12-26 19:57"
"-4.50","","-9.70","55","749","999","","","","2.90","","SSW","Небольшая облачность","2025-12-26 19:58"
"-4.50","","-9.70","55","749","999","","","","2.90","","SSW","Небольшая облачность","2025-12-26 19:59"
"-4.60","","-9.80","55","749","999","","","","2.90","","SSW","Небольшая облачность","2025-12-26 20:00"
"-4.60","","-10.00","55","749","999","","","","3.10","","SSW","Небольшая облачность","2025-12-26 20:01"
"-4.60","","-10.00","55","749","999","","","","3.10","","SSW","Небольшая облачность","2025-12-26 20:02"
"-4.60","","-10.00","55","749","999","","","","3.10","","SSW","Небольшая облачность","2025-12-26 20:03"
"-4.60","","-10.00","55","749","999","","","","3.10","","SSW","Небольшая облачность","2025-12-26 20:04"
"-4.60","","-8.90","55","749","999","","","","2.10","","SSW","Небольшая облачность","2025-12-26 20:05"
"-4.60","","-9.30","55","749","999","","","","2.10","","SSW","Небольшая облачность","2025-12-26 20:06"
"-4.60","","-8.40","55","749","999","","","","0.90","","SSW","Небольшая облачность","2025-12-26 20:07"
"-4.60","","-8.40","55","749","999","","","","0.90","","SSW","Небольшая облачность","2025-12-26 20:08"
"-4.60","","-9.80","55","749","999","","","","2.80","","SSW","Небольшая облачность","2025-12-26 20:09"
"-4.60","","-9.80","55","749","999","","","","2.80","","SSW","Небольшая облачность","2025-12-26 20:10"
"-4.60","","-8.60","55","749","999","","","","1.10","","SSW","Небольшая облачность","2025-12-26 20:11"
"-4.60","","-8.60","55","749","999","","","","1.10","","SSW","Небольшая облачность","2025-12-26 20:12"
"-4.60","","-8.60","55","749","999","","","","1.10","","SSW","Небольшая облачность","2025-12-26 20:13"
"-4.60","","-8.60","55","749","999","","","","2.60","","SSW","Небольшая облачность","2025-12-26 20:14"
"-4.70","","-9.70","55","749","999","","","","2.80","","SSW","Небольшая облачность","2025-12-26 20:15"
"-4.70","","-9.90","55","749","999","","","","2.80","","SSW","Небольшая облачность","2025-12-26 20:16"
"-4.70","","-10.10","55","749","999","","","","3.10","","SSW","Небольшая облачность","2025-12-26 20:17"
"-4.70","","-10.10","55","749","999","","","","3.10","","SSW","Небольшая облачность","2025-12-26 20:18"
"-4.70","","-9.50","55","749","999","","","","0.70","","SSW","Небольшая облачность","2025-12-26 20:19"
"-4.60","","-8.30","55","749","999","","","","0.70","","SSW","Небольшая облачность","2025-12-26 20:20"
"-4.70","","-9.00","55","750","1000","","","","1.50","","SSW","Небольшая облачность","2025-12-26 20:21"
"-4.70","","-8.80","55","750","1000","","","","1.30","","SSW","Небольшая облачность","2025-12-26 20:22"
"-4.70","","-8.80","55","750","1000","","","","1.00","","SSW","Небольшая облачность","2025-12-26 20:23"
"-4.70","","-8.60","55","750","1000","","","","1.20","","SSW","Небольшая облачность","2025-12-26 20:24"
"-4.70","","-8.80","55","750","1000","","","","1.20","","SSW","Небольшая облачность","2025-12-26 20:25"
"-4.70","","-9.80","55","750","1000","","","","2.90","","SSW","Небольшая облачность","2025-12-26 20:26"
"-4.70","","-9.90","55","750","1000","","","","1.30","","SSW","Небольшая облачность","2025-12-26 20:27"
"-4.70","","-8.80","55","750","1000","","","","1.30","","SSW","Небольшая облачность","2025-12-26 20:28"
"-4.70","","-9.00","55","750","1000","","","","2.00","","SSW","Небольшая облачность","2025-12-26 20:29"
"-4.70","","-9.30","55","750","1000","","","","2.00","","SSW","Небольшая облачность","2025-12-26 20:30"
"-4.70","","-9.30","55","750","1000","","","","0.70","","SSW","Небольшая облачность","2025-12-26 20:31"
"-4.70","","-8.40","55","750","1000","","","","0.70","","SSW","Небольшая облачность","2025-12-26 20:32"
"-4.70","","-10.10","55","750","1000","","","","3.10","","SSW","Небольшая облачность","2025-12-26 20:33"
"-4.70","","-10.10","55","750","1000","","","","3.10","","SSW","Небольшая облачность","2025-12-26 20:34"
"-4.70","","-10.10","55","750","1000","","","","3.10","","SSW","Небольшая облачность","2025-12-26 20:35"
"-4.80","","-11.80","55","750","1000","","","","1.60","","SSW","Небольшая облачность","2025-12-26 20:36"
"-4.80","","-9.10","55","749","999","","","","1.60","","SSW","Небольшая облачность","2025-12-26 20:37"
"-4.80","","-10.10","55","749","999","","","","1.60","","SSW","Небольшая облачность","2025-12-26 20:38"
"-4.80","","-10.10","55","749","999","","","","1.60","","SSW","Небольшая облачность","2025-12-26 20:39"
"-4.80","","-9.10","55","749","999","","","","1.50","","SSW","Небольшая облачность","2025-12-26 20:40"
"-4.80","","-9.30","55","749","999","","","","1.80","","SSW","Небольшая облачность","2025-12-26 20:41"
"-4.80","","-9.30","55","749","999","","","","1.80","","SSW","Небольшая облачность","2025-12-26 20:42"
"-4.80","","-9.30","55","749","999","","","","3.30","","SSW","Небольшая облачность","2025-12-26 20:43"
"-4.80","","-10.30","55","749","999","","","","1.50","","SSW","Небольшая облачность","2025-12-26 20:44"
"-4.80","","-9.10","55","749","999","","","","1.50","","SSW","Небольшая облачность","2025-12-26 20:45"
"-4.80","","-9.10","55","749","999","","","","1.50","","SSW","Небольшая облачность","2025-12-26 20:46"
"-4.80","","-9.10","55","749","999","","","","2.40","","SSW","Небольшая облачность","2025-12-26 20:47"
"-4.80","","-9.70","55","749","999","","","","2.40","","SSW","Небольшая облачность","2025-12-26 20:48"
"-4.80","","-9.70","55","749","999","","","","2.40","","SSW","Небольшая облачность","2025-12-26 20:49"
"-4.80","","-9.70","55","749","999","","","","2.40","","SSW","Небольшая облачность","2025-12-26 20:50"
"-4.80","","-9.70","55","749","999","","","","2.40","","SSW","Небольшая облачность","2025-12-26 20:51"
"-4.80","","-9.70","55","750","1000","","","","2.40","","SSW","Небольшая облачность","2025-12-26 20:52"
"-4.80","","-9.00","55","750","1000","","","","1.40","","SSW","Небольшая облачность","2025-12-26 20:53"
"-4.80","","-9.00","55","750","1000","","","","1.40","","SSW","Небольшая облачность","2025-12-26 20:54"
"-4.80","","-9.00","55","750","1000","","","","2.50","","SSW","Небольшая облачность","2025-12-26 20:55"
"-4.80","","-10.80","55","750","1000","","","","4.00","","SSW","Небольшая облачность","2025-12-26 20:56"
"-4.80","","-10.80","55","750","1000","","","","4.00","","SSW","Небольшая облачность","2025-12-26 20:57"
"-4.80","","-9.60","55","750","1000","","","","2.20","","SSW","Небольшая облачность","2025-12-26 20:58"
"-4.80","","-8.90","55","750","1000","","","","1.30","","SSW","Небольшая облачность","2025-12-26 20:59"
"-4.80","","-8.90","55","750","1000","","","","2.60","","SSW","Небольшая облачность","2025-12-26 21:00"
"-4.80","","-8.90","55","750","1000","","","","2.60","","SSW","Небольшая облачность","2025-12-26 21:01"
"-4.80","","-9.80","55","750","1000","","","","2.70","","SSW","Небольшая облачность","2025-12-26 21:02"
"-4.80","","-9.70","55","750","1000","","","","2.40","","SSW","Небольшая облачность","2025-12-26 21:03"
"-4.80","","-9.70","55","750","1000","","","","2.40","","SSW","Небольшая облачность","2025-12-26 21:04"
"-4.80","","-10.30","55","750","1000","","","","2.70","","SSW","Небольшая облачность","2025-12-26 21:05"
"-4.80","","-9.90","55","749","999","","","","0.90","","SSW","Небольшая облачность","2025-12-26 21:06"
"-4.80","","-8.70","55","749","999","","","","2.10","","SSW","Небольшая облачность","2025-12-26 21:07"
"-4.80","","-9.50","55","749","999","","","","2.10","","SSW","Небольшая облачность","2025-12-26 21:08"
"-4.80","","-9.10","55","749","999","","","","1.50","","SSW","Небольшая облачность","2025-12-26 21:09"
"-4.80","","-8.70","55","749","999","","","","1.00","","SSW","Небольшая облачность","2025-12-26 21:10"
"-4.80","","-8.70","55","749","999","","","","1.00","","SSW","Небольшая облачность","2025-12-26 21:11"
"-4.80","","-10.10","55","749","999","","","","3.00","","SSW","Небольшая облачность","2025-12-26 21:12"
"-4.80","","-8.80","55","749","999","","","","1.10","","SSW","Небольшая облачность","2025-12-26 21:13"
"-4.80","","-9.80","55","749","999","","","","2.50","","SSW","Небольшая облачность","2025-12-26 21:14"
"-4.80","","-9.90","55","749","999","","","","2.70","","SSW","Небольшая облачность","2025-12-26 21:15"
"-4.80","","-9.90","55","749","999","","","","2.10","","SSW","Небольшая облачность","2025-12-26 21:16"
"-4.80","","-9.90","55","749","999","","","","2.10","","SSW","Небольшая облачность","2025-12-26 21:17"
"-4.80","","-9.50","55","749","999","","","","2.10","","SSW","Небольшая облачность","2025-12-26 21:18"
"-4.80","","-9.50","55","749","999","","","","2.10","","SSW","Небольшая облачность","2025-12-26 21:19"
"-4.80","","-9.20","55","749","999","","","","1.70","","SSW","Небольшая облачность","2025-12-26 21:20"
"-4.80","","-9.90","55","749","999","","","","2.70","","SSW","Небольшая облачность","2025-12-26 21:21"
"-4.70","","-9.80","55","749","999","","","","3.50","","SSW","Небольшая облачность","2025-12-26 21:22"
"-4.70","","-10.40","55","749","999","","","","3.50","","SSW","Небольшая облачность","2025-12-26 21:23"
"-4.70","","-10.40","55","749","999","","","","3.60","","SSW","Небольшая облачность","2025-12-26 21:24"
"-4.70","","-10.40","55","749","999","","","","3.60","","SSW","Небольшая облачность","2025-12-26 21:25"
"-4.70","","-10.40","55","749","999","","","","3.60","","SSW","Небольшая облачность","2025-12-26 21:26"
"-4.70","","-10.40","55","749","999","","","","3.60","","SSW","Небольшая облачность","2025-12-26 21:27"
"-4.70","","-10.10","55","749","999","","","","3.10","","SSW","Небольшая облачность","2025-12-26 21:28"
"-4.70","","-10.40","55","749","999","","","","2.20","","SSW","Небольшая облачность","2025-12-26 21:29"
"-4.70","","-10.40","55","749","999","","","","2.20","","SSW","Небольшая облачность","2025-12-26 21:30"
"-4.70","","-10.00","56","749","999","","","","3.00","","SSW","Небольшая облачность","2025-12-26 21:31"
"-4.70","","-9.90","56","749","999","","","","2.90","","SSW","Небольшая облачность","2025-12-26 21:32"
"-4.70","","-8.40","56","749","999","","","","0.70","","SSW","Небольшая облачность","2025-12-26 21:33"
"-4.70","","-8.40","56","749","999","","","","0.70","","SSW","Небольшая облачность","2025-12-26 21:34"
"-4.60","","-8.10","56","749","999","","","","1.20","","SSW","Небольшая облачность","2025-12-26 21:35"
"-4.60","","-8.60","56","749","999","","","","1.20","","SSW","Небольшая облачность","2025-12-26 21:36"
"-4.60","","-8.20","56","749","999","","","","1.40","","SSW","Небольшая облачность","2025-12-26 21:37"
"-4.60","","-8.80","56","749","999","","","","1.40","","SSW","Небольшая облачность","2025-12-26 21:38"
"-4.60","","-8.80","56","749","999","","","","1.50","","SSW","Небольшая облачность","2025-12-26 21:39"
"-4.60","","-8.80","56","749","999","","","","3.30","","SSW","Небольшая облачность","2025-12-26 21:40"
"-4.60","","-10.10","56","749","999","","","","3.30","","SSW","Небольшая облачность","2025-12-26 21:41"
"-4.60","","-10.10","56","749","999","","","","3.30","","SSW","Небольшая облачность","2025-12-26 21:42"
"-4.70","","-9.30","56","749","999","","","","2.00","","SSW","Небольшая облачность","2025-12-26 21:43"
"-4.70","","-9.30","56","749","999","","","","2.00","","SSW","Небольшая облачность","2025-12-26 21:44"
"-4.70","","-10.10","56","749","999","","","","3.20","","SSW","Небольшая облачность","2025-12-26 21:45"
"-4.70","","-10.10","56","749","999","","","","3.20","","SSW","Небольшая облачность","2025-12-26 21:46"
"-4.70","","-10.10","56","749","999","","","","1.50","","SSW","Небольшая облачность","2025-12-26 21:47"
"-4.70","","-9.70","56","749","999","","","","2.10","","SSW","Небольшая облачность","2025-12-26 21:48"
"-4.70","","-9.40","56","749","999","","","","2.10","","SSW","Небольшая облачность","2025-12-26 21:49"
"-4.70","","-9.40","56","749","999","","","","2.10","","SSW","Небольшая облачность","2025-12-26 21:50"
"-4.70","","-9.40","56","748","998","","","","2.10","","SSW","Небольшая облачность","2025-12-26 21:51"
"-4.70","","-11.60","56","748","998","","","","4.20","","SSW","Небольшая облачность","2025-12-26 21:52"
"-4.70","","-11.60","56","748","998","","","","4.20","","SSW","Небольшая облачность","2025-12-26 21:53"
"-4.70","","-10.80","56","748","998","","","","4.20","","SSW","Небольшая облачность","2025-12-26 21:54"
"-4.70","","-8.90","56","748","998","","","","1.40","","SSW","Небольшая облачность","2025-12-26 21:55"
"-4.70","","-8.90","56","748","998","","","","1.40","","SSW","Небольшая облачность","2025-12-26 21:56"
"-4.70","","-8.90","56","748","998","","","","1.40","","SSW","Небольшая облачность","2025-12-26 21:57"
"-4.70","","-9.30","56","748","998","","","","2.00","","SSW","Небольшая облачность","2025-12-26 21:58"
"-4.70","","-9.30","56","748","998","","","","2.00","","SSW","Небольшая облачность","2025-12-26 21:59"
"-4.70","","-10.40","56","748","998","","","","3.60","","SSW","Небольшая облачность","2025-12-26 22:00"
"-4.70","","-9.30","56","748","998","","","","2.00","","SSW","Небольшая облачность","2025-12-26 22:01"
"-4.70","","-9.30","56","748","998","","","","2.00","","SSW","Небольшая облачность","2025-12-26 22:02"
"-4.70","","-10.10","56","748","998","","","","3.10","","SSW","Небольшая облачность","2025-12-26 22:03"
"-4.70","","-9.80","56","748","998","","","","2.70","","SSW","Небольшая облачность","2025-12-26 22:04"
"-4.70","","-9.80","56","748","998","","","","2.70","","SSW","Небольшая облачность","2025-12-26 22:05"
"-4.70","","-9.80","56","749","999","","","","2.70","","SSW","Небольшая облачность","2025-12-26 22:06"
"-4.70","","-9.80","56","749","999","","","","3.80","","SSW","Небольшая облачность","2025-12-26 22:07"
"-4.70","","-9.80","56","749","999","","","","3.80","","SSW","Небольшая облачность","2025-12-26 22:08"
"-4.70","","-9.60","56","749","999","","","","2.40","","SSW","Небольшая облачность","2025-12-26 22:09"
"-4.80","","-9.70","56","749","999","","","","1.10","","SSW","Небольшая облачность","2025-12-26 22:10"
"-4.70","","-8.70","56","749","999","","","","1.10","","SSW","Небольшая облачность","2025-12-26 22:11"
"-4.70","","-8.90","56","749","999","","","","1.40","","SSW","Небольшая облачность","2025-12-26 22:12"
"-4.70","","-9.90","56","749","999","","","","2.20","","SSW","Небольшая облачность","2025-12-26 22:13"
"-4.70","","-9.90","56","749","999","","","","2.20","","SSW","Небольшая облачность","2025-12-26 22:14"
"-4.80","","-9.50","56","749","999","","","","1.40","","SSW","Небольшая облачность","2025-12-26 22:15"
"-4.80","","-9.00","56","749","999","","","","1.40","","SSW","Небольшая облачность","2025-12-26 22:16"
"-4.80","","-9.00","56","749","999","","","","1.10","","SSW","Небольшая облачность","2025-12-26 22:17"
"-4.80","","-9.00","56","749","999","","","","1.10","","SSW","Небольшая облачность","2025-12-26 22:18"
"-4.80","","-9.30","56","749","999","","","","1.80","","SSW","Небольшая облачность","2025-12-26 22:19"
"-4.80","","-9.30","56","749","999","","","","1.80","","SSW","Небольшая облачность","2025-12-26 22:20"
"-4.80","","-9.30","56","749","999","","","","2.90","","SSW","Небольшая облачность","2025-12-26 22:21"
"-4.80","","-9.30","56","749","999","","","","2.90","","SSW","Небольшая облачность","2025-12-26 22:22"
"-4.80","","-10.00","56","749","999","","","","1.50","","SSW","Небольшая облачность","2025-12-26 22:23"
"-4.80","","-9.10","56","749","999","","","","1.30","","SSW","Небольшая облачность","2025-12-26 22:24"
"-4.80","","-8.90","56","749","999","","","","1.30","","SSW","Небольшая облачность","2025-12-26 22:25"
"-4.80","","-8.90","56","749","999","","","","1.30","","SSW","Небольшая облачность","2025-12-26 22:26"
"-4.80","","-8.90","56","749","999","","","","1.30","","SSW","Небольшая облачность","2025-12-26 22:27"
"-4.80","","-8.90","56","749","999","","","","1.30","","SSW","Небольшая облачность","2025-12-26 22:28"
"-4.80","","-8.90","56","749","999","","","","1.40","","SSW","Небольшая облачность","2025-12-26 22:29"
"-4.80","","-9.00","56","749","999","","","","1.50","","SSW","Небольшая облачность","2025-12-26 22:30"
"-4.80","","-9.00","56","749","999","","","","1.50","","SSW","Небольшая облачность","2025-12-26 22:31"
"-4.80","","-9.10","56","749","999","","","","2.50","","SSW","Небольшая облачность","2025-12-26 22:32"
"-4.80","","-9.80","56","749","999","","","","1.80","","SSW","Небольшая облачность","2025-12-26 22:33"
"-4.80","","-9.80","56","749","999","","","","1.80","","SSW","Небольшая облачность","2025-12-26 22:34"
"-4.80","","-8.70","56","749","999","","","","1.00","","SSW","Небольшая облачность","2025-12-26 22:35"
"-4.80","","-8.70","56","749","999","","","","1.00","","SSW","Небольшая облачность","2025-12-26 22:36"
"-4.80","","-8.70","56","749","999","","","","3.10","","SSW","Небольшая облачность","2025-12-26 22:37"
"-4.80","","-10.20","56","749","999","","","","3.10","","SSW","Небольшая облачность","2025-12-26 22:38"
"-4.80","","-9.80","56","749","999","","","","1.70","","SSW","Небольшая облачность","2025-12-26 22:39"
"-4.80","","-9.20","56","749","999","","","","1.70","","SSW","Небольшая облачность","2025-12-26 22:40"
"-4.80","","-9.20","56","749","999","","","","1.70","","SSW","Небольшая облачность","2025-12-26 22:41"
"-4.80","","-9.20","56","749","999","","","","1.70","","SSW","Небольшая облачность","2025-12-26 22:42"
"-4.80","","-9.30","56","749","999","","","","1.30","","SSW","Небольшая облачность","2025-12-26 22:43"
"-4.80","","-9.30","56","749","999","","","","1.30","","SSW","Небольшая облачность","2025-12-26 22:44"
"-4.80","","-8.80","56","749","999","","","","1.10","","SSW","Небольшая облачность","2025-12-26 22:45"
"-4.80","","-8.80","56","749","999","","","","1.10","","SSW","Небольшая облачность","2025-12-26 22:46"
"-4.80","","-9.80","56","749","999","","","","2.60","","SSW","Небольшая облачность","2025-12-26 22:47"
"-4.80","","-9.80","56","749","999","","","","2.60","","SSW","Небольшая облачность","2025-12-26 22:48"
"-4.80","","-9.10","56","749","999","","","","1.60","","SSW","Небольшая облачность","2025-12-26 22:49"
"-4.90","","-9.60","56","749","999","","","","2.10","","SSW","Небольшая облачность","2025-12-26 22:50"
"-4.90","","-9.60","56","749","999","","","","1.80","","SSW","Небольшая облачность","2025-12-26 22:51"
"-4.90","","-9.40","56","749","999","","","","1.80","","SSW","Небольшая облачность","2025-12-26 22:52"
"-4.90","","-9.40","56","749","999","","","","1.80","","SSW","Небольшая облачность","2025-12-26 22:53"
"-4.90","","-9.40","56","749","999","","","","1.80","","SSW","Небольшая облачность","2025-12-26 22:54"
"-4.90","","-9.40","56","749","999","","","","1.80","","SSW","Небольшая облачность","2025-12-26 22:55"
"-4.90","","-9.90","56","749","999","","","","2.50","","SSW","Небольшая облачность","2025-12-26 22:56"
"-4.90","","-9.90","56","749","999","","","","2.50","","SSW","Небольшая облачность","2025-12-26 22:57"
"-4.90","","-9.40","56","749","999","","","","1.80","","SSW","Небольшая облачность","2025-12-26 22:58"
"-4.90","","-9.20","56","749","999","","","","1.50","","SSW","Небольшая облачность","2025-12-26 22:59"
"-4.90","","-9.50","56","749","999","","","","2.00","","SSW","Небольшая облачность","2025-12-26 23:00"
"-4.90","","-9.50","56","749","999","","","","2.00","","SSW","Небольшая облачность","2025-12-26 23:01"
"-4.90","","-8.80","56","749","999","","","","1.00","","SSW","Небольшая облачность","2025-12-26 23:02"
"-4.90","","-8.80","56","749","999","","","","3.60","","SSW","Небольшая облачность","2025-12-26 23:03"
"-4.90","","-10.60","56","749","999","","","","3.60","","SSW","Небольшая облачность","2025-12-26 23:04"
"-4.90","","-8.90","56","749","999","","","","1.10","","SSW","Небольшая облачность","2025-12-26 23:05"
"-4.90","","-8.90","56","749","999","","","","1.10","","SSW","Небольшая облачность","2025-12-26 23:06"
"-4.90","","-8.90","56","749","999","","","","1.10","","SSW","Небольшая облачность","2025-12-26 23:07"
"-4.90","","-8.90","56","749","999","","","","0.70","","SSW","Небольшая облачность","2025-12-26 23:08"
"-4.90","","-8.60","56","749","999","","","","0.70","","SSW","Небольшая облачность","2025-12-26 23:09"
"-4.90","","-8.60","56","749","999","","","","3.20","","SSW","Небольшая облачность","2025-12-26 23:10"
"-4.90","","-9.00","56","749","999","","","","1.20","","SSW","Небольшая облачность","2025-12-26 23:11"
"-4.90","","-9.30","56","749","999","","","","1.70","","SSW","Небольшая облачность","2025-12-26 23:12"
"-4.90","","-9.30","56","749","999","","","","1.40","","SSW","Небольшая облачность","2025-12-26 23:13"
"-4.90","","-9.10","56","749","999","","","","1.70","","SSW","Небольшая облачность","2025-12-26 23:14"
"-4.90","","-9.30","56","749","999","","","","1.70","","SSW","Небольшая облачность","2025-12-26 23:15"
"-4.90","","-8.70","56","749","999","","","","0.60","","SSW","Небольшая облачность","2025-12-26 23:16"
"-4.90","","-8.50","56","749","999","","","","0.50","","SSW","Небольшая облачность","2025-12-26 23:17"
"-4.90","","-8.50","56","749","999","","","","0.50","","SSW","Небольшая облачность","2025-12-26 23:18"
"-4.90","","-8.80","57","749","999","","","","1.00","","SSW","Небольшая облачность","2025-12-26 23:19"
"-4.90","","-8.80","57","749","999","","","","2.00","","SSW","Небольшая облачность","2025-12-26 23:20"
"-4.90","","-9.40","57","749","999","","","","1.90","","SSW","Небольшая облачность","2025-12-26 23:21"
"-4.90","","-9.20","56","749","999","","","","1.60","","SSW","Небольшая облачность","2025-12-26 23:22"
"-4.90","","-9.20","56","749","999","","","","1.60","","SSW","Небольшая облачность","2025-12-26 23:23"
"-4.90","","-9.40","56","749","999","","","","1.80","","SSW","Небольшая облачность","2025-12-26 23:24"
"-4.90","","-9.40","56","749","999","","","","1.80","","SSW","Небольшая облачность","2025-12-26 23:25"
"-5.00","","-11.40","56","749","999","","","","4.50","","SSW","Небольшая облачность","2025-12-26 23:26"
"-5.00","","-8.90","56","749","999","","","","1.00","","SSW","Небольшая облачность","2025-12-26 23:27"
"-5.00","","-8.90","56","749","999","","","","4.20","","SSW","Небольшая облачность","2025-12-26 23:28"
"-5.00","","-8.90","56","749","999","","","","4.20","","SSW","Небольшая облачность","2025-12-26 23:29"
"-5.00","","-8.90","56","749","999","","","","2.00","","SSW","Небольшая облачность","2025-12-26 23:30"
"-5.00","","-8.90","56","749","999","","","","2.00","","SSW","Небольшая облачность","2025-12-26 23:31"
"-5.00","","-10.00","56","749","999","","","","2.50","","SSW","Небольшая облачность","2025-12-26 23:32"
"-5.00","","-10.00","56","749","999","","","","2.50","","SSW","Небольшая облачность","2025-12-26 23:33"
"-5.10","","-9.40","56","749","999","","","","1.50","","SSW","Небольшая облачность","2025-12-26 23:34"
"-5.10","","-9.40","56","749","999","","","","1.40","","SSW","Небольшая облачность","2025-12-26 23:35"
"-5.10","","-9.90","56","749","999","","","","1.90","","SSW","Небольшая облачность","2025-12-26 23:36"
"-5.10","","-9.90","56","749","999","","","","1.90","","SSW","Небольшая облачность","2025-12-26 23:37"
"-5.10","","-9.70","56","749","999","","","","1.90","","SSW","Небольшая облачность","2025-12-26 23:38"
"-5.10","","-9.70","56","749","999","","","","1.90","","SSW","Небольшая облачность","2025-12-26 23:39"
"-5.10","","-9.70","56","749","999","","","","1.30","","SSW","Небольшая облачность","2025-12-26 23:40"
"-5.10","","-9.70","56","749","999","","","","1.20","","SSW","Небольшая облачность","2025-12-26 23:41"
"-5.20","","-9.30","56","749","999","","","","1.20","","SSW","Небольшая облачность","2025-12-26 23:42"
"-5.20","","-9.20","56","749","999","","","","1.10","","SSW","Небольшая облачность","2025-12-26 23:43"
"-5.20","","-9.20","56","749","999","","","","1.10","","SSW","Небольшая облачность","2025-12-26 23:44"
"-5.20","","-9.20","56","749","999","","","","1.10","","SSW","Небольшая облачность","2025-12-26 23:45"
"-5.20","","-9.20","56","749","999","","","","1.10","","SSW","Небольшая облачность","2025-12-26 23:46"
"-5.20","","-10.00","56","749","999","","","","2.20","","SSW","Небольшая облачность","2025-12-26 23:47"
"-5.20","","-10.00","56","749","999","","","","2.20","","SSW","Небольшая облачность","2025-12-26 23:48"
"-5.20","","-9.70","56","749","999","","","","1.80","","SSW","Небольшая облачность","2025-12-26 23:49"
"-5.20","","-9.50","56","749","999","","","","1.50","","SSW","Небольшая облачность","2025-12-26 23:50"
"-5.20","","-9.50","56","749","999","","","","1.50","","SSW","Небольшая облачность","2025-12-26 23:51"
"-5.20","","-9.50","56","749","999","","","","1.50","","SSW","Небольшая облачность","2025-12-26 23:52"
"-5.20","","-10.10","56","749","999","","","","0.60","","SSW","Небольшая облачность","2025-12-26 23:53"
"-5.20","","-8.80","57","749","999","","","","0.60","","SSW","Небольшая облачность","2025-12-26 23:54"
"-5.20","","-9.40","57","749","999","","","","1.40","","SSW","Небольшая облачность","2025-12-26 23:55"
"-5.20","","-9.40","57","749","999","","","","2.70","","SSW","Небольшая облачность","2025-12-26 23:56"
"-5.20","","-10.90","57","749","999","","","","3.50","","SSW","Небольшая облачность","2025-12-26 23:57"
"-5.20","","-10.90","57","749","999","","","","3.50","","SSW","Небольшая облачность","2025-12-26 23:58"
"-5.20","","-10.90","57","749","999","","","","3.50","","SSW","Небольшая облачность","2025-12-26 23:59"