"Temp","Temp Water","Temp Feels Like","Humidity","Pressure Mm","Pressure Hpa","Precip Mm","Precip Type","Precip Intensity","Wind Speed Ms","Wind Gust Speed Ms","Wind Dir","Condition","Created At"
"-3.40","","-6.80","70","763","1018","","","","0.70","","S","Облачно","2026-01-14 00:00"
"-3.40","","-6.80","70","763","1018","","","","0.70","","S","Облачно","2026-01-14 00:01"
"-3.50","","-6.90","71","763","1018","","","","0.70","","S","Облачно","2026-01-14 00:02"
"-3.50","","-6.90","71","763","1018","","","","0.70","","S","Облачно","2026-01-14 00:03"
"-3.50","","-6.90","71","763","1018","","","","0.70","","S","Облачно","2026-01-14 00:04"
"-3.40","","-6.80","70","763","1018","","","","0.70","","S","Облачно","2026-01-14 00:05"
"-3.40","","-6.80","70","763","1018","","","","0.70","","S","Облачно","2026-01-14 00:06"
"-3.40","","-6.80","70","763","1018","","","","0.70","","S","Облачно","2026-01-14 00:07"
"-3.40","","-6.80","70","763","1018","","","","0.70","","S","Облачно","2026-01-14 00:08"
"-3.40","","-6.80","70","763","1018","","","","0.70","","S","Облачно","2026-01-14 00:09"
"-3.40","","-6.80","70","763","1018","","","","0.70","","S","Облачно","2026-01-14 00:10"
"-3.40","","-6.80","70","763","1018","","","","0.70","","S","Облачно","2026-01-14 00:11"
"-3.40","","-6.80","70","763","1018","","","","0.70","","S","Облачно","2026-01-14 00:12"
"-3.40","","-6.80","70","763","1018","","","","0.70","","S","Облачно","2026-01-14 00:13"
"-3.40","","-6.80","70","763","1018","","","","0.70","","S","Облачно","2026-01-14 00:14"
"-3.40","","-6.80","70","763","1018","","","","0.70","","S","Облачно","2026-01-14 00:15"
"-3.40","","-6.80","70","763","1018","","","","0.70","","S","Облачно","2026-01-14 00:16"
"-3.40","","-6.80","71","763","1018","","","","0.70","","S","Облачно","2026-01-14 00:17"
"-3.50","","-6.90","71","763","1018","","","","0.70","","S","Облачно","2026-01-14 00:18"
"-3.50","","-6.90","71","763","1018","","","","0.70","","S","Облачно","2026-01-14 00:19"
"-3.50","","-6.90","71","763","1018","","","","0.70","","S","Облачно","2026-01-14 00:20"
"-3.50","","-6.90","71","763","1018","","","","0.70","","S","Облачно","2026-01-14 00:21"
"-3.50","","-6.90","71","763","1018","","","","0.70","","S","Облачно","2026-01-14 00:22"
"-3.50","","-6.90","71","763","1018","","","","0.70","","S","Облачно","2026-01-14 00:23"
"-3.50","","-6.90","71","763","1018","","","","0.70","","S","Облачно","2026-01-14 00:24"
"-3.50","","-6.90","71","763","1018","","","","0.70","","S","Облачно","2026-01-14 00:25"
"-3.50","","-6.90","71","763","1018","","","","0.70","","S","Облачно","2026-01-14 00:26"
"-3.50","","-6.90","71","763","1018","","","","0.70","","S","Облачно","2026-01-14 00:27"
"-3.50","","-6.90","71","763","1018","","","","0.70","","S","Облачно","2026-01-14 00:28"
"-3.50","","-6.90","71","763","1018","","","","0.70","","S","Облачно","2026-01-14 00:29"
"-3.50","","-6.90","71","763","1018","","","","0.70","","S","Облачно","2026-01-14 00:30"
"-3.50","","-6.90","71","763","1018","","","","0.70","","S","Облачно","2026-01-14 00:31"
"-3.50","","-6.90","71","763","1018","","","","0.70","","S","Облачно","2026-01-14 00:32"
"-3.50","","-6.90","71","763","1018","","","","0.70","","S","Облачно","2026-01-14 00:33"
"-3.50","","-6.90","71","763","1018","","","","0.70","","S","Облачно","2026-01-14 00:34"
"-3.50","","-6.90","71","763","1018","","","","0.70","","S","Облачно","2026-01-14 00:35"
"-3.50","","-6.90","71","763","1018","","","","0.70","","S","Облачно","2026-01-14 00:36"
"-3.50","","-6.90","71","763","1018","","","","0.70","","S","Облачно","2026-01-14 00:37"
"-3.50","","-6.90","71","763","1018","","","","0.70","","S","Облачно","2026-01-14 00:38"
"-3.50","","-6.90","70","763","1018","","","","0.70","","S","Облачно","2026-01-14 00:39"
"-3.50","","-6.90","70","763","1018","","","","0.70","","S","Облачно","2026-01-14 00:40"
"-3.50","","-6.90","70","763","1018","","","","0.70","","S","Облачно","2026-01-14 00:41"
"-3.50","","-6.90","70","763","1018","","","","0.70","","S","Облачно","2026-01-14 00:42"
"-3.50","","-6.90","70","763","1018","","","","0.70","","S","Облачно","2026-01-14 00:43"
"-3.50","","-6.90","70","763","1018","","","","0.70","","S","Облачно","2026-01-14 00:44"
"-3.50","","-6.90","70","763","1018","","","","0.70","","S","Облачно","2026-01-14 00:45"
"-3.50","","-6.90","70","763","1018","","","","0.70","","S","Облачно","2026-01-14 00:46"
"-3.50","","-6.90","70","763","1018","","","","0.70","","S","Облачно","2026-01-14 00:47"
"-3.50","","-6.90","70","763","1018","","","","0.70","","S","Облачно","2026-01-14 00:48"
"-3.50","","-6.90","70","763","1018","","","","0.70","","S","Облачно","2026-01-14 00:49"
"-3.50","","-6.90","70","763","1018","","","","0.70","","S","Облачно","2026-01-14 00:50"
"-3.50","","-6.90","70","763","1018","","","","0.70","","S","Облачно","2026-01-14 00:51"
"-3.50","","-6.90","70","763","1018","","","","0.70","","S","Облачно","2026-01-14 00:52"
"-3.50","","-6.90","71","763","1018","","","","0.70","","S","Облачно","2026-01-14 00:53"
"-3.50","","-6.90","71","763","1018","","","","0.70","","S","Облачно","2026-01-14 00:54"
"-3.50","","-6.90","71","763","1018","","","","0.70","","S","Облачно","2026-01-14 00:55"
"-3.50","","-6.90","71","763","1018","","","","0.70","","S","Облачно","2026-01-14 00:56"
"-3.50","","-6.90","71","763","1018","","","","0.70","","S","Облачно","2026-01-14 00:57"
"-3.50","","-6.90","71","763","1018","","","","0.70","","S","Облачно","2026-01-14 00:58"
"-3.60","","-7.00","70","763","1018","","","","0.70","","S","Облачно","2026-01-14 00:59"
"-3.60","","-7.00","70","763","1018","","","","0.70","","S","Облачно","2026-01-14 01:00"
"-3.60","","-7.00","70","763","1018","","","","0.70","","S","Облачно","2026-01-14 01:01"
"-3.60","","-7.00","70","763","1018","","","","0.70","","S","Облачно","2026-01-14 01:02"
"-3.60","","-7.00","70","763","1018","","","","0.70","","S","Облачно","2026-01-14 01:03"
"-3.60","","-7.00","70","763","1018","","","","0.70","","S","Облачно","2026-01-14 01:04"
"-3.60","","-7.00","70","763","1018","","","","0.70","","S","Облачно","2026-01-14 01:05"
"-3.60","","-7.00","70","764","1019","","","","0.70","","S","Облачно","2026-01-14 01:06"
"-3.60","","-7.00","70","764","1019","","","","0.70","","S","Облачно","2026-01-14 01:07"
"-3.60","","-7.00","70","764","1019","","","","0.70","","S","Облачно","2026-01-14 01:08"
"-3.60","","-7.00","70","764","1019","","","","0.70","","S","Облачно","2026-01-14 01:09"
"-3.70","","-7.10","70","764","1019","","","","0.70","","S","Облачно","2026-01-14 01:10"
"-3.70","","-7.10","70","764","1019","","","","0.70","","S","Облачно","2026-01-14 01:11"
"-3.70","","-7.10","70","764","1019","","","","0.70","","S","Облачно","2026-01-14 01:12"
"-3.70","","-7.10","70","764","1019","","","","0.70","","S","Облачно","2026-01-14 01:13"
"-3.70","","-7.10","70","764","1019","","","","0.70","","S","Облачно","2026-01-14 01:14"
"-3.70","","-7.10","69","764","1019","","","","0.70","","S","Облачно","2026-01-14 01:15"
"-3.70","","-7.10","69","764","1019","","","","0.70","","S","Облачно","2026-01-14 01:16"
"-3.70","","-7.10","70","764","1019","","","","0.70","","S","Облачно","2026-01-14 01:17"
"-3.80","","-7.20","69","764","1019","","","","0.70","","S","Облачно","2026-01-14 01:18"
"-3.80","","-7.20","69","764","1019","","","","0.70","","S","Облачно","2026-01-14 01:19"
"-3.80","","-7.20","69","764","1019","","","","0.70","","S","Облачно","2026-01-14 01:20"
"-3.80","","-7.20","70","763","1018","","","","0.70","","S","Облачно","2026-01-14 01:21"
"-3.80","","-7.20","70","763","1018","","","","0.70","","S","Облачно","2026-01-14 01:22"
"-3.80","","-7.20","69","763","1018","","","","0.70","","S","Облачно","2026-01-14 01:23"
"-3.80","","-7.20","69","763","1018","","","","0.70","","S","Облачно","2026-01-14 01:24"
"-3.80","","-7.20","69","763","1018","","","","0.70","","S","Облачно","2026-01-14 01:25"
"-3.80","","-7.20","69","763","1018","","","","0.70","","S","Облачно","2026-01-14 01:26"
"-3.80","","-7.20","69","763","1018","","","","0.70","","S","Облачно","2026-01-14 01:27"
"-3.80","","-7.20","69","763","1018","","","","0.70","","S","Облачно","2026-01-14 01:28"
"-3.80","","-7.20","69","763","1018","","","","0.70","","S","Облачно","2026-01-14 01:29"
"-3.80","","-7.20","69","763","1018","","","","0.70","","S","Облачно","2026-01-14 01:30"
"-3.80","","-7.20","69","763","1018","","","","0.70","","S","Облачно","2026-01-14 01:31"
"-3.80","","-7.20","69","763","1018","","","","0.70","","S","Облачно","2026-01-14 01:32"
"-3.80","","-7.20","69","763","1018","","","","0.70","","S","Облачно","2026-01-14 01:33"
"-3.80","","-7.20","69","763","1018","","","","0.70","","S","Облачно","2026-01-14 01:34"
"-3.80","","-7.20","70","763","1018","","","","0.70","","S","Облачно","2026-01-14 01:35"
"-3.80","","-7.20","70","764","1019","","","","0.70","","S","Облачно","2026-01-14 01:36"
"-3.80","","-7.20","70","764","1019","","","","0.70","","S","Облачно","2026-01-14 01:37"
"-3.80","","-7.20","70","764","1019","","","","0.70","","S","Облачно","2026-01-14 01:38"
"-3.80","","-7.20","70","764","1019","","","","0.70","","S","Облачно","2026-01-14 01:39"
"-3.80","","-7.20","70","764","1019","","","","0.70","","S","Облачно","2026-01-14 01:40"
"-3.80","","-7.20","70","764","1019","","","","0.70","","S","Облачно","2026-01-14 01:41"
"-3.80","","-7.20","70","764","1019","","","","0.70","","S","Облачно","2026-01-14 01:42"
"-3.80","","-7.20","70","764","1019","","","","0.70","","S","Облачно","2026-01-14 01:43"
"-3.80","","-7.20","70","764","1019","","","","0.70","","S","Облачно","2026-01-14 01:44"
"-3.80","","-7.20","70","764","1019","","","","0.70","","S","Облачно","2026-01-14 01:45"
"-3.80","","-7.20","70","764","1019","","","","0.70","","S","Облачно","2026-01-14 01:46"
"-3.80","","-7.20","69","764","1019","","","","0.70","","S","Облачно","2026-01-14 01:47"
"-3.80","","-7.20","69","764","1019","","","","0.70","","S","Облачно","2026-01-14 01:48"
"-3.80","","-7.20","69","764","1019","","","","0.70","","S","Облачно","2026-01-14 01:49"
"-3.80","","-7.20","69","764","1019","","","","0.70","","S","Облачно","2026-01-14 01:50"
"-3.80","","-7.20","69","764","1019","","","","0.70","","S","Облачно","2026-01-14 01:51"
"-3.90","","-7.30","69","763","1018","","","","0.70","","S","Облачно","2026-01-14 01:52"
"-3.90","","-7.30","69","763","1018","","","","0.70","","S","Облачно","2026-01-14 01:53"
"-3.90","","-7.30","69","763","1018","","","","0.70","","S","Облачно","2026-01-14 01:54"
"-3.90","","-7.30","69","763","1018","","","","0.70","","S","Облачно","2026-01-14 01:55"
"-3.90","","-7.30","69","763","1018","","","","0.70","","S","Облачно","2026-01-14 01:56"
"-3.90","","-7.30","69","763","1018","","","","0.70","","S","Облачно","2026-01-14 01:57"
"-3.90","","-7.30","69","763","1018","","","","0.70","","S","Облачно","2026-01-14 01:58"
"-3.90","","-7.30","69","763","1018","","","","0.70","","S","Облачно","2026-01-14 01:59"
"-3.90","","-7.30","69","763","1018","","","","0.70","","S","Облачно","2026-01-14 02:00"
"-3.90","","-7.30","69","763","1018","","","","0.70","","S","Облачно","2026-01-14 02:01"
"-3.90","","-7.30","69","763","1018","","","","0.70","","S","Облачно","2026-01-14 02:02"
"-3.90","","-7.30","69","763","1018","","","","0.70","","S","Облачно","2026-01-14 02:03"
"-3.90","","-7.30","69","763","1018","","","","0.70","","S","Облачно","2026-01-14 02:04"
"-3.90","","-7.30","69","763","1018","","","","0.70","","S","Облачно","2026-01-14 02:05"
"-3.90","","-7.30","69","763","1018","","","","0.70","","S","Облачно","2026-01-14 02:06"
"-3.90","","-7.30","69","763","1018","","","","0.70","","S","Облачно","2026-01-14 02:07"
"-4.00","","-7.50","69","763","1018","","","","0.70","","S","Облачно","2026-01-14 02:08"
"-4.00","","-7.50","69","763","1018","","","","0.70","","S","Облачно","2026-01-14 02:09"
"-4.00","","-7.50","69","763","1018","","","","0.70","","S","Облачно","2026-01-14 02:10"
"-4.00","","-7.50","69","763","1018","","","","0.70","","S","Облачно","2026-01-14 02:11"
"-4.00","","-7.50","69","763","1018","","","","0.70","","S","Облачно","2026-01-14 02:12"
"-4.00","","-7.50","69","763","1018","","","","0.70","","S","Облачно","2026-01-14 02:13"
"-4.00","","-7.50","69","763","1018","","","","0.70","","S","Облачно","2026-01-14 02:14"
"-4.00","","-7.50","69","763","1018","","","","0.70","","S","Облачно","2026-01-14 02:15"
"-4.00","","-7.50","69","763","1018","","","","0.70","","S","Облачно","2026-01-14 02:16"
"-4.00","","-7.50","69","763","1018","","","","0.70","","S","Облачно","2026-01-14 02:17"
"-4.00","","-7.50","69","763","1018","","","","0.70","","S","Облачно","2026-01-14 02:18"
"-4.00","","-7.50","69","763","1018","","","","0.70","","S","Облачно","2026-01-14 02:19"
"-4.00","","-7.50","69","763","1018","","","","0.70","","S","Облачно","2026-01-14 02:20"
"-4.00","","-7.50","69","763","1018","","","","0.70","","S","Облачно","2026-01-14 02:21"
"-4.00","","-7.50","69","763","1018","","","","0.70","","S","Облачно","2026-01-14 02:22"
"-4.00","","-7.50","69","763","1018","","","","0.70","","S","Облачно","2026-01-14 02:23"
"-4.10","","-7.60","69","763","1018","","","","0.70","","S","Облачно","2026-01-14 02:24"
"-4.00","","-7.50","69","763","1018","","","","0.70","","S","Облачно","2026-01-14 02:25"
"-4.00","","-7.50","69","763","1018","","","","0.70","","S","Облачно","2026-01-14 02:26"
"-4.00","","-7.50","69","763","1018","","","","0.70","","S","Облачно","2026-01-14 02:27"
"-4.10","","-7.60","69","763","1018","","","","0.70","","S","Облачно","2026-01-14 02:28"
"-4.10","","-7.60","69","763","1018","","","","0.70","","S","Облачно","2026-01-14 02:29"
"-4.10","","-7.60","69","763","1018","","","","0.70","","S","Облачно","2026-01-14 02:30"
"-4.10","","-7.60","69","763","1018","","","","0.70","","S","Облачно","2026-01-14 02:31"
"-4.10","","-7.60","68","763","1018","","","","0.70","","S","Облачно","2026-01-14 02:32"
"-4.10","","-7.60","68","763","1018","","","","0.70","","S","Облачно","2026-01-14 02:33"
"-4.10","","-7.60","68","763","1018","","","","0.70","","S","Облачно","2026-01-14 02:34"
"-4.10","","-7.60","68","763","1018","","","","0.70","","S","Облачно","2026-01-14 02:35"
"-4.10","","-7.60","68","764","1019","","","","0.70","","S","Облачно","2026-01-14 02:36"
"-4.10","","-7.60","68","764","1019","","","","0.70","","S","Облачно","2026-01-14 02:37"
"-4.10","","-7.60","68","764","1019","","","","0.70","","S","Облачно","2026-01-14 02:38"
"-4.10","","-7.60","68","764","1019","","","","0.70","","S","Облачно","2026-01-14 02:39"
"-4.10","","-7.60","68","764","1019","","","","0.70","","S","Облачно","2026-01-14 02:40"
"-4.10","","-7.60","68","764","1019","","","","0.70","","S","Облачно","2026-01-14 02:41"
"-4.10","","-7.60","68","764","1019","","","","0.70","","S","Облачно","2026-01-14 02:42"
"-4.10","","-7.60","68","764","1019","","","","0.70","","S","Облачно","2026-01-14 02:43"
"-4.10","","-7.60","68","764","1019","","","","0.70","","S","Облачно","2026-01-14 02:44"
"-4.10","","-7.60","68","764","1019","","","","0.70","","S","Облачно","2026-01-14 02:45"
"-4.10","","-7.60","68","764","1019","","","","0.70","","S","Облачно","2026-01-14 02:46"
"-4.10","","-7.60","68","764","1019","","","","0.70","","S","Облачно","2026-01-14 02:47"
"-4.10","","-7.60","68","764","1019","","","","0.70","","S","Облачно","2026-01-14 02:48"
"-4.10","","-7.60","68","764","1019","","","","0.70","","S","Облачно","2026-01-14 02:49"
"-4.10","","-7.60","68","764","1019","","","","0.70","","S","Облачно","2026-01-14 02:50"
"-4.10","","-7.60","68","764","1019","","","","0.70","","S","Облачно","2026-01-14 02:51"
"-4.10","","-7.60","68","764","1019","","","","0.70","","S","Облачно","2026-01-14 02:52"
"-4.10","","-7.60","68","764","1019","","","","0.70","","S","Облачно","2026-01-14 02:53"
"-4.10","","-7.60","68","764","1019","","","","0.70","","S","Облачно","2026-01-14 02:54"
"-4.10","","-7.60","68","764","1019","","","","0.70","","S","Облачно","2026-01-14 02:55"
"-4.20","","-7.70","68","764","1019","","","","0.70","","S","Облачно","2026-01-14 02:56"
"-4.20","","-7.70","68","764","1019","","","","0.70","","S","Облачно","2026-01-14 02:57"
"-4.20","","-7.70","68","764","1019","","","","0.70","","S","Облачно","2026-01-14 02:58"
"-4.20","","-7.70","68","764","1019","","","","0.70","","S","Облачно","2026-01-14 02:59"
"-4.10","","-7.60","69","764","1019","","","","0.70","","S","Облачно","2026-01-14 03:00"
"-4.10","","-7.60","69","764","1019","","","","0.70","","S","Облачно","2026-01-14 03:01"
"-4.10","","-7.60","69","764","1019","","","","0.70","","S","Облачно","2026-01-14 03:02"
"-4.10","","-7.60","69","764","1019","","","","0.70","","S","Облачно","2026-01-14 03:03"
"-4.10","","-7.60","69","764","1019","","","","0.70","","S","Облачно","2026-01-14 03:04"
"-4.10","","-7.60","69","764","1019","","","","0.70","","S","Облачно","2026-01-14 03:05"
"-4.10","","-7.60","69","763","1018","","","","0.70","","S","Облачно","2026-01-14 03:06"
"-4.10","","-7.60","69","763","1018","","","","0.70","","S","Облачно","2026-01-14 03:07"
"-4.10","","-7.60","68","763","1018","","","","0.70","","S","Облачно","2026-01-14 03:08"
"-4.10","","-7.60","68","763","1018","","","","0.70","","S","Облачно","2026-01-14 03:09"
"-4.10","","-7.60","68","763","1018","","","","0.70","","S","Облачно","2026-01-14 03:10"
"-4.20","","-7.70","68","763","1018","","","","0.70","","S","Облачно","2026-01-14 03:11"
"-4.20","","-7.70","68","763","1018","","","","0.70","","S","Облачно","2026-01-14 03:12"
"-4.20","","-7.70","68","763","1018","","","","0.70","","S","Облачно","2026-01-14 03:13"
"-4.20","","-7.70","68","763","1018","","","","0.70","","S","Облачно","2026-01-14 03:14"
"-4.20","","-7.70","68","763","1018","","","","0.70","","S","Облачно","2026-01-14 03:15"
"-4.20","","-7.70","68","763","1018","","","","0.70","","S","Облачно","2026-01-14 03:16"
"-4.20","","-7.70","68","763","1018","","","","0.70","","S","Облачно","2026-01-14 03:17"
"-4.20","","-7.70","68","763","1018","","","","0.70","","S","Облачно","2026-01-14 03:18"
"-4.20","","-7.70","68","763","1018","","","","0.70","","S","Облачно","2026-01-14 03:19"
"-4.20","","-7.70","68","763","1018","","","","0.70","","S","Облачно","2026-01-14 03:20"
"-4.20","","-7.70","68","763","1018","","","","0.70","","S","Облачно","2026-01-14 03:21"
"-4.20","","-7.70","68","763","1018","","","","0.70","","S","Облачно","2026-01-14 03:22"
"-4.20","","-7.70","68","763","1018","","","","0.70","","S","Облачно","2026-01-14 03:23"
"-4.20","","-7.70","68","763","1018","","","","0.70","","S","Облачно","2026-01-14 03:24"
"-4.20","","-7.70","68","763","1018","","","","0.70","","S","Облачно","2026-01-14 03:25"
"-4.20","","-7.70","68","763","1018","","","","0.70","","S","Облачно","2026-01-14 03:26"
"-4.20","","-7.70","68","763","1018","","","","0.70","","S","Облачно","2026-01-14 03:27"
"-4.20","","-7.70","68","763","1018","","","","0.70","","S","Облачно","2026-01-14 03:28"
"-4.20","","-7.70","68","763","1018","","","","0.70","","S","Облачно","2026-01-14 03:29"
"-4.20","","-7.70","68","763","1018","","","","0.70","","S","Облачно","2026-01-14 03:30"
"-4.20","","-7.70","68","763","1018","","","","0.70","","S","Облачно","2026-01-14 03:31"
"-4.20","","-7.70","68","763","1018","","","","0.70","","S","Облачно","2026-01-14 03:32"
"-4.20","","-7.70","68","763","1018","","","","0.70","","S","Облачно","2026-01-14 03:33"
"-4.20","","-7.70","68","763","1018","","","","0.70","","S","Облачно","2026-01-14 03:34"
"-4.20","","-7.70","68","763","1018","","","","0.70","","S","Облачно","2026-01-14 03:35"
"-4.20","","-7.70","68","763","1018","","","","0.70","","S","Небольшая облачность","2026-01-14 03:36"
"-4.20","","-7.70","68","763","1018","","","","0.70","","S","Небольшая облачность","2026-01-14 03:37"
"-4.20","","-7.70","68","763","1018","","","","0.70","","S","Небольшая облачность","2026-01-14 03:38"
"-4.20","","-7.70","68","763","1018","","","","0.70","","S","Небольшая облачность","2026-01-14 03:39"
"-4.20","","-7.70","68","763","1018","","","","0.70","","S","Небольшая облачность","2026-01-14 03:40"
"-4.20","","-7.70","68","763","1018","","","","0.70","","S","Небольшая облачность","2026-01-14 03:41"
"-4.20","","-7.70","68","763","1018","","","","0.70","","S","Небольшая облачность","2026-01-14 03:42"
"-4.20","","-7.70","68","763","1018","","","","0.70","","S","Небольшая облачность","2026-01-14 03:43"
"-4.20","","-7.70","68","763","1018","","","","0.70","","S","Небольшая облачность","2026-01-14 03:44"
"-4.20","","-7.70","68","763","1018","","","","0.70","","S","Небольшая облачность","2026-01-14 03:45"
"-4.20","","-7.70","68","763","1018","","","","0.70","","S","Небольшая облачность","2026-01-14 03:46"
"-4.20","","-7.70","68","763","1018","","","","0.70","","S","Небольшая облачность","2026-01-14 03:47"
"-4.20","","-7.70","68","763","1018","","","","0.70","","S","Небольшая облачность","2026-01-14 03:48"
"-4.20","","-7.70","68","763","1018","","","","0.70","","S","Небольшая облачность","2026-01-14 03:49"
"-4.20","","-7.70","68","763","1018","","","","0.70","","S","Небольшая облачность","2026-01-14 03:50"
"-4.20","","-7.70","68","764","1019","","","","0.70","","S","Небольшая облачность","2026-01-14 03:51"
"-4.20","","-7.70","68","764","1019","","","","0.70","","S","Небольшая облачность","2026-01-14 03:52"
"-4.20","","-7.70","68","764","1019","","","","0.70","","S","Небольшая облачность","2026-01-14 03:53"
"-4.20","","-7.70","68","764","1019","","","","0.70","","S","Небольшая облачность","2026-01-14 03:54"
"-4.20","","-7.70","68","764","1019","","","","0.70","","S","Небольшая облачность","2026-01-14 03:55"
"-4.20","","-7.70","68","764","1019","","","","0.70","","S","Небольшая облачность","2026-01-14 03:56"
"-4.20","","-7.70","68","764","1019","","","","0.70","","S","Небольшая облачность","2026-01-14 03:57"
"-4.20","","-7.70","68","764","1019","","","","0.70","","S","Небольшая облачность","2026-01-14 03:58"
"-4.20","","-7.70","68","764","1019","","","","0.70","","S","Небольшая облачность","2026-01-14 03:59"
"-4.20","","-7.70","68","764","1019","","","","0.70","","S","Небольшая облачность","2026-01-14 04:00"
"-4.20","","-7.70","68","764","1019","","","","0.70","","S","Небольшая облачность","2026-01-14 04:01"
"-4.20","","-7.70","68","764","1019","","","","0.70","","S","Небольшая облачность","2026-01-14 04:02"
"-4.20","","-7.70","68","764","1019","","","","0.70","","S","Небольшая облачность","2026-01-14 04:03"
"-4.20","","-7.70","68","764","1019","","","","0.70","","S","Небольшая облачность","2026-01-14 04:04"
"-4.20","","-7.70","68","764","1019","","","","0.70","","S","Небольшая облачность","2026-01-14 04:05"
"-4.20","","-7.70","68","764","1019","","","","0.70","","S","Небольшая облачность","2026-01-14 04:06"
"-4.30","","-7.80","67","764","1019","","","","0.70","","S","Небольшая облачность","2026-01-14 04:07"
"-4.30","","-7.80","67","764","1019","","","","0.70","","S","Небольшая облачность","2026-01-14 04:08"
"-4.30","","-7.80","67","764","1019","","","","0.70","","S","Небольшая облачность","2026-01-14 04:09"
"-4.30","","-7.80","67","764","1019","","","","0.70","","S","Небольшая облачность","2026-01-14 04:10"
"-4.30","","-7.80","68","764","1019","","","","0.70","","S","Небольшая облачность","2026-01-14 04:11"
"-4.30","","-7.80","68","764","1019","","","","0.70","","S","Небольшая облачность","2026-01-14 04:12"
"-4.30","","-7.80","67","764","1019","","","","0.70","","S","Небольшая облачность","2026-01-14 04:13"
"-4.30","","-7.80","67","764","1019","","","","0.70","","S","Небольшая облачность","2026-01-14 04:14"
"-4.40","","-7.90","67","764","1019","","","","0.70","","S","Небольшая облачность","2026-01-14 04:15"
"-4.40","","-7.90","67","764","1019","","","","0.70","","S","Небольшая облачность","2026-01-14 04:16"
"-4.40","","-7.90","67","764","1019","","","","0.70","","S","Небольшая облачность","2026-01-14 04:17"
"-4.40","","-7.90","67","764","1019","","","","0.70","","S","Небольшая облачность","2026-01-14 04:18"
"-4.40","","-7.90","67","764","1019","","","","0.70","","S","Небольшая облачность","2026-01-14 04:19"
"-4.40","","-7.90","67","764","1019","","","","0.70","","S","Небольшая облачность","2026-01-14 04:20"
"-4.40","","-7.90","67","764","1019","","","","0.70","","S","Небольшая облачность","2026-01-14 04:21"
"-4.40","","-7.90","67","764","1019","","","","0.70","","S","Небольшая облачность","2026-01-14 04:22"
"-4.40","","-7.90","67","764","1019","","","","0.70","","S","Небольшая облачность","2026-01-14 04:23"
"-4.40","","-7.90","67","764","1019","","","","0.70","","S","Небольшая облачность","2026-01-14 04:24"
"-4.50","","-8.00","67","764","1019","","","","0.70","","S","Небольшая облачность","2026-01-14 04:25"
"-4.50","","-8.00","67","764","1019","","","","0.70","","S","Небольшая облачность","2026-01-14 04:26"
"-4.50","","-8.00","67","764","1019","","","","0.70","","S","Небольшая облачность","2026-01-14 04:27"
"-4.50","","-8.00","67","764","1019","","","","0.70","","S","Небольшая облачность","2026-01-14 04:28"
"-4.50","","-8.00","67","764","1019","","","","0.70","","S","Небольшая облачность","2026-01-14 04:29"
"-4.50","","-8.00","67","764","1019","","","","0.70","","S","Небольшая облачность","2026-01-14 04:30"
"-4.50","","-8.00","67","764","1019","","","","0.70","","S","Небольшая облачность","2026-01-14 04:31"
"-4.60","","-8.10","67","764","1019","","","","0.70","","S","Небольшая облачность","2026-01-14 04:32"
"-4.60","","-8.10","67","764","1019","","","","0.70","","S","Небольшая облачность","2026-01-14 04:33"
"-4.60","","-8.10","67","764","1019","","","","0.70","","S","Небольшая облачность","2026-01-14 04:34"
"-4.60","","-8.10","67","764","1019","","","","0.70","","S","Небольшая облачность","2026-01-14 04:35"
"-4.60","","-8.10","67","764","1019","","","","0.70","","S","Небольшая облачность","2026-01-14 04:36"
"-4.60","","-8.10","67","764","1019","","","","0.70","","S","Небольшая облачность","2026-01-14 04:37"
"-4.70","","-8.20","67","764","1019","","","","0.70","","S","Небольшая облачность","2026-01-14 04:38"
"-4.70","","-8.20","67","764","1019","","","","0.70","","S","Небольшая облачность","2026-01-14 04:39"
"-4.70","","-8.20","67","764","1019","","","","0.70","","S","Небольшая облачность","2026-01-14 04:40"
"-4.70","","-8.20","67","764","1019","","","","0.70","","S","Небольшая облачность","2026-01-14 04:41"
"-4.70","","-8.20","66","764","1019","","","","0.70","","S","Небольшая облачность","2026-01-14 04:42"
"-4.70","","-8.20","66","764","1019","","","","0.70","","S","Небольшая облачность","2026-01-14 04:43"
"-4.70","","-8.20","66","764","1019","","","","0.70","","S","Небольшая облачность","2026-01-14 04:44"
"-4.80","","-8.40","66","764","1019","","","","0.70","","S","Небольшая облачность","2026-01-14 04:45"
"-4.80","","-8.40","66","764","1019","","","","0.70","","S","Небольшая облачность","2026-01-14 04:46"
"-4.80","","-8.40","66","764","1019","","","","0.70","","S","Небольшая облачность","2026-01-14 04:47"
"-4.90","","-8.50","66","764","1019","","","","0.70","","S","Небольшая облачность","2026-01-14 04:48"
"-4.90","","-8.50","66","764","1019","","","","0.70","","S","Небольшая облачность","2026-01-14 04:49"
"-4.90","","-8.50","66","764","1019","","","","0.70","","S","Небольшая облачность","2026-01-14 04:50"
"-4.90","","-8.50","66","764","1019","","","","0.70","","S","Облачно","2026-01-14 04:51"
"-4.90","","-8.50","66","764","1019","","","","0.70","","S","Облачно","2026-01-14 04:52"
"-5.00","","-8.60","66","764","1019","","","","0.70","","S","Облачно","2026-01-14 04:53"
"-5.00","","-8.60","66","764","1019","","","","0.70","","S","Облачно","2026-01-14 04:54"
"-5.00","","-8.60","66","764","1019","","","","0.70","","S","Облачно","2026-01-14 04:55"
"-5.00","","-8.60","66","764","1019","","","","0.70","","S","Облачно","2026-01-14 04:56"
"-5.00","","-8.60","66","764","1019","","","","0.70","","S","Облачно","2026-01-14 04:57"
"-5.00","","-8.60","66","764","1019","","","","0.70","","S","Облачно","2026-01-14 04:58"
"-5.00","","-8.60","66","764","1019","","","","0.70","","S","Облачно","2026-01-14 04:59"
"-5.00","","-8.60","66","764","1019","","","","0.70","","S","Облачно","2026-01-14 05:00"
"-5.10","","-8.70","66","764","1019","","","","0.70","","S","Облачно","2026-01-14 05:01"
"-5.10","","-8.70","66","764","1019","","","","0.70","","S","Облачно","2026-01-14 05:02"
"-5.10","","-8.70","66","764","1019","","","","0.70","","S","Облачно","2026-01-14 05:03"
"-5.10","","-8.70","66","764","1019","","","","0.70","","S","Облачно","2026-01-14 05:04"
"-5.10","","-8.70","66","764","1019","","","","0.70","","S","Облачно","2026-01-14 05:05"
"-5.00","","-8.60","66","764","1019","","","","0.70","","S","Облачно","2026-01-14 05:06"
"-5.00","","-8.60","66","765","1020","","","","0.70","","S","Облачно","2026-01-14 05:07"
"-5.00","","-8.60","66","765","1020","","","","0.70","","S","Облачно","2026-01-14 05:08"
"-5.10","","-8.70","66","765","1020","","","","0.70","","S","Облачно","2026-01-14 05:09"
"-5.10","","-8.70","66","765","1020","","","","0.70","","S","Облачно","2026-01-14 05:10"
"-5.10","","-8.70","66","765","1020","","","","0.70","","S","Облачно","2026-01-14 05:11"
"-5.10","","-8.70","66","765","1020","","","","0.70","","S","Облачно","2026-01-14 05:12"
"-5.10","","-8.70","66","765","1020","","","","0.70","","S","Облачно","2026-01-14 05:13"
"-5.10","","-8.70","66","765","1020","","","","0.70","","S","Облачно","2026-01-14 05:14"
"-5.10","","-8.70","66","765","1020","","","","0.70","","S","Облачно","2026-01-14 05:15"
"-5.20","","-8.80","66","765","1020","","","","0.70","","S","Облачно","2026-01-14 05:16"
"-5.20","","-8.80","65","765","1020","","","","0.70","","S","Облачно","2026-01-14 05:17"
"-5.20","","-8.80","65","765","1020","","","","0.70","","S","Облачно","2026-01-14 05:18"
"-5.20","","-8.80","65","765","1020","","","","0.70","","S","Облачно","2026-01-14 05:19"
"-5.30","","-8.90","65","765","1020","","","","0.70","","S","Облачно","2026-01-14 05:20"
"-5.30","","-8.90","65","764","1019","","","","0.70","","S","Облачно","2026-01-14 05:21"
"-5.30","","-8.90","65","764","1019","","","","0.70","","S","Облачно","2026-01-14 05:22"
"-5.30","","-8.90","65","764","1019","","","","0.70","","S","Облачно","2026-01-14 05:23"
"-5.30","","-8.90","65","764","1019","","","","0.70","","S","Облачно","2026-01-14 05:24"
"-5.40","","-9.00","65","764","1019","","","","0.70","","S","Облачно","2026-01-14 05:25"
"-5.40","","-9.00","65","764","1019","","","","0.70","","S","Облачно","2026-01-14 05:26"
"-5.50","","-9.10","65","764","1019","","","","0.70","","S","Облачно","2026-01-14 05:27"
"-5.50","","-9.10","65","764","1019","","","","0.70","","S","Облачно","2026-01-14 05:28"
"-5.50","","-9.10","65","764","1019","","","","0.70","","S","Облачно","2026-01-14 05:29"
"-5.50","","-9.10","65","764","1019","","","","0.70","","S","Облачно","2026-01-14 05:30"
"-5.50","","-9.10","65","764","1019","","","","0.70","","S","Облачно","2026-01-14 05:31"
"-5.60","","-9.20","65","764","1019","","","","0.70","","S","Облачно","2026-01-14 05:32"
"-5.60","","-9.20","65","764","1019","","","","0.70","","S","Облачно","2026-01-14 05:33"
"-5.60","","-9.20","65","764","1019","","","","0.70","","S","Облачно","2026-01-14 05:34"
"-5.60","","-9.20","65","764","1019","","","","0.70","","S","Облачно","2026-01-14 05:35"
"-5.60","","-9.20","65","764","1019","","","","0.70","","S","Облачно","2026-01-14 05:36"
"-5.60","","-9.20","65","765","1020","","","","0.70","","S","Облачно","2026-01-14 05:37"
"-5.70","","-9.30","65","765","1020","","","","0.70","","S","Облачно","2026-01-14 05:38"
"-5.70","","-9.30","65","765","1020","","","","0.70","","S","Облачно","2026-01-14 05:39"
"-5.70","","-9.30","65","765","1020","","","","0.70","","S","Облачно","2026-01-14 05:40"
"-5.70","","-9.30","65","765","1020","","","","0.70","","S","Облачно","2026-01-14 05:41"
"-5.70","","-9.30","65","765","1020","","","","0.70","","S","Облачно","2026-01-14 05:42"
"-5.70","","-9.30","65","765","1020","","","","0.70","","S","Облачно","2026-01-14 05:43"
"-5.70","","-9.30","65","765","1020","","","","0.70","","S","Облачно","2026-01-14 05:44"
"-5.80","","-9.50","64","765","1020","","","","0.70","","S","Облачно","2026-01-14 05:45"
"-5.80","","-9.50","64","765","1020","","","","0.70","","S","Облачно","2026-01-14 05:46"
"-5.80","","-9.50","64","765","1020","","","","0.70","","S","Облачно","2026-01-14 05:47"
"-5.90","","-9.60","64","765","1020","","","","0.70","","S","Облачно","2026-01-14 05:48"
"-5.90","","-9.60","64","765","1020","","","","0.70","","S","Облачно","2026-01-14 05:49"
"-5.90","","-9.60","64","765","1020","","","","0.70","","S","Облачно","2026-01-14 05:50"
"-5.90","","-9.60","64","765","1020","","","","0.70","","S","Облачно","2026-01-14 05:51"
"-5.90","","-9.60","64","765","1020","","","","0.70","","S","Облачно","2026-01-14 05:52"
"-6.00","","-9.70","64","765","1020","","","","0.70","","S","Облачно","2026-01-14 05:53"
"-6.00","","-9.70","64","765","1020","","","","0.70","","S","Облачно","2026-01-14 05:54"
"-6.00","","-9.70","64","765","1020","","","","0.70","","S","Облачно","2026-01-14 05:55"
"-6.00","","-9.70","64","765","1020","","","","0.70","","S","Облачно","2026-01-14 05:56"
"-6.00","","-9.70","64","765","1020","","","","0.70","","S","Облачно","2026-01-14 05:57"
"-6.10","","-9.80","64","765","1020","","","","0.70","","S","Облачно","2026-01-14 05:58"
"-6.10","","-9.80","64","765","1020","","","","0.70","","S","Облачно","2026-01-14 05:59"
"-6.10","","-9.80","64","765","1020","","","","0.70","","S","Облачно","2026-01-14 06:00"
"-6.10","","-9.80","64","765","1020","","","","0.70","","S","Облачно","2026-01-14 06:01"
"-6.10","","-9.80","64","765","1020","","","","0.70","","S","Облачно","2026-01-14 06:02"
"-6.10","","-9.80","64","765","1020","","","","0.70","","S","Облачно","2026-01-14 06:03"
"-6.10","","-9.80","64","765","1020","","","","0.70","","S","Облачно","2026-01-14 06:04"
"-6.10","","-9.80","64","765","1020","","","","0.70","","S","Облачно","2026-01-14 06:05"
"-6.10","","-9.80","64","765","1020","","","","0.70","","S","Облачно","2026-01-14 06:06"
"-6.10","","-9.80","64","765","1020","","","","0.70","","S","Облачно","2026-01-14 06:07"
"-6.10","","-9.80","64","765","1020","","","","0.70","","S","Облачно","2026-01-14 06:08"
"-6.10","","-9.80","64","765","1020","","","","0.70","","S","Облачно","2026-01-14 06:09"
"-6.10","","-9.80","64","765","1020","","","","0.70","","S","Облачно","2026-01-14 06:10"
"-6.10","","-9.80","64","765","1020","","","","0.70","","S","Облачно","2026-01-14 06:11"
"-6.20","","-9.90","64","765","1020","","","","0.70","","S","Облачно","2026-01-14 06:12"
"-6.20","","-9.90","64","765","1020","","","","0.70","","S","Облачно","2026-01-14 06:13"
"-6.20","","-9.90","64","765","1020","","","","0.70","","S","Облачно","2026-01-14 06:14"
"-6.20","","-9.90","64","765","1020","","","","0.70","","S","Облачно","2026-01-14 06:15"
"-6.20","","-9.90","64","765","1020","","","","0.70","","S","Облачно","2026-01-14 06:16"
"-6.20","","-9.90","64","765","1020","","","","0.70","","S","Облачно","2026-01-14 06:17"
"-6.20","","-9.90","64","765","1020","","","","0.70","","S","Облачно","2026-01-14 06:18"
"-6.20","","-9.90","65","765","1020","","","","0.70","","S","Облачно","2026-01-14 06:19"
"-6.20","","-9.90","65","765","1020","","","","0.70","","S","Облачно","2026-01-14 06:20"
"-6.20","","-9.90","65","765","1020","","","","0.70","","S","Облачно","2026-01-14 06:21"
"-6.20","","-9.90","65","765","1020","","","","0.70","","S","Облачно","2026-01-14 06:22"
"-6.20","","-9.90","65","765","1020","","","","0.70","","S","Облачно","2026-01-14 06:23"
"-6.20","","-9.90","65","765","1020","","","","0.70","","S","Облачно","2026-01-14 06:24"
"-6.20","","-9.90","65","765","1020","","","","0.70","","S","Облачно","2026-01-14 06:25"
"-6.20","","-9.90","65","765","1020","","","","0.70","","S","Небольшая облачность","2026-01-14 06:26"
"-6.30","","-10.00","65","765","1020","","","","0.70","","S","Небольшая облачность","2026-01-14 06:27"
"-6.30","","-10.00","64","765","1020","","","","0.70","","S","Небольшая облачность","2026-01-14 06:28"
"-6.30","","-10.00","64","765","1020","","","","0.70","","S","Небольшая облачность","2026-01-14 06:29"
"-6.30","","-10.00","64","765","1020","","","","0.70","","S","Небольшая облачность","2026-01-14 06:30"
"-6.30","","-10.00","64","765","1020","","","","0.70","","S","Небольшая облачность","2026-01-14 06:31"
"-6.30","","-10.00","65","765","1020","","","","0.70","","S","Небольшая облачность","2026-01-14 06:32"
"-6.30","","-10.00","65","765","1020","","","","0.70","","S","Небольшая облачность","2026-01-14 06:33"
"-6.30","","-10.00","64","765","1020","","","","0.70","","S","Небольшая облачность","2026-01-14 06:34"
"-6.30","","-10.00","64","765","1020","","","","0.70","","S","Небольшая облачность","2026-01-14 06:35"
"-6.30","","-10.00","64","765","1020","","","","0.70","","S","Небольшая облачность","2026-01-14 06:36"
"-6.30","","-10.00","64","765","1020","","","","0.70","","S","Небольшая облачность","2026-01-14 06:37"
"-6.30","","-10.00","64","765","1020","","","","0.70","","S","Небольшая облачность","2026-01-14 06:38"
"-6.40","","-10.10","64","765","1020","","","","0.70","","S","Небольшая облачность","2026-01-14 06:39"
"-6.40","","-10.10","64","765","1020","","","","0.70","","S","Небольшая облачность","2026-01-14 06:40"
"-6.40","","-10.10","64","765","1020","","","","0.70","","S","Небольшая облачность","2026-01-14 06:41"
"-6.40","","-10.10","64","765","1020","","","","0.70","","S","Небольшая облачность","2026-01-14 06:42"
"-6.50","","-10.20","64","765","1020","","","","0.70","","S","Небольшая облачность","2026-01-14 06:43"
"-6.50","","-10.20","64","765","1020","","","","0.70","","S","Небольшая облачность","2026-01-14 06:44"
"-6.50","","-10.20","64","765","1020","","","","0.70","","S","Небольшая облачность","2026-01-14 06:45"
"-6.50","","-10.20","64","765","1020","","","","0.70","","S","Небольшая облачность","2026-01-14 06:46"
"-6.50","","-10.20","64","765","1020","","","","0.70","","S","Небольшая облачность","2026-01-14 06:47"
"-6.50","","-10.20","64","765","1020","","","","0.70","","S","Небольшая облачность","2026-01-14 06:48"
"-6.50","","-10.20","64","765","1020","","","","0.70","","S","Небольшая облачность","2026-01-14 06:49"
"-6.50","","-10.20","64","765","1020","","","","0.70","","S","Небольшая облачность","2026-01-14 06:50"
"-6.50","","-10.20","64","765","1020","","","","0.70","","S","Небольшая облачность","2026-01-14 06:51"
"-6.50","","-10.20","64","765","1020","","","","0.70","","S","Небольшая облачность","2026-01-14 06:52"
"-6.50","","-10.20","64","765","1020","","","","0.70","","S","Небольшая облачность","2026-01-14 06:53"
"-6.50","","-10.20","64","765","1020","","","","0.70","","S","Небольшая облачность","2026-01-14 06:54"
"-6.50","","-10.20","64","765","1020","","","","0.70","","S","Небольшая облачность","2026-01-14 06:55"
"-6.50","","-10.20","64","765","1020","","","","0.70","","S","Небольшая облачность","2026-01-14 06:56"
"-6.50","","-10.20","65","765","1020","","","","0.70","","S","Небольшая облачность","2026-01-14 06:57"
"-6.50","","-10.20","65","765","1020","","","","0.70","","S","Небольшая облачность","2026-01-14 06:58"
"-6.50","","-10.20","65","765","1020","","","","0.70","","S","Небольшая облачность","2026-01-14 06:59"
"-6.50","","-10.20","65","765","1020","","","","0.70","","S","Небольшая облачность","2026-01-14 07:00"
"-6.50","","-10.20","65","765","1020","","","","0.70","","S","Небольшая облачность","2026-01-14 07:01"
"-6.50","","-10.20","65","765","1020","","","","0.70","","S","Небольшая облачность","2026-01-14 07:02"
"-6.50","","-10.20","65","765","1020","","","","0.70","","S","Небольшая облачность","2026-01-14 07:03"
"-6.50","","-10.20","65","765","1020","","","","0.70","","S","Небольшая облачность","2026-01-14 07:04"
"-6.50","","-10.20","65","765","1020","","","","0.70","","S","Небольшая облачность","2026-01-14 07:05"
"-6.60","","-10.30","64","765","1020","","","","0.70","","S","Небольшая облачность","2026-01-14 07:06"
"-6.60","","-10.30","64","765","1020","","","","0.70","","S","Небольшая облачность","2026-01-14 07:07"
"-6.60","","-10.30","64","765","1020","","","","0.70","","S","Небольшая облачность","2026-01-14 07:08"
"-6.60","","-10.30","64","765","1020","","","","0.70","","S","Небольшая облачность","2026-01-14 07:09"
"-6.70","","-10.40","64","765","1020","","","","0.70","","S","Небольшая облачность","2026-01-14 07:10"
"-6.70","","-10.40","64","765","1020","","","","0.70","","S","Небольшая облачность","2026-01-14 07:11"
"-6.70","","-10.40","64","765","1020","","","","0.70","","S","Небольшая облачность","2026-01-14 07:12"
"-6.70","","-10.40","64","765","1020","","","","0.70","","S","Небольшая облачность","2026-01-14 07:13"
"-6.70","","-10.40","64","765","1020","","","","0.70","","S","Небольшая облачность","2026-01-14 07:14"
"-6.70","","-10.40","64","765","1020","","","","0.70","","S","Небольшая облачность","2026-01-14 07:15"
"-6.70","","-10.40","64","765","1020","","","","0.70","","S","Небольшая облачность","2026-01-14 07:16"
"-6.70","","-10.40","64","765","1020","","","","0.70","","S","Небольшая облачность","2026-01-14 07:17"
"-6.70","","-10.40","64","765","1020","","","","0.70","","S","Небольшая облачность","2026-01-14 07:18"
"-6.70","","-10.40","64","765","1020","","","","0.70","","S","Небольшая облачность","2026-01-14 07:19"
"-6.80","","-10.50","64","765","1020","","","","0.70","","S","Небольшая облачность","2026-01-14 07:20"
"-6.80","","-10.50","64","765","1020","","","","0.70","","S","Небольшая облачность","2026-01-14 07:21"
"-6.80","","-10.50","64","765","1020","","","","0.70","","S","Небольшая облачность","2026-01-14 07:22"
"-6.70","","-10.40","64","765","1020","","","","0.70","","S","Небольшая облачность","2026-01-14 07:23"
"-6.70","","-10.40","64","765","1020","","","","0.70","","S","Небольшая облачность","2026-01-14 07:24"
"-6.70","","-10.40","64","765","1020","","","","0.70","","S","Небольшая облачность","2026-01-14 07:25"
"-6.70","","-10.40","64","765","1020","","","","0.70","","S","Небольшая облачность","2026-01-14 07:26"
"-6.80","","-10.50","64","765","1020","","","","0.70","","S","Небольшая облачность","2026-01-14 07:27"
"-6.80","","-10.50","64","765","1020","","","","0.70","","S","Небольшая облачность","2026-01-14 07:28"
"-6.80","","-10.50","64","765","1020","","","","0.70","","S","Небольшая облачность","2026-01-14 07:29"
"-6.80","","-10.50","64","765","1020","","","","0.70","","S","Небольшая облачность","2026-01-14 07:30"
"-6.80","","-10.50","64","765","1020","","","","0.70","","S","Небольшая облачность","2026-01-14 07:31"
"-6.80","","-10.50","64","765","1020","","","","0.70","","S","Небольшая облачность","2026-01-14 07:32"
"-6.80","","-10.50","64","765","1020","","","","0.70","","S","Небольшая облачность","2026-01-14 07:33"
"-6.80","","-10.50","64","765","1020","","","","0.70","","S","Небольшая облачность","2026-01-14 07:34"
"-6.90","","-10.60","64","765","1020","","","","0.70","","S","Небольшая облачность","2026-01-14 07:35"
"-6.90","","-10.60","64","765","1020","","","","0.70","","S","Небольшая облачность","2026-01-14 07:36"
"-6.90","","-10.60","64","765","1020","","","","0.70","","S","Небольшая облачность","2026-01-14 07:37"
"-6.90","","-10.60","64","765","1020","","","","0.70","","S","Небольшая облачность","2026-01-14 07:38"
"-6.90","","-10.60","64","765","1020","","","","0.70","","S","Небольшая облачность","2026-01-14 07:39"
"-6.90","","-10.60","64","765","1020","","","","0.70","","S","Небольшая облачность","2026-01-14 07:40"
"-6.90","","-10.60","64","765","1020","","","","0.70","","S","Небольшая облачность","2026-01-14 07:41"
"-7.00","","-10.70","64","765","1020","","","","0.70","","S","Небольшая облачность","2026-01-14 07:42"
"-7.00","","-10.70","64","765","1020","","","","0.70","","S","Небольшая облачность","2026-01-14 07:43"
"-7.00","","-10.70","64","765","1020","","","","0.70","","S","Небольшая облачность","2026-01-14 07:44"
"-7.00","","-10.70","64","765","1020","","","","0.70","","S","Небольшая облачность","2026-01-14 07:45"
"-7.00","","-10.70","64","765","1020","","","","0.70","","S","Небольшая облачность","2026-01-14 07:46"
"-7.00","","-10.70","64","765","1020","","","","0.70","","S","Небольшая облачность","2026-01-14 07:47"
"-7.00","","-10.70","64","765","1020","","","","0.70","","S","Небольшая облачность","2026-01-14 07:48"
"-7.00","","-10.70","64","765","1020","","","","0.70","","S","Небольшая облачность","2026-01-14 07:49"
"-7.00","","-10.70","64","765","1020","","","","0.70","","S","Небольшая облачность","2026-01-14 07:50"
"-7.00","","-10.70","64","765","1020","","","","0.70","","S","Небольшая облачность","2026-01-14 07:51"
"-7.00","","-10.70","64","765","1020","","","","0.70","","S","Небольшая облачность","2026-01-14 07:52"
"-7.00","","-10.70","64","765","1020","","","","0.70","","S","Небольшая облачность","2026-01-14 07:53"
"-7.00","","-10.70","64","765","1020","","","","0.70","","S","Небольшая облачность","2026-01-14 07:54"
"-7.00","","-10.70","64","765","1020","","","","0.70","","S","Небольшая облачность","2026-01-14 07:55"
"-7.00","","-10.70","64","765","1020","","","","0.70","","S","Небольшая облачность","2026-01-14 07:56"
"-7.00","","-10.70","64","765","1020","","","","0.70","","S","Небольшая облачность","2026-01-14 07:57"
"-7.00","","-10.70","64","765","1020","","","","0.70","","S","Небольшая облачность","2026-01-14 07:58"
"-7.00","","-10.70","64","765","1020","","","","0.70","","S","Небольшая облачность","2026-01-14 07:59"
"-7.00","","-10.70","64","765","1020","","","","0.70","","S","Небольшая облачность","2026-01-14 08:00"
"-7.00","","-10.70","64","765","1020","","","","0.70","","S","Небольшая облачность","2026-01-14 08:01"
"-7.00","","-10.70","64","765","1020","","","","0.70","","S","Небольшая облачность","2026-01-14 08:02"
"-7.00","","-10.70","64","765","1020","","","","0.70","","S","Небольшая облачность","2026-01-14 08:03"
"-7.00","","-10.70","64","765","1020","","","","0.70","","S","Небольшая облачность","2026-01-14 08:04"
"-7.00","","-10.70","64","765","1020","","","","0.70","","S","Небольшая облачность","2026-01-14 08:05"
"-7.00","","-10.70","64","765","1020","","","","0.70","","S","Небольшая облачность","2026-01-14 08:06"
"-7.00","","-10.70","64","765","1020","","","","0.70","","S","Небольшая облачность","2026-01-14 08:07"
"-7.10","","-10.80","64","765","1020","","","","0.70","","S","Небольшая облачность","2026-01-14 08:08"
"-7.10","","-10.80","63","765","1020","","","","0.70","","S","Небольшая облачность","2026-01-14 08:09"
"-7.20","","-10.90","63","765","1020","","","","0.70","","S","Небольшая облачность","2026-01-14 08:10"
"-7.20","","-10.90","63","765","1020","","","","0.70","","S","Небольшая облачность","2026-01-14 08:11"
"-7.20","","-10.90","63","765","1020","","","","0.70","","S","Небольшая облачность","2026-01-14 08:12"
"-7.30","","-11.10","63","765","1020","","","","0.70","","S","Небольшая облачность","2026-01-14 08:13"
"-7.30","","-11.10","63","765","1020","","","","0.70","","S","Небольшая облачность","2026-01-14 08:14"
"-7.30","","-11.10","63","765","1020","","","","0.70","","S","Небольшая облачность","2026-01-14 08:15"
"-7.30","","-11.10","63","765","1020","","","","0.70","","S","Небольшая облачность","2026-01-14 08:16"
"-7.30","","-11.10","63","765","1020","","","","0.70","","S","Небольшая облачность","2026-01-14 08:17"
"-7.30","","-11.10","63","765","1020","","","","0.70","","S","Небольшая облачность","2026-01-14 08:18"
"-7.30","","-11.10","63","765","1020","","","","0.70","","S","Небольшая облачность","2026-01-14 08:19"
"-7.40","","-11.20","63","765","1020","","","","0.70","","S","Небольшая облачность","2026-01-14 08:20"
"-7.40","","-11.20","62","765","1020","","","","0.70","","S","Небольшая облачность","2026-01-14 08:21"
"-7.40","","-11.20","62","765","1020","","","","0.70","","S","Небольшая облачность","2026-01-14 08:22"
"-7.40","","-11.20","62","765","1020","","","","0.70","","S","Небольшая облачность","2026-01-14 08:23"
"-7.50","","-11.30","63","765","1020","","","","0.70","","S","Небольшая облачность","2026-01-14 08:24"
"-7.50","","-11.30","63","765","1020","","","","0.70","","S","Небольшая облачность","2026-01-14 08:25"
"-7.50","","-11.30","62","765","1020","","","","0.70","","S","Небольшая облачность","2026-01-14 08:26"
"-7.50","","-11.30","62","765","1020","","","","0.70","","S","Небольшая облачность","2026-01-14 08:27"
"-7.50","","-11.30","62","765","1020","","","","0.70","","S","Небольшая облачность","2026-01-14 08:28"
"-7.60","","-11.40","62","765","1020","","","","0.70","","S","Небольшая облачность","2026-01-14 08:29"
"-7.60","","-11.40","62","765","1020","","","","0.70","","S","Небольшая облачность","2026-01-14 08:30"
"-7.60","","-11.40","62","765","1020","","","","0.70","","S","Небольшая облачность","2026-01-14 08:31"
"-7.60","","-11.40","62","765","1020","","","","0.70","","S","Небольшая облачность","2026-01-14 08:32"
"-7.70","","-11.50","62","765","1020","","","","0.70","","S","Небольшая облачность","2026-01-14 08:33"
"-7.70","","-11.50","62","765","1020","","","","0.70","","S","Небольшая облачность","2026-01-14 08:34"
"-7.70","","-11.50","62","765","1020","","","","0.70","","S","Небольшая облачность","2026-01-14 08:35"
"-7.70","","-11.50","62","765","1020","","","","0.70","","S","Небольшая облачность","2026-01-14 08:36"
"-7.70","","-11.50","62","765","1020","","","","0.70","","S","Небольшая облачность","2026-01-14 08:37"
"-7.70","","-11.50","62","765","1020","","","","0.70","","S","Небольшая облачность","2026-01-14 08:38"
"-7.70","","-11.50","63","765","1020","","","","0.70","","S","Небольшая облачность","2026-01-14 08:39"
"-7.60","","-11.40","63","765","1020","","","","0.70","","S","Небольшая облачность","2026-01-14 08:40"
"-7.60","","-11.40","63","765","1020","","","","0.70","","S","Небольшая облачность","2026-01-14 08:41"
"-7.60","","-11.40","63","765","1020","","","","0.70","","S","Небольшая облачность","2026-01-14 08:42"
"-7.60","","-11.40","63","765","1020","","","","0.70","","S","Небольшая облачность","2026-01-14 08:43"
"-7.60","","-11.40","63","765","1020","","","","0.70","","S","Небольшая облачность","2026-01-14 08:44"
"-7.60","","-11.40","63","765","1020","","","","0.70","","S","Небольшая облачность","2026-01-14 08:45"
"-7.70","","-11.50","63","765","1020","","","","0.70","","S","Небольшая облачность","2026-01-14 08:46"
"-7.70","","-11.50","63","765","1020","","","","0.70","","S","Небольшая облачность","2026-01-14 08:47"
"-7.70","","-11.50","63","765","1020","","","","0.70","","S","Небольшая облачность","2026-01-14 08:48"
"-7.70","","-11.50","62","765","1020","","","","0.70","","S","Небольшая облачность","2026-01-14 08:49"
"-7.80","","-11.60","62","765","1020","","","","0.70","","S","Небольшая облачность","2026-01-14 08:50"
"-7.80","","-11.60","62","765","1020","","","","0.70","","S","Небольшая облачность","2026-01-14 08:51"
"-7.90","","-11.70","62","765","1020","","","","0.70","","S","Небольшая облачность","2026-01-14 08:52"
"-7.90","","-11.70","62","765","1020","","","","0.70","","S","Небольшая облачность","2026-01-14 08:53"
"-7.90","","-11.70","62","765","1020","","","","0.70","","S","Небольшая облачность","2026-01-14 08:54"
"-7.90","","-11.70","62","765","1020","","","","0.70","","S","Небольшая облачность","2026-01-14 08:55"
"-7.90","","-11.70","62","765","1020","","","","0.70","","S","Небольшая облачность","2026-01-14 08:56"
"-7.90","","-11.70","62","765","1020","","","","0.70","","S","Небольшая облачность","2026-01-14 08:57"
"-7.90","","-11.70","62","765","1020","","","","0.70","","S","Небольшая облачность","2026-01-14 08:58"
"-7.90","","-11.70","62","765","1020","","","","0.70","","S","Небольшая облачность","2026-01-14 08:59"
"-7.90","","-11.70","62","765","1020","","","","0.70","","S","Небольшая облачность","2026-01-14 09:00"
"-7.90","","-11.70","62","765","1020","","","","0.70","","S","Небольшая облачность","2026-01-14 09:01"
"-7.90","","-11.70","62","765","1020","","","","0.70","","S","Небольшая облачность","2026-01-14 09:02"
"-7.90","","-11.70","62","765","1020","","","","0.70","","S","Небольшая облачность","2026-01-14 09:03"
"-7.90","","-11.70","62","765","1020","","","","0.70","","S","Небольшая облачность","2026-01-14 09:04"
"-7.90","","-11.70","62","765","1020","","","","0.70","","S","Небольшая облачность","2026-01-14 09:05"
"-8.00","","-11.80","62","765","1020","","","","0.70","","S","Небольшая облачность","2026-01-14 09:06"
"-8.00","","-11.80","62","765","1020","","","","0.70","","S","Небольшая облачность","2026-01-14 09:07"
"-8.00","","-11.80","62","765","1020","","","","0.70","","S","Небольшая облачность","2026-01-14 09:08"
"-8.00","","-11.80","62","765","1020","","","","0.70","","S","Небольшая облачность","2026-01-14 09:09"
"-8.00","","-11.80","62","765","1020","","","","0.70","","S","Небольшая облачность","2026-01-14 09:10"
"-8.00","","-11.80","62","765","1020","","","","0.70","","S","Небольшая облачность","2026-01-14 09:11"
"-8.00","","-11.80","62","765","1020","","","","0.70","","S","Небольшая облачность","2026-01-14 09:12"
"-8.00","","-11.80","62","765","1020","","","","0.70","","S","Небольшая облачность","2026-01-14 09:13"
"-8.00","","-11.80","62","765","1020","","","","0.70","","S","Небольшая облачность","2026-01-14 09:14"
"-8.00","","-11.80","62","765","1020","","","","0.70","","S","Небольшая облачность","2026-01-14 09:15"
"-8.10","","-11.90","62","765","1020","","","","0.70","","S","Небольшая облачность","2026-01-14 09:16"
"-8.10","","-11.90","61","765","1020","","","","0.70","","S","Небольшая облачность","2026-01-14 09:17"
"-8.10","","-11.90","61","765","1020","","","","0.70","","S","Небольшая облачность","2026-01-14 09:18"
"-8.10","","-11.90","61","765","1020","","","","0.70","","S","Небольшая облачность","2026-01-14 09:19"
"-8.10","","-11.90","61","765","1020","","","","0.70","","S","Небольшая облачность","2026-01-14 09:20"
"-8.20","","-12.00","61","765","1021","","","","0.70","","S","Небольшая облачность","2026-01-14 09:21"
"-8.20","","-12.00","61","765","1021","","","","0.70","","S","Небольшая облачность","2026-01-14 09:22"
"-8.20","","-12.00","61","765","1021","","","","0.70","","S","Небольшая облачность","2026-01-14 09:23"
"-8.20","","-12.00","61","765","1021","","","","0.70","","S","Небольшая облачность","2026-01-14 09:24"
"-8.20","","-12.00","61","765","1021","","","","0.70","","S","Небольшая облачность","2026-01-14 09:25"
"-8.20","","-12.00","61","765","1021","","","","0.70","","S","Небольшая облачность","2026-01-14 09:26"
"-8.10","","-11.90","61","765","1021","","","","0.70","","S","Небольшая облачность","2026-01-14 09:27"
"-8.10","","-11.90","61","765","1021","","","","0.70","","S","Небольшая облачность","2026-01-14 09:28"
"-8.10","","-11.90","62","765","1021","","","","0.70","","S","Небольшая облачность","2026-01-14 09:29"
"-8.10","","-11.90","62","765","1021","","","","0.70","","S","Небольшая облачность","2026-01-14 09:30"
"-8.20","","-12.00","61","765","1021","","","","0.70","","S","Небольшая облачность","2026-01-14 09:31"
"-8.20","","-12.00","61","765","1021","","","","0.70","","S","Небольшая облачность","2026-01-14 09:32"
"-8.20","","-12.00","61","765","1021","","","","0.70","","S","Небольшая облачность","2026-01-14 09:33"
"-8.20","","-12.00","61","765","1021","","","","0.70","","S","Небольшая облачность","2026-01-14 09:34"
"-8.20","","-12.00","61","765","1021","","","","0.70","","S","Небольшая облачность","2026-01-14 09:35"
"-8.20","","-12.00","61","765","1020","","","","0.70","","S","Небольшая облачность","2026-01-14 09:36"
"-8.20","","-12.00","61","765","1020","","","","0.70","","S","Небольшая облачность","2026-01-14 09:37"
"-8.20","","-12.00","61","765","1020","","","","0.70","","S","Небольшая облачность","2026-01-14 09:38"
"-8.20","","-12.00","61","765","1020","","","","0.70","","S","Небольшая облачность","2026-01-14 09:39"
"-8.20","","-12.00","61","765","1020","","","","0.70","","S","Небольшая облачность","2026-01-14 09:40"
"-8.10","","-11.90","61","765","1020","","","","0.70","","S","Небольшая облачность","2026-01-14 09:41"
"-8.10","","-11.90","61","765","1020","","","","0.70","","S","Небольшая облачность","2026-01-14 09:42"
"-8.10","","-11.90","61","765","1020","","","","0.70","","S","Небольшая облачность","2026-01-14 09:43"
"-8.10","","-11.90","61","765","1020","","","","0.70","","S","Небольшая облачность","2026-01-14 09:44"
"-8.10","","-11.90","62","765","1020","","","","0.70","","S","Небольшая облачность","2026-01-14 09:45"
"-8.10","","-11.90","62","765","1020","","","","0.70","","S","Небольшая облачность","2026-01-14 09:46"
"-8.10","","-11.90","61","765","1020","","","","0.70","","S","Небольшая облачность","2026-01-14 09:47"
"-8.10","","-11.90","61","765","1020","","","","0.70","","S","Небольшая облачность","2026-01-14 09:48"
"-8.10","","-11.90","61","765","1020","","","","0.70","","S","Небольшая облачность","2026-01-14 09:49"
"-8.10","","-11.90","61","765","1020","","","","0.70","","S","Небольшая облачность","2026-01-14 09:50"
"-8.10","","-11.90","61","765","1020","","","","0.70","","S","Небольшая облачность","2026-01-14 09:51"
"-8.10","","-11.90","61","765","1020","","","","0.70","","S","Небольшая облачность","2026-01-14 09:52"
"-8.10","","-11.90","61","765","1020","","","","0.70","","S","Небольшая облачность","2026-01-14 09:53"
"-8.10","","-11.90","61","765","1020","","","","0.70","","S","Небольшая облачность","2026-01-14 09:54"
"-8.10","","-11.90","61","765","1020","","","","0.70","","S","Небольшая облачность","2026-01-14 09:55"
"-8.20","","-12.00","61","765","1020","","","","0.70","","S","Небольшая облачность","2026-01-14 09:56"
"-8.20","","-12.00","61","765","1020","","","","0.70","","S","Небольшая облачность","2026-01-14 09:57"
"-8.20","","-12.00","61","765","1020","","","","0.70","","S","Небольшая облачность","2026-01-14 09:58"
"-8.20","","-12.00","61","765","1020","","","","0.70","","S","Небольшая облачность","2026-01-14 09:59"
"-8.20","","-12.00","61","765","1020","","","","0.70","","S","Небольшая облачность","2026-01-14 10:00"
"-8.20","","-12.00","61","765","1020","","","","0.70","","S","Небольшая облачность","2026-01-14 10:01"
"-8.20","","-12.00","61","765","1020","","","","0.70","","S","Небольшая облачность","2026-01-14 10:02"
"-8.20","","-12.00","61","765","1020","","","","0.70","","S","Небольшая облачность","2026-01-14 10:03"
"-8.20","","-12.00","61","765","1020","","","","0.70","","S","Небольшая облачность","2026-01-14 10:04"
"-8.20","","-12.00","61","765","1020","","","","0.70","","S","Небольшая облачность","2026-01-14 10:05"
"-8.20","","-12.00","60","765","1021","","","","0.70","","S","Небольшая облачность","2026-01-14 10:06"
"-8.20","","-12.00","60","765","1021","","","","0.70","","S","Небольшая облачность","2026-01-14 10:07"
"-8.20","","-12.00","60","765","1021","","","","0.70","","S","Небольшая облачность","2026-01-14 10:08"
"-8.20","","-12.00","60","765","1021","","","","0.70","","S","Небольшая облачность","2026-01-14 10:09"
"-8.20","","-12.00","60","765","1021","","","","0.70","","S","Небольшая облачность","2026-01-14 10:10"
"-8.20","","-12.00","60","765","1021","","","","0.70","","S","Небольшая облачность","2026-01-14 10:11"
"-8.30","","-12.10","60","765","1021","","","","0.70","","S","Небольшая облачность","2026-01-14 10:12"
"-8.30","","-12.10","60","765","1021","","","","0.70","","S","Небольшая облачность","2026-01-14 10:13"
"-8.30","","-12.10","60","765","1021","","","","0.70","","S","Небольшая облачность","2026-01-14 10:14"
"-8.30","","-12.10","60","765","1021","","","","0.70","","S","Небольшая облачность","2026-01-14 10:15"
"-8.30","","-12.10","60","765","1021","","","","0.70","","S","Небольшая облачность","2026-01-14 10:16"
"-8.30","","-12.10","60","765","1021","","","","0.70","","S","Небольшая облачность","2026-01-14 10:17"
"-8.30","","-12.10","60","765","1021","","","","0.70","","S","Небольшая облачность","2026-01-14 10:18"
"-8.30","","-12.10","60","765","1021","","","","0.70","","S","Небольшая облачность","2026-01-14 10:19"
"-8.20","","-12.00","60","765","1021","","","","0.70","","S","Небольшая облачность","2026-01-14 10:20"
"-8.30","","-12.10","60","765","1021","","","","0.70","","S","Небольшая облачность","2026-01-14 10:21"
"-8.30","","-12.10","60","765","1021","","","","0.70","","S","Небольшая облачность","2026-01-14 10:22"
"-8.30","","-12.10","60","765","1021","","","","0.70","","S","Небольшая облачность","2026-01-14 10:23"
"-8.30","","-12.10","60","765","1021","","","","0.70","","S","Небольшая облачность","2026-01-14 10:24"
"-8.30","","-12.10","60","765","1021","","","","0.70","","S","Небольшая облачность","2026-01-14 10:25"
"-8.40","","-12.20","60","765","1021","","","","0.70","","S","Небольшая облачность","2026-01-14 10:26"
"-8.40","","-12.20","60","765","1021","","","","0.70","","S","Небольшая облачность","2026-01-14 10:27"
"-8.40","","-12.20","60","765","1021","","","","0.70","","S","Небольшая облачность","2026-01-14 10:28"
"-8.40","","-12.20","60","765","1021","","","","0.70","","S","Небольшая облачность","2026-01-14 10:29"
"-8.40","","-12.20","60","765","1021","","","","0.70","","S","Небольшая облачность","2026-01-14 10:30"
"-8.40","","-12.20","60","765","1021","","","","0.70","","S","Небольшая облачность","2026-01-14 10:31"
"-8.40","","-12.20","60","765","1021","","","","0.70","","S","Небольшая облачность","2026-01-14 10:32"
"-8.30","","-12.10","60","765","1021","","","","0.70","","S","Небольшая облачность","2026-01-14 10:33"
"-8.30","","-12.10","60","765","1021","","","","0.70","","S","Небольшая облачность","2026-01-14 10:34"
"-8.30","","-12.10","60","765","1021","","","","0.70","","S","Небольшая облачность","2026-01-14 10:35"
"-8.30","","-12.10","60","766","1022","","","","0.70","","S","Небольшая облачность","2026-01-14 10:36"
"-8.40","","-12.20","60","766","1022","","","","0.70","","S","Небольшая облачность","2026-01-14 10:37"
"-8.40","","-12.20","60","766","1022","","","","0.70","","S","Небольшая облачность","2026-01-14 10:38"
"-8.40","","-12.30","59","766","1022","","","","0.70","","S","Небольшая облачность","2026-01-14 10:39"
"-8.40","","-12.30","59","766","1022","","","","0.70","","S","Небольшая облачность","2026-01-14 10:40"
"-8.40","","-12.30","59","766","1022","","","","0.70","","S","Небольшая облачность","2026-01-14 10:41"
"-8.50","","-12.40","60","766","1022","","","","0.70","","S","Небольшая облачность","2026-01-14 10:42"
"-8.50","","-12.40","60","766","1022","","","","0.70","","S","Небольшая облачность","2026-01-14 10:43"
"-8.50","","-12.40","60","766","1022","","","","0.70","","S","Небольшая облачность","2026-01-14 10:44"
"-8.50","","-12.40","60","766","1022","","","","0.70","","S","Небольшая облачность","2026-01-14 10:45"
"-8.50","","-12.40","60","766","1022","","","","0.70","","S","Небольшая облачность","2026-01-14 10:46"
"-8.50","","-12.40","60","766","1022","","","","0.70","","S","Небольшая облачность","2026-01-14 10:47"
"-8.50","","-12.40","60","766","1022","","","","0.70","","S","Небольшая облачность","2026-01-14 10:48"
"-8.50","","-12.40","60","766","1022","","","","0.70","","S","Небольшая облачность","2026-01-14 10:49"
"-8.50","","-12.40","60","766","1022","","","","0.70","","S","Небольшая облачность","2026-01-14 10:50"
"-8.50","","-12.40","60","765","1020","","","","0.70","","S","Небольшая облачность","2026-01-14 10:51"
"-8.50","","-12.40","60","765","1020","","","","0.70","","S","Небольшая облачность","2026-01-14 10:52"
"-8.50","","-12.40","60","765","1020","","","","0.70","","S","Небольшая облачность","2026-01-14 10:53"
"-8.50","","-12.40","60","765","1020","","","","0.70","","S","Небольшая облачность","2026-01-14 10:54"
"-8.50","","-12.40","60","765","1020","","","","0.70","","S","Небольшая облачность","2026-01-14 10:55"
"-8.50","","-12.40","60","765","1020","","","","0.70","","S","Небольшая облачность","2026-01-14 10:56"
"-8.50","","-12.40","60","765","1020","","","","0.70","","S","Небольшая облачность","2026-01-14 10:57"
"-8.50","","-12.40","60","765","1020","","","","0.70","","S","Небольшая облачность","2026-01-14 10:58"
"-8.50","","-12.40","60","765","1020","","","","0.70","","S","Небольшая облачность","2026-01-14 10:59"
"-8.50","","-12.40","60","765","1020","","","","0.70","","S","Небольшая облачность","2026-01-14 11:00"
"-8.50","","-12.40","60","765","1020","","","","0.70","","S","Небольшая облачность","2026-01-14 11:01"
"-8.40","","-12.30","59","765","1020","","","","0.70","","S","Небольшая облачность","2026-01-14 11:02"
"-8.40","","-12.30","59","765","1020","","","","0.70","","S","Небольшая облачность","2026-01-14 11:03"
"-8.40","","-12.30","59","765","1020","","","","0.70","","S","Небольшая облачность","2026-01-14 11:04"
"-8.50","","-12.40","60","765","1020","","","","0.70","","S","Небольшая облачность","2026-01-14 11:05"
"-8.50","","-12.40","60","766","1022","","","","0.70","","S","Небольшая облачность","2026-01-14 11:06"
"-8.40","","-12.30","59","766","1022","","","","0.70","","S","Небольшая облачность","2026-01-14 11:07"
"-8.40","","-12.30","59","766","1022","","","","0.70","","S","Небольшая облачность","2026-01-14 11:08"
"-8.40","","-12.30","59","766","1022","","","","0.70","","S","Небольшая облачность","2026-01-14 11:09"
"-8.50","","-12.40","59","766","1022","","","","0.70","","S","Небольшая облачность","2026-01-14 11:10"
"-8.50","","-12.40","59","766","1022","","","","0.70","","S","Небольшая облачность","2026-01-14 11:11"
"-8.50","","-12.40","59","766","1022","","","","0.70","","S","Небольшая облачность","2026-01-14 11:12"
"-8.50","","-12.40","59","766","1022","","","","0.70","","S","Небольшая облачность","2026-01-14 11:13"
"-8.50","","-12.40","59","766","1022","","","","0.70","","S","Небольшая облачность","2026-01-14 11:14"
"-8.50","","-12.40","59","766","1022","","","","0.70","","S","Небольшая облачность","2026-01-14 11:15"
"-8.50","","-12.40","59","766","1022","","","","0.70","","S","Небольшая облачность","2026-01-14 11:16"
"-8.40","","-12.30","59","766","1022","","","","0.70","","S","Небольшая облачность","2026-01-14 11:17"
"-8.40","","-12.30","59","766","1022","","","","0.70","","S","Небольшая облачность","2026-01-14 11:18"
"-8.40","","-12.30","59","766","1022","","","","0.70","","S","Небольшая облачность","2026-01-14 11:19"
"-8.40","","-12.30","59","766","1022","","","","0.70","","S","Небольшая облачность","2026-01-14 11:20"
"-8.40","","-12.30","59","765","1021","","","","0.70","","S","Небольшая облачность","2026-01-14 11:21"
"-8.40","","-12.30","59","765","1021","","","","0.70","","S","Небольшая облачность","2026-01-14 11:22"
"-8.40","","-12.30","59","765","1021","","","","0.70","","S","Небольшая облачность","2026-01-14 11:23"
"-8.40","","-12.30","59","765","1021","","","","0.70","","S","Небольшая облачность","2026-01-14 11:24"
"-8.50","","-12.40","59","765","1021","","","","0.70","","S","Небольшая облачность","2026-01-14 11:25"
"-8.50","","-12.40","59","765","1021","","","","0.70","","S","Небольшая облачность","2026-01-14 11:26"
"-8.50","","-12.40","59","765","1021","","","","0.70","","S","Небольшая облачность","2026-01-14 11:27"
"-8.50","","-12.40","59","765","1021","","","","0.70","","S","Небольшая облачность","2026-01-14 11:28"
"-8.50","","-12.40","59","765","1021","","","","0.70","","S","Небольшая облачность","2026-01-14 11:29"
"-8.50","","-12.40","59","765","1021","","","","0.70","","S","Небольшая облачность","2026-01-14 11:30"
"-8.50","","-12.40","59","765","1021","","","","0.70","","S","Небольшая облачность","2026-01-14 11:31"
"-8.50","","-12.40","59","765","1021","","","","0.70","","S","Небольшая облачность","2026-01-14 11:32"
"-8.50","","-12.40","59","765","1021","","","","0.70","","S","Небольшая облачность","2026-01-14 11:33"
"-8.50","","-12.40","59","765","1021","","","","0.70","","S","Небольшая облачность","2026-01-14 11:34"
"-8.50","","-12.40","59","765","1021","","","","0.70","","S","Небольшая облачность","2026-01-14 11:35"
"-8.50","","-12.40","59","765","1021","","","","0.70","","S","Облачно","2026-01-14 11:36"
"-8.50","","-12.40","59","765","1021","","","","0.70","","S","Облачно","2026-01-14 11:37"
"-8.60","","-12.50","59","765","1021","","","","0.70","","S","Облачно","2026-01-14 11:38"
"-8.60","","-12.50","59","765","1021","","","","0.70","","S","Облачно","2026-01-14 11:39"
"-8.60","","-12.50","59","765","1021","","","","0.70","","S","Облачно","2026-01-14 11:40"
"-8.60","","-12.50","59","765","1021","","","","0.70","","S","Облачно","2026-01-14 11:41"
"-8.60","","-12.50","59","765","1021","","","","0.70","","S","Облачно","2026-01-14 11:42"
"-8.60","","-12.50","59","765","1021","","","","0.70","","S","Облачно","2026-01-14 11:43"
"-8.60","","-12.50","59","765","1021","","","","0.70","","S","Облачно","2026-01-14 11:44"
"-8.60","","-12.50","59","765","1021","","","","0.70","","S","Облачно","2026-01-14 11:45"
"-8.60","","-12.50","58","765","1021","","","","0.70","","S","Облачно","2026-01-14 11:46"
"-8.60","","-12.50","58","765","1021","","","","0.70","","S","Облачно","2026-01-14 11:47"
"-8.70","","-12.60","58","765","1021","","","","0.70","","S","Облачно","2026-01-14 11:48"
"-8.70","","-12.60","58","765","1021","","","","0.70","","S","Облачно","2026-01-14 11:49"
"-8.70","","-12.60","58","765","1021","","","","0.70","","S","Облачно","2026-01-14 11:50"
"-8.80","","-12.70","58","765","1021","","","","0.70","","S","Облачно","2026-01-14 11:51"
"-8.80","","-12.70","58","765","1021","","","","0.70","","S","Облачно","2026-01-14 11:52"
"-8.80","","-12.70","58","765","1021","","","","0.70","","S","Облачно","2026-01-14 11:53"
"-8.80","","-12.70","58","765","1021","","","","0.70","","S","Облачно","2026-01-14 11:54"
"-8.80","","-12.70","58","765","1021","","","","0.70","","S","Облачно","2026-01-14 11:55"
"-8.80","","-12.70","58","765","1021","","","","0.70","","S","Облачно","2026-01-14 11:56"
"-8.80","","-12.70","58","765","1021","","","","0.70","","S","Облачно","2026-01-14 11:57"
"-8.80","","-12.70","58","765","1021","","","","0.70","","S","Облачно","2026-01-14 11:58"
"-8.80","","-12.70","58","765","1021","","","","0.70","","S","Облачно","2026-01-14 11:59"
"-8.80","","-12.70","58","765","1021","","","","0.70","","S","Облачно","2026-01-14 12:00"
"-8.80","","-12.70","58","765","1021","","","","0.70","","S","Облачно","2026-01-14 12:01"
"-8.80","","-12.70","58","765","1021","","","","0.70","","S","Облачно","2026-01-14 12:02"
"-8.80","","-12.70","58","765","1021","","","","0.70","","S","Облачно","2026-01-14 12:03"
"-8.80","","-12.70","58","765","1021","","","","0.70","","S","Облачно","2026-01-14 12:04"
"-8.80","","-12.70","58","765","1021","","","","0.70","","S","Облачно","2026-01-14 12:05"
"-8.80","","-12.70","58","766","1022","","","","0.70","","S","Облачно","2026-01-14 12:06"
"-8.80","","-12.70","58","766","1022","","","","0.70","","S","Облачно","2026-01-14 12:07"
"-8.80","","-12.70","58","766","1022","","","","0.70","","S","Облачно","2026-01-14 12:08"
"-8.80","","-12.70","58","766","1022","","","","0.70","","S","Облачно","2026-01-14 12:09"
"-8.80","","-12.70","58","766","1022","","","","0.70","","S","Облачно","2026-01-14 12:10"
"-8.80","","-12.70","58","766","1022","","","","0.70","","S","Облачно","2026-01-14 12:11"
"-8.80","","-12.70","58","766","1022","","","","0.70","","S","Облачно","2026-01-14 12:12"
"-8.80","","-12.70","58","766","1022","","","","0.70","","S","Облачно","2026-01-14 12:13"
"-8.80","","-12.70","58","766","1022","","","","0.70","","S","Облачно","2026-01-14 12:14"
"-8.80","","-12.70","58","766","1022","","","","0.70","","S","Облачно","2026-01-14 12:15"
"-8.80","","-12.70","58","766","1022","","","","0.70","","S","Облачно","2026-01-14 12:16"
"-8.80","","-12.70","58","766","1022","","","","0.70","","S","Облачно","2026-01-14 12:17"
"-8.90","","-12.80","58","766","1022","","","","0.70","","S","Облачно","2026-01-14 12:18"
"-8.90","","-12.80","58","766","1022","","","","0.70","","S","Облачно","2026-01-14 12:19"
"-8.90","","-12.80","58","766","1022","","","","0.70","","S","Облачно","2026-01-14 12:20"
"-8.90","","-12.80","58","766","1022","","","","0.70","","S","Облачно","2026-01-14 12:21"
"-8.90","","-12.80","58","766","1022","","","","0.70","","S","Облачно","2026-01-14 12:22"
"-8.90","","-12.80","58","766","1022","","","","0.70","","S","Облачно","2026-01-14 12:23"
"-8.90","","-12.80","58","766","1022","","","","0.70","","S","Облачно","2026-01-14 12:24"
"-8.90","","-12.80","58","766","1022","","","","0.70","","S","Облачно","2026-01-14 12:25"
"-8.90","","-12.80","58","766","1022","","","","0.70","","S","Облачно","2026-01-14 12:26"
"-8.90","","-12.80","58","766","1022","","","","0.70","","S","Облачно","2026-01-14 12:27"
"-8.90","","-12.80","58","766","1022","","","","0.70","","S","Облачно","2026-01-14 12:28"
"-8.90","","-12.80","58","766","1022","","","","0.70","","S","Облачно","2026-01-14 12:29"
"-8.90","","-12.80","58","766","1022","","","","0.70","","S","Облачно","2026-01-14 12:30"
"-8.90","","-12.80","58","766","1022","","","","0.70","","S","Облачно","2026-01-14 12:31"
"-8.90","","-12.80","58","766","1022","","","","0.70","","S","Облачно","2026-01-14 12:32"
"-8.90","","-12.80","58","766","1022","","","","0.70","","S","Облачно","2026-01-14 12:33"
"-8.90","","-12.80","58","766","1022","","","","0.70","","S","Облачно","2026-01-14 12:34"
"-8.90","","-12.80","58","766","1022","","","","0.70","","S","Облачно","2026-01-14 12:35"
"-8.90","","-12.80","58","766","1022","","","","0.70","","S","Облачно","2026-01-14 12:36"
"-8.90","","-12.80","58","766","1022","","","","0.70","","S","Облачно","2026-01-14 12:37"
"-8.90","","-12.80","58","766","1022","","","","0.70","","S","Облачно","2026-01-14 12:38"
"-8.90","","-12.80","58","766","1022","","","","0.70","","S","Облачно","2026-01-14 12:39"
"-8.90","","-12.80","58","766","1022","","","","0.70","","S","Облачно","2026-01-14 12:40"
"-8.90","","-12.80","58","766","1022","","","","0.70","","S","Облачно","2026-01-14 12:41"
"-8.90","","-12.80","58","766","1022","","","","0.70","","S","Облачно","2026-01-14 12:42"
"-8.90","","-12.80","58","766","1022","","","","0.70","","S","Облачно","2026-01-14 12:43"
"-8.90","","-12.80","58","766","1022","","","","0.70","","S","Облачно","2026-01-14 12:44"
"-8.90","","-12.80","58","766","1022","","","","0.70","","S","Облачно","2026-01-14 12:45"
"-8.90","","-12.80","58","766","1022","","","","0.70","","S","Облачно","2026-01-14 12:46"
"-9.00","","-12.90","57","766","1022","","","","0.70","","S","Облачно","2026-01-14 12:47"
"-9.00","","-12.90","57","766","1022","","","","0.70","","S","Облачно","2026-01-14 12:48"
"-9.00","","-12.90","57","766","1022","","","","0.70","","S","Облачно","2026-01-14 12:49"
"-9.00","","-12.90","57","766","1022","","","","0.70","","S","Облачно","2026-01-14 12:50"
"-9.00","","-12.90","57","766","1022","","","","0.70","","S","Облачно","2026-01-14 12:51"
"-9.00","","-12.90","57","766","1022","","","","0.70","","S","Облачно","2026-01-14 12:52"
"-9.00","","-12.90","57","766","1022","","","","0.70","","S","Облачно","2026-01-14 12:53"
"-9.00","","-12.90","57","766","1022","","","","0.70","","S","Облачно","2026-01-14 12:54"
"-9.00","","-12.90","57","766","1022","","","","0.70","","S","Облачно","2026-01-14 12:55"
"-9.00","","-12.90","57","766","1022","","","","0.70","","S","Облачно","2026-01-14 12:56"
"-9.00","","-12.90","57","766","1022","","","","0.70","","S","Облачно","2026-01-14 12:57"
"-9.00","","-12.90","57","766","1022","","","","0.70","","S","Облачно","2026-01-14 12:58"
"-9.00","","-12.90","57","766","1022","","","","0.70","","S","Облачно","2026-01-14 12:59"
"-9.10","","-13.00","57","766","1022","","","","0.70","","S","Облачно","2026-01-14 13:00"
"-9.10","","-13.00","57","766","1022","","","","0.70","","S","Облачно","2026-01-14 13:01"
"-9.10","","-13.00","57","766","1022","","","","0.70","","S","Облачно","2026-01-14 13:02"
"-9.10","","-13.00","57","766","1022","","","","0.70","","S","Облачно","2026-01-14 13:03"
"-9.10","","-13.00","57","766","1022","","","","0.70","","S","Облачно","2026-01-14 13:04"
"-9.10","","-13.00","57","766","1022","","","","0.70","","S","Облачно","2026-01-14 13:05"
"-9.10","","-13.00","57","765","1021","","","","0.70","","S","Облачно","2026-01-14 13:06"
"-9.10","","-13.00","57","765","1021","","","","0.70","","S","Облачно","2026-01-14 13:07"
"-9.10","","-13.00","57","765","1021","","","","0.70","","S","Облачно","2026-01-14 13:08"
"-9.10","","-13.00","57","765","1021","","","","0.70","","S","Облачно","2026-01-14 13:09"
"-9.10","","-13.00","57","765","1021","","","","0.70","","S","Облачно","2026-01-14 13:10"
"-9.10","","-13.00","57","765","1021","","","","0.70","","S","Облачно","2026-01-14 13:11"
"-9.10","","-13.00","57","765","1021","","","","0.70","","S","Облачно","2026-01-14 13:12"
"-9.10","","-13.00","57","765","1021","","","","0.70","","S","Облачно","2026-01-14 13:13"
"-9.10","","-13.00","57","765","1021","","","","0.70","","S","Облачно","2026-01-14 13:14"
"-9.10","","-13.00","57","765","1021","","","","0.70","","S","Облачно","2026-01-14 13:15"
"-9.10","","-13.00","57","765","1021","","","","0.70","","S","Облачно","2026-01-14 13:16"
"-9.10","","-13.00","57","765","1021","","","","0.70","","S","Облачно","2026-01-14 13:17"
"-9.10","","-13.00","57","765","1021","","","","0.70","","S","Облачно","2026-01-14 13:18"
"-9.10","","-13.00","57","765","1021","","","","0.70","","S","Облачно","2026-01-14 13:19"
"-9.10","","-13.00","57","765","1021","","","","0.70","","S","Облачно","2026-01-14 13:20"
"-9.10","","-13.00","57","765","1021","","","","0.70","","S","Облачно","2026-01-14 13:21"
"-9.10","","-13.00","57","766","1022","","","","0.70","","S","Облачно","2026-01-14 13:22"
"-9.10","","-13.00","57","766","1022","","","","0.70","","S","Облачно","2026-01-14 13:23"
"-9.10","","-13.00","57","766","1022","","","","0.70","","S","Облачно","2026-01-14 13:24"
"-9.10","","-13.00","57","766","1022","","","","0.70","","S","Облачно","2026-01-14 13:25"
"-9.10","","-13.00","57","766","1022","","","","0.70","","S","Облачно","2026-01-14 13:26"
"-9.10","","-13.00","57","766","1022","","","","0.70","","S","Облачно","2026-01-14 13:27"
"-9.10","","-13.00","57","766","1022","","","","0.70","","S","Облачно","2026-01-14 13:28"
"-9.10","","-13.00","57","766","1022","","","","0.70","","S","Облачно","2026-01-14 13:29"
"-9.10","","-13.00","57","766","1022","","","","0.70","","S","Облачно","2026-01-14 13:30"
"-9.10","","-13.00","57","766","1022","","","","0.70","","S","Облачно","2026-01-14 13:31"
"-9.10","","-13.00","57","766","1022","","","","0.70","","S","Облачно","2026-01-14 13:32"
"-9.10","","-13.00","57","766","1022","","","","0.70","","S","Облачно","2026-01-14 13:33"
"-9.20","","-13.10","57","766","1022","","","","0.70","","S","Облачно","2026-01-14 13:34"
"-9.20","","-13.10","57","766","1022","","","","0.70","","S","Облачно","2026-01-14 13:35"
"-9.20","","-13.10","57","766","1022","","","","0.70","","S","Облачно","2026-01-14 13:36"
"-9.20","","-13.10","57","766","1022","","","","0.70","","S","Облачно","2026-01-14 13:37"
"-9.20","","-13.10","57","766","1022","","","","0.70","","S","Облачно","2026-01-14 13:38"
"-9.20","","-13.10","57","766","1022","","","","0.70","","S","Облачно","2026-01-14 13:39"
"-9.20","","-13.10","57","766","1022","","","","0.70","","S","Облачно","2026-01-14 13:40"
"-9.20","","-13.10","57","766","1022","","","","0.70","","S","Облачно","2026-01-14 13:41"
"-9.20","","-13.10","57","766","1022","","","","0.70","","S","Облачно","2026-01-14 13:42"
"-9.20","","-13.10","57","766","1022","","","","0.70","","S","Облачно","2026-01-14 13:43"
"-9.20","","-13.10","57","766","1022","","","","0.70","","S","Облачно","2026-01-14 13:44"
"-9.20","","-13.10","57","766","1022","","","","0.70","","S","Облачно","2026-01-14 13:45"
"-9.20","","-13.10","57","766","1022","","","","0.70","","S","Облачно","2026-01-14 13:46"
"-9.20","","-13.10","57","766","1022","","","","0.70","","S","Облачно","2026-01-14 13:47"
"-9.20","","-13.10","57","766","1022","","","","0.70","","S","Облачно","2026-01-14 13:48"
"-9.20","","-13.10","57","766","1022","","","","0.70","","S","Облачно","2026-01-14 13:49"
"-9.20","","-13.10","57","766","1022","","","","0.70","","S","Облачно","2026-01-14 13:50"
"-9.20","","-13.10","57","766","1022","","","","0.70","","S","Облачно","2026-01-14 13:51"
"-9.20","","-13.10","57","766","1022","","","","0.70","","S","Облачно","2026-01-14 13:52"
"-9.30","","-13.20","57","766","1022","","","","0.70","","S","Облачно","2026-01-14 13:53"
"-9.30","","-13.20","57","766","1022","","","","0.70","","S","Облачно","2026-01-14 13:54"
"-9.30","","-13.20","57","766","1022","","","","0.70","","S","Облачно","2026-01-14 13:55"
"-9.30","","-13.20","57","766","1022","","","","0.70","","S","Облачно","2026-01-14 13:56"
"-9.30","","-13.20","57","766","1022","","","","0.70","","S","Облачно","2026-01-14 13:57"
"-9.30","","-13.20","57","766","1022","","","","0.70","","S","Облачно","2026-01-14 13:58"
"-9.30","","-13.20","56","766","1022","","","","0.70","","S","Облачно","2026-01-14 13:59"
"-9.30","","-13.20","56","766","1022","","","","0.70","","S","Облачно","2026-01-14 14:00"
"-9.30","","-13.20","56","766","1022","","","","0.70","","S","Облачно","2026-01-14 14:01"
"-9.30","","-13.20","56","766","1022","","","","0.70","","S","Облачно","2026-01-14 14:02"
"-9.30","","-13.20","56","766","1022","","","","0.70","","S","Облачно","2026-01-14 14:03"
"-9.30","","-13.20","56","766","1022","","","","0.70","","S","Облачно","2026-01-14 14:04"
"-9.30","","-13.20","56","766","1022","","","","0.70","","S","Облачно","2026-01-14 14:05"
"-9.30","","-13.20","56","766","1022","","","","0.70","","S","Облачно","2026-01-14 14:06"
"-9.30","","-13.20","56","766","1022","","","","0.70","","S","Облачно","2026-01-14 14:07"
"-9.30","","-13.20","56","766","1022","","","","0.70","","S","Облачно","2026-01-14 14:08"
"-9.30","","-13.20","56","766","1022","","","","0.70","","S","Облачно","2026-01-14 14:09"
"-9.30","","-13.20","56","766","1022","","","","0.70","","S","Облачно","2026-01-14 14:10"
"-9.30","","-13.20","57","766","1022","","","","0.70","","S","Облачно","2026-01-14 14:11"
"-9.30","","-13.20","57","766","1022","","","","0.70","","S","Облачно","2026-01-14 14:12"
"-9.30","","-13.20","57","766","1022","","","","0.70","","S","Облачно","2026-01-14 14:13"
"-9.30","","-13.20","56","766","1022","","","","0.70","","S","Облачно","2026-01-14 14:14"
"-9.30","","-13.20","56","766","1022","","","","0.70","","S","Облачно","2026-01-14 14:15"
"-9.30","","-13.20","56","766","1022","","","","0.70","","S","Облачно","2026-01-14 14:16"
"-9.30","","-13.20","56","766","1022","","","","0.70","","S","Облачно","2026-01-14 14:17"
"-9.30","","-13.20","56","766","1022","","","","0.70","","S","Облачно","2026-01-14 14:18"
"-9.30","","-13.20","56","766","1022","","","","0.70","","S","Облачно","2026-01-14 14:19"
"-9.30","","-13.20","56","766","1022","","","","0.70","","S","Облачно","2026-01-14 14:20"
"-9.30","","-13.20","56","766","1022","","","","0.70","","S","Облачно","2026-01-14 14:21"
"-9.30","","-13.20","56","766","1022","","","","0.70","","S","Облачно","2026-01-14 14:22"
"-9.30","","-13.20","56","766","1022","","","","0.70","","S","Облачно","2026-01-14 14:23"
"-9.30","","-13.20","56","766","1022","","","","0.70","","S","Облачно","2026-01-14 14:24"
"-9.30","","-13.20","56","766","1022","","","","0.70","","S","Облачно","2026-01-14 14:25"
"-9.30","","-13.20","56","766","1022","","","","0.70","","S","Облачно","2026-01-14 14:26"
"-9.30","","-13.20","56","766","1022","","","","0.70","","S","Облачно","2026-01-14 14:27"
"-9.30","","-13.20","56","766","1022","","","","0.70","","S","Облачно","2026-01-14 14:28"
"-9.30","","-13.20","56","766","1022","","","","0.70","","S","Облачно","2026-01-14 14:29"
"-9.40","","-13.30","56","766","1022","","","","0.70","","S","Облачно","2026-01-14 14:30"
"-9.40","","-13.30","56","766","1022","","","","0.70","","S","Облачно","2026-01-14 14:31"
"-9.40","","-13.30","56","766","1022","","","","0.70","","S","Облачно","2026-01-14 14:32"
"-9.40","","-13.30","56","766","1022","","","","0.70","","S","Облачно","2026-01-14 14:33"
"-9.40","","-13.30","56","766","1022","","","","0.70","","S","Облачно","2026-01-14 14:34"
"-9.40","","-13.30","56","766","1022","","","","0.70","","S","Облачно","2026-01-14 14:35"
"-9.30","","-13.20","56","766","1022","","","","0.70","","S","Облачно","2026-01-14 14:36"
"-9.30","","-13.20","56","766","1022","","","","0.70","","S","Облачно","2026-01-14 14:37"
"-9.30","","-13.20","56","766","1022","","","","0.70","","S","Облачно","2026-01-14 14:38"
"-9.30","","-13.20","56","766","1022","","","","0.70","","S","Облачно","2026-01-14 14:39"
"-9.30","","-13.20","56","766","1022","","","","0.70","","S","Облачно","2026-01-14 14:40"
"-9.40","","-13.30","56","766","1022","","","","0.70","","S","Облачно","2026-01-14 14:41"
"-9.40","","-13.30","56","766","1022","","","","0.70","","S","Облачно","2026-01-14 14:42"
"-9.40","","-13.30","56","766","1022","","","","0.70","","S","Облачно","2026-01-14 14:43"
"-9.40","","-13.30","56","766","1022","","","","0.70","","S","Облачно","2026-01-14 14:44"
"-9.40","","-13.30","56","766","1022","","","","0.70","","S","Облачно","2026-01-14 14:45"
"-9.40","","-13.30","56","766","1022","","","","0.70","","S","Облачно","2026-01-14 14:46"
"-9.40","","-13.30","56","766","1022","","","","0.70","","S","Облачно","2026-01-14 14:47"
"-9.40","","-13.30","56","766","1022","","","","0.70","","S","Облачно","2026-01-14 14:48"
"-9.40","","-13.30","56","766","1022","","","","0.70","","S","Облачно","2026-01-14 14:49"
"-9.50","","-13.40","56","766","1022","","","","0.70","","S","Облачно","2026-01-14 14:50"
"-9.50","","-13.40","56","766","1022","","","","0.70","","S","Облачно","2026-01-14 14:51"
"-9.50","","-13.40","56","766","1022","","","","0.70","","S","Облачно","2026-01-14 14:52"
"-9.50","","-13.40","56","766","1022","","","","0.70","","S","Облачно","2026-01-14 14:53"
"-9.50","","-13.40","56","766","1022","","","","0.70","","S","Облачно","2026-01-14 14:54"
"-9.50","","-13.40","56","766","1022","","","","0.70","","S","Облачно","2026-01-14 14:55"
"-9.50","","-13.40","56","766","1022","","","","0.70","","S","Облачно","2026-01-14 14:56"
"-9.50","","-13.40","56","766","1022","","","","0.70","","S","Облачно","2026-01-14 14:57"
"-9.50","","-13.40","56","766","1022","","","","0.70","","S","Облачно","2026-01-14 14:58"
"-9.50","","-13.40","56","766","1022","","","","0.70","","S","Облачно","2026-01-14 14:59"
"-9.50","","-13.40","56","766","1022","","","","0.70","","S","Облачно","2026-01-14 15:00"
"-9.50","","-13.40","56","766","1022","","","","0.70","","S","Облачно","2026-01-14 15:01"
"-9.50","","-13.40","56","766","1022","","","","0.70","","S","Облачно","2026-01-14 15:02"
"-9.50","","-13.40","56","766","1022","","","","0.70","","S","Облачно","2026-01-14 15:03"
"-9.50","","-13.40","56","766","1022","","","","0.70","","S","Облачно","2026-01-14 15:04"
"-9.50","","-13.40","56","766","1022","","","","0.70","","S","Облачно","2026-01-14 15:05"
"-9.50","","-13.40","56","766","1022","","","","0.70","","S","Небольшая облачность","2026-01-14 15:06"
"-9.50","","-13.40","56","766","1022","","","","0.70","","S","Небольшая облачность","2026-01-14 15:07"
"-9.50","","-13.40","56","766","1022","","","","0.70","","S","Небольшая облачность","2026-01-14 15:08"
"-9.50","","-13.40","56","766","1022","","","","0.70","","S","Небольшая облачность","2026-01-14 15:09"
"-9.50","","-13.40","56","766","1022","","","","0.70","","S","Небольшая облачность","2026-01-14 15:10"
"-9.50","","-13.40","56","766","1022","","","","0.70","","S","Небольшая облачность","2026-01-14 15:11"
"-9.50","","-13.40","56","766","1022","","","","0.70","","S","Небольшая облачность","2026-01-14 15:12"
"-9.50","","-13.40","56","766","1022","","","","0.70","","S","Небольшая облачность","2026-01-14 15:13"
"-9.50","","-13.40","56","766","1022","","","","0.70","","S","Небольшая облачность","2026-01-14 15:14"
"-9.50","","-13.40","56","766","1022","","","","0.70","","S","Небольшая облачность","2026-01-14 15:15"
"-9.60","","-13.50","56","766","1022","","","","0.70","","S","Небольшая облачность","2026-01-14 15:16"
"-9.60","","-13.50","56","766","1022","","","","0.70","","S","Небольшая облачность","2026-01-14 15:17"
"-9.60","","-13.50","56","766","1022","","","","0.70","","S","Небольшая облачность","2026-01-14 15:18"
"-9.60","","-13.50","56","766","1022","","","","0.70","","S","Небольшая облачность","2026-01-14 15:19"
"-9.70","","-13.60","56","766","1022","","","","0.70","","S","Небольшая облачность","2026-01-14 15:20"
"-9.70","","-13.60","56","766","1022","","","","0.70","","S","Небольшая облачность","2026-01-14 15:21"
"-9.70","","-13.60","56","765","1021","","","","0.70","","S","Небольшая облачность","2026-01-14 15:22"
"-9.70","","-13.60","56","765","1021","","","","0.70","","S","Небольшая облачность","2026-01-14 15:23"
"-9.70","","-13.60","56","765","1021","","","","0.70","","S","Небольшая облачность","2026-01-14 15:24"
"-9.70","","-13.60","56","765","1021","","","","0.70","","S","Небольшая облачность","2026-01-14 15:25"
"-9.70","","-13.60","56","765","1021","","","","0.70","","S","Небольшая облачность","2026-01-14 15:26"
"-9.70","","-13.60","56","765","1021","","","","0.70","","S","Небольшая облачность","2026-01-14 15:27"
"-9.70","","-13.60","56","765","1021","","","","0.70","","S","Небольшая облачность","2026-01-14 15:28"
"-9.70","","-13.60","56","765","1021","","","","0.70","","S","Небольшая облачность","2026-01-14 15:29"
"-9.70","","-13.60","56","765","1021","","","","0.70","","S","Небольшая облачность","2026-01-14 15:30"
"-9.70","","-13.60","56","765","1021","","","","0.70","","S","Небольшая облачность","2026-01-14 15:31"
"-9.70","","-13.60","56","765","1021","","","","0.70","","S","Небольшая облачность","2026-01-14 15:32"
"-9.50","","-13.40","56","765","1021","","","","0.70","","S","Небольшая облачность","2026-01-14 15:33"
"-9.50","","-13.40","56","765","1021","","","","0.70","","S","Небольшая облачность","2026-01-14 15:34"
"-9.50","","-13.40","56","765","1021","","","","0.70","","S","Небольшая облачность","2026-01-14 15:35"
"-9.50","","-13.40","56","766","1022","","","","0.70","","S","Небольшая облачность","2026-01-14 15:36"
"-9.50","","-13.40","56","766","1022","","","","0.70","","S","Небольшая облачность","2026-01-14 15:37"
"-9.50","","-13.40","56","766","1022","","","","0.70","","S","Небольшая облачность","2026-01-14 15:38"
"-9.70","","-13.60","56","766","1022","","","","0.70","","S","Небольшая облачность","2026-01-14 15:39"
"-9.70","","-13.60","56","766","1022","","","","0.70","","S","Небольшая облачность","2026-01-14 15:40"
"-9.70","","-13.60","56","766","1022","","","","0.70","","S","Небольшая облачность","2026-01-14 15:41"
"-9.70","","-13.60","56","766","1022","","","","0.70","","S","Небольшая облачность","2026-01-14 15:42"
"-9.70","","-13.60","56","766","1022","","","","0.70","","S","Небольшая облачность","2026-01-14 15:43"
"-9.70","","-13.60","56","766","1022","","","","0.70","","S","Небольшая облачность","2026-01-14 15:44"
"-9.70","","-13.60","56","766","1022","","","","0.70","","S","Небольшая облачность","2026-01-14 15:45"
"-9.70","","-13.60","56","766","1022","","","","0.70","","S","Небольшая облачность","2026-01-14 15:46"
"-9.70","","-13.60","56","766","1022","","","","0.70","","S","Небольшая облачность","2026-01-14 15:47"
"-9.70","","-13.60","56","766","1022","","","","0.70","","S","Небольшая облачность","2026-01-14 15:48"
"-9.70","","-13.60","56","766","1022","","","","0.70","","S","Небольшая облачность","2026-01-14 15:49"
"-9.70","","-13.60","56","766","1022","","","","0.70","","S","Небольшая облачность","2026-01-14 15:50"
"-9.70","","-13.60","56","766","1022","","","","0.70","","S","Небольшая облачность","2026-01-14 15:51"
"-9.70","","-13.60","56","766","1022","","","","0.70","","S","Небольшая облачность","2026-01-14 15:52"
"-9.70","","-13.60","56","766","1022","","","","0.70","","S","Небольшая облачность","2026-01-14 15:53"
"-9.70","","-13.60","56","766","1022","","","","0.70","","S","Небольшая облачность","2026-01-14 15:54"
"-9.70","","-13.60","56","766","1022","","","","0.70","","S","Небольшая облачность","2026-01-14 15:55"
"-9.70","","-13.60","56","766","1022","","","","0.70","","S","Небольшая облачность","2026-01-14 15:56"
"-9.70","","-13.60","56","766","1022","","","","0.70","","S","Небольшая облачность","2026-01-14 15:57"
"-9.70","","-13.60","56","766","1022","","","","0.70","","S","Небольшая облачность","2026-01-14 15:58"
"-9.70","","-13.60","56","766","1022","","","","0.70","","S","Небольшая облачность","2026-01-14 15:59"
"-9.70","","-13.60","56","766","1022","","","","0.70","","S","Небольшая облачность","2026-01-14 16:00"
"-9.70","","-13.60","56","766","1022","","","","0.70","","S","Небольшая облачность","2026-01-14 16:01"
"-9.70","","-13.60","56","766","1022","","","","0.70","","S","Небольшая облачность","2026-01-14 16:02"
"-9.80","","-13.80","56","766","1022","","","","0.70","","S","Небольшая облачность","2026-01-14 16:03"
"-9.80","","-13.80","56","766","1022","","","","0.70","","S","Небольшая облачность","2026-01-14 16:04"
"-9.80","","-13.80","56","766","1022","","","","0.70","","S","Небольшая облачность","2026-01-14 16:05"
"-9.80","","-13.80","56","766","1022","","","","0.70","","S","Небольшая облачность","2026-01-14 16:06"
"-9.80","","-13.80","56","766","1022","","","","0.70","","S","Небольшая облачность","2026-01-14 16:07"
"-9.80","","-13.80","56","766","1022","","","","0.70","","S","Небольшая облачность","2026-01-14 16:08"
"-9.80","","-13.80","56","766","1022","","","","0.70","","S","Небольшая облачность","2026-01-14 16:09"
"-9.80","","-13.80","56","766","1022","","","","0.70","","S","Небольшая облачность","2026-01-14 16:10"
"-9.70","","-13.60","56","766","1022","","","","0.70","","S","Небольшая облачность","2026-01-14 16:11"
"-9.70","","-13.60","56","766","1022","","","","0.70","","S","Небольшая облачность","2026-01-14 16:12"
"-9.70","","-13.60","56","766","1022","","","","0.70","","S","Небольшая облачность","2026-01-14 16:13"
"-9.70","","-13.60","56","766","1022","","","","0.70","","S","Небольшая облачность","2026-01-14 16:14"
"-9.80","","-13.80","56","766","1022","","","","0.70","","S","Небольшая облачность","2026-01-14 16:15"
"-9.80","","-13.80","56","766","1022","","","","0.70","","S","Небольшая облачность","2026-01-14 16:16"
"-9.80","","-13.80","56","766","1022","","","","0.70","","S","Небольшая облачность","2026-01-14 16:17"
"-9.80","","-13.80","56","766","1022","","","","0.70","","S","Небольшая облачность","2026-01-14 16:18"
"-9.80","","-13.80","56","766","1022","","","","0.70","","S","Небольшая облачность","2026-01-14 16:19"
"-9.80","","-13.80","56","766","1022","","","","0.70","","S","Небольшая облачность","2026-01-14 16:20"
"-9.80","","-13.80","56","766","1022","","","","0.70","","S","Небольшая облачность","2026-01-14 16:21"
"-9.80","","-13.80","56","765","1021","","","","0.70","","S","Небольшая облачность","2026-01-14 16:22"
"-9.80","","-13.80","56","765","1021","","","","0.70","","S","Небольшая облачность","2026-01-14 16:23"
"-9.80","","-13.80","56","765","1021","","","","0.70","","S","Небольшая облачность","2026-01-14 16:24"
"-9.80","","-13.80","56","765","1021","","","","0.70","","S","Небольшая облачность","2026-01-14 16:25"
"-9.80","","-13.80","56","765","1021","","","","0.70","","S","Небольшая облачность","2026-01-14 16:26"
"-9.80","","-13.80","56","765","1021","","","","0.70","","S","Небольшая облачность","2026-01-14 16:27"
"-9.80","","-13.80","56","765","1021","","","","0.70","","S","Небольшая облачность","2026-01-14 16:28"
"-9.80","","-13.80","56","765","1021","","","","0.70","","S","Небольшая облачность","2026-01-14 16:29"
"-9.80","","-13.80","56","765","1021","","","","0.70","","S","Небольшая облачность","2026-01-14 16:30"
"-9.80","","-13.80","56","765","1021","","","","0.70","","S","Небольшая облачность","2026-01-14 16:31"
"-9.80","","-13.80","56","765","1021","","","","0.70","","S","Небольшая облачность","2026-01-14 16:32"
"-9.80","","-13.80","56","765","1021","","","","0.70","","S","Небольшая облачность","2026-01-14 16:33"
"-9.80","","-13.80","55","765","1021","","","","0.70","","S","Небольшая облачность","2026-01-14 16:34"
"-9.80","","-13.80","55","765","1021","","","","0.70","","S","Небольшая облачность","2026-01-14 16:35"
"-9.80","","-13.80","55","766","1022","","","","0.70","","S","Облачно","2026-01-14 16:36"
"-9.90","","-13.90","55","766","1022","","","","0.70","","S","Облачно","2026-01-14 16:37"
"-9.90","","-13.90","55","766","1022","","","","0.70","","S","Облачно","2026-01-14 16:38"
"-9.90","","-13.90","55","766","1022","","","","0.70","","S","Облачно","2026-01-14 16:39"
"-9.90","","-13.90","55","766","1022","","","","0.70","","S","Облачно","2026-01-14 16:40"
"-9.90","","-13.90","55","766","1022","","","","0.70","","S","Облачно","2026-01-14 16:41"
"-9.90","","-13.90","55","766","1022","","","","0.70","","S","Облачно","2026-01-14 16:42"
"-9.90","","-13.90","55","766","1022","","","","0.70","","S","Облачно","2026-01-14 16:43"
"-9.90","","-13.90","55","766","1022","","","","0.70","","S","Облачно","2026-01-14 16:44"
"-9.90","","-13.90","55","766","1022","","","","0.70","","S","Облачно","2026-01-14 16:45"
"-9.90","","-13.90","55","766","1022","","","","0.70","","S","Облачно","2026-01-14 16:46"
"-9.90","","-13.90","55","766","1022","","","","0.70","","S","Облачно","2026-01-14 16:47"
"-9.90","","-13.90","55","766","1022","","","","0.70","","S","Облачно","2026-01-14 16:48"
"-9.90","","-13.90","55","766","1022","","","","0.70","","S","Облачно","2026-01-14 16:49"
"-9.90","","-13.90","55","766","1022","","","","0.70","","S","Облачно","2026-01-14 16:50"
"-9.90","","-13.90","55","766","1022","","","","0.70","","S","Облачно","2026-01-14 16:51"
"-9.90","","-13.90","55","766","1022","","","","0.70","","S","Облачно","2026-01-14 16:52"
"-9.90","","-13.90","55","766","1022","","","","0.70","","S","Облачно","2026-01-14 16:53"
"-9.90","","-13.90","55","766","1022","","","","0.70","","S","Облачно","2026-01-14 16:54"
"-9.90","","-13.90","55","766","1022","","","","0.70","","S","Облачно","2026-01-14 16:55"
"-9.90","","-13.90","55","766","1022","","","","0.70","","S","Облачно","2026-01-14 16:56"
"-9.90","","-13.90","55","766","1022","","","","0.70","","S","Облачно","2026-01-14 16:57"
"-9.90","","-13.90","55","766","1022","","","","0.70","","S","Облачно","2026-01-14 16:58"
"-9.90","","-13.90","55","766","1022","","","","0.70","","S","Облачно","2026-01-14 16:59"
"-10.00","","-14.00","55","766","1022","","","","0.70","","S","Облачно","2026-01-14 17:00"
"-10.00","","-14.00","55","766","1022","","","","0.70","","S","Облачно","2026-01-14 17:01"
"-10.00","","-14.00","55","766","1022","","","","0.70","","S","Облачно","2026-01-14 17:02"
"-10.00","","-14.00","55","766","1022","","","","0.70","","S","Облачно","2026-01-14 17:03"
"-10.00","","-14.00","55","766","1022","","","","0.70","","S","Облачно","2026-01-14 17:04"
"-10.00","","-14.00","55","766","1022","","","","0.70","","S","Облачно","2026-01-14 17:05"
"-10.00","","-14.00","55","766","1022","","","","0.70","","S","Небольшая облачность","2026-01-14 17:06"
"-10.00","","-14.00","55","766","1022","","","","0.70","","S","Небольшая облачность","2026-01-14 17:07"
"-10.00","","-14.00","55","766","1022","","","","0.70","","S","Небольшая облачность","2026-01-14 17:08"
"-10.00","","-14.00","55","766","1022","","","","0.70","","S","Небольшая облачность","2026-01-14 17:09"
"-10.00","","-14.00","55","766","1022","","","","0.70","","S","Небольшая облачность","2026-01-14 17:10"
"-10.00","","-14.00","55","766","1022","","","","0.70","","S","Небольшая облачность","2026-01-14 17:11"
"-10.00","","-14.00","55","766","1022","","","","0.70","","S","Небольшая облачность","2026-01-14 17:12"
"-10.00","","-14.00","55","766","1022","","","","0.70","","S","Небольшая облачность","2026-01-14 17:13"
"-10.00","","-14.00","55","766","1022","","","","0.70","","S","Небольшая облачность","2026-01-14 17:14"
"-10.00","","-14.00","55","766","1022","","","","0.70","","S","Небольшая облачность","2026-01-14 17:15"
"-10.00","","-14.00","55","766","1022","","","","0.70","","S","Небольшая облачность","2026-01-14 17:16"
"-10.00","","-14.00","55","766","1022","","","","0.70","","S","Небольшая облачность","2026-01-14 17:17"
"-10.00","","-14.00","55","766","1022","","","","0.70","","S","Небольшая облачность","2026-01-14 17:18"
"-10.00","","-14.00","55","766","1022","","","","0.70","","S","Небольшая облачность","2026-01-14 17:19"
"-10.00","","-14.00","55","766","1022","","","","0.70","","S","Небольшая облачность","2026-01-14 17:20"
"-10.00","","-14.00","55","766","1022","","","","0.70","","S","Небольшая облачность","2026-01-14 17:21"
"-10.00","","-14.00","55","765","1021","","","","0.70","","S","Небольшая облачность","2026-01-14 17:22"
"-10.00","","-14.00","55","765","1021","","","","0.70","","S","Небольшая облачность","2026-01-14 17:23"
"-10.10","","-14.10","55","765","1021","","","","0.70","","S","Небольшая облачность","2026-01-14 17:24"
"-10.10","","-14.10","55","765","1021","","","","0.70","","S","Небольшая облачность","2026-01-14 17:25"
"-10.10","","-14.10","55","765","1021","","","","0.70","","S","Небольшая облачность","2026-01-14 17:26"
"-10.20","","-14.20","55","765","1021","","","","0.70","","S","Небольшая облачность","2026-01-14 17:27"
"-10.20","","-14.20","55","765","1021","","","","0.70","","S","Небольшая облачность","2026-01-14 17:28"
"-10.20","","-14.20","55","765","1021","","","","0.70","","S","Небольшая облачность","2026-01-14 17:29"
"-10.20","","-14.20","55","765","1021","","","","0.70","","S","Небольшая облачность","2026-01-14 17:30"
"-10.20","","-14.20","55","765","1021","","","","0.70","","S","Небольшая облачность","2026-01-14 17:31"
"-10.20","","-14.20","55","765","1021","","","","0.70","","S","Небольшая облачность","2026-01-14 17:32"
"-10.20","","-14.20","55","765","1021","","","","0.70","","S","Небольшая облачность","2026-01-14 17:33"
"-10.20","","-14.20","55","765","1021","","","","0.70","","S","Небольшая облачность","2026-01-14 17:34"
"-10.10","","-14.10","55","765","1021","","","","0.70","","S","Небольшая облачность","2026-01-14 17:35"
"-10.10","","-14.10","55","766","1022","","","","0.70","","S","Небольшая облачность","2026-01-14 17:36"
"-10.10","","-14.10","55","766","1022","","","","0.70","","S","Небольшая облачность","2026-01-14 17:37"
"-10.10","","-14.10","55","766","1022","","","","0.70","","S","Небольшая облачность","2026-01-14 17:38"
"-10.10","","-14.10","55","766","1022","","","","0.70","","S","Небольшая облачность","2026-01-14 17:39"
"-10.10","","-14.10","55","766","1022","","","","0.70","","S","Небольшая облачность","2026-01-14 17:40"
"-10.10","","-14.10","55","766","1022","","","","0.70","","S","Небольшая облачность","2026-01-14 17:41"
"-10.20","","-14.20","55","766","1022","","","","0.70","","S","Небольшая облачность","2026-01-14 17:42"
"-10.20","","-14.20","55","766","1022","","","","0.70","","S","Небольшая облачность","2026-01-14 17:43"
"-10.20","","-14.20","55","766","1022","","","","0.70","","S","Небольшая облачность","2026-01-14 17:44"
"-10.20","","-14.20","55","766","1022","","","","0.70","","S","Небольшая облачность","2026-01-14 17:45"
"-10.20","","-14.20","55","766","1022","","","","0.70","","S","Небольшая облачность","2026-01-14 17:46"
"-10.20","","-14.20","55","766","1022","","","","0.70","","S","Небольшая облачность","2026-01-14 17:47"
"-10.10","","-14.10","55","766","1022","","","","0.70","","S","Небольшая облачность","2026-01-14 17:48"
"-10.10","","-14.10","55","766","1022","","","","0.70","","S","Небольшая облачность","2026-01-14 17:49"
"-10.10","","-14.10","55","766","1022","","","","0.70","","S","Небольшая облачность","2026-01-14 17:50"
"-10.10","","-14.10","55","766","1022","","","","0.70","","S","Небольшая облачность","2026-01-14 17:51"
"-10.10","","-14.10","55","766","1022","","","","0.70","","S","Небольшая облачность","2026-01-14 17:52"
"-10.10","","-14.10","55","766","1022","","","","0.70","","S","Небольшая облачность","2026-01-14 17:53"
"-10.10","","-14.10","55","766","1022","","","","0.70","","S","Небольшая облачность","2026-01-14 17:54"
"-10.10","","-14.10","55","766","1022","","","","0.70","","S","Небольшая облачность","2026-01-14 17:55"
"-10.10","","-14.10","55","766","1022","","","","0.70","","S","Небольшая облачность","2026-01-14 17:56"
"-10.10","","-14.10","55","766","1022","","","","0.70","","S","Небольшая облачность","2026-01-14 17:57"
"-10.10","","-14.10","55","766","1022","","","","0.70","","S","Небольшая облачность","2026-01-14 17:58"
"-10.10","","-14.10","55","766","1022","","","","0.70","","S","Небольшая облачность","2026-01-14 17:59"
"-10.10","","-14.10","55","766","1022","","","","0.70","","S","Небольшая облачность","2026-01-14 18:00"
"-10.10","","-14.10","55","766","1022","","","","0.70","","S","Небольшая облачность","2026-01-14 18:01"
"-10.10","","-14.10","55","766","1022","","","","0.70","","S","Небольшая облачность","2026-01-14 18:02"
"-10.10","","-14.10","55","766","1022","","","","0.70","","S","Небольшая облачность","2026-01-14 18:03"
"-10.10","","-14.10","55","766","1022","","","","0.70","","S","Небольшая облачность","2026-01-14 18:04"
"-10.10","","-14.10","55","766","1022","","","","0.70","","S","Небольшая облачность","2026-01-14 18:05"
"-10.10","","-14.10","55","765","1021","","","","0.70","","S","Облачно","2026-01-14 18:06"
"-10.20","","-14.20","55","765","1021","","","","0.70","","S","Облачно","2026-01-14 18:07"
"-10.20","","-14.20","55","765","1021","","","","0.70","","S","Облачно","2026-01-14 18:08"
"-10.20","","-14.20","55","765","1021","","","","0.70","","S","Облачно","2026-01-14 18:09"
"-10.20","","-14.20","55","765","1021","","","","0.70","","S","Облачно","2026-01-14 18:10"
"-10.20","","-14.20","55","765","1021","","","","0.70","","S","Облачно","2026-01-14 18:11"
"-10.20","","-14.20","55","765","1021","","","","0.70","","S","Облачно","2026-01-14 18:12"
"-10.20","","-14.20","55","765","1021","","","","0.70","","S","Облачно","2026-01-14 18:13"
"-10.20","","-14.20","55","765","1021","","","","0.70","","S","Облачно","2026-01-14 18:14"
"-10.20","","-14.20","55","765","1021","","","","0.70","","S","Облачно","2026-01-14 18:15"
"-10.20","","-14.20","55","765","1021","","","","0.70","","S","Облачно","2026-01-14 18:16"
"-10.20","","-14.20","55","765","1021","","","","0.70","","S","Облачно","2026-01-14 18:17"
"-10.20","","-14.20","55","765","1021","","","","0.70","","S","Облачно","2026-01-14 18:18"
"-10.30","","-14.30","55","765","1021","","","","0.70","","S","Облачно","2026-01-14 18:19"
"-10.30","","-14.30","55","765","1021","","","","0.70","","S","Облачно","2026-01-14 18:20"
"-10.30","","-14.30","55","766","1022","","","","0.70","","S","Облачно","2026-01-14 18:21"
"-10.30","","-14.30","55","766","1022","","","","0.70","","S","Облачно","2026-01-14 18:22"
"-10.30","","-14.30","55","766","1022","","","","0.70","","S","Облачно","2026-01-14 18:23"
"-10.30","","-14.30","55","766","1022","","","","0.70","","S","Облачно","2026-01-14 18:24"
"-10.30","","-14.30","55","766","1022","","","","0.70","","S","Облачно","2026-01-14 18:25"
"-10.30","","-14.30","55","766","1022","","","","0.70","","S","Облачно","2026-01-14 18:26"
"-10.30","","-14.30","55","766","1022","","","","0.70","","S","Облачно","2026-01-14 18:27"
"-10.30","","-14.30","55","766","1022","","","","0.70","","S","Облачно","2026-01-14 18:28"
"-10.30","","-14.30","55","766","1022","","","","0.70","","S","Облачно","2026-01-14 18:29"
"-10.30","","-14.30","55","766","1022","","","","0.70","","S","Облачно","2026-01-14 18:30"
"-10.30","","-14.30","55","766","1022","","","","0.70","","S","Облачно","2026-01-14 18:31"
"-10.30","","-14.30","55","766","1022","","","","0.70","","S","Облачно","2026-01-14 18:32"
"-10.30","","-14.30","55","766","1022","","","","0.70","","S","Облачно","2026-01-14 18:33"
"-10.30","","-14.30","55","766","1022","","","","0.70","","S","Облачно","2026-01-14 18:34"
"-10.30","","-14.30","55","766","1022","","","","0.70","","S","Облачно","2026-01-14 18:35"
"-10.30","","-14.30","55","766","1022","","","","0.70","","S","Облачно","2026-01-14 18:36"
"-10.30","","-14.30","55","766","1022","","","","0.70","","S","Облачно","2026-01-14 18:37"
"-10.30","","-14.30","55","766","1022","","","","0.70","","S","Облачно","2026-01-14 18:38"
"-10.30","","-14.30","55","766","1022","","","","0.70","","S","Облачно","2026-01-14 18:39"
"-10.30","","-14.30","55","766","1022","","","","0.70","","S","Облачно","2026-01-14 18:40"
"-10.30","","-14.30","55","766","1022","","","","0.70","","S","Облачно","2026-01-14 18:41"
"-10.30","","-14.30","55","766","1022","","","","0.70","","S","Облачно","2026-01-14 18:42"
"-10.30","","-14.30","55","766","1022","","","","0.70","","S","Облачно","2026-01-14 18:43"
"-10.30","","-14.30","55","766","1022","","","","0.70","","S","Облачно","2026-01-14 18:44"
"-10.30","","-14.30","55","766","1022","","","","0.70","","S","Облачно","2026-01-14 18:45"
"-10.30","","-14.30","55","766","1022","","","","0.70","","S","Облачно","2026-01-14 18:46"
"-10.30","","-14.30","55","766","1022","","","","0.70","","S","Облачно","2026-01-14 18:47"
"-10.30","","-14.30","55","766","1022","","","","0.70","","S","Облачно","2026-01-14 18:48"
"-10.30","","-14.30","55","766","1022","","","","0.70","","S","Облачно","2026-01-14 18:49"
"-10.30","","-14.30","55","766","1022","","","","0.70","","S","Облачно","2026-01-14 18:50"
"-10.30","","-14.30","55","766","1022","","","","0.70","","S","Облачно","2026-01-14 18:51"
"-10.30","","-14.30","55","766","1022","","","","0.70","","S","Облачно","2026-01-14 18:52"
"-10.30","","-14.30","55","766","1022","","","","0.70","","S","Облачно","2026-01-14 18:53"
"-10.30","","-14.30","55","766","1022","","","","0.70","","S","Облачно","2026-01-14 18:54"
"-10.30","","-14.30","55","766","1022","","","","0.70","","S","Облачно","2026-01-14 18:55"
"-10.30","","-14.30","55","766","1022","","","","0.70","","S","Облачно","2026-01-14 18:56"
"-10.30","","-14.30","55","766","1022","","","","0.70","","S","Облачно","2026-01-14 18:57"
"-10.30","","-14.30","55","766","1022","","","","0.70","","S","Облачно","2026-01-14 18:58"
"-10.30","","-14.30","55","766","1022","","","","0.70","","S","Облачно","2026-01-14 18:59"
"-10.30","","-14.30","55","766","1022","","","","0.70","","S","Облачно","2026-01-14 19:00"
"-10.30","","-14.30","55","766","1022","","","","0.70","","S","Облачно","2026-01-14 19:01"
"-10.30","","-14.30","55","766","1022","","","","0.70","","S","Облачно","2026-01-14 19:02"
"-10.30","","-14.30","55","766","1022","","","","0.70","","S","Облачно","2026-01-14 19:03"
"-10.30","","-14.30","55","766","1022","","","","0.70","","S","Облачно","2026-01-14 19:04"
"-10.30","","-14.30","55","766","1022","","","","0.70","","S","Облачно","2026-01-14 19:05"
"-10.30","","-14.30","55","766","1022","","","","0.70","","S","Облачно","2026-01-14 19:06"
"-10.30","","-14.30","55","766","1022","","","","0.70","","S","Облачно","2026-01-14 19:07"
"-10.30","","-14.30","55","766","1022","","","","0.70","","S","Облачно","2026-01-14 19:08"
"-10.30","","-14.30","55","766","1022","","","","0.70","","S","Облачно","2026-01-14 19:09"
"-10.30","","-14.30","55","766","1022","","","","0.70","","S","Облачно","2026-01-14 19:10"
"-10.30","","-14.30","55","766","1022","","","","0.70","","S","Облачно","2026-01-14 19:11"
"-10.30","","-14.30","55","766","1022","","","","0.70","","S","Облачно","2026-01-14 19:12"
"-10.30","","-14.30","55","766","1022","","","","0.70","","S","Облачно","2026-01-14 19:13"
"-10.30","","-14.30","55","766","1022","","","","0.70","","S","Облачно","2026-01-14 19:14"
"-10.30","","-14.30","55","766","1022","","","","0.70","","S","Облачно","2026-01-14 19:15"
"-10.30","","-14.30","55","766","1022","","","","0.70","","S","Облачно","2026-01-14 19:16"
"-10.30","","-14.30","55","766","1022","","","","0.70","","S","Облачно","2026-01-14 19:17"
"-10.30","","-14.30","55","766","1022","","","","0.70","","S","Облачно","2026-01-14 19:18"
"-10.30","","-14.30","55","766","1022","","","","0.70","","S","Облачно","2026-01-14 19:19"
"-10.30","","-14.30","55","766","1022","","","","0.70","","S","Облачно","2026-01-14 19:20"
"-10.30","","-14.30","55","766","1022","","","","0.70","","S","Облачно","2026-01-14 19:21"
"-10.30","","-14.30","55","766","1022","","","","0.70","","S","Облачно","2026-01-14 19:22"
"-10.30","","-14.30","55","766","1022","","","","0.70","","S","Облачно","2026-01-14 19:23"
"-10.30","","-14.30","55","766","1022","","","","0.70","","S","Облачно","2026-01-14 19:24"
"-10.30","","-14.30","55","766","1022","","","","0.70","","S","Облачно","2026-01-14 19:25"
"-10.30","","-14.30","55","766","1022","","","","0.70","","S","Облачно","2026-01-14 19:26"
"-10.30","","-14.30","55","766","1022","","","","0.70","","S","Облачно","2026-01-14 19:27"
"-10.30","","-14.30","55","766","1022","","","","0.70","","S","Облачно","2026-01-14 19:28"
"-10.30","","-14.30","55","766","1022","","","","0.70","","S","Облачно","2026-01-14 19:29"
"-10.30","","-14.30","55","766","1022","","","","0.70","","S","Облачно","2026-01-14 19:30"
"-10.30","","-14.30","55","766","1022","","","","0.70","","S","Облачно","2026-01-14 19:31"
"-10.30","","-14.30","55","766","1022","","","","0.70","","S","Облачно","2026-01-14 19:32"
"-10.30","","-14.30","55","766","1022","","","","0.70","","S","Облачно","2026-01-14 19:33"
"-10.30","","-14.30","55","766","1022","","","","0.70","","S","Облачно","2026-01-14 19:34"
"-10.30","","-14.30","55","766","1022","","","","0.70","","S","Облачно","2026-01-14 19:35"
"-10.30","","-14.30","55","766","1022","","","","0.70","","S","Облачно","2026-01-14 19:36"
"-10.30","","-14.30","55","766","1022","","","","0.70","","S","Облачно","2026-01-14 19:37"
"-10.30","","-14.30","55","766","1022","","","","0.70","","S","Облачно","2026-01-14 19:38"
"-10.30","","-14.30","55","766","1022","","","","0.70","","S","Облачно","2026-01-14 19:39"
"-10.30","","-14.30","55","766","1022","","","","0.70","","S","Облачно","2026-01-14 19:40"
"-10.30","","-14.30","55","766","1022","","","","0.70","","S","Облачно","2026-01-14 19:41"
"-10.30","","-14.30","55","766","1022","","","","0.70","","S","Облачно","2026-01-14 19:42"
"-10.30","","-14.30","55","766","1022","","","","0.70","","S","Облачно","2026-01-14 19:43"
"-10.30","","-14.30","55","766","1022","","","","0.70","","S","Облачно","2026-01-14 19:44"
"-10.30","","-14.30","55","766","1022","","","","0.70","","S","Облачно","2026-01-14 19:45"
"-10.30","","-14.30","55","766","1022","","","","0.70","","S","Облачно","2026-01-14 19:46"
"-10.30","","-14.30","55","766","1022","","","","0.70","","S","Облачно","2026-01-14 19:47"
"-10.30","","-14.30","55","766","1022","","","","0.70","","S","Облачно","2026-01-14 19:48"
"-10.30","","-14.30","55","766","1022","","","","0.70","","S","Облачно","2026-01-14 19:49"
"-10.30","","-14.30","55","766","1022","","","","0.70","","S","Облачно","2026-01-14 19:50"
"-10.30","","-14.30","55","766","1022","","","","0.70","","S","Облачно","2026-01-14 19:51"
"-10.30","","-14.30","55","766","1022","","","","0.70","","S","Облачно","2026-01-14 19:52"
"-10.30","","-14.30","55","766","1022","","","","0.70","","S","Облачно","2026-01-14 19:53"
"-10.30","","-14.30","55","766","1022","","","","0.70","","S","Облачно","2026-01-14 19:54"
"-10.30","","-14.30","55","766","1022","","","","0.70","","S","Облачно","2026-01-14 19:55"
"-10.30","","-14.30","55","766","1022","","","","0.70","","S","Облачно","2026-01-14 19:56"
"-10.30","","-14.30","55","766","1022","","","","0.70","","S","Облачно","2026-01-14 19:57"
"-10.30","","-14.30","55","766","1022","","","","0.70","","S","Облачно","2026-01-14 19:58"
"-10.30","","-14.30","55","766","1022","","","","0.70","","S","Облачно","2026-01-14 19:59"
"-10.30","","-14.30","55","766","1022","","","","0.70","","S","Облачно","2026-01-14 20:00"
"-10.30","","-14.30","55","766","1022","","","","0.70","","S","Облачно","2026-01-14 20:01"
"-10.30","","-14.30","55","766","1022","","","","0.70","","S","Облачно","2026-01-14 20:02"
"-10.30","","-14.30","55","766","1022","","","","0.70","","S","Облачно","2026-01-14 20:03"
"-10.30","","-14.30","55","766","1022","","","","0.70","","S","Облачно","2026-01-14 20:04"
"-10.30","","-14.30","55","766","1022","","","","0.70","","S","Облачно","2026-01-14 20:05"
"-10.30","","-14.30","55","766","1022","","","","0.70","","S","Облачно","2026-01-14 20:06"
"-10.30","","-14.30","55","766","1022","","","","0.70","","S","Облачно","2026-01-14 20:07"
"-10.30","","-14.30","55","766","1022","","","","0.70","","S","Облачно","2026-01-14 20:08"
"-10.30","","-14.30","55","766","1022","","","","0.70","","S","Облачно","2026-01-14 20:09"
"-10.30","","-14.30","55","766","1022","","","","0.70","","S","Облачно","2026-01-14 20:10"
"-10.30","","-14.30","55","766","1022","","","","0.70","","S","Облачно","2026-01-14 20:11"
"-10.30","","-14.30","55","766","1022","","","","0.70","","S","Облачно","2026-01-14 20:12"
"-10.30","","-14.30","55","766","1022","","","","0.70","","S","Облачно","2026-01-14 20:13"
"-10.30","","-14.30","55","766","1022","","","","0.70","","S","Облачно","2026-01-14 20:14"
"-10.30","","-14.30","55","766","1022","","","","0.70","","S","Облачно","2026-01-14 20:15"
"-10.30","","-14.30","55","766","1022","","","","0.70","","S","Облачно","2026-01-14 20:16"
"-10.30","","-14.30","55","766","1022","","","","0.70","","S","Облачно","2026-01-14 20:17"
"-10.30","","-14.30","55","766","1022","","","","0.70","","S","Облачно","2026-01-14 20:18"
"-10.30","","-14.30","55","766","1022","","","","0.70","","S","Облачно","2026-01-14 20:19"
"-10.30","","-14.30","55","766","1022","","","","0.70","","S","Облачно","2026-01-14 20:20"
"-10.30","","-14.30","55","766","1022","","","","0.70","","S","Облачно","2026-01-14 20:21"
"-10.30","","-14.30","55","766","1022","","","","0.70","","S","Облачно","2026-01-14 20:22"
"-10.30","","-14.30","55","766","1022","","","","0.70","","S","Облачно","2026-01-14 20:23"
"-10.30","","-14.30","55","766","1022","","","","0.70","","S","Облачно","2026-01-14 20:24"
"-10.30","","-14.30","55","766","1022","","","","0.70","","S","Облачно","2026-01-14 20:25"
"-10.30","","-14.30","55","766","1022","","","","0.70","","S","Облачно","2026-01-14 20:26"
"-10.30","","-14.30","55","766","1022","","","","0.70","","S","Облачно","2026-01-14 20:27"
"-10.30","","-14.30","55","766","1022","","","","0.70","","S","Облачно","2026-01-14 20:28"
"-10.30","","-14.30","55","766","1022","","","","0.70","","S","Облачно","2026-01-14 20:29"
"-10.30","","-14.30","55","766","1022","","","","0.70","","S","Облачно","2026-01-14 20:30"
"-10.30","","-14.30","55","766","1022","","","","0.70","","S","Облачно","2026-01-14 20:31"
"-10.30","","-14.30","55","766","1022","","","","0.70","","S","Облачно","2026-01-14 20:32"
"-10.30","","-14.30","55","766","1022","","","","0.70","","S","Облачно","2026-01-14 20:33"
"-10.30","","-14.30","55","766","1022","","","","0.70","","S","Облачно","2026-01-14 20:34"
"-10.30","","-14.30","55","766","1022","","","","0.70","","S","Облачно","2026-01-14 20:35"
"-10.30","","-14.30","55","766","1022","","","","0.70","","S","Облачно","2026-01-14 20:36"
"-10.30","","-14.30","55","766","1022","","","","0.70","","S","Облачно","2026-01-14 20:37"
"-10.30","","-14.30","55","766","1022","","","","0.70","","S","Облачно","2026-01-14 20:38"
"-10.30","","-14.30","55","766","1022","","","","0.70","","S","Облачно","2026-01-14 20:39"
"-10.30","","-14.30","55","766","1022","","","","0.70","","S","Облачно","2026-01-14 20:40"
"-10.30","","-14.30","55","766","1022","","","","0.70","","S","Облачно","2026-01-14 20:41"
"-10.30","","-14.30","55","766","1022","","","","0.70","","S","Облачно","2026-01-14 20:42"
"-10.30","","-14.30","55","766","1022","","","","0.70","","S","Облачно","2026-01-14 20:43"
"-10.30","","-14.30","55","766","1022","","","","0.70","","S","Облачно","2026-01-14 20:44"
"-10.30","","-14.30","55","766","1022","","","","0.70","","S","Облачно","2026-01-14 20:45"
"-10.30","","-14.30","55","766","1022","","","","0.70","","S","Облачно","2026-01-14 20:46"
"-10.30","","-14.30","55","766","1022","","","","0.70","","S","Облачно","2026-01-14 20:47"
"-10.30","","-14.30","55","766","1022","","","","0.70","","S","Облачно","2026-01-14 20:48"
"-10.30","","-14.30","55","766","1022","","","","0.70","","S","Облачно","2026-01-14 20:49"
"-10.30","","-14.30","55","766","1022","","","","0.70","","S","Облачно","2026-01-14 20:50"
"-10.30","","-14.30","55","766","1022","","","","0.70","","S","Облачно","2026-01-14 20:51"
"-10.30","","-14.30","55","766","1022","","","","0.70","","S","Облачно","2026-01-14 20:52"
"-10.30","","-14.30","55","766","1022","","","","0.70","","S","Облачно","2026-01-14 20:53"
"-10.30","","-14.30","55","766","1022","","","","0.70","","S","Облачно","2026-01-14 20:54"
"-10.30","","-14.30","55","766","1022","","","","0.70","","S","Облачно","2026-01-14 20:55"
"-10.30","","-14.30","55","766","1022","","","","0.70","","S","Облачно","2026-01-14 20:56"
"-10.30","","-14.30","55","766","1022","","","","0.70","","S","Облачно","2026-01-14 20:57"
"-10.30","","-14.30","55","766","1022","","","","0.70","","S","Облачно","2026-01-14 20:58"
"-10.40","","-14.40","54","766","1022","","","","0.70","","S","Облачно","2026-01-14 20:59"
"-10.40","","-14.40","54","766","1022","","","","0.70","","S","Облачно","2026-01-14 21:00"
"-10.40","","-14.40","54","766","1022","","","","0.70","","S","Облачно","2026-01-14 21:01"
"-10.40","","-14.40","54","766","1022","","","","0.70","","S","Облачно","2026-01-14 21:02"
"-10.40","","-14.40","54","766","1022","","","","0.70","","S","Облачно","2026-01-14 21:03"
"-10.40","","-14.40","54","766","1022","","","","0.70","","S","Облачно","2026-01-14 21:04"
"-10.40","","-14.40","54","766","1022","","","","0.70","","S","Облачно","2026-01-14 21:05"
"-10.40","","-14.40","54","766","1022","","","","0.70","","S","Небольшая облачность","2026-01-14 21:06"
"-10.40","","-14.40","54","766","1022","","","","0.70","","S","Небольшая облачность","2026-01-14 21:07"
"-10.40","","-14.40","54","766","1022","","","","0.70","","S","Небольшая облачность","2026-01-14 21:08"
"-10.40","","-14.40","54","766","1022","","","","0.70","","S","Небольшая облачность","2026-01-14 21:09"
"-10.40","","-14.40","54","766","1022","","","","0.70","","S","Небольшая облачность","2026-01-14 21:10"
"-10.40","","-14.40","54","766","1022","","","","0.70","","S","Небольшая облачность","2026-01-14 21:11"
"-10.40","","-14.40","54","766","1022","","","","0.70","","S","Небольшая облачность","2026-01-14 21:12"
"-10.40","","-14.40","54","766","1022","","","","0.70","","S","Небольшая облачность","2026-01-14 21:13"
"-10.40","","-14.40","54","766","1022","","","","0.70","","S","Небольшая облачность","2026-01-14 21:14"
"-10.40","","-14.40","54","766","1022","","","","0.70","","S","Небольшая облачность","2026-01-14 21:15"
"-10.40","","-14.40","54","766","1022","","","","0.70","","S","Небольшая облачность","2026-01-14 21:16"
"-10.40","","-14.40","54","766","1022","","","","0.70","","S","Небольшая облачность","2026-01-14 21:17"
"-10.40","","-14.40","54","766","1022","","","","0.70","","S","Небольшая облачность","2026-01-14 21:18"
"-10.40","","-14.40","54","766","1022","","","","0.70","","S","Небольшая облачность","2026-01-14 21:19"
"-10.40","","-14.40","54","766","1022","","","","0.70","","S","Небольшая облачность","2026-01-14 21:20"
"-10.40","","-14.40","54","766","1022","","","","0.70","","S","Небольшая облачность","2026-01-14 21:21"
"-10.40","","-14.40","54","766","1022","","","","0.70","","S","Небольшая облачность","2026-01-14 21:22"
"-10.40","","-14.40","54","766","1022","","","","0.70","","S","Небольшая облачность","2026-01-14 21:23"
"-10.40","","-14.40","54","766","1022","","","","0.70","","S","Небольшая облачность","2026-01-14 21:24"
"-10.40","","-14.40","54","766","1022","","","","0.70","","S","Небольшая облачность","2026-01-14 21:25"
"-10.40","","-14.40","54","766","1022","","","","0.70","","S","Небольшая облачность","2026-01-14 21:26"
"-10.40","","-14.40","54","766","1022","","","","0.70","","S","Небольшая облачность","2026-01-14 21:27"
"-10.40","","-14.40","54","766","1022","","","","0.70","","S","Небольшая облачность","2026-01-14 21:28"
"-10.40","","-14.40","54","766","1022","","","","0.70","","S","Небольшая облачность","2026-01-14 21:29"
"-10.40","","-14.40","54","766","1022","","","","0.70","","S","Небольшая облачность","2026-01-14 21:30"
"-10.40","","-14.40","54","766","1022","","","","0.70","","S","Облачно","2026-01-14 21:31"
"-10.40","","-14.40","54","766","1022","","","","0.70","","S","Облачно","2026-01-14 21:32"
"-10.40","","-14.40","54","766","1022","","","","0.70","","S","Облачно","2026-01-14 21:33"
"-10.40","","-14.40","54","766","1022","","","","0.70","","S","Облачно","2026-01-14 21:34"
"-10.40","","-14.40","54","766","1022","","","","0.70","","S","Облачно","2026-01-14 21:35"
"-10.40","","-14.40","54","767","1023","","","","0.70","","S","Облачно","2026-01-14 21:36"
"-10.40","","-14.40","54","767","1023","","","","0.70","","S","Облачно","2026-01-14 21:37"
"-10.40","","-14.40","54","767","1023","","","","0.70","","S","Облачно","2026-01-14 21:38"
"-10.40","","-14.40","54","767","1023","","","","0.70","","S","Облачно","2026-01-14 21:39"
"-10.40","","-14.40","54","767","1023","","","","0.70","","S","Облачно","2026-01-14 21:40"
"-10.40","","-14.40","54","767","1023","","","","0.70","","S","Облачно","2026-01-14 21:41"
"-10.40","","-14.40","54","767","1023","","","","0.70","","S","Облачно","2026-01-14 21:42"
"-10.40","","-14.40","54","767","1023","","","","0.70","","S","Облачно","2026-01-14 21:43"
"-10.40","","-14.40","54","767","1023","","","","0.70","","S","Облачно","2026-01-14 21:44"
"-10.40","","-14.40","54","767","1023","","","","0.70","","S","Облачно","2026-01-14 21:45"
"-10.40","","-14.40","54","767","1023","","","","0.70","","S","Облачно","2026-01-14 21:46"
"-10.40","","-14.40","54","767","1023","","","","0.70","","S","Облачно","2026-01-14 21:47"
"-10.40","","-14.40","54","767","1023","","","","0.70","","S","Облачно","2026-01-14 21:48"
"-10.40","","-14.40","54","767","1023","","","","0.70","","S","Облачно","2026-01-14 21:49"
"-10.40","","-14.40","54","767","1023","","","","0.70","","S","Облачно","2026-01-14 21:50"
"-10.40","","-14.40","54","767","1023","","","","0.70","","S","Облачно","2026-01-14 21:51"
"-10.40","","-14.40","54","767","1023","","","","0.70","","S","Облачно","2026-01-14 21:52"
"-10.40","","-14.40","54","767","1023","","","","0.70","","S","Облачно","2026-01-14 21:53"
"-10.40","","-14.40","54","767","1023","","","","0.70","","S","Облачно","2026-01-14 21:54"
"-10.40","","-14.40","54","767","1023","","","","0.70","","S","Облачно","2026-01-14 21:55"
"-10.40","","-14.40","54","767","1023","","","","0.70","","S","Облачно","2026-01-14 21:56"
"-10.40","","-14.40","54","767","1023","","","","0.70","","S","Облачно","2026-01-14 21:57"
"-10.40","","-14.40","54","767","1023","","","","0.70","","S","Облачно","2026-01-14 21:58"
"-10.40","","-14.40","54","767","1023","","","","0.70","","S","Облачно","2026-01-14 21:59"
"-10.40","","-14.40","54","767","1023","","","","0.70","","S","Облачно","2026-01-14 22:00"
"-10.40","","-14.40","54","767","1023","","","","0.70","","S","Облачно","2026-01-14 22:01"
"-10.40","","-14.40","54","767","1023","","","","0.70","","S","Облачно","2026-01-14 22:02"
"-10.40","","-14.40","54","767","1023","","","","0.70","","S","Облачно","2026-01-14 22:03"
"-10.40","","-14.40","54","767","1023","","","","0.70","","S","Облачно","2026-01-14 22:04"
"-10.40","","-14.40","54","767","1023","","","","0.70","","S","Облачно","2026-01-14 22:05"
"-10.40","","-14.40","54","767","1023","","","","0.70","","S","Небольшая облачность","2026-01-14 22:06"
"-10.40","","-14.40","54","767","1023","","","","0.70","","S","Небольшая облачность","2026-01-14 22:07"
"-10.40","","-14.40","54","767","1023","","","","0.70","","S","Небольшая облачность","2026-01-14 22:08"
"-10.40","","-14.40","54","767","1023","","","","0.70","","S","Небольшая облачность","2026-01-14 22:09"
"-10.40","","-14.40","54","767","1023","","","","0.70","","S","Небольшая облачность","2026-01-14 22:10"
"-10.40","","-14.40","54","767","1023","","","","0.70","","S","Небольшая облачность","2026-01-14 22:11"
"-10.40","","-14.40","54","767","1023","","","","0.70","","S","Небольшая облачность","2026-01-14 22:12"
"-10.40","","-14.40","54","767","1023","","","","0.70","","S","Небольшая облачность","2026-01-14 22:13"
"-10.40","","-14.40","54","767","1023","","","","0.70","","S","Небольшая облачность","2026-01-14 22:14"
"-10.40","","-14.40","54","767","1023","","","","0.70","","S","Небольшая облачность","2026-01-14 22:15"
"-10.40","","-14.40","54","767","1023","","","","0.70","","S","Небольшая облачность","2026-01-14 22:16"
"-10.40","","-14.40","54","767","1023","","","","0.70","","S","Небольшая облачность","2026-01-14 22:17"
"-10.40","","-14.40","54","767","1023","","","","0.70","","S","Небольшая облачность","2026-01-14 22:18"
"-10.40","","-14.40","54","767","1023","","","","0.70","","S","Небольшая облачность","2026-01-14 22:19"
"-10.40","","-14.40","54","767","1023","","","","0.70","","S","Небольшая облачность","2026-01-14 22:20"
"-10.40","","-14.40","54","766","1022","","","","0.70","","S","Небольшая облачность","2026-01-14 22:21"
"-10.40","","-14.40","54","766","1022","","","","0.70","","S","Небольшая облачность","2026-01-14 22:22"
"-10.40","","-14.40","54","766","1022","","","","0.70","","S","Небольшая облачность","2026-01-14 22:23"
"-10.40","","-14.40","54","766","1022","","","","0.70","","S","Небольшая облачность","2026-01-14 22:24"
"-10.40","","-14.40","54","766","1022","","","","0.70","","S","Небольшая облачность","2026-01-14 22:25"
"-10.40","","-14.40","54","766","1022","","","","0.70","","S","Небольшая облачность","2026-01-14 22:26"
"-10.40","","-14.40","54","766","1022","","","","0.70","","S","Небольшая облачность","2026-01-14 22:27"
"-10.40","","-14.40","54","766","1022","","","","0.70","","S","Небольшая облачность","2026-01-14 22:28"
"-10.40","","-14.40","54","766","1022","","","","0.70","","S","Небольшая облачность","2026-01-14 22:29"
"-10.40","","-14.40","54","766","1022","","","","0.70","","S","Небольшая облачность","2026-01-14 22:30"
"-10.40","","-14.40","54","766","1022","","","","0.70","","S","Небольшая облачность","2026-01-14 22:31"
"-10.40","","-14.40","54","766","1022","","","","0.70","","S","Небольшая облачность","2026-01-14 22:32"
"-10.40","","-14.40","54","766","1022","","","","0.70","","S","Небольшая облачность","2026-01-14 22:33"
"-10.40","","-14.40","54","766","1022","","","","0.70","","S","Небольшая облачность","2026-01-14 22:34"
"-10.40","","-14.40","54","766","1022","","","","0.70","","S","Небольшая облачность","2026-01-14 22:35"
"-10.40","","-14.40","54","766","1022","","","","0.70","","S","Небольшая облачность","2026-01-14 22:36"
"-10.40","","-14.40","54","767","1023","","","","0.70","","S","Небольшая облачность","2026-01-14 22:37"
"-10.40","","-14.40","54","767","1023","","","","0.70","","S","Небольшая облачность","2026-01-14 22:38"
"-10.40","","-14.40","54","767","1023","","","","0.70","","S","Небольшая облачность","2026-01-14 22:39"
"-10.40","","-14.40","54","767","1023","","","","0.70","","S","Небольшая облачность","2026-01-14 22:40"
"-10.40","","-14.40","54","767","1023","","","","0.70","","S","Небольшая облачность","2026-01-14 22:41"
"-10.40","","-14.40","54","767","1023","","","","0.70","","S","Небольшая облачность","2026-01-14 22:42"
"-10.40","","-14.40","54","767","1023","","","","0.70","","S","Небольшая облачность","2026-01-14 22:43"
"-10.40","","-14.40","54","767","1023","","","","0.70","","S","Небольшая облачность","2026-01-14 22:44"
"-10.40","","-14.40","54","767","1023","","","","0.70","","S","Небольшая облачность","2026-01-14 22:45"
"-10.40","","-14.40","54","767","1023","","","","0.70","","S","Небольшая облачность","2026-01-14 22:46"
"-10.40","","-14.40","54","767","1023","","","","0.70","","S","Небольшая облачность","2026-01-14 22:47"
"-10.40","","-14.40","54","767","1023","","","","0.70","","S","Небольшая облачность","2026-01-14 22:48"
"-10.40","","-14.40","54","767","1023","","","","0.70","","S","Небольшая облачность","2026-01-14 22:49"
"-10.40","","-14.40","54","767","1023","","","","0.70","","S","Небольшая облачность","2026-01-14 22:50"
"-10.40","","-14.40","54","767","1023","","","","0.70","","S","Небольшая облачность","2026-01-14 22:51"
"-10.40","","-14.40","54","767","1023","","","","0.70","","S","Небольшая облачность","2026-01-14 22:52"
"-10.40","","-14.40","54","767","1023","","","","0.70","","S","Небольшая облачность","2026-01-14 22:53"
"-10.40","","-14.40","54","767","1023","","","","0.70","","S","Небольшая облачность","2026-01-14 22:54"
"-10.40","","-14.40","54","767","1023","","","","0.70","","S","Небольшая облачность","2026-01-14 22:55"
"-10.40","","-14.40","54","767","1023","","","","0.70","","S","Небольшая облачность","2026-01-14 22:56"
"-10.40","","-14.40","54","767","1023","","","","0.70","","S","Небольшая облачность","2026-01-14 22:57"
"-10.40","","-14.40","54","767","1023","","","","0.70","","S","Небольшая облачность","2026-01-14 22:58"
"-10.40","","-14.40","54","767","1023","","","","0.70","","S","Небольшая облачность","2026-01-14 22:59"
"-10.40","","-14.40","54","767","1023","","","","0.70","","S","Небольшая облачность","2026-01-14 23:00"
"-10.40","","-14.40","54","767","1023","","","","0.70","","S","Небольшая облачность","2026-01-14 23:01"
"-10.40","","-14.40","54","767","1023","","","","0.70","","S","Небольшая облачность","2026-01-14 23:02"
"-10.40","","-14.40","54","767","1023","","","","0.70","","S","Небольшая облачность","2026-01-14 23:03"
"-10.40","","-14.40","54","767","1023","","","","0.70","","S","Небольшая облачность","2026-01-14 23:04"
"-10.40","","-14.40","54","767","1023","","","","0.70","","S","Небольшая облачность","2026-01-14 23:05"
"-10.40","","-14.40","54","767","1023","","","","0.70","","S","Небольшая облачность","2026-01-14 23:06"
"-10.40","","-14.40","54","767","1023","","","","0.70","","S","Небольшая облачность","2026-01-14 23:07"
"-10.40","","-14.40","54","767","1023","","","","0.70","","S","Небольшая облачность","2026-01-14 23:08"
"-10.40","","-14.40","54","767","1023","","","","0.70","","S","Небольшая облачность","2026-01-14 23:09"
"-10.40","","-14.40","54","767","1023","","","","0.70","","S","Небольшая облачность","2026-01-14 23:10"
"-10.40","","-14.40","54","767","1023","","","","0.70","","S","Небольшая облачность","2026-01-14 23:11"
"-10.40","","-14.40","54","767","1023","","","","0.70","","S","Небольшая облачность","2026-01-14 23:12"
"-10.40","","-14.40","54","767","1023","","","","0.70","","S","Небольшая облачность","2026-01-14 23:13"
"-10.40","","-14.40","54","767","1023","","","","0.70","","S","Небольшая облачность","2026-01-14 23:14"
"-10.40","","-14.40","54","767","1023","","","","0.70","","S","Небольшая облачность","2026-01-14 23:15"
"-10.40","","-14.40","54","767","1023","","","","0.70","","S","Небольшая облачность","2026-01-14 23:16"
"-10.40","","-14.40","54","767","1023","","","","0.70","","S","Небольшая облачность","2026-01-14 23:17"
"-10.40","","-14.40","54","767","1023","","","","0.70","","S","Небольшая облачность","2026-01-14 23:18"
"-10.40","","-14.40","54","767","1023","","","","0.70","","S","Небольшая облачность","2026-01-14 23:19"
"-10.40","","-14.40","54","767","1023","","","","0.70","","S","Небольшая облачность","2026-01-14 23:20"
"-10.40","","-14.40","54","767","1023","","","","0.70","","S","Небольшая облачность","2026-01-14 23:21"
"-10.40","","-14.40","54","767","1023","","","","0.70","","S","Небольшая облачность","2026-01-14 23:22"
"-10.40","","-14.40","54","767","1023","","","","0.70","","S","Небольшая облачность","2026-01-14 23:23"
"-10.40","","-14.40","54","767","1023","","","","0.70","","S","Небольшая облачность","2026-01-14 23:24"
"-10.40","","-14.40","54","767","1023","","","","0.70","","S","Небольшая облачность","2026-01-14 23:25"
"-10.40","","-14.40","54","767","1023","","","","0.70","","S","Небольшая облачность","2026-01-14 23:26"
"-10.40","","-14.40","54","767","1023","","","","0.70","","S","Небольшая облачность","2026-01-14 23:27"
"-10.40","","-14.40","54","767","1023","","","","0.70","","S","Небольшая облачность","2026-01-14 23:28"
"-10.40","","-14.40","54","767","1023","","","","0.70","","S","Небольшая облачность","2026-01-14 23:29"
"-10.40","","-14.40","54","767","1023","","","","0.70","","S","Небольшая облачность","2026-01-14 23:30"
"-10.40","","-14.40","54","767","1023","","","","0.70","","S","Небольшая облачность","2026-01-14 23:31"
"-10.40","","-14.40","54","767","1023","","","","0.70","","S","Небольшая облачность","2026-01-14 23:32"
"-10.40","","-14.40","54","767","1023","","","","0.70","","S","Небольшая облачность","2026-01-14 23:33"
"-10.40","","-14.40","54","767","1023","","","","0.70","","S","Небольшая облачность","2026-01-14 23:34"
"-10.40","","-14.40","54","767","1023","","","","0.70","","S","Небольшая облачность","2026-01-14 23:35"
"-10.40","","-14.40","54","767","1023","","","","0.70","","S","Небольшая облачность","2026-01-14 23:36"
"-10.40","","-14.40","54","766","1022","","","","0.70","","S","Небольшая облачность","2026-01-14 23:37"
"-10.40","","-14.40","54","766","1022","","","","0.70","","S","Небольшая облачность","2026-01-14 23:38"
"-10.40","","-14.40","54","766","1022","","","","0.70","","S","Небольшая облачность","2026-01-14 23:39"
"-10.40","","-14.40","54","766","1022","","","","0.70","","S","Небольшая облачность","2026-01-14 23:40"
"-10.40","","-14.40","54","766","1022","","","","0.70","","S","Небольшая облачность","2026-01-14 23:41"
"-10.40","","-14.40","54","766","1022","","","","0.70","","S","Небольшая облачность","2026-01-14 23:42"
"-10.40","","-14.40","54","766","1022","","","","0.70","","S","Небольшая облачность","2026-01-14 23:43"
"-10.40","","-14.40","54","766","1022","","","","0.70","","S","Небольшая облачность","2026-01-14 23:44"
"-10.40","","-14.40","54","766","1022","","","","0.70","","S","Небольшая облачность","2026-01-14 23:45"
"-10.40","","-14.40","54","766","1022","","","","0.70","","S","Небольшая облачность","2026-01-14 23:46"
"-10.40","","-14.40","54","766","1022","","","","0.70","","S","Небольшая облачность","2026-01-14 23:47"
"-10.40","","-14.40","54","766","1022","","","","0.70","","S","Небольшая облачность","2026-01-14 23:48"
"-10.40","","-14.40","54","766","1022","","","","0.70","","S","Небольшая облачность","2026-01-14 23:49"
"-10.40","","-14.40","54","766","1022","","","","0.70","","S","Небольшая облачность","2026-01-14 23:50"
"-10.40","","-14.40","54","767","1023","","","","0.70","","S","Небольшая облачность","2026-01-14 23:51"
"-10.40","","-14.40","54","767","1023","","","","0.70","","S","Небольшая облачность","2026-01-14 23:52"
"-10.40","","-14.40","54","767","1023","","","","0.70","","S","Небольшая облачность","2026-01-14 23:53"
"-10.40","","-14.40","54","767","1023","","","","0.70","","S","Небольшая облачность","2026-01-14 23:54"
"-10.40","","-14.40","54","767","1023","","","","0.70","","S","Небольшая облачность","2026-01-14 23:55"
"-10.40","","-14.40","54","767","1023","","","","0.70","","S","Небольшая облачность","2026-01-14 23:56"
"-10.40","","-14.40","54","767","1023","","","","0.70","","S","Небольшая облачность","2026-01-14 23:57"
"-10.40","","-14.40","54","767","1023","","","","0.70","","S","Небольшая облачность","2026-01-14 23:58"
"-10.40","","-14.40","54","767","1023","","","","0.70","","S","Небольшая облачность","2026-01-14 23:59"