"Temp","Temp Water","Temp Feels Like","Humidity","Pressure Mm","Pressure Hpa","Precip Mm","Precip Type","Precip Intensity","Wind Speed Ms","Wind Gust Speed Ms","Wind Dir","Condition","Created At"
"-3.30","","-6.60","75","753","1005","","","","0.70","","S","Небольшая облачность","2026-01-10 00:00"
"-3.30","","-6.60","75","753","1005","","","","0.70","","S","Небольшая облачность","2026-01-10 00:01"
"-3.30","","-6.60","75","753","1005","","","","0.70","","S","Небольшая облачность","2026-01-10 00:02"
"-3.30","","-6.60","75","753","1005","","","","0.70","","S","Небольшая облачность","2026-01-10 00:03"
"-3.30","","-6.60","75","753","1005","","","","0.70","","S","Небольшая облачность","2026-01-10 00:04"
"-3.30","","-6.60","75","753","1005","","","","0.70","","S","Небольшая облачность","2026-01-10 00:05"
"-3.30","","-6.60","75","754","1006","","","","0.70","","S","Небольшая облачность","2026-01-10 00:06"
"-3.30","","-6.60","75","754","1006","","","","0.70","","S","Небольшая облачность","2026-01-10 00:07"
"-3.30","","-6.60","75","754","1006","","","","0.70","","S","Небольшая облачность","2026-01-10 00:08"
"-3.30","","-6.60","75","754","1006","","","","0.70","","S","Небольшая облачность","2026-01-10 00:09"
"-3.30","","-6.60","75","754","1006","","","","0.70","","S","Небольшая облачность","2026-01-10 00:10"
"-3.30","","-6.60","75","754","1006","","","","0.70","","S","Небольшая облачность","2026-01-10 00:11"
"-3.30","","-6.60","75","754","1006","","","","0.70","","S","Небольшая облачность","2026-01-10 00:12"
"-3.30","","-6.60","75","754","1006","","","","0.70","","S","Небольшая облачность","2026-01-10 00:13"
"-3.30","","-6.60","75","754","1006","","","","0.70","","S","Небольшая облачность","2026-01-10 00:14"
"-3.30","","-6.60","75","754","1006","","","","0.70","","S","Небольшая облачность","2026-01-10 00:15"
"-3.30","","-6.60","75","754","1006","","","","0.70","","S","Небольшая облачность","2026-01-10 00:16"
"-3.30","","-6.60","75","754","1006","","","","0.70","","S","Небольшая облачность","2026-01-10 00:17"
"-3.30","","-6.60","75","754","1006","","","","0.70","","S","Небольшая облачность","2026-01-10 00:18"
"-3.30","","-6.60","75","754","1006","","","","0.70","","S","Небольшая облачность","2026-01-10 00:19"
"-3.30","","-6.60","75","754","1006","","","","0.70","","S","Небольшая облачность","2026-01-10 00:20"
"-3.30","","-6.60","75","754","1006","","","","0.70","","S","Небольшая облачность","2026-01-10 00:21"
"-3.30","","-6.60","75","754","1006","","","","0.70","","S","Небольшая облачность","2026-01-10 00:22"
"-3.30","","-6.60","75","754","1006","","","","0.70","","S","Небольшая облачность","2026-01-10 00:23"
"-3.30","","-6.60","75","754","1006","","","","0.70","","S","Небольшая облачность","2026-01-10 00:24"
"-3.30","","-6.60","75","754","1006","","","","0.70","","S","Небольшая облачность","2026-01-10 00:25"
"-3.30","","-6.60","75","754","1006","","","","0.70","","S","Небольшая облачность","2026-01-10 00:26"
"-3.30","","-6.60","75","754","1006","","","","0.70","","S","Небольшая облачность","2026-01-10 00:27"
"-3.30","","-6.60","75","754","1006","","","","0.70","","S","Небольшая облачность","2026-01-10 00:28"
"-3.30","","-6.60","75","754","1006","","","","0.70","","S","Небольшая облачность","2026-01-10 00:29"
"-3.30","","-6.60","75","754","1006","","","","0.70","","S","Небольшая облачность","2026-01-10 00:30"
"-3.30","","-6.60","75","754","1006","","","","0.70","","S","Небольшая облачность","2026-01-10 00:31"
"-3.30","","-6.60","75","754","1006","","","","0.70","","S","Небольшая облачность","2026-01-10 00:32"
"-3.30","","-6.60","75","754","1006","","","","0.70","","S","Небольшая облачность","2026-01-10 00:33"
"-3.30","","-6.60","75","754","1006","","","","0.70","","S","Небольшая облачность","2026-01-10 00:34"
"-3.30","","-6.60","75","754","1006","","","","0.70","","S","Небольшая облачность","2026-01-10 00:35"
"-3.30","","-6.60","75","754","1006","","","","0.70","","S","Небольшая облачность","2026-01-10 00:36"
"-3.30","","-6.60","75","754","1006","","","","0.70","","S","Небольшая облачность","2026-01-10 00:37"
"-3.30","","-6.60","75","754","1006","","","","0.70","","S","Небольшая облачность","2026-01-10 00:38"
"-3.30","","-6.60","75","754","1006","","","","0.70","","S","Небольшая облачность","2026-01-10 00:39"
"-3.30","","-6.60","75","754","1006","","","","0.70","","S","Небольшая облачность","2026-01-10 00:40"
"-3.30","","-6.60","75","754","1006","","","","0.70","","S","Небольшая облачность","2026-01-10 00:41"
"-3.30","","-6.60","75","754","1006","","","","0.70","","S","Небольшая облачность","2026-01-10 00:42"
"-3.30","","-6.60","75","754","1006","","","","0.70","","S","Небольшая облачность","2026-01-10 00:43"
"-3.30","","-6.60","75","754","1006","","","","0.70","","S","Небольшая облачность","2026-01-10 00:44"
"-3.30","","-6.60","75","754","1006","","","","0.70","","S","Небольшая облачность","2026-01-10 00:45"
"-3.30","","-6.60","75","754","1006","","","","0.70","","S","Небольшая облачность","2026-01-10 00:46"
"-3.30","","-6.60","75","754","1006","","","","0.70","","S","Небольшая облачность","2026-01-10 00:47"
"-3.30","","-6.60","75","754","1006","","","","0.70","","S","Небольшая облачность","2026-01-10 00:48"
"-3.30","","-6.60","75","754","1006","","","","0.70","","S","Небольшая облачность","2026-01-10 00:49"
"-3.30","","-6.60","75","754","1006","","","","0.70","","S","Небольшая облачность","2026-01-10 00:50"
"-3.30","","-6.60","75","754","1006","","","","0.70","","S","Небольшая облачность","2026-01-10 00:51"
"-3.30","","-6.60","75","754","1006","","","","0.70","","S","Небольшая облачность","2026-01-10 00:52"
"-3.30","","-6.60","75","754","1006","","","","0.70","","S","Небольшая облачность","2026-01-10 00:53"
"-3.30","","-6.60","75","754","1006","","","","0.70","","S","Небольшая облачность","2026-01-10 00:54"
"-3.30","","-6.60","75","754","1006","","","","0.70","","S","Небольшая облачность","2026-01-10 00:55"
"-3.30","","-6.60","75","754","1006","","","","0.70","","S","Небольшая облачность","2026-01-10 00:56"
"-3.30","","-6.60","75","754","1006","","","","0.70","","S","Небольшая облачность","2026-01-10 00:57"
"-3.30","","-6.60","75","754","1006","","","","0.70","","S","Небольшая облачность","2026-01-10 00:58"
"-3.30","","-6.60","75","754","1006","","","","0.70","","S","Небольшая облачность","2026-01-10 00:59"
"-3.30","","-6.60","75","754","1006","","","","0.70","","S","Небольшая облачность","2026-01-10 01:00"
"-3.30","","-6.60","75","754","1006","","","","0.70","","S","Небольшая облачность","2026-01-10 01:01"
"-3.30","","-6.60","75","754","1006","","","","0.70","","S","Небольшая облачность","2026-01-10 01:02"
"-3.30","","-6.60","75","754","1006","","","","0.70","","S","Небольшая облачность","2026-01-10 01:03"
"-3.30","","-6.60","75","754","1006","","","","0.70","","S","Небольшая облачность","2026-01-10 01:04"
"-3.30","","-6.60","75","754","1006","","","","0.70","","S","Небольшая облачность","2026-01-10 01:05"
"-3.30","","-6.60","75","753","1005","","","","0.70","","S","Небольшая облачность","2026-01-10 01:06"
"-3.30","","-6.60","75","753","1005","","","","0.70","","S","Небольшая облачность","2026-01-10 01:07"
"-3.30","","-6.60","75","753","1005","","","","0.70","","S","Небольшая облачность","2026-01-10 01:08"
"-3.30","","-6.60","75","753","1005","","","","0.70","","S","Небольшая облачность","2026-01-10 01:09"
"-3.30","","-6.60","75","753","1005","","","","0.70","","S","Небольшая облачность","2026-01-10 01:10"
"-3.30","","-6.60","75","753","1005","","","","0.70","","S","Небольшая облачность","2026-01-10 01:11"
"-3.30","","-6.60","75","753","1005","","","","0.70","","S","Небольшая облачность","2026-01-10 01:12"
"-3.30","","-6.60","75","753","1005","","","","0.70","","S","Небольшая облачность","2026-01-10 01:13"
"-3.30","","-6.60","75","753","1005","","","","0.70","","S","Небольшая облачность","2026-01-10 01:14"
"-3.30","","-6.60","75","753","1005","","","","0.70","","S","Небольшая облачность","2026-01-10 01:15"
"-3.30","","-6.60","75","753","1005","","","","0.70","","S","Облачно","2026-01-10 01:16"
"-3.30","","-6.60","75","753","1005","","","","0.70","","S","Облачно","2026-01-10 01:17"
"-3.30","","-6.60","75","753","1005","","","","0.70","","S","Облачно","2026-01-10 01:18"
"-3.30","","-6.60","75","753","1005","","","","0.70","","S","Облачно","2026-01-10 01:19"
"-3.30","","-6.60","75","753","1005","","","","0.70","","S","Облачно","2026-01-10 01:20"
"-3.30","","-6.60","75","753","1005","","","","0.70","","S","Облачно","2026-01-10 01:21"
"-3.30","","-6.60","75","753","1005","","","","0.70","","S","Облачно","2026-01-10 01:22"
"-3.30","","-6.60","75","753","1005","","","","0.70","","S","Облачно","2026-01-10 01:23"
"-3.30","","-6.60","75","753","1005","","","","0.70","","S","Облачно","2026-01-10 01:24"
"-3.30","","-6.60","75","753","1005","","","","0.70","","S","Облачно","2026-01-10 01:25"
"-3.30","","-6.60","75","753","1005","","","","0.70","","S","Облачно","2026-01-10 01:26"
"-3.30","","-6.60","75","753","1005","","","","0.70","","S","Облачно","2026-01-10 01:27"
"-3.30","","-6.60","75","753","1005","","","","0.70","","S","Облачно","2026-01-10 01:28"
"-3.30","","-6.60","75","753","1005","","","","0.70","","S","Облачно","2026-01-10 01:29"
"-3.30","","-6.60","75","753","1005","","","","0.70","","S","Облачно","2026-01-10 01:30"
"-3.30","","-6.60","75","753","1005","","","","0.70","","S","Облачно","2026-01-10 01:31"
"-3.30","","-6.60","75","753","1005","","","","0.70","","S","Облачно","2026-01-10 01:32"
"-3.30","","-6.60","75","753","1005","","","","0.70","","S","Облачно","2026-01-10 01:33"
"-3.30","","-6.60","75","753","1005","","","","0.70","","S","Облачно","2026-01-10 01:34"
"-3.30","","-6.60","75","753","1005","","","","0.70","","S","Облачно","2026-01-10 01:35"
"-3.30","","-6.60","75","753","1005","","","","0.70","","S","Облачно","2026-01-10 01:36"
"-3.30","","-6.60","75","754","1006","","","","0.70","","S","Облачно","2026-01-10 01:37"
"-3.30","","-6.60","75","754","1006","","","","0.70","","S","Облачно","2026-01-10 01:38"
"-3.30","","-6.60","75","754","1006","","","","0.70","","S","Облачно","2026-01-10 01:39"
"-3.30","","-6.60","75","754","1006","","","","0.70","","S","Облачно","2026-01-10 01:40"
"-3.30","","-6.60","75","754","1006","","","","0.70","","S","Облачно","2026-01-10 01:41"
"-3.30","","-6.60","75","754","1006","","","","0.70","","S","Облачно","2026-01-10 01:42"
"-3.30","","-6.60","75","754","1006","","","","0.70","","S","Облачно","2026-01-10 01:43"
"-3.30","","-6.60","75","754","1006","","","","0.70","","S","Облачно","2026-01-10 01:44"
"-3.30","","-6.60","75","754","1006","","","","0.70","","S","Облачно","2026-01-10 01:45"
"-3.30","","-6.60","75","754","1006","","","","0.70","","S","Облачно","2026-01-10 01:46"
"-3.30","","-6.60","75","754","1006","","","","0.70","","S","Облачно","2026-01-10 01:47"
"-3.30","","-6.60","75","754","1006","","","","0.70","","S","Облачно","2026-01-10 01:48"
"-3.30","","-6.60","75","754","1006","","","","0.70","","S","Облачно","2026-01-10 01:49"
"-3.30","","-6.60","75","754","1006","","","","0.70","","S","Облачно","2026-01-10 01:50"
"-3.30","","-6.60","75","754","1006","","","","0.70","","S","Небольшая облачность","2026-01-10 01:51"
"-3.30","","-6.60","75","753","1005","","","","0.70","","S","Небольшая облачность","2026-01-10 01:52"
"-3.30","","-6.60","75","753","1005","","","","0.70","","S","Небольшая облачность","2026-01-10 01:53"
"-3.30","","-6.60","75","753","1005","","","","0.70","","S","Небольшая облачность","2026-01-10 01:54"
"-3.30","","-6.60","75","753","1005","","","","0.70","","S","Небольшая облачность","2026-01-10 01:55"
"-3.30","","-6.60","75","753","1005","","","","0.70","","S","Небольшая облачность","2026-01-10 01:56"
"-3.30","","-6.60","75","753","1005","","","","0.70","","S","Небольшая облачность","2026-01-10 01:57"
"-3.30","","-6.60","75","753","1005","","","","0.70","","S","Небольшая облачность","2026-01-10 01:58"
"-3.30","","-6.60","75","753","1005","","","","0.70","","S","Небольшая облачность","2026-01-10 01:59"
"-3.30","","-6.60","75","753","1005","","","","0.70","","S","Небольшая облачность","2026-01-10 02:00"
"-3.30","","-6.60","75","753","1005","","","","0.70","","S","Небольшая облачность","2026-01-10 02:01"
"-3.30","","-6.60","75","753","1005","","","","0.70","","S","Небольшая облачность","2026-01-10 02:02"
"-3.30","","-6.60","75","753","1005","","","","0.70","","S","Небольшая облачность","2026-01-10 02:03"
"-3.30","","-6.60","75","753","1005","","","","0.70","","S","Небольшая облачность","2026-01-10 02:04"
"-3.30","","-6.60","75","753","1005","","","","0.70","","S","Небольшая облачность","2026-01-10 02:05"
"-3.30","","-6.60","75","754","1006","","","","0.70","","S","Небольшая облачность","2026-01-10 02:06"
"-3.30","","-6.60","75","754","1006","","","","0.70","","S","Небольшая облачность","2026-01-10 02:07"
"-3.30","","-6.60","75","754","1006","","","","0.70","","S","Небольшая облачность","2026-01-10 02:08"
"-3.30","","-6.60","75","754","1006","","","","0.70","","S","Небольшая облачность","2026-01-10 02:09"
"-3.30","","-6.60","75","754","1006","","","","0.70","","S","Небольшая облачность","2026-01-10 02:10"
"-3.30","","-6.60","75","754","1006","","","","0.70","","S","Небольшая облачность","2026-01-10 02:11"
"-3.30","","-6.60","75","754","1006","","","","0.70","","S","Небольшая облачность","2026-01-10 02:12"
"-3.30","","-6.60","75","754","1006","","","","0.70","","S","Небольшая облачность","2026-01-10 02:13"
"-3.30","","-6.60","75","754","1006","","","","0.70","","S","Небольшая облачность","2026-01-10 02:14"
"-3.30","","-6.60","75","754","1006","","","","0.70","","S","Небольшая облачность","2026-01-10 02:15"
"-3.30","","-6.60","75","754","1006","","","","0.70","","S","Небольшая облачность","2026-01-10 02:16"
"-3.30","","-6.60","75","754","1006","","","","0.70","","S","Небольшая облачность","2026-01-10 02:17"
"-3.30","","-6.60","75","754","1006","","","","0.70","","S","Небольшая облачность","2026-01-10 02:18"
"-3.30","","-6.60","75","754","1006","","","","0.70","","S","Небольшая облачность","2026-01-10 02:19"
"-3.30","","-6.60","75","754","1006","","","","0.70","","S","Небольшая облачность","2026-01-10 02:20"
"-3.30","","-6.60","75","754","1006","","","","0.70","","S","Небольшая облачность","2026-01-10 02:21"
"-3.30","","-6.60","75","754","1006","","","","0.70","","S","Небольшая облачность","2026-01-10 02:22"
"-3.30","","-6.60","75","754","1006","","","","0.70","","S","Небольшая облачность","2026-01-10 02:23"
"-3.30","","-6.60","75","754","1006","","","","0.70","","S","Небольшая облачность","2026-01-10 02:24"
"-3.30","","-6.60","75","754","1006","","","","0.70","","S","Небольшая облачность","2026-01-10 02:25"
"-3.30","","-6.60","75","754","1006","","","","0.70","","S","Небольшая облачность","2026-01-10 02:26"
"-3.30","","-6.60","75","754","1006","","","","0.70","","S","Небольшая облачность","2026-01-10 02:27"
"-3.30","","-6.60","75","754","1006","","","","0.70","","S","Небольшая облачность","2026-01-10 02:28"
"-3.30","","-6.60","75","754","1006","","","","0.70","","S","Небольшая облачность","2026-01-10 02:29"
"-3.30","","-6.60","75","754","1006","","","","0.70","","S","Небольшая облачность","2026-01-10 02:30"
"-3.30","","-6.60","75","754","1006","","","","0.70","","S","Небольшая облачность","2026-01-10 02:31"
"-3.30","","-6.60","75","754","1006","","","","0.70","","S","Небольшая облачность","2026-01-10 02:32"
"-3.30","","-6.60","75","754","1006","","","","0.70","","S","Небольшая облачность","2026-01-10 02:33"
"-3.30","","-6.60","75","754","1006","","","","0.70","","S","Небольшая облачность","2026-01-10 02:34"
"-3.30","","-6.60","75","754","1006","","","","0.70","","S","Небольшая облачность","2026-01-10 02:35"
"-3.30","","-6.60","75","754","1006","","","","0.70","","S","Небольшая облачность","2026-01-10 02:36"
"-3.30","","-6.60","75","754","1006","","","","0.70","","S","Небольшая облачность","2026-01-10 02:37"
"-3.30","","-6.60","75","754","1006","","","","0.70","","S","Небольшая облачность","2026-01-10 02:38"
"-3.30","","-6.60","75","754","1006","","","","0.70","","S","Небольшая облачность","2026-01-10 02:39"
"-3.30","","-6.60","75","754","1006","","","","0.70","","S","Небольшая облачность","2026-01-10 02:40"
"-3.30","","-6.60","75","754","1006","","","","0.70","","S","Небольшая облачность","2026-01-10 02:41"
"-3.30","","-6.60","75","754","1006","","","","0.70","","S","Небольшая облачность","2026-01-10 02:42"
"-3.30","","-6.60","75","754","1006","","","","0.70","","S","Небольшая облачность","2026-01-10 02:43"
"-3.30","","-6.60","75","754","1006","","","","0.70","","S","Небольшая облачность","2026-01-10 02:44"
"-3.30","","-6.60","75","754","1006","","","","0.70","","S","Небольшая облачность","2026-01-10 02:45"
"-3.30","","-6.60","75","754","1006","","","","0.70","","S","Небольшая облачность","2026-01-10 02:46"
"-3.30","","-6.60","75","754","1006","","","","0.70","","S","Небольшая облачность","2026-01-10 02:47"
"-3.30","","-6.60","75","754","1006","","","","0.70","","S","Небольшая облачность","2026-01-10 02:48"
"-3.30","","-6.60","75","754","1006","","","","0.70","","S","Небольшая облачность","2026-01-10 02:49"
"-3.30","","-6.60","75","754","1006","","","","0.70","","S","Небольшая облачность","2026-01-10 02:50"
"-3.30","","-6.60","75","754","1006","","","","0.70","","S","Небольшая облачность","2026-01-10 02:51"
"-3.30","","-6.60","75","754","1006","","","","0.70","","S","Небольшая облачность","2026-01-10 02:52"
"-3.30","","-6.60","75","754","1006","","","","0.70","","S","Небольшая облачность","2026-01-10 02:53"
"-3.30","","-6.60","75","754","1006","","","","0.70","","S","Небольшая облачность","2026-01-10 02:54"
"-3.30","","-6.60","75","754","1006","","","","0.70","","S","Небольшая облачность","2026-01-10 02:55"
"-3.30","","-6.60","75","754","1006","","","","0.70","","S","Небольшая облачность","2026-01-10 02:56"
"-3.30","","-6.60","75","754","1006","","","","0.70","","S","Небольшая облачность","2026-01-10 02:57"
"-3.30","","-6.60","75","754","1006","","","","0.70","","S","Небольшая облачность","2026-01-10 02:58"
"-3.30","","-6.60","75","754","1006","","","","0.70","","S","Небольшая облачность","2026-01-10 02:59"
"-3.30","","-6.60","75","754","1006","","","","0.70","","S","Небольшая облачность","2026-01-10 03:00"
"-3.30","","-6.60","75","754","1006","","","","0.70","","S","Небольшая облачность","2026-01-10 03:01"
"-3.30","","-6.60","75","754","1006","","","","0.70","","S","Небольшая облачность","2026-01-10 03:02"
"-3.30","","-6.60","75","754","1006","","","","0.70","","S","Небольшая облачность","2026-01-10 03:03"
"-3.30","","-6.60","75","754","1006","","","","0.70","","S","Небольшая облачность","2026-01-10 03:04"
"-3.30","","-6.60","75","754","1006","","","","0.70","","S","Небольшая облачность","2026-01-10 03:05"
"-3.30","","-6.60","75","754","1006","","","","0.70","","S","Небольшая облачность","2026-01-10 03:06"
"-3.30","","-6.60","75","753","1005","","","","0.70","","S","Небольшая облачность","2026-01-10 03:07"
"-3.30","","-6.60","75","753","1005","","","","0.70","","S","Небольшая облачность","2026-01-10 03:08"
"-3.30","","-6.60","75","753","1005","","","","0.70","","S","Небольшая облачность","2026-01-10 03:09"
"-3.30","","-6.60","75","753","1005","","","","0.70","","S","Небольшая облачность","2026-01-10 03:10"
"-3.30","","-6.60","75","753","1005","","","","0.70","","S","Небольшая облачность","2026-01-10 03:11"
"-3.30","","-6.60","75","753","1005","","","","0.70","","S","Небольшая облачность","2026-01-10 03:12"
"-3.30","","-6.60","75","753","1005","","","","0.70","","S","Небольшая облачность","2026-01-10 03:13"
"-3.30","","-6.60","75","753","1005","","","","0.70","","S","Небольшая облачность","2026-01-10 03:14"
"-3.30","","-6.60","75","753","1005","","","","0.70","","S","Небольшая облачность","2026-01-10 03:15"
"-3.30","","-6.60","75","753","1005","","","","0.70","","S","Небольшая облачность","2026-01-10 03:16"
"-3.30","","-6.60","75","753","1005","","","","0.70","","S","Небольшая облачность","2026-01-10 03:17"
"-3.30","","-6.60","75","753","1005","","","","0.70","","S","Небольшая облачность","2026-01-10 03:18"
"-3.30","","-6.60","75","753","1005","","","","0.70","","S","Небольшая облачность","2026-01-10 03:19"
"-3.30","","-6.60","75","753","1005","","","","0.70","","S","Небольшая облачность","2026-01-10 03:20"
"-3.30","","-6.60","75","753","1005","","","","0.70","","S","Небольшая облачность","2026-01-10 03:21"
"-3.30","","-6.60","75","753","1005","","","","0.70","","S","Небольшая облачность","2026-01-10 03:22"
"-3.30","","-6.60","75","753","1005","","","","0.70","","S","Небольшая облачность","2026-01-10 03:23"
"-3.30","","-6.60","75","753","1005","","","","0.70","","S","Небольшая облачность","2026-01-10 03:24"
"-3.30","","-6.60","75","753","1005","","","","0.70","","S","Небольшая облачность","2026-01-10 03:25"
"-3.30","","-6.60","75","753","1005","","","","0.70","","S","Небольшая облачность","2026-01-10 03:26"
"-3.30","","-6.60","75","753","1005","","","","0.70","","S","Небольшая облачность","2026-01-10 03:27"
"-3.30","","-6.60","75","753","1005","","","","0.70","","S","Небольшая облачность","2026-01-10 03:28"
"-3.30","","-6.60","75","753","1005","","","","0.70","","S","Небольшая облачность","2026-01-10 03:29"
"-3.30","","-6.60","75","753","1005","","","","0.70","","S","Небольшая облачность","2026-01-10 03:30"
"-3.30","","-6.60","75","753","1005","","","","0.70","","S","Небольшая облачность","2026-01-10 03:31"
"-3.30","","-6.60","75","753","1005","","","","0.70","","S","Небольшая облачность","2026-01-10 03:32"
"-3.30","","-6.60","75","753","1005","","","","0.70","","S","Небольшая облачность","2026-01-10 03:33"
"-3.30","","-6.60","75","753","1005","","","","0.70","","S","Небольшая облачность","2026-01-10 03:34"
"-3.30","","-6.60","75","753","1005","","","","0.70","","S","Небольшая облачность","2026-01-10 03:35"
"-3.30","","-6.60","75","753","1005","","","","0.70","","S","Небольшая облачность","2026-01-10 03:36"
"-3.30","","-6.60","75","753","1005","","","","0.70","","S","Небольшая облачность","2026-01-10 03:37"
"-3.30","","-6.60","75","753","1005","","","","0.70","","S","Небольшая облачность","2026-01-10 03:38"
"-3.30","","-6.60","75","753","1005","","","","0.70","","S","Небольшая облачность","2026-01-10 03:39"
"-3.30","","-6.60","75","753","1005","","","","0.70","","S","Небольшая облачность","2026-01-10 03:40"
"-3.30","","-6.60","75","753","1005","","","","0.70","","S","Небольшая облачность","2026-01-10 03:41"
"-3.30","","-6.60","75","753","1005","","","","0.70","","S","Небольшая облачность","2026-01-10 03:42"
"-3.30","","-6.60","75","753","1005","","","","0.70","","S","Небольшая облачность","2026-01-10 03:43"
"-3.30","","-6.60","75","753","1005","","","","0.70","","S","Небольшая облачность","2026-01-10 03:44"
"-3.30","","-6.60","75","753","1005","","","","0.70","","S","Небольшая облачность","2026-01-10 03:45"
"-3.30","","-6.60","75","753","1005","","","","0.70","","S","Небольшая облачность","2026-01-10 03:46"
"-3.30","","-6.60","75","753","1005","","","","0.70","","S","Небольшая облачность","2026-01-10 03:47"
"-3.30","","-6.60","75","753","1005","","","","0.70","","S","Небольшая облачность","2026-01-10 03:48"
"-3.30","","-6.60","75","753","1005","","","","0.70","","S","Небольшая облачность","2026-01-10 03:49"
"-3.30","","-6.60","75","753","1005","","","","0.70","","S","Небольшая облачность","2026-01-10 03:50"
"-3.30","","-6.60","75","753","1005","","","","0.70","","S","Небольшая облачность","2026-01-10 03:51"
"-3.30","","-6.60","75","753","1005","","","","0.70","","S","Небольшая облачность","2026-01-10 03:52"
"-3.30","","-6.60","75","753","1005","","","","0.70","","S","Небольшая облачность","2026-01-10 03:53"
"-3.30","","-6.60","75","753","1005","","","","0.70","","S","Небольшая облачность","2026-01-10 03:54"
"-3.30","","-6.60","75","753","1005","","","","0.70","","S","Небольшая облачность","2026-01-10 03:55"
"-3.30","","-6.60","75","753","1005","","","","0.70","","S","Небольшая облачность","2026-01-10 03:56"
"-3.30","","-6.60","75","753","1005","","","","0.70","","S","Небольшая облачность","2026-01-10 03:57"
"-3.30","","-6.60","75","753","1005","","","","0.70","","S","Небольшая облачность","2026-01-10 03:58"
"-3.30","","-6.60","75","753","1005","","","","0.70","","S","Небольшая облачность","2026-01-10 03:59"
"-3.30","","-6.60","75","753","1005","","","","0.70","","S","Небольшая облачность","2026-01-10 04:00"
"-3.30","","-6.60","75","753","1005","","","","0.70","","S","Небольшая облачность","2026-01-10 04:01"
"-3.30","","-6.60","75","753","1005","","","","0.70","","S","Небольшая облачность","2026-01-10 04:02"
"-3.30","","-6.60","75","753","1005","","","","0.70","","S","Небольшая облачность","2026-01-10 04:03"
"-3.30","","-6.60","75","753","1005","","","","0.70","","S","Небольшая облачность","2026-01-10 04:04"
"-3.30","","-6.60","75","753","1005","","","","0.70","","S","Небольшая облачность","2026-01-10 04:05"
"-3.30","","-6.60","75","753","1005","","","","0.70","","S","Небольшая облачность","2026-01-10 04:06"
"-3.30","","-6.60","75","753","1005","","","","0.70","","S","Небольшая облачность","2026-01-10 04:07"
"-3.30","","-6.60","75","753","1005","","","","0.70","","S","Небольшая облачность","2026-01-10 04:08"
"-3.30","","-6.60","75","753","1005","","","","0.70","","S","Небольшая облачность","2026-01-10 04:09"
"-3.30","","-6.60","75","753","1005","","","","0.70","","S","Небольшая облачность","2026-01-10 04:10"
"-3.30","","-6.60","75","753","1005","","","","0.70","","S","Небольшая облачность","2026-01-10 04:11"
"-3.30","","-6.60","75","753","1005","","","","0.70","","S","Небольшая облачность","2026-01-10 04:12"
"-3.30","","-6.60","75","753","1005","","","","0.70","","S","Небольшая облачность","2026-01-10 04:13"
"-3.30","","-6.60","75","753","1005","","","","0.70","","S","Небольшая облачность","2026-01-10 04:14"
"-3.30","","-6.60","75","753","1005","","","","0.70","","S","Небольшая облачность","2026-01-10 04:15"
"-3.30","","-6.60","75","753","1005","","","","0.70","","S","Небольшая облачность","2026-01-10 04:16"
"-3.30","","-6.60","75","753","1005","","","","0.70","","S","Небольшая облачность","2026-01-10 04:17"
"-3.30","","-6.60","75","753","1005","","","","0.70","","S","Небольшая облачность","2026-01-10 04:18"
"-3.30","","-6.60","75","753","1005","","","","0.70","","S","Небольшая облачность","2026-01-10 04:19"
"-3.30","","-6.60","75","753","1005","","","","0.70","","S","Небольшая облачность","2026-01-10 04:20"
"-3.30","","-6.60","75","753","1005","","","","0.70","","S","Небольшая облачность","2026-01-10 04:21"
"-3.30","","-6.60","75","753","1005","","","","0.70","","S","Небольшая облачность","2026-01-10 04:22"
"-3.30","","-6.60","75","753","1005","","","","0.70","","S","Небольшая облачность","2026-01-10 04:23"
"-3.30","","-6.60","75","753","1005","","","","0.70","","S","Небольшая облачность","2026-01-10 04:24"
"-3.30","","-6.60","75","753","1005","","","","0.70","","S","Небольшая облачность","2026-01-10 04:25"
"-3.30","","-6.60","75","753","1005","","","","0.70","","S","Небольшая облачность","2026-01-10 04:26"
"-3.30","","-6.60","75","753","1005","","","","0.70","","S","Небольшая облачность","2026-01-10 04:27"
"-3.30","","-6.60","75","753","1005","","","","0.70","","S","Небольшая облачность","2026-01-10 04:28"
"-3.30","","-6.60","75","753","1005","","","","0.70","","S","Небольшая облачность","2026-01-10 04:29"
"-3.30","","-6.60","75","753","1005","","","","0.70","","S","Небольшая облачность","2026-01-10 04:30"
"-3.30","","-6.60","75","753","1005","","","","0.70","","S","Небольшая облачность","2026-01-10 04:31"
"-3.30","","-6.60","75","753","1005","","","","0.70","","S","Небольшая облачность","2026-01-10 04:32"
"-3.30","","-6.60","75","753","1005","","","","0.70","","S","Небольшая облачность","2026-01-10 04:33"
"-3.30","","-6.60","75","753","1005","","","","0.70","","S","Небольшая облачность","2026-01-10 04:34"
"-3.30","","-6.60","75","753","1005","","","","0.70","","S","Небольшая облачность","2026-01-10 04:35"
"-3.30","","-6.60","75","754","1006","","","","0.70","","S","Небольшая облачность","2026-01-10 04:36"
"-3.30","","-6.60","75","754","1006","","","","0.70","","S","Небольшая облачность","2026-01-10 04:37"
"-3.30","","-6.60","75","754","1006","","","","0.70","","S","Небольшая облачность","2026-01-10 04:38"
"-3.30","","-6.60","75","754","1006","","","","0.70","","S","Небольшая облачность","2026-01-10 04:39"
"-3.30","","-6.60","75","754","1006","","","","0.70","","S","Небольшая облачность","2026-01-10 04:40"
"-3.30","","-6.60","75","754","1006","","","","0.70","","S","Небольшая облачность","2026-01-10 04:41"
"-3.30","","-6.60","75","754","1006","","","","0.70","","S","Небольшая облачность","2026-01-10 04:42"
"-3.30","","-6.60","75","754","1006","","","","0.70","","S","Небольшая облачность","2026-01-10 04:43"
"-3.30","","-6.60","75","754","1006","","","","0.70","","S","Небольшая облачность","2026-01-10 04:44"
"-3.30","","-6.60","75","754","1006","","","","0.70","","S","Небольшая облачность","2026-01-10 04:45"
"-3.30","","-6.60","75","754","1006","","","","0.70","","S","Небольшая облачность","2026-01-10 04:46"
"-3.30","","-6.60","75","754","1006","","","","0.70","","S","Небольшая облачность","2026-01-10 04:47"
"-3.30","","-6.60","75","754","1006","","","","0.70","","S","Небольшая облачность","2026-01-10 04:48"
"-3.30","","-6.60","75","754","1006","","","","0.70","","S","Небольшая облачность","2026-01-10 04:49"
"-3.30","","-6.60","75","754","1006","","","","0.70","","S","Небольшая облачность","2026-01-10 04:50"
"-3.30","","-6.60","75","754","1006","","","","0.70","","S","Небольшая облачность","2026-01-10 04:51"
"-3.30","","-6.60","75","754","1006","","","","0.70","","S","Небольшая облачность","2026-01-10 04:52"
"-3.30","","-6.60","75","754","1006","","","","0.70","","S","Небольшая облачность","2026-01-10 04:53"
"-3.30","","-6.60","75","754","1006","","","","0.70","","S","Небольшая облачность","2026-01-10 04:54"
"-3.30","","-6.60","75","754","1006","","","","0.70","","S","Небольшая облачность","2026-01-10 04:55"
"-3.30","","-6.60","75","754","1006","","","","0.70","","S","Небольшая облачность","2026-01-10 04:56"
"-3.30","","-6.60","75","754","1006","","","","0.70","","S","Небольшая облачность","2026-01-10 04:57"
"-3.30","","-6.60","75","754","1006","","","","0.70","","S","Небольшая облачность","2026-01-10 04:58"
"-3.30","","-6.60","75","754","1006","","","","0.70","","S","Небольшая облачность","2026-01-10 04:59"
"-3.30","","-6.60","75","754","1006","","","","0.70","","S","Небольшая облачность","2026-01-10 05:00"
"-3.30","","-6.60","75","754","1006","","","","0.70","","S","Небольшая облачность","2026-01-10 05:01"
"-3.30","","-6.60","75","754","1006","","","","0.70","","S","Небольшая облачность","2026-01-10 05:02"
"-3.30","","-6.60","75","754","1006","","","","0.70","","S","Небольшая облачность","2026-01-10 05:03"
"-3.30","","-6.60","75","754","1006","","","","0.70","","S","Небольшая облачность","2026-01-10 05:04"
"-3.30","","-6.60","75","754","1006","","","","0.70","","S","Небольшая облачность","2026-01-10 05:05"
"-3.30","","-6.60","75","754","1006","","","","0.70","","S","Небольшая облачность","2026-01-10 05:06"
"-3.30","","-6.60","75","754","1006","","","","0.70","","S","Небольшая облачность","2026-01-10 05:07"
"-3.30","","-6.60","75","754","1006","","","","0.70","","S","Небольшая облачность","2026-01-10 05:08"
"-3.30","","-6.60","75","754","1006","","","","0.70","","S","Небольшая облачность","2026-01-10 05:09"
"-3.30","","-6.60","75","754","1006","","","","0.70","","S","Небольшая облачность","2026-01-10 05:10"
"-3.30","","-6.60","75","754","1006","","","","0.70","","S","Небольшая облачность","2026-01-10 05:11"
"-3.30","","-6.60","75","754","1006","","","","0.70","","S","Небольшая облачность","2026-01-10 05:12"
"-3.30","","-6.60","75","754","1006","","","","0.70","","S","Небольшая облачность","2026-01-10 05:13"
"-3.30","","-6.60","75","754","1006","","","","0.70","","S","Небольшая облачность","2026-01-10 05:14"
"-3.30","","-6.60","75","754","1006","","","","0.70","","S","Небольшая облачность","2026-01-10 05:15"
"-3.30","","-6.60","75","754","1006","","","","0.70","","S","Небольшая облачность","2026-01-10 05:16"
"-3.30","","-6.60","75","754","1006","","","","0.70","","S","Небольшая облачность","2026-01-10 05:17"
"-3.30","","-6.60","75","754","1006","","","","0.70","","S","Небольшая облачность","2026-01-10 05:18"
"-3.30","","-6.60","75","754","1006","","","","0.70","","S","Небольшая облачность","2026-01-10 05:19"
"-3.30","","-6.60","75","754","1006","","","","0.70","","S","Небольшая облачность","2026-01-10 05:20"
"-3.30","","-6.60","75","754","1006","","","","0.70","","S","Небольшая облачность","2026-01-10 05:21"
"-3.30","","-6.60","75","754","1006","","","","0.70","","S","Небольшая облачность","2026-01-10 05:22"
"-3.30","","-6.60","75","754","1006","","","","0.70","","S","Небольшая облачность","2026-01-10 05:23"
"-3.30","","-6.60","75","754","1006","","","","0.70","","S","Небольшая облачность","2026-01-10 05:24"
"-3.30","","-6.60","75","754","1006","","","","0.70","","S","Небольшая облачность","2026-01-10 05:25"
"-3.30","","-6.60","75","754","1006","","","","0.70","","S","Небольшая облачность","2026-01-10 05:26"
"-3.30","","-6.60","75","754","1006","","","","0.70","","S","Небольшая облачность","2026-01-10 05:27"
"-3.30","","-6.60","75","754","1006","","","","0.70","","S","Небольшая облачность","2026-01-10 05:28"
"-3.30","","-6.60","75","754","1006","","","","0.70","","S","Небольшая облачность","2026-01-10 05:29"
"-3.30","","-6.60","75","754","1006","","","","0.70","","S","Небольшая облачность","2026-01-10 05:30"
"-3.30","","-6.60","75","754","1006","","","","0.70","","S","Небольшая облачность","2026-01-10 05:31"
"-3.30","","-6.60","75","754","1006","","","","0.70","","S","Небольшая облачность","2026-01-10 05:32"
"-3.30","","-6.60","75","754","1006","","","","0.70","","S","Небольшая облачность","2026-01-10 05:33"
"-3.30","","-6.60","75","754","1006","","","","0.70","","S","Небольшая облачность","2026-01-10 05:34"
"-3.30","","-6.60","75","754","1006","","","","0.70","","S","Небольшая облачность","2026-01-10 05:35"
"-3.30","","-6.60","75","755","1007","","","","0.70","","S","Небольшая облачность","2026-01-10 05:36"
"-3.30","","-6.60","75","755","1007","","","","0.70","","S","Небольшая облачность","2026-01-10 05:37"
"-3.30","","-6.60","75","755","1007","","","","0.70","","S","Небольшая облачность","2026-01-10 05:38"
"-3.30","","-6.60","75","755","1007","","","","0.70","","S","Небольшая облачность","2026-01-10 05:39"
"-3.30","","-6.60","75","755","1007","","","","0.70","","S","Небольшая облачность","2026-01-10 05:40"
"-3.30","","-6.60","75","755","1007","","","","0.70","","S","Небольшая облачность","2026-01-10 05:41"
"-3.30","","-6.60","75","755","1007","","","","0.70","","S","Небольшая облачность","2026-01-10 05:42"
"-3.30","","-6.60","75","755","1007","","","","0.70","","S","Небольшая облачность","2026-01-10 05:43"
"-3.30","","-6.60","75","755","1007","","","","0.70","","S","Небольшая облачность","2026-01-10 05:44"
"-3.30","","-6.60","75","755","1007","","","","0.70","","S","Небольшая облачность","2026-01-10 05:45"
"-3.30","","-6.60","75","755","1007","","","","0.70","","S","Небольшая облачность","2026-01-10 05:46"
"-3.30","","-6.60","75","755","1007","","","","0.70","","S","Небольшая облачность","2026-01-10 05:47"
"-3.30","","-6.60","75","755","1007","","","","0.70","","S","Небольшая облачность","2026-01-10 05:48"
"-3.30","","-6.60","75","755","1007","","","","0.70","","S","Небольшая облачность","2026-01-10 05:49"
"-3.30","","-6.60","75","755","1007","","","","0.70","","S","Небольшая облачность","2026-01-10 05:50"
"-3.30","","-6.60","75","754","1006","","","","0.70","","S","Небольшая облачность","2026-01-10 05:51"
"-3.30","","-6.60","75","754","1006","","","","0.70","","S","Небольшая облачность","2026-01-10 05:52"
"-3.30","","-6.60","75","754","1006","","","","0.70","","S","Небольшая облачность","2026-01-10 05:53"
"-3.30","","-6.60","75","754","1006","","","","0.70","","S","Небольшая облачность","2026-01-10 05:54"
"-3.30","","-6.60","75","754","1006","","","","0.70","","S","Небольшая облачность","2026-01-10 05:55"
"-3.30","","-6.60","75","754","1006","","","","0.70","","S","Небольшая облачность","2026-01-10 05:56"
"-3.30","","-6.60","75","754","1006","","","","0.70","","S","Небольшая облачность","2026-01-10 05:57"
"-3.30","","-6.60","75","754","1006","","","","0.70","","S","Небольшая облачность","2026-01-10 05:58"
"-3.30","","-6.60","75","754","1006","","","","0.70","","S","Небольшая облачность","2026-01-10 05:59"
"-3.30","","-6.60","75","754","1006","","","","0.70","","S","Небольшая облачность","2026-01-10 06:00"
"-3.30","","-6.60","75","754","1006","","","","0.70","","S","Небольшая облачность","2026-01-10 06:01"
"-3.30","","-6.60","75","754","1006","","","","0.70","","S","Небольшая облачность","2026-01-10 06:02"
"-3.30","","-6.60","75","754","1006","","","","0.70","","S","Небольшая облачность","2026-01-10 06:03"
"-3.30","","-6.60","75","754","1006","","","","0.70","","S","Небольшая облачность","2026-01-10 06:04"
"-3.30","","-6.60","75","754","1006","","","","0.70","","S","Небольшая облачность","2026-01-10 06:05"
"-3.30","","-6.60","75","754","1006","","","","0.70","","S","Небольшая облачность","2026-01-10 06:06"
"-3.30","","-6.60","75","754","1006","","","","0.70","","S","Небольшая облачность","2026-01-10 06:07"
"-3.30","","-6.60","75","754","1006","","","","0.70","","S","Небольшая облачность","2026-01-10 06:08"
"-3.30","","-6.60","75","754","1006","","","","0.70","","S","Небольшая облачность","2026-01-10 06:09"
"-3.30","","-6.60","75","754","1006","","","","0.70","","S","Небольшая облачность","2026-01-10 06:10"
"-3.30","","-6.60","75","754","1006","","","","0.70","","S","Небольшая облачность","2026-01-10 06:11"
"-3.30","","-6.60","75","754","1006","","","","0.70","","S","Небольшая облачность","2026-01-10 06:12"
"-3.30","","-6.60","75","754","1006","","","","0.70","","S","Небольшая облачность","2026-01-10 06:13"
"-3.30","","-6.60","75","754","1006","","","","0.70","","S","Небольшая облачность","2026-01-10 06:14"
"-3.30","","-6.60","75","754","1006","","","","0.70","","S","Небольшая облачность","2026-01-10 06:15"
"-3.30","","-6.60","75","754","1006","","","","0.70","","S","Небольшая облачность","2026-01-10 06:16"
"-3.30","","-6.60","75","754","1006","","","","0.70","","S","Небольшая облачность","2026-01-10 06:17"
"-3.30","","-6.60","75","754","1006","","","","0.70","","S","Небольшая облачность","2026-01-10 06:18"
"-3.30","","-6.60","75","754","1006","","","","0.70","","S","Небольшая облачность","2026-01-10 06:19"
"-3.30","","-6.60","75","754","1006","","","","0.70","","S","Небольшая облачность","2026-01-10 06:20"
"-3.30","","-6.60","75","754","1006","","","","0.70","","S","Небольшая облачность","2026-01-10 06:21"
"-3.30","","-6.60","75","754","1006","","","","0.70","","S","Небольшая облачность","2026-01-10 06:22"
"-3.30","","-6.60","75","754","1006","","","","0.70","","S","Небольшая облачность","2026-01-10 06:23"
"-3.30","","-6.60","75","754","1006","","","","0.70","","S","Небольшая облачность","2026-01-10 06:24"
"-3.30","","-6.60","75","754","1006","","","","0.70","","S","Небольшая облачность","2026-01-10 06:25"
"-3.30","","-6.60","75","754","1006","","","","0.70","","S","Небольшая облачность","2026-01-10 06:26"
"-3.30","","-6.60","75","754","1006","","","","0.70","","S","Небольшая облачность","2026-01-10 06:27"
"-3.30","","-6.60","75","754","1006","","","","0.70","","S","Небольшая облачность","2026-01-10 06:28"
"-3.30","","-6.60","75","754","1006","","","","0.70","","S","Небольшая облачность","2026-01-10 06:29"
"-3.30","","-6.60","75","754","1006","","","","0.70","","S","Небольшая облачность","2026-01-10 06:30"
"-3.30","","-6.60","75","754","1006","","","","0.70","","S","Небольшая облачность","2026-01-10 06:31"
"-3.30","","-6.60","75","754","1006","","","","0.70","","S","Небольшая облачность","2026-01-10 06:32"
"-3.30","","-6.60","75","754","1006","","","","0.70","","S","Небольшая облачность","2026-01-10 06:33"
"-3.30","","-6.60","75","754","1006","","","","0.70","","S","Небольшая облачность","2026-01-10 06:34"
"-3.30","","-6.60","75","754","1006","","","","0.70","","S","Небольшая облачность","2026-01-10 06:35"
"-3.30","","-6.60","75","754","1006","","","","0.70","","S","Небольшая облачность","2026-01-10 06:36"
"-3.30","","-6.60","75","754","1006","","","","0.70","","S","Небольшая облачность","2026-01-10 06:37"
"-3.30","","-6.60","75","754","1006","","","","0.70","","S","Небольшая облачность","2026-01-10 06:38"
"-3.30","","-6.60","75","754","1006","","","","0.70","","S","Небольшая облачность","2026-01-10 06:39"
"-3.30","","-6.60","75","754","1006","","","","0.70","","S","Небольшая облачность","2026-01-10 06:40"
"-3.30","","-6.60","75","754","1006","","","","0.70","","S","Небольшая облачность","2026-01-10 06:41"
"-3.30","","-6.60","75","754","1006","","","","0.70","","S","Небольшая облачность","2026-01-10 06:42"
"-3.30","","-6.60","75","754","1006","","","","0.70","","S","Небольшая облачность","2026-01-10 06:43"
"-3.30","","-6.60","75","754","1006","","","","0.70","","S","Небольшая облачность","2026-01-10 06:44"
"-3.30","","-6.60","75","754","1006","","","","0.70","","S","Небольшая облачность","2026-01-10 06:45"
"-3.30","","-6.60","75","754","1006","","","","0.70","","S","Небольшая облачность","2026-01-10 06:46"
"-3.30","","-6.60","75","754","1006","","","","0.70","","S","Небольшая облачность","2026-01-10 06:47"
"-3.30","","-6.60","75","754","1006","","","","0.70","","S","Небольшая облачность","2026-01-10 06:48"
"-3.30","","-6.60","75","754","1006","","","","0.70","","S","Небольшая облачность","2026-01-10 06:49"
"-3.30","","-6.60","75","754","1006","","","","0.70","","S","Небольшая облачность","2026-01-10 06:50"
"-3.30","","-6.60","75","755","1007","","","","0.70","","S","Небольшая облачность","2026-01-10 06:51"
"-3.30","","-6.60","75","755","1007","","","","0.70","","S","Небольшая облачность","2026-01-10 06:52"
"-3.30","","-6.60","75","755","1007","","","","0.70","","S","Небольшая облачность","2026-01-10 06:53"
"-3.30","","-6.60","75","755","1007","","","","0.70","","S","Небольшая облачность","2026-01-10 06:54"
"-3.30","","-6.60","75","755","1007","","","","0.70","","S","Небольшая облачность","2026-01-10 06:55"
"-3.30","","-6.60","75","755","1007","","","","0.70","","S","Небольшая облачность","2026-01-10 06:56"
"-3.30","","-6.60","75","755","1007","","","","0.70","","S","Небольшая облачность","2026-01-10 06:57"
"-3.30","","-6.60","75","755","1007","","","","0.70","","S","Небольшая облачность","2026-01-10 06:58"
"-3.30","","-6.60","75","755","1007","","","","0.70","","S","Небольшая облачность","2026-01-10 06:59"
"-3.30","","-6.60","75","755","1007","","","","0.70","","S","Небольшая облачность","2026-01-10 07:00"
"-3.30","","-6.60","75","755","1007","","","","0.70","","S","Небольшая облачность","2026-01-10 07:01"
"-3.30","","-6.60","75","755","1007","","","","0.70","","S","Небольшая облачность","2026-01-10 07:02"
"-3.30","","-6.60","75","755","1007","","","","0.70","","S","Небольшая облачность","2026-01-10 07:03"
"-3.30","","-6.60","75","755","1007","","","","0.70","","S","Небольшая облачность","2026-01-10 07:04"
"-3.30","","-6.60","75","755","1007","","","","0.70","","S","Небольшая облачность","2026-01-10 07:05"
"-3.30","","-6.60","75","755","1007","","","","0.70","","S","Небольшая облачность","2026-01-10 07:06"
"-3.30","","-6.60","75","754","1006","","","","0.70","","S","Небольшая облачность","2026-01-10 07:07"
"-3.30","","-6.60","75","754","1006","","","","0.70","","S","Небольшая облачность","2026-01-10 07:08"
"-3.30","","-6.60","75","754","1006","","","","0.70","","S","Небольшая облачность","2026-01-10 07:09"
"-3.30","","-6.60","75","754","1006","","","","0.70","","S","Небольшая облачность","2026-01-10 07:10"
"-3.30","","-6.60","75","754","1006","","","","0.70","","S","Небольшая облачность","2026-01-10 07:11"
"-3.30","","-6.60","75","754","1006","","","","0.70","","S","Небольшая облачность","2026-01-10 07:12"
"-3.30","","-6.60","75","754","1006","","","","0.70","","S","Небольшая облачность","2026-01-10 07:13"
"-3.30","","-6.60","75","754","1006","","","","0.70","","S","Небольшая облачность","2026-01-10 07:14"
"-3.30","","-6.60","75","754","1006","","","","0.70","","S","Небольшая облачность","2026-01-10 07:15"
"-3.30","","-6.60","75","754","1006","","","","0.70","","S","Небольшая облачность","2026-01-10 07:16"
"-3.30","","-6.60","75","754","1006","","","","0.70","","S","Небольшая облачность","2026-01-10 07:17"
"-3.30","","-6.60","75","754","1006","","","","0.70","","S","Небольшая облачность","2026-01-10 07:18"
"-3.30","","-6.60","75","754","1006","","","","0.70","","S","Небольшая облачность","2026-01-10 07:19"
"-3.30","","-6.60","75","754","1006","","","","0.70","","S","Небольшая облачность","2026-01-10 07:20"
"-3.30","","-6.60","75","755","1007","","","","0.70","","S","Небольшая облачность","2026-01-10 07:21"
"-3.30","","-6.60","75","755","1007","","","","0.70","","S","Небольшая облачность","2026-01-10 07:22"
"-3.30","","-6.60","75","755","1007","","","","0.70","","S","Небольшая облачность","2026-01-10 07:23"
"-3.30","","-6.60","75","755","1007","","","","0.70","","S","Небольшая облачность","2026-01-10 07:24"
"-3.30","","-6.60","75","755","1007","","","","0.70","","S","Небольшая облачность","2026-01-10 07:25"
"-3.30","","-6.60","75","755","1007","","","","0.70","","S","Небольшая облачность","2026-01-10 07:26"
"-3.30","","-6.60","75","755","1007","","","","0.70","","S","Небольшая облачность","2026-01-10 07:27"
"-3.30","","-6.60","75","755","1007","","","","0.70","","S","Небольшая облачность","2026-01-10 07:28"
"-3.30","","-6.60","75","755","1007","","","","0.70","","S","Небольшая облачность","2026-01-10 07:29"
"-3.30","","-6.60","75","755","1007","","","","0.70","","S","Небольшая облачность","2026-01-10 07:30"
"-3.30","","-6.60","75","755","1007","","","","0.70","","S","Небольшая облачность","2026-01-10 07:31"
"-3.30","","-6.60","75","755","1007","","","","0.70","","S","Небольшая облачность","2026-01-10 07:32"
"-3.30","","-6.60","75","755","1007","","","","0.70","","S","Небольшая облачность","2026-01-10 07:33"
"-3.30","","-6.60","75","755","1007","","","","0.70","","S","Небольшая облачность","2026-01-10 07:34"
"-3.30","","-6.60","75","755","1007","","","","0.70","","S","Небольшая облачность","2026-01-10 07:35"
"-3.30","","-6.60","75","755","1007","","","","0.70","","S","Небольшая облачность","2026-01-10 07:36"
"-3.30","","-6.60","75","755","1007","","","","0.70","","S","Небольшая облачность","2026-01-10 07:37"
"-3.30","","-6.60","75","755","1007","","","","0.70","","S","Небольшая облачность","2026-01-10 07:38"
"-3.30","","-6.60","75","755","1007","","","","0.70","","S","Небольшая облачность","2026-01-10 07:39"
"-3.30","","-6.60","75","755","1007","","","","0.70","","S","Небольшая облачность","2026-01-10 07:40"
"-3.30","","-6.60","75","755","1007","","","","0.70","","S","Небольшая облачность","2026-01-10 07:41"
"-3.30","","-6.60","75","755","1007","","","","0.70","","S","Небольшая облачность","2026-01-10 07:42"
"-3.30","","-6.60","75","755","1007","","","","0.70","","S","Небольшая облачность","2026-01-10 07:43"
"-3.30","","-6.60","75","755","1007","","","","0.70","","S","Небольшая облачность","2026-01-10 07:44"
"-3.30","","-6.60","75","755","1007","","","","0.70","","S","Небольшая облачность","2026-01-10 07:45"
"-3.30","","-6.60","75","755","1007","","","","0.70","","S","Небольшая облачность","2026-01-10 07:46"
"-3.30","","-6.60","75","755","1007","","","","0.70","","S","Небольшая облачность","2026-01-10 07:47"
"-3.30","","-6.60","75","755","1007","","","","0.70","","S","Небольшая облачность","2026-01-10 07:48"
"-3.30","","-6.60","75","755","1007","","","","0.70","","S","Небольшая облачность","2026-01-10 07:49"
"-3.30","","-6.60","75","755","1007","","","","0.70","","S","Небольшая облачность","2026-01-10 07:50"
"-3.30","","-6.60","75","755","1007","","","","0.70","","S","Небольшая облачность","2026-01-10 07:51"
"-3.30","","-6.60","75","755","1007","","","","0.70","","S","Небольшая облачность","2026-01-10 07:52"
"-3.30","","-6.60","75","755","1007","","","","0.70","","S","Небольшая облачность","2026-01-10 07:53"
"-3.30","","-6.60","75","755","1007","","","","0.70","","S","Небольшая облачность","2026-01-10 07:54"
"-3.30","","-6.60","75","755","1007","","","","0.70","","S","Небольшая облачность","2026-01-10 07:55"
"-3.30","","-6.60","75","755","1007","","","","0.70","","S","Небольшая облачность","2026-01-10 07:56"
"-3.30","","-6.60","75","755","1007","","","","0.70","","S","Небольшая облачность","2026-01-10 07:57"
"-3.30","","-6.60","75","755","1007","","","","0.70","","S","Небольшая облачность","2026-01-10 07:58"
"-3.30","","-6.60","75","755","1007","","","","0.70","","S","Небольшая облачность","2026-01-10 07:59"
"-3.30","","-6.60","75","755","1007","","","","0.70","","S","Небольшая облачность","2026-01-10 08:00"
"-3.30","","-6.60","75","755","1007","","","","0.70","","S","Небольшая облачность","2026-01-10 08:01"
"-3.30","","-6.60","75","755","1007","","","","0.70","","S","Небольшая облачность","2026-01-10 08:02"
"-3.30","","-6.60","75","755","1007","","","","0.70","","S","Небольшая облачность","2026-01-10 08:03"
"-3.30","","-6.60","75","755","1007","","","","0.70","","S","Небольшая облачность","2026-01-10 08:04"
"-3.30","","-6.60","75","755","1007","","","","0.70","","S","Небольшая облачность","2026-01-10 08:05"
"-3.30","","-6.60","75","755","1007","","","","0.70","","S","Небольшая облачность","2026-01-10 08:06"
"-3.30","","-6.60","75","755","1007","","","","0.70","","S","Небольшая облачность","2026-01-10 08:07"
"-3.30","","-6.60","75","755","1007","","","","0.70","","S","Небольшая облачность","2026-01-10 08:08"
"-3.30","","-6.60","75","755","1007","","","","0.70","","S","Небольшая облачность","2026-01-10 08:09"
"-3.30","","-6.60","75","755","1007","","","","0.70","","S","Небольшая облачность","2026-01-10 08:10"
"-3.30","","-6.60","75","755","1007","","","","0.70","","S","Небольшая облачность","2026-01-10 08:11"
"-3.30","","-6.60","75","755","1007","","","","0.70","","S","Небольшая облачность","2026-01-10 08:12"
"-3.30","","-6.60","75","755","1007","","","","0.70","","S","Небольшая облачность","2026-01-10 08:13"
"-3.30","","-6.60","75","755","1007","","","","0.70","","S","Небольшая облачность","2026-01-10 08:14"
"-3.30","","-6.60","75","755","1007","","","","0.70","","S","Небольшая облачность","2026-01-10 08:15"
"-3.30","","-6.60","75","755","1007","","","","0.70","","S","Небольшая облачность","2026-01-10 08:16"
"-3.30","","-6.60","75","755","1007","","","","0.70","","S","Небольшая облачность","2026-01-10 08:17"
"-3.30","","-6.60","75","755","1007","","","","0.70","","S","Небольшая облачность","2026-01-10 08:18"
"-3.30","","-6.60","75","755","1007","","","","0.70","","S","Небольшая облачность","2026-01-10 08:19"
"-3.30","","-6.60","75","755","1007","","","","0.70","","S","Небольшая облачность","2026-01-10 08:20"
"-3.30","","-6.60","75","755","1007","","","","0.70","","S","Небольшая облачность","2026-01-10 08:21"
"-3.30","","-6.60","75","755","1007","","","","0.70","","S","Небольшая облачность","2026-01-10 08:22"
"-3.30","","-6.60","75","755","1007","","","","0.70","","S","Небольшая облачность","2026-01-10 08:23"
"-3.30","","-6.60","75","755","1007","","","","0.70","","S","Небольшая облачность","2026-01-10 08:24"
"-3.30","","-6.60","75","755","1007","","","","0.70","","S","Небольшая облачность","2026-01-10 08:25"
"-3.30","","-6.60","75","755","1007","","","","0.70","","S","Небольшая облачность","2026-01-10 08:26"
"-3.30","","-6.60","75","755","1007","","","","0.70","","S","Небольшая облачность","2026-01-10 08:27"
"-3.30","","-6.60","75","755","1007","","","","0.70","","S","Небольшая облачность","2026-01-10 08:28"
"-3.30","","-6.60","75","755","1007","","","","0.70","","S","Небольшая облачность","2026-01-10 08:29"
"-3.30","","-6.60","75","755","1007","","","","0.70","","S","Небольшая облачность","2026-01-10 08:30"
"-3.30","","-6.60","75","755","1007","","","","0.70","","S","Небольшая облачность","2026-01-10 08:31"
"-3.30","","-6.60","75","755","1007","","","","0.70","","S","Небольшая облачность","2026-01-10 08:32"
"-3.30","","-6.60","75","755","1007","","","","0.70","","S","Небольшая облачность","2026-01-10 08:33"
"-3.30","","-6.60","75","755","1007","","","","0.70","","S","Небольшая облачность","2026-01-10 08:34"
"-3.30","","-6.60","75","755","1007","","","","0.70","","S","Небольшая облачность","2026-01-10 08:35"
"-3.30","","-6.60","75","755","1007","","","","0.70","","S","Небольшая облачность","2026-01-10 08:36"
"-3.30","","-6.60","75","755","1007","","","","0.70","","S","Небольшая облачность","2026-01-10 08:37"
"-3.30","","-6.60","75","755","1007","","","","0.70","","S","Небольшая облачность","2026-01-10 08:38"
"-3.30","","-6.60","75","755","1007","","","","0.70","","S","Небольшая облачность","2026-01-10 08:39"
"-3.30","","-6.60","75","755","1007","","","","0.70","","S","Небольшая облачность","2026-01-10 08:40"
"-3.30","","-6.60","75","755","1007","","","","0.70","","S","Небольшая облачность","2026-01-10 08:41"
"-3.30","","-6.60","75","755","1007","","","","0.70","","S","Небольшая облачность","2026-01-10 08:42"
"-3.30","","-6.60","75","755","1007","","","","0.70","","S","Небольшая облачность","2026-01-10 08:43"
"-3.30","","-6.60","75","755","1007","","","","0.70","","S","Небольшая облачность","2026-01-10 08:44"
"-3.30","","-6.60","75","755","1007","","","","0.70","","S","Небольшая облачность","2026-01-10 08:45"
"-3.30","","-6.60","75","755","1007","","","","0.70","","S","Небольшая облачность","2026-01-10 08:46"
"-3.30","","-6.60","75","755","1007","","","","0.70","","S","Небольшая облачность","2026-01-10 08:47"
"-3.30","","-6.60","75","755","1007","","","","0.70","","S","Небольшая облачность","2026-01-10 08:48"
"-3.30","","-6.60","75","755","1007","","","","0.70","","S","Небольшая облачность","2026-01-10 08:49"
"-3.30","","-6.60","75","755","1007","","","","0.70","","S","Небольшая облачность","2026-01-10 08:50"
"-3.30","","-6.60","75","755","1007","","","","0.70","","S","Небольшая облачность","2026-01-10 08:51"
"-3.30","","-6.60","75","755","1007","","","","0.70","","S","Небольшая облачность","2026-01-10 08:52"
"-3.30","","-6.60","75","755","1007","","","","0.70","","S","Небольшая облачность","2026-01-10 08:53"
"-3.30","","-6.60","75","755","1007","","","","0.70","","S","Небольшая облачность","2026-01-10 08:54"
"-3.30","","-6.60","75","755","1007","","","","0.70","","S","Небольшая облачность","2026-01-10 08:55"
"-3.30","","-6.60","75","755","1007","","","","0.70","","S","Небольшая облачность","2026-01-10 08:56"
"-3.30","","-6.60","75","755","1007","","","","0.70","","S","Небольшая облачность","2026-01-10 08:57"
"-3.30","","-6.60","75","755","1007","","","","0.70","","S","Небольшая облачность","2026-01-10 08:58"
"-3.30","","-6.60","75","755","1007","","","","0.70","","S","Небольшая облачность","2026-01-10 08:59"
"-3.30","","-6.60","75","755","1007","","","","0.70","","S","Небольшая облачность","2026-01-10 09:00"
"-3.30","","-6.60","75","755","1007","","","","0.70","","S","Небольшая облачность","2026-01-10 09:01"
"-3.30","","-6.60","75","755","1007","","","","0.70","","S","Небольшая облачность","2026-01-10 09:02"
"-3.30","","-6.60","75","755","1007","","","","0.70","","S","Небольшая облачность","2026-01-10 09:03"
"-3.30","","-6.60","75","755","1007","","","","0.70","","S","Небольшая облачность","2026-01-10 09:04"
"-3.30","","-6.60","75","755","1007","","","","0.70","","S","Небольшая облачность","2026-01-10 09:05"
"-3.30","","-6.60","75","755","1007","","","","0.70","","S","Небольшая облачность","2026-01-10 09:06"
"-3.30","","-6.60","75","755","1007","","","","0.70","","S","Небольшая облачность","2026-01-10 09:07"
"-3.30","","-6.60","75","755","1007","","","","0.70","","S","Небольшая облачность","2026-01-10 09:08"
"-3.30","","-6.60","75","755","1007","","","","0.70","","S","Небольшая облачность","2026-01-10 09:09"
"-3.30","","-6.60","75","755","1007","","","","0.70","","S","Небольшая облачность","2026-01-10 09:10"
"-3.30","","-6.60","75","755","1007","","","","0.70","","S","Небольшая облачность","2026-01-10 09:11"
"-3.30","","-6.60","75","755","1007","","","","0.70","","S","Небольшая облачность","2026-01-10 09:12"
"-3.30","","-6.60","75","755","1007","","","","0.70","","S","Небольшая облачность","2026-01-10 09:13"
"-3.30","","-6.60","75","755","1007","","","","0.70","","S","Небольшая облачность","2026-01-10 09:14"
"-3.30","","-6.60","75","755","1007","","","","0.70","","S","Небольшая облачность","2026-01-10 09:15"
"-3.30","","-6.60","75","755","1007","","","","0.70","","S","Небольшая облачность","2026-01-10 09:16"
"-3.30","","-6.60","75","755","1007","","","","0.70","","S","Небольшая облачность","2026-01-10 09:17"
"-3.30","","-6.60","75","755","1007","","","","0.70","","S","Небольшая облачность","2026-01-10 09:18"
"-3.30","","-6.60","75","755","1007","","","","0.70","","S","Небольшая облачность","2026-01-10 09:19"
"-3.30","","-6.60","75","755","1007","","","","0.70","","S","Небольшая облачность","2026-01-10 09:20"
"-3.30","","-6.60","75","755","1007","","","","0.70","","S","Небольшая облачность","2026-01-10 09:21"
"-3.30","","-6.60","75","755","1007","","","","0.70","","S","Небольшая облачность","2026-01-10 09:22"
"-3.30","","-6.60","75","755","1007","","","","0.70","","S","Небольшая облачность","2026-01-10 09:23"
"-3.30","","-6.60","75","755","1007","","","","0.70","","S","Небольшая облачность","2026-01-10 09:24"
"-3.30","","-6.60","75","755","1007","","","","0.70","","S","Небольшая облачность","2026-01-10 09:25"
"-3.30","","-6.60","75","755","1007","","","","0.70","","S","Небольшая облачность","2026-01-10 09:26"
"-3.30","","-6.60","75","755","1007","","","","0.70","","S","Небольшая облачность","2026-01-10 09:27"
"-3.30","","-6.60","75","755","1007","","","","0.70","","S","Небольшая облачность","2026-01-10 09:28"
"-3.30","","-6.60","75","755","1007","","","","0.70","","S","Небольшая облачность","2026-01-10 09:29"
"-3.30","","-6.60","75","755","1007","","","","0.70","","S","Небольшая облачность","2026-01-10 09:30"
"-3.30","","-6.60","75","755","1007","","","","0.70","","S","Небольшая облачность","2026-01-10 09:31"
"-3.30","","-6.60","75","755","1007","","","","0.70","","S","Небольшая облачность","2026-01-10 09:32"
"-3.30","","-6.60","75","755","1007","","","","0.70","","S","Небольшая облачность","2026-01-10 09:33"
"-3.30","","-6.60","75","755","1007","","","","0.70","","S","Небольшая облачность","2026-01-10 09:34"
"-3.30","","-6.60","75","755","1007","","","","0.70","","S","Небольшая облачность","2026-01-10 09:35"
"-3.30","","-6.60","75","754","1006","","","","0.70","","S","Небольшая облачность","2026-01-10 09:36"
"-3.30","","-6.60","75","754","1006","","","","0.70","","S","Небольшая облачность","2026-01-10 09:37"
"-3.30","","-6.60","75","754","1006","","","","0.70","","S","Небольшая облачность","2026-01-10 09:38"
"-3.30","","-6.60","75","754","1006","","","","0.70","","S","Небольшая облачность","2026-01-10 09:39"
"-3.30","","-6.60","75","754","1006","","","","0.70","","S","Небольшая облачность","2026-01-10 09:40"
"-3.30","","-6.60","75","754","1006","","","","0.70","","S","Небольшая облачность","2026-01-10 09:41"
"-3.30","","-6.60","75","754","1006","","","","0.70","","S","Небольшая облачность","2026-01-10 09:42"
"-3.30","","-6.60","75","754","1006","","","","0.70","","S","Небольшая облачность","2026-01-10 09:43"
"-3.30","","-6.60","75","754","1006","","","","0.70","","S","Небольшая облачность","2026-01-10 09:44"
"-3.30","","-6.60","75","754","1006","","","","0.70","","S","Небольшая облачность","2026-01-10 09:45"
"-3.30","","-6.60","75","754","1006","","","","0.70","","S","Небольшая облачность","2026-01-10 09:46"
"-3.30","","-6.60","75","754","1006","","","","0.70","","S","Небольшая облачность","2026-01-10 09:47"
"-3.30","","-6.60","75","754","1006","","","","0.70","","S","Небольшая облачность","2026-01-10 09:48"
"-3.30","","-6.60","75","754","1006","","","","0.70","","S","Небольшая облачность","2026-01-10 09:49"
"-3.30","","-6.60","75","754","1006","","","","0.70","","S","Небольшая облачность","2026-01-10 09:50"
"-3.30","","-6.60","75","754","1006","","","","0.70","","S","Небольшая облачность","2026-01-10 09:51"
"-3.30","","-6.60","75","754","1006","","","","0.70","","S","Небольшая облачность","2026-01-10 09:52"
"-3.30","","-6.60","75","754","1006","","","","0.70","","S","Небольшая облачность","2026-01-10 09:53"
"-3.30","","-6.60","75","754","1006","","","","0.70","","S","Небольшая облачность","2026-01-10 09:54"
"-3.30","","-6.60","75","754","1006","","","","0.70","","S","Небольшая облачность","2026-01-10 09:55"
"-3.30","","-6.60","75","754","1006","","","","0.70","","S","Небольшая облачность","2026-01-10 09:56"
"-3.30","","-6.60","75","754","1006","","","","0.70","","S","Небольшая облачность","2026-01-10 09:57"
"-3.30","","-6.60","75","754","1006","","","","0.70","","S","Небольшая облачность","2026-01-10 09:58"
"-3.30","","-6.60","75","754","1006","","","","0.70","","S","Небольшая облачность","2026-01-10 09:59"
"-3.30","","-6.60","75","754","1006","","","","0.70","","S","Небольшая облачность","2026-01-10 10:00"
"-3.30","","-6.60","75","754","1006","","","","0.70","","S","Небольшая облачность","2026-01-10 10:01"
"-3.30","","-6.60","75","754","1006","","","","0.70","","S","Небольшая облачность","2026-01-10 10:02"
"-3.30","","-6.60","75","754","1006","","","","0.70","","S","Небольшая облачность","2026-01-10 10:03"
"-3.30","","-6.60","75","754","1006","","","","0.70","","S","Небольшая облачность","2026-01-10 10:04"
"-3.30","","-6.60","75","754","1006","","","","0.70","","S","Небольшая облачность","2026-01-10 10:05"
"-3.30","","-6.60","75","754","1006","","","","0.70","","S","Небольшая облачность","2026-01-10 10:06"
"-3.30","","-6.60","75","754","1006","","","","0.70","","S","Небольшая облачность","2026-01-10 10:07"
"-3.30","","-6.60","75","754","1006","","","","0.70","","S","Небольшая облачность","2026-01-10 10:08"
"-3.30","","-6.60","75","754","1006","","","","0.70","","S","Небольшая облачность","2026-01-10 10:09"
"-3.30","","-6.60","75","754","1006","","","","0.70","","S","Небольшая облачность","2026-01-10 10:10"
"-3.30","","-6.60","75","754","1006","","","","0.70","","S","Небольшая облачность","2026-01-10 10:11"
"-3.30","","-6.60","75","754","1006","","","","0.70","","S","Небольшая облачность","2026-01-10 10:12"
"-3.30","","-6.60","75","754","1006","","","","0.70","","S","Небольшая облачность","2026-01-10 10:13"
"-3.30","","-6.60","75","754","1006","","","","0.70","","S","Небольшая облачность","2026-01-10 10:14"
"-3.30","","-6.60","75","754","1006","","","","0.70","","S","Небольшая облачность","2026-01-10 10:15"
"-3.30","","-6.60","75","754","1006","","","","0.70","","S","Небольшая облачность","2026-01-10 10:16"
"-3.30","","-6.60","75","754","1006","","","","0.70","","S","Небольшая облачность","2026-01-10 10:17"
"-3.30","","-6.60","75","754","1006","","","","0.70","","S","Небольшая облачность","2026-01-10 10:18"
"-3.30","","-6.60","75","754","1006","","","","0.70","","S","Небольшая облачность","2026-01-10 10:19"
"-3.30","","-6.60","75","754","1006","","","","0.70","","S","Небольшая облачность","2026-01-10 10:20"
"-3.30","","-6.60","75","754","1006","","","","0.70","","S","Небольшая облачность","2026-01-10 10:21"
"-3.30","","-6.60","75","754","1006","","","","0.70","","S","Небольшая облачность","2026-01-10 10:22"
"-3.30","","-6.60","75","754","1006","","","","0.70","","S","Небольшая облачность","2026-01-10 10:23"
"-3.30","","-6.60","75","754","1006","","","","0.70","","S","Небольшая облачность","2026-01-10 10:24"
"-3.30","","-6.60","75","754","1006","","","","0.70","","S","Небольшая облачность","2026-01-10 10:25"
"-3.30","","-6.60","75","754","1006","","","","0.70","","S","Небольшая облачность","2026-01-10 10:26"
"-3.30","","-6.60","75","754","1006","","","","0.70","","S","Небольшая облачность","2026-01-10 10:27"
"-3.30","","-6.60","75","754","1006","","","","0.70","","S","Небольшая облачность","2026-01-10 10:28"
"-3.30","","-6.60","75","754","1006","","","","0.70","","S","Небольшая облачность","2026-01-10 10:29"
"-3.30","","-6.60","75","754","1006","","","","0.70","","S","Небольшая облачность","2026-01-10 10:30"
"-3.30","","-6.60","75","754","1006","","","","0.70","","S","Небольшая облачность","2026-01-10 10:31"
"-3.30","","-6.60","75","754","1006","","","","0.70","","S","Небольшая облачность","2026-01-10 10:32"
"-3.30","","-6.60","75","754","1006","","","","0.70","","S","Небольшая облачность","2026-01-10 10:33"
"-3.30","","-6.60","75","754","1006","","","","0.70","","S","Небольшая облачность","2026-01-10 10:34"
"-3.30","","-6.60","75","754","1006","","","","0.70","","S","Небольшая облачность","2026-01-10 10:35"
"-3.30","","-6.60","75","754","1006","","","","0.70","","S","Облачно","2026-01-10 10:36"
"-3.30","","-6.60","75","754","1006","","","","0.70","","S","Облачно","2026-01-10 10:37"
"-3.30","","-6.60","75","754","1006","","","","0.70","","S","Облачно","2026-01-10 10:38"
"-3.30","","-6.60","75","754","1006","","","","0.70","","S","Облачно","2026-01-10 10:39"
"-3.30","","-6.60","75","754","1006","","","","0.70","","S","Облачно","2026-01-10 10:40"
"-3.30","","-6.60","75","754","1006","","","","0.70","","S","Облачно","2026-01-10 10:41"
"-3.30","","-6.60","75","754","1006","","","","0.70","","S","Облачно","2026-01-10 10:42"
"-3.30","","-6.60","75","754","1006","","","","0.70","","S","Облачно","2026-01-10 10:43"
"-3.30","","-6.60","75","754","1006","","","","0.70","","S","Облачно","2026-01-10 10:44"
"-3.30","","-6.60","75","754","1006","","","","0.70","","S","Облачно","2026-01-10 10:45"
"-3.30","","-6.60","75","754","1006","","","","0.70","","S","Облачно","2026-01-10 10:46"
"-3.30","","-6.60","75","754","1006","","","","0.70","","S","Облачно","2026-01-10 10:47"
"-3.30","","-6.60","75","754","1006","","","","0.70","","S","Облачно","2026-01-10 10:48"
"-3.30","","-6.60","75","754","1006","","","","0.70","","S","Облачно","2026-01-10 10:49"
"-3.30","","-6.60","75","754","1006","","","","0.70","","S","Облачно","2026-01-10 10:50"
"-3.30","","-6.60","75","754","1006","","","","0.70","","S","Облачно","2026-01-10 10:51"
"-3.30","","-6.60","75","754","1006","","","","0.70","","S","Облачно","2026-01-10 10:52"
"-3.30","","-6.60","75","754","1006","","","","0.70","","S","Облачно","2026-01-10 10:53"
"-3.30","","-6.60","75","754","1006","","","","0.70","","S","Облачно","2026-01-10 10:54"
"-3.30","","-6.60","75","754","1006","","","","0.70","","S","Облачно","2026-01-10 10:55"
"-3.30","","-6.60","75","754","1006","","","","0.70","","S","Облачно","2026-01-10 10:56"
"-3.30","","-6.60","75","754","1006","","","","0.70","","S","Облачно","2026-01-10 10:57"
"-3.30","","-6.60","75","754","1006","","","","0.70","","S","Облачно","2026-01-10 10:58"
"-3.30","","-6.60","75","754","1006","","","","0.70","","S","Облачно","2026-01-10 10:59"
"-3.30","","-6.60","75","754","1006","","","","0.70","","S","Облачно","2026-01-10 11:00"
"-3.30","","-6.60","75","754","1006","","","","0.70","","S","Облачно","2026-01-10 11:01"
"-3.30","","-6.60","75","754","1006","","","","0.70","","S","Облачно","2026-01-10 11:02"
"-3.30","","-6.60","75","754","1006","","","","0.70","","S","Облачно","2026-01-10 11:03"
"-3.30","","-6.60","75","754","1006","","","","0.70","","S","Облачно","2026-01-10 11:04"
"-3.30","","-6.60","75","754","1006","","","","0.70","","S","Облачно","2026-01-10 11:05"
"-3.30","","-6.60","75","754","1006","","","","0.70","","S","Небольшая облачность","2026-01-10 11:06"
"-3.30","","-6.60","75","755","1007","","","","0.70","","S","Небольшая облачность","2026-01-10 11:07"
"-3.30","","-6.60","75","755","1007","","","","0.70","","S","Небольшая облачность","2026-01-10 11:08"
"-3.30","","-6.60","75","755","1007","","","","0.70","","S","Небольшая облачность","2026-01-10 11:09"
"-3.30","","-6.60","75","755","1007","","","","0.70","","S","Небольшая облачность","2026-01-10 11:10"
"-3.30","","-6.60","75","755","1007","","","","0.70","","S","Небольшая облачность","2026-01-10 11:11"
"-3.30","","-6.60","75","755","1007","","","","0.70","","S","Небольшая облачность","2026-01-10 11:12"
"-3.30","","-6.60","75","755","1007","","","","0.70","","S","Небольшая облачность","2026-01-10 11:13"
"-3.30","","-6.60","75","755","1007","","","","0.70","","S","Небольшая облачность","2026-01-10 11:14"
"-3.30","","-6.60","75","755","1007","","","","0.70","","S","Небольшая облачность","2026-01-10 11:15"
"-3.30","","-6.60","75","755","1007","","","","0.70","","S","Небольшая облачность","2026-01-10 11:16"
"-3.30","","-6.60","75","755","1007","","","","0.70","","S","Небольшая облачность","2026-01-10 11:17"
"-3.30","","-6.60","75","755","1007","","","","0.70","","S","Небольшая облачность","2026-01-10 11:18"
"-3.30","","-6.60","75","755","1007","","","","0.70","","S","Небольшая облачность","2026-01-10 11:19"
"-3.30","","-6.60","75","755","1007","","","","0.70","","S","Небольшая облачность","2026-01-10 11:20"
"-3.30","","-6.60","75","755","1007","","","","0.70","","S","Небольшая облачность","2026-01-10 11:21"
"-3.30","","-6.60","75","755","1007","","","","0.70","","S","Небольшая облачность","2026-01-10 11:22"
"-3.30","","-6.60","75","755","1007","","","","0.70","","S","Небольшая облачность","2026-01-10 11:23"
"-3.30","","-6.60","75","755","1007","","","","0.70","","S","Небольшая облачность","2026-01-10 11:24"
"-3.30","","-6.60","75","755","1007","","","","0.70","","S","Небольшая облачность","2026-01-10 11:25"
"-3.30","","-6.60","75","755","1007","","","","0.70","","S","Небольшая облачность","2026-01-10 11:26"
"-3.30","","-6.60","75","755","1007","","","","0.70","","S","Небольшая облачность","2026-01-10 11:27"
"-3.30","","-6.60","75","755","1007","","","","0.70","","S","Небольшая облачность","2026-01-10 11:28"
"-3.30","","-6.60","75","755","1007","","","","0.70","","S","Небольшая облачность","2026-01-10 11:29"
"-3.30","","-6.60","75","755","1007","","","","0.70","","S","Небольшая облачность","2026-01-10 11:30"
"-3.30","","-6.60","75","755","1007","","","","0.70","","S","Небольшая облачность","2026-01-10 11:31"
"-3.30","","-6.60","75","755","1007","","","","0.70","","S","Небольшая облачность","2026-01-10 11:32"
"-3.30","","-6.60","75","755","1007","","","","0.70","","S","Небольшая облачность","2026-01-10 11:33"
"-3.30","","-6.60","75","755","1007","","","","0.70","","S","Небольшая облачность","2026-01-10 11:34"
"-3.30","","-6.60","75","755","1007","","","","0.70","","S","Небольшая облачность","2026-01-10 11:35"
"-3.30","","-6.60","75","755","1007","","","","0.70","","S","Небольшая облачность","2026-01-10 11:36"
"-3.30","","-6.60","75","755","1007","","","","0.70","","S","Небольшая облачность","2026-01-10 11:37"
"-3.30","","-6.60","75","755","1007","","","","0.70","","S","Небольшая облачность","2026-01-10 11:38"
"-3.30","","-6.60","75","755","1007","","","","0.70","","S","Небольшая облачность","2026-01-10 11:39"
"-3.30","","-6.60","75","755","1007","","","","0.70","","S","Небольшая облачность","2026-01-10 11:40"
"-3.30","","-6.60","75","755","1007","","","","0.70","","S","Небольшая облачность","2026-01-10 11:41"
"-3.30","","-6.60","75","755","1007","","","","0.70","","S","Небольшая облачность","2026-01-10 11:42"
"-3.30","","-6.60","75","755","1007","","","","0.70","","S","Небольшая облачность","2026-01-10 11:43"
"-3.30","","-6.60","75","755","1007","","","","0.70","","S","Небольшая облачность","2026-01-10 11:44"
"-3.30","","-6.60","75","755","1007","","","","0.70","","S","Небольшая облачность","2026-01-10 11:45"
"-3.30","","-6.60","75","755","1007","","","","0.70","","S","Небольшая облачность","2026-01-10 11:46"
"-3.30","","-6.60","75","755","1007","","","","0.70","","S","Небольшая облачность","2026-01-10 11:47"
"-3.30","","-6.60","75","755","1007","","","","0.70","","S","Небольшая облачность","2026-01-10 11:48"
"-3.30","","-6.60","75","755","1007","","","","0.70","","S","Небольшая облачность","2026-01-10 11:49"
"-3.30","","-6.60","75","755","1007","","","","0.70","","S","Небольшая облачность","2026-01-10 11:50"
"-3.30","","-6.60","75","755","1007","","","","0.70","","S","Небольшая облачность","2026-01-10 11:51"
"-3.30","","-6.60","75","755","1007","","","","0.70","","S","Небольшая облачность","2026-01-10 11:52"
"-3.30","","-6.60","75","755","1007","","","","0.70","","S","Небольшая облачность","2026-01-10 11:53"
"-3.30","","-6.60","75","755","1007","","","","0.70","","S","Небольшая облачность","2026-01-10 11:54"
"-3.30","","-6.60","75","755","1007","","","","0.70","","S","Небольшая облачность","2026-01-10 11:55"
"-3.30","","-6.60","75","755","1007","","","","0.70","","S","Небольшая облачность","2026-01-10 11:56"
"-3.30","","-6.60","75","755","1007","","","","0.70","","S","Небольшая облачность","2026-01-10 11:57"
"-3.30","","-6.60","75","755","1007","","","","0.70","","S","Небольшая облачность","2026-01-10 11:58"
"-3.30","","-6.60","75","755","1007","","","","0.70","","S","Небольшая облачность","2026-01-10 11:59"
"-3.30","","-6.60","75","755","1007","","","","0.70","","S","Небольшая облачность","2026-01-10 12:00"
"-3.30","","-6.60","75","755","1007","","","","0.70","","S","Небольшая облачность","2026-01-10 12:01"
"-3.30","","-6.60","75","755","1007","","","","0.70","","S","Небольшая облачность","2026-01-10 12:02"
"-3.30","","-6.60","75","755","1007","","","","0.70","","S","Небольшая облачность","2026-01-10 12:03"
"-3.30","","-6.60","75","755","1007","","","","0.70","","S","Небольшая облачность","2026-01-10 12:04"
"-3.30","","-6.60","75","755","1007","","","","0.70","","S","Небольшая облачность","2026-01-10 12:05"
"-3.30","","-6.60","75","755","1007","","","","0.70","","S","Небольшая облачность","2026-01-10 12:06"
"-3.30","","-6.60","75","755","1007","","","","0.70","","S","Небольшая облачность","2026-01-10 12:07"
"-3.30","","-6.60","75","755","1007","","","","0.70","","S","Небольшая облачность","2026-01-10 12:08"
"-3.30","","-6.60","75","755","1007","","","","0.70","","S","Небольшая облачность","2026-01-10 12:09"
"-3.30","","-6.60","75","755","1007","","","","0.70","","S","Небольшая облачность","2026-01-10 12:10"
"-3.30","","-6.60","75","755","1007","","","","0.70","","S","Небольшая облачность","2026-01-10 12:11"
"-3.30","","-6.60","75","755","1007","","","","0.70","","S","Небольшая облачность","2026-01-10 12:12"
"-3.30","","-6.60","75","755","1007","","","","0.70","","S","Небольшая облачность","2026-01-10 12:13"
"-3.30","","-6.60","75","755","1007","","","","0.70","","S","Небольшая облачность","2026-01-10 12:14"
"-3.30","","-6.60","75","755","1007","","","","0.70","","S","Небольшая облачность","2026-01-10 12:15"
"-3.30","","-6.60","75","755","1007","","","","0.70","","S","Небольшая облачность","2026-01-10 12:16"
"-3.30","","-6.60","75","755","1007","","","","0.70","","S","Небольшая облачность","2026-01-10 12:17"
"-3.30","","-6.60","75","755","1007","","","","0.70","","S","Небольшая облачность","2026-01-10 12:18"
"-3.30","","-6.60","75","755","1007","","","","0.70","","S","Небольшая облачность","2026-01-10 12:19"
"-3.30","","-6.60","75","755","1007","","","","0.70","","S","Небольшая облачность","2026-01-10 12:20"
"-3.30","","-6.60","75","755","1007","","","","0.70","","S","Небольшая облачность","2026-01-10 12:21"
"-3.30","","-6.60","75","755","1007","","","","0.70","","S","Небольшая облачность","2026-01-10 12:22"
"-3.30","","-6.60","75","755","1007","","","","0.70","","S","Небольшая облачность","2026-01-10 12:23"
"-3.30","","-6.60","75","755","1007","","","","0.70","","S","Небольшая облачность","2026-01-10 12:24"
"-3.30","","-6.60","75","755","1007","","","","0.70","","S","Небольшая облачность","2026-01-10 12:25"
"-3.30","","-6.60","75","755","1007","","","","0.70","","S","Небольшая облачность","2026-01-10 12:26"
"-3.30","","-6.60","75","755","1007","","","","0.70","","S","Небольшая облачность","2026-01-10 12:27"
"-3.30","","-6.60","75","755","1007","","","","0.70","","S","Небольшая облачность","2026-01-10 12:28"
"-3.30","","-6.60","75","755","1007","","","","0.70","","S","Небольшая облачность","2026-01-10 12:29"
"-3.30","","-6.60","75","755","1007","","","","0.70","","S","Небольшая облачность","2026-01-10 12:30"
"-3.30","","-6.60","75","755","1007","","","","0.70","","S","Небольшая облачность","2026-01-10 12:31"
"-3.30","","-6.60","75","755","1007","","","","0.70","","S","Небольшая облачность","2026-01-10 12:32"
"-3.30","","-6.60","75","755","1007","","","","0.70","","S","Небольшая облачность","2026-01-10 12:33"
"-3.30","","-6.60","75","755","1007","","","","0.70","","S","Небольшая облачность","2026-01-10 12:34"
"-3.30","","-6.60","75","755","1007","","","","0.70","","S","Небольшая облачность","2026-01-10 12:35"
"-3.30","","-6.60","75","756","1008","","","","0.70","","S","Переменная облачность","2026-01-10 12:36"
"-3.30","","-6.60","75","756","1008","","","","0.70","","S","Переменная облачность","2026-01-10 12:37"
"-3.30","","-6.60","75","756","1008","","","","0.70","","S","Переменная облачность","2026-01-10 12:38"
"-3.30","","-6.60","75","756","1008","","","","0.70","","S","Переменная облачность","2026-01-10 12:39"
"-3.30","","-6.60","75","756","1008","","","","0.70","","S","Переменная облачность","2026-01-10 12:40"
"-3.30","","-6.60","75","756","1008","","","","0.70","","S","Переменная облачность","2026-01-10 12:41"
"-3.30","","-6.60","75","756","1008","","","","0.70","","S","Переменная облачность","2026-01-10 12:42"
"-3.30","","-6.60","75","756","1008","","","","0.70","","S","Переменная облачность","2026-01-10 12:43"
"-3.30","","-6.60","75","756","1008","","","","0.70","","S","Переменная облачность","2026-01-10 12:44"
"-3.30","","-6.60","75","756","1008","","","","0.70","","S","Переменная облачность","2026-01-10 12:45"
"-3.30","","-6.60","75","756","1008","","","","0.70","","S","Переменная облачность","2026-01-10 12:46"
"-3.30","","-6.60","75","756","1008","","","","0.70","","S","Переменная облачность","2026-01-10 12:47"
"-3.30","","-6.60","75","756","1008","","","","0.70","","S","Переменная облачность","2026-01-10 12:48"
"-3.30","","-6.60","75","756","1008","","","","0.70","","S","Переменная облачность","2026-01-10 12:49"
"-3.30","","-6.60","75","756","1008","","","","0.70","","S","Переменная облачность","2026-01-10 12:50"
"-3.30","","-6.60","75","756","1008","","","","0.70","","S","Переменная облачность","2026-01-10 12:51"
"-3.30","","-6.60","75","756","1008","","","","0.70","","S","Переменная облачность","2026-01-10 12:52"
"-3.30","","-6.60","75","756","1008","","","","0.70","","S","Переменная облачность","2026-01-10 12:53"
"-3.30","","-6.60","75","756","1008","","","","0.70","","S","Переменная облачность","2026-01-10 12:54"
"-3.30","","-6.60","75","756","1008","","","","0.70","","S","Переменная облачность","2026-01-10 12:55"
"-3.30","","-6.60","75","756","1008","","","","0.70","","S","Переменная облачность","2026-01-10 12:56"
"-3.30","","-6.60","75","756","1008","","","","0.70","","S","Переменная облачность","2026-01-10 12:57"
"-3.30","","-6.60","75","756","1008","","","","0.70","","S","Переменная облачность","2026-01-10 12:58"
"-3.30","","-6.60","75","756","1008","","","","0.70","","S","Переменная облачность","2026-01-10 12:59"
"-3.30","","-6.60","75","756","1008","","","","0.70","","S","Переменная облачность","2026-01-10 13:00"
"-3.30","","-6.60","75","756","1008","","","","0.70","","S","Переменная облачность","2026-01-10 13:01"
"-3.30","","-6.60","75","756","1008","","","","0.70","","S","Переменная облачность","2026-01-10 13:02"
"-3.30","","-6.60","75","756","1008","","","","0.70","","S","Переменная облачность","2026-01-10 13:03"
"-3.30","","-6.60","75","756","1008","","","","0.70","","S","Переменная облачность","2026-01-10 13:04"
"-3.30","","-6.60","75","756","1008","","","","0.70","","S","Переменная облачность","2026-01-10 13:05"
"-3.30","","-6.60","75","755","1007","","","","0.70","","S","Переменная облачность","2026-01-10 13:06"
"-3.30","","-6.60","75","755","1007","","","","0.70","","S","Переменная облачность","2026-01-10 13:07"
"-3.30","","-6.60","75","755","1007","","","","0.70","","S","Переменная облачность","2026-01-10 13:08"
"-3.30","","-6.60","75","755","1007","","","","0.70","","S","Переменная облачность","2026-01-10 13:09"
"-3.30","","-6.60","75","755","1007","","","","0.70","","S","Переменная облачность","2026-01-10 13:10"
"-3.30","","-6.60","75","755","1007","","","","0.70","","S","Переменная облачность","2026-01-10 13:11"
"-3.30","","-6.60","75","755","1007","","","","0.70","","S","Переменная облачность","2026-01-10 13:12"
"-3.30","","-6.60","75","755","1007","","","","0.70","","S","Переменная облачность","2026-01-10 13:13"
"-3.30","","-6.60","75","755","1007","","","","0.70","","S","Переменная облачность","2026-01-10 13:14"
"-3.30","","-6.60","75","755","1007","","","","0.70","","S","Переменная облачность","2026-01-10 13:15"
"-3.30","","-6.60","75","755","1007","","","","0.70","","S","Переменная облачность","2026-01-10 13:16"
"-3.30","","-6.60","75","755","1007","","","","0.70","","S","Переменная облачность","2026-01-10 13:17"
"-3.30","","-6.60","75","755","1007","","","","0.70","","S","Переменная облачность","2026-01-10 13:18"
"-3.30","","-6.60","75","755","1007","","","","0.70","","S","Переменная облачность","2026-01-10 13:19"
"-3.30","","-6.60","75","755","1007","","","","0.70","","S","Переменная облачность","2026-01-10 13:20"
"-3.30","","-6.60","75","756","1008","","","","0.70","","S","Переменная облачность","2026-01-10 13:21"
"-3.30","","-6.60","75","756","1008","","","","0.70","","S","Переменная облачность","2026-01-10 13:22"
"-3.30","","-6.60","75","756","1008","","","","0.70","","S","Переменная облачность","2026-01-10 13:23"
"-3.30","","-6.60","75","756","1008","","","","0.70","","S","Переменная облачность","2026-01-10 13:24"
"-3.30","","-6.60","75","756","1008","","","","0.70","","S","Переменная облачность","2026-01-10 13:25"
"-3.30","","-6.60","75","756","1008","","","","0.70","","S","Переменная облачность","2026-01-10 13:26"
"-3.30","","-6.60","75","756","1008","","","","0.70","","S","Переменная облачность","2026-01-10 13:27"
"-3.30","","-6.60","75","756","1008","","","","0.70","","S","Переменная облачность","2026-01-10 13:28"
"-3.30","","-6.60","75","756","1008","","","","0.70","","S","Переменная облачность","2026-01-10 13:29"
"-3.30","","-6.60","75","756","1008","","","","0.70","","S","Переменная облачность","2026-01-10 13:30"
"-3.30","","-6.60","75","756","1008","","","","0.70","","S","Переменная облачность","2026-01-10 13:31"
"-3.30","","-6.60","75","756","1008","","","","0.70","","S","Переменная облачность","2026-01-10 13:32"
"-3.30","","-6.60","75","756","1008","","","","0.70","","S","Переменная облачность","2026-01-10 13:33"
"-3.30","","-6.60","75","756","1008","","","","0.70","","S","Переменная облачность","2026-01-10 13:34"
"-3.30","","-6.60","75","756","1008","","","","0.70","","S","Переменная облачность","2026-01-10 13:35"
"-3.30","","-6.60","75","755","1007","","","","0.70","","S","Переменная облачность","2026-01-10 13:36"
"-3.30","","-6.60","75","755","1007","","","","0.70","","S","Переменная облачность","2026-01-10 13:37"
"-3.30","","-6.60","75","755","1007","","","","0.70","","S","Переменная облачность","2026-01-10 13:38"
"-3.30","","-6.60","75","755","1007","","","","0.70","","S","Переменная облачность","2026-01-10 13:39"
"-3.30","","-6.60","75","755","1007","","","","0.70","","S","Переменная облачность","2026-01-10 13:40"
"-3.30","","-6.60","75","755","1007","","","","0.70","","S","Переменная облачность","2026-01-10 13:41"
"-3.30","","-6.60","75","755","1007","","","","0.70","","S","Переменная облачность","2026-01-10 13:42"
"-3.30","","-6.60","75","755","1007","","","","0.70","","S","Переменная облачность","2026-01-10 13:43"
"-3.30","","-6.60","75","755","1007","","","","0.70","","S","Переменная облачность","2026-01-10 13:44"
"-3.30","","-6.60","75","755","1007","","","","0.70","","S","Переменная облачность","2026-01-10 13:45"
"-3.30","","-6.60","75","755","1007","","","","0.70","","S","Переменная облачность","2026-01-10 13:46"
"-3.30","","-6.60","75","755","1007","","","","0.70","","S","Переменная облачность","2026-01-10 13:47"
"-3.30","","-6.60","75","755","1007","","","","0.70","","S","Переменная облачность","2026-01-10 13:48"
"-3.30","","-6.60","75","755","1007","","","","0.70","","S","Переменная облачность","2026-01-10 13:49"
"-3.30","","-6.60","75","755","1007","","","","0.70","","S","Переменная облачность","2026-01-10 13:50"
"-3.30","","-6.60","75","756","1008","","","","0.70","","S","Небольшая облачность","2026-01-10 13:51"
"-3.30","","-6.60","75","756","1008","","","","0.70","","S","Небольшая облачность","2026-01-10 13:52"
"-3.30","","-6.60","75","756","1008","","","","0.70","","S","Небольшая облачность","2026-01-10 13:53"
"-3.30","","-6.60","75","756","1008","","","","0.70","","S","Небольшая облачность","2026-01-10 13:54"
"-3.30","","-6.60","75","756","1008","","","","0.70","","S","Небольшая облачность","2026-01-10 13:55"
"-3.30","","-6.60","75","756","1008","","","","0.70","","S","Небольшая облачность","2026-01-10 13:56"
"-3.30","","-6.60","75","756","1008","","","","0.70","","S","Небольшая облачность","2026-01-10 13:57"
"-3.30","","-6.60","75","756","1008","","","","0.70","","S","Небольшая облачность","2026-01-10 13:58"
"-3.30","","-6.60","75","756","1008","","","","0.70","","S","Небольшая облачность","2026-01-10 13:59"
"-3.30","","-6.60","75","756","1008","","","","0.70","","S","Небольшая облачность","2026-01-10 14:00"
"-3.30","","-6.60","75","756","1008","","","","0.70","","S","Небольшая облачность","2026-01-10 14:01"
"-3.30","","-6.60","75","756","1008","","","","0.70","","S","Небольшая облачность","2026-01-10 14:02"
"-3.30","","-6.60","75","756","1008","","","","0.70","","S","Небольшая облачность","2026-01-10 14:03"
"-3.30","","-6.60","75","756","1008","","","","0.70","","S","Небольшая облачность","2026-01-10 14:04"
"-3.30","","-6.60","75","756","1008","","","","0.70","","S","Небольшая облачность","2026-01-10 14:05"
"-3.30","","-6.60","75","756","1008","","","","0.70","","S","Небольшая облачность","2026-01-10 14:06"
"-3.30","","-6.60","75","756","1008","","","","0.70","","S","Небольшая облачность","2026-01-10 14:07"
"-3.30","","-6.60","75","756","1008","","","","0.70","","S","Небольшая облачность","2026-01-10 14:08"
"-3.30","","-6.60","75","756","1008","","","","0.70","","S","Небольшая облачность","2026-01-10 14:09"
"-3.30","","-6.60","75","756","1008","","","","0.70","","S","Небольшая облачность","2026-01-10 14:10"
"-3.30","","-6.60","75","756","1008","","","","0.70","","S","Небольшая облачность","2026-01-10 14:11"
"-3.30","","-6.60","75","756","1008","","","","0.70","","S","Небольшая облачность","2026-01-10 14:12"
"-3.30","","-6.60","75","756","1008","","","","0.70","","S","Небольшая облачность","2026-01-10 14:13"
"-3.30","","-6.60","75","756","1008","","","","0.70","","S","Небольшая облачность","2026-01-10 14:14"
"-3.30","","-6.60","75","756","1008","","","","0.70","","S","Небольшая облачность","2026-01-10 14:15"
"-3.30","","-6.60","75","756","1008","","","","0.70","","S","Небольшая облачность","2026-01-10 14:16"
"-3.30","","-6.60","75","756","1008","","","","0.70","","S","Небольшая облачность","2026-01-10 14:17"
"-3.30","","-6.60","75","756","1008","","","","0.70","","S","Небольшая облачность","2026-01-10 14:18"
"-3.30","","-6.60","75","756","1008","","","","0.70","","S","Небольшая облачность","2026-01-10 14:19"
"-3.30","","-6.60","75","756","1008","","","","0.70","","S","Небольшая облачность","2026-01-10 14:20"
"-3.30","","-6.60","75","756","1008","","","","0.70","","S","Небольшая облачность","2026-01-10 14:21"
"-3.30","","-6.60","75","756","1008","","","","0.70","","S","Небольшая облачность","2026-01-10 14:22"
"-3.30","","-6.60","75","756","1008","","","","0.70","","S","Небольшая облачность","2026-01-10 14:23"
"-3.30","","-6.60","75","756","1008","","","","0.70","","S","Небольшая облачность","2026-01-10 14:24"
"-3.30","","-6.60","75","756","1008","","","","0.70","","S","Небольшая облачность","2026-01-10 14:25"
"-3.30","","-6.60","75","756","1008","","","","0.70","","S","Небольшая облачность","2026-01-10 14:26"
"-3.30","","-6.60","75","756","1008","","","","0.70","","S","Небольшая облачность","2026-01-10 14:27"
"-3.30","","-6.60","75","756","1008","","","","0.70","","S","Небольшая облачность","2026-01-10 14:28"
"-3.30","","-6.60","75","756","1008","","","","0.70","","S","Небольшая облачность","2026-01-10 14:29"
"-3.30","","-6.60","75","756","1008","","","","0.70","","S","Небольшая облачность","2026-01-10 14:30"
"-3.30","","-6.60","75","756","1008","","","","0.70","","S","Небольшая облачность","2026-01-10 14:31"
"-3.30","","-6.60","75","756","1008","","","","0.70","","S","Небольшая облачность","2026-01-10 14:32"
"-3.30","","-6.60","75","756","1008","","","","0.70","","S","Небольшая облачность","2026-01-10 14:33"
"-3.30","","-6.60","75","756","1008","","","","0.70","","S","Небольшая облачность","2026-01-10 14:34"
"-3.30","","-6.60","75","756","1008","","","","0.70","","S","Небольшая облачность","2026-01-10 14:35"
"-3.30","","-6.60","75","756","1009","","","","0.70","","S","Небольшая облачность","2026-01-10 14:36"
"-3.30","","-6.60","75","756","1009","","","","0.70","","S","Небольшая облачность","2026-01-10 14:37"
"-3.30","","-6.60","75","756","1009","","","","0.70","","S","Небольшая облачность","2026-01-10 14:38"
"-3.30","","-6.60","75","756","1009","","","","0.70","","S","Небольшая облачность","2026-01-10 14:39"
"-3.30","","-6.60","75","756","1009","","","","0.70","","S","Небольшая облачность","2026-01-10 14:40"
"-3.30","","-6.60","75","756","1009","","","","0.70","","S","Небольшая облачность","2026-01-10 14:41"
"-3.30","","-6.60","75","756","1009","","","","0.70","","S","Небольшая облачность","2026-01-10 14:42"
"-3.30","","-6.60","75","756","1009","","","","0.70","","S","Небольшая облачность","2026-01-10 14:43"
"-3.30","","-6.60","75","756","1009","","","","0.70","","S","Небольшая облачность","2026-01-10 14:44"
"-3.30","","-6.60","75","756","1009","","","","0.70","","S","Небольшая облачность","2026-01-10 14:45"
"-3.30","","-6.60","75","756","1009","","","","0.70","","S","Небольшая облачность","2026-01-10 14:46"
"-3.30","","-6.60","75","756","1009","","","","0.70","","S","Небольшая облачность","2026-01-10 14:47"
"-3.30","","-6.60","75","756","1009","","","","0.70","","S","Небольшая облачность","2026-01-10 14:48"
"-3.30","","-6.60","75","756","1009","","","","0.70","","S","Небольшая облачность","2026-01-10 14:49"
"-3.30","","-6.60","75","756","1009","","","","0.70","","S","Небольшая облачность","2026-01-10 14:50"
"-3.30","","-6.60","75","756","1009","","","","0.70","","S","Небольшая облачность","2026-01-10 14:51"
"-3.30","","-6.60","75","756","1009","","","","0.70","","S","Небольшая облачность","2026-01-10 14:52"
"-3.30","","-6.60","75","756","1009","","","","0.70","","S","Небольшая облачность","2026-01-10 14:53"
"-3.30","","-6.60","75","756","1009","","","","0.70","","S","Небольшая облачность","2026-01-10 14:54"
"-3.30","","-6.60","75","756","1009","","","","0.70","","S","Небольшая облачность","2026-01-10 14:55"
"-3.30","","-6.60","75","756","1009","","","","0.70","","S","Небольшая облачность","2026-01-10 14:56"
"-3.30","","-6.60","75","756","1009","","","","0.70","","S","Небольшая облачность","2026-01-10 14:57"
"-3.30","","-6.60","75","756","1009","","","","0.70","","S","Небольшая облачность","2026-01-10 14:58"
"-3.30","","-6.60","75","756","1009","","","","0.70","","S","Небольшая облачность","2026-01-10 14:59"
"-3.30","","-6.60","75","756","1009","","","","0.70","","S","Небольшая облачность","2026-01-10 15:00"
"-3.30","","-6.60","75","756","1009","","","","0.70","","S","Небольшая облачность","2026-01-10 15:01"
"-3.30","","-6.60","75","756","1009","","","","0.70","","S","Небольшая облачность","2026-01-10 15:02"
"-3.30","","-6.60","75","756","1009","","","","0.70","","S","Небольшая облачность","2026-01-10 15:03"
"-3.30","","-6.60","75","756","1009","","","","0.70","","S","Небольшая облачность","2026-01-10 15:04"
"-3.30","","-6.60","75","756","1009","","","","0.70","","S","Небольшая облачность","2026-01-10 15:05"
"-3.30","","-6.60","75","756","1009","","","","0.70","","S","Переменная облачность","2026-01-10 15:06"
"-3.30","","-6.60","75","756","1009","","","","0.70","","S","Переменная облачность","2026-01-10 15:07"
"-3.30","","-6.60","75","756","1009","","","","0.70","","S","Переменная облачность","2026-01-10 15:08"
"-3.30","","-6.60","75","756","1009","","","","0.70","","S","Переменная облачность","2026-01-10 15:09"
"-3.30","","-6.60","75","756","1009","","","","0.70","","S","Переменная облачность","2026-01-10 15:10"
"-3.30","","-6.60","75","756","1009","","","","0.70","","S","Переменная облачность","2026-01-10 15:11"
"-3.30","","-6.60","75","756","1009","","","","0.70","","S","Переменная облачность","2026-01-10 15:12"
"-3.30","","-6.60","75","756","1009","","","","0.70","","S","Переменная облачность","2026-01-10 15:13"
"-3.30","","-6.60","75","756","1009","","","","0.70","","S","Переменная облачность","2026-01-10 15:14"
"-3.30","","-6.60","75","756","1009","","","","0.70","","S","Переменная облачность","2026-01-10 15:15"
"-3.30","","-6.60","75","756","1009","","","","0.70","","S","Переменная облачность","2026-01-10 15:16"
"-3.30","","-6.60","75","756","1009","","","","0.70","","S","Переменная облачность","2026-01-10 15:17"
"-3.30","","-6.60","75","756","1009","","","","0.70","","S","Переменная облачность","2026-01-10 15:18"
"-3.30","","-6.60","75","756","1009","","","","0.70","","S","Переменная облачность","2026-01-10 15:19"
"-3.30","","-6.60","75","756","1009","","","","0.70","","S","Переменная облачность","2026-01-10 15:20"
"-3.30","","-6.60","75","756","1008","","","","0.70","","S","Переменная облачность","2026-01-10 15:21"
"-3.30","","-6.60","75","756","1008","","","","0.70","","S","Переменная облачность","2026-01-10 15:22"
"-3.30","","-6.60","75","756","1008","","","","0.70","","S","Переменная облачность","2026-01-10 15:23"
"-3.30","","-6.60","75","756","1008","","","","0.70","","S","Переменная облачность","2026-01-10 15:24"
"-3.30","","-6.60","75","756","1008","","","","0.70","","S","Переменная облачность","2026-01-10 15:25"
"-3.30","","-6.60","75","756","1008","","","","0.70","","S","Переменная облачность","2026-01-10 15:26"
"-3.30","","-6.60","75","756","1008","","","","0.70","","S","Переменная облачность","2026-01-10 15:27"
"-3.30","","-6.60","75","756","1008","","","","0.70","","S","Переменная облачность","2026-01-10 15:28"
"-3.30","","-6.60","75","756","1008","","","","0.70","","S","Переменная облачность","2026-01-10 15:29"
"-3.30","","-6.60","75","756","1008","","","","0.70","","S","Переменная облачность","2026-01-10 15:30"
"-3.30","","-6.60","75","756","1008","","","","0.70","","S","Переменная облачность","2026-01-10 15:31"
"-3.30","","-6.60","75","756","1008","","","","0.70","","S","Переменная облачность","2026-01-10 15:32"
"-3.30","","-6.60","75","756","1008","","","","0.70","","S","Переменная облачность","2026-01-10 15:33"
"-3.30","","-6.60","75","756","1008","","","","0.70","","S","Переменная облачность","2026-01-10 15:34"
"-3.30","","-6.60","75","756","1008","","","","0.70","","S","Переменная облачность","2026-01-10 15:35"
"-3.30","","-6.60","75","756","1009","","","","0.70","","S","Переменная облачность","2026-01-10 15:36"
"-3.30","","-6.60","75","756","1009","","","","0.70","","S","Переменная облачность","2026-01-10 15:37"
"-3.30","","-6.60","75","756","1009","","","","0.70","","S","Переменная облачность","2026-01-10 15:38"
"-3.30","","-6.60","75","756","1009","","","","0.70","","S","Переменная облачность","2026-01-10 15:39"
"-3.30","","-6.60","75","756","1009","","","","0.70","","S","Переменная облачность","2026-01-10 15:40"
"-3.30","","-6.60","75","756","1009","","","","0.70","","S","Переменная облачность","2026-01-10 15:41"
"-3.30","","-6.60","75","756","1009","","","","0.70","","S","Переменная облачность","2026-01-10 15:42"
"-3.30","","-6.60","75","756","1009","","","","0.70","","S","Переменная облачность","2026-01-10 15:43"
"-3.30","","-6.60","75","756","1009","","","","0.70","","S","Переменная облачность","2026-01-10 15:44"
"-3.30","","-6.60","75","756","1009","","","","0.70","","S","Переменная облачность","2026-01-10 15:45"
"-3.30","","-6.60","75","756","1009","","","","0.70","","S","Переменная облачность","2026-01-10 15:46"
"-3.30","","-6.60","75","756","1009","","","","0.70","","S","Переменная облачность","2026-01-10 15:47"
"-3.30","","-6.60","75","756","1009","","","","0.70","","S","Переменная облачность","2026-01-10 15:48"
"-3.30","","-6.60","75","756","1009","","","","0.70","","S","Переменная облачность","2026-01-10 15:49"
"-3.30","","-6.60","75","756","1009","","","","0.70","","S","Переменная облачность","2026-01-10 15:50"
"-3.30","","-6.60","75","757","1010","","","","0.70","","S","Переменная облачность","2026-01-10 15:51"
"-3.30","","-6.60","75","757","1010","","","","0.70","","S","Переменная облачность","2026-01-10 15:52"
"-3.30","","-6.60","75","757","1010","","","","0.70","","S","Переменная облачность","2026-01-10 15:53"
"-3.30","","-6.60","75","757","1010","","","","0.70","","S","Переменная облачность","2026-01-10 15:54"
"-3.30","","-6.60","75","757","1010","","","","0.70","","S","Переменная облачность","2026-01-10 15:55"
"-3.30","","-6.60","75","757","1010","","","","0.70","","S","Переменная облачность","2026-01-10 15:56"
"-3.30","","-6.60","75","757","1010","","","","0.70","","S","Переменная облачность","2026-01-10 15:57"
"-3.30","","-6.60","75","757","1010","","","","0.70","","S","Переменная облачность","2026-01-10 15:58"
"-3.30","","-6.60","75","757","1010","","","","0.70","","S","Переменная облачность","2026-01-10 15:59"
"-3.30","","-6.60","75","757","1010","","","","0.70","","S","Переменная облачность","2026-01-10 16:00"
"-3.30","","-6.60","75","757","1010","","","","0.70","","S","Переменная облачность","2026-01-10 16:01"
"-3.30","","-6.60","75","757","1010","","","","0.70","","S","Переменная облачность","2026-01-10 16:02"
"-3.30","","-6.60","75","757","1010","","","","0.70","","S","Переменная облачность","2026-01-10 16:03"
"-3.30","","-6.60","75","757","1010","","","","0.70","","S","Переменная облачность","2026-01-10 16:04"
"-3.30","","-6.60","75","757","1010","","","","0.70","","S","Переменная облачность","2026-01-10 16:05"
"-3.30","","-6.60","75","756","1009","","","","0.70","","S","Переменная облачность","2026-01-10 16:06"
"-3.30","","-6.60","75","756","1009","","","","0.70","","S","Переменная облачность","2026-01-10 16:07"
"-3.30","","-6.60","75","756","1009","","","","0.70","","S","Переменная облачность","2026-01-10 16:08"
"-3.30","","-6.60","75","756","1009","","","","0.70","","S","Переменная облачность","2026-01-10 16:09"
"-3.30","","-6.60","75","756","1009","","","","0.70","","S","Переменная облачность","2026-01-10 16:10"
"-3.30","","-6.60","75","756","1009","","","","0.70","","S","Переменная облачность","2026-01-10 16:11"
"-3.30","","-6.60","75","756","1009","","","","0.70","","S","Переменная облачность","2026-01-10 16:12"
"-3.30","","-6.60","75","756","1009","","","","0.70","","S","Переменная облачность","2026-01-10 16:13"
"-3.30","","-6.60","75","756","1009","","","","0.70","","S","Переменная облачность","2026-01-10 16:14"
"-3.30","","-6.60","75","756","1009","","","","0.70","","S","Переменная облачность","2026-01-10 16:15"
"-3.30","","-6.60","75","756","1009","","","","0.70","","S","Переменная облачность","2026-01-10 16:16"
"-3.30","","-6.60","75","756","1009","","","","0.70","","S","Переменная облачность","2026-01-10 16:17"
"-3.30","","-6.60","75","756","1009","","","","0.70","","S","Переменная облачность","2026-01-10 16:18"
"-3.30","","-6.60","75","756","1009","","","","0.70","","S","Переменная облачность","2026-01-10 16:19"
"-3.30","","-6.60","75","756","1009","","","","0.70","","S","Переменная облачность","2026-01-10 16:20"
"-3.30","","-6.60","75","756","1009","","","","0.70","","S","Переменная облачность","2026-01-10 16:21"
"-3.30","","-6.60","75","756","1009","","","","0.70","","S","Переменная облачность","2026-01-10 16:22"
"-3.30","","-6.60","75","756","1009","","","","0.70","","S","Переменная облачность","2026-01-10 16:23"
"-3.30","","-6.60","75","756","1009","","","","0.70","","S","Переменная облачность","2026-01-10 16:24"
"-3.30","","-6.60","75","756","1009","","","","0.70","","S","Переменная облачность","2026-01-10 16:25"
"-3.30","","-6.60","75","756","1009","","","","0.70","","S","Переменная облачность","2026-01-10 16:26"
"-3.30","","-6.60","75","756","1009","","","","0.70","","S","Переменная облачность","2026-01-10 16:27"
"-3.30","","-6.60","75","756","1009","","","","0.70","","S","Переменная облачность","2026-01-10 16:28"
"-3.30","","-6.60","75","756","1009","","","","0.70","","S","Переменная облачность","2026-01-10 16:29"
"-3.30","","-6.60","75","756","1009","","","","0.70","","S","Переменная облачность","2026-01-10 16:30"
"-3.30","","-6.60","75","756","1009","","","","0.70","","S","Переменная облачность","2026-01-10 16:31"
"-3.30","","-6.60","75","756","1009","","","","0.70","","S","Переменная облачность","2026-01-10 16:32"
"-3.30","","-6.60","75","756","1009","","","","0.70","","S","Переменная облачность","2026-01-10 16:33"
"-3.30","","-6.60","75","756","1009","","","","0.70","","S","Переменная облачность","2026-01-10 16:34"
"-3.30","","-6.60","75","756","1009","","","","0.70","","S","Переменная облачность","2026-01-10 16:35"
"-3.30","","-6.60","75","756","1009","","","","0.70","","S","Переменная облачность","2026-01-10 16:36"
"-3.30","","-6.60","75","756","1009","","","","0.70","","S","Переменная облачность","2026-01-10 16:37"
"-3.30","","-6.60","75","756","1009","","","","0.70","","S","Переменная облачность","2026-01-10 16:38"
"-3.30","","-6.60","75","756","1009","","","","0.70","","S","Переменная облачность","2026-01-10 16:39"
"-3.30","","-6.60","75","756","1009","","","","0.70","","S","Переменная облачность","2026-01-10 16:40"
"-3.30","","-6.60","75","756","1009","","","","0.70","","S","Переменная облачность","2026-01-10 16:41"
"-3.30","","-6.60","75","756","1009","","","","0.70","","S","Переменная облачность","2026-01-10 16:42"
"-3.30","","-6.60","75","756","1009","","","","0.70","","S","Переменная облачность","2026-01-10 16:43"
"-3.30","","-6.60","75","756","1009","","","","0.70","","S","Переменная облачность","2026-01-10 16:44"
"-3.30","","-6.60","75","756","1009","","","","0.70","","S","Переменная облачность","2026-01-10 16:45"
"-3.30","","-6.60","75","756","1009","","","","0.70","","S","Переменная облачность","2026-01-10 16:46"
"-3.30","","-6.60","75","756","1009","","","","0.70","","S","Переменная облачность","2026-01-10 16:47"
"-3.30","","-6.60","75","756","1009","","","","0.70","","S","Переменная облачность","2026-01-10 16:48"
"-3.30","","-6.60","75","756","1009","","","","0.70","","S","Переменная облачность","2026-01-10 16:49"
"-3.30","","-6.60","75","756","1009","","","","0.70","","S","Переменная облачность","2026-01-10 16:50"
"-3.30","","-6.60","75","757","1010","","","","0.70","","S","Переменная облачность","2026-01-10 16:51"
"-3.30","","-6.60","75","757","1010","","","","0.70","","S","Переменная облачность","2026-01-10 16:52"
"-3.30","","-6.60","75","757","1010","","","","0.70","","S","Переменная облачность","2026-01-10 16:53"
"-3.30","","-6.60","75","757","1010","","","","0.70","","S","Переменная облачность","2026-01-10 16:54"
"-3.30","","-6.60","75","757","1010","","","","0.70","","S","Переменная облачность","2026-01-10 16:55"
"-3.30","","-6.60","75","757","1010","","","","0.70","","S","Переменная облачность","2026-01-10 16:56"
"-3.30","","-6.60","75","757","1010","","","","0.70","","S","Переменная облачность","2026-01-10 16:57"
"-3.30","","-6.60","75","757","1010","","","","0.70","","S","Переменная облачность","2026-01-10 16:58"
"-3.30","","-6.60","75","757","1010","","","","0.70","","S","Переменная облачность","2026-01-10 16:59"
"-3.30","","-6.60","75","757","1010","","","","0.70","","S","Переменная облачность","2026-01-10 17:00"
"-3.30","","-6.60","75","757","1010","","","","0.70","","S","Переменная облачность","2026-01-10 17:01"
"-3.30","","-6.60","75","757","1010","","","","0.70","","S","Переменная облачность","2026-01-10 17:02"
"-3.30","","-6.60","75","757","1010","","","","0.70","","S","Переменная облачность","2026-01-10 17:03"
"-3.30","","-6.60","75","757","1010","","","","0.70","","S","Переменная облачность","2026-01-10 17:04"
"-3.30","","-6.60","75","757","1010","","","","0.70","","S","Переменная облачность","2026-01-10 17:05"
"-3.30","","-6.60","75","757","1010","","","","0.70","","S","Переменная облачность","2026-01-10 17:06"
"-3.30","","-6.60","75","757","1010","","","","0.70","","S","Переменная облачность","2026-01-10 17:07"
"-3.30","","-6.60","75","757","1010","","","","0.70","","S","Переменная облачность","2026-01-10 17:08"
"-3.30","","-6.60","75","757","1010","","","","0.70","","S","Переменная облачность","2026-01-10 17:09"
"-3.30","","-6.60","75","757","1010","","","","0.70","","S","Переменная облачность","2026-01-10 17:10"
"-3.30","","-6.60","75","757","1010","","","","0.70","","S","Переменная облачность","2026-01-10 17:11"
"-3.30","","-6.60","75","757","1010","","","","0.70","","S","Переменная облачность","2026-01-10 17:12"
"-3.30","","-6.60","75","757","1010","","","","0.70","","S","Переменная облачность","2026-01-10 17:13"
"-3.30","","-6.60","75","757","1010","","","","0.70","","S","Переменная облачность","2026-01-10 17:14"
"-3.30","","-6.60","75","757","1010","","","","0.70","","S","Переменная облачность","2026-01-10 17:15"
"-3.30","","-6.60","75","757","1010","","","","0.70","","S","Переменная облачность","2026-01-10 17:16"
"-3.30","","-6.60","75","757","1010","","","","0.70","","S","Переменная облачность","2026-01-10 17:17"
"-3.30","","-6.60","75","757","1010","","","","0.70","","S","Переменная облачность","2026-01-10 17:18"
"-3.30","","-6.60","75","757","1010","","","","0.70","","S","Переменная облачность","2026-01-10 17:19"
"-3.30","","-6.60","75","757","1010","","","","0.70","","S","Переменная облачность","2026-01-10 17:20"
"-3.30","","-6.60","75","757","1010","","","","0.70","","S","Переменная облачность","2026-01-10 17:21"
"-3.30","","-6.60","75","756","1009","","","","0.70","","S","Переменная облачность","2026-01-10 17:22"
"-3.30","","-6.60","75","756","1009","","","","0.70","","S","Переменная облачность","2026-01-10 17:23"
"-3.30","","-6.60","75","756","1009","","","","0.70","","S","Переменная облачность","2026-01-10 17:24"
"-3.30","","-6.60","75","756","1009","","","","0.70","","S","Переменная облачность","2026-01-10 17:25"
"-3.30","","-6.60","75","756","1009","","","","0.70","","S","Переменная облачность","2026-01-10 17:26"
"-3.30","","-6.60","75","756","1009","","","","0.70","","S","Переменная облачность","2026-01-10 17:27"
"-3.30","","-6.60","75","756","1009","","","","0.70","","S","Переменная облачность","2026-01-10 17:28"
"-3.30","","-6.60","75","756","1009","","","","0.70","","S","Переменная облачность","2026-01-10 17:29"
"-3.30","","-6.60","75","756","1009","","","","0.70","","S","Переменная облачность","2026-01-10 17:30"
"-3.30","","-6.60","75","756","1009","","","","0.70","","S","Переменная облачность","2026-01-10 17:31"
"-3.30","","-6.60","75","756","1009","","","","0.70","","S","Переменная облачность","2026-01-10 17:32"
"-3.30","","-6.60","75","756","1009","","","","0.70","","S","Переменная облачность","2026-01-10 17:33"
"-3.30","","-6.60","75","756","1009","","","","0.70","","S","Переменная облачность","2026-01-10 17:34"
"-3.30","","-6.60","75","756","1009","","","","0.70","","S","Переменная облачность","2026-01-10 17:35"
"-3.30","","-6.60","75","757","1010","","","","0.70","","S","Переменная облачность","2026-01-10 17:36"
"-3.30","","-6.60","75","757","1010","","","","0.70","","S","Переменная облачность","2026-01-10 17:37"
"-3.30","","-6.60","75","757","1010","","","","0.70","","S","Переменная облачность","2026-01-10 17:38"
"-3.30","","-6.60","75","757","1010","","","","0.70","","S","Переменная облачность","2026-01-10 17:39"
"-3.30","","-6.60","75","757","1010","","","","0.70","","S","Переменная облачность","2026-01-10 17:40"
"-3.30","","-6.60","75","757","1010","","","","0.70","","S","Переменная облачность","2026-01-10 17:41"
"-3.30","","-6.60","75","757","1010","","","","0.70","","S","Переменная облачность","2026-01-10 17:42"
"-3.30","","-6.60","75","757","1010","","","","0.70","","S","Переменная облачность","2026-01-10 17:43"
"-3.30","","-6.60","75","757","1010","","","","0.70","","S","Переменная облачность","2026-01-10 17:44"
"-3.30","","-6.60","75","757","1010","","","","0.70","","S","Переменная облачность","2026-01-10 17:45"
"-3.30","","-6.60","75","757","1010","","","","0.70","","S","Переменная облачность","2026-01-10 17:46"
"-3.30","","-6.60","75","757","1010","","","","0.70","","S","Переменная облачность","2026-01-10 17:47"
"-3.30","","-6.60","75","757","1010","","","","0.70","","S","Переменная облачность","2026-01-10 17:48"
"-3.30","","-6.60","75","757","1010","","","","0.70","","S","Переменная облачность","2026-01-10 17:49"
"-3.30","","-6.60","75","757","1010","","","","0.70","","S","Переменная облачность","2026-01-10 17:50"
"-3.30","","-6.60","75","757","1010","","","","0.70","","S","Переменная облачность","2026-01-10 17:51"
"-3.30","","-6.60","75","757","1010","","","","0.70","","S","Переменная облачность","2026-01-10 17:52"
"-3.30","","-6.60","75","757","1010","","","","0.70","","S","Переменная облачность","2026-01-10 17:53"
"-3.30","","-6.60","75","757","1010","","","","0.70","","S","Переменная облачность","2026-01-10 17:54"
"-3.30","","-6.60","75","757","1010","","","","0.70","","S","Переменная облачность","2026-01-10 17:55"
"-3.30","","-6.60","75","757","1010","","","","0.70","","S","Переменная облачность","2026-01-10 17:56"
"-3.30","","-6.60","75","757","1010","","","","0.70","","S","Переменная облачность","2026-01-10 17:57"
"-3.30","","-6.60","75","757","1010","","","","0.70","","S","Переменная облачность","2026-01-10 17:58"
"-3.30","","-6.60","75","757","1010","","","","0.70","","S","Переменная облачность","2026-01-10 17:59"
"-3.30","","-6.60","75","757","1010","","","","0.70","","S","Переменная облачность","2026-01-10 18:00"
"-3.30","","-6.60","75","757","1010","","","","0.70","","S","Переменная облачность","2026-01-10 18:01"
"-3.30","","-6.60","75","757","1010","","","","0.70","","S","Переменная облачность","2026-01-10 18:02"
"-3.30","","-6.60","75","757","1010","","","","0.70","","S","Переменная облачность","2026-01-10 18:03"
"-3.30","","-6.60","75","757","1010","","","","0.70","","S","Переменная облачность","2026-01-10 18:04"
"-3.30","","-6.60","75","757","1010","","","","0.70","","S","Переменная облачность","2026-01-10 18:05"
"-3.30","","-6.60","75","757","1010","","","","0.70","","S","Переменная облачность","2026-01-10 18:06"
"-3.30","","-6.60","75","757","1010","","","","0.70","","S","Переменная облачность","2026-01-10 18:07"
"-3.30","","-6.60","75","757","1010","","","","0.70","","S","Переменная облачность","2026-01-10 18:08"
"-3.30","","-6.60","75","757","1010","","","","0.70","","S","Переменная облачность","2026-01-10 18:09"
"-3.30","","-6.60","75","757","1010","","","","0.70","","S","Переменная облачность","2026-01-10 18:10"
"-3.30","","-6.60","75","757","1010","","","","0.70","","S","Переменная облачность","2026-01-10 18:11"
"-3.30","","-6.60","75","757","1010","","","","0.70","","S","Переменная облачность","2026-01-10 18:12"
"-3.30","","-6.60","75","757","1010","","","","0.70","","S","Переменная облачность","2026-01-10 18:13"
"-3.30","","-6.60","75","757","1010","","","","0.70","","S","Переменная облачность","2026-01-10 18:14"
"-3.30","","-6.60","75","757","1010","","","","0.70","","S","Переменная облачность","2026-01-10 18:15"
"-3.30","","-6.60","75","757","1010","","","","0.70","","S","Переменная облачность","2026-01-10 18:16"
"-3.30","","-6.60","75","757","1010","","","","0.70","","S","Переменная облачность","2026-01-10 18:17"
"-3.30","","-6.60","75","757","1010","","","","0.70","","S","Переменная облачность","2026-01-10 18:18"
"-3.30","","-6.60","75","757","1010","","","","0.70","","S","Переменная облачность","2026-01-10 18:19"
"-3.30","","-6.60","75","757","1010","","","","0.70","","S","Переменная облачность","2026-01-10 18:20"
"-3.30","","-6.60","75","757","1010","","","","0.70","","S","Переменная облачность","2026-01-10 18:21"
"-3.30","","-6.60","75","757","1010","","","","0.70","","S","Переменная облачность","2026-01-10 18:22"
"-3.30","","-6.60","75","757","1010","","","","0.70","","S","Переменная облачность","2026-01-10 18:23"
"-3.30","","-6.60","75","757","1010","","","","0.70","","S","Переменная облачность","2026-01-10 18:24"
"-3.30","","-6.60","75","757","1010","","","","0.70","","S","Переменная облачность","2026-01-10 18:25"
"-3.30","","-6.60","75","757","1010","","","","0.70","","S","Переменная облачность","2026-01-10 18:26"
"-3.30","","-6.60","75","757","1010","","","","0.70","","S","Переменная облачность","2026-01-10 18:27"
"-3.30","","-6.60","75","757","1010","","","","0.70","","S","Переменная облачность","2026-01-10 18:28"
"-3.30","","-6.60","75","757","1010","","","","0.70","","S","Переменная облачность","2026-01-10 18:29"
"-3.30","","-6.60","75","757","1010","","","","0.70","","S","Переменная облачность","2026-01-10 18:30"
"-3.30","","-6.60","75","757","1010","","","","0.70","","S","Переменная облачность","2026-01-10 18:31"
"-3.30","","-6.60","75","757","1010","","","","0.70","","S","Переменная облачность","2026-01-10 18:32"
"-3.30","","-6.60","75","757","1010","","","","0.70","","S","Переменная облачность","2026-01-10 18:33"
"-3.30","","-6.60","75","757","1010","","","","0.70","","S","Переменная облачность","2026-01-10 18:34"
"-3.30","","-6.60","75","757","1010","","","","0.70","","S","Переменная облачность","2026-01-10 18:35"
"-3.30","","-6.60","75","756","1009","","","","0.70","","S","Переменная облачность","2026-01-10 18:36"
"-3.30","","-6.60","75","756","1009","","","","0.70","","S","Переменная облачность","2026-01-10 18:37"
"-3.30","","-6.60","75","756","1009","","","","0.70","","S","Переменная облачность","2026-01-10 18:38"
"-3.30","","-6.60","75","756","1009","","","","0.70","","S","Переменная облачность","2026-01-10 18:39"
"-3.30","","-6.60","75","756","1009","","","","0.70","","S","Переменная облачность","2026-01-10 18:40"
"-3.30","","-6.60","75","756","1009","","","","0.70","","S","Переменная облачность","2026-01-10 18:41"
"-3.30","","-6.60","75","756","1009","","","","0.70","","S","Переменная облачность","2026-01-10 18:42"
"-3.30","","-6.60","75","756","1009","","","","0.70","","S","Переменная облачность","2026-01-10 18:43"
"-3.30","","-6.60","75","756","1009","","","","0.70","","S","Переменная облачность","2026-01-10 18:44"
"-3.30","","-6.60","75","756","1009","","","","0.70","","S","Переменная облачность","2026-01-10 18:45"
"-3.30","","-6.60","75","756","1009","","","","0.70","","S","Переменная облачность","2026-01-10 18:46"
"-3.30","","-6.60","75","756","1009","","","","0.70","","S","Переменная облачность","2026-01-10 18:47"
"-3.30","","-6.60","75","756","1009","","","","0.70","","S","Переменная облачность","2026-01-10 18:48"
"-3.30","","-6.60","75","756","1009","","","","0.70","","S","Переменная облачность","2026-01-10 18:49"
"-3.30","","-6.60","75","756","1009","","","","0.70","","S","Переменная облачность","2026-01-10 18:50"
"-3.30","","-6.60","75","757","1010","","","","0.70","","S","Переменная облачность","2026-01-10 18:51"
"-3.30","","-6.60","75","757","1010","","","","0.70","","S","Переменная облачность","2026-01-10 18:52"
"-3.30","","-6.60","75","757","1010","","","","0.70","","S","Переменная облачность","2026-01-10 18:53"
"-3.30","","-6.60","75","757","1010","","","","0.70","","S","Переменная облачность","2026-01-10 18:54"
"-3.30","","-6.60","75","757","1010","","","","0.70","","S","Переменная облачность","2026-01-10 18:55"
"-3.30","","-6.60","75","757","1010","","","","0.70","","S","Переменная облачность","2026-01-10 18:56"
"-3.30","","-6.60","75","757","1010","","","","0.70","","S","Переменная облачность","2026-01-10 18:57"
"-3.30","","-6.60","75","757","1010","","","","0.70","","S","Переменная облачность","2026-01-10 18:58"
"-3.30","","-6.60","75","757","1010","","","","0.70","","S","Переменная облачность","2026-01-10 18:59"
"-3.30","","-6.60","75","757","1010","","","","0.70","","S","Переменная облачность","2026-01-10 19:00"
"-3.30","","-6.60","75","757","1010","","","","0.70","","S","Переменная облачность","2026-01-10 19:01"
"-3.30","","-6.60","75","757","1010","","","","0.70","","S","Переменная облачность","2026-01-10 19:02"
"-3.30","","-6.60","75","757","1010","","","","0.70","","S","Переменная облачность","2026-01-10 19:03"
"-3.30","","-6.60","75","757","1010","","","","0.70","","S","Переменная облачность","2026-01-10 19:04"
"-3.30","","-6.60","75","757","1010","","","","0.70","","S","Переменная облачность","2026-01-10 19:05"
"-3.30","","-6.60","75","757","1010","","","","0.70","","S","Несущественная облачность","2026-01-10 19:06"
"-3.30","","-6.60","75","757","1010","","","","0.70","","S","Несущественная облачность","2026-01-10 19:07"
"-3.30","","-6.60","75","757","1010","","","","0.70","","S","Несущественная облачность","2026-01-10 19:08"
"-3.30","","-6.60","75","757","1010","","","","0.70","","S","Несущественная облачность","2026-01-10 19:09"
"-3.30","","-6.60","75","757","1010","","","","0.70","","S","Несущественная облачность","2026-01-10 19:10"
"-3.30","","-6.60","75","757","1010","","","","0.70","","S","Несущественная облачность","2026-01-10 19:11"
"-3.30","","-6.60","75","757","1010","","","","0.70","","S","Несущественная облачность","2026-01-10 19:12"
"-3.30","","-6.60","75","757","1010","","","","0.70","","S","Несущественная облачность","2026-01-10 19:13"
"-3.30","","-6.60","75","757","1010","","","","0.70","","S","Несущественная облачность","2026-01-10 19:14"
"-3.30","","-6.60","75","757","1010","","","","0.70","","S","Несущественная облачность","2026-01-10 19:15"
"-3.30","","-6.60","75","757","1010","","","","0.70","","S","Несущественная облачность","2026-01-10 19:16"
"-3.30","","-6.60","75","757","1010","","","","0.70","","S","Несущественная облачность","2026-01-10 19:17"
"-3.30","","-6.60","75","757","1010","","","","0.70","","S","Несущественная облачность","2026-01-10 19:18"
"-3.30","","-6.60","75","757","1010","","","","0.70","","S","Несущественная облачность","2026-01-10 19:19"
"-3.30","","-6.60","75","757","1010","","","","0.70","","S","Несущественная облачность","2026-01-10 19:20"
"-3.30","","-6.60","75","757","1010","","","","0.70","","S","Несущественная облачность","2026-01-10 19:21"
"-3.30","","-6.60","75","757","1010","","","","0.70","","S","Несущественная облачность","2026-01-10 19:22"
"-3.30","","-6.60","75","757","1010","","","","0.70","","S","Несущественная облачность","2026-01-10 19:23"
"-3.30","","-6.60","75","757","1010","","","","0.70","","S","Несущественная облачность","2026-01-10 19:24"
"-3.30","","-6.60","75","757","1010","","","","0.70","","S","Несущественная облачность","2026-01-10 19:25"
"-3.30","","-6.60","75","757","1010","","","","0.70","","S","Несущественная облачность","2026-01-10 19:26"
"-3.30","","-6.60","75","757","1010","","","","0.70","","S","Несущественная облачность","2026-01-10 19:27"
"-3.30","","-6.60","75","757","1010","","","","0.70","","S","Несущественная облачность","2026-01-10 19:28"
"-3.30","","-6.60","75","757","1010","","","","0.70","","S","Несущественная облачность","2026-01-10 19:29"
"-3.30","","-6.60","75","757","1010","","","","0.70","","S","Несущественная облачность","2026-01-10 19:30"
"-3.30","","-6.60","75","757","1010","","","","0.70","","S","Несущественная облачность","2026-01-10 19:31"
"-3.30","","-6.60","75","757","1010","","","","0.70","","S","Несущественная облачность","2026-01-10 19:32"
"-3.30","","-6.60","75","757","1010","","","","0.70","","S","Несущественная облачность","2026-01-10 19:33"
"-3.30","","-6.60","75","757","1010","","","","0.70","","S","Несущественная облачность","2026-01-10 19:34"
"-3.30","","-6.60","75","757","1010","","","","0.70","","S","Несущественная облачность","2026-01-10 19:35"
"-3.30","","-6.60","75","757","1010","","","","0.70","","S","Несущественная облачность","2026-01-10 19:36"
"-3.30","","-6.60","75","757","1010","","","","0.70","","S","Несущественная облачность","2026-01-10 19:37"
"-3.30","","-6.60","75","757","1010","","","","0.70","","S","Несущественная облачность","2026-01-10 19:38"
"-3.30","","-6.60","75","757","1010","","","","0.70","","S","Несущественная облачность","2026-01-10 19:39"
"-3.30","","-6.60","75","757","1010","","","","0.70","","S","Несущественная облачность","2026-01-10 19:40"
"-3.30","","-6.60","75","757","1010","","","","0.70","","S","Несущественная облачность","2026-01-10 19:41"
"-3.30","","-6.60","75","757","1010","","","","0.70","","S","Несущественная облачность","2026-01-10 19:42"
"-3.30","","-6.60","75","757","1010","","","","0.70","","S","Несущественная облачность","2026-01-10 19:43"
"-3.30","","-6.60","75","757","1010","","","","0.70","","S","Несущественная облачность","2026-01-10 19:44"
"-3.30","","-6.60","75","757","1010","","","","0.70","","S","Несущественная облачность","2026-01-10 19:45"
"-3.30","","-6.60","75","757","1010","","","","0.70","","S","Несущественная облачность","2026-01-10 19:46"
"-3.30","","-6.60","75","757","1010","","","","0.70","","S","Несущественная облачность","2026-01-10 19:47"
"-3.30","","-6.60","75","757","1010","","","","0.70","","S","Несущественная облачность","2026-01-10 19:48"
"-3.30","","-6.60","75","757","1010","","","","0.70","","S","Несущественная облачность","2026-01-10 19:49"
"-3.30","","-6.60","75","757","1010","","","","0.70","","S","Несущественная облачность","2026-01-10 19:50"
"-3.30","","-6.60","75","757","1010","","","","0.70","","S","Несущественная облачность","2026-01-10 19:51"
"-3.30","","-6.60","75","757","1010","","","","0.70","","S","Несущественная облачность","2026-01-10 19:52"
"-3.30","","-6.60","75","757","1010","","","","0.70","","S","Несущественная облачность","2026-01-10 19:53"
"-3.30","","-6.60","75","757","1010","","","","0.70","","S","Несущественная облачность","2026-01-10 19:54"
"-3.30","","-6.60","75","757","1010","","","","0.70","","S","Несущественная облачность","2026-01-10 19:55"
"-3.30","","-6.60","75","757","1010","","","","0.70","","S","Несущественная облачность","2026-01-10 19:56"
"-3.30","","-6.60","75","757","1010","","","","0.70","","S","Несущественная облачность","2026-01-10 19:57"
"-3.30","","-6.60","75","757","1010","","","","0.70","","S","Несущественная облачность","2026-01-10 19:58"
"-3.30","","-6.60","75","757","1010","","","","0.70","","S","Несущественная облачность","2026-01-10 19:59"
"-3.30","","-6.60","75","757","1010","","","","0.70","","S","Несущественная облачность","2026-01-10 20:00"
"-3.30","","-6.60","75","757","1010","","","","0.70","","S","Несущественная облачность","2026-01-10 20:01"
"-3.30","","-6.60","75","757","1010","","","","0.70","","S","Несущественная облачность","2026-01-10 20:02"
"-3.30","","-6.60","75","757","1010","","","","0.70","","S","Несущественная облачность","2026-01-10 20:03"
"-3.30","","-6.60","75","757","1010","","","","0.70","","S","Несущественная облачность","2026-01-10 20:04"
"-3.30","","-6.60","75","757","1010","","","","0.70","","S","Несущественная облачность","2026-01-10 20:05"
"-3.30","","-6.60","75","758","1011","","","","0.70","","S","Несущественная облачность","2026-01-10 20:06"
"-3.30","","-6.60","75","758","1011","","","","0.70","","S","Несущественная облачность","2026-01-10 20:07"
"-3.30","","-6.60","75","758","1011","","","","0.70","","S","Несущественная облачность","2026-01-10 20:08"
"-3.30","","-6.60","75","758","1011","","","","0.70","","S","Несущественная облачность","2026-01-10 20:09"
"-3.30","","-6.60","75","758","1011","","","","0.70","","S","Несущественная облачность","2026-01-10 20:10"
"-3.30","","-6.60","75","758","1011","","","","0.70","","S","Несущественная облачность","2026-01-10 20:11"
"-3.30","","-6.60","75","758","1011","","","","0.70","","S","Несущественная облачность","2026-01-10 20:12"
"-3.30","","-6.60","75","758","1011","","","","0.70","","S","Несущественная облачность","2026-01-10 20:13"
"-3.30","","-6.60","75","758","1011","","","","0.70","","S","Несущественная облачность","2026-01-10 20:14"
"-3.30","","-6.60","75","758","1011","","","","0.70","","S","Несущественная облачность","2026-01-10 20:15"
"-3.30","","-6.60","75","758","1011","","","","0.70","","S","Несущественная облачность","2026-01-10 20:16"
"-3.30","","-6.60","75","758","1011","","","","0.70","","S","Несущественная облачность","2026-01-10 20:17"
"-3.30","","-6.60","75","758","1011","","","","0.70","","S","Несущественная облачность","2026-01-10 20:18"
"-3.30","","-6.60","75","758","1011","","","","0.70","","S","Несущественная облачность","2026-01-10 20:19"
"-3.30","","-6.60","75","758","1011","","","","0.70","","S","Несущественная облачность","2026-01-10 20:20"
"-3.30","","-6.60","75","758","1011","","","","0.70","","S","Несущественная облачность","2026-01-10 20:21"
"-3.30","","-6.60","75","758","1011","","","","0.70","","S","Несущественная облачность","2026-01-10 20:22"
"-3.30","","-6.60","75","758","1011","","","","0.70","","S","Несущественная облачность","2026-01-10 20:23"
"-3.30","","-6.60","75","758","1011","","","","0.70","","S","Несущественная облачность","2026-01-10 20:24"
"-3.30","","-6.60","75","758","1011","","","","0.70","","S","Несущественная облачность","2026-01-10 20:25"
"-3.30","","-6.60","75","758","1011","","","","0.70","","S","Несущественная облачность","2026-01-10 20:26"
"-3.30","","-6.60","75","758","1011","","","","0.70","","S","Несущественная облачность","2026-01-10 20:27"
"-3.30","","-6.60","75","758","1011","","","","0.70","","S","Несущественная облачность","2026-01-10 20:28"
"-3.30","","-6.60","75","758","1011","","","","0.70","","S","Несущественная облачность","2026-01-10 20:29"
"-3.30","","-6.60","75","758","1011","","","","0.70","","S","Несущественная облачность","2026-01-10 20:30"
"-3.30","","-6.60","75","758","1011","","","","0.70","","S","Несущественная облачность","2026-01-10 20:31"
"-3.30","","-6.60","75","758","1011","","","","0.70","","S","Несущественная облачность","2026-01-10 20:32"
"-3.30","","-6.60","75","758","1011","","","","0.70","","S","Несущественная облачность","2026-01-10 20:33"
"-3.30","","-6.60","75","758","1011","","","","0.70","","S","Несущественная облачность","2026-01-10 20:34"
"-3.30","","-6.60","75","758","1011","","","","0.70","","S","Несущественная облачность","2026-01-10 20:35"
"-3.30","","-6.60","75","758","1011","","","","0.70","","S","Несущественная облачность","2026-01-10 20:36"
"-3.30","","-6.60","75","758","1011","","","","0.70","","S","Несущественная облачность","2026-01-10 20:37"
"-3.30","","-6.60","75","758","1011","","","","0.70","","S","Несущественная облачность","2026-01-10 20:38"
"-3.30","","-6.60","75","758","1011","","","","0.70","","S","Несущественная облачность","2026-01-10 20:39"
"-3.30","","-6.60","75","758","1011","","","","0.70","","S","Несущественная облачность","2026-01-10 20:40"
"-3.30","","-6.60","75","758","1011","","","","0.70","","S","Несущественная облачность","2026-01-10 20:41"
"-3.30","","-6.60","75","758","1011","","","","0.70","","S","Несущественная облачность","2026-01-10 20:42"
"-3.30","","-6.60","75","758","1011","","","","0.70","","S","Несущественная облачность","2026-01-10 20:43"
"-3.30","","-6.60","75","758","1011","","","","0.70","","S","Несущественная облачность","2026-01-10 20:44"
"-3.30","","-6.60","75","758","1011","","","","0.70","","S","Несущественная облачность","2026-01-10 20:45"
"-3.30","","-6.60","75","758","1011","","","","0.70","","S","Несущественная облачность","2026-01-10 20:46"
"-3.30","","-6.60","75","758","1011","","","","0.70","","S","Несущественная облачность","2026-01-10 20:47"
"-3.30","","-6.60","75","758","1011","","","","0.70","","S","Несущественная облачность","2026-01-10 20:48"
"-3.30","","-6.60","75","758","1011","","","","0.70","","S","Несущественная облачность","2026-01-10 20:49"
"-3.30","","-6.60","75","758","1011","","","","0.70","","S","Несущественная облачность","2026-01-10 20:50"
"-3.30","","-6.60","75","758","1011","","","","0.70","","S","Несущественная облачность","2026-01-10 20:51"
"-3.30","","-6.60","75","758","1011","","","","0.70","","S","Несущественная облачность","2026-01-10 20:52"
"-3.30","","-6.60","75","758","1011","","","","0.70","","S","Несущественная облачность","2026-01-10 20:53"
"-3.30","","-6.60","75","758","1011","","","","0.70","","S","Несущественная облачность","2026-01-10 20:54"
"-3.30","","-6.60","75","758","1011","","","","0.70","","S","Несущественная облачность","2026-01-10 20:55"
"-3.30","","-6.60","75","758","1011","","","","0.70","","S","Несущественная облачность","2026-01-10 20:56"
"-3.30","","-6.60","75","758","1011","","","","0.70","","S","Несущественная облачность","2026-01-10 20:57"
"-3.30","","-6.60","75","758","1011","","","","0.70","","S","Несущественная облачность","2026-01-10 20:58"
"-3.30","","-6.60","75","758","1011","","","","0.70","","S","Несущественная облачность","2026-01-10 20:59"
"-3.30","","-6.60","75","758","1011","","","","0.70","","S","Несущественная облачность","2026-01-10 21:00"
"-3.30","","-6.60","75","758","1011","","","","0.70","","S","Несущественная облачность","2026-01-10 21:01"
"-3.30","","-6.60","75","758","1011","","","","0.70","","S","Несущественная облачность","2026-01-10 21:02"
"-3.30","","-6.60","75","758","1011","","","","0.70","","S","Несущественная облачность","2026-01-10 21:03"
"-3.30","","-6.60","75","758","1011","","","","0.70","","S","Несущественная облачность","2026-01-10 21:04"
"-3.30","","-6.60","75","758","1011","","","","0.70","","S","Несущественная облачность","2026-01-10 21:05"
"-3.30","","-6.60","75","758","1011","","","","0.70","","S","Небольшая облачность","2026-01-10 21:06"
"-3.30","","-6.60","75","758","1011","","","","0.70","","S","Небольшая облачность","2026-01-10 21:07"
"-3.30","","-6.60","75","758","1011","","","","0.70","","S","Небольшая облачность","2026-01-10 21:08"
"-3.30","","-6.60","75","758","1011","","","","0.70","","S","Небольшая облачность","2026-01-10 21:09"
"-3.30","","-6.60","75","758","1011","","","","0.70","","S","Небольшая облачность","2026-01-10 21:10"
"-3.30","","-6.60","75","758","1011","","","","0.70","","S","Небольшая облачность","2026-01-10 21:11"
"-3.30","","-6.60","75","758","1011","","","","0.70","","S","Небольшая облачность","2026-01-10 21:12"
"-3.30","","-6.60","75","758","1011","","","","0.70","","S","Небольшая облачность","2026-01-10 21:13"
"-3.30","","-6.60","75","758","1011","","","","0.70","","S","Небольшая облачность","2026-01-10 21:14"
"-3.30","","-6.60","75","758","1011","","","","0.70","","S","Небольшая облачность","2026-01-10 21:15"
"-3.30","","-6.60","75","758","1011","","","","0.70","","S","Небольшая облачность","2026-01-10 21:16"
"-3.30","","-6.60","75","758","1011","","","","0.70","","S","Небольшая облачность","2026-01-10 21:17"
"-3.30","","-6.60","75","758","1011","","","","0.70","","S","Небольшая облачность","2026-01-10 21:18"
"-3.30","","-6.60","75","758","1011","","","","0.70","","S","Небольшая облачность","2026-01-10 21:19"
"-3.30","","-6.60","75","758","1011","","","","0.70","","S","Небольшая облачность","2026-01-10 21:20"
"-3.30","","-6.60","75","758","1011","","","","0.70","","S","Небольшая облачность","2026-01-10 21:21"
"-3.30","","-6.60","75","758","1011","","","","0.70","","S","Небольшая облачность","2026-01-10 21:22"
"-3.30","","-6.60","75","758","1011","","","","0.70","","S","Небольшая облачность","2026-01-10 21:23"
"-3.30","","-6.60","75","758","1011","","","","0.70","","S","Небольшая облачность","2026-01-10 21:24"
"-3.30","","-6.60","75","758","1011","","","","0.70","","S","Небольшая облачность","2026-01-10 21:25"
"-3.30","","-6.60","75","758","1011","","","","0.70","","S","Небольшая облачность","2026-01-10 21:26"
"-3.30","","-6.60","75","758","1011","","","","0.70","","S","Небольшая облачность","2026-01-10 21:27"
"-3.30","","-6.60","75","758","1011","","","","0.70","","S","Небольшая облачность","2026-01-10 21:28"
"-3.30","","-6.60","75","758","1011","","","","0.70","","S","Небольшая облачность","2026-01-10 21:29"
"-3.30","","-6.60","75","758","1011","","","","0.70","","S","Небольшая облачность","2026-01-10 21:30"
"-3.30","","-6.60","75","758","1011","","","","0.70","","S","Небольшая облачность","2026-01-10 21:31"
"-3.30","","-6.60","75","758","1011","","","","0.70","","S","Небольшая облачность","2026-01-10 21:32"
"-3.30","","-6.60","75","758","1011","","","","0.70","","S","Небольшая облачность","2026-01-10 21:33"
"-3.30","","-6.60","75","758","1011","","","","0.70","","S","Небольшая облачность","2026-01-10 21:34"
"-3.30","","-6.60","75","758","1011","","","","0.70","","S","Небольшая облачность","2026-01-10 21:35"
"-3.30","","-6.60","75","759","1012","","","","0.70","","S","Несущественная облачность","2026-01-10 21:36"
"-3.30","","-6.60","75","759","1012","","","","0.70","","S","Несущественная облачность","2026-01-10 21:37"
"-3.30","","-6.60","75","759","1012","","","","0.70","","S","Несущественная облачность","2026-01-10 21:38"
"-3.30","","-6.60","75","759","1012","","","","0.70","","S","Несущественная облачность","2026-01-10 21:39"
"-3.30","","-6.60","75","759","1012","","","","0.70","","S","Несущественная облачность","2026-01-10 21:40"
"-3.30","","-6.60","75","759","1012","","","","0.70","","S","Несущественная облачность","2026-01-10 21:41"
"-3.30","","-6.60","75","759","1012","","","","0.70","","S","Несущественная облачность","2026-01-10 21:42"
"-3.30","","-6.60","75","759","1012","","","","0.70","","S","Несущественная облачность","2026-01-10 21:43"
"-3.30","","-6.60","75","759","1012","","","","0.70","","S","Несущественная облачность","2026-01-10 21:44"
"-3.30","","-6.60","75","759","1012","","","","0.70","","S","Несущественная облачность","2026-01-10 21:45"
"-3.30","","-6.60","75","759","1012","","","","0.70","","S","Несущественная облачность","2026-01-10 21:46"
"-3.30","","-6.60","75","759","1012","","","","0.70","","S","Несущественная облачность","2026-01-10 21:47"
"-3.30","","-6.60","75","759","1012","","","","0.70","","S","Несущественная облачность","2026-01-10 21:48"
"-3.30","","-6.60","75","759","1012","","","","0.70","","S","Несущественная облачность","2026-01-10 21:49"
"-3.30","","-6.60","75","759","1012","","","","0.70","","S","Несущественная облачность","2026-01-10 21:50"
"-3.30","","-6.60","75","758","1011","","","","0.70","","S","Несущественная облачность","2026-01-10 21:51"
"-3.30","","-6.60","75","758","1011","","","","0.70","","S","Несущественная облачность","2026-01-10 21:52"
"-3.30","","-6.60","75","758","1011","","","","0.70","","S","Несущественная облачность","2026-01-10 21:53"
"-3.30","","-6.60","75","758","1011","","","","0.70","","S","Несущественная облачность","2026-01-10 21:54"
"-3.30","","-6.60","75","758","1011","","","","0.70","","S","Несущественная облачность","2026-01-10 21:55"
"-3.30","","-6.60","75","758","1011","","","","0.70","","S","Несущественная облачность","2026-01-10 21:56"
"-3.30","","-6.60","75","758","1011","","","","0.70","","S","Несущественная облачность","2026-01-10 21:57"
"-3.30","","-6.60","75","758","1011","","","","0.70","","S","Несущественная облачность","2026-01-10 21:58"
"-3.30","","-6.60","75","758","1011","","","","0.70","","S","Несущественная облачность","2026-01-10 21:59"
"-3.30","","-6.60","75","758","1011","","","","0.70","","S","Несущественная облачность","2026-01-10 22:00"
"-3.30","","-6.60","75","758","1011","","","","0.70","","S","Несущественная облачность","2026-01-10 22:01"
"-3.30","","-6.60","75","758","1011","","","","0.70","","S","Несущественная облачность","2026-01-10 22:02"
"-3.30","","-6.60","75","758","1011","","","","0.70","","S","Несущественная облачность","2026-01-10 22:03"
"-3.30","","-6.60","75","758","1011","","","","0.70","","S","Несущественная облачность","2026-01-10 22:04"
"-3.30","","-6.60","75","758","1011","","","","0.70","","S","Несущественная облачность","2026-01-10 22:05"
"-3.30","","-6.60","75","759","1012","","","","0.70","","S","Ясно","2026-01-10 22:06"
"-3.30","","-6.60","75","759","1012","","","","0.70","","S","Ясно","2026-01-10 22:07"
"-3.30","","-6.60","75","759","1012","","","","0.70","","S","Ясно","2026-01-10 22:08"
"-3.30","","-6.60","75","759","1012","","","","0.70","","S","Ясно","2026-01-10 22:09"
"-3.30","","-6.60","75","759","1012","","","","0.70","","S","Ясно","2026-01-10 22:10"
"-3.30","","-6.60","75","759","1012","","","","0.70","","S","Ясно","2026-01-10 22:11"
"-3.30","","-6.60","75","759","1012","","","","0.70","","S","Ясно","2026-01-10 22:12"
"-3.30","","-6.60","75","759","1012","","","","0.70","","S","Ясно","2026-01-10 22:13"
"-3.30","","-6.60","75","759","1012","","","","0.70","","S","Ясно","2026-01-10 22:14"
"-3.30","","-6.60","75","759","1012","","","","0.70","","S","Ясно","2026-01-10 22:15"
"-3.30","","-6.60","75","759","1012","","","","0.70","","S","Ясно","2026-01-10 22:16"
"-3.30","","-6.60","75","759","1012","","","","0.70","","S","Ясно","2026-01-10 22:17"
"-3.30","","-6.60","75","759","1012","","","","0.70","","S","Ясно","2026-01-10 22:18"
"-3.30","","-6.60","75","759","1012","","","","0.70","","S","Ясно","2026-01-10 22:19"
"-3.30","","-6.60","75","759","1012","","","","0.70","","S","Ясно","2026-01-10 22:20"
"-3.30","","-6.60","75","759","1012","","","","0.70","","S","Ясно","2026-01-10 22:21"
"-3.30","","-6.60","75","759","1012","","","","0.70","","S","Ясно","2026-01-10 22:22"
"-3.30","","-6.60","75","759","1012","","","","0.70","","S","Ясно","2026-01-10 22:23"
"-3.30","","-6.60","75","759","1012","","","","0.70","","S","Ясно","2026-01-10 22:24"
"-3.30","","-6.60","75","759","1012","","","","0.70","","S","Ясно","2026-01-10 22:25"
"-3.30","","-6.60","75","759","1012","","","","0.70","","S","Ясно","2026-01-10 22:26"
"-3.30","","-6.60","75","759","1012","","","","0.70","","S","Ясно","2026-01-10 22:27"
"-3.30","","-6.60","75","759","1012","","","","0.70","","S","Ясно","2026-01-10 22:28"
"-3.30","","-6.60","75","759","1012","","","","0.70","","S","Ясно","2026-01-10 22:29"
"-3.30","","-6.60","75","759","1012","","","","0.70","","S","Ясно","2026-01-10 22:30"
"-3.30","","-6.60","75","759","1012","","","","0.70","","S","Ясно","2026-01-10 22:31"
"-3.30","","-6.60","75","759","1012","","","","0.70","","S","Ясно","2026-01-10 22:32"
"-3.30","","-6.60","75","759","1012","","","","0.70","","S","Ясно","2026-01-10 22:33"
"-3.30","","-6.60","75","759","1012","","","","0.70","","S","Ясно","2026-01-10 22:34"
"-3.30","","-6.60","75","759","1012","","","","0.70","","S","Ясно","2026-01-10 22:35"
"-3.30","","-6.60","75","758","1011","","","","0.70","","S","Ясно","2026-01-10 22:36"
"-3.30","","-6.60","75","758","1011","","","","0.70","","S","Ясно","2026-01-10 22:37"
"-3.30","","-6.60","75","758","1011","","","","0.70","","S","Ясно","2026-01-10 22:38"
"-3.30","","-6.60","75","758","1011","","","","0.70","","S","Ясно","2026-01-10 22:39"
"-3.30","","-6.60","75","758","1011","","","","0.70","","S","Ясно","2026-01-10 22:40"
"-3.30","","-6.60","75","758","1011","","","","0.70","","S","Ясно","2026-01-10 22:41"
"-3.30","","-6.60","75","758","1011","","","","0.70","","S","Ясно","2026-01-10 22:42"
"-3.30","","-6.60","75","758","1011","","","","0.70","","S","Ясно","2026-01-10 22:43"
"-3.30","","-6.60","75","758","1011","","","","0.70","","S","Ясно","2026-01-10 22:44"
"-3.30","","-6.60","75","758","1011","","","","0.70","","S","Ясно","2026-01-10 22:45"
"-3.30","","-6.60","75","758","1011","","","","0.70","","S","Ясно","2026-01-10 22:46"
"-3.30","","-6.60","75","758","1011","","","","0.70","","S","Ясно","2026-01-10 22:47"
"-3.30","","-6.60","75","758","1011","","","","0.70","","S","Ясно","2026-01-10 22:48"
"-3.30","","-6.60","75","758","1011","","","","0.70","","S","Ясно","2026-01-10 22:49"
"-3.30","","-6.60","75","758","1011","","","","0.70","","S","Ясно","2026-01-10 22:50"
"-3.30","","-6.60","75","758","1011","","","","0.70","","S","Ясно","2026-01-10 22:51"
"-3.30","","-6.60","75","758","1011","","","","0.70","","S","Ясно","2026-01-10 22:52"
"-3.30","","-6.60","75","758","1011","","","","0.70","","S","Ясно","2026-01-10 22:53"
"-3.30","","-6.60","75","758","1011","","","","0.70","","S","Ясно","2026-01-10 22:54"
"-3.30","","-6.60","75","758","1011","","","","0.70","","S","Ясно","2026-01-10 22:55"
"-3.30","","-6.60","75","758","1011","","","","0.70","","S","Ясно","2026-01-10 22:56"
"-3.30","","-6.60","75","758","1011","","","","0.70","","S","Ясно","2026-01-10 22:57"
"-3.30","","-6.60","75","758","1011","","","","0.70","","S","Ясно","2026-01-10 22:58"
"-3.30","","-6.60","75","758","1011","","","","0.70","","S","Ясно","2026-01-10 22:59"
"-3.30","","-6.60","75","758","1011","","","","0.70","","S","Ясно","2026-01-10 23:00"
"-3.30","","-6.60","75","758","1011","","","","0.70","","S","Ясно","2026-01-10 23:01"
"-3.30","","-6.60","75","758","1011","","","","0.70","","S","Ясно","2026-01-10 23:02"
"-3.30","","-6.60","75","758","1011","","","","0.70","","S","Ясно","2026-01-10 23:03"
"-3.30","","-6.60","75","758","1011","","","","0.70","","S","Ясно","2026-01-10 23:04"
"-3.30","","-6.60","75","758","1011","","","","0.70","","S","Ясно","2026-01-10 23:05"
"-3.30","","-6.60","75","758","1011","","","","0.70","","S","Несущественная облачность","2026-01-10 23:06"
"-3.30","","-6.60","75","759","1012","","","","0.70","","S","Несущественная облачность","2026-01-10 23:07"
"-3.30","","-6.60","75","759","1012","","","","0.70","","S","Несущественная облачность","2026-01-10 23:08"
"-3.30","","-6.60","75","759","1012","","","","0.70","","S","Несущественная облачность","2026-01-10 23:09"
"-3.30","","-6.60","75","759","1012","","","","0.70","","S","Несущественная облачность","2026-01-10 23:10"
"-3.30","","-6.60","75","759","1012","","","","0.70","","S","Несущественная облачность","2026-01-10 23:11"
"-3.30","","-6.60","75","759","1012","","","","0.70","","S","Несущественная облачность","2026-01-10 23:12"
"-3.30","","-6.60","75","759","1012","","","","0.70","","S","Несущественная облачность","2026-01-10 23:13"
"-3.30","","-6.60","75","759","1012","","","","0.70","","S","Несущественная облачность","2026-01-10 23:14"
"-3.30","","-6.60","75","759","1012","","","","0.70","","S","Несущественная облачность","2026-01-10 23:15"
"-3.30","","-6.60","75","759","1012","","","","0.70","","S","Несущественная облачность","2026-01-10 23:16"
"-3.30","","-6.60","75","759","1012","","","","0.70","","S","Несущественная облачность","2026-01-10 23:17"
"-3.30","","-6.60","75","759","1012","","","","0.70","","S","Несущественная облачность","2026-01-10 23:18"
"-3.30","","-6.60","75","759","1012","","","","0.70","","S","Несущественная облачность","2026-01-10 23:19"
"-3.30","","-6.60","75","759","1012","","","","0.70","","S","Несущественная облачность","2026-01-10 23:20"
"-3.30","","-6.60","75","759","1012","","","","0.70","","S","Несущественная облачность","2026-01-10 23:21"
"-3.30","","-6.60","75","758","1011","","","","0.70","","S","Несущественная облачность","2026-01-10 23:22"
"-3.30","","-6.60","75","758","1011","","","","0.70","","S","Несущественная облачность","2026-01-10 23:23"
"-3.30","","-6.60","75","758","1011","","","","0.70","","S","Несущественная облачность","2026-01-10 23:24"
"-3.30","","-6.60","75","758","1011","","","","0.70","","S","Несущественная облачность","2026-01-10 23:25"
"-3.30","","-6.60","75","758","1011","","","","0.70","","S","Несущественная облачность","2026-01-10 23:26"
"-3.30","","-6.60","75","758","1011","","","","0.70","","S","Несущественная облачность","2026-01-10 23:27"
"-3.30","","-6.60","75","758","1011","","","","0.70","","S","Несущественная облачность","2026-01-10 23:28"
"-3.30","","-6.60","75","758","1011","","","","0.70","","S","Несущественная облачность","2026-01-10 23:29"
"-3.30","","-6.60","75","758","1011","","","","0.70","","S","Несущественная облачность","2026-01-10 23:30"
"-3.30","","-6.60","75","758","1011","","","","0.70","","S","Несущественная облачность","2026-01-10 23:31"
"-3.30","","-6.60","75","758","1011","","","","0.70","","S","Несущественная облачность","2026-01-10 23:32"
"-3.30","","-6.60","75","758","1011","","","","0.70","","S","Несущественная облачность","2026-01-10 23:33"
"-3.30","","-6.60","75","758","1011","","","","0.70","","S","Несущественная облачность","2026-01-10 23:34"
"-3.30","","-6.60","75","758","1011","","","","0.70","","S","Несущественная облачность","2026-01-10 23:35"
"-3.30","","-6.60","75","758","1011","","","","0.70","","S","Небольшая облачность","2026-01-10 23:36"
"-3.30","","-6.60","75","758","1011","","","","0.70","","S","Небольшая облачность","2026-01-10 23:37"
"-3.30","","-6.60","75","758","1011","","","","0.70","","S","Небольшая облачность","2026-01-10 23:38"
"-3.30","","-6.60","75","758","1011","","","","0.70","","S","Небольшая облачность","2026-01-10 23:39"
"-3.30","","-6.60","75","758","1011","","","","0.70","","S","Небольшая облачность","2026-01-10 23:40"
"-3.30","","-6.60","75","758","1011","","","","0.70","","S","Небольшая облачность","2026-01-10 23:41"
"-3.30","","-6.60","75","758","1011","","","","0.70","","S","Небольшая облачность","2026-01-10 23:42"
"-3.30","","-6.60","75","758","1011","","","","0.70","","S","Небольшая облачность","2026-01-10 23:43"
"-3.30","","-6.60","75","758","1011","","","","0.70","","S","Небольшая облачность","2026-01-10 23:44"
"-3.30","","-6.60","75","758","1011","","","","0.70","","S","Небольшая облачность","2026-01-10 23:45"
"-3.30","","-6.60","75","758","1011","","","","0.70","","S","Небольшая облачность","2026-01-10 23:46"
"-3.30","","-6.60","75","758","1011","","","","0.70","","S","Небольшая облачность","2026-01-10 23:47"
"-3.30","","-6.60","75","758","1011","","","","0.70","","S","Небольшая облачность","2026-01-10 23:48"
"-3.30","","-6.60","75","758","1011","","","","0.70","","S","Небольшая облачность","2026-01-10 23:49"
"-3.30","","-6.60","75","758","1011","","","","0.70","","S","Небольшая облачность","2026-01-10 23:50"
"-3.30","","-6.60","75","759","1012","","","","0.70","","S","Небольшая облачность","2026-01-10 23:51"
"-3.30","","-6.60","75","759","1012","","","","0.70","","S","Небольшая облачность","2026-01-10 23:52"
"-3.30","","-6.60","75","759","1012","","","","0.70","","S","Небольшая облачность","2026-01-10 23:53"
"-3.30","","-6.60","75","759","1012","","","","0.70","","S","Небольшая облачность","2026-01-10 23:54"
"-3.30","","-6.60","75","759","1012","","","","0.70","","S","Небольшая облачность","2026-01-10 23:55"
"-3.30","","-6.60","75","759","1012","","","","0.70","","S","Небольшая облачность","2026-01-10 23:56"
"-3.30","","-6.60","75","759","1012","","","","0.70","","S","Небольшая облачность","2026-01-10 23:57"
"-3.30","","-6.60","75","759","1012","","","","0.70","","S","Небольшая облачность","2026-01-10 23:58"
"-3.30","","-6.60","75","759","1012","","","","0.70","","S","Небольшая облачность","2026-01-10 23:59"