"Temp","Temp Water","Temp Feels Like","Humidity","Pressure Mm","Pressure Hpa","Precip Mm","Precip Type","Precip Intensity","Wind Speed Ms","Wind Gust Speed Ms","Wind Dir","Condition","Created At"
"-2.60","","-6.00","64","757","1010","","","","0.70","","S","Небольшая облачность","2026-01-12 00:00"
"-2.60","","-6.00","64","757","1010","","","","0.70","","S","Небольшая облачность","2026-01-12 00:01"
"-2.60","","-6.00","64","757","1010","","","","0.70","","S","Небольшая облачность","2026-01-12 00:02"
"-2.60","","-6.00","64","757","1010","","","","0.70","","S","Небольшая облачность","2026-01-12 00:03"
"-2.60","","-6.00","64","757","1010","","","","0.70","","S","Небольшая облачность","2026-01-12 00:04"
"-2.60","","-6.00","64","757","1010","","","","0.70","","S","Небольшая облачность","2026-01-12 00:05"
"-2.60","","-6.00","64","757","1010","","","","0.70","","S","Небольшая облачность","2026-01-12 00:06"
"-2.60","","-6.00","64","757","1010","","","","0.70","","S","Небольшая облачность","2026-01-12 00:07"
"-2.60","","-6.00","64","757","1010","","","","0.70","","S","Небольшая облачность","2026-01-12 00:08"
"-2.60","","-6.00","64","757","1010","","","","0.70","","S","Небольшая облачность","2026-01-12 00:09"
"-2.50","","-5.90","64","757","1010","","","","0.70","","S","Небольшая облачность","2026-01-12 00:10"
"-2.50","","-5.90","64","757","1010","","","","0.70","","S","Небольшая облачность","2026-01-12 00:11"
"-2.50","","-5.90","64","757","1010","","","","0.70","","S","Небольшая облачность","2026-01-12 00:12"
"-2.50","","-5.90","64","757","1010","","","","0.70","","S","Небольшая облачность","2026-01-12 00:13"
"-2.50","","-5.90","65","757","1010","","","","0.70","","S","Небольшая облачность","2026-01-12 00:14"
"-2.50","","-5.90","64","757","1010","","","","0.70","","S","Небольшая облачность","2026-01-12 00:15"
"-2.50","","-5.90","64","757","1010","","","","0.70","","S","Небольшая облачность","2026-01-12 00:16"
"-2.50","","-5.90","64","757","1010","","","","0.70","","S","Небольшая облачность","2026-01-12 00:17"
"-2.50","","-5.90","65","757","1010","","","","0.70","","S","Небольшая облачность","2026-01-12 00:18"
"-2.50","","-5.90","65","757","1010","","","","0.70","","S","Небольшая облачность","2026-01-12 00:19"
"-2.50","","-5.90","65","757","1010","","","","0.70","","S","Небольшая облачность","2026-01-12 00:20"
"-2.50","","-5.90","65","757","1010","","","","0.70","","S","Небольшая облачность","2026-01-12 00:21"
"-2.50","","-5.90","65","757","1010","","","","0.70","","S","Небольшая облачность","2026-01-12 00:22"
"-2.40","","-5.80","65","757","1010","","","","0.70","","S","Небольшая облачность","2026-01-12 00:23"
"-2.40","","-5.80","65","757","1010","","","","0.70","","S","Небольшая облачность","2026-01-12 00:24"
"-2.40","","-5.80","65","757","1010","","","","0.70","","S","Небольшая облачность","2026-01-12 00:25"
"-2.40","","-5.80","65","757","1010","","","","0.70","","S","Небольшая облачность","2026-01-12 00:26"
"-2.40","","-5.80","65","757","1010","","","","0.70","","S","Небольшая облачность","2026-01-12 00:27"
"-2.40","","-5.80","65","757","1010","","","","0.70","","S","Небольшая облачность","2026-01-12 00:28"
"-2.40","","-5.80","65","757","1010","","","","0.70","","S","Небольшая облачность","2026-01-12 00:29"
"-2.40","","-5.80","65","757","1010","","","","0.70","","S","Небольшая облачность","2026-01-12 00:30"
"-2.40","","-5.80","65","757","1010","","","","0.70","","S","Небольшая облачность","2026-01-12 00:31"
"-2.40","","-5.80","65","757","1010","","","","0.70","","S","Небольшая облачность","2026-01-12 00:32"
"-2.40","","-5.80","65","757","1010","","","","0.70","","S","Небольшая облачность","2026-01-12 00:33"
"-2.40","","-5.80","65","757","1010","","","","0.70","","S","Небольшая облачность","2026-01-12 00:34"
"-2.40","","-5.80","65","757","1010","","","","0.70","","S","Небольшая облачность","2026-01-12 00:35"
"-2.40","","-5.80","65","757","1010","","","","0.70","","S","Небольшая облачность","2026-01-12 00:36"
"-2.40","","-5.80","65","757","1010","","","","0.70","","S","Небольшая облачность","2026-01-12 00:37"
"-2.40","","-5.80","65","757","1010","","","","0.70","","S","Небольшая облачность","2026-01-12 00:38"
"-2.40","","-5.80","65","757","1010","","","","0.70","","S","Небольшая облачность","2026-01-12 00:39"
"-2.30","","-5.70","66","757","1010","","","","0.70","","S","Небольшая облачность","2026-01-12 00:40"
"-2.30","","-5.70","66","757","1010","","","","0.70","","S","Небольшая облачность","2026-01-12 00:41"
"-2.30","","-5.70","66","757","1010","","","","0.70","","S","Небольшая облачность","2026-01-12 00:42"
"-2.30","","-5.70","66","757","1010","","","","0.70","","S","Небольшая облачность","2026-01-12 00:43"
"-2.30","","-5.70","66","757","1010","","","","0.70","","S","Небольшая облачность","2026-01-12 00:44"
"-2.30","","-5.70","66","757","1010","","","","0.70","","S","Небольшая облачность","2026-01-12 00:45"
"-2.30","","-5.70","66","757","1010","","","","0.70","","S","Небольшая облачность","2026-01-12 00:46"
"-2.10","","-5.40","67","757","1010","","","","0.70","","S","Небольшая облачность","2026-01-12 00:47"
"-2.10","","-5.40","67","757","1010","","","","0.70","","S","Небольшая облачность","2026-01-12 00:48"
"-2.10","","-5.40","67","757","1010","","","","0.70","","S","Небольшая облачность","2026-01-12 00:49"
"-2.10","","-5.40","67","757","1010","","","","0.70","","S","Небольшая облачность","2026-01-12 00:50"
"-2.10","","-5.40","67","757","1010","","","","0.70","","S","Небольшая облачность","2026-01-12 00:51"
"-2.00","","-5.30","67","757","1010","","","","0.70","","S","Небольшая облачность","2026-01-12 00:52"
"-2.00","","-5.30","67","757","1010","","","","0.70","","S","Небольшая облачность","2026-01-12 00:53"
"-1.90","","-5.20","67","757","1010","","","","0.70","","S","Небольшая облачность","2026-01-12 00:54"
"-1.90","","-5.20","67","757","1010","","","","0.70","","S","Небольшая облачность","2026-01-12 00:55"
"-1.90","","-5.20","67","757","1010","","","","0.70","","S","Небольшая облачность","2026-01-12 00:56"
"-1.90","","-5.20","68","757","1010","","","","0.70","","S","Небольшая облачность","2026-01-12 00:57"
"-1.90","","-5.20","68","757","1010","","","","0.70","","S","Небольшая облачность","2026-01-12 00:58"
"-1.90","","-5.20","68","757","1010","","","","0.70","","S","Небольшая облачность","2026-01-12 00:59"
"-1.90","","-5.20","67","757","1010","","","","0.70","","S","Небольшая облачность","2026-01-12 01:00"
"-1.90","","-5.20","67","757","1010","","","","0.70","","S","Небольшая облачность","2026-01-12 01:01"
"-1.90","","-5.20","67","757","1010","","","","0.70","","S","Небольшая облачность","2026-01-12 01:02"
"-1.90","","-5.20","67","757","1010","","","","0.70","","S","Небольшая облачность","2026-01-12 01:03"
"-1.80","","-5.10","67","757","1010","","","","0.70","","S","Небольшая облачность","2026-01-12 01:04"
"-1.80","","-5.10","67","757","1010","","","","0.70","","S","Небольшая облачность","2026-01-12 01:05"
"-1.80","","-5.10","67","757","1010","","","","0.70","","S","Облачно","2026-01-12 01:06"
"-1.80","","-5.10","67","757","1010","","","","0.70","","S","Облачно","2026-01-12 01:07"
"-1.80","","-5.10","68","757","1010","","","","0.70","","S","Облачно","2026-01-12 01:08"
"-1.80","","-5.10","68","757","1010","","","","0.70","","S","Облачно","2026-01-12 01:09"
"-1.70","","-5.00","68","757","1010","","","","0.70","","S","Облачно","2026-01-12 01:10"
"-1.70","","-5.00","68","757","1010","","","","0.70","","S","Облачно","2026-01-12 01:11"
"-1.70","","-5.00","68","757","1010","","","","0.70","","S","Облачно","2026-01-12 01:12"
"-1.60","","-4.90","68","757","1010","","","","0.70","","S","Облачно","2026-01-12 01:13"
"-1.60","","-4.90","68","757","1010","","","","0.70","","S","Облачно","2026-01-12 01:14"
"-1.60","","-4.90","68","757","1010","","","","0.70","","S","Облачно","2026-01-12 01:15"
"-1.60","","-4.90","68","757","1010","","","","0.70","","S","Облачно","2026-01-12 01:16"
"-1.60","","-4.90","68","757","1010","","","","0.70","","S","Облачно","2026-01-12 01:17"
"-1.60","","-4.90","68","757","1010","","","","0.70","","S","Облачно","2026-01-12 01:18"
"-1.50","","-4.80","68","757","1010","","","","0.70","","S","Облачно","2026-01-12 01:19"
"-1.50","","-4.80","68","757","1010","","","","0.70","","S","Облачно","2026-01-12 01:20"
"-1.50","","-4.80","68","756","1009","","","","0.70","","S","Облачно","2026-01-12 01:21"
"-1.50","","-4.80","68","756","1009","","","","0.70","","S","Облачно","2026-01-12 01:22"
"-1.50","","-4.80","68","756","1009","","","","0.70","","S","Облачно","2026-01-12 01:23"
"-1.50","","-4.80","68","756","1009","","","","0.70","","S","Облачно","2026-01-12 01:24"
"-1.50","","-4.80","68","756","1009","","","","0.70","","S","Облачно","2026-01-12 01:25"
"-1.50","","-4.80","68","756","1009","","","","0.70","","S","Облачно","2026-01-12 01:26"
"-1.50","","-4.80","68","756","1009","","","","0.70","","S","Облачно","2026-01-12 01:27"
"-1.50","","-4.80","68","756","1009","","","","0.70","","S","Облачно","2026-01-12 01:28"
"-1.50","","-4.80","68","756","1009","","","","0.70","","S","Облачно","2026-01-12 01:29"
"-1.50","","-4.80","68","756","1009","","","","0.70","","S","Облачно","2026-01-12 01:30"
"-1.50","","-4.70","69","756","1009","","","","0.70","","S","Облачно","2026-01-12 01:31"
"-1.50","","-4.70","69","756","1009","","","","0.70","","S","Облачно","2026-01-12 01:32"
"-1.40","","-4.70","68","756","1009","","","","0.70","","S","Облачно","2026-01-12 01:33"
"-1.40","","-4.70","68","756","1009","","","","0.70","","S","Облачно","2026-01-12 01:34"
"-1.40","","-4.70","68","756","1009","","","","0.70","","S","Облачно","2026-01-12 01:35"
"-1.40","","-4.70","68","756","1009","","","","0.70","","S","Небольшая облачность","2026-01-12 01:36"
"-1.40","","-4.70","68","757","1010","","","","0.70","","S","Небольшая облачность","2026-01-12 01:37"
"-1.40","","-4.70","68","757","1010","","","","0.70","","S","Небольшая облачность","2026-01-12 01:38"
"-1.40","","-4.70","68","757","1010","","","","0.70","","S","Небольшая облачность","2026-01-12 01:39"
"-1.40","","-4.70","68","757","1010","","","","0.70","","S","Небольшая облачность","2026-01-12 01:40"
"-1.40","","-4.70","68","757","1010","","","","0.70","","S","Небольшая облачность","2026-01-12 01:41"
"-1.30","","-4.50","69","757","1010","","","","0.70","","S","Небольшая облачность","2026-01-12 01:42"
"-1.30","","-4.50","69","757","1010","","","","0.70","","S","Небольшая облачность","2026-01-12 01:43"
"-1.30","","-4.50","69","757","1010","","","","0.70","","S","Небольшая облачность","2026-01-12 01:44"
"-1.30","","-4.50","69","757","1010","","","","0.70","","S","Небольшая облачность","2026-01-12 01:45"
"-1.30","","-4.50","69","757","1010","","","","0.70","","S","Небольшая облачность","2026-01-12 01:46"
"-1.30","","-4.50","69","757","1010","","","","0.70","","S","Небольшая облачность","2026-01-12 01:47"
"-1.30","","-4.50","69","757","1010","","","","0.70","","S","Небольшая облачность","2026-01-12 01:48"
"-1.30","","-4.50","69","757","1010","","","","0.70","","S","Небольшая облачность","2026-01-12 01:49"
"-1.30","","-4.50","69","757","1010","","","","0.70","","S","Небольшая облачность","2026-01-12 01:50"
"-1.30","","-4.50","69","757","1010","","","","0.70","","S","Небольшая облачность","2026-01-12 01:51"
"-1.20","","-4.40","69","757","1010","","","","0.70","","S","Небольшая облачность","2026-01-12 01:52"
"-1.20","","-4.40","69","757","1010","","","","0.70","","S","Небольшая облачность","2026-01-12 01:53"
"-1.20","","-4.40","69","757","1010","","","","0.70","","S","Небольшая облачность","2026-01-12 01:54"
"-1.20","","-4.40","69","757","1010","","","","0.70","","S","Небольшая облачность","2026-01-12 01:55"
"-1.20","","-4.40","69","757","1010","","","","0.70","","S","Небольшая облачность","2026-01-12 01:56"
"-1.20","","-4.40","69","757","1010","","","","0.70","","S","Небольшая облачность","2026-01-12 01:57"
"-1.20","","-4.40","69","757","1010","","","","0.70","","S","Небольшая облачность","2026-01-12 01:58"
"-1.20","","-4.40","69","757","1010","","","","0.70","","S","Небольшая облачность","2026-01-12 01:59"
"-1.20","","-4.40","69","757","1010","","","","0.70","","S","Небольшая облачность","2026-01-12 02:00"
"-1.20","","-4.40","69","757","1010","","","","0.70","","S","Небольшая облачность","2026-01-12 02:01"
"-1.20","","-4.40","69","757","1010","","","","0.70","","S","Небольшая облачность","2026-01-12 02:02"
"-1.20","","-4.40","69","757","1010","","","","0.70","","S","Небольшая облачность","2026-01-12 02:03"
"-1.20","","-4.40","69","757","1010","","","","0.70","","S","Небольшая облачность","2026-01-12 02:04"
"-1.20","","-4.40","69","757","1010","","","","0.70","","S","Небольшая облачность","2026-01-12 02:05"
"-1.20","","-4.40","69","757","1010","","","","0.70","","S","Небольшая облачность","2026-01-12 02:06"
"-1.20","","-4.40","69","756","1009","","","","0.70","","S","Небольшая облачность","2026-01-12 02:07"
"-1.20","","-4.40","69","756","1009","","","","0.70","","S","Небольшая облачность","2026-01-12 02:08"
"-1.20","","-4.40","69","756","1009","","","","0.70","","S","Небольшая облачность","2026-01-12 02:09"
"-1.20","","-4.40","69","756","1009","","","","0.70","","S","Небольшая облачность","2026-01-12 02:10"
"-1.20","","-4.40","69","756","1009","","","","0.70","","S","Небольшая облачность","2026-01-12 02:11"
"-1.20","","-4.40","69","756","1009","","","","0.70","","S","Небольшая облачность","2026-01-12 02:12"
"-1.20","","-4.40","69","756","1009","","","","0.70","","S","Небольшая облачность","2026-01-12 02:13"
"-1.20","","-4.40","69","756","1009","","","","0.70","","S","Небольшая облачность","2026-01-12 02:14"
"-1.20","","-4.40","69","756","1009","","","","0.70","","S","Небольшая облачность","2026-01-12 02:15"
"-1.20","","-4.40","69","756","1009","","","","0.70","","S","Небольшая облачность","2026-01-12 02:16"
"-1.20","","-4.40","69","756","1009","","","","0.70","","S","Небольшая облачность","2026-01-12 02:17"
"-1.20","","-4.40","69","756","1009","","","","0.70","","S","Небольшая облачность","2026-01-12 02:18"
"-1.20","","-4.40","69","756","1009","","","","0.70","","S","Небольшая облачность","2026-01-12 02:19"
"-1.20","","-4.40","69","756","1009","","","","0.70","","S","Небольшая облачность","2026-01-12 02:20"
"-1.20","","-4.40","69","757","1010","","","","0.70","","S","Небольшая облачность","2026-01-12 02:21"
"-1.20","","-4.40","69","757","1010","","","","0.70","","S","Небольшая облачность","2026-01-12 02:22"
"-1.10","","-4.30","69","757","1010","","","","0.70","","S","Небольшая облачность","2026-01-12 02:23"
"-1.10","","-4.30","69","757","1010","","","","0.70","","S","Небольшая облачность","2026-01-12 02:24"
"-1.10","","-4.30","69","757","1010","","","","0.70","","S","Небольшая облачность","2026-01-12 02:25"
"-1.10","","-4.30","69","757","1010","","","","0.70","","S","Небольшая облачность","2026-01-12 02:26"
"-1.10","","-4.30","70","757","1010","","","","0.70","","S","Небольшая облачность","2026-01-12 02:27"
"-1.10","","-4.30","70","757","1010","","","","0.70","","S","Небольшая облачность","2026-01-12 02:28"
"-1.10","","-4.30","70","757","1010","","","","0.70","","S","Небольшая облачность","2026-01-12 02:29"
"-1.00","","-4.20","70","757","1010","","","","0.70","","S","Небольшая облачность","2026-01-12 02:30"
"-1.00","","-4.20","70","757","1010","","","","0.70","","S","Небольшая облачность","2026-01-12 02:31"
"-1.00","","-4.20","70","757","1010","","","","0.70","","S","Небольшая облачность","2026-01-12 02:32"
"-1.00","","-4.20","70","757","1010","","","","0.70","","S","Небольшая облачность","2026-01-12 02:33"
"-1.00","","-4.20","70","757","1010","","","","0.70","","S","Небольшая облачность","2026-01-12 02:34"
"-1.00","","-4.20","70","757","1010","","","","0.70","","S","Небольшая облачность","2026-01-12 02:35"
"-1.00","","-4.20","70","756","1009","","","","0.70","","S","Небольшая облачность","2026-01-12 02:36"
"-1.00","","-4.20","70","756","1009","","","","0.70","","S","Небольшая облачность","2026-01-12 02:37"
"-1.00","","-4.20","70","756","1009","","","","0.70","","S","Небольшая облачность","2026-01-12 02:38"
"-1.00","","-4.20","70","756","1009","","","","0.70","","S","Небольшая облачность","2026-01-12 02:39"
"-1.10","","-4.30","70","756","1009","","","","0.70","","S","Небольшая облачность","2026-01-12 02:40"
"-1.10","","-4.30","70","756","1009","","","","0.70","","S","Небольшая облачность","2026-01-12 02:41"
"-1.10","","-4.30","70","756","1009","","","","0.70","","S","Небольшая облачность","2026-01-12 02:42"
"-1.10","","-4.30","70","756","1009","","","","0.70","","S","Небольшая облачность","2026-01-12 02:43"
"-1.10","","-4.30","69","756","1009","","","","0.70","","S","Небольшая облачность","2026-01-12 02:44"
"-1.10","","-4.30","69","756","1009","","","","0.70","","S","Небольшая облачность","2026-01-12 02:45"
"-1.10","","-4.30","69","756","1009","","","","0.70","","S","Небольшая облачность","2026-01-12 02:46"
"-1.10","","-4.30","69","756","1009","","","","0.70","","S","Небольшая облачность","2026-01-12 02:47"
"-1.10","","-4.30","69","756","1009","","","","0.70","","S","Небольшая облачность","2026-01-12 02:48"
"-1.10","","-4.30","69","756","1009","","","","0.70","","S","Небольшая облачность","2026-01-12 02:49"
"-1.10","","-4.30","69","756","1009","","","","0.70","","S","Небольшая облачность","2026-01-12 02:50"
"-1.20","","-4.40","69","757","1010","","","","0.70","","S","Небольшая облачность","2026-01-12 02:51"
"-1.20","","-4.40","69","757","1010","","","","0.70","","S","Небольшая облачность","2026-01-12 02:52"
"-1.20","","-4.40","69","757","1010","","","","0.70","","S","Небольшая облачность","2026-01-12 02:53"
"-1.20","","-4.40","69","757","1010","","","","0.70","","S","Небольшая облачность","2026-01-12 02:54"
"-1.20","","-4.40","69","757","1010","","","","0.70","","S","Небольшая облачность","2026-01-12 02:55"
"-1.20","","-4.40","69","757","1010","","","","0.70","","S","Небольшая облачность","2026-01-12 02:56"
"-1.20","","-4.40","69","757","1010","","","","0.70","","S","Небольшая облачность","2026-01-12 02:57"
"-1.20","","-4.40","69","757","1010","","","","0.70","","S","Небольшая облачность","2026-01-12 02:58"
"-1.20","","-4.40","69","757","1010","","","","0.70","","S","Небольшая облачность","2026-01-12 02:59"
"-1.20","","-4.40","69","757","1010","","","","0.70","","S","Небольшая облачность","2026-01-12 03:00"
"-1.20","","-4.40","69","757","1010","","","","0.70","","S","Небольшая облачность","2026-01-12 03:01"
"-1.30","","-4.50","69","757","1010","","","","0.70","","S","Небольшая облачность","2026-01-12 03:02"
"-1.30","","-4.50","69","757","1010","","","","0.70","","S","Небольшая облачность","2026-01-12 03:03"
"-1.30","","-4.50","69","757","1010","","","","0.70","","S","Небольшая облачность","2026-01-12 03:04"
"-1.30","","-4.50","69","757","1010","","","","0.70","","S","Небольшая облачность","2026-01-12 03:05"
"-1.30","","-4.50","69","758","1011","","","","0.70","","S","Небольшая облачность","2026-01-12 03:06"
"-1.30","","-4.50","69","758","1011","","","","0.70","","S","Небольшая облачность","2026-01-12 03:07"
"-1.30","","-4.50","69","758","1011","","","","0.70","","S","Небольшая облачность","2026-01-12 03:08"
"-1.30","","-4.50","69","758","1011","","","","0.70","","S","Небольшая облачность","2026-01-12 03:09"
"-1.30","","-4.50","69","758","1011","","","","0.70","","S","Небольшая облачность","2026-01-12 03:10"
"-1.30","","-4.50","69","758","1011","","","","0.70","","S","Небольшая облачность","2026-01-12 03:11"
"-1.30","","-4.50","69","758","1011","","","","0.70","","S","Небольшая облачность","2026-01-12 03:12"
"-1.30","","-4.50","69","758","1011","","","","0.70","","S","Небольшая облачность","2026-01-12 03:13"
"-1.30","","-4.50","69","758","1011","","","","0.70","","S","Небольшая облачность","2026-01-12 03:14"
"-1.30","","-4.50","69","758","1011","","","","0.70","","S","Небольшая облачность","2026-01-12 03:15"
"-1.30","","-4.50","69","758","1011","","","","0.70","","S","Небольшая облачность","2026-01-12 03:16"
"-1.30","","-4.50","69","758","1011","","","","0.70","","S","Небольшая облачность","2026-01-12 03:17"
"-1.30","","-4.50","69","758","1011","","","","0.70","","S","Небольшая облачность","2026-01-12 03:18"
"-1.40","","-4.60","69","758","1011","","","","0.70","","S","Небольшая облачность","2026-01-12 03:19"
"-1.40","","-4.60","70","758","1011","","","","0.70","","S","Небольшая облачность","2026-01-12 03:20"
"-1.40","","-4.60","70","757","1010","","","","0.70","","S","Небольшая облачность","2026-01-12 03:21"
"-1.40","","-4.60","70","757","1010","","","","0.70","","S","Небольшая облачность","2026-01-12 03:22"
"-1.40","","-4.60","70","757","1010","","","","0.70","","S","Небольшая облачность","2026-01-12 03:23"
"-1.40","","-4.60","70","757","1010","","","","0.70","","S","Небольшая облачность","2026-01-12 03:24"
"-1.40","","-4.60","70","757","1010","","","","0.70","","S","Небольшая облачность","2026-01-12 03:25"
"-1.40","","-4.60","70","757","1010","","","","0.70","","S","Небольшая облачность","2026-01-12 03:26"
"-1.40","","-4.60","70","757","1010","","","","0.70","","S","Небольшая облачность","2026-01-12 03:28"
"-1.40","","-4.60","70","757","1010","","","","0.70","","S","Небольшая облачность","2026-01-12 03:30"
"-1.40","","-4.60","70","757","1010","","","","0.70","","S","Небольшая облачность","2026-01-12 03:30"
"-1.40","","-4.60","70","757","1010","","","","0.70","","S","Небольшая облачность","2026-01-12 03:31"
"-1.40","","-4.60","70","757","1010","","","","0.70","","S","Небольшая облачность","2026-01-12 03:32"
"-1.40","","-4.60","70","757","1010","","","","0.70","","S","Небольшая облачность","2026-01-12 03:33"
"-1.40","","-4.60","70","757","1010","","","","0.70","","S","Небольшая облачность","2026-01-12 03:34"
"-1.40","","-4.60","70","757","1010","","","","0.70","","S","Небольшая облачность","2026-01-12 03:35"
"-1.40","","-4.60","70","757","1010","","","","0.70","","S","Небольшая облачность","2026-01-12 03:36"
"-1.40","","-4.60","70","757","1010","","","","0.70","","S","Небольшая облачность","2026-01-12 03:37"
"-1.40","","-4.60","70","757","1010","","","","0.70","","S","Небольшая облачность","2026-01-12 03:38"
"-1.40","","-4.60","70","757","1010","","","","0.70","","S","Небольшая облачность","2026-01-12 03:39"
"-1.40","","-4.60","70","757","1010","","","","0.70","","S","Небольшая облачность","2026-01-12 03:40"
"-1.40","","-4.60","70","757","1010","","","","0.70","","S","Небольшая облачность","2026-01-12 03:41"
"-1.40","","-4.60","70","757","1010","","","","0.70","","S","Небольшая облачность","2026-01-12 03:42"
"-1.40","","-4.60","70","757","1010","","","","0.70","","S","Небольшая облачность","2026-01-12 03:43"
"-1.40","","-4.60","70","757","1010","","","","0.70","","S","Небольшая облачность","2026-01-12 03:44"
"-1.30","","-4.50","70","757","1010","","","","0.70","","S","Небольшая облачность","2026-01-12 03:45"
"-1.30","","-4.50","71","757","1010","","","","0.70","","S","Небольшая облачность","2026-01-12 03:46"
"-1.30","","-4.50","71","757","1010","","","","0.70","","S","Небольшая облачность","2026-01-12 03:47"
"-1.30","","-4.50","71","757","1010","","","","0.70","","S","Небольшая облачность","2026-01-12 03:48"
"-1.30","","-4.50","71","757","1010","","","","0.70","","S","Небольшая облачность","2026-01-12 03:49"
"-1.30","","-4.50","71","757","1010","","","","0.70","","S","Небольшая облачность","2026-01-12 03:50"
"-1.30","","-4.50","71","757","1010","","","","0.70","","S","Небольшая облачность","2026-01-12 03:51"
"-1.30","","-4.50","71","757","1010","","","","0.70","","S","Небольшая облачность","2026-01-12 03:52"
"-1.30","","-4.50","71","757","1010","","","","0.70","","S","Небольшая облачность","2026-01-12 03:53"
"-1.30","","-4.50","71","757","1010","","","","0.70","","S","Небольшая облачность","2026-01-12 03:54"
"-1.30","","-4.50","71","757","1010","","","","0.70","","S","Небольшая облачность","2026-01-12 03:55"
"-1.30","","-4.50","71","757","1010","","","","0.70","","S","Небольшая облачность","2026-01-12 03:56"
"-1.30","","-4.50","71","757","1010","","","","0.70","","S","Небольшая облачность","2026-01-12 03:57"
"-1.30","","-4.50","71","757","1010","","","","0.70","","S","Небольшая облачность","2026-01-12 03:58"
"-1.30","","-4.50","71","757","1010","","","","0.70","","S","Небольшая облачность","2026-01-12 03:59"
"-1.30","","-4.50","71","757","1010","","","","0.70","","S","Небольшая облачность","2026-01-12 04:00"
"-1.30","","-4.50","71","757","1010","","","","0.70","","S","Небольшая облачность","2026-01-12 04:01"
"-1.40","","-4.60","71","757","1010","","","","0.70","","S","Небольшая облачность","2026-01-12 04:02"
"-1.40","","-4.60","71","757","1010","","","","0.70","","S","Небольшая облачность","2026-01-12 04:03"
"-1.30","","-4.50","71","757","1010","","","","0.70","","S","Небольшая облачность","2026-01-12 04:04"
"-1.40","","-4.60","71","757","1010","","","","0.70","","S","Небольшая облачность","2026-01-12 04:05"
"-1.30","","-4.50","71","758","1011","","","","0.70","","S","Небольшая облачность","2026-01-12 04:06"
"-1.30","","-4.50","71","758","1011","","","","0.70","","S","Небольшая облачность","2026-01-12 04:07"
"-1.30","","-4.50","71","758","1011","","","","0.70","","S","Небольшая облачность","2026-01-12 04:08"
"-1.30","","-4.50","71","758","1011","","","","0.70","","S","Небольшая облачность","2026-01-12 04:09"
"-1.30","","-4.50","71","758","1011","","","","0.70","","S","Небольшая облачность","2026-01-12 04:10"
"-1.30","","-4.50","71","758","1011","","","","0.70","","S","Небольшая облачность","2026-01-12 04:11"
"-1.30","","-4.50","71","758","1011","","","","0.70","","S","Небольшая облачность","2026-01-12 04:12"
"-1.40","","-4.60","71","758","1011","","","","0.70","","S","Небольшая облачность","2026-01-12 04:13"
"-1.40","","-4.60","71","758","1011","","","","0.70","","S","Небольшая облачность","2026-01-12 04:14"
"-1.40","","-4.60","71","758","1011","","","","0.70","","S","Небольшая облачность","2026-01-12 04:15"
"-1.40","","-4.60","71","758","1011","","","","0.70","","S","Небольшая облачность","2026-01-12 04:16"
"-1.40","","-4.60","71","758","1011","","","","0.70","","S","Небольшая облачность","2026-01-12 04:17"
"-1.40","","-4.60","71","758","1011","","","","0.70","","S","Небольшая облачность","2026-01-12 04:18"
"-1.40","","-4.60","71","758","1011","","","","0.70","","S","Небольшая облачность","2026-01-12 04:19"
"-1.40","","-4.60","71","758","1011","","","","0.70","","S","Небольшая облачность","2026-01-12 04:20"
"-1.40","","-4.60","71","758","1011","","","","0.70","","S","Небольшая облачность","2026-01-12 04:21"
"-1.40","","-4.60","71","758","1011","","","","0.70","","S","Небольшая облачность","2026-01-12 04:22"
"-1.50","","-4.70","71","758","1011","","","","0.70","","S","Небольшая облачность","2026-01-12 04:23"
"-1.50","","-4.70","71","758","1011","","","","0.70","","S","Небольшая облачность","2026-01-12 04:24"
"-1.50","","-4.70","71","758","1011","","","","0.70","","S","Небольшая облачность","2026-01-12 04:25"
"-1.40","","-4.60","71","758","1011","","","","0.70","","S","Небольшая облачность","2026-01-12 04:26"
"-1.40","","-4.60","71","758","1011","","","","0.70","","S","Небольшая облачность","2026-01-12 04:27"
"-1.40","","-4.60","71","758","1011","","","","0.70","","S","Небольшая облачность","2026-01-12 04:28"
"-1.50","","-4.70","71","758","1011","","","","0.70","","S","Небольшая облачность","2026-01-12 04:29"
"-1.50","","-4.70","71","758","1011","","","","0.70","","S","Небольшая облачность","2026-01-12 04:30"
"-1.50","","-4.70","71","758","1011","","","","0.70","","S","Небольшая облачность","2026-01-12 04:31"
"-1.50","","-4.70","71","758","1011","","","","0.70","","S","Небольшая облачность","2026-01-12 04:32"
"-1.50","","-4.70","71","758","1011","","","","0.70","","S","Небольшая облачность","2026-01-12 04:33"
"-1.50","","-4.70","71","758","1011","","","","0.70","","S","Небольшая облачность","2026-01-12 04:34"
"-1.50","","-4.70","71","758","1011","","","","0.70","","S","Небольшая облачность","2026-01-12 04:35"
"-1.50","","-4.70","71","758","1011","","","","0.70","","S","Небольшая облачность","2026-01-12 04:36"
"-1.50","","-4.70","71","758","1011","","","","0.70","","S","Небольшая облачность","2026-01-12 04:37"
"-1.50","","-4.70","71","758","1011","","","","0.70","","S","Небольшая облачность","2026-01-12 04:38"
"-1.50","","-4.70","71","758","1011","","","","0.70","","S","Небольшая облачность","2026-01-12 04:39"
"-1.50","","-4.70","71","758","1011","","","","0.70","","S","Небольшая облачность","2026-01-12 04:40"
"-1.50","","-4.70","71","758","1011","","","","0.70","","S","Небольшая облачность","2026-01-12 04:41"
"-1.50","","-4.70","71","758","1011","","","","0.70","","S","Небольшая облачность","2026-01-12 04:42"
"-1.60","","-4.80","71","758","1011","","","","0.70","","S","Небольшая облачность","2026-01-12 04:43"
"-1.60","","-4.80","71","758","1011","","","","0.70","","S","Небольшая облачность","2026-01-12 04:44"
"-1.60","","-4.80","71","758","1011","","","","0.70","","S","Небольшая облачность","2026-01-12 04:45"
"-1.60","","-4.80","71","758","1011","","","","0.70","","S","Небольшая облачность","2026-01-12 04:46"
"-1.60","","-4.80","71","758","1011","","","","0.70","","S","Небольшая облачность","2026-01-12 04:47"
"-1.60","","-4.80","71","758","1011","","","","0.70","","S","Небольшая облачность","2026-01-12 04:48"
"-1.60","","-4.80","71","758","1011","","","","0.70","","S","Небольшая облачность","2026-01-12 04:49"
"-1.60","","-4.80","71","758","1011","","","","0.70","","S","Небольшая облачность","2026-01-12 04:50"
"-1.60","","-4.80","71","758","1011","","","","0.70","","S","Небольшая облачность","2026-01-12 04:51"
"-1.60","","-4.80","71","758","1011","","","","0.70","","S","Небольшая облачность","2026-01-12 04:52"
"-1.60","","-4.80","71","758","1011","","","","0.70","","S","Небольшая облачность","2026-01-12 04:53"
"-1.60","","-4.80","71","758","1011","","","","0.70","","S","Небольшая облачность","2026-01-12 04:54"
"-1.60","","-4.80","71","758","1011","","","","0.70","","S","Небольшая облачность","2026-01-12 04:55"
"-1.60","","-4.80","71","758","1011","","","","0.70","","S","Небольшая облачность","2026-01-12 04:56"
"-1.60","","-4.80","71","758","1011","","","","0.70","","S","Небольшая облачность","2026-01-12 04:57"
"-1.60","","-4.80","71","758","1011","","","","0.70","","S","Небольшая облачность","2026-01-12 04:58"
"-1.70","","-4.90","71","758","1011","","","","0.70","","S","Небольшая облачность","2026-01-12 04:59"
"-1.70","","-4.90","71","758","1011","","","","0.70","","S","Небольшая облачность","2026-01-12 05:00"
"-1.70","","-4.90","71","758","1011","","","","0.70","","S","Небольшая облачность","2026-01-12 05:01"
"-1.70","","-4.90","71","758","1011","","","","0.70","","S","Небольшая облачность","2026-01-12 05:02"
"-1.70","","-4.90","71","758","1011","","","","0.70","","S","Небольшая облачность","2026-01-12 05:03"
"-1.70","","-4.90","71","758","1011","","","","0.70","","S","Небольшая облачность","2026-01-12 05:04"
"-1.70","","-4.90","71","758","1011","","","","0.70","","S","Небольшая облачность","2026-01-12 05:05"
"-1.70","","-4.90","71","759","1012","","","","0.70","","S","Небольшая облачность","2026-01-12 05:06"
"-1.70","","-4.90","71","759","1012","","","","0.70","","S","Небольшая облачность","2026-01-12 05:07"
"-1.70","","-4.90","71","759","1012","","","","0.70","","S","Небольшая облачность","2026-01-12 05:08"
"-1.70","","-4.90","71","759","1012","","","","0.70","","S","Небольшая облачность","2026-01-12 05:09"
"-1.70","","-4.90","71","759","1012","","","","0.70","","S","Небольшая облачность","2026-01-12 05:10"
"-1.70","","-4.90","71","759","1012","","","","0.70","","S","Небольшая облачность","2026-01-12 05:11"
"-1.70","","-4.90","71","759","1012","","","","0.70","","S","Небольшая облачность","2026-01-12 05:12"
"-1.80","","-5.00","71","759","1012","","","","0.70","","S","Небольшая облачность","2026-01-12 05:13"
"-1.80","","-5.00","71","759","1012","","","","0.70","","S","Небольшая облачность","2026-01-12 05:14"
"-1.80","","-5.00","71","759","1012","","","","0.70","","S","Небольшая облачность","2026-01-12 05:15"
"-1.80","","-5.00","71","759","1012","","","","0.70","","S","Небольшая облачность","2026-01-12 05:16"
"-1.80","","-5.00","71","759","1012","","","","0.70","","S","Небольшая облачность","2026-01-12 05:17"
"-1.80","","-5.00","71","759","1012","","","","0.70","","S","Небольшая облачность","2026-01-12 05:18"
"-1.80","","-5.00","71","759","1012","","","","0.70","","S","Небольшая облачность","2026-01-12 05:19"
"-1.80","","-5.00","72","759","1012","","","","0.70","","S","Небольшая облачность","2026-01-12 05:20"
"-1.80","","-5.00","72","759","1012","","","","0.70","","S","Небольшая облачность","2026-01-12 05:21"
"-1.80","","-5.00","72","759","1012","","","","0.70","","S","Небольшая облачность","2026-01-12 05:22"
"-1.80","","-5.00","72","759","1012","","","","0.70","","S","Небольшая облачность","2026-01-12 05:23"
"-1.80","","-5.00","72","759","1012","","","","0.70","","S","Небольшая облачность","2026-01-12 05:24"
"-1.70","","-4.90","72","759","1012","","","","0.70","","S","Небольшая облачность","2026-01-12 05:25"
"-1.70","","-4.90","72","759","1012","","","","0.70","","S","Небольшая облачность","2026-01-12 05:26"
"-1.70","","-4.90","72","759","1012","","","","0.70","","S","Небольшая облачность","2026-01-12 05:27"
"-1.70","","-4.90","72","759","1012","","","","0.70","","S","Небольшая облачность","2026-01-12 05:28"
"-1.70","","-4.90","72","759","1012","","","","0.70","","S","Небольшая облачность","2026-01-12 05:29"
"-1.70","","-4.90","72","759","1012","","","","0.70","","S","Небольшая облачность","2026-01-12 05:30"
"-1.70","","-4.90","72","759","1012","","","","0.70","","S","Небольшая облачность","2026-01-12 05:31"
"-1.70","","-4.90","72","759","1012","","","","0.70","","S","Небольшая облачность","2026-01-12 05:32"
"-1.70","","-4.90","72","759","1012","","","","0.70","","S","Небольшая облачность","2026-01-12 05:33"
"-1.80","","-5.00","72","759","1012","","","","0.70","","S","Небольшая облачность","2026-01-12 05:34"
"-1.80","","-5.00","72","759","1012","","","","0.70","","S","Небольшая облачность","2026-01-12 05:35"
"-1.80","","-5.00","72","759","1012","","","","0.70","","S","Небольшая облачность","2026-01-12 05:36"
"-1.80","","-5.00","72","758","1011","","","","0.70","","S","Небольшая облачность","2026-01-12 05:37"
"-1.80","","-5.00","72","758","1011","","","","0.70","","S","Небольшая облачность","2026-01-12 05:38"
"-1.80","","-5.00","72","758","1011","","","","0.70","","S","Небольшая облачность","2026-01-12 05:39"
"-1.70","","-4.90","72","758","1011","","","","0.70","","S","Небольшая облачность","2026-01-12 05:40"
"-1.70","","-4.90","72","758","1011","","","","0.70","","S","Небольшая облачность","2026-01-12 05:41"
"-1.70","","-4.90","72","758","1011","","","","0.70","","S","Небольшая облачность","2026-01-12 05:42"
"-1.70","","-4.90","72","758","1011","","","","0.70","","S","Небольшая облачность","2026-01-12 05:43"
"-1.80","","-5.00","72","758","1011","","","","0.70","","S","Небольшая облачность","2026-01-12 05:44"
"-1.80","","-5.00","72","758","1011","","","","0.70","","S","Небольшая облачность","2026-01-12 05:45"
"-1.80","","-5.00","72","758","1011","","","","0.70","","S","Небольшая облачность","2026-01-12 05:46"
"-1.80","","-5.00","72","758","1011","","","","0.70","","S","Небольшая облачность","2026-01-12 05:47"
"-1.80","","-5.00","72","758","1011","","","","0.70","","S","Небольшая облачность","2026-01-12 05:48"
"-1.80","","-5.00","72","758","1011","","","","0.70","","S","Небольшая облачность","2026-01-12 05:49"
"-1.80","","-5.00","72","758","1011","","","","0.70","","S","Небольшая облачность","2026-01-12 05:50"
"-1.90","","-5.10","72","758","1011","","","","0.70","","S","Небольшая облачность","2026-01-12 05:51"
"-1.80","","-5.00","72","759","1012","","","","0.70","","S","Небольшая облачность","2026-01-12 05:52"
"-1.80","","-5.00","72","759","1012","","","","0.70","","S","Небольшая облачность","2026-01-12 05:53"
"-1.80","","-5.00","72","759","1012","","","","0.70","","S","Небольшая облачность","2026-01-12 05:54"
"-1.80","","-5.00","72","759","1012","","","","0.70","","S","Небольшая облачность","2026-01-12 05:55"
"-1.90","","-5.10","72","759","1012","","","","0.70","","S","Небольшая облачность","2026-01-12 05:56"
"-1.90","","-5.10","72","759","1012","","","","0.70","","S","Небольшая облачность","2026-01-12 05:57"
"-1.90","","-5.10","72","759","1012","","","","0.70","","S","Небольшая облачность","2026-01-12 05:58"
"-1.90","","-5.10","72","759","1012","","","","0.70","","S","Небольшая облачность","2026-01-12 05:59"
"-1.90","","-5.10","72","759","1012","","","","0.70","","S","Небольшая облачность","2026-01-12 06:00"
"-1.90","","-5.10","72","759","1012","","","","0.70","","S","Небольшая облачность","2026-01-12 06:01"
"-1.90","","-5.10","72","759","1012","","","","0.70","","S","Небольшая облачность","2026-01-12 06:02"
"-1.90","","-5.10","72","759","1012","","","","0.70","","S","Небольшая облачность","2026-01-12 06:03"
"-1.90","","-5.10","72","759","1012","","","","0.70","","S","Небольшая облачность","2026-01-12 06:04"
"-1.90","","-5.10","72","759","1012","","","","0.70","","S","Небольшая облачность","2026-01-12 06:05"
"-1.90","","-5.10","72","759","1012","","","","0.70","","S","Небольшая облачность","2026-01-12 06:06"
"-1.90","","-5.10","72","759","1012","","","","0.70","","S","Небольшая облачность","2026-01-12 06:07"
"-1.90","","-5.10","72","759","1012","","","","0.70","","S","Небольшая облачность","2026-01-12 06:08"
"-1.90","","-5.10","72","759","1012","","","","0.70","","S","Небольшая облачность","2026-01-12 06:09"
"-1.90","","-5.10","73","759","1012","","","","0.70","","S","Небольшая облачность","2026-01-12 06:10"
"-1.90","","-5.10","73","759","1012","","","","0.70","","S","Небольшая облачность","2026-01-12 06:11"
"-1.90","","-5.10","73","759","1012","","","","0.70","","S","Небольшая облачность","2026-01-12 06:12"
"-1.90","","-5.10","73","759","1012","","","","0.70","","S","Небольшая облачность","2026-01-12 06:13"
"-1.90","","-5.10","73","759","1012","","","","0.70","","S","Небольшая облачность","2026-01-12 06:14"
"-1.90","","-5.10","73","759","1012","","","","0.70","","S","Небольшая облачность","2026-01-12 06:15"
"-1.90","","-5.10","73","759","1012","","","","0.70","","S","Небольшая облачность","2026-01-12 06:16"
"-1.90","","-5.10","73","759","1012","","","","0.70","","S","Небольшая облачность","2026-01-12 06:17"
"-1.90","","-5.10","73","759","1012","","","","0.70","","S","Небольшая облачность","2026-01-12 06:18"
"-1.90","","-5.10","73","759","1012","","","","0.70","","S","Небольшая облачность","2026-01-12 06:19"
"-1.90","","-5.10","72","759","1012","","","","0.70","","S","Небольшая облачность","2026-01-12 06:20"
"-1.90","","-5.10","72","759","1012","","","","0.70","","S","Небольшая облачность","2026-01-12 06:21"
"-1.90","","-5.10","72","759","1012","","","","0.70","","S","Небольшая облачность","2026-01-12 06:22"
"-1.90","","-5.10","72","759","1012","","","","0.70","","S","Небольшая облачность","2026-01-12 06:23"
"-1.90","","-5.10","72","759","1012","","","","0.70","","S","Небольшая облачность","2026-01-12 06:24"
"-1.90","","-5.10","72","759","1012","","","","0.70","","S","Небольшая облачность","2026-01-12 06:25"
"-1.90","","-5.10","72","759","1012","","","","0.70","","S","Небольшая облачность","2026-01-12 06:26"
"-1.90","","-5.10","72","759","1012","","","","0.70","","S","Небольшая облачность","2026-01-12 06:27"
"-1.90","","-5.10","72","759","1012","","","","0.70","","S","Небольшая облачность","2026-01-12 06:28"
"-1.90","","-5.10","72","759","1012","","","","0.70","","S","Небольшая облачность","2026-01-12 06:29"
"-1.90","","-5.10","72","759","1012","","","","0.70","","S","Небольшая облачность","2026-01-12 06:30"
"-1.90","","-5.10","72","759","1012","","","","0.70","","S","Небольшая облачность","2026-01-12 06:31"
"-1.90","","-5.10","72","759","1012","","","","0.70","","S","Небольшая облачность","2026-01-12 06:32"
"-1.90","","-5.10","72","759","1012","","","","0.70","","S","Небольшая облачность","2026-01-12 06:33"
"-1.90","","-5.10","72","759","1012","","","","0.70","","S","Небольшая облачность","2026-01-12 06:34"
"-1.90","","-5.10","72","759","1012","","","","0.70","","S","Небольшая облачность","2026-01-12 06:35"
"-2.00","","-5.20","72","758","1011","","","","0.70","","S","Небольшая облачность","2026-01-12 06:36"
"-2.00","","-5.20","72","758","1011","","","","0.70","","S","Небольшая облачность","2026-01-12 06:37"
"-2.00","","-5.20","72","758","1011","","","","0.70","","S","Небольшая облачность","2026-01-12 06:38"
"-2.00","","-5.20","72","758","1011","","","","0.70","","S","Небольшая облачность","2026-01-12 06:39"
"-2.00","","-5.20","72","758","1011","","","","0.70","","S","Небольшая облачность","2026-01-12 06:40"
"-2.00","","-5.20","72","758","1011","","","","0.70","","S","Небольшая облачность","2026-01-12 06:41"
"-2.00","","-5.20","72","758","1011","","","","0.70","","S","Небольшая облачность","2026-01-12 06:42"
"-2.00","","-5.20","72","758","1011","","","","0.70","","S","Небольшая облачность","2026-01-12 06:43"
"-2.00","","-5.20","72","758","1011","","","","0.70","","S","Небольшая облачность","2026-01-12 06:44"
"-2.00","","-5.20","72","758","1011","","","","0.70","","S","Небольшая облачность","2026-01-12 06:45"
"-2.00","","-5.20","72","758","1011","","","","0.70","","S","Небольшая облачность","2026-01-12 06:46"
"-2.00","","-5.20","72","758","1011","","","","0.70","","S","Небольшая облачность","2026-01-12 06:47"
"-2.00","","-5.20","72","758","1011","","","","0.70","","S","Небольшая облачность","2026-01-12 06:48"
"-2.00","","-5.20","72","758","1011","","","","0.70","","S","Небольшая облачность","2026-01-12 06:49"
"-2.00","","-5.20","72","758","1011","","","","0.70","","S","Небольшая облачность","2026-01-12 06:50"
"-2.00","","-5.20","72","759","1012","","","","0.70","","S","Небольшая облачность","2026-01-12 06:51"
"-2.00","","-5.20","72","759","1012","","","","0.70","","S","Небольшая облачность","2026-01-12 06:52"
"-2.00","","-5.20","72","759","1012","","","","0.70","","S","Небольшая облачность","2026-01-12 06:53"
"-2.10","","-5.30","72","759","1012","","","","0.70","","S","Небольшая облачность","2026-01-12 06:54"
"-2.10","","-5.30","72","759","1012","","","","0.70","","S","Небольшая облачность","2026-01-12 06:55"
"-2.10","","-5.30","72","759","1012","","","","0.70","","S","Небольшая облачность","2026-01-12 06:56"
"-2.10","","-5.30","72","759","1012","","","","0.70","","S","Небольшая облачность","2026-01-12 06:57"
"-2.10","","-5.30","72","759","1012","","","","0.70","","S","Небольшая облачность","2026-01-12 06:58"
"-2.10","","-5.30","72","759","1012","","","","0.70","","S","Небольшая облачность","2026-01-12 06:59"
"-2.10","","-5.30","72","759","1012","","","","0.70","","S","Небольшая облачность","2026-01-12 07:00"
"-2.10","","-5.30","72","759","1012","","","","0.70","","S","Небольшая облачность","2026-01-12 07:01"
"-2.10","","-5.30","72","759","1012","","","","0.70","","S","Небольшая облачность","2026-01-12 07:02"
"-2.10","","-5.30","73","759","1012","","","","0.70","","S","Небольшая облачность","2026-01-12 07:03"
"-2.10","","-5.30","73","759","1012","","","","0.70","","S","Небольшая облачность","2026-01-12 07:04"
"-2.10","","-5.30","73","759","1012","","","","0.70","","S","Небольшая облачность","2026-01-12 07:05"
"-2.10","","-5.30","73","758","1011","","","","0.70","","S","Небольшая облачность","2026-01-12 07:06"
"-2.10","","-5.30","73","758","1011","","","","0.70","","S","Небольшая облачность","2026-01-12 07:07"
"-2.10","","-5.30","73","758","1011","","","","0.70","","S","Небольшая облачность","2026-01-12 07:08"
"-2.10","","-5.30","73","758","1011","","","","0.70","","S","Небольшая облачность","2026-01-12 07:09"
"-2.10","","-5.30","73","758","1011","","","","0.70","","S","Небольшая облачность","2026-01-12 07:10"
"-2.10","","-5.30","73","758","1011","","","","0.70","","S","Небольшая облачность","2026-01-12 07:11"
"-2.10","","-5.30","73","758","1011","","","","0.70","","S","Небольшая облачность","2026-01-12 07:12"
"-2.10","","-5.30","73","758","1011","","","","0.70","","S","Небольшая облачность","2026-01-12 07:13"
"-2.20","","-5.40","73","758","1011","","","","0.70","","S","Небольшая облачность","2026-01-12 07:14"
"-2.20","","-5.40","73","758","1011","","","","0.70","","S","Небольшая облачность","2026-01-12 07:15"
"-2.20","","-5.40","73","758","1011","","","","0.70","","S","Небольшая облачность","2026-01-12 07:16"
"-2.20","","-5.40","73","758","1011","","","","0.70","","S","Небольшая облачность","2026-01-12 07:17"
"-2.20","","-5.40","73","758","1011","","","","0.70","","S","Небольшая облачность","2026-01-12 07:18"
"-2.10","","-5.30","73","758","1011","","","","0.70","","S","Небольшая облачность","2026-01-12 07:19"
"-2.10","","-5.30","73","758","1011","","","","0.70","","S","Небольшая облачность","2026-01-12 07:20"
"-2.10","","-5.30","73","759","1012","","","","0.70","","S","Небольшая облачность","2026-01-12 07:21"
"-2.10","","-5.30","73","759","1012","","","","0.70","","S","Небольшая облачность","2026-01-12 07:22"
"-2.10","","-5.30","73","759","1012","","","","0.70","","S","Небольшая облачность","2026-01-12 07:23"
"-2.10","","-5.30","73","759","1012","","","","0.70","","S","Небольшая облачность","2026-01-12 07:24"
"-2.10","","-5.30","73","759","1012","","","","0.70","","S","Небольшая облачность","2026-01-12 07:25"
"-2.10","","-5.30","73","759","1012","","","","0.70","","S","Небольшая облачность","2026-01-12 07:26"
"-2.10","","-5.30","73","759","1012","","","","0.70","","S","Небольшая облачность","2026-01-12 07:27"
"-2.20","","-5.40","73","759","1012","","","","0.70","","S","Небольшая облачность","2026-01-12 07:28"
"-2.10","","-5.30","73","759","1012","","","","0.70","","S","Небольшая облачность","2026-01-12 07:29"
"-2.10","","-5.30","73","759","1012","","","","0.70","","S","Небольшая облачность","2026-01-12 07:30"
"-2.10","","-5.30","73","759","1012","","","","0.70","","S","Небольшая облачность","2026-01-12 07:31"
"-2.10","","-5.30","73","759","1012","","","","0.70","","S","Небольшая облачность","2026-01-12 07:32"
"-2.10","","-5.30","73","759","1012","","","","0.70","","S","Небольшая облачность","2026-01-12 07:33"
"-2.10","","-5.30","73","759","1012","","","","0.70","","S","Небольшая облачность","2026-01-12 07:34"
"-2.10","","-5.30","73","759","1012","","","","0.70","","S","Небольшая облачность","2026-01-12 07:35"
"-2.10","","-5.30","73","759","1012","","","","0.70","","S","Небольшая облачность","2026-01-12 07:36"
"-2.10","","-5.30","73","759","1012","","","","0.70","","S","Небольшая облачность","2026-01-12 07:37"
"-2.10","","-5.30","73","759","1012","","","","0.70","","S","Небольшая облачность","2026-01-12 07:38"
"-2.20","","-5.40","73","759","1012","","","","0.70","","S","Небольшая облачность","2026-01-12 07:39"
"-2.20","","-5.40","73","759","1012","","","","0.70","","S","Небольшая облачность","2026-01-12 07:40"
"-2.20","","-5.40","73","759","1012","","","","0.70","","S","Небольшая облачность","2026-01-12 07:41"
"-2.20","","-5.40","73","759","1012","","","","0.70","","S","Небольшая облачность","2026-01-12 07:42"
"-2.20","","-5.40","73","759","1012","","","","0.70","","S","Небольшая облачность","2026-01-12 07:43"
"-2.20","","-5.40","73","759","1012","","","","0.70","","S","Небольшая облачность","2026-01-12 07:44"
"-2.20","","-5.40","73","759","1012","","","","0.70","","S","Небольшая облачность","2026-01-12 07:45"
"-2.20","","-5.40","73","759","1012","","","","0.70","","S","Небольшая облачность","2026-01-12 07:46"
"-2.20","","-5.40","73","759","1012","","","","0.70","","S","Небольшая облачность","2026-01-12 07:47"
"-2.20","","-5.40","73","759","1012","","","","0.70","","S","Небольшая облачность","2026-01-12 07:48"
"-2.20","","-5.40","73","759","1012","","","","0.70","","S","Небольшая облачность","2026-01-12 07:49"
"-2.20","","-5.40","73","759","1012","","","","0.70","","S","Небольшая облачность","2026-01-12 07:50"
"-2.20","","-5.40","73","759","1012","","","","0.70","","S","Небольшая облачность","2026-01-12 07:51"
"-2.20","","-5.40","73","759","1012","","","","0.70","","S","Небольшая облачность","2026-01-12 07:52"
"-2.10","","-5.30","73","759","1012","","","","0.70","","S","Небольшая облачность","2026-01-12 07:53"
"-2.20","","-5.40","73","759","1012","","","","0.70","","S","Небольшая облачность","2026-01-12 07:54"
"-2.20","","-5.40","73","759","1012","","","","0.70","","S","Небольшая облачность","2026-01-12 07:55"
"-2.20","","-5.40","73","759","1012","","","","0.70","","S","Небольшая облачность","2026-01-12 07:56"
"-2.20","","-5.40","73","759","1012","","","","0.70","","S","Небольшая облачность","2026-01-12 07:57"
"-2.20","","-5.40","73","759","1012","","","","0.70","","S","Небольшая облачность","2026-01-12 07:58"
"-2.20","","-5.40","73","759","1012","","","","0.70","","S","Небольшая облачность","2026-01-12 07:59"
"-2.20","","-5.40","73","759","1012","","","","0.70","","S","Небольшая облачность","2026-01-12 08:00"
"-2.10","","-5.30","74","759","1012","","","","0.70","","S","Небольшая облачность","2026-01-12 08:01"
"-2.10","","-5.30","74","759","1012","","","","0.70","","S","Небольшая облачность","2026-01-12 08:02"
"-2.10","","-5.30","74","759","1012","","","","0.70","","S","Небольшая облачность","2026-01-12 08:03"
"-2.10","","-5.30","74","759","1012","","","","0.70","","S","Небольшая облачность","2026-01-12 08:04"
"-2.10","","-5.30","74","759","1012","","","","0.70","","S","Небольшая облачность","2026-01-12 08:05"
"-2.10","","-5.30","74","759","1012","","","","0.70","","S","Небольшая облачность","2026-01-12 08:06"
"-2.20","","-5.40","74","759","1012","","","","0.70","","S","Небольшая облачность","2026-01-12 08:07"
"-2.10","","-5.30","74","759","1012","","","","0.70","","S","Небольшая облачность","2026-01-12 08:08"
"-2.10","","-5.30","74","759","1012","","","","0.70","","S","Небольшая облачность","2026-01-12 08:09"
"-2.10","","-5.30","74","759","1012","","","","0.70","","S","Небольшая облачность","2026-01-12 08:10"
"-2.10","","-5.30","74","759","1012","","","","0.70","","S","Небольшая облачность","2026-01-12 08:11"
"-2.10","","-5.30","74","759","1012","","","","0.70","","S","Небольшая облачность","2026-01-12 08:12"
"-2.10","","-5.30","74","759","1012","","","","0.70","","S","Небольшая облачность","2026-01-12 08:13"
"-2.10","","-5.30","74","759","1012","","","","0.70","","S","Небольшая облачность","2026-01-12 08:14"
"-2.10","","-5.30","74","759","1012","","","","0.70","","S","Небольшая облачность","2026-01-12 08:15"
"-2.10","","-5.30","74","759","1012","","","","0.70","","S","Небольшая облачность","2026-01-12 08:16"
"-2.10","","-5.30","74","759","1012","","","","0.70","","S","Небольшая облачность","2026-01-12 08:17"
"-2.10","","-5.30","74","759","1012","","","","0.70","","S","Небольшая облачность","2026-01-12 08:18"
"-2.10","","-5.30","74","759","1012","","","","0.70","","S","Небольшая облачность","2026-01-12 08:19"
"-2.10","","-5.30","74","759","1012","","","","0.70","","S","Небольшая облачность","2026-01-12 08:20"
"-2.10","","-5.30","74","759","1012","","","","0.70","","S","Небольшая облачность","2026-01-12 08:21"
"-2.10","","-5.30","74","759","1012","","","","0.70","","S","Небольшая облачность","2026-01-12 08:22"
"-2.10","","-5.30","74","759","1012","","","","0.70","","S","Небольшая облачность","2026-01-12 08:23"
"-2.10","","-5.30","74","759","1012","","","","0.70","","S","Небольшая облачность","2026-01-12 08:24"
"-2.10","","-5.30","74","759","1012","","","","0.70","","S","Небольшая облачность","2026-01-12 08:25"
"-2.10","","-5.30","74","759","1012","","","","0.70","","S","Небольшая облачность","2026-01-12 08:26"
"-2.10","","-5.30","74","759","1012","","","","0.70","","S","Небольшая облачность","2026-01-12 08:27"
"-2.10","","-5.30","74","759","1012","","","","0.70","","S","Небольшая облачность","2026-01-12 08:28"
"-2.10","","-5.30","74","759","1012","","","","0.70","","S","Небольшая облачность","2026-01-12 08:29"
"-2.10","","-5.30","74","759","1012","","","","0.70","","S","Небольшая облачность","2026-01-12 08:30"
"-2.10","","-5.30","74","759","1012","","","","0.70","","S","Небольшая облачность","2026-01-12 08:31"
"-2.10","","-5.30","74","759","1012","","","","0.70","","S","Небольшая облачность","2026-01-12 08:32"
"-2.10","","-5.30","74","759","1012","","","","0.70","","S","Небольшая облачность","2026-01-12 08:33"
"-2.10","","-5.30","74","759","1012","","","","0.70","","S","Небольшая облачность","2026-01-12 08:34"
"-2.10","","-5.30","74","759","1012","","","","0.70","","S","Небольшая облачность","2026-01-12 08:35"
"-2.10","","-5.30","74","759","1013","","","","0.70","","S","Небольшая облачность","2026-01-12 08:36"
"-2.20","","-5.40","74","759","1013","","","","0.70","","S","Небольшая облачность","2026-01-12 08:37"
"-2.10","","-5.30","74","759","1013","","","","0.70","","S","Небольшая облачность","2026-01-12 08:38"
"-2.10","","-5.30","74","759","1013","","","","0.70","","S","Небольшая облачность","2026-01-12 08:39"
"-2.10","","-5.30","74","759","1013","","","","0.70","","S","Небольшая облачность","2026-01-12 08:40"
"-2.20","","-5.40","74","759","1013","","","","0.70","","S","Небольшая облачность","2026-01-12 08:41"
"-2.20","","-5.40","74","759","1013","","","","0.70","","S","Небольшая облачность","2026-01-12 08:42"
"-2.20","","-5.40","74","759","1013","","","","0.70","","S","Небольшая облачность","2026-01-12 08:43"
"-2.20","","-5.40","74","759","1013","","","","0.70","","S","Небольшая облачность","2026-01-12 08:44"
"-2.20","","-5.40","74","759","1013","","","","0.70","","S","Небольшая облачность","2026-01-12 08:45"
"-2.20","","-5.40","74","759","1013","","","","0.70","","S","Небольшая облачность","2026-01-12 08:46"
"-2.20","","-5.40","74","759","1013","","","","0.70","","S","Небольшая облачность","2026-01-12 08:47"
"-2.20","","-5.40","74","759","1013","","","","0.70","","S","Небольшая облачность","2026-01-12 08:48"
"-2.20","","-5.40","74","759","1013","","","","0.70","","S","Небольшая облачность","2026-01-12 08:49"
"-2.20","","-5.40","74","759","1013","","","","0.70","","S","Небольшая облачность","2026-01-12 08:50"
"-2.20","","-5.40","74","759","1013","","","","0.70","","S","Небольшая облачность","2026-01-12 08:51"
"-2.20","","-5.40","74","759","1013","","","","0.70","","S","Небольшая облачность","2026-01-12 08:52"
"-2.20","","-5.40","74","759","1013","","","","0.70","","S","Небольшая облачность","2026-01-12 08:53"
"-2.20","","-5.40","74","759","1013","","","","0.70","","S","Небольшая облачность","2026-01-12 08:54"
"-2.20","","-5.40","74","759","1013","","","","0.70","","S","Небольшая облачность","2026-01-12 08:55"
"-2.20","","-5.40","74","759","1013","","","","0.70","","S","Небольшая облачность","2026-01-12 08:56"
"-2.20","","-5.40","74","759","1013","","","","0.70","","S","Небольшая облачность","2026-01-12 08:57"
"-2.20","","-5.40","74","759","1013","","","","0.70","","S","Небольшая облачность","2026-01-12 08:58"
"-2.20","","-5.40","74","759","1013","","","","0.70","","S","Небольшая облачность","2026-01-12 08:59"
"-2.20","","-5.40","74","759","1013","","","","0.70","","S","Небольшая облачность","2026-01-12 09:00"
"-2.20","","-5.40","74","759","1013","","","","0.70","","S","Небольшая облачность","2026-01-12 09:01"
"-2.20","","-5.40","74","759","1013","","","","0.70","","S","Небольшая облачность","2026-01-12 09:02"
"-2.20","","-5.40","74","759","1013","","","","0.70","","S","Небольшая облачность","2026-01-12 09:04"
"-2.20","","-5.40","74","759","1013","","","","0.70","","S","Небольшая облачность","2026-01-12 09:05"
"-2.20","","-5.40","74","759","1013","","","","0.70","","S","Небольшая облачность","2026-01-12 09:06"
"-2.20","","-5.40","74","759","1013","","","","0.70","","S","Небольшая облачность","2026-01-12 09:07"
"-2.20","","-5.40","74","759","1013","","","","0.70","","S","Небольшая облачность","2026-01-12 09:08"
"-2.20","","-5.40","74","759","1013","","","","0.70","","S","Небольшая облачность","2026-01-12 09:09"
"-2.20","","-5.40","74","759","1013","","","","0.70","","S","Небольшая облачность","2026-01-12 09:10"
"-2.20","","-5.40","74","759","1013","","","","0.70","","S","Небольшая облачность","2026-01-12 09:11"
"-2.20","","-5.40","74","759","1013","","","","0.70","","S","Небольшая облачность","2026-01-12 09:12"
"-2.30","","-5.50","74","759","1013","","","","0.70","","S","Небольшая облачность","2026-01-12 09:13"
"-2.30","","-5.50","74","759","1013","","","","0.70","","S","Небольшая облачность","2026-01-12 09:14"
"-2.30","","-5.50","74","759","1013","","","","0.70","","S","Небольшая облачность","2026-01-12 09:15"
"-2.30","","-5.50","74","759","1013","","","","0.70","","S","Небольшая облачность","2026-01-12 09:16"
"-2.30","","-5.50","74","759","1013","","","","0.70","","S","Небольшая облачность","2026-01-12 09:17"
"-2.30","","-5.50","74","759","1013","","","","0.70","","S","Небольшая облачность","2026-01-12 09:18"
"-2.30","","-5.50","74","759","1013","","","","0.70","","S","Небольшая облачность","2026-01-12 09:19"
"-2.30","","-5.50","74","759","1013","","","","0.70","","S","Небольшая облачность","2026-01-12 09:20"
"-2.30","","-5.50","74","759","1013","","","","0.70","","S","Небольшая облачность","2026-01-12 09:21"
"-2.30","","-5.50","74","759","1013","","","","0.70","","S","Небольшая облачность","2026-01-12 09:22"
"-2.30","","-5.50","74","759","1013","","","","0.70","","S","Небольшая облачность","2026-01-12 09:23"
"-2.30","","-5.50","74","759","1013","","","","0.70","","S","Небольшая облачность","2026-01-12 09:24"
"-2.30","","-5.50","74","759","1013","","","","0.70","","S","Небольшая облачность","2026-01-12 09:25"
"-2.30","","-5.50","74","759","1013","","","","0.70","","S","Небольшая облачность","2026-01-12 09:26"
"-2.30","","-5.50","74","759","1013","","","","0.70","","S","Небольшая облачность","2026-01-12 09:27"
"-2.30","","-5.50","74","759","1013","","","","0.70","","S","Небольшая облачность","2026-01-12 09:28"
"-2.30","","-5.50","74","759","1013","","","","0.70","","S","Небольшая облачность","2026-01-12 09:29"
"-2.30","","-5.50","74","759","1013","","","","0.70","","S","Небольшая облачность","2026-01-12 09:30"
"-2.30","","-5.50","74","759","1013","","","","0.70","","S","Небольшая облачность","2026-01-12 09:31"
"-2.30","","-5.50","74","759","1013","","","","0.70","","S","Небольшая облачность","2026-01-12 09:32"
"-2.30","","-5.50","74","759","1013","","","","0.70","","S","Небольшая облачность","2026-01-12 09:33"
"-2.30","","-5.50","74","759","1013","","","","0.70","","S","Небольшая облачность","2026-01-12 09:34"
"-2.30","","-5.50","74","759","1013","","","","0.70","","S","Небольшая облачность","2026-01-12 09:35"
"-2.30","","-5.50","74","759","1013","","","","0.70","","S","Небольшая облачность","2026-01-12 09:36"
"-2.30","","-5.50","74","759","1013","","","","0.70","","S","Небольшая облачность","2026-01-12 09:37"
"-2.30","","-5.50","74","759","1013","","","","0.70","","S","Небольшая облачность","2026-01-12 09:38"
"-2.30","","-5.50","74","759","1013","","","","0.70","","S","Небольшая облачность","2026-01-12 09:39"
"-2.30","","-5.50","74","759","1013","","","","0.70","","S","Небольшая облачность","2026-01-12 09:40"
"-2.30","","-5.50","74","759","1013","","","","0.70","","S","Небольшая облачность","2026-01-12 09:41"
"-2.30","","-5.50","74","759","1013","","","","0.70","","S","Небольшая облачность","2026-01-12 09:42"
"-2.30","","-5.50","75","759","1013","","","","0.70","","S","Небольшая облачность","2026-01-12 09:43"
"-2.30","","-5.50","75","759","1013","","","","0.70","","S","Небольшая облачность","2026-01-12 09:44"
"-2.30","","-5.50","75","759","1013","","","","0.70","","S","Небольшая облачность","2026-01-12 09:45"
"-2.30","","-5.50","75","759","1013","","","","0.70","","S","Небольшая облачность","2026-01-12 09:46"
"-2.30","","-5.50","75","759","1013","","","","0.70","","S","Небольшая облачность","2026-01-12 09:47"
"-2.20","","-5.40","75","759","1013","","","","0.70","","S","Небольшая облачность","2026-01-12 09:48"
"-2.20","","-5.40","75","759","1013","","","","0.70","","S","Небольшая облачность","2026-01-12 09:49"
"-2.30","","-5.50","75","759","1013","","","","0.70","","S","Небольшая облачность","2026-01-12 09:50"
"-2.30","","-5.50","75","759","1013","","","","0.70","","S","Небольшая облачность","2026-01-12 09:51"
"-2.30","","-5.50","75","759","1013","","","","0.70","","S","Небольшая облачность","2026-01-12 09:52"
"-2.30","","-5.50","75","759","1013","","","","0.70","","S","Небольшая облачность","2026-01-12 09:53"
"-2.30","","-5.50","75","759","1013","","","","0.70","","S","Небольшая облачность","2026-01-12 09:54"
"-2.30","","-5.50","75","759","1013","","","","0.70","","S","Небольшая облачность","2026-01-12 09:55"
"-2.30","","-5.50","75","759","1013","","","","0.70","","S","Небольшая облачность","2026-01-12 09:56"
"-2.30","","-5.50","75","759","1013","","","","0.70","","S","Небольшая облачность","2026-01-12 09:57"
"-2.30","","-5.50","75","759","1013","","","","0.70","","S","Небольшая облачность","2026-01-12 09:58"
"-2.30","","-5.50","75","759","1013","","","","0.70","","S","Небольшая облачность","2026-01-12 09:59"
"-2.30","","-5.50","75","759","1013","","","","0.70","","S","Небольшая облачность","2026-01-12 10:00"
"-2.30","","-5.50","75","759","1013","","","","0.70","","S","Небольшая облачность","2026-01-12 10:01"
"-2.30","","-5.50","75","759","1013","","","","0.70","","S","Небольшая облачность","2026-01-12 10:02"
"-2.30","","-5.50","75","759","1013","","","","0.70","","S","Небольшая облачность","2026-01-12 10:03"
"-2.30","","-5.50","75","759","1013","","","","0.70","","S","Небольшая облачность","2026-01-12 10:04"
"-2.30","","-5.50","75","759","1013","","","","0.70","","S","Небольшая облачность","2026-01-12 10:05"
"-2.30","","-5.50","75","759","1013","","","","0.70","","S","Небольшая облачность","2026-01-12 10:06"
"-2.30","","-5.50","75","759","1012","","","","0.70","","S","Небольшая облачность","2026-01-12 10:07"
"-2.30","","-5.50","74","759","1012","","","","0.70","","S","Небольшая облачность","2026-01-12 10:08"
"-2.30","","-5.50","74","759","1012","","","","0.70","","S","Небольшая облачность","2026-01-12 10:09"
"-2.40","","-5.60","74","759","1012","","","","0.70","","S","Небольшая облачность","2026-01-12 10:10"
"-2.40","","-5.60","74","759","1012","","","","0.70","","S","Небольшая облачность","2026-01-12 10:11"
"-2.40","","-5.60","74","759","1012","","","","0.70","","S","Небольшая облачность","2026-01-12 10:12"
"-2.40","","-5.60","74","759","1012","","","","0.70","","S","Небольшая облачность","2026-01-12 10:13"
"-2.40","","-5.60","74","759","1012","","","","0.70","","S","Небольшая облачность","2026-01-12 10:14"
"-2.30","","-5.50","75","759","1012","","","","0.70","","S","Небольшая облачность","2026-01-12 10:15"
"-2.30","","-5.50","75","759","1012","","","","0.70","","S","Небольшая облачность","2026-01-12 10:16"
"-2.30","","-5.50","75","759","1012","","","","0.70","","S","Небольшая облачность","2026-01-12 10:17"
"-2.30","","-5.50","75","759","1012","","","","0.70","","S","Небольшая облачность","2026-01-12 10:18"
"-2.30","","-5.50","75","759","1012","","","","0.70","","S","Небольшая облачность","2026-01-12 10:19"
"-2.30","","-5.50","75","759","1012","","","","0.70","","S","Небольшая облачность","2026-01-12 10:20"
"-2.30","","-5.50","75","759","1013","","","","0.70","","S","Небольшая облачность","2026-01-12 10:21"
"-2.30","","-5.50","75","759","1013","","","","0.70","","S","Небольшая облачность","2026-01-12 10:22"
"-2.30","","-5.50","75","759","1013","","","","0.70","","S","Небольшая облачность","2026-01-12 10:23"
"-2.30","","-5.50","75","759","1013","","","","0.70","","S","Небольшая облачность","2026-01-12 10:24"
"-2.30","","-5.50","75","759","1013","","","","0.70","","S","Небольшая облачность","2026-01-12 10:25"
"-2.30","","-5.50","75","759","1013","","","","0.70","","S","Небольшая облачность","2026-01-12 10:26"
"-2.40","","-5.60","75","759","1013","","","","0.70","","S","Небольшая облачность","2026-01-12 10:27"
"-2.40","","-5.60","75","759","1013","","","","0.70","","S","Небольшая облачность","2026-01-12 10:28"
"-2.40","","-5.60","75","759","1013","","","","0.70","","S","Небольшая облачность","2026-01-12 10:29"
"-2.40","","-5.60","75","759","1013","","","","0.70","","S","Небольшая облачность","2026-01-12 10:30"
"-2.40","","-5.60","75","759","1013","","","","0.70","","S","Небольшая облачность","2026-01-12 10:31"
"-2.40","","-5.60","75","759","1013","","","","0.70","","S","Небольшая облачность","2026-01-12 10:32"
"-2.40","","-5.60","75","759","1013","","","","0.70","","S","Небольшая облачность","2026-01-12 10:33"
"-2.40","","-5.60","75","759","1013","","","","0.70","","S","Небольшая облачность","2026-01-12 10:34"
"-2.40","","-5.60","74","759","1013","","","","0.70","","S","Небольшая облачность","2026-01-12 10:35"
"-2.40","","-5.60","74","759","1012","","","","0.70","","S","Небольшая облачность","2026-01-12 10:36"
"-2.40","","-5.60","74","759","1012","","","","0.70","","S","Небольшая облачность","2026-01-12 10:37"
"-2.40","","-5.60","74","759","1012","","","","0.70","","S","Небольшая облачность","2026-01-12 10:38"
"-2.40","","-5.60","75","759","1012","","","","0.70","","S","Небольшая облачность","2026-01-12 10:39"
"-2.40","","-5.60","75","759","1012","","","","0.70","","S","Небольшая облачность","2026-01-12 10:40"
"-2.40","","-5.60","75","759","1012","","","","0.70","","S","Небольшая облачность","2026-01-12 10:41"
"-2.40","","-5.60","74","759","1012","","","","0.70","","S","Небольшая облачность","2026-01-12 10:42"
"-2.40","","-5.60","74","759","1012","","","","0.70","","S","Небольшая облачность","2026-01-12 10:43"
"-2.40","","-5.60","74","759","1012","","","","0.70","","S","Небольшая облачность","2026-01-12 10:44"
"-2.40","","-5.60","74","759","1012","","","","0.70","","S","Небольшая облачность","2026-01-12 10:45"
"-2.40","","-5.60","74","759","1012","","","","0.70","","S","Небольшая облачность","2026-01-12 10:46"
"-2.40","","-5.60","74","759","1012","","","","0.70","","S","Небольшая облачность","2026-01-12 10:47"
"-2.50","","-5.70","75","759","1012","","","","0.70","","S","Небольшая облачность","2026-01-12 10:48"
"-2.50","","-5.70","75","759","1012","","","","0.70","","S","Небольшая облачность","2026-01-12 10:49"
"-2.50","","-5.70","74","759","1012","","","","0.70","","S","Небольшая облачность","2026-01-12 10:50"
"-2.50","","-5.70","74","759","1012","","","","0.70","","S","Небольшая облачность","2026-01-12 10:51"
"-2.50","","-5.70","74","759","1012","","","","0.70","","S","Небольшая облачность","2026-01-12 10:52"
"-2.50","","-5.70","74","759","1012","","","","0.70","","S","Небольшая облачность","2026-01-12 10:53"
"-2.50","","-5.70","74","759","1012","","","","0.70","","S","Небольшая облачность","2026-01-12 10:54"
"-2.50","","-5.70","74","759","1012","","","","0.70","","S","Небольшая облачность","2026-01-12 10:55"
"-2.50","","-5.70","74","759","1012","","","","0.70","","S","Небольшая облачность","2026-01-12 10:56"
"-2.50","","-5.70","74","759","1012","","","","0.70","","S","Небольшая облачность","2026-01-12 10:57"
"-2.60","","-5.90","74","759","1012","","","","0.70","","S","Небольшая облачность","2026-01-12 10:58"
"-2.60","","-5.90","74","759","1012","","","","0.70","","S","Небольшая облачность","2026-01-12 10:59"
"-2.60","","-5.90","74","759","1012","","","","0.70","","S","Небольшая облачность","2026-01-12 11:00"
"-2.60","","-5.90","74","759","1012","","","","0.70","","S","Небольшая облачность","2026-01-12 11:01"
"-2.60","","-5.90","74","759","1012","","","","0.70","","S","Небольшая облачность","2026-01-12 11:02"
"-2.60","","-5.90","74","759","1012","","","","0.70","","S","Небольшая облачность","2026-01-12 11:03"
"-2.60","","-5.90","74","759","1012","","","","0.70","","S","Небольшая облачность","2026-01-12 11:04"
"-2.60","","-5.90","74","759","1012","","","","0.70","","S","Небольшая облачность","2026-01-12 11:05"
"-2.60","","-5.90","74","759","1013","","","","0.70","","S","Небольшая облачность","2026-01-12 11:06"
"-2.60","","-5.90","74","759","1013","","","","0.70","","S","Небольшая облачность","2026-01-12 11:07"
"-2.60","","-5.90","74","759","1013","","","","0.70","","S","Небольшая облачность","2026-01-12 11:08"
"-2.60","","-5.90","74","759","1013","","","","0.70","","S","Небольшая облачность","2026-01-12 11:09"
"-2.60","","-5.90","74","759","1013","","","","0.70","","S","Небольшая облачность","2026-01-12 11:10"
"-2.60","","-5.90","74","759","1013","","","","0.70","","S","Небольшая облачность","2026-01-12 11:11"
"-2.60","","-5.90","74","759","1013","","","","0.70","","S","Небольшая облачность","2026-01-12 11:12"
"-2.60","","-5.90","74","759","1013","","","","0.70","","S","Небольшая облачность","2026-01-12 11:13"
"-2.60","","-5.90","74","759","1013","","","","0.70","","S","Небольшая облачность","2026-01-12 11:14"
"-2.60","","-5.80","75","759","1013","","","","0.70","","S","Небольшая облачность","2026-01-12 11:15"
"-2.60","","-5.80","75","759","1013","","","","0.70","","S","Небольшая облачность","2026-01-12 11:16"
"-2.60","","-5.80","75","759","1013","","","","0.70","","S","Небольшая облачность","2026-01-12 11:17"
"-2.60","","-5.90","74","759","1013","","","","0.70","","S","Небольшая облачность","2026-01-12 11:18"
"-2.60","","-5.90","74","759","1013","","","","0.70","","S","Небольшая облачность","2026-01-12 11:19"
"-2.60","","-5.90","74","759","1013","","","","0.70","","S","Небольшая облачность","2026-01-12 11:20"
"-2.60","","-5.90","74","759","1013","","","","0.70","","S","Небольшая облачность","2026-01-12 11:21"
"-2.60","","-5.90","74","759","1013","","","","0.70","","S","Небольшая облачность","2026-01-12 11:22"
"-2.60","","-5.90","74","759","1013","","","","0.70","","S","Небольшая облачность","2026-01-12 11:23"
"-2.60","","-5.90","74","759","1013","","","","0.70","","S","Небольшая облачность","2026-01-12 11:24"
"-2.60","","-5.90","74","759","1013","","","","0.70","","S","Небольшая облачность","2026-01-12 11:25"
"-2.60","","-5.90","74","759","1013","","","","0.70","","S","Переменная облачность","2026-01-12 11:26"
"-2.70","","-6.00","74","759","1013","","","","0.70","","S","Переменная облачность","2026-01-12 11:27"
"-2.70","","-6.00","74","759","1013","","","","0.70","","S","Переменная облачность","2026-01-12 11:28"
"-2.70","","-6.00","74","759","1013","","","","0.70","","S","Переменная облачность","2026-01-12 11:29"
"-2.70","","-6.00","74","759","1013","","","","0.70","","S","Переменная облачность","2026-01-12 11:30"
"-2.70","","-6.00","74","759","1013","","","","0.70","","S","Переменная облачность","2026-01-12 11:31"
"-2.70","","-6.00","74","759","1013","","","","0.70","","S","Переменная облачность","2026-01-12 11:32"
"-2.70","","-6.00","74","759","1013","","","","0.70","","S","Переменная облачность","2026-01-12 11:33"
"-2.70","","-6.00","74","759","1013","","","","0.70","","S","Переменная облачность","2026-01-12 11:34"
"-2.70","","-6.00","74","759","1013","","","","0.70","","S","Переменная облачность","2026-01-12 11:35"
"-2.70","","-6.00","74","759","1013","","","","0.70","","S","Переменная облачность","2026-01-12 11:36"
"-2.70","","-6.00","74","759","1013","","","","0.70","","S","Переменная облачность","2026-01-12 11:37"
"-2.70","","-6.00","74","759","1013","","","","0.70","","S","Переменная облачность","2026-01-12 11:38"
"-2.70","","-6.00","74","759","1013","","","","0.70","","S","Переменная облачность","2026-01-12 11:39"
"-2.70","","-6.00","74","759","1013","","","","0.70","","S","Переменная облачность","2026-01-12 11:40"
"-2.70","","-6.00","74","759","1013","","","","0.70","","S","Переменная облачность","2026-01-12 11:41"
"-2.70","","-6.00","74","759","1013","","","","0.70","","S","Переменная облачность","2026-01-12 11:42"
"-2.70","","-6.00","74","759","1013","","","","0.70","","S","Переменная облачность","2026-01-12 11:43"
"-2.70","","-6.00","74","759","1013","","","","0.70","","S","Переменная облачность","2026-01-12 11:44"
"-2.70","","-6.00","74","759","1013","","","","0.70","","S","Переменная облачность","2026-01-12 11:45"
"-2.70","","-6.00","74","759","1013","","","","0.70","","S","Переменная облачность","2026-01-12 11:46"
"-2.70","","-6.00","74","759","1013","","","","0.70","","S","Переменная облачность","2026-01-12 11:47"
"-2.70","","-6.00","74","759","1013","","","","0.70","","S","Переменная облачность","2026-01-12 11:48"
"-2.70","","-6.00","74","759","1013","","","","0.70","","S","Переменная облачность","2026-01-12 11:49"
"-2.70","","-6.00","74","759","1013","","","","0.70","","S","Переменная облачность","2026-01-12 11:50"
"-2.70","","-6.00","74","759","1013","","","","0.70","","S","Переменная облачность","2026-01-12 11:51"
"-2.70","","-6.00","74","759","1013","","","","0.70","","S","Переменная облачность","2026-01-12 11:52"
"-2.70","","-6.00","74","759","1013","","","","0.70","","S","Переменная облачность","2026-01-12 11:53"
"-2.70","","-6.00","74","759","1013","","","","0.70","","S","Переменная облачность","2026-01-12 11:54"
"-2.80","","-6.10","74","759","1013","","","","0.70","","S","Переменная облачность","2026-01-12 11:55"
"-2.80","","-6.10","74","759","1013","","","","0.70","","S","Переменная облачность","2026-01-12 11:56"
"-2.80","","-6.10","74","759","1013","","","","0.70","","S","Переменная облачность","2026-01-12 11:57"
"-2.80","","-6.10","74","759","1013","","","","0.70","","S","Переменная облачность","2026-01-12 11:58"
"-2.80","","-6.10","74","759","1013","","","","0.70","","S","Переменная облачность","2026-01-12 11:59"
"-2.80","","-6.10","74","759","1013","","","","0.70","","S","Переменная облачность","2026-01-12 12:00"
"-2.80","","-6.10","74","759","1013","","","","0.70","","S","Переменная облачность","2026-01-12 12:01"
"-2.80","","-6.10","74","759","1013","","","","0.70","","S","Переменная облачность","2026-01-12 12:02"
"-2.80","","-6.10","74","759","1013","","","","0.70","","S","Переменная облачность","2026-01-12 12:03"
"-2.80","","-6.10","74","759","1013","","","","0.70","","S","Переменная облачность","2026-01-12 12:04"
"-2.80","","-6.10","74","759","1013","","","","0.70","","S","Переменная облачность","2026-01-12 12:05"
"-2.80","","-6.10","74","760","1014","","","","0.70","","S","Переменная облачность","2026-01-12 12:06"
"-2.80","","-6.10","73","760","1014","","","","0.70","","S","Переменная облачность","2026-01-12 12:07"
"-2.80","","-6.10","73","760","1014","","","","0.70","","S","Переменная облачность","2026-01-12 12:08"
"-2.80","","-6.10","73","760","1014","","","","0.70","","S","Переменная облачность","2026-01-12 12:09"
"-2.80","","-6.10","73","760","1014","","","","0.70","","S","Переменная облачность","2026-01-12 12:10"
"-2.80","","-6.10","73","760","1014","","","","0.70","","S","Переменная облачность","2026-01-12 12:11"
"-2.90","","-6.20","73","760","1014","","","","0.70","","S","Переменная облачность","2026-01-12 12:12"
"-2.90","","-6.20","73","760","1014","","","","0.70","","S","Переменная облачность","2026-01-12 12:13"
"-2.90","","-6.20","73","760","1014","","","","0.70","","S","Переменная облачность","2026-01-12 12:14"
"-2.90","","-6.20","73","760","1014","","","","0.70","","S","Переменная облачность","2026-01-12 12:15"
"-2.90","","-6.20","73","760","1014","","","","0.70","","S","Переменная облачность","2026-01-12 12:16"
"-2.90","","-6.20","73","760","1014","","","","0.70","","S","Переменная облачность","2026-01-12 12:17"
"-2.90","","-6.20","73","760","1014","","","","0.70","","S","Переменная облачность","2026-01-12 12:18"
"-2.90","","-6.20","73","760","1014","","","","0.70","","S","Переменная облачность","2026-01-12 12:19"
"-3.00","","-6.30","73","760","1014","","","","0.70","","S","Переменная облачность","2026-01-12 12:20"
"-3.00","","-6.30","73","759","1013","","","","0.70","","S","Переменная облачность","2026-01-12 12:21"
"-3.00","","-6.30","73","759","1013","","","","0.70","","S","Переменная облачность","2026-01-12 12:22"
"-3.00","","-6.30","73","759","1013","","","","0.70","","S","Переменная облачность","2026-01-12 12:23"
"-3.00","","-6.30","73","759","1013","","","","0.70","","S","Переменная облачность","2026-01-12 12:24"
"-3.00","","-6.30","73","759","1013","","","","0.70","","S","Переменная облачность","2026-01-12 12:25"
"-3.00","","-6.30","73","759","1013","","","","0.70","","S","Переменная облачность","2026-01-12 12:26"
"-3.00","","-6.30","73","759","1013","","","","0.70","","S","Переменная облачность","2026-01-12 12:27"
"-3.00","","-6.30","73","759","1013","","","","0.70","","S","Переменная облачность","2026-01-12 12:28"
"-3.10","","-6.40","73","759","1013","","","","0.70","","S","Переменная облачность","2026-01-12 12:29"
"-3.10","","-6.40","73","759","1013","","","","0.70","","S","Переменная облачность","2026-01-12 12:30"
"-3.10","","-6.40","73","759","1013","","","","0.70","","S","Переменная облачность","2026-01-12 12:31"
"-3.10","","-6.40","72","759","1013","","","","0.70","","S","Переменная облачность","2026-01-12 12:32"
"-3.10","","-6.40","72","759","1013","","","","0.70","","S","Переменная облачность","2026-01-12 12:33"
"-3.10","","-6.40","72","759","1013","","","","0.70","","S","Переменная облачность","2026-01-12 12:34"
"-3.10","","-6.40","72","759","1013","","","","0.70","","S","Переменная облачность","2026-01-12 12:35"
"-3.10","","-6.40","72","760","1014","","","","0.70","","S","Переменная облачность","2026-01-12 12:36"
"-3.10","","-6.40","72","760","1014","","","","0.70","","S","Переменная облачность","2026-01-12 12:37"
"-3.10","","-6.40","72","760","1014","","","","0.70","","S","Переменная облачность","2026-01-12 12:38"
"-3.20","","-6.50","72","760","1014","","","","0.70","","S","Переменная облачность","2026-01-12 12:39"
"-3.20","","-6.50","72","760","1014","","","","0.70","","S","Переменная облачность","2026-01-12 12:40"
"-3.20","","-6.50","72","760","1014","","","","0.70","","S","Переменная облачность","2026-01-12 12:41"
"-3.20","","-6.50","72","760","1014","","","","0.70","","S","Переменная облачность","2026-01-12 12:42"
"-3.20","","-6.50","72","760","1014","","","","0.70","","S","Переменная облачность","2026-01-12 12:43"
"-3.20","","-6.50","72","760","1014","","","","0.70","","S","Переменная облачность","2026-01-12 12:44"
"-3.20","","-6.50","72","760","1014","","","","0.70","","S","Переменная облачность","2026-01-12 12:45"
"-3.20","","-6.50","72","760","1014","","","","0.70","","S","Переменная облачность","2026-01-12 12:46"
"-3.20","","-6.50","72","760","1014","","","","0.70","","S","Переменная облачность","2026-01-12 12:47"
"-3.20","","-6.50","72","760","1014","","","","0.70","","S","Переменная облачность","2026-01-12 12:48"
"-3.20","","-6.50","72","760","1014","","","","0.70","","S","Переменная облачность","2026-01-12 12:49"
"-3.20","","-6.50","72","760","1014","","","","0.70","","S","Переменная облачность","2026-01-12 12:50"
"-3.30","","-6.70","72","760","1014","","","","0.70","","S","Переменная облачность","2026-01-12 12:51"
"-3.30","","-6.70","72","760","1014","","","","0.70","","S","Переменная облачность","2026-01-12 12:52"
"-3.30","","-6.70","72","760","1014","","","","0.70","","S","Переменная облачность","2026-01-12 12:53"
"-3.30","","-6.70","72","760","1014","","","","0.70","","S","Переменная облачность","2026-01-12 12:54"
"-3.30","","-6.70","72","760","1014","","","","0.70","","S","Переменная облачность","2026-01-12 12:55"
"-3.30","","-6.70","72","760","1014","","","","0.70","","S","Переменная облачность","2026-01-12 12:56"
"-3.30","","-6.70","72","760","1014","","","","0.70","","S","Переменная облачность","2026-01-12 12:57"
"-3.30","","-6.70","72","760","1014","","","","0.70","","S","Переменная облачность","2026-01-12 12:58"
"-3.30","","-6.70","72","760","1014","","","","0.70","","S","Переменная облачность","2026-01-12 12:59"
"-3.30","","-6.70","72","760","1014","","","","0.70","","S","Переменная облачность","2026-01-12 13:00"
"-3.30","","-6.70","72","760","1014","","","","0.70","","S","Переменная облачность","2026-01-12 13:01"
"-3.30","","-6.70","72","760","1014","","","","0.70","","S","Переменная облачность","2026-01-12 13:02"
"-3.30","","-6.70","72","760","1014","","","","0.70","","S","Переменная облачность","2026-01-12 13:03"
"-3.30","","-6.70","72","760","1014","","","","0.70","","S","Переменная облачность","2026-01-12 13:04"
"-3.30","","-6.70","72","760","1014","","","","0.70","","S","Переменная облачность","2026-01-12 13:05"
"-3.30","","-6.70","72","759","1013","","","","0.70","","S","Небольшая облачность","2026-01-12 13:06"
"-3.30","","-6.70","72","759","1013","","","","0.70","","S","Небольшая облачность","2026-01-12 13:07"
"-3.30","","-6.70","72","759","1013","","","","0.70","","S","Небольшая облачность","2026-01-12 13:08"
"-3.30","","-6.70","72","759","1013","","","","0.70","","S","Небольшая облачность","2026-01-12 13:09"
"-3.30","","-6.60","73","759","1013","","","","0.70","","S","Небольшая облачность","2026-01-12 13:10"
"-3.30","","-6.60","73","759","1013","","","","0.70","","S","Небольшая облачность","2026-01-12 13:11"
"-3.30","","-6.60","73","759","1013","","","","0.70","","S","Небольшая облачность","2026-01-12 13:12"
"-3.30","","-6.60","73","759","1013","","","","0.70","","S","Небольшая облачность","2026-01-12 13:13"
"-3.30","","-6.60","73","759","1013","","","","0.70","","S","Небольшая облачность","2026-01-12 13:14"
"-3.30","","-6.60","73","759","1013","","","","0.70","","S","Небольшая облачность","2026-01-12 13:15"
"-3.30","","-6.60","73","759","1013","","","","0.70","","S","Небольшая облачность","2026-01-12 13:16"
"-3.30","","-6.60","73","759","1013","","","","0.70","","S","Небольшая облачность","2026-01-12 13:17"
"-3.30","","-6.70","72","759","1013","","","","0.70","","S","Небольшая облачность","2026-01-12 13:18"
"-3.30","","-6.70","72","759","1013","","","","0.70","","S","Небольшая облачность","2026-01-12 13:19"
"-3.30","","-6.70","72","759","1013","","","","0.70","","S","Небольшая облачность","2026-01-12 13:20"
"-3.30","","-6.70","72","760","1014","","","","0.70","","S","Небольшая облачность","2026-01-12 13:21"
"-3.30","","-6.70","72","760","1014","","","","0.70","","S","Небольшая облачность","2026-01-12 13:22"
"-3.30","","-6.70","72","760","1014","","","","0.70","","S","Небольшая облачность","2026-01-12 13:23"
"-3.30","","-6.70","72","760","1014","","","","0.70","","S","Небольшая облачность","2026-01-12 13:24"
"-3.30","","-6.60","73","760","1014","","","","0.70","","S","Небольшая облачность","2026-01-12 13:25"
"-3.30","","-6.60","73","760","1014","","","","0.70","","S","Небольшая облачность","2026-01-12 13:26"
"-3.30","","-6.60","73","760","1014","","","","0.70","","S","Небольшая облачность","2026-01-12 13:27"
"-3.30","","-6.60","73","760","1014","","","","0.70","","S","Небольшая облачность","2026-01-12 13:28"
"-3.30","","-6.70","72","760","1014","","","","0.70","","S","Небольшая облачность","2026-01-12 13:29"
"-3.30","","-6.70","72","760","1014","","","","0.70","","S","Небольшая облачность","2026-01-12 13:30"
"-3.30","","-6.70","72","760","1014","","","","0.70","","S","Небольшая облачность","2026-01-12 13:31"
"-3.30","","-6.70","72","760","1014","","","","0.70","","S","Небольшая облачность","2026-01-12 13:32"
"-3.30","","-6.70","72","760","1014","","","","0.70","","S","Небольшая облачность","2026-01-12 13:33"
"-3.30","","-6.70","72","760","1014","","","","0.70","","S","Небольшая облачность","2026-01-12 13:34"
"-3.30","","-6.70","72","760","1014","","","","0.70","","S","Небольшая облачность","2026-01-12 13:35"
"-3.30","","-6.70","72","760","1014","","","","0.70","","S","Небольшая облачность","2026-01-12 13:36"
"-3.30","","-6.70","72","760","1014","","","","0.70","","S","Небольшая облачность","2026-01-12 13:37"
"-3.30","","-6.70","72","760","1014","","","","0.70","","S","Небольшая облачность","2026-01-12 13:38"
"-3.30","","-6.70","72","760","1014","","","","0.70","","S","Небольшая облачность","2026-01-12 13:39"
"-3.30","","-6.70","72","760","1014","","","","0.70","","S","Небольшая облачность","2026-01-12 13:40"
"-3.30","","-6.70","72","760","1014","","","","0.70","","S","Небольшая облачность","2026-01-12 13:41"
"-3.30","","-6.70","72","760","1014","","","","0.70","","S","Небольшая облачность","2026-01-12 13:42"
"-3.30","","-6.70","72","760","1014","","","","0.70","","S","Небольшая облачность","2026-01-12 13:43"
"-3.30","","-6.60","73","760","1014","","","","0.70","","S","Небольшая облачность","2026-01-12 13:44"
"-3.30","","-6.60","73","760","1014","","","","0.70","","S","Небольшая облачность","2026-01-12 13:45"
"-3.30","","-6.60","73","760","1014","","","","0.70","","S","Небольшая облачность","2026-01-12 13:46"
"-3.30","","-6.60","73","760","1014","","","","0.70","","S","Небольшая облачность","2026-01-12 13:47"
"-3.30","","-6.60","73","760","1014","","","","0.70","","S","Небольшая облачность","2026-01-12 13:48"
"-3.30","","-6.60","73","760","1014","","","","0.70","","S","Небольшая облачность","2026-01-12 13:49"
"-3.30","","-6.60","73","760","1014","","","","0.70","","S","Небольшая облачность","2026-01-12 13:50"
"-3.30","","-6.60","73","760","1014","","","","0.70","","S","Небольшая облачность","2026-01-12 13:51"
"-3.30","","-6.60","73","760","1014","","","","0.70","","S","Небольшая облачность","2026-01-12 13:52"
"-3.30","","-6.60","73","760","1014","","","","0.70","","S","Небольшая облачность","2026-01-12 13:53"
"-3.30","","-6.60","73","760","1014","","","","0.70","","S","Небольшая облачность","2026-01-12 13:54"
"-3.30","","-6.60","73","760","1014","","","","0.70","","S","Небольшая облачность","2026-01-12 13:55"
"-3.30","","-6.60","73","760","1014","","","","0.70","","S","Небольшая облачность","2026-01-12 13:56"
"-3.30","","-6.60","73","760","1014","","","","0.70","","S","Небольшая облачность","2026-01-12 13:57"
"-3.30","","-6.60","73","760","1014","","","","0.70","","S","Небольшая облачность","2026-01-12 13:58"
"-3.30","","-6.60","73","760","1014","","","","0.70","","S","Небольшая облачность","2026-01-12 13:59"
"-3.30","","-6.60","73","760","1014","","","","0.70","","S","Небольшая облачность","2026-01-12 14:00"
"-3.30","","-6.60","73","760","1014","","","","0.70","","S","Небольшая облачность","2026-01-12 14:01"
"-3.30","","-6.60","73","760","1014","","","","0.70","","S","Небольшая облачность","2026-01-12 14:02"
"-3.30","","-6.60","73","760","1014","","","","0.70","","S","Небольшая облачность","2026-01-12 14:03"
"-3.30","","-6.60","73","760","1014","","","","0.70","","S","Небольшая облачность","2026-01-12 14:04"
"-3.30","","-6.60","73","760","1014","","","","0.70","","S","Небольшая облачность","2026-01-12 14:05"
"-3.30","","-6.70","72","760","1014","","","","0.70","","S","Небольшая облачность","2026-01-12 14:06"
"-3.30","","-6.70","72","760","1014","","","","0.70","","S","Небольшая облачность","2026-01-12 14:07"
"-3.30","","-6.70","72","760","1014","","","","0.70","","S","Небольшая облачность","2026-01-12 14:08"
"-3.30","","-6.70","72","760","1014","","","","0.70","","S","Небольшая облачность","2026-01-12 14:09"
"-3.30","","-6.70","72","760","1014","","","","0.70","","S","Небольшая облачность","2026-01-12 14:10"
"-3.30","","-6.70","72","760","1014","","","","0.70","","S","Небольшая облачность","2026-01-12 14:11"
"-3.30","","-6.70","72","760","1014","","","","0.70","","S","Небольшая облачность","2026-01-12 14:12"
"-3.30","","-6.70","72","760","1014","","","","0.70","","S","Небольшая облачность","2026-01-12 14:13"
"-3.30","","-6.70","72","760","1014","","","","0.70","","S","Небольшая облачность","2026-01-12 14:14"
"-3.30","","-6.70","72","760","1014","","","","0.70","","S","Небольшая облачность","2026-01-12 14:15"
"-3.30","","-6.70","72","760","1014","","","","0.70","","S","Небольшая облачность","2026-01-12 14:16"
"-3.30","","-6.70","72","760","1014","","","","0.70","","S","Небольшая облачность","2026-01-12 14:17"
"-3.30","","-6.70","72","760","1014","","","","0.70","","S","Небольшая облачность","2026-01-12 14:18"
"-3.30","","-6.70","72","760","1014","","","","0.70","","S","Небольшая облачность","2026-01-12 14:19"
"-3.30","","-6.70","72","760","1014","","","","0.70","","S","Небольшая облачность","2026-01-12 14:20"
"-3.30","","-6.70","72","760","1014","","","","0.70","","S","Небольшая облачность","2026-01-12 14:21"
"-3.30","","-6.70","72","760","1014","","","","0.70","","S","Небольшая облачность","2026-01-12 14:22"
"-3.30","","-6.70","72","760","1014","","","","0.70","","S","Небольшая облачность","2026-01-12 14:23"
"-3.30","","-6.70","72","760","1014","","","","0.70","","S","Небольшая облачность","2026-01-12 14:24"
"-3.30","","-6.70","72","760","1014","","","","0.70","","S","Небольшая облачность","2026-01-12 14:25"
"-3.30","","-6.70","72","760","1014","","","","0.70","","S","Небольшая облачность","2026-01-12 14:26"
"-3.30","","-6.70","72","760","1014","","","","0.70","","S","Небольшая облачность","2026-01-12 14:27"
"-3.30","","-6.70","72","760","1014","","","","0.70","","S","Небольшая облачность","2026-01-12 14:28"
"-3.30","","-6.70","72","760","1014","","","","0.70","","S","Небольшая облачность","2026-01-12 14:29"
"-3.30","","-6.70","72","760","1014","","","","0.70","","S","Небольшая облачность","2026-01-12 14:30"
"-3.30","","-6.70","72","760","1014","","","","0.70","","S","Небольшая облачность","2026-01-12 14:31"
"-3.30","","-6.70","72","760","1014","","","","0.70","","S","Небольшая облачность","2026-01-12 14:32"
"-3.30","","-6.70","72","760","1014","","","","0.70","","S","Небольшая облачность","2026-01-12 14:33"
"-3.30","","-6.70","72","760","1014","","","","0.70","","S","Небольшая облачность","2026-01-12 14:34"
"-3.30","","-6.70","72","760","1014","","","","0.70","","S","Небольшая облачность","2026-01-12 14:35"
"-3.30","","-6.70","72","760","1014","","","","0.70","","S","Небольшая облачность","2026-01-12 14:36"
"-3.30","","-6.70","72","760","1014","","","","0.70","","S","Небольшая облачность","2026-01-12 14:37"
"-3.30","","-6.70","72","760","1014","","","","0.70","","S","Небольшая облачность","2026-01-12 14:38"
"-3.30","","-6.70","72","760","1014","","","","0.70","","S","Небольшая облачность","2026-01-12 14:39"
"-3.30","","-6.70","72","760","1014","","","","0.70","","S","Небольшая облачность","2026-01-12 14:40"
"-3.30","","-6.70","72","760","1014","","","","0.70","","S","Небольшая облачность","2026-01-12 14:41"
"-3.30","","-6.70","72","760","1014","","","","0.70","","S","Небольшая облачность","2026-01-12 14:42"
"-3.30","","-6.70","72","760","1014","","","","0.70","","S","Небольшая облачность","2026-01-12 14:43"
"-3.30","","-6.70","72","760","1014","","","","0.70","","S","Небольшая облачность","2026-01-12 14:44"
"-3.30","","-6.70","72","760","1014","","","","0.70","","S","Небольшая облачность","2026-01-12 14:45"
"-3.30","","-6.70","72","760","1014","","","","0.70","","S","Небольшая облачность","2026-01-12 14:46"
"-3.30","","-6.70","72","760","1014","","","","0.70","","S","Небольшая облачность","2026-01-12 14:47"
"-3.30","","-6.60","73","760","1014","","","","0.70","","S","Небольшая облачность","2026-01-12 14:48"
"-3.30","","-6.60","73","760","1014","","","","0.70","","S","Небольшая облачность","2026-01-12 14:49"
"-3.30","","-6.60","73","760","1014","","","","0.70","","S","Небольшая облачность","2026-01-12 14:50"
"-3.30","","-6.60","73","760","1014","","","","0.70","","S","Небольшая облачность","2026-01-12 14:51"
"-3.30","","-6.60","73","760","1014","","","","0.70","","S","Небольшая облачность","2026-01-12 14:52"
"-3.30","","-6.60","73","760","1014","","","","0.70","","S","Небольшая облачность","2026-01-12 14:53"
"-3.30","","-6.70","72","760","1014","","","","0.70","","S","Небольшая облачность","2026-01-12 14:54"
"-3.30","","-6.70","72","760","1014","","","","0.70","","S","Небольшая облачность","2026-01-12 14:55"
"-3.40","","-6.80","72","760","1014","","","","0.70","","S","Небольшая облачность","2026-01-12 14:56"
"-3.40","","-6.80","72","760","1014","","","","0.70","","S","Небольшая облачность","2026-01-12 14:57"
"-3.40","","-6.80","72","760","1014","","","","0.70","","S","Небольшая облачность","2026-01-12 14:58"
"-3.40","","-6.80","72","760","1014","","","","0.70","","S","Небольшая облачность","2026-01-12 14:59"
"-3.40","","-6.80","72","760","1014","","","","0.70","","S","Небольшая облачность","2026-01-12 15:00"
"-3.40","","-6.80","72","760","1014","","","","0.70","","S","Небольшая облачность","2026-01-12 15:01"
"-3.40","","-6.80","72","760","1014","","","","0.70","","S","Небольшая облачность","2026-01-12 15:02"
"-3.40","","-6.80","72","760","1014","","","","0.70","","S","Небольшая облачность","2026-01-12 15:03"
"-3.40","","-6.80","72","760","1014","","","","0.70","","S","Небольшая облачность","2026-01-12 15:04"
"-3.40","","-6.80","72","760","1014","","","","0.70","","S","Небольшая облачность","2026-01-12 15:05"
"-3.40","","-6.80","72","760","1014","","","","0.70","","S","Небольшая облачность","2026-01-12 15:06"
"-3.40","","-6.80","72","760","1014","","","","0.70","","S","Небольшая облачность","2026-01-12 15:07"
"-3.40","","-6.80","72","760","1014","","","","0.70","","S","Небольшая облачность","2026-01-12 15:08"
"-3.40","","-6.80","72","760","1014","","","","0.70","","S","Небольшая облачность","2026-01-12 15:09"
"-3.40","","-6.80","72","760","1014","","","","0.70","","S","Небольшая облачность","2026-01-12 15:10"
"-3.50","","-6.90","72","760","1014","","","","0.70","","S","Небольшая облачность","2026-01-12 15:11"
"-3.50","","-6.90","72","760","1014","","","","0.70","","S","Небольшая облачность","2026-01-12 15:12"
"-3.50","","-6.90","72","760","1014","","","","0.70","","S","Небольшая облачность","2026-01-12 15:13"
"-3.50","","-6.90","72","760","1014","","","","0.70","","S","Небольшая облачность","2026-01-12 15:14"
"-3.50","","-6.90","72","760","1014","","","","0.70","","S","Небольшая облачность","2026-01-12 15:15"
"-3.50","","-6.90","72","760","1014","","","","0.70","","S","Небольшая облачность","2026-01-12 15:16"
"-3.50","","-6.90","72","760","1014","","","","0.70","","S","Небольшая облачность","2026-01-12 15:17"
"-3.50","","-6.90","72","760","1014","","","","0.70","","S","Небольшая облачность","2026-01-12 15:18"
"-3.50","","-6.90","72","760","1014","","","","0.70","","S","Небольшая облачность","2026-01-12 15:19"
"-3.50","","-6.90","72","760","1014","","","","0.70","","S","Небольшая облачность","2026-01-12 15:20"
"-3.50","","-6.90","72","760","1014","","","","0.70","","S","Небольшая облачность","2026-01-12 15:21"
"-3.50","","-6.90","72","760","1014","","","","0.70","","S","Небольшая облачность","2026-01-12 15:22"
"-3.50","","-6.90","72","760","1014","","","","0.70","","S","Небольшая облачность","2026-01-12 15:23"
"-3.50","","-6.90","72","760","1014","","","","0.70","","S","Небольшая облачность","2026-01-12 15:24"
"-3.50","","-6.90","72","760","1014","","","","0.70","","S","Небольшая облачность","2026-01-12 15:25"
"-3.50","","-6.90","72","760","1014","","","","0.70","","S","Небольшая облачность","2026-01-12 15:26"
"-3.50","","-6.90","72","760","1014","","","","0.70","","S","Небольшая облачность","2026-01-12 15:27"
"-3.50","","-6.90","72","760","1014","","","","0.70","","S","Небольшая облачность","2026-01-12 15:28"
"-3.50","","-6.90","72","760","1014","","","","0.70","","S","Небольшая облачность","2026-01-12 15:29"
"-3.50","","-6.90","72","760","1014","","","","0.70","","S","Небольшая облачность","2026-01-12 15:30"
"-3.50","","-6.90","72","760","1014","","","","0.70","","S","Небольшая облачность","2026-01-12 15:31"
"-3.50","","-6.90","72","760","1014","","","","0.70","","S","Небольшая облачность","2026-01-12 15:32"
"-3.50","","-6.90","72","760","1014","","","","0.70","","S","Небольшая облачность","2026-01-12 15:33"
"-3.50","","-6.90","72","760","1014","","","","0.70","","S","Небольшая облачность","2026-01-12 15:34"
"-3.50","","-6.90","72","760","1014","","","","0.70","","S","Небольшая облачность","2026-01-12 15:35"
"-3.50","","-6.90","72","761","1015","","","","0.70","","S","Небольшая облачность","2026-01-12 15:36"
"-3.50","","-6.90","72","761","1015","","","","0.70","","S","Небольшая облачность","2026-01-12 15:37"
"-3.50","","-6.90","72","761","1015","","","","0.70","","S","Небольшая облачность","2026-01-12 15:38"
"-3.50","","-6.90","72","761","1015","","","","0.70","","S","Небольшая облачность","2026-01-12 15:39"
"-3.50","","-6.90","72","761","1015","","","","0.70","","S","Небольшая облачность","2026-01-12 15:40"
"-3.50","","-6.90","72","761","1015","","","","0.70","","S","Небольшая облачность","2026-01-12 15:41"
"-3.50","","-6.90","72","761","1015","","","","0.70","","S","Небольшая облачность","2026-01-12 15:42"
"-3.50","","-6.90","72","761","1015","","","","0.70","","S","Небольшая облачность","2026-01-12 15:43"
"-3.50","","-6.90","72","761","1015","","","","0.70","","S","Небольшая облачность","2026-01-12 15:44"
"-3.50","","-6.90","72","761","1015","","","","0.70","","S","Небольшая облачность","2026-01-12 15:45"
"-3.50","","-6.90","72","761","1015","","","","0.70","","S","Небольшая облачность","2026-01-12 15:46"
"-3.50","","-6.90","72","761","1015","","","","0.70","","S","Небольшая облачность","2026-01-12 15:47"
"-3.50","","-6.90","72","761","1015","","","","0.70","","S","Небольшая облачность","2026-01-12 15:48"
"-3.50","","-6.90","73","761","1015","","","","0.70","","S","Небольшая облачность","2026-01-12 15:49"
"-3.50","","-6.90","73","761","1015","","","","0.70","","S","Небольшая облачность","2026-01-12 15:50"
"-3.50","","-6.90","73","761","1015","","","","0.70","","S","Небольшая облачность","2026-01-12 15:51"
"-3.50","","-6.90","73","760","1014","","","","0.70","","S","Небольшая облачность","2026-01-12 15:52"
"-3.50","","-6.90","73","760","1014","","","","0.70","","S","Небольшая облачность","2026-01-12 15:53"
"-3.50","","-6.90","73","760","1014","","","","0.70","","S","Небольшая облачность","2026-01-12 15:54"
"-3.50","","-6.90","73","760","1014","","","","0.70","","S","Небольшая облачность","2026-01-12 15:55"
"-3.50","","-6.90","73","760","1014","","","","0.70","","S","Небольшая облачность","2026-01-12 15:56"
"-3.50","","-6.90","72","760","1014","","","","0.70","","S","Небольшая облачность","2026-01-12 15:57"
"-3.50","","-6.90","72","760","1014","","","","0.70","","S","Небольшая облачность","2026-01-12 15:58"
"-3.50","","-6.90","72","760","1014","","","","0.70","","S","Небольшая облачность","2026-01-12 15:59"
"-3.50","","-6.90","72","760","1014","","","","0.70","","S","Небольшая облачность","2026-01-12 16:00"
"-3.50","","-6.90","72","760","1014","","","","0.70","","S","Небольшая облачность","2026-01-12 16:01"
"-3.50","","-6.90","72","760","1014","","","","0.70","","S","Небольшая облачность","2026-01-12 16:02"
"-3.50","","-6.90","72","760","1014","","","","0.70","","S","Небольшая облачность","2026-01-12 16:03"
"-3.50","","-6.90","72","760","1014","","","","0.70","","S","Небольшая облачность","2026-01-12 16:04"
"-3.50","","-6.90","72","760","1014","","","","0.70","","S","Небольшая облачность","2026-01-12 16:05"
"-3.40","","-6.80","72","760","1014","","","","0.70","","S","Небольшая облачность","2026-01-12 16:06"
"-3.50","","-6.90","73","760","1014","","","","0.70","","S","Небольшая облачность","2026-01-12 16:07"
"-3.50","","-6.90","73","760","1014","","","","0.70","","S","Небольшая облачность","2026-01-12 16:08"
"-3.50","","-6.90","72","760","1014","","","","0.70","","S","Небольшая облачность","2026-01-12 16:09"
"-3.50","","-6.90","72","760","1014","","","","0.70","","S","Небольшая облачность","2026-01-12 16:10"
"-3.50","","-6.90","72","760","1014","","","","0.70","","S","Небольшая облачность","2026-01-12 16:11"
"-3.50","","-6.90","72","760","1014","","","","0.70","","S","Небольшая облачность","2026-01-12 16:12"
"-3.50","","-6.90","72","760","1014","","","","0.70","","S","Небольшая облачность","2026-01-12 16:13"
"-3.50","","-6.90","72","760","1014","","","","0.70","","S","Небольшая облачность","2026-01-12 16:14"
"-3.50","","-6.90","72","760","1014","","","","0.70","","S","Небольшая облачность","2026-01-12 16:15"
"-3.50","","-6.90","72","760","1014","","","","0.70","","S","Небольшая облачность","2026-01-12 16:16"
"-3.50","","-6.90","72","760","1014","","","","0.70","","S","Небольшая облачность","2026-01-12 16:17"
"-3.50","","-6.90","72","760","1014","","","","0.70","","S","Небольшая облачность","2026-01-12 16:18"
"-3.50","","-6.90","72","760","1014","","","","0.70","","S","Небольшая облачность","2026-01-12 16:19"
"-3.40","","-6.80","72","760","1014","","","","0.70","","S","Небольшая облачность","2026-01-12 16:20"
"-3.40","","-6.80","72","760","1014","","","","0.70","","S","Небольшая облачность","2026-01-12 16:21"
"-3.40","","-6.80","72","760","1014","","","","0.70","","S","Небольшая облачность","2026-01-12 16:22"
"-3.40","","-6.80","72","760","1014","","","","0.70","","S","Небольшая облачность","2026-01-12 16:23"
"-3.50","","-6.90","73","760","1014","","","","0.70","","S","Небольшая облачность","2026-01-12 16:24"
"-3.40","","-6.80","72","760","1014","","","","0.70","","S","Небольшая облачность","2026-01-12 16:25"
"-3.40","","-6.80","72","760","1014","","","","0.70","","S","Небольшая облачность","2026-01-12 16:26"
"-3.40","","-6.80","72","760","1014","","","","0.70","","S","Небольшая облачность","2026-01-12 16:27"
"-3.50","","-6.90","72","760","1014","","","","0.70","","S","Небольшая облачность","2026-01-12 16:28"
"-3.50","","-6.90","72","760","1014","","","","0.70","","S","Небольшая облачность","2026-01-12 16:29"
"-3.50","","-6.90","72","760","1014","","","","0.70","","S","Небольшая облачность","2026-01-12 16:30"
"-3.50","","-6.90","72","760","1014","","","","0.70","","S","Небольшая облачность","2026-01-12 16:31"
"-3.50","","-6.90","72","760","1014","","","","0.70","","S","Небольшая облачность","2026-01-12 16:32"
"-3.50","","-6.90","72","760","1014","","","","0.70","","S","Небольшая облачность","2026-01-12 16:33"
"-3.50","","-6.90","72","760","1014","","","","0.70","","S","Небольшая облачность","2026-01-12 16:34"
"-3.50","","-6.90","72","760","1014","","","","0.70","","S","Небольшая облачность","2026-01-12 16:35"
"-3.50","","-6.90","72","760","1014","","","","0.70","","S","Небольшая облачность","2026-01-12 16:36"
"-3.50","","-6.90","72","760","1014","","","","0.70","","S","Небольшая облачность","2026-01-12 16:37"
"-3.50","","-6.90","72","760","1014","","","","0.70","","S","Небольшая облачность","2026-01-12 16:38"
"-3.50","","-6.90","72","760","1014","","","","0.70","","S","Небольшая облачность","2026-01-12 16:39"
"-3.60","","-7.00","72","760","1014","","","","0.70","","S","Небольшая облачность","2026-01-12 16:40"
"-3.60","","-7.00","72","760","1014","","","","0.70","","S","Небольшая облачность","2026-01-12 16:41"
"-3.60","","-7.00","72","760","1014","","","","0.70","","S","Небольшая облачность","2026-01-12 16:42"
"-3.60","","-7.00","72","760","1014","","","","0.70","","S","Небольшая облачность","2026-01-12 16:43"
"-3.60","","-7.00","72","760","1014","","","","0.70","","S","Небольшая облачность","2026-01-12 16:44"
"-3.60","","-7.00","72","760","1014","","","","0.70","","S","Небольшая облачность","2026-01-12 16:45"
"-3.60","","-7.00","72","760","1014","","","","0.70","","S","Небольшая облачность","2026-01-12 16:46"
"-3.60","","-7.00","72","760","1014","","","","0.70","","S","Небольшая облачность","2026-01-12 16:47"
"-3.60","","-7.00","72","760","1014","","","","0.70","","S","Небольшая облачность","2026-01-12 16:48"
"-3.60","","-7.00","72","760","1014","","","","0.70","","S","Небольшая облачность","2026-01-12 16:49"
"-3.60","","-7.00","72","760","1014","","","","0.70","","S","Небольшая облачность","2026-01-12 16:50"
"-3.60","","-7.00","72","760","1014","","","","0.70","","S","Небольшая облачность","2026-01-12 16:51"
"-3.60","","-7.00","72","760","1014","","","","0.70","","S","Небольшая облачность","2026-01-12 16:52"
"-3.60","","-7.00","72","760","1014","","","","0.70","","S","Небольшая облачность","2026-01-12 16:53"
"-3.60","","-7.00","72","760","1014","","","","0.70","","S","Небольшая облачность","2026-01-12 16:54"
"-3.60","","-7.00","72","760","1014","","","","0.70","","S","Небольшая облачность","2026-01-12 16:55"
"-3.60","","-7.00","72","760","1014","","","","0.70","","S","Небольшая облачность","2026-01-12 16:56"
"-3.60","","-7.00","72","760","1014","","","","0.70","","S","Небольшая облачность","2026-01-12 16:57"
"-3.60","","-7.00","72","760","1014","","","","0.70","","S","Небольшая облачность","2026-01-12 16:58"
"-3.60","","-7.00","72","760","1014","","","","0.70","","S","Небольшая облачность","2026-01-12 16:59"
"-3.60","","-7.00","72","760","1014","","","","0.70","","S","Небольшая облачность","2026-01-12 17:00"
"-3.70","","-7.10","72","760","1014","","","","0.70","","S","Небольшая облачность","2026-01-12 17:01"
"-3.70","","-7.10","72","760","1014","","","","0.70","","S","Небольшая облачность","2026-01-12 17:02"
"-3.70","","-7.10","72","760","1014","","","","0.70","","S","Небольшая облачность","2026-01-12 17:03"
"-3.70","","-7.10","72","760","1014","","","","0.70","","S","Небольшая облачность","2026-01-12 17:04"
"-3.70","","-7.10","72","760","1014","","","","0.70","","S","Небольшая облачность","2026-01-12 17:05"
"-3.70","","-7.10","72","760","1014","","","","0.70","","S","Небольшая облачность","2026-01-12 17:06"
"-3.70","","-7.10","72","760","1014","","","","0.70","","S","Небольшая облачность","2026-01-12 17:07"
"-3.70","","-7.10","72","760","1014","","","","0.70","","S","Небольшая облачность","2026-01-12 17:08"
"-3.70","","-7.10","72","760","1014","","","","0.70","","S","Небольшая облачность","2026-01-12 17:09"
"-3.70","","-7.10","72","760","1014","","","","0.70","","S","Небольшая облачность","2026-01-12 17:10"
"-3.80","","-7.20","71","760","1014","","","","0.70","","S","Небольшая облачность","2026-01-12 17:11"
"-3.80","","-7.20","71","760","1014","","","","0.70","","S","Небольшая облачность","2026-01-12 17:12"
"-3.80","","-7.20","71","760","1014","","","","0.70","","S","Небольшая облачность","2026-01-12 17:13"
"-3.80","","-7.20","71","760","1014","","","","0.70","","S","Небольшая облачность","2026-01-12 17:14"
"-3.80","","-7.20","71","760","1014","","","","0.70","","S","Небольшая облачность","2026-01-12 17:15"
"-3.80","","-7.20","71","760","1014","","","","0.70","","S","Небольшая облачность","2026-01-12 17:16"
"-3.80","","-7.20","71","760","1014","","","","0.70","","S","Небольшая облачность","2026-01-12 17:17"
"-3.80","","-7.20","71","760","1014","","","","0.70","","S","Небольшая облачность","2026-01-12 17:18"
"-3.80","","-7.20","71","760","1014","","","","0.70","","S","Небольшая облачность","2026-01-12 17:19"
"-3.80","","-7.20","71","760","1014","","","","0.70","","S","Небольшая облачность","2026-01-12 17:20"
"-3.80","","-7.20","71","761","1015","","","","0.70","","S","Небольшая облачность","2026-01-12 17:21"
"-3.80","","-7.20","71","761","1015","","","","0.70","","S","Небольшая облачность","2026-01-12 17:22"
"-3.80","","-7.20","71","761","1015","","","","0.70","","S","Небольшая облачность","2026-01-12 17:23"
"-3.90","","-7.30","71","761","1015","","","","0.70","","S","Небольшая облачность","2026-01-12 17:24"
"-3.90","","-7.30","71","761","1015","","","","0.70","","S","Небольшая облачность","2026-01-12 17:25"
"-3.90","","-7.30","71","761","1015","","","","0.70","","S","Небольшая облачность","2026-01-12 17:26"
"-3.90","","-7.30","71","761","1015","","","","0.70","","S","Небольшая облачность","2026-01-12 17:27"
"-3.90","","-7.30","71","761","1015","","","","0.70","","S","Небольшая облачность","2026-01-12 17:28"
"-3.90","","-7.30","71","761","1015","","","","0.70","","S","Небольшая облачность","2026-01-12 17:29"
"-3.90","","-7.30","71","761","1015","","","","0.70","","S","Небольшая облачность","2026-01-12 17:30"
"-3.90","","-7.30","71","761","1015","","","","0.70","","S","Небольшая облачность","2026-01-12 17:31"
"-3.90","","-7.30","71","761","1015","","","","0.70","","S","Небольшая облачность","2026-01-12 17:32"
"-3.90","","-7.30","71","761","1015","","","","0.70","","S","Небольшая облачность","2026-01-12 17:33"
"-3.90","","-7.30","71","761","1015","","","","0.70","","S","Небольшая облачность","2026-01-12 17:34"
"-3.90","","-7.30","71","761","1015","","","","0.70","","S","Небольшая облачность","2026-01-12 17:35"
"-3.90","","-7.30","71","761","1015","","","","0.70","","S","Небольшая облачность","2026-01-12 17:36"
"-3.90","","-7.30","71","761","1015","","","","0.70","","S","Небольшая облачность","2026-01-12 17:37"
"-4.00","","-7.40","71","761","1015","","","","0.70","","S","Небольшая облачность","2026-01-12 17:38"
"-4.00","","-7.40","71","761","1015","","","","0.70","","S","Небольшая облачность","2026-01-12 17:39"
"-4.00","","-7.40","71","761","1015","","","","0.70","","S","Небольшая облачность","2026-01-12 17:40"
"-4.00","","-7.40","71","761","1015","","","","0.70","","S","Небольшая облачность","2026-01-12 17:41"
"-4.00","","-7.40","71","761","1015","","","","0.70","","S","Небольшая облачность","2026-01-12 17:42"
"-4.00","","-7.40","71","761","1015","","","","0.70","","S","Небольшая облачность","2026-01-12 17:43"
"-4.00","","-7.40","71","761","1015","","","","0.70","","S","Небольшая облачность","2026-01-12 17:44"
"-4.00","","-7.40","71","761","1015","","","","0.70","","S","Небольшая облачность","2026-01-12 17:45"
"-4.00","","-7.40","71","761","1015","","","","0.70","","S","Небольшая облачность","2026-01-12 17:46"
"-4.00","","-7.40","71","761","1015","","","","0.70","","S","Небольшая облачность","2026-01-12 17:47"
"-4.00","","-7.40","71","761","1015","","","","0.70","","S","Небольшая облачность","2026-01-12 17:48"
"-4.00","","-7.40","71","761","1015","","","","0.70","","S","Небольшая облачность","2026-01-12 17:49"
"-4.00","","-7.40","71","761","1015","","","","0.70","","S","Небольшая облачность","2026-01-12 17:50"
"-4.00","","-7.40","71","761","1015","","","","0.70","","S","Небольшая облачность","2026-01-12 17:51"
"-4.00","","-7.40","71","760","1014","","","","0.70","","S","Небольшая облачность","2026-01-12 17:52"
"-4.00","","-7.40","71","760","1014","","","","0.70","","S","Небольшая облачность","2026-01-12 17:53"
"-4.00","","-7.40","71","760","1014","","","","0.70","","S","Небольшая облачность","2026-01-12 17:54"
"-4.00","","-7.40","71","760","1014","","","","0.70","","S","Небольшая облачность","2026-01-12 17:55"
"-4.00","","-7.40","71","760","1014","","","","0.70","","S","Небольшая облачность","2026-01-12 17:56"
"-4.00","","-7.40","71","760","1014","","","","0.70","","S","Небольшая облачность","2026-01-12 17:57"
"-4.00","","-7.40","71","760","1014","","","","0.70","","S","Небольшая облачность","2026-01-12 17:58"
"-4.00","","-7.40","71","760","1014","","","","0.70","","S","Небольшая облачность","2026-01-12 17:59"
"-3.90","","-7.30","71","760","1014","","","","0.70","","S","Небольшая облачность","2026-01-12 18:00"
"-4.00","","-7.40","71","760","1014","","","","0.70","","S","Небольшая облачность","2026-01-12 18:01"
"-4.00","","-7.40","71","760","1014","","","","0.70","","S","Небольшая облачность","2026-01-12 18:02"
"-4.00","","-7.40","71","760","1014","","","","0.70","","S","Небольшая облачность","2026-01-12 18:03"
"-4.00","","-7.40","71","760","1014","","","","0.70","","S","Небольшая облачность","2026-01-12 18:04"
"-4.00","","-7.40","71","760","1014","","","","0.70","","S","Небольшая облачность","2026-01-12 18:05"
"-4.00","","-7.40","71","761","1015","","","","0.70","","S","Небольшая облачность","2026-01-12 18:06"
"-4.00","","-7.40","71","761","1015","","","","0.70","","S","Небольшая облачность","2026-01-12 18:07"
"-4.00","","-7.40","71","761","1015","","","","0.70","","S","Небольшая облачность","2026-01-12 18:08"
"-4.00","","-7.40","71","761","1015","","","","0.70","","S","Небольшая облачность","2026-01-12 18:09"
"-4.00","","-7.40","71","761","1015","","","","0.70","","S","Небольшая облачность","2026-01-12 18:10"
"-4.00","","-7.40","71","761","1015","","","","0.70","","S","Небольшая облачность","2026-01-12 18:11"
"-4.00","","-7.40","71","761","1015","","","","0.70","","S","Небольшая облачность","2026-01-12 18:12"
"-4.10","","-7.50","71","761","1015","","","","0.70","","S","Небольшая облачность","2026-01-12 18:13"
"-4.10","","-7.50","71","761","1015","","","","0.70","","S","Небольшая облачность","2026-01-12 18:14"
"-4.10","","-7.50","71","761","1015","","","","0.70","","S","Небольшая облачность","2026-01-12 18:15"
"-4.10","","-7.50","71","761","1015","","","","0.70","","S","Небольшая облачность","2026-01-12 18:16"
"-4.00","","-7.40","71","761","1015","","","","0.70","","S","Небольшая облачность","2026-01-12 18:17"
"-4.00","","-7.40","71","761","1015","","","","0.70","","S","Небольшая облачность","2026-01-12 18:18"
"-4.00","","-7.40","71","761","1015","","","","0.70","","S","Небольшая облачность","2026-01-12 18:19"
"-4.00","","-7.40","71","761","1015","","","","0.70","","S","Небольшая облачность","2026-01-12 18:20"
"-4.00","","-7.40","71","761","1015","","","","0.70","","S","Небольшая облачность","2026-01-12 18:21"
"-4.00","","-7.40","71","761","1015","","","","0.70","","S","Небольшая облачность","2026-01-12 18:22"
"-4.00","","-7.40","71","761","1015","","","","0.70","","S","Небольшая облачность","2026-01-12 18:23"
"-4.10","","-7.50","71","761","1015","","","","0.70","","S","Небольшая облачность","2026-01-12 18:24"
"-4.10","","-7.50","71","761","1015","","","","0.70","","S","Небольшая облачность","2026-01-12 18:25"
"-4.10","","-7.50","71","761","1015","","","","0.70","","S","Небольшая облачность","2026-01-12 18:26"
"-4.00","","-7.40","71","761","1015","","","","0.70","","S","Небольшая облачность","2026-01-12 18:27"
"-4.00","","-7.40","71","761","1015","","","","0.70","","S","Небольшая облачность","2026-01-12 18:28"
"-4.00","","-7.40","71","761","1015","","","","0.70","","S","Небольшая облачность","2026-01-12 18:29"
"-4.00","","-7.40","71","761","1015","","","","0.70","","S","Небольшая облачность","2026-01-12 18:30"
"-4.00","","-7.40","71","761","1015","","","","0.70","","S","Небольшая облачность","2026-01-12 18:31"
"-4.00","","-7.40","71","761","1015","","","","0.70","","S","Небольшая облачность","2026-01-12 18:32"
"-4.00","","-7.40","71","761","1015","","","","0.70","","S","Небольшая облачность","2026-01-12 18:33"
"-4.00","","-7.40","71","761","1015","","","","0.70","","S","Небольшая облачность","2026-01-12 18:34"
"-4.00","","-7.40","71","761","1015","","","","0.70","","S","Небольшая облачность","2026-01-12 18:35"
"-4.00","","-7.40","71","761","1015","","","","0.70","","S","Небольшая облачность","2026-01-12 18:36"
"-4.00","","-7.40","71","761","1015","","","","0.70","","S","Небольшая облачность","2026-01-12 18:37"
"-4.00","","-7.40","71","761","1015","","","","0.70","","S","Небольшая облачность","2026-01-12 18:38"
"-4.00","","-7.40","71","761","1015","","","","0.70","","S","Небольшая облачность","2026-01-12 18:39"
"-4.00","","-7.40","71","761","1015","","","","0.70","","S","Небольшая облачность","2026-01-12 18:40"
"-4.00","","-7.40","71","761","1015","","","","0.70","","S","Небольшая облачность","2026-01-12 18:41"
"-4.00","","-7.40","71","761","1015","","","","0.70","","S","Небольшая облачность","2026-01-12 18:42"
"-4.00","","-7.40","71","761","1015","","","","0.70","","S","Небольшая облачность","2026-01-12 18:43"
"-4.00","","-7.40","71","761","1015","","","","0.70","","S","Небольшая облачность","2026-01-12 18:44"
"-4.00","","-7.40","71","761","1015","","","","0.70","","S","Небольшая облачность","2026-01-12 18:45"
"-4.00","","-7.40","71","761","1015","","","","0.70","","S","Небольшая облачность","2026-01-12 18:46"
"-4.00","","-7.40","71","761","1015","","","","0.70","","S","Небольшая облачность","2026-01-12 18:47"
"-4.00","","-7.40","71","761","1015","","","","0.70","","S","Небольшая облачность","2026-01-12 18:48"
"-4.00","","-7.40","71","761","1015","","","","0.70","","S","Небольшая облачность","2026-01-12 18:49"
"-4.00","","-7.40","71","761","1015","","","","0.70","","S","Небольшая облачность","2026-01-12 18:50"
"-4.00","","-7.40","71","761","1015","","","","0.70","","S","Небольшая облачность","2026-01-12 18:51"
"-4.00","","-7.40","71","761","1015","","","","0.70","","S","Небольшая облачность","2026-01-12 18:52"
"-4.00","","-7.40","71","761","1015","","","","0.70","","S","Небольшая облачность","2026-01-12 18:53"
"-4.00","","-7.40","71","761","1015","","","","0.70","","S","Небольшая облачность","2026-01-12 18:54"
"-4.00","","-7.40","71","761","1015","","","","0.70","","S","Небольшая облачность","2026-01-12 18:55"
"-4.00","","-7.40","71","761","1015","","","","0.70","","S","Небольшая облачность","2026-01-12 18:56"
"-4.00","","-7.40","71","761","1015","","","","0.70","","S","Небольшая облачность","2026-01-12 18:57"
"-4.00","","-7.40","71","761","1015","","","","0.70","","S","Небольшая облачность","2026-01-12 18:58"
"-4.00","","-7.40","71","761","1015","","","","0.70","","S","Небольшая облачность","2026-01-12 18:59"
"-4.00","","-7.40","71","761","1015","","","","0.70","","S","Небольшая облачность","2026-01-12 19:00"
"-4.00","","-7.40","71","761","1015","","","","0.70","","S","Небольшая облачность","2026-01-12 19:01"
"-4.00","","-7.40","71","761","1015","","","","0.70","","S","Небольшая облачность","2026-01-12 19:02"
"-4.00","","-7.40","71","761","1015","","","","0.70","","S","Небольшая облачность","2026-01-12 19:03"
"-4.00","","-7.40","71","761","1015","","","","0.70","","S","Небольшая облачность","2026-01-12 19:04"
"-4.00","","-7.40","71","761","1015","","","","0.70","","S","Небольшая облачность","2026-01-12 19:05"
"-4.00","","-7.40","71","761","1015","","","","0.70","","S","Небольшая облачность","2026-01-12 19:06"
"-4.00","","-7.40","71","761","1015","","","","0.70","","S","Небольшая облачность","2026-01-12 19:07"
"-4.00","","-7.40","71","761","1015","","","","0.70","","S","Небольшая облачность","2026-01-12 19:08"
"-4.00","","-7.40","71","761","1015","","","","0.70","","S","Небольшая облачность","2026-01-12 19:09"
"-4.00","","-7.40","71","761","1015","","","","0.70","","S","Небольшая облачность","2026-01-12 19:10"
"-4.00","","-7.40","71","761","1015","","","","0.70","","S","Небольшая облачность","2026-01-12 19:11"
"-4.00","","-7.40","71","761","1015","","","","0.70","","S","Небольшая облачность","2026-01-12 19:12"
"-4.00","","-7.40","71","761","1015","","","","0.70","","S","Небольшая облачность","2026-01-12 19:13"
"-4.00","","-7.40","71","761","1015","","","","0.70","","S","Небольшая облачность","2026-01-12 19:14"
"-4.00","","-7.40","71","761","1015","","","","0.70","","S","Небольшая облачность","2026-01-12 19:15"
"-4.00","","-7.40","71","761","1015","","","","0.70","","S","Небольшая облачность","2026-01-12 19:16"
"-4.00","","-7.40","71","761","1015","","","","0.70","","S","Небольшая облачность","2026-01-12 19:17"
"-4.00","","-7.40","71","761","1015","","","","0.70","","S","Небольшая облачность","2026-01-12 19:18"
"-4.00","","-7.40","71","761","1015","","","","0.70","","S","Небольшая облачность","2026-01-12 19:19"
"-4.00","","-7.40","71","761","1015","","","","0.70","","S","Небольшая облачность","2026-01-12 19:20"
"-4.00","","-7.40","71","761","1015","","","","0.70","","S","Небольшая облачность","2026-01-12 19:21"
"-4.00","","-7.40","71","761","1015","","","","0.70","","S","Небольшая облачность","2026-01-12 19:22"
"-4.00","","-7.40","71","761","1015","","","","0.70","","S","Небольшая облачность","2026-01-12 19:23"
"-4.00","","-7.40","71","761","1015","","","","0.70","","S","Небольшая облачность","2026-01-12 19:24"
"-4.00","","-7.40","71","761","1015","","","","0.70","","S","Небольшая облачность","2026-01-12 19:25"
"-4.00","","-7.40","71","761","1015","","","","0.70","","S","Небольшая облачность","2026-01-12 19:26"
"-4.00","","-7.40","71","761","1015","","","","0.70","","S","Небольшая облачность","2026-01-12 19:27"
"-4.00","","-7.40","71","761","1015","","","","0.70","","S","Небольшая облачность","2026-01-12 19:28"
"-4.00","","-7.40","71","761","1015","","","","0.70","","S","Небольшая облачность","2026-01-12 19:29"
"-4.00","","-7.40","71","761","1015","","","","0.70","","S","Небольшая облачность","2026-01-12 19:30"
"-4.00","","-7.40","71","761","1015","","","","0.70","","S","Небольшая облачность","2026-01-12 19:31"
"-4.00","","-7.40","71","761","1015","","","","0.70","","S","Небольшая облачность","2026-01-12 19:32"
"-4.00","","-7.40","71","761","1015","","","","0.70","","S","Небольшая облачность","2026-01-12 19:33"
"-4.00","","-7.40","71","761","1015","","","","0.70","","S","Небольшая облачность","2026-01-12 19:34"
"-4.00","","-7.40","71","761","1015","","","","0.70","","S","Небольшая облачность","2026-01-12 19:35"
"-4.00","","-7.40","71","761","1015","","","","0.70","","S","Небольшая облачность","2026-01-12 19:36"
"-4.10","","-7.50","70","761","1015","","","","0.70","","S","Небольшая облачность","2026-01-12 19:37"
"-4.10","","-7.50","70","761","1015","","","","0.70","","S","Небольшая облачность","2026-01-12 19:38"
"-4.10","","-7.50","70","761","1015","","","","0.70","","S","Небольшая облачность","2026-01-12 19:39"
"-4.10","","-7.50","70","761","1015","","","","0.70","","S","Небольшая облачность","2026-01-12 19:40"
"-4.10","","-7.50","70","761","1015","","","","0.70","","S","Небольшая облачность","2026-01-12 19:41"
"-4.10","","-7.50","70","761","1015","","","","0.70","","S","Небольшая облачность","2026-01-12 19:42"
"-4.10","","-7.50","70","761","1015","","","","0.70","","S","Небольшая облачность","2026-01-12 19:43"
"-4.10","","-7.50","70","761","1015","","","","0.70","","S","Небольшая облачность","2026-01-12 19:44"
"-4.10","","-7.50","70","761","1015","","","","0.70","","S","Небольшая облачность","2026-01-12 19:45"
"-4.10","","-7.50","70","761","1015","","","","0.70","","S","Небольшая облачность","2026-01-12 19:46"
"-4.10","","-7.50","70","761","1015","","","","0.70","","S","Небольшая облачность","2026-01-12 19:47"
"-4.10","","-7.50","70","761","1015","","","","0.70","","S","Небольшая облачность","2026-01-12 19:48"
"-4.10","","-7.50","70","761","1015","","","","0.70","","S","Небольшая облачность","2026-01-12 19:49"
"-4.10","","-7.50","70","761","1015","","","","0.70","","S","Небольшая облачность","2026-01-12 19:50"
"-4.10","","-7.50","70","761","1015","","","","0.70","","S","Небольшая облачность","2026-01-12 19:51"
"-4.20","","-7.70","70","761","1015","","","","0.70","","S","Небольшая облачность","2026-01-12 19:52"
"-4.20","","-7.70","70","761","1015","","","","0.70","","S","Небольшая облачность","2026-01-12 19:53"
"-4.20","","-7.70","70","761","1015","","","","0.70","","S","Небольшая облачность","2026-01-12 19:54"
"-4.20","","-7.70","70","761","1015","","","","0.70","","S","Небольшая облачность","2026-01-12 19:55"
"-4.20","","-7.70","70","761","1015","","","","0.70","","S","Небольшая облачность","2026-01-12 19:56"
"-4.20","","-7.70","70","761","1015","","","","0.70","","S","Небольшая облачность","2026-01-12 19:57"
"-4.20","","-7.70","70","761","1015","","","","0.70","","S","Небольшая облачность","2026-01-12 19:58"
"-4.20","","-7.70","70","761","1015","","","","0.70","","S","Небольшая облачность","2026-01-12 19:59"
"-4.20","","-7.70","70","761","1015","","","","0.70","","S","Небольшая облачность","2026-01-12 20:00"
"-4.20","","-7.70","70","761","1015","","","","0.70","","S","Небольшая облачность","2026-01-12 20:01"
"-4.20","","-7.70","70","761","1015","","","","0.70","","S","Небольшая облачность","2026-01-12 20:02"
"-4.20","","-7.70","70","761","1015","","","","0.70","","S","Небольшая облачность","2026-01-12 20:03"
"-4.20","","-7.70","70","761","1015","","","","0.70","","S","Небольшая облачность","2026-01-12 20:04"
"-4.20","","-7.70","70","761","1015","","","","0.70","","S","Небольшая облачность","2026-01-12 20:05"
"-4.20","","-7.70","70","761","1015","","","","0.70","","S","Небольшая облачность","2026-01-12 20:06"
"-4.20","","-7.70","70","761","1015","","","","0.70","","S","Небольшая облачность","2026-01-12 20:07"
"-4.20","","-7.70","70","761","1015","","","","0.70","","S","Небольшая облачность","2026-01-12 20:08"
"-4.20","","-7.70","70","761","1015","","","","0.70","","S","Небольшая облачность","2026-01-12 20:09"
"-4.30","","-7.80","70","761","1015","","","","0.70","","S","Небольшая облачность","2026-01-12 20:10"
"-4.30","","-7.80","70","761","1015","","","","0.70","","S","Небольшая облачность","2026-01-12 20:11"
"-4.30","","-7.80","70","761","1015","","","","0.70","","S","Небольшая облачность","2026-01-12 20:12"
"-4.30","","-7.80","70","761","1015","","","","0.70","","S","Небольшая облачность","2026-01-12 20:13"
"-4.30","","-7.80","70","761","1015","","","","0.70","","S","Небольшая облачность","2026-01-12 20:14"
"-4.30","","-7.80","69","761","1015","","","","0.70","","S","Небольшая облачность","2026-01-12 20:15"
"-4.30","","-7.80","69","761","1015","","","","0.70","","S","Небольшая облачность","2026-01-12 20:16"
"-4.30","","-7.80","69","761","1015","","","","0.70","","S","Небольшая облачность","2026-01-12 20:17"
"-4.30","","-7.80","69","761","1015","","","","0.70","","S","Небольшая облачность","2026-01-12 20:18"
"-4.30","","-7.80","69","761","1015","","","","0.70","","S","Небольшая облачность","2026-01-12 20:19"
"-4.30","","-7.80","69","761","1015","","","","0.70","","S","Небольшая облачность","2026-01-12 20:20"
"-4.30","","-7.80","69","761","1015","","","","0.70","","S","Небольшая облачность","2026-01-12 20:21"
"-4.40","","-7.90","69","761","1015","","","","0.70","","S","Небольшая облачность","2026-01-12 20:22"
"-4.40","","-7.90","69","761","1015","","","","0.70","","S","Небольшая облачность","2026-01-12 20:23"
"-4.40","","-7.90","69","761","1015","","","","0.70","","S","Небольшая облачность","2026-01-12 20:25"
"-4.40","","-7.90","69","761","1015","","","","0.70","","S","Небольшая облачность","2026-01-12 20:26"
"-4.40","","-7.90","69","761","1015","","","","0.70","","S","Небольшая облачность","2026-01-12 20:27"
"-4.40","","-7.90","69","761","1015","","","","0.70","","S","Небольшая облачность","2026-01-12 20:28"
"-4.40","","-7.90","69","761","1015","","","","0.70","","S","Небольшая облачность","2026-01-12 20:29"
"-4.40","","-7.90","69","761","1015","","","","0.70","","S","Небольшая облачность","2026-01-12 20:30"
"-4.40","","-7.90","69","761","1015","","","","0.70","","S","Небольшая облачность","2026-01-12 20:31"
"-4.40","","-7.90","69","761","1015","","","","0.70","","S","Небольшая облачность","2026-01-12 20:32"
"-4.40","","-7.90","69","761","1015","","","","0.70","","S","Небольшая облачность","2026-01-12 20:33"
"-4.40","","-7.90","69","761","1015","","","","0.70","","S","Небольшая облачность","2026-01-12 20:34"
"-4.40","","-7.90","69","761","1015","","","","0.70","","S","Небольшая облачность","2026-01-12 20:35"
"-4.50","","-8.00","69","761","1015","","","","0.70","","S","Небольшая облачность","2026-01-12 20:36"
"-4.50","","-8.00","69","761","1015","","","","0.70","","S","Небольшая облачность","2026-01-12 20:37"
"-4.50","","-8.00","69","761","1015","","","","0.70","","S","Небольшая облачность","2026-01-12 20:38"
"-4.60","","-8.10","69","761","1015","","","","0.70","","S","Небольшая облачность","2026-01-12 20:39"
"-4.60","","-8.10","69","761","1015","","","","0.70","","S","Небольшая облачность","2026-01-12 20:40"
"-4.60","","-8.10","69","761","1015","","","","0.70","","S","Небольшая облачность","2026-01-12 20:41"
"-4.60","","-8.10","69","761","1015","","","","0.70","","S","Небольшая облачность","2026-01-12 20:42"
"-4.60","","-8.10","69","761","1015","","","","0.70","","S","Небольшая облачность","2026-01-12 20:43"
"-4.60","","-8.10","69","761","1015","","","","0.70","","S","Небольшая облачность","2026-01-12 20:44"
"-4.60","","-8.10","69","761","1015","","","","0.70","","S","Небольшая облачность","2026-01-12 20:45"
"-4.60","","-8.10","69","761","1015","","","","0.70","","S","Небольшая облачность","2026-01-12 20:46"
"-4.60","","-8.10","69","761","1015","","","","0.70","","S","Небольшая облачность","2026-01-12 20:47"
"-4.60","","-8.10","69","761","1015","","","","0.70","","S","Небольшая облачность","2026-01-12 20:48"
"-4.60","","-8.10","69","761","1015","","","","0.70","","S","Небольшая облачность","2026-01-12 20:49"
"-4.70","","-8.20","69","761","1015","","","","0.70","","S","Небольшая облачность","2026-01-12 20:50"
"-4.70","","-8.20","68","761","1015","","","","0.70","","S","Небольшая облачность","2026-01-12 20:51"
"-4.70","","-8.20","68","761","1015","","","","0.70","","S","Небольшая облачность","2026-01-12 20:52"
"-4.70","","-8.20","68","761","1015","","","","0.70","","S","Небольшая облачность","2026-01-12 20:53"
"-4.70","","-8.20","68","761","1015","","","","0.70","","S","Небольшая облачность","2026-01-12 20:54"
"-4.70","","-8.20","68","761","1015","","","","0.70","","S","Небольшая облачность","2026-01-12 20:55"
"-4.70","","-8.20","68","761","1015","","","","0.70","","S","Небольшая облачность","2026-01-12 20:56"
"-4.70","","-8.20","68","761","1015","","","","0.70","","S","Небольшая облачность","2026-01-12 20:57"
"-4.70","","-8.20","68","761","1015","","","","0.70","","S","Небольшая облачность","2026-01-12 20:58"
"-4.70","","-8.20","68","761","1015","","","","0.70","","S","Небольшая облачность","2026-01-12 20:59"
"-4.80","","-8.30","68","761","1015","","","","0.70","","S","Небольшая облачность","2026-01-12 21:00"
"-4.80","","-8.30","68","761","1015","","","","0.70","","S","Небольшая облачность","2026-01-12 21:01"
"-4.80","","-8.30","68","761","1015","","","","0.70","","S","Небольшая облачность","2026-01-12 21:02"
"-4.80","","-8.30","68","761","1015","","","","0.70","","S","Небольшая облачность","2026-01-12 21:03"
"-4.80","","-8.30","68","761","1015","","","","0.70","","S","Небольшая облачность","2026-01-12 21:04"
"-4.80","","-8.30","68","761","1015","","","","0.70","","S","Небольшая облачность","2026-01-12 21:05"
"-4.80","","-8.30","68","761","1015","","","","0.70","","S","Небольшая облачность","2026-01-12 21:06"
"-4.80","","-8.30","68","761","1015","","","","0.70","","S","Небольшая облачность","2026-01-12 21:07"
"-4.80","","-8.30","68","761","1015","","","","0.70","","S","Небольшая облачность","2026-01-12 21:08"
"-4.90","","-8.40","68","761","1015","","","","0.70","","S","Небольшая облачность","2026-01-12 21:09"
"-4.90","","-8.40","68","761","1015","","","","0.70","","S","Небольшая облачность","2026-01-12 21:10"
"-4.80","","-8.30","68","761","1015","","","","0.70","","S","Небольшая облачность","2026-01-12 21:11"
"-4.80","","-8.30","68","761","1015","","","","0.70","","S","Небольшая облачность","2026-01-12 21:12"
"-4.80","","-8.30","68","761","1015","","","","0.70","","S","Небольшая облачность","2026-01-12 21:13"
"-4.80","","-8.30","68","761","1015","","","","0.70","","S","Небольшая облачность","2026-01-12 21:14"
"-4.90","","-8.40","68","761","1015","","","","0.70","","S","Небольшая облачность","2026-01-12 21:15"
"-4.90","","-8.40","68","761","1015","","","","0.70","","S","Переменная облачность","2026-01-12 21:16"
"-4.90","","-8.40","68","761","1015","","","","0.70","","S","Переменная облачность","2026-01-12 21:17"
"-4.90","","-8.40","68","761","1015","","","","0.70","","S","Переменная облачность","2026-01-12 21:18"
"-4.90","","-8.40","68","761","1015","","","","0.70","","S","Переменная облачность","2026-01-12 21:19"
"-4.90","","-8.40","68","761","1015","","","","0.70","","S","Переменная облачность","2026-01-12 21:20"
"-4.90","","-8.40","68","761","1015","","","","0.70","","S","Переменная облачность","2026-01-12 21:21"
"-4.90","","-8.40","68","761","1015","","","","0.70","","S","Переменная облачность","2026-01-12 21:22"
"-4.90","","-8.40","68","761","1015","","","","0.70","","S","Переменная облачность","2026-01-12 21:23"
"-5.00","","-8.50","68","761","1015","","","","0.70","","S","Переменная облачность","2026-01-12 21:24"
"-5.00","","-8.50","68","761","1015","","","","0.70","","S","Переменная облачность","2026-01-12 21:25"
"-5.00","","-8.50","68","761","1015","","","","0.70","","S","Переменная облачность","2026-01-12 21:26"
"-5.00","","-8.50","68","761","1015","","","","0.70","","S","Переменная облачность","2026-01-12 21:27"
"-5.10","","-8.70","67","761","1015","","","","0.70","","S","Переменная облачность","2026-01-12 21:28"
"-5.10","","-8.70","67","761","1015","","","","0.70","","S","Переменная облачность","2026-01-12 21:29"
"-5.10","","-8.70","67","761","1015","","","","0.70","","S","Переменная облачность","2026-01-12 21:30"
"-5.10","","-8.70","67","761","1015","","","","0.70","","S","Переменная облачность","2026-01-12 21:31"
"-5.10","","-8.70","67","761","1015","","","","0.70","","S","Переменная облачность","2026-01-12 21:32"
"-5.10","","-8.70","67","761","1015","","","","0.70","","S","Переменная облачность","2026-01-12 21:33"
"-5.10","","-8.70","67","761","1015","","","","0.70","","S","Переменная облачность","2026-01-12 21:34"
"-5.10","","-8.70","67","761","1015","","","","0.70","","S","Переменная облачность","2026-01-12 21:35"
"-5.10","","-8.70","67","761","1015","","","","0.70","","S","Переменная облачность","2026-01-12 21:36"
"-5.20","","-8.80","67","761","1015","","","","0.70","","S","Переменная облачность","2026-01-12 21:37"
"-5.20","","-8.80","67","761","1015","","","","0.70","","S","Переменная облачность","2026-01-12 21:38"
"-5.20","","-8.80","67","761","1015","","","","0.70","","S","Переменная облачность","2026-01-12 21:39"
"-5.20","","-8.80","67","761","1015","","","","0.70","","S","Переменная облачность","2026-01-12 21:40"
"-5.20","","-8.80","67","761","1015","","","","0.70","","S","Переменная облачность","2026-01-12 21:41"
"-5.20","","-8.80","67","761","1015","","","","0.70","","S","Переменная облачность","2026-01-12 21:42"
"-5.20","","-8.80","67","761","1015","","","","0.70","","S","Переменная облачность","2026-01-12 21:43"
"-5.20","","-8.80","67","761","1015","","","","0.70","","S","Переменная облачность","2026-01-12 21:44"
"-5.30","","-8.90","66","761","1015","","","","0.70","","S","Переменная облачность","2026-01-12 21:45"
"-5.30","","-8.90","66","761","1015","","","","0.70","","S","Переменная облачность","2026-01-12 21:46"
"-5.30","","-8.90","66","761","1015","","","","0.70","","S","Переменная облачность","2026-01-12 21:47"
"-5.30","","-8.90","66","761","1015","","","","0.70","","S","Переменная облачность","2026-01-12 21:48"
"-5.30","","-8.90","66","761","1015","","","","0.70","","S","Переменная облачность","2026-01-12 21:49"
"-5.30","","-8.90","66","761","1015","","","","0.70","","S","Переменная облачность","2026-01-12 21:50"
"-5.30","","-8.90","66","762","1016","","","","0.70","","S","Переменная облачность","2026-01-12 21:51"
"-5.30","","-8.90","67","762","1016","","","","0.70","","S","Переменная облачность","2026-01-12 21:52"
"-5.30","","-8.90","67","762","1016","","","","0.70","","S","Переменная облачность","2026-01-12 21:53"
"-5.30","","-8.90","67","762","1016","","","","0.70","","S","Переменная облачность","2026-01-12 21:54"
"-5.30","","-8.90","67","762","1016","","","","0.70","","S","Переменная облачность","2026-01-12 21:55"
"-5.30","","-8.90","67","762","1016","","","","0.70","","S","Небольшая облачность","2026-01-12 21:56"
"-5.30","","-8.90","67","762","1016","","","","0.70","","S","Небольшая облачность","2026-01-12 21:57"
"-5.30","","-8.90","67","762","1016","","","","0.70","","S","Небольшая облачность","2026-01-12 21:58"
"-5.40","","-9.00","66","762","1016","","","","0.70","","S","Небольшая облачность","2026-01-12 21:59"
"-5.40","","-9.00","66","762","1016","","","","0.70","","S","Небольшая облачность","2026-01-12 22:00"
"-5.40","","-9.00","66","762","1016","","","","0.70","","S","Небольшая облачность","2026-01-12 22:01"
"-5.40","","-9.00","66","762","1016","","","","0.70","","S","Небольшая облачность","2026-01-12 22:02"
"-5.40","","-9.00","66","762","1016","","","","0.70","","S","Небольшая облачность","2026-01-12 22:03"
"-5.40","","-9.00","66","762","1016","","","","0.70","","S","Небольшая облачность","2026-01-12 22:04"
"-5.40","","-9.00","66","762","1016","","","","0.70","","S","Небольшая облачность","2026-01-12 22:05"
"-5.40","","-9.00","66","762","1016","","","","0.70","","S","Небольшая облачность","2026-01-12 22:06"
"-5.40","","-9.00","66","762","1016","","","","0.70","","S","Небольшая облачность","2026-01-12 22:07"
"-5.40","","-9.00","66","762","1016","","","","0.70","","S","Небольшая облачность","2026-01-12 22:08"
"-5.40","","-9.00","66","762","1016","","","","0.70","","S","Небольшая облачность","2026-01-12 22:09"
"-5.40","","-9.00","66","762","1016","","","","0.70","","S","Небольшая облачность","2026-01-12 22:10"
"-5.40","","-9.00","66","762","1016","","","","0.70","","S","Небольшая облачность","2026-01-12 22:11"
"-5.40","","-9.00","66","762","1016","","","","0.70","","S","Небольшая облачность","2026-01-12 22:12"
"-5.40","","-9.00","66","762","1016","","","","0.70","","S","Небольшая облачность","2026-01-12 22:13"
"-5.40","","-9.00","66","762","1016","","","","0.70","","S","Небольшая облачность","2026-01-12 22:14"
"-5.40","","-9.00","66","762","1016","","","","0.70","","S","Небольшая облачность","2026-01-12 22:15"
"-5.40","","-9.00","66","762","1016","","","","0.70","","S","Небольшая облачность","2026-01-12 22:16"
"-5.40","","-9.00","66","762","1016","","","","0.70","","S","Небольшая облачность","2026-01-12 22:17"
"-5.40","","-9.00","66","762","1016","","","","0.70","","S","Небольшая облачность","2026-01-12 22:18"
"-5.40","","-9.00","66","762","1016","","","","0.70","","S","Небольшая облачность","2026-01-12 22:19"
"-5.40","","-9.00","66","762","1016","","","","0.70","","S","Небольшая облачность","2026-01-12 22:20"
"-5.40","","-9.00","66","762","1016","","","","0.70","","S","Небольшая облачность","2026-01-12 22:21"
"-5.40","","-9.00","66","762","1016","","","","0.70","","S","Небольшая облачность","2026-01-12 22:22"
"-5.40","","-9.00","66","762","1016","","","","0.70","","S","Небольшая облачность","2026-01-12 22:23"
"-5.40","","-9.00","66","762","1016","","","","0.70","","S","Небольшая облачность","2026-01-12 22:24"
"-5.40","","-9.00","66","762","1016","","","","0.70","","S","Небольшая облачность","2026-01-12 22:25"
"-5.40","","-9.00","66","762","1016","","","","0.70","","S","Небольшая облачность","2026-01-12 22:26"
"-5.40","","-9.00","66","762","1016","","","","0.70","","S","Небольшая облачность","2026-01-12 22:27"
"-5.40","","-9.00","66","762","1016","","","","0.70","","S","Небольшая облачность","2026-01-12 22:28"
"-5.40","","-9.00","66","762","1016","","","","0.70","","S","Небольшая облачность","2026-01-12 22:29"
"-5.50","","-9.10","67","762","1016","","","","0.70","","S","Небольшая облачность","2026-01-12 22:30"
"-5.50","","-9.10","67","762","1016","","","","0.70","","S","Небольшая облачность","2026-01-12 22:31"
"-5.50","","-9.10","66","762","1016","","","","0.70","","S","Небольшая облачность","2026-01-12 22:32"
"-5.50","","-9.10","66","762","1016","","","","0.70","","S","Небольшая облачность","2026-01-12 22:33"
"-5.50","","-9.10","66","762","1016","","","","0.70","","S","Небольшая облачность","2026-01-12 22:34"
"-5.50","","-9.10","66","762","1016","","","","0.70","","S","Небольшая облачность","2026-01-12 22:35"
"-5.40","","-9.00","66","762","1016","","","","0.70","","S","Небольшая облачность","2026-01-12 22:36"
"-5.40","","-9.00","66","761","1015","","","","0.70","","S","Небольшая облачность","2026-01-12 22:37"
"-5.50","","-9.10","66","761","1015","","","","0.70","","S","Небольшая облачность","2026-01-12 22:38"
"-5.40","","-9.00","66","761","1015","","","","0.70","","S","Небольшая облачность","2026-01-12 22:39"
"-5.40","","-9.00","66","761","1015","","","","0.70","","S","Небольшая облачность","2026-01-12 22:40"
"-5.50","","-9.10","66","761","1015","","","","0.70","","S","Небольшая облачность","2026-01-12 22:41"
"-5.50","","-9.10","66","761","1015","","","","0.70","","S","Небольшая облачность","2026-01-12 22:42"
"-5.40","","-9.00","66","761","1015","","","","0.70","","S","Небольшая облачность","2026-01-12 22:43"
"-5.50","","-9.10","66","761","1015","","","","0.70","","S","Небольшая облачность","2026-01-12 22:44"
"-5.50","","-9.10","66","761","1015","","","","0.70","","S","Небольшая облачность","2026-01-12 22:45"
"-5.50","","-9.10","66","761","1015","","","","0.70","","S","Небольшая облачность","2026-01-12 22:46"
"-5.50","","-9.10","66","761","1015","","","","0.70","","S","Небольшая облачность","2026-01-12 22:47"
"-5.50","","-9.10","66","761","1015","","","","0.70","","S","Небольшая облачность","2026-01-12 22:48"
"-5.50","","-9.10","66","761","1015","","","","0.70","","S","Небольшая облачность","2026-01-12 22:49"
"-5.50","","-9.10","66","761","1015","","","","0.70","","S","Небольшая облачность","2026-01-12 22:50"
"-5.50","","-9.10","66","761","1015","","","","0.70","","S","Небольшая облачность","2026-01-12 22:51"
"-5.50","","-9.10","66","761","1015","","","","0.70","","S","Небольшая облачность","2026-01-12 22:52"
"-5.50","","-9.10","66","761","1015","","","","0.70","","S","Небольшая облачность","2026-01-12 22:53"
"-5.50","","-9.10","66","761","1015","","","","0.70","","S","Небольшая облачность","2026-01-12 22:54"
"-5.50","","-9.10","66","761","1015","","","","0.70","","S","Небольшая облачность","2026-01-12 22:55"
"-5.50","","-9.10","66","761","1015","","","","0.70","","S","Небольшая облачность","2026-01-12 22:56"
"-5.50","","-9.10","66","761","1015","","","","0.70","","S","Небольшая облачность","2026-01-12 22:57"
"-5.60","","-9.20","66","761","1015","","","","0.70","","S","Небольшая облачность","2026-01-12 22:58"
"-5.60","","-9.20","66","761","1015","","","","0.70","","S","Небольшая облачность","2026-01-12 22:59"
"-5.60","","-9.20","66","761","1015","","","","0.70","","S","Небольшая облачность","2026-01-12 23:00"
"-5.60","","-9.20","66","761","1015","","","","0.70","","S","Небольшая облачность","2026-01-12 23:01"
"-5.60","","-9.20","65","761","1015","","","","0.70","","S","Небольшая облачность","2026-01-12 23:02"
"-5.60","","-9.20","65","761","1015","","","","0.70","","S","Небольшая облачность","2026-01-12 23:03"
"-5.60","","-9.20","66","761","1015","","","","0.70","","S","Небольшая облачность","2026-01-12 23:04"
"-5.60","","-9.20","66","761","1015","","","","0.70","","S","Небольшая облачность","2026-01-12 23:05"
"-5.60","","-9.20","66","761","1015","","","","0.70","","S","Небольшая облачность","2026-01-12 23:06"
"-5.60","","-9.20","66","761","1015","","","","0.70","","S","Небольшая облачность","2026-01-12 23:07"
"-5.60","","-9.20","65","761","1015","","","","0.70","","S","Небольшая облачность","2026-01-12 23:08"
"-5.60","","-9.20","65","761","1015","","","","0.70","","S","Небольшая облачность","2026-01-12 23:09"
"-5.60","","-9.20","65","761","1015","","","","0.70","","S","Небольшая облачность","2026-01-12 23:10"
"-5.60","","-9.20","65","761","1015","","","","0.70","","S","Небольшая облачность","2026-01-12 23:11"
"-5.60","","-9.20","65","761","1015","","","","0.70","","S","Небольшая облачность","2026-01-12 23:12"
"-5.60","","-9.20","65","761","1015","","","","0.70","","S","Небольшая облачность","2026-01-12 23:13"
"-5.60","","-9.20","65","761","1015","","","","0.70","","S","Небольшая облачность","2026-01-12 23:14"
"-5.60","","-9.20","65","761","1015","","","","0.70","","S","Небольшая облачность","2026-01-12 23:15"
"-5.60","","-9.20","65","761","1015","","","","0.70","","S","Небольшая облачность","2026-01-12 23:16"
"-5.60","","-9.20","65","761","1015","","","","0.70","","S","Небольшая облачность","2026-01-12 23:17"
"-5.60","","-9.20","65","761","1015","","","","0.70","","S","Небольшая облачность","2026-01-12 23:18"
"-5.60","","-9.20","65","761","1015","","","","0.70","","S","Небольшая облачность","2026-01-12 23:19"
"-5.60","","-9.20","65","761","1015","","","","0.70","","S","Небольшая облачность","2026-01-12 23:20"
"-5.60","","-9.20","65","761","1015","","","","0.70","","S","Небольшая облачность","2026-01-12 23:21"
"-5.60","","-9.20","65","761","1015","","","","0.70","","S","Небольшая облачность","2026-01-12 23:22"
"-5.60","","-9.20","65","761","1015","","","","0.70","","S","Небольшая облачность","2026-01-12 23:23"
"-5.60","","-9.20","65","761","1015","","","","0.70","","S","Небольшая облачность","2026-01-12 23:24"
"-5.60","","-9.20","65","761","1015","","","","0.70","","S","Небольшая облачность","2026-01-12 23:25"
"-5.60","","-9.20","65","761","1015","","","","0.70","","S","Небольшая облачность","2026-01-12 23:26"
"-5.60","","-9.20","65","761","1015","","","","0.70","","S","Небольшая облачность","2026-01-12 23:27"
"-5.60","","-9.20","65","761","1015","","","","0.70","","S","Небольшая облачность","2026-01-12 23:28"
"-5.60","","-9.20","65","761","1015","","","","0.70","","S","Небольшая облачность","2026-01-12 23:29"
"-5.60","","-9.20","65","761","1015","","","","0.70","","S","Небольшая облачность","2026-01-12 23:30"
"-5.60","","-9.20","65","761","1015","","","","0.70","","S","Небольшая облачность","2026-01-12 23:31"
"-5.60","","-9.20","65","761","1015","","","","0.70","","S","Небольшая облачность","2026-01-12 23:32"
"-5.60","","-9.20","65","761","1015","","","","0.70","","S","Небольшая облачность","2026-01-12 23:33"
"-5.60","","-9.20","65","761","1015","","","","0.70","","S","Небольшая облачность","2026-01-12 23:34"
"-5.60","","-9.20","65","761","1015","","","","0.70","","S","Небольшая облачность","2026-01-12 23:35"
"-5.60","","-9.20","65","761","1015","","","","0.70","","S","Переменная облачность","2026-01-12 23:36"
"-5.60","","-9.20","65","761","1015","","","","0.70","","S","Переменная облачность","2026-01-12 23:37"
"-5.60","","-9.20","65","761","1015","","","","0.70","","S","Переменная облачность","2026-01-12 23:38"
"-5.60","","-9.20","65","761","1015","","","","0.70","","S","Переменная облачность","2026-01-12 23:39"
"-5.60","","-9.20","65","761","1015","","","","0.70","","S","Переменная облачность","2026-01-12 23:40"
"-5.60","","-9.20","65","761","1015","","","","0.70","","S","Переменная облачность","2026-01-12 23:41"
"-5.60","","-9.20","65","761","1015","","","","0.70","","S","Переменная облачность","2026-01-12 23:42"
"-5.60","","-9.20","65","761","1015","","","","0.70","","S","Переменная облачность","2026-01-12 23:43"
"-5.60","","-9.20","65","761","1015","","","","0.70","","S","Переменная облачность","2026-01-12 23:44"
"-5.60","","-9.20","65","761","1015","","","","0.70","","S","Переменная облачность","2026-01-12 23:45"
"-5.60","","-9.20","65","761","1015","","","","0.70","","S","Переменная облачность","2026-01-12 23:46"
"-5.60","","-9.20","65","761","1015","","","","0.70","","S","Переменная облачность","2026-01-12 23:47"
"-5.60","","-9.20","65","761","1015","","","","0.70","","S","Переменная облачность","2026-01-12 23:48"
"-5.60","","-9.20","65","761","1015","","","","0.70","","S","Переменная облачность","2026-01-12 23:49"
"-5.60","","-9.20","65","761","1015","","","","0.70","","S","Переменная облачность","2026-01-12 23:50"
"-5.60","","-9.20","65","761","1015","","","","0.70","","S","Переменная облачность","2026-01-12 23:51"
"-5.60","","-9.20","65","761","1015","","","","0.70","","S","Переменная облачность","2026-01-12 23:52"
"-5.60","","-9.20","65","761","1015","","","","0.70","","S","Переменная облачность","2026-01-12 23:53"
"-5.60","","-9.20","65","761","1015","","","","0.70","","S","Переменная облачность","2026-01-12 23:54"
"-5.60","","-9.20","65","761","1015","","","","0.70","","S","Переменная облачность","2026-01-12 23:55"
"-5.60","","-9.20","65","761","1015","","","","0.70","","S","Переменная облачность","2026-01-12 23:56"
"-5.60","","-9.20","65","761","1015","","","","0.70","","S","Переменная облачность","2026-01-12 23:57"
"-5.60","","-9.20","65","761","1015","","","","0.70","","S","Переменная облачность","2026-01-12 23:58"
"-5.60","","-9.20","65","761","1015","","","","0.70","","S","Переменная облачность","2026-01-12 23:59"