"Temp","Temp Water","Temp Feels Like","Humidity","Pressure Mm","Pressure Hpa","Precip Mm","Precip Type","Precip Intensity","Wind Speed Ms","Wind Gust Speed Ms","Wind Dir","Condition","Created At"
"-3.30","","-7.40","64","745","994","","","","1.60","","SSE","Небольшая облачность","2025-12-30 00:00"
"-3.40","","-8.30","64","745","994","","","","2.70","","SSE","Небольшая облачность","2025-12-30 00:01"
"-3.40","","-8.30","64","745","994","","","","2.70","","SSE","Небольшая облачность","2025-12-30 00:02"
"-3.40","","-8.80","64","745","994","","","","3.40","","SSE","Небольшая облачность","2025-12-30 00:03"
"-3.40","","-8.80","64","745","994","","","","3.40","","SSE","Небольшая облачность","2025-12-30 00:04"
"-3.40","","-7.50","64","745","994","","","","1.60","","SSE","Небольшая облачность","2025-12-30 00:05"
"-3.40","","-7.50","64","745","994","","","","1.80","","SSE","Небольшая облачность","2025-12-30 00:06"
"-3.50","","-7.80","64","745","994","","","","1.80","","SSE","Небольшая облачность","2025-12-30 00:07"
"-3.50","","-7.80","64","745","994","","","","1.80","","SSE","Небольшая облачность","2025-12-30 00:08"
"-3.50","","-7.80","64","745","994","","","","1.80","","SSE","Небольшая облачность","2025-12-30 00:09"
"-3.50","","-7.80","64","745","994","","","","1.80","","SSE","Небольшая облачность","2025-12-30 00:10"
"-3.50","","-8.60","64","745","994","","","","3.00","","SSE","Небольшая облачность","2025-12-30 00:11"
"-3.50","","-8.30","64","745","994","","","","2.60","","SSE","Небольшая облачность","2025-12-30 00:12"
"-3.50","","-8.30","64","745","994","","","","2.70","","SSE","Небольшая облачность","2025-12-30 00:13"
"-3.60","","-8.50","64","745","994","","","","2.70","","SSE","Небольшая облачность","2025-12-30 00:14"
"-3.60","","-8.40","64","745","994","","","","2.50","","SSE","Небольшая облачность","2025-12-30 00:15"
"-3.60","","-7.70","64","745","994","","","","1.60","","SSE","Небольшая облачность","2025-12-30 00:16"
"-3.60","","-7.70","64","745","994","","","","2.00","","SSE","Небольшая облачность","2025-12-30 00:17"
"-3.60","","-7.70","64","745","994","","","","2.00","","SSE","Небольшая облачность","2025-12-30 00:18"
"-3.60","","-7.40","64","745","994","","","","1.20","","SSE","Небольшая облачность","2025-12-30 00:19"
"-3.60","","-7.40","64","745","994","","","","1.20","","SSE","Небольшая облачность","2025-12-30 00:20"
"-3.60","","-7.40","64","745","994","","","","1.20","","SSE","Небольшая облачность","2025-12-30 00:21"
"-3.60","","-7.40","64","745","994","","","","2.40","","SSE","Небольшая облачность","2025-12-30 00:22"
"-3.60","","-7.40","64","745","994","","","","2.40","","SSE","Небольшая облачность","2025-12-30 00:23"
"-3.60","","-8.30","64","745","994","","","","2.40","","SSE","Небольшая облачность","2025-12-30 00:24"
"-3.70","","-8.40","64","745","994","","","","2.40","","SSE","Небольшая облачность","2025-12-30 00:25"
"-3.70","","-8.40","64","745","994","","","","4.00","","SSE","Небольшая облачность","2025-12-30 00:26"
"-3.70","","-8.40","64","745","994","","","","4.00","","SSE","Небольшая облачность","2025-12-30 00:27"
"-3.70","","-8.20","64","745","994","","","","1.80","","SSE","Небольшая облачность","2025-12-30 00:28"
"-3.70","","-8.20","64","745","994","","","","1.80","","SSE","Небольшая облачность","2025-12-30 00:29"
"-3.70","","-8.00","64","745","994","","","","1.80","","SSE","Небольшая облачность","2025-12-30 00:30"
"-3.70","","-8.00","64","745","994","","","","1.80","","SSE","Небольшая облачность","2025-12-30 00:31"
"-3.70","","-8.00","64","745","994","","","","1.80","","SSE","Небольшая облачность","2025-12-30 00:32"
"-3.70","","-9.40","64","745","994","","","","3.80","","SSE","Небольшая облачность","2025-12-30 00:33"
"-3.70","","-9.40","64","745","994","","","","3.80","","SSE","Небольшая облачность","2025-12-30 00:34"
"-3.70","","-8.80","64","745","994","","","","3.00","","SSE","Небольшая облачность","2025-12-30 00:35"
"-3.70","","-8.80","64","745","994","","","","1.90","","SSE","Небольшая облачность","2025-12-30 00:36"
"-3.80","","-8.20","64","744","993","","","","1.90","","SSE","Небольшая облачность","2025-12-30 00:37"
"-3.80","","-8.20","64","744","993","","","","1.90","","SSE","Небольшая облачность","2025-12-30 00:38"
"-3.80","","-8.20","64","744","993","","","","1.90","","SSE","Небольшая облачность","2025-12-30 00:39"
"-3.80","","-8.20","64","744","993","","","","1.90","","SSE","Небольшая облачность","2025-12-30 00:40"
"-3.80","","-9.30","64","744","993","","","","3.60","","SSE","Небольшая облачность","2025-12-30 00:41"
"-3.80","","-9.30","64","744","993","","","","3.60","","SSE","Небольшая облачность","2025-12-30 00:42"
"-3.80","","-9.30","64","744","993","","","","2.80","","SSE","Небольшая облачность","2025-12-30 00:43"
"-3.80","","-9.30","64","744","993","","","","2.70","","SSE","Небольшая облачность","2025-12-30 00:44"
"-3.80","","-8.70","64","744","993","","","","3.30","","SSE","Небольшая облачность","2025-12-30 00:45"
"-3.80","","-8.70","64","744","993","","","","2.80","","SSE","Небольшая облачность","2025-12-30 00:46"
"-3.80","","-8.70","64","744","993","","","","2.80","","SSE","Небольшая облачность","2025-12-30 00:47"
"-3.80","","-8.00","64","744","993","","","","1.70","","SSE","Небольшая облачность","2025-12-30 00:48"
"-3.80","","-8.00","64","744","993","","","","1.70","","SSE","Небольшая облачность","2025-12-30 00:49"
"-3.80","","-7.20","64","744","993","","","","0.60","","SSE","Небольшая облачность","2025-12-30 00:50"
"-3.80","","-7.20","64","744","993","","","","0.60","","SSE","Небольшая облачность","2025-12-30 00:51"
"-3.90","","-9.20","64","745","994","","","","3.20","","SSE","Небольшая облачность","2025-12-30 00:52"
"-3.90","","-9.20","64","745","994","","","","3.20","","SSE","Небольшая облачность","2025-12-30 00:53"
"-4.00","","-9.30","64","745","994","","","","3.20","","SSE","Небольшая облачность","2025-12-30 00:54"
"-4.00","","-9.30","63","745","994","","","","3.20","","SSE","Небольшая облачность","2025-12-30 00:55"
"-4.00","","-9.40","63","745","994","","","","3.30","","SSE","Небольшая облачность","2025-12-30 00:56"
"-4.00","","-9.40","63","745","994","","","","3.30","","SSE","Небольшая облачность","2025-12-30 00:57"
"-4.00","","-9.60","63","745","994","","","","3.60","","SSE","Небольшая облачность","2025-12-30 00:58"
"-4.00","","-9.60","63","745","994","","","","3.60","","SSE","Небольшая облачность","2025-12-30 00:59"
"-4.00","","-8.20","63","745","994","","","","1.70","","SSE","Небольшая облачность","2025-12-30 01:00"
"-4.00","","-8.20","64","745","994","","","","1.50","","SSE","Небольшая облачность","2025-12-30 01:01"
"-4.00","","-7.80","64","745","994","","","","1.10","","SSE","Небольшая облачность","2025-12-30 01:02"
"-4.00","","-7.90","64","745","994","","","","1.40","","SSE","Небольшая облачность","2025-12-30 01:03"
"-4.00","","-7.90","64","745","994","","","","1.40","","SSE","Небольшая облачность","2025-12-30 01:04"
"-4.00","","-8.00","64","745","994","","","","1.00","","SSE","Небольшая облачность","2025-12-30 01:05"
"-4.00","","-7.70","64","745","994","","","","1.00","","SSE","Небольшая облачность","2025-12-30 01:06"
"-4.00","","-7.70","64","745","994","","","","1.60","","SSE","Небольшая облачность","2025-12-30 01:07"
"-4.00","","-8.00","64","745","994","","","","1.40","","SSE","Небольшая облачность","2025-12-30 01:08"
"-4.00","","-8.00","64","745","994","","","","1.40","","SSE","Небольшая облачность","2025-12-30 01:09"
"-4.00","","-8.00","64","745","994","","","","1.40","","SSE","Небольшая облачность","2025-12-30 01:10"
"-4.10","","-8.10","64","745","994","","","","1.40","","SSE","Небольшая облачность","2025-12-30 01:11"
"-4.10","","-8.10","63","745","994","","","","1.40","","SSE","Небольшая облачность","2025-12-30 01:12"
"-4.10","","-8.10","63","745","994","","","","1.40","","SSE","Небольшая облачность","2025-12-30 01:13"
"-4.20","","-8.90","63","745","994","","","","2.40","","SSE","Небольшая облачность","2025-12-30 01:14"
"-4.20","","-8.40","63","745","994","","","","2.90","","SSE","Небольшая облачность","2025-12-30 01:15"
"-4.20","","-9.30","63","745","994","","","","2.90","","SSE","Небольшая облачность","2025-12-30 01:16"
"-4.20","","-8.60","63","745","994","","","","1.90","","SSE","Небольшая облачность","2025-12-30 01:17"
"-4.20","","-8.60","63","745","994","","","","2.70","","SSE","Небольшая облачность","2025-12-30 01:18"
"-4.20","","-8.60","63","745","994","","","","2.70","","SSE","Небольшая облачность","2025-12-30 01:19"
"-4.30","","-9.20","63","745","994","","","","1.20","","SSE","Небольшая облачность","2025-12-30 01:20"
"-4.30","","-9.20","63","745","994","","","","1.20","","SSE","Небольшая облачность","2025-12-30 01:21"
"-4.30","","-8.40","63","745","994","","","","1.50","","SSE","Небольшая облачность","2025-12-30 01:22"
"-4.30","","-8.40","63","745","994","","","","1.20","","SSE","Небольшая облачность","2025-12-30 01:23"
"-4.30","","-8.20","63","745","994","","","","1.20","","SSE","Небольшая облачность","2025-12-30 01:24"
"-4.30","","-8.10","63","745","994","","","","1.00","","SSE","Небольшая облачность","2025-12-30 01:25"
"-4.30","","-8.10","63","745","994","","","","1.00","","SSE","Небольшая облачность","2025-12-30 01:26"
"-4.30","","-8.10","63","745","994","","","","2.40","","SSE","Небольшая облачность","2025-12-30 01:27"
"-4.30","","-8.10","63","745","994","","","","2.40","","SSE","Небольшая облачность","2025-12-30 01:28"
"-4.40","","-9.00","63","745","994","","","","1.60","","SSE","Небольшая облачность","2025-12-30 01:29"
"-4.40","","-8.60","63","745","994","","","","1.00","","SSE","Небольшая облачность","2025-12-30 01:30"
"-4.40","","-8.60","63","745","994","","","","1.00","","SSE","Небольшая облачность","2025-12-30 01:31"
"-4.40","","-7.80","63","745","994","","","","0.50","","SSE","Небольшая облачность","2025-12-30 01:32"
"-4.40","","-7.80","63","745","994","","","","0.50","","SSE","Небольшая облачность","2025-12-30 01:33"
"-4.40","","-7.80","63","745","994","","","","0.50","","SSE","Небольшая облачность","2025-12-30 01:34"
"-4.40","","-7.80","63","745","994","","","","1.30","","SSE","Небольшая облачность","2025-12-30 01:35"
"-4.40","","-7.80","63","745","994","","","","1.30","","SSE","Небольшая облачность","2025-12-30 01:36"
"-4.40","","-7.90","63","745","994","","","","0.50","","SSE","Небольшая облачность","2025-12-30 01:37"
"-4.40","","-7.80","63","745","994","","","","0.60","","SSE","Небольшая облачность","2025-12-30 01:38"
"-4.40","","-7.80","63","745","994","","","","0.60","","SSE","Небольшая облачность","2025-12-30 01:39"
"-4.40","","-7.50","63","745","994","","","","0.00","","SSE","Небольшая облачность","2025-12-30 01:40"
"-4.40","","-8.20","63","745","994","","","","1.10","","SSE","Небольшая облачность","2025-12-30 01:41"
"-4.40","","-8.30","63","745","994","","","","1.10","","SSE","Небольшая облачность","2025-12-30 01:42"
"-4.40","","-8.00","63","745","994","","","","0.70","","SSE","Небольшая облачность","2025-12-30 01:43"
"-4.40","","-7.80","63","745","994","","","","0.40","","SSE","Небольшая облачность","2025-12-30 01:44"
"-4.40","","-7.80","63","745","994","","","","0.40","","SSE","Небольшая облачность","2025-12-30 01:45"
"-4.40","","-7.80","63","745","994","","","","0.40","","SSE","Небольшая облачность","2025-12-30 01:46"
"-4.50","","-8.60","64","745","994","","","","1.50","","SSE","Небольшая облачность","2025-12-30 01:47"
"-4.50","","-8.60","64","745","994","","","","1.30","","SSE","Небольшая облачность","2025-12-30 01:48"
"-4.50","","-8.50","64","745","994","","","","1.30","","SSE","Небольшая облачность","2025-12-30 01:49"
"-4.50","","-8.40","64","745","994","","","","1.20","","SSE","Небольшая облачность","2025-12-30 01:50"
"-4.50","","-8.40","64","745","994","","","","1.20","","SSE","Небольшая облачность","2025-12-30 01:51"
"-4.50","","-9.00","64","745","994","","","","1.50","","SSE","Небольшая облачность","2025-12-30 01:52"
"-4.50","","-9.00","64","745","994","","","","1.50","","SSE","Небольшая облачность","2025-12-30 01:53"
"-4.50","","-8.00","64","745","994","","","","0.60","","SSE","Небольшая облачность","2025-12-30 01:54"
"-4.50","","-8.30","64","745","994","","","","1.00","","SSE","Небольшая облачность","2025-12-30 01:55"
"-4.50","","-8.30","64","745","994","","","","1.00","","SSE","Небольшая облачность","2025-12-30 01:56"
"-4.50","","-8.30","64","745","994","","","","2.00","","SSE","Небольшая облачность","2025-12-30 01:57"
"-4.50","","-8.90","64","745","994","","","","1.90","","SSE","Небольшая облачность","2025-12-30 01:58"
"-4.50","","-8.00","64","745","994","","","","0.70","","SSE","Небольшая облачность","2025-12-30 01:59"
"-4.50","","-8.10","64","745","994","","","","0.70","","SSE","Небольшая облачность","2025-12-30 02:00"
"-4.50","","-8.10","64","745","994","","","","0.70","","SSE","Небольшая облачность","2025-12-30 02:01"
"-4.50","","-8.20","64","745","994","","","","0.90","","SSE","Небольшая облачность","2025-12-30 02:02"
"-4.50","","-8.40","64","745","994","","","","1.20","","SSE","Небольшая облачность","2025-12-30 02:03"
"-4.50","","-8.30","64","745","994","","","","1.00","","SSE","Небольшая облачность","2025-12-30 02:04"
"-4.50","","-8.20","64","745","994","","","","0.90","","SSE","Небольшая облачность","2025-12-30 02:05"
"-4.50","","-8.60","64","745","994","","","","1.50","","SSE","Небольшая облачность","2025-12-30 02:06"
"-4.50","","-8.60","64","745","994","","","","1.70","","SSE","Небольшая облачность","2025-12-30 02:07"
"-4.50","","-8.80","64","745","994","","","","1.70","","SSE","Небольшая облачность","2025-12-30 02:08"
"-4.50","","-7.90","64","745","994","","","","0.40","","SSE","Небольшая облачность","2025-12-30 02:09"
"-4.50","","-7.90","64","745","994","","","","0.60","","SSE","Небольшая облачность","2025-12-30 02:10"
"-4.50","","-8.00","64","745","994","","","","0.60","","SSE","Небольшая облачность","2025-12-30 02:11"
"-4.50","","-7.90","64","745","994","","","","0.50","","SSE","Небольшая облачность","2025-12-30 02:12"
"-4.50","","-7.90","64","745","994","","","","0.50","","SSE","Небольшая облачность","2025-12-30 02:13"
"-4.50","","-7.90","64","745","994","","","","1.30","","SSE","Небольшая облачность","2025-12-30 02:14"
"-4.60","","-8.90","64","745","994","","","","1.70","","SSE","Небольшая облачность","2025-12-30 02:15"
"-4.60","","-8.40","64","745","994","","","","1.00","","SSE","Небольшая облачность","2025-12-30 02:16"
"-4.60","","-8.40","64","745","994","","","","1.70","","SSE","Небольшая облачность","2025-12-30 02:17"
"-4.60","","-8.90","64","745","994","","","","1.70","","SSE","Небольшая облачность","2025-12-30 02:18"
"-4.60","","-8.90","64","745","994","","","","1.30","","SSE","Небольшая облачность","2025-12-30 02:19"
"-4.60","","-8.90","64","745","994","","","","1.70","","SSE","Небольшая облачность","2025-12-30 02:20"
"-4.60","","-8.90","64","745","994","","","","1.70","","SSE","Небольшая облачность","2025-12-30 02:21"
"-4.60","","-8.50","64","745","994","","","","1.60","","SSE","Небольшая облачность","2025-12-30 02:22"
"-4.50","","-8.70","64","745","994","","","","1.60","","SSE","Небольшая облачность","2025-12-30 02:23"
"-4.60","","-8.80","64","745","994","","","","2.10","","SSE","Небольшая облачность","2025-12-30 02:24"
"-4.60","","-9.20","64","745","994","","","","2.10","","SSE","Небольшая облачность","2025-12-30 02:25"
"-4.60","","-9.20","64","745","994","","","","1.20","","SSE","Небольшая облачность","2025-12-30 02:26"
"-4.60","","-9.20","64","745","994","","","","1.20","","SSE","Небольшая облачность","2025-12-30 02:27"
"-4.60","","-8.50","64","745","994","","","","1.00","","SSE","Небольшая облачность","2025-12-30 02:28"
"-4.60","","-8.50","64","745","994","","","","0.70","","SSE","Небольшая облачность","2025-12-30 02:29"
"-4.60","","-8.20","64","745","994","","","","1.40","","SSE","Небольшая облачность","2025-12-30 02:30"
"-4.60","","-8.70","64","745","994","","","","1.40","","SSE","Небольшая облачность","2025-12-30 02:31"
"-4.60","","-7.70","64","745","994","","","","0.00","","SSE","Небольшая облачность","2025-12-30 02:32"
"-4.60","","-7.70","64","745","994","","","","0.00","","SSE","Небольшая облачность","2025-12-30 02:33"
"-4.60","","-8.40","64","745","994","","","","1.60","","SSE","Небольшая облачность","2025-12-30 02:34"
"-4.60","","-8.80","64","745","994","","","","1.60","","SSE","Небольшая облачность","2025-12-30 02:35"
"-4.60","","-8.70","64","744","993","","","","1.50","","SSE","Небольшая облачность","2025-12-30 02:36"
"-4.60","","-8.70","64","744","993","","","","1.20","","SSE","Небольшая облачность","2025-12-30 02:37"
"-4.60","","-8.50","64","744","993","","","","1.20","","SSE","Небольшая облачность","2025-12-30 02:38"
"-4.60","","-8.50","64","744","993","","","","1.20","","SSE","Небольшая облачность","2025-12-30 02:39"
"-4.60","","-8.60","64","744","993","","","","1.20","","SSE","Небольшая облачность","2025-12-30 02:40"
"-4.60","","-8.30","64","744","993","","","","0.90","","SSE","Небольшая облачность","2025-12-30 02:41"
"-4.60","","-8.30","64","744","993","","","","0.50","","SSE","Небольшая облачность","2025-12-30 02:42"
"-4.60","","-8.00","64","744","993","","","","0.40","","SSE","Небольшая облачность","2025-12-30 02:43"
"-4.60","","-8.00","64","744","993","","","","0.40","","SSE","Небольшая облачность","2025-12-30 02:44"
"-4.60","","-8.20","64","744","993","","","","0.70","","SSE","Небольшая облачность","2025-12-30 02:45"
"-4.60","","-7.70","64","744","993","","","","0.00","","SSE","Небольшая облачность","2025-12-30 02:46"
"-4.60","","-7.70","64","744","993","","","","0.00","","SSE","Небольшая облачность","2025-12-30 02:47"
"-4.60","","-7.70","64","744","993","","","","0.50","","SSE","Небольшая облачность","2025-12-30 02:48"
"-4.60","","-8.00","64","744","993","","","","0.60","","SSE","Небольшая облачность","2025-12-30 02:49"
"-4.60","","-8.10","64","744","993","","","","0.60","","SSE","Небольшая облачность","2025-12-30 02:50"
"-4.60","","-8.10","64","744","993","","","","0.60","","SSE","Небольшая облачность","2025-12-30 02:51"
"-4.60","","-8.20","64","744","993","","","","0.70","","SSE","Небольшая облачность","2025-12-30 02:52"
"-4.60","","-8.00","64","744","993","","","","0.60","","SSE","Небольшая облачность","2025-12-30 02:53"
"-4.60","","-8.10","64","744","993","","","","0.60","","SSE","Небольшая облачность","2025-12-30 02:54"
"-4.60","","-8.10","64","744","993","","","","0.60","","SSE","Небольшая облачность","2025-12-30 02:55"
"-4.60","","-8.10","64","744","993","","","","0.40","","SSE","Небольшая облачность","2025-12-30 02:56"
"-4.60","","-8.30","64","744","993","","","","0.90","","SSE","Небольшая облачность","2025-12-30 02:57"
"-4.60","","-8.30","64","744","993","","","","0.50","","SSE","Небольшая облачность","2025-12-30 02:58"
"-4.60","","-8.00","64","744","993","","","","0.50","","SSE","Небольшая облачность","2025-12-30 02:59"
"-4.60","","-8.00","64","744","993","","","","1.70","","SSE","Небольшая облачность","2025-12-30 03:00"
"-4.60","","-8.70","64","744","993","","","","1.40","","SSE","Небольшая облачность","2025-12-30 03:01"
"-4.60","","-8.70","64","744","993","","","","1.40","","SSE","Небольшая облачность","2025-12-30 03:02"
"-4.60","","-8.70","64","744","993","","","","1.40","","SSE","Небольшая облачность","2025-12-30 03:03"
"-4.60","","-8.50","64","744","993","","","","1.10","","SSE","Небольшая облачность","2025-12-30 03:04"
"-4.60","","-8.50","64","744","993","","","","1.10","","SSE","Небольшая облачность","2025-12-30 03:05"
"-4.60","","-7.70","64","744","993","","","","0.00","","SSE","Небольшая облачность","2025-12-30 03:06"
"-4.60","","-8.20","64","744","993","","","","0.70","","SSE","Небольшая облачность","2025-12-30 03:07"
"-4.60","","-8.20","64","744","993","","","","2.40","","SSE","Небольшая облачность","2025-12-30 03:08"
"-4.60","","-9.40","64","744","993","","","","1.30","","SSE","Небольшая облачность","2025-12-30 03:09"
"-4.60","","-8.00","64","744","993","","","","0.40","","SSE","Небольшая облачность","2025-12-30 03:10"
"-4.60","","-8.00","64","744","993","","","","1.40","","SSE","Небольшая облачность","2025-12-30 03:11"
"-4.60","","-8.00","64","744","993","","","","1.40","","SSE","Небольшая облачность","2025-12-30 03:12"
"-4.60","","-8.70","64","744","993","","","","1.30","","SSE","Небольшая облачность","2025-12-30 03:13"
"-4.60","","-8.60","64","744","993","","","","1.60","","SSE","Небольшая облачность","2025-12-30 03:14"
"-4.60","","-8.80","64","744","993","","","","1.10","","SSE","Небольшая облачность","2025-12-30 03:15"
"-4.60","","-8.80","64","744","993","","","","0.60","","SSE","Небольшая облачность","2025-12-30 03:16"
"-4.60","","-8.50","64","744","993","","","","1.20","","SSE","Небольшая облачность","2025-12-30 03:17"
"-4.60","","-8.50","64","744","993","","","","0.60","","SSE","Небольшая облачность","2025-12-30 03:18"
"-4.60","","-8.50","64","744","993","","","","0.60","","SSE","Небольшая облачность","2025-12-30 03:19"
"-4.60","","-8.10","64","744","993","","","","0.60","","SSE","Небольшая облачность","2025-12-30 03:20"
"-4.60","","-8.60","64","744","993","","","","1.30","","SSE","Небольшая облачность","2025-12-30 03:21"
"-4.60","","-8.60","64","744","993","","","","1.30","","SSE","Небольшая облачность","2025-12-30 03:22"
"-4.60","","-8.90","64","744","993","","","","1.70","","SSE","Небольшая облачность","2025-12-30 03:23"
"-4.60","","-8.90","64","744","993","","","","1.00","","SSE","Небольшая облачность","2025-12-30 03:24"
"-4.60","","-8.50","64","744","993","","","","1.10","","SSE","Небольшая облачность","2025-12-30 03:25"
"-4.60","","-8.50","64","744","993","","","","1.40","","SSE","Небольшая облачность","2025-12-30 03:26"
"-4.60","","-8.70","64","744","993","","","","1.40","","SSE","Небольшая облачность","2025-12-30 03:27"
"-4.60","","-8.70","64","744","993","","","","1.40","","SSE","Небольшая облачность","2025-12-30 03:28"
"-4.60","","-8.70","64","744","993","","","","1.40","","SSE","Небольшая облачность","2025-12-30 03:29"
"-4.60","","-8.20","64","744","993","","","","0.70","","SSE","Небольшая облачность","2025-12-30 03:30"
"-4.60","","-8.50","64","744","993","","","","1.20","","SSE","Небольшая облачность","2025-12-30 03:31"
"-4.60","","-8.30","64","744","993","","","","0.90","","SSE","Небольшая облачность","2025-12-30 03:32"
"-4.60","","-8.30","64","744","993","","","","0.70","","SSE","Небольшая облачность","2025-12-30 03:33"
"-4.50","","-7.90","64","744","993","","","","0.50","","SSE","Небольшая облачность","2025-12-30 03:34"
"-4.50","","-7.90","64","744","993","","","","0.50","","SSE","Небольшая облачность","2025-12-30 03:35"
"-4.50","","-8.40","64","744","993","","","","1.20","","SSE","Небольшая облачность","2025-12-30 03:36"
"-4.50","","-8.30","64","744","993","","","","1.10","","SSE","Небольшая облачность","2025-12-30 03:37"
"-4.50","","-8.30","64","744","993","","","","1.10","","SSE","Небольшая облачность","2025-12-30 03:38"
"-4.50","","-8.00","64","744","993","","","","0.60","","SSE","Небольшая облачность","2025-12-30 03:39"
"-4.50","","-8.00","64","744","993","","","","0.60","","SSE","Небольшая облачность","2025-12-30 03:40"
"-4.50","","-8.10","64","744","993","","","","0.70","","SSE","Небольшая облачность","2025-12-30 03:41"
"-4.50","","-8.10","64","744","993","","","","0.70","","SSE","Небольшая облачность","2025-12-30 03:42"
"-4.50","","-8.60","64","744","993","","","","1.50","","SSE","Небольшая облачность","2025-12-30 03:43"
"-4.50","","-9.00","64","744","993","","","","2.10","","SSE","Небольшая облачность","2025-12-30 03:44"
"-4.50","","-8.40","64","744","993","","","","1.20","","SSE","Небольшая облачность","2025-12-30 03:45"
"-4.50","","-8.40","64","744","993","","","","1.20","","SSE","Небольшая облачность","2025-12-30 03:46"
"-4.50","","-8.30","64","744","993","","","","1.00","","SSE","Небольшая облачность","2025-12-30 03:47"
"-4.50","","-8.30","64","744","993","","","","1.00","","SSE","Небольшая облачность","2025-12-30 03:48"
"-4.50","","-8.30","64","744","993","","","","2.20","","SSE","Небольшая облачность","2025-12-30 03:49"
"-4.50","","-9.10","64","744","993","","","","2.20","","SSE","Небольшая облачность","2025-12-30 03:50"
"-4.50","","-9.10","64","744","993","","","","2.20","","SSE","Небольшая облачность","2025-12-30 03:51"
"-4.50","","-7.90","64","744","992","","","","0.90","","SSE","Небольшая облачность","2025-12-30 03:52"
"-4.50","","-7.90","64","744","992","","","","0.90","","SSE","Небольшая облачность","2025-12-30 03:53"
"-4.50","","-8.20","64","744","992","","","","0.90","","SSE","Небольшая облачность","2025-12-30 03:54"
"-4.50","","-8.20","64","744","992","","","","0.60","","SSE","Небольшая облачность","2025-12-30 03:55"
"-4.50","","-8.00","64","744","992","","","","1.20","","SSE","Небольшая облачность","2025-12-30 03:56"
"-4.50","","-8.40","64","744","992","","","","1.20","","SSE","Небольшая облачность","2025-12-30 03:57"
"-4.50","","-8.90","64","744","992","","","","1.90","","SSE","Небольшая облачность","2025-12-30 03:58"
"-4.50","","-8.90","64","744","992","","","","0.90","","SSE","Небольшая облачность","2025-12-30 03:59"
"-4.50","","-8.90","64","744","992","","","","1.50","","SSE","Небольшая облачность","2025-12-30 04:00"
"-4.50","","-8.60","64","744","992","","","","1.50","","SSE","Небольшая облачность","2025-12-30 04:01"
"-4.50","","-8.90","64","744","992","","","","1.90","","SSE","Небольшая облачность","2025-12-30 04:02"
"-4.50","","-8.90","64","744","992","","","","1.70","","SSE","Небольшая облачность","2025-12-30 04:03"
"-4.50","","-8.80","64","744","992","","","","1.10","","SSE","Небольшая облачность","2025-12-30 04:04"
"-4.50","","-8.40","64","744","992","","","","1.20","","SSE","Небольшая облачность","2025-12-30 04:05"
"-4.50","","-8.40","64","744","992","","","","0.70","","SSE","Небольшая облачность","2025-12-30 04:06"
"-4.50","","-8.40","64","744","992","","","","0.70","","SSE","Небольшая облачность","2025-12-30 04:07"
"-4.50","","-8.30","64","744","992","","","","1.10","","SSE","Небольшая облачность","2025-12-30 04:08"
"-4.50","","-8.30","64","744","992","","","","1.10","","SSE","Небольшая облачность","2025-12-30 04:09"
"-4.50","","-7.90","64","744","992","","","","0.40","","SSE","Небольшая облачность","2025-12-30 04:10"
"-4.50","","-7.90","64","744","992","","","","0.50","","SSE","Небольшая облачность","2025-12-30 04:11"
"-4.50","","-7.90","64","744","992","","","","0.50","","SSE","Небольшая облачность","2025-12-30 04:12"
"-4.50","","-8.00","64","744","992","","","","1.00","","SSE","Небольшая облачность","2025-12-30 04:13"
"-4.50","","-8.40","64","744","992","","","","1.20","","SSE","Небольшая облачность","2025-12-30 04:14"
"-4.50","","-8.40","64","744","992","","","","1.20","","SSE","Небольшая облачность","2025-12-30 04:15"
"-4.50","","-8.40","64","744","992","","","","0.70","","SSE","Небольшая облачность","2025-12-30 04:16"
"-4.50","","-8.10","64","744","992","","","","0.70","","SSE","Небольшая облачность","2025-12-30 04:17"
"-4.50","","-8.10","64","744","992","","","","0.70","","SSE","Небольшая облачность","2025-12-30 04:18"
"-4.50","","-8.60","64","744","992","","","","1.40","","SSE","Небольшая облачность","2025-12-30 04:19"
"-4.50","","-8.60","64","744","992","","","","0.50","","SSE","Небольшая облачность","2025-12-30 04:20"
"-4.50","","-8.20","65","744","992","","","","0.90","","SSE","Небольшая облачность","2025-12-30 04:21"
"-4.50","","-8.50","65","744","992","","","","1.40","","SSE","Небольшая облачность","2025-12-30 04:22"
"-4.50","","-8.90","65","744","992","","","","1.90","","SSE","Небольшая облачность","2025-12-30 04:23"
"-4.50","","-8.90","64","744","992","","","","1.90","","SSE","Небольшая облачность","2025-12-30 04:24"
"-4.50","","-8.90","64","744","992","","","","1.60","","SSE","Небольшая облачность","2025-12-30 04:25"
"-4.50","","-8.70","64","744","992","","","","1.60","","SSE","Облачно","2025-12-30 04:26"
"-4.50","","-8.60","64","744","992","","","","1.50","","SSE","Облачно","2025-12-30 04:27"
"-4.50","","-8.60","64","744","992","","","","1.50","","SSE","Облачно","2025-12-30 04:28"
"-4.50","","-8.40","64","744","992","","","","1.20","","SSE","Облачно","2025-12-30 04:29"
"-4.50","","-8.40","64","744","992","","","","0.50","","SSE","Облачно","2025-12-30 04:30"
"-4.50","","-7.90","64","744","992","","","","0.50","","SSE","Облачно","2025-12-30 04:31"
"-4.50","","-8.70","64","744","992","","","","1.60","","SSE","Облачно","2025-12-30 04:32"
"-4.50","","-8.70","64","744","992","","","","0.60","","SSE","Облачно","2025-12-30 04:33"
"-4.40","","-7.90","64","744","992","","","","0.60","","SSE","Облачно","2025-12-30 04:34"
"-4.40","","-8.10","64","744","992","","","","0.90","","SSE","Облачно","2025-12-30 04:35"
"-4.40","","-7.90","64","744","992","","","","0.60","","SSE","Облачно","2025-12-30 04:36"
"-4.40","","-8.10","64","744","992","","","","0.90","","SSE","Облачно","2025-12-30 04:37"
"-4.40","","-8.10","64","744","992","","","","0.90","","SSE","Облачно","2025-12-30 04:38"
"-4.40","","-8.10","64","744","992","","","","1.50","","SSE","Облачно","2025-12-30 04:39"
"-4.40","","-8.90","64","744","992","","","","2.10","","SSE","Облачно","2025-12-30 04:40"
"-4.40","","-8.90","64","744","992","","","","1.10","","SSE","Облачно","2025-12-30 04:41"
"-4.40","","-8.00","64","744","992","","","","0.70","","SSE","Облачно","2025-12-30 04:42"
"-4.40","","-7.70","64","744","992","","","","0.40","","SSE","Облачно","2025-12-30 04:43"
"-4.40","","-8.10","64","744","992","","","","0.90","","SSE","Облачно","2025-12-30 04:44"
"-4.40","","-8.10","64","744","992","","","","1.40","","SSE","Облачно","2025-12-30 04:45"
"-4.40","","-8.10","64","744","992","","","","1.40","","SSE","Небольшая облачность","2025-12-30 04:46"
"-4.40","","-8.40","64","744","992","","","","0.90","","SSE","Небольшая облачность","2025-12-30 04:47"
"-4.40","","-8.10","64","744","992","","","","0.50","","SSE","Небольшая облачность","2025-12-30 04:48"
"-4.40","","-8.10","64","744","992","","","","0.50","","SSE","Небольшая облачность","2025-12-30 04:49"
"-4.40","","-8.30","64","744","992","","","","1.20","","SSE","Небольшая облачность","2025-12-30 04:50"
"-4.40","","-8.30","64","744","992","","","","1.20","","SSE","Небольшая облачность","2025-12-30 04:51"
"-4.40","","-8.90","64","744","992","","","","2.00","","SSE","Небольшая облачность","2025-12-30 04:52"
"-4.40","","-8.90","64","744","992","","","","1.20","","SSE","Небольшая облачность","2025-12-30 04:53"
"-4.30","","-8.10","64","744","992","","","","1.00","","SSE","Небольшая облачность","2025-12-30 04:54"
"-4.30","","-8.40","64","744","992","","","","1.50","","SSE","Небольшая облачность","2025-12-30 04:55"
"-4.30","","-8.40","64","744","992","","","","1.50","","SSE","Небольшая облачность","2025-12-30 04:56"
"-4.30","","-8.20","64","744","992","","","","1.20","","SSE","Небольшая облачность","2025-12-30 04:57"
"-4.30","","-8.40","64","744","992","","","","1.50","","SSE","Небольшая облачность","2025-12-30 04:58"
"-4.30","","-7.60","64","744","992","","","","0.40","","SSE","Небольшая облачность","2025-12-30 04:59"
"-4.30","","-7.60","65","744","992","","","","0.40","","SSE","Небольшая облачность","2025-12-30 05:00"
"-4.30","","-7.60","65","744","992","","","","0.00","","SSE","Небольшая облачность","2025-12-30 05:01"
"-4.30","","-7.60","65","744","992","","","","0.00","","SSE","Небольшая облачность","2025-12-30 05:02"
"-4.30","","-7.30","65","744","992","","","","0.00","","SSE","Небольшая облачность","2025-12-30 05:03"
"-4.30","","-7.30","65","744","992","","","","0.00","","SSE","Небольшая облачность","2025-12-30 05:04"
"-4.30","","-7.30","65","744","992","","","","0.50","","SSE","Небольшая облачность","2025-12-30 05:05"
"-4.20","","-7.90","65","744","992","","","","1.00","","SSE","Небольшая облачность","2025-12-30 05:06"
"-4.20","","-7.90","65","744","992","","","","1.00","","SSE","Небольшая облачность","2025-12-30 05:07"
"-4.20","","-7.70","65","744","992","","","","0.70","","SSE","Небольшая облачность","2025-12-30 05:08"
"-4.30","","-8.40","65","744","992","","","","1.50","","SSE","Небольшая облачность","2025-12-30 05:09"
"-4.30","","-8.40","65","744","992","","","","1.20","","SSE","Небольшая облачность","2025-12-30 05:10"
"-4.30","","-8.20","65","744","992","","","","1.20","","SSE","Небольшая облачность","2025-12-30 05:11"
"-4.30","","-8.20","65","744","992","","","","0.90","","SSE","Небольшая облачность","2025-12-30 05:12"
"-4.20","","-7.20","65","744","992","","","","0.00","","SSE","Небольшая облачность","2025-12-30 05:13"
"-4.20","","-7.60","65","744","992","","","","0.50","","SSE","Небольшая облачность","2025-12-30 05:14"
"-4.20","","-7.50","65","744","992","","","","0.50","","SSE","Небольшая облачность","2025-12-30 05:15"
"-4.20","","-7.50","65","744","992","","","","0.50","","SSE","Небольшая облачность","2025-12-30 05:16"
"-4.20","","-7.60","65","744","992","","","","0.70","","SSE","Небольшая облачность","2025-12-30 05:17"
"-4.20","","-7.60","65","744","992","","","","0.90","","SSE","Небольшая облачность","2025-12-30 05:18"
"-4.20","","-7.60","65","744","992","","","","0.90","","SSE","Небольшая облачность","2025-12-30 05:19"
"-4.20","","-7.50","65","744","992","","","","0.40","","SSE","Небольшая облачность","2025-12-30 05:20"
"-4.20","","-7.70","65","744","992","","","","0.60","","SSE","Небольшая облачность","2025-12-30 05:21"
"-4.20","","-7.70","65","744","992","","","","0.50","","SSE","Небольшая облачность","2025-12-30 05:22"
"-4.20","","-7.60","65","744","992","","","","0.50","","SSE","Небольшая облачность","2025-12-30 05:23"
"-4.20","","-7.20","65","744","992","","","","0.00","","SSE","Небольшая облачность","2025-12-30 05:24"
"-4.20","","-7.20","65","744","992","","","","0.00","","SSE","Небольшая облачность","2025-12-30 05:25"
"-4.20","","-7.20","65","744","992","","","","0.00","","SSE","Небольшая облачность","2025-12-30 05:26"
"-4.20","","-7.20","65","744","992","","","","0.00","","SSE","Небольшая облачность","2025-12-30 05:27"
"-4.20","","-7.20","65","744","992","","","","0.00","","SSE","Небольшая облачность","2025-12-30 05:28"
"-4.20","","-7.20","65","744","992","","","","0.00","","SSE","Небольшая облачность","2025-12-30 05:29"
"-4.20","","-7.20","65","744","992","","","","0.00","","SSE","Небольшая облачность","2025-12-30 05:30"
"-4.20","","-7.60","65","744","992","","","","0.50","","SSE","Небольшая облачность","2025-12-30 05:31"
"-4.20","","-7.60","65","744","992","","","","0.50","","SSE","Небольшая облачность","2025-12-30 05:32"
"-4.20","","-7.60","65","744","992","","","","0.50","","SSE","Небольшая облачность","2025-12-30 05:33"
"-4.20","","-7.20","65","744","992","","","","0.00","","SSE","Небольшая облачность","2025-12-30 05:34"
"-4.20","","-7.20","65","744","992","","","","0.00","","SSE","Небольшая облачность","2025-12-30 05:35"
"-4.20","","-7.20","65","744","992","","","","0.00","","SSE","Небольшая облачность","2025-12-30 05:36"
"-4.10","","-7.10","65","744","992","","","","0.00","","SSE","Небольшая облачность","2025-12-30 05:37"
"-4.10","","-7.10","65","744","992","","","","0.00","","SSE","Небольшая облачность","2025-12-30 05:38"
"-4.10","","-7.10","65","744","992","","","","0.00","","SSE","Небольшая облачность","2025-12-30 05:39"
"-4.10","","-7.10","65","744","992","","","","0.00","","SSE","Небольшая облачность","2025-12-30 05:40"
"-4.10","","-7.10","65","744","992","","","","0.00","","SSE","Небольшая облачность","2025-12-30 05:41"
"-4.10","","-7.60","65","744","992","","","","0.60","","SSE","Небольшая облачность","2025-12-30 05:42"
"-4.10","","-7.60","65","744","992","","","","0.00","","SSE","Небольшая облачность","2025-12-30 05:43"
"-4.00","","-7.00","65","744","992","","","","0.00","","SSE","Небольшая облачность","2025-12-30 05:44"
"-4.00","","-7.70","65","744","992","","","","0.90","","SSE","Небольшая облачность","2025-12-30 05:45"
"-4.00","","-7.70","65","744","992","","","","0.90","","SSE","Небольшая облачность","2025-12-30 05:46"
"-4.00","","-7.50","65","744","992","","","","0.70","","SSE","Небольшая облачность","2025-12-30 05:47"
"-4.00","","-8.30","65","744","992","","","","1.80","","SSE","Небольшая облачность","2025-12-30 05:48"
"-4.00","","-8.30","65","744","992","","","","0.70","","SSE","Небольшая облачность","2025-12-30 05:49"
"-3.90","","-7.20","65","744","992","","","","0.40","","SSE","Небольшая облачность","2025-12-30 05:50"
"-3.90","","-7.20","65","744","992","","","","0.40","","SSE","Небольшая облачность","2025-12-30 05:51"
"-3.90","","-7.20","66","744","992","","","","0.40","","SSE","Небольшая облачность","2025-12-30 05:52"
"-3.90","","-7.20","66","744","992","","","","0.40","","SSE","Небольшая облачность","2025-12-30 05:53"
"-3.90","","-7.80","65","744","992","","","","1.30","","SSE","Небольшая облачность","2025-12-30 05:54"
"-3.90","","-7.80","65","744","992","","","","1.50","","SSE","Небольшая облачность","2025-12-30 05:55"
"-3.90","","-8.00","65","744","992","","","","1.40","","SSE","Небольшая облачность","2025-12-30 05:56"
"-3.90","","-7.90","65","744","992","","","","1.40","","SSE","Небольшая облачность","2025-12-30 05:57"
"-3.90","","-7.90","65","744","992","","","","1.40","","SSE","Небольшая облачность","2025-12-30 05:58"
"-3.90","","-7.90","65","744","992","","","","1.00","","SSE","Небольшая облачность","2025-12-30 05:59"
"-3.90","","-7.70","65","744","992","","","","1.10","","SSE","Небольшая облачность","2025-12-30 06:00"
"-3.90","","-7.70","65","744","992","","","","1.10","","SSE","Небольшая облачность","2025-12-30 06:01"
"-3.90","","-7.70","65","744","992","","","","1.00","","SSE","Небольшая облачность","2025-12-30 06:02"
"-3.90","","-7.40","65","744","992","","","","0.70","","SSE","Небольшая облачность","2025-12-30 06:03"
"-3.90","","-7.20","65","744","992","","","","0.50","","SSE","Небольшая облачность","2025-12-30 06:04"
"-3.90","","-7.30","65","744","992","","","","0.50","","SSE","Небольшая облачность","2025-12-30 06:05"
"-3.80","","-7.20","65","744","992","","","","0.50","","SSE","Небольшая облачность","2025-12-30 06:06"
"-3.80","","-7.20","65","744","992","","","","0.00","","SSE","Небольшая облачность","2025-12-30 06:07"
"-3.80","","-7.20","65","744","992","","","","0.00","","SSE","Небольшая облачность","2025-12-30 06:08"
"-3.80","","-6.80","65","744","992","","","","0.00","","SSE","Небольшая облачность","2025-12-30 06:09"
"-3.80","","-6.80","65","744","992","","","","0.00","","SSE","Небольшая облачность","2025-12-30 06:10"
"-3.80","","-6.80","65","744","992","","","","0.00","","SSE","Небольшая облачность","2025-12-30 06:11"
"-3.80","","-6.80","65","744","992","","","","0.00","","SSE","Небольшая облачность","2025-12-30 06:12"
"-3.80","","-6.80","65","744","992","","","","0.40","","SSE","Небольшая облачность","2025-12-30 06:13"
"-3.80","","-6.80","65","744","992","","","","0.00","","SSE","Небольшая облачность","2025-12-30 06:14"
"-3.80","","-6.80","65","744","992","","","","0.00","","SSE","Небольшая облачность","2025-12-30 06:15"
"-3.80","","-6.80","65","744","992","","","","0.00","","SSE","Небольшая облачность","2025-12-30 06:16"
"-3.80","","-6.80","65","744","992","","","","0.00","","SSE","Небольшая облачность","2025-12-30 06:17"
"-3.80","","-7.10","65","744","992","","","","0.00","","SSE","Небольшая облачность","2025-12-30 06:18"
"-3.80","","-7.10","65","744","992","","","","0.00","","SSE","Небольшая облачность","2025-12-30 06:19"
"-3.80","","-7.10","65","744","992","","","","0.40","","SSE","Небольшая облачность","2025-12-30 06:20"
"-3.80","","-6.80","65","744","992","","","","0.00","","SSE","Небольшая облачность","2025-12-30 06:21"
"-3.80","","-6.80","65","744","992","","","","0.00","","SSE","Небольшая облачность","2025-12-30 06:22"
"-3.80","","-7.20","65","744","992","","","","0.50","","SSE","Небольшая облачность","2025-12-30 06:23"
"-3.80","","-6.80","65","744","992","","","","0.00","","SSE","Небольшая облачность","2025-12-30 06:24"
"-3.80","","-6.80","66","744","992","","","","0.50","","SSE","Небольшая облачность","2025-12-30 06:25"
"-3.80","","-6.80","66","744","992","","","","0.50","","SSE","Небольшая облачность","2025-12-30 06:26"
"-3.70","","-7.00","66","744","992","","","","0.60","","SSE","Небольшая облачность","2025-12-30 06:27"
"-3.80","","-7.20","65","744","992","","","","0.40","","SSE","Небольшая облачность","2025-12-30 06:28"
"-3.80","","-7.10","65","744","992","","","","0.40","","SSE","Небольшая облачность","2025-12-30 06:29"
"-3.70","","-7.00","65","744","992","","","","0.40","","SSE","Небольшая облачность","2025-12-30 06:30"
"-3.70","","-7.00","65","744","992","","","","0.40","","SSE","Небольшая облачность","2025-12-30 06:31"
"-3.70","","-7.00","66","744","992","","","","0.00","","SSE","Небольшая облачность","2025-12-30 06:32"
"-3.70","","-6.70","66","744","992","","","","0.70","","SSE","Небольшая облачность","2025-12-30 06:33"
"-3.70","","-7.20","66","744","992","","","","0.70","","SSE","Небольшая облачность","2025-12-30 06:34"
"-3.70","","-7.00","66","744","992","","","","0.40","","SSE","Небольшая облачность","2025-12-30 06:35"
"-3.70","","-7.00","66","744","992","","","","0.40","","SSE","Небольшая облачность","2025-12-30 06:36"
"-3.70","","-7.00","66","744","992","","","","0.40","","SSE","Небольшая облачность","2025-12-30 06:37"
"-3.70","","-7.00","66","744","992","","","","0.60","","SSE","Небольшая облачность","2025-12-30 06:38"
"-3.70","","-7.10","66","744","992","","","","0.60","","SSE","Небольшая облачность","2025-12-30 06:39"
"-3.70","","-7.10","66","744","992","","","","0.40","","SSE","Небольшая облачность","2025-12-30 06:40"
"-3.70","","-7.00","66","744","992","","","","0.50","","SSE","Небольшая облачность","2025-12-30 06:41"
"-3.70","","-7.00","66","744","992","","","","0.50","","SSE","Небольшая облачность","2025-12-30 06:42"
"-3.60","","-6.90","66","744","992","","","","0.50","","SSE","Небольшая облачность","2025-12-30 06:43"
"-3.60","","-6.90","66","744","992","","","","0.00","","SSE","Небольшая облачность","2025-12-30 06:44"
"-3.60","","-6.60","66","744","992","","","","0.40","","SSE","Небольшая облачность","2025-12-30 06:45"
"-3.60","","-6.90","66","744","992","","","","0.00","","SSE","Небольшая облачность","2025-12-30 06:46"
"-3.60","","-6.60","66","744","992","","","","0.00","","SSE","Небольшая облачность","2025-12-30 06:47"
"-3.60","","-6.60","66","744","992","","","","0.00","","SSE","Небольшая облачность","2025-12-30 06:48"
"-3.60","","-6.60","66","744","992","","","","0.40","","SSE","Небольшая облачность","2025-12-30 06:49"
"-3.50","","-6.80","66","744","992","","","","0.40","","SSE","Небольшая облачность","2025-12-30 06:50"
"-3.50","","-6.80","66","744","992","","","","0.40","","SSE","Небольшая облачность","2025-12-30 06:51"
"-3.50","","-6.80","66","743","991","","","","0.00","","SSE","Небольшая облачность","2025-12-30 06:52"
"-3.50","","-6.50","66","743","991","","","","0.00","","SSE","Небольшая облачность","2025-12-30 06:53"
"-3.50","","-6.50","66","743","991","","","","0.00","","SSE","Небольшая облачность","2025-12-30 06:54"
"-3.50","","-6.50","66","743","991","","","","0.00","","SSE","Небольшая облачность","2025-12-30 06:55"
"-3.50","","-6.50","66","743","991","","","","0.00","","SSE","Небольшая облачность","2025-12-30 06:56"
"-3.50","","-6.50","66","743","991","","","","0.00","","SSE","Небольшая облачность","2025-12-30 06:57"
"-3.40","","-6.40","66","743","991","","","","0.00","","SSE","Небольшая облачность","2025-12-30 06:58"
"-3.40","","-6.40","66","743","991","","","","0.00","","SSE","Небольшая облачность","2025-12-30 06:59"
"-3.40","","-6.40","66","743","991","","","","0.00","","SSE","Небольшая облачность","2025-12-30 07:00"
"-3.40","","-6.40","66","743","991","","","","0.00","","SSE","Небольшая облачность","2025-12-30 07:01"
"-3.40","","-6.40","66","743","991","","","","1.10","","SSE","Небольшая облачность","2025-12-30 07:02"
"-3.30","","-7.00","66","743","991","","","","1.10","","SSE","Небольшая облачность","2025-12-30 07:03"
"-3.30","","-7.00","66","743","991","","","","1.10","","SSE","Небольшая облачность","2025-12-30 07:04"
"-3.30","","-6.70","66","743","991","","","","0.00","","SSE","Небольшая облачность","2025-12-30 07:05"
"-3.30","","-7.00","66","744","992","","","","1.10","","SSE","Небольшая облачность","2025-12-30 07:06"
"-3.30","","-7.00","66","744","992","","","","1.30","","SSE","Небольшая облачность","2025-12-30 07:07"
"-3.30","","-7.00","66","744","992","","","","1.30","","SSE","Небольшая облачность","2025-12-30 07:08"
"-3.20","","-7.10","66","744","992","","","","1.30","","SSE","Небольшая облачность","2025-12-30 07:09"
"-3.20","","-7.10","66","744","992","","","","1.30","","SSE","Небольшая облачность","2025-12-30 07:10"
"-3.20","","-7.10","66","744","992","","","","1.30","","SSE","Переменная облачность","2025-12-30 07:11"
"-3.20","","-7.00","67","744","992","","","","0.90","","SSE","Переменная облачность","2025-12-30 07:12"
"-3.10","","-6.70","67","744","992","","","","1.10","","SSE","Переменная облачность","2025-12-30 07:13"
"-3.10","","-6.80","67","744","992","","","","1.10","","SSE","Переменная облачность","2025-12-30 07:14"
"-3.10","","-6.80","67","744","992","","","","0.70","","SSE","Переменная облачность","2025-12-30 07:15"
"-3.10","","-6.80","67","744","992","","","","0.70","","SSE","Переменная облачность","2025-12-30 07:16"
"-3.00","","-6.50","67","744","992","","","","0.90","","SSE","Переменная облачность","2025-12-30 07:17"
"-3.00","","-6.30","67","744","992","","","","0.50","","SSE","Переменная облачность","2025-12-30 07:18"
"-3.00","","-6.30","67","744","992","","","","0.60","","SSE","Переменная облачность","2025-12-30 07:19"
"-2.90","","-6.20","67","744","992","","","","0.90","","SSE","Переменная облачность","2025-12-30 07:20"
"-2.90","","-6.40","67","744","992","","","","0.90","","SSE","Переменная облачность","2025-12-30 07:21"
"-2.90","","-6.50","67","744","992","","","","1.00","","SSE","Переменная облачность","2025-12-30 07:22"
"-2.90","","-6.20","67","744","992","","","","0.50","","SSE","Переменная облачность","2025-12-30 07:23"
"-2.90","","-6.20","67","744","992","","","","0.60","","SSE","Переменная облачность","2025-12-30 07:24"
"-2.90","","-6.20","67","744","992","","","","1.00","","SSE","Переменная облачность","2025-12-30 07:25"
"-2.90","","-6.20","67","744","992","","","","1.00","","SSE","Переменная облачность","2025-12-30 07:26"
"-2.80","","-6.80","67","744","992","","","","1.60","","SSE","Переменная облачность","2025-12-30 07:27"
"-2.90","","-7.00","67","744","992","","","","1.70","","SSE","Переменная облачность","2025-12-30 07:28"
"-2.90","","-7.00","67","744","992","","","","1.70","","SSE","Переменная облачность","2025-12-30 07:29"
"-2.80","","-6.90","67","744","992","","","","1.40","","SSE","Переменная облачность","2025-12-30 07:30"
"-2.80","","-6.70","67","744","992","","","","1.40","","SSE","Переменная облачность","2025-12-30 07:31"
"-2.80","","-6.30","67","744","992","","","","0.90","","SSE","Переменная облачность","2025-12-30 07:32"
"-2.80","","-6.30","67","744","992","","","","0.90","","SSE","Переменная облачность","2025-12-30 07:33"
"-2.80","","-6.30","67","744","992","","","","1.70","","SSE","Переменная облачность","2025-12-30 07:34"
"-2.80","","-6.90","67","744","992","","","","1.30","","SSE","Переменная облачность","2025-12-30 07:35"
"-2.70","","-6.50","67","744","992","","","","1.30","","SSE","Облачно","2025-12-30 07:36"
"-2.70","","-5.90","67","744","992","","","","1.20","","SSE","Облачно","2025-12-30 07:37"
"-2.70","","-6.40","68","744","992","","","","1.20","","SSE","Облачно","2025-12-30 07:38"
"-2.70","","-6.40","68","744","992","","","","1.60","","SSE","Облачно","2025-12-30 07:39"
"-2.70","","-6.70","68","744","992","","","","1.60","","SSE","Облачно","2025-12-30 07:40"
"-2.60","","-6.20","68","744","992","","","","0.50","","SSE","Облачно","2025-12-30 07:41"
"-2.60","","-5.80","68","744","992","","","","0.90","","SSE","Облачно","2025-12-30 07:42"
"-2.60","","-5.80","68","744","992","","","","0.90","","SSE","Облачно","2025-12-30 07:43"
"-2.50","","-5.80","68","744","992","","","","0.60","","SSE","Облачно","2025-12-30 07:44"
"-2.40","","-5.60","68","744","992","","","","0.40","","SSE","Облачно","2025-12-30 07:45"
"-2.40","","-5.50","68","744","992","","","","0.40","","SSE","Облачно","2025-12-30 07:46"
"-2.40","","-5.90","68","744","992","","","","1.00","","SSE","Облачно","2025-12-30 07:47"
"-2.40","","-5.70","68","744","992","","","","0.70","","SSE","Облачно","2025-12-30 07:48"
"-2.40","","-5.70","68","744","992","","","","0.70","","SSE","Облачно","2025-12-30 07:49"
"-2.40","","-6.10","68","744","992","","","","1.20","","SSE","Облачно","2025-12-30 07:50"
"-2.30","","-6.00","68","744","992","","","","1.20","","SSE","Облачно","2025-12-30 07:51"
"-2.30","","-6.30","68","744","992","","","","1.60","","SSE","Облачно","2025-12-30 07:52"
"-2.30","","-6.30","68","744","992","","","","1.60","","SSE","Облачно","2025-12-30 07:53"
"-2.30","","-5.50","68","744","992","","","","0.50","","SSE","Облачно","2025-12-30 07:54"
"-2.30","","-5.50","68","744","992","","","","1.30","","SSE","Облачно","2025-12-30 07:55"
"-2.30","","-6.10","68","744","992","","","","1.40","","SSE","Облачно","2025-12-30 07:56"
"-2.20","","-6.00","68","744","992","","","","1.20","","SSE","Облачно","2025-12-30 07:57"
"-2.20","","-6.00","68","744","992","","","","1.40","","SSE","Облачно","2025-12-30 07:58"
"-2.20","","-6.20","68","744","992","","","","1.60","","SSE","Облачно","2025-12-30 07:59"
"-2.20","","-6.00","68","744","992","","","","1.40","","SSE","Облачно","2025-12-30 08:00"
"-2.20","","-5.90","68","744","992","","","","1.30","","SSE","Облачно","2025-12-30 08:01"
"-2.20","","-5.90","68","744","992","","","","1.30","","SSE","Облачно","2025-12-30 08:02"
"-2.20","","-6.30","68","744","992","","","","1.40","","SSE","Облачно","2025-12-30 08:03"
"-2.20","","-6.30","68","744","992","","","","1.40","","SSE","Облачно","2025-12-30 08:04"
"-2.20","","-6.30","68","744","992","","","","0.70","","SSE","Облачно","2025-12-30 08:05"
"-2.20","","-6.30","68","744","992","","","","1.80","","SSE","Переменная облачность","2025-12-30 08:06"
"-2.20","","-6.30","68","744","992","","","","1.80","","SSE","Переменная облачность","2025-12-30 08:07"
"-2.20","","-6.30","68","744","992","","","","1.60","","SSE","Переменная облачность","2025-12-30 08:08"
"-2.20","","-6.30","68","744","992","","","","1.60","","SSE","Переменная облачность","2025-12-30 08:09"
"-2.20","","-6.40","68","744","992","","","","1.90","","SSE","Переменная облачность","2025-12-30 08:10"
"-2.20","","-6.40","68","744","992","","","","1.70","","SSE","Переменная облачность","2025-12-30 08:11"
"-2.20","","-6.40","68","744","992","","","","1.70","","SSE","Переменная облачность","2025-12-30 08:12"
"-2.20","","-5.90","68","744","992","","","","1.20","","SSE","Переменная облачность","2025-12-30 08:13"
"-2.10","","-5.90","68","744","992","","","","1.40","","SSE","Переменная облачность","2025-12-30 08:14"
"-2.10","","-6.30","68","744","992","","","","1.90","","SSE","Переменная облачность","2025-12-30 08:15"
"-2.10","","-6.00","68","744","992","","","","2.20","","SSE","Переменная облачность","2025-12-30 08:16"
"-2.10","","-6.50","68","744","992","","","","1.30","","SSE","Переменная облачность","2025-12-30 08:17"
"-2.10","","-6.50","68","744","992","","","","1.30","","SSE","Переменная облачность","2025-12-30 08:18"
"-2.10","","-5.80","68","744","992","","","","2.80","","SSE","Переменная облачность","2025-12-30 08:19"
"-2.10","","-6.90","68","744","992","","","","2.40","","SSE","Переменная облачность","2025-12-30 08:20"
"-2.10","","-6.60","68","744","992","","","","3.10","","SSE","Переменная облачность","2025-12-30 08:21"
"-2.10","","-6.60","68","744","992","","","","2.90","","SSE","Переменная облачность","2025-12-30 08:22"
"-2.10","","-6.60","68","744","992","","","","2.90","","SSE","Переменная облачность","2025-12-30 08:23"
"-2.10","","-6.90","68","744","992","","","","2.80","","SSE","Переменная облачность","2025-12-30 08:24"
"-2.10","","-6.90","68","744","992","","","","1.80","","SSE","Переменная облачность","2025-12-30 08:25"
"-2.10","","-5.60","68","744","992","","","","1.00","","SSE","Небольшая облачность","2025-12-30 08:26"
"-2.10","","-5.60","68","744","992","","","","0.70","","SSE","Небольшая облачность","2025-12-30 08:27"
"-2.00","","-5.30","68","744","992","","","","1.80","","SSE","Небольшая облачность","2025-12-30 08:28"
"-2.10","","-6.20","68","744","992","","","","1.80","","SSE","Небольшая облачность","2025-12-30 08:29"
"-2.10","","-6.20","67","744","992","","","","1.80","","SSE","Небольшая облачность","2025-12-30 08:30"
"-2.10","","-6.50","67","744","992","","","","2.20","","SSE","Небольшая облачность","2025-12-30 08:31"
"-2.10","","-6.40","67","744","992","","","","2.10","","SSE","Небольшая облачность","2025-12-30 08:32"
"-2.10","","-6.40","67","744","992","","","","2.10","","SSE","Небольшая облачность","2025-12-30 08:33"
"-2.10","","-6.40","67","744","992","","","","1.20","","SSE","Небольшая облачность","2025-12-30 08:34"
"-2.10","","-5.80","67","744","992","","","","1.20","","SSE","Небольшая облачность","2025-12-30 08:35"
"-2.00","","-5.70","67","744","992","","","","1.20","","SSE","Переменная облачность","2025-12-30 08:36"
"-2.00","","-6.30","68","744","992","","","","2.10","","SSE","Переменная облачность","2025-12-30 08:37"
"-2.00","","-6.30","68","744","992","","","","2.10","","SSE","Переменная облачность","2025-12-30 08:38"
"-2.00","","-6.30","68","744","992","","","","2.10","","SSE","Переменная облачность","2025-12-30 08:39"
"-2.00","","-6.30","68","744","992","","","","1.60","","SSE","Переменная облачность","2025-12-30 08:40"
"-2.00","","-6.00","67","744","992","","","","1.60","","SSE","Переменная облачность","2025-12-30 08:41"
"-2.00","","-5.50","67","744","992","","","","1.00","","SSE","Переменная облачность","2025-12-30 08:42"
"-2.00","","-6.40","67","744","992","","","","2.20","","SSE","Переменная облачность","2025-12-30 08:43"
"-2.00","","-6.10","67","744","992","","","","1.50","","SSE","Переменная облачность","2025-12-30 08:44"
"-2.00","","-5.90","67","744","992","","","","1.50","","SSE","Переменная облачность","2025-12-30 08:45"
"-1.90","","-5.80","68","744","992","","","","1.50","","SSE","Переменная облачность","2025-12-30 08:46"
"-1.90","","-5.80","68","744","992","","","","1.30","","SSE","Переменная облачность","2025-12-30 08:47"
"-1.90","","-5.60","68","744","992","","","","0.90","","SSE","Переменная облачность","2025-12-30 08:48"
"-1.90","","-5.30","68","744","992","","","","0.90","","SSE","Переменная облачность","2025-12-30 08:49"
"-1.90","","-5.30","68","744","992","","","","0.90","","SSE","Переменная облачность","2025-12-30 08:50"
"-1.90","","-5.50","68","744","992","","","","1.10","","SSE","Переменная облачность","2025-12-30 08:51"
"-1.90","","-5.50","68","744","992","","","","1.00","","SSE","Переменная облачность","2025-12-30 08:52"
"-1.80","","-5.30","68","744","992","","","","1.00","","SSE","Переменная облачность","2025-12-30 08:53"
"-1.80","","-5.00","68","744","992","","","","0.90","","SSE","Переменная облачность","2025-12-30 08:54"
"-1.80","","-5.20","68","744","992","","","","1.00","","SSE","Переменная облачность","2025-12-30 08:55"
"-1.80","","-5.30","68","744","992","","","","1.00","","SSE","Переменная облачность","2025-12-30 08:56"
"-1.70","","-4.80","68","744","992","","","","0.40","","SSE","Переменная облачность","2025-12-30 08:57"
"-1.70","","-4.80","68","744","992","","","","1.80","","SSE","Переменная облачность","2025-12-30 08:58"
"-1.70","","-4.80","68","744","992","","","","1.80","","SSE","Переменная облачность","2025-12-30 08:59"
"-1.70","","-5.70","68","744","992","","","","0.90","","SSE","Переменная облачность","2025-12-30 09:00"
"-1.70","","-5.10","68","744","992","","","","1.90","","SSE","Переменная облачность","2025-12-30 09:01"
"-1.70","","-5.80","68","744","992","","","","0.90","","SSE","Переменная облачность","2025-12-30 09:02"
"-1.70","","-5.10","68","744","992","","","","0.90","","SSE","Переменная облачность","2025-12-30 09:03"
"-1.70","","-5.10","68","744","992","","","","0.70","","SSE","Переменная облачность","2025-12-30 09:04"
"-1.60","","-4.90","68","744","992","","","","0.70","","SSE","Переменная облачность","2025-12-30 09:05"
"-1.60","","-5.00","68","744","992","","","","0.90","","SSE","Небольшая облачность","2025-12-30 09:06"
"-1.60","","-5.40","68","744","992","","","","1.50","","SSE","Небольшая облачность","2025-12-30 09:07"
"-1.60","","-5.30","68","744","992","","","","1.30","","SSE","Небольшая облачность","2025-12-30 09:08"
"-1.60","","-5.30","68","744","992","","","","1.10","","SSE","Небольшая облачность","2025-12-30 09:09"
"-1.60","","-5.20","68","744","992","","","","1.20","","SSE","Небольшая облачность","2025-12-30 09:10"
"-1.60","","-5.40","68","744","992","","","","1.40","","SSE","Небольшая облачность","2025-12-30 09:11"
"-1.60","","-5.40","68","744","992","","","","1.40","","SSE","Небольшая облачность","2025-12-30 09:12"
"-1.60","","-5.40","68","744","992","","","","0.60","","SSE","Небольшая облачность","2025-12-30 09:13"
"-1.60","","-4.80","68","744","992","","","","0.60","","SSE","Небольшая облачность","2025-12-30 09:14"
"-1.50","","-4.70","68","744","992","","","","0.70","","SSE","Небольшая облачность","2025-12-30 09:15"
"-1.50","","-4.70","68","744","992","","","","0.70","","SSE","Небольшая облачность","2025-12-30 09:16"
"-1.50","","-5.10","68","744","992","","","","1.20","","SSE","Небольшая облачность","2025-12-30 09:17"
"-1.50","","-5.10","68","744","992","","","","1.20","","SSE","Небольшая облачность","2025-12-30 09:18"
"-1.50","","-5.10","68","744","992","","","","1.20","","SSE","Небольшая облачность","2025-12-30 09:19"
"-1.50","","-4.90","68","744","992","","","","0.90","","SSE","Небольшая облачность","2025-12-30 09:20"
"-1.50","","-4.90","67","744","992","","","","0.90","","SSE","Небольшая облачность","2025-12-30 09:21"
"-1.50","","-5.40","67","744","992","","","","1.60","","SSE","Небольшая облачность","2025-12-30 09:22"
"-1.50","","-5.40","67","744","992","","","","1.60","","SSE","Небольшая облачность","2025-12-30 09:23"
"-1.60","","-5.90","67","744","992","","","","2.20","","SSE","Небольшая облачность","2025-12-30 09:24"
"-1.60","","-5.90","67","744","992","","","","2.20","","SSE","Небольшая облачность","2025-12-30 09:25"
"-1.60","","-5.90","67","744","992","","","","1.90","","SSE","Небольшая облачность","2025-12-30 09:26"
"-1.60","","-5.90","67","744","992","","","","1.50","","SSE","Небольшая облачность","2025-12-30 09:27"
"-1.60","","-5.90","67","744","992","","","","1.00","","SSE","Небольшая облачность","2025-12-30 09:28"
"-1.50","","-5.00","67","744","992","","","","1.50","","SSE","Небольшая облачность","2025-12-30 09:29"
"-1.50","","-5.30","67","744","992","","","","1.50","","SSE","Небольшая облачность","2025-12-30 09:30"
"-1.50","","-5.40","67","744","992","","","","1.60","","SSE","Небольшая облачность","2025-12-30 09:31"
"-1.60","","-5.50","67","744","992","","","","1.40","","SSE","Небольшая облачность","2025-12-30 09:32"
"-1.60","","-5.40","66","744","992","","","","1.40","","SSE","Небольшая облачность","2025-12-30 09:33"
"-1.60","","-5.80","66","744","992","","","","2.00","","SSE","Небольшая облачность","2025-12-30 09:34"
"-1.60","","-5.80","66","744","992","","","","1.40","","SSE","Небольшая облачность","2025-12-30 09:35"
"-1.60","","-6.20","66","744","992","","","","2.60","","SSE","Переменная облачность","2025-12-30 09:36"
"-1.60","","-6.20","66","744","992","","","","2.50","","S","Переменная облачность","2025-12-30 09:37"
"-1.60","","-6.20","66","744","992","","","","2.50","","S","Переменная облачность","2025-12-30 09:38"
"-1.60","","-6.20","66","744","992","","","","2.50","","S","Переменная облачность","2025-12-30 09:39"
"-1.60","","-6.30","66","744","992","","","","2.70","","S","Переменная облачность","2025-12-30 09:40"
"-1.60","","-6.30","66","744","992","","","","2.70","","S","Переменная облачность","2025-12-30 09:41"
"-1.70","","-6.40","66","744","992","","","","2.70","","S","Переменная облачность","2025-12-30 09:42"
"-1.70","","-6.40","65","744","992","","","","2.70","","S","Переменная облачность","2025-12-30 09:43"
"-1.70","","-6.00","65","744","992","","","","2.10","","S","Переменная облачность","2025-12-30 09:44"
"-1.70","","-6.00","65","744","992","","","","2.10","","S","Переменная облачность","2025-12-30 09:45"
"-1.70","","-5.80","65","744","992","","","","1.80","","S","Переменная облачность","2025-12-30 09:46"
"-1.70","","-5.90","65","744","992","","","","2.00","","S","Переменная облачность","2025-12-30 09:47"
"-1.70","","-5.90","65","744","992","","","","2.00","","S","Переменная облачность","2025-12-30 09:48"
"-1.70","","-6.30","65","744","992","","","","2.50","","S","Переменная облачность","2025-12-30 09:49"
"-1.70","","-6.30","65","744","992","","","","1.60","","S","Переменная облачность","2025-12-30 09:50"
"-1.70","","-5.70","65","743","991","","","","1.60","","S","Переменная облачность","2025-12-30 09:51"
"-1.70","","-5.70","65","743","991","","","","1.60","","S","Переменная облачность","2025-12-30 09:52"
"-1.70","","-5.70","65","743","991","","","","1.60","","S","Переменная облачность","2025-12-30 09:53"
"-1.70","","-5.70","65","743","991","","","","1.30","","S","Переменная облачность","2025-12-30 09:54"
"-1.70","","-5.70","65","743","991","","","","2.50","","S","Переменная облачность","2025-12-30 09:55"
"-1.70","","-6.30","65","743","991","","","","2.40","","S","Переменная облачность","2025-12-30 09:56"
"-1.70","","-6.20","64","743","991","","","","2.40","","S","Переменная облачность","2025-12-30 09:57"
"-1.70","","-5.40","65","743","991","","","","1.20","","S","Переменная облачность","2025-12-30 09:58"
"-1.70","","-5.80","64","743","991","","","","1.80","","S","Переменная облачность","2025-12-30 09:59"
"-1.70","","-5.50","64","743","991","","","","1.30","","S","Переменная облачность","2025-12-30 10:00"
"-1.70","","-5.30","64","743","991","","","","1.10","","S","Переменная облачность","2025-12-30 10:01"
"-1.70","","-5.30","64","743","991","","","","1.10","","S","Переменная облачность","2025-12-30 10:02"
"-1.70","","-5.90","64","743","991","","","","1.90","","S","Переменная облачность","2025-12-30 10:03"
"-1.70","","-5.90","64","743","991","","","","2.10","","S","Переменная облачность","2025-12-30 10:04"
"-1.70","","-6.00","64","743","991","","","","2.10","","S","Переменная облачность","2025-12-30 10:05"
"-1.70","","-7.30","64","743","991","","","","3.90","","S","Переменная облачность","2025-12-30 10:06"
"-1.70","","-7.30","64","743","991","","","","3.90","","S","Переменная облачность","2025-12-30 10:07"
"-1.80","","-7.40","64","743","991","","","","3.90","","S","Переменная облачность","2025-12-30 10:08"
"-1.70","","-5.90","64","743","991","","","","1.90","","S","Переменная облачность","2025-12-30 10:09"
"-1.70","","-5.90","64","743","991","","","","1.90","","S","Переменная облачность","2025-12-30 10:10"
"-1.80","","-6.00","64","743","991","","","","1.90","","S","Переменная облачность","2025-12-30 10:11"
"-1.80","","-6.00","64","743","991","","","","1.90","","S","Переменная облачность","2025-12-30 10:12"
"-1.80","","-6.00","64","743","991","","","","2.60","","S","Переменная облачность","2025-12-30 10:13"
"-1.80","","-5.30","63","743","991","","","","0.90","","S","Переменная облачность","2025-12-30 10:14"
"-1.80","","-5.30","63","743","991","","","","1.30","","S","Переменная облачность","2025-12-30 10:15"
"-1.70","","-5.50","64","743","991","","","","1.30","","S","Переменная облачность","2025-12-30 10:16"
"-1.80","","-5.70","63","743","991","","","","1.40","","S","Переменная облачность","2025-12-30 10:17"
"-1.80","","-6.10","63","743","991","","","","1.10","","S","Переменная облачность","2025-12-30 10:18"
"-1.80","","-5.50","63","743","991","","","","1.10","","S","Переменная облачность","2025-12-30 10:19"
"-1.70","","-5.30","63","743","991","","","","1.10","","S","Переменная облачность","2025-12-30 10:20"
"-1.80","","-5.50","63","744","992","","","","2.50","","S","Переменная облачность","2025-12-30 10:21"
"-1.80","","-6.40","63","744","992","","","","1.40","","S","Переменная облачность","2025-12-30 10:22"
"-1.90","","-5.80","63","744","992","","","","1.20","","S","Переменная облачность","2025-12-30 10:23"
"-1.90","","-5.80","63","744","992","","","","1.20","","S","Переменная облачность","2025-12-30 10:24"
"-1.90","","-5.70","62","744","992","","","","2.90","","S","Переменная облачность","2025-12-30 10:25"
"-1.90","","-5.70","62","744","992","","","","2.90","","S","Переменная облачность","2025-12-30 10:26"
"-2.00","","-6.90","62","744","992","","","","2.90","","S","Переменная облачность","2025-12-30 10:27"
"-2.00","","-6.90","62","744","992","","","","2.90","","S","Переменная облачность","2025-12-30 10:28"
"-2.00","","-6.90","62","744","992","","","","3.30","","S","Переменная облачность","2025-12-30 10:29"
"-1.90","","-5.90","62","744","992","","","","1.50","","S","Переменная облачность","2025-12-30 10:30"
"-1.90","","-5.90","62","744","992","","","","1.50","","S","Переменная облачность","2025-12-30 10:31"
"-2.00","","-7.20","62","744","992","","","","3.20","","S","Переменная облачность","2025-12-30 10:32"
"-2.00","","-6.00","62","744","992","","","","1.10","","S","Переменная облачность","2025-12-30 10:33"
"-2.00","","-6.00","62","744","992","","","","1.10","","S","Переменная облачность","2025-12-30 10:34"
"-2.00","","-6.00","62","744","992","","","","1.10","","S","Переменная облачность","2025-12-30 10:35"
"-1.90","","-5.60","62","744","992","","","","2.10","","S","Переменная облачность","2025-12-30 10:36"
"-1.90","","-5.60","62","744","992","","","","2.10","","S","Переменная облачность","2025-12-30 10:37"
"-1.90","","-5.40","62","744","992","","","","1.00","","S","Переменная облачность","2025-12-30 10:38"
"-1.90","","-5.50","62","744","992","","","","1.00","","S","Переменная облачность","2025-12-30 10:39"
"-2.00","","-6.20","62","744","992","","","","1.70","","S","Переменная облачность","2025-12-30 10:40"
"-2.00","","-6.10","62","744","992","","","","1.70","","S","Переменная облачность","2025-12-30 10:41"
"-2.00","","-6.10","62","744","992","","","","1.70","","S","Переменная облачность","2025-12-30 10:42"
"-2.00","","-6.10","62","744","992","","","","1.80","","S","Переменная облачность","2025-12-30 10:43"
"-2.00","","-6.00","62","744","992","","","","1.50","","S","Переменная облачность","2025-12-30 10:44"
"-2.10","","-6.10","62","744","992","","","","2.70","","S","Переменная облачность","2025-12-30 10:45"
"-2.10","","-6.90","61","744","992","","","","2.70","","S","Переменная облачность","2025-12-30 10:46"
"-2.10","","-6.90","61","744","992","","","","2.70","","S","Переменная облачность","2025-12-30 10:47"
"-2.20","","-6.90","61","744","992","","","","2.50","","S","Переменная облачность","2025-12-30 10:48"
"-2.20","","-6.90","61","744","992","","","","2.50","","S","Переменная облачность","2025-12-30 10:49"
"-2.20","","-6.90","61","744","992","","","","2.50","","S","Переменная облачность","2025-12-30 10:50"
"-2.20","","-7.10","61","744","992","","","","2.80","","S","Переменная облачность","2025-12-30 10:51"
"-2.20","","-7.10","61","744","992","","","","2.80","","S","Переменная облачность","2025-12-30 10:52"
"-2.20","","-7.10","61","744","992","","","","2.10","","S","Переменная облачность","2025-12-30 10:53"
"-2.10","","-5.80","61","744","992","","","","1.10","","S","Переменная облачность","2025-12-30 10:54"
"-2.10","","-5.80","61","744","992","","","","0.70","","S","Переменная облачность","2025-12-30 10:55"
"-2.10","","-5.50","62","744","992","","","","0.70","","S","Переменная облачность","2025-12-30 10:56"
"-2.10","","-5.50","62","744","992","","","","0.70","","S","Переменная облачность","2025-12-30 10:57"
"-2.10","","-5.50","62","744","992","","","","2.00","","S","Переменная облачность","2025-12-30 10:58"
"-2.10","","-6.40","62","744","992","","","","2.00","","S","Переменная облачность","2025-12-30 10:59"
"-2.10","","-5.90","62","744","992","","","","1.30","","S","Переменная облачность","2025-12-30 11:00"
"-2.00","","-5.80","62","744","992","","","","1.30","","S","Переменная облачность","2025-12-30 11:01"
"-2.10","","-6.10","62","744","992","","","","1.60","","S","Переменная облачность","2025-12-30 11:02"
"-2.10","","-6.70","62","744","992","","","","2.40","","S","Переменная облачность","2025-12-30 11:03"
"-2.10","","-6.70","62","744","992","","","","1.60","","S","Переменная облачность","2025-12-30 11:04"
"-2.10","","-6.70","62","744","992","","","","0.70","","S","Переменная облачность","2025-12-30 11:05"
"-2.00","","-5.40","61","744","992","","","","1.20","","S","Переменная облачность","2025-12-30 11:06"
"-2.00","","-5.40","61","744","992","","","","1.20","","S","Переменная облачность","2025-12-30 11:07"
"-2.00","","-5.80","62","744","992","","","","2.20","","S","Переменная облачность","2025-12-30 11:08"
"-2.00","","-6.20","61","744","992","","","","1.90","","S","Переменная облачность","2025-12-30 11:09"
"-2.10","","-6.40","61","744","992","","","","1.90","","S","Переменная облачность","2025-12-30 11:10"
"-2.10","","-6.40","61","744","992","","","","1.90","","S","Переменная облачность","2025-12-30 11:11"
"-2.00","","-6.30","61","744","992","","","","1.90","","S","Переменная облачность","2025-12-30 11:12"
"-2.00","","-6.00","61","744","992","","","","1.50","","S","Переменная облачность","2025-12-30 11:13"
"-2.00","","-6.00","62","744","992","","","","1.50","","S","Переменная облачность","2025-12-30 11:14"
"-1.90","","-5.90","62","744","992","","","","1.60","","S","Переменная облачность","2025-12-30 11:15"
"-1.90","","-5.90","62","744","992","","","","1.60","","S","Переменная облачность","2025-12-30 11:16"
"-1.90","","-5.60","62","744","992","","","","1.10","","S","Переменная облачность","2025-12-30 11:17"
"-1.90","","-6.10","62","744","992","","","","1.80","","S","Переменная облачность","2025-12-30 11:18"
"-1.90","","-6.10","62","744","992","","","","1.80","","S","Переменная облачность","2025-12-30 11:19"
"-1.90","","-5.80","62","744","992","","","","1.40","","S","Переменная облачность","2025-12-30 11:20"
"-1.90","","-5.80","62","744","992","","","","1.40","","S","Переменная облачность","2025-12-30 11:21"
"-1.90","","-5.70","61","743","991","","","","1.30","","S","Переменная облачность","2025-12-30 11:22"
"-1.90","","-5.70","61","743","991","","","","1.30","","S","Переменная облачность","2025-12-30 11:23"
"-2.00","","-7.00","61","743","991","","","","2.90","","S","Переменная облачность","2025-12-30 11:24"
"-2.00","","-7.00","61","743","991","","","","2.90","","S","Переменная облачность","2025-12-30 11:25"
"-2.00","","-6.90","61","743","991","","","","2.80","","S","Переменная облачность","2025-12-30 11:26"
"-2.00","","-6.90","61","743","991","","","","2.10","","S","Переменная облачность","2025-12-30 11:27"
"-2.00","","-6.90","61","743","991","","","","3.10","","S","Переменная облачность","2025-12-30 11:28"
"-2.00","","-6.90","61","743","991","","","","3.10","","S","Переменная облачность","2025-12-30 11:29"
"-2.10","","-7.40","60","743","991","","","","3.30","","S","Переменная облачность","2025-12-30 11:30"
"-2.10","","-7.40","60","743","991","","","","2.40","","S","Переменная облачность","2025-12-30 11:31"
"-2.10","","-6.70","60","743","991","","","","2.40","","S","Переменная облачность","2025-12-30 11:32"
"-2.10","","-6.70","60","743","991","","","","1.60","","S","Переменная облачность","2025-12-30 11:33"
"-2.10","","-6.40","60","743","991","","","","1.90","","S","Переменная облачность","2025-12-30 11:34"
"-2.10","","-6.30","60","743","991","","","","1.80","","S","Переменная облачность","2025-12-30 11:35"
"-2.10","","-5.70","60","744","992","","","","0.90","","S","Переменная облачность","2025-12-30 11:36"
"-2.10","","-5.70","60","744","992","","","","0.90","","S","Переменная облачность","2025-12-30 11:37"
"-2.10","","-6.00","60","744","992","","","","1.40","","S","Переменная облачность","2025-12-30 11:38"
"-2.20","","-6.90","60","744","992","","","","2.50","","S","Переменная облачность","2025-12-30 11:39"
"-2.20","","-6.90","60","744","992","","","","2.50","","S","Переменная облачность","2025-12-30 11:40"
"-2.20","","-6.60","59","744","992","","","","2.00","","S","Переменная облачность","2025-12-30 11:41"
"-2.20","","-6.60","59","744","992","","","","0.70","","S","Переменная облачность","2025-12-30 11:42"
"-2.20","","-6.00","59","744","992","","","","1.10","","S","Переменная облачность","2025-12-30 11:43"
"-2.20","","-6.00","59","744","992","","","","1.10","","S","Переменная облачность","2025-12-30 11:44"
"-2.20","","-6.00","59","744","992","","","","1.20","","S","Переменная облачность","2025-12-30 11:45"
"-2.20","","-6.00","59","744","992","","","","1.90","","S","Переменная облачность","2025-12-30 11:46"
"-2.20","","-5.80","59","744","992","","","","0.90","","S","Переменная облачность","2025-12-30 11:47"
"-2.20","","-5.80","59","744","992","","","","0.90","","S","Переменная облачность","2025-12-30 11:48"
"-2.20","","-5.80","59","744","992","","","","0.90","","S","Переменная облачность","2025-12-30 11:49"
"-2.20","","-6.00","59","744","992","","","","1.10","","S","Переменная облачность","2025-12-30 11:50"
"-2.20","","-6.20","59","744","992","","","","1.50","","S","Переменная облачность","2025-12-30 11:51"
"-2.20","","-6.20","59","744","992","","","","1.50","","S","Переменная облачность","2025-12-30 11:52"
"-2.20","","-6.20","59","744","992","","","","1.50","","S","Переменная облачность","2025-12-30 11:53"
"-2.20","","-6.20","59","744","992","","","","1.50","","S","Переменная облачность","2025-12-30 11:54"
"-2.20","","-6.00","59","744","992","","","","1.10","","S","Переменная облачность","2025-12-30 11:55"
"-2.20","","-6.70","59","744","992","","","","2.20","","S","Переменная облачность","2025-12-30 11:56"
"-2.20","","-6.20","59","744","992","","","","1.40","","S","Переменная облачность","2025-12-30 11:57"
"-2.20","","-6.40","59","744","992","","","","1.70","","S","Переменная облачность","2025-12-30 11:58"
"-2.20","","-6.40","59","744","992","","","","1.70","","S","Переменная облачность","2025-12-30 11:59"
"-2.20","","-6.40","59","744","992","","","","2.90","","S","Переменная облачность","2025-12-30 12:00"
"-2.20","","-6.40","59","744","992","","","","2.20","","S","Переменная облачность","2025-12-30 12:01"
"-2.20","","-6.70","58","744","992","","","","1.80","","S","Переменная облачность","2025-12-30 12:02"
"-2.20","","-6.50","58","744","992","","","","1.80","","S","Переменная облачность","2025-12-30 12:03"
"-2.20","","-6.50","58","744","992","","","","1.80","","S","Переменная облачность","2025-12-30 12:04"
"-2.20","","-6.30","58","744","992","","","","1.50","","S","Переменная облачность","2025-12-30 12:05"
"-2.20","","-6.30","58","743","991","","","","1.40","","S","Небольшая облачность","2025-12-30 12:06"
"-2.20","","-6.50","58","743","991","","","","1.90","","S","Небольшая облачность","2025-12-30 12:07"
"-2.20","","-6.50","58","743","991","","","","1.90","","S","Небольшая облачность","2025-12-30 12:08"
"-2.20","","-5.80","58","743","991","","","","0.90","","S","Небольшая облачность","2025-12-30 12:09"
"-2.10","","-6.00","58","743","991","","","","1.30","","S","Небольшая облачность","2025-12-30 12:10"
"-2.10","","-6.00","58","743","991","","","","1.30","","S","Небольшая облачность","2025-12-30 12:11"
"-2.20","","-6.00","58","743","991","","","","1.20","","S","Небольшая облачность","2025-12-30 12:12"
"-2.20","","-6.00","58","743","991","","","","1.20","","S","Небольшая облачность","2025-12-30 12:13"
"-2.20","","-6.00","58","743","991","","","","1.10","","S","Небольшая облачность","2025-12-30 12:14"
"-2.20","","-6.40","58","743","991","","","","1.70","","S","Небольшая облачность","2025-12-30 12:15"
"-2.20","","-6.40","58","743","991","","","","1.70","","S","Небольшая облачность","2025-12-30 12:16"
"-2.20","","-6.40","58","743","991","","","","1.90","","S","Небольшая облачность","2025-12-30 12:17"
"-2.20","","-6.40","58","743","991","","","","1.40","","S","Небольшая облачность","2025-12-30 12:18"
"-2.30","","-6.40","57","743","991","","","","1.50","","S","Небольшая облачность","2025-12-30 12:19"
"-2.40","","-6.50","57","743","991","","","","1.50","","S","Небольшая облачность","2025-12-30 12:20"
"-2.40","","-6.50","57","744","992","","","","1.00","","S","Небольшая облачность","2025-12-30 12:21"
"-2.30","","-6.10","57","744","992","","","","1.10","","S","Небольшая облачность","2025-12-30 12:22"
"-2.30","","-6.10","57","744","992","","","","2.20","","S","Небольшая облачность","2025-12-30 12:23"
"-2.40","","-6.90","57","744","992","","","","2.10","","S","Небольшая облачность","2025-12-30 12:24"
"-2.40","","-6.80","57","744","992","","","","2.00","","S","Небольшая облачность","2025-12-30 12:25"
"-2.40","","-6.90","57","744","992","","","","2.10","","S","Небольшая облачность","2025-12-30 12:26"
"-2.50","","-7.00","57","744","992","","","","2.10","","S","Небольшая облачность","2025-12-30 12:27"
"-2.50","","-6.90","57","744","992","","","","2.00","","S","Небольшая облачность","2025-12-30 12:28"
"-2.60","","-7.00","57","744","992","","","","2.00","","S","Небольшая облачность","2025-12-30 12:29"
"-2.60","","-7.00","57","744","992","","","","2.90","","S","Небольшая облачность","2025-12-30 12:30"
"-2.60","","-7.70","57","744","992","","","","2.90","","S","Небольшая облачность","2025-12-30 12:31"
"-2.60","","-7.70","57","744","992","","","","2.90","","S","Небольшая облачность","2025-12-30 12:32"
"-2.70","","-7.10","56","744","992","","","","1.90","","S","Небольшая облачность","2025-12-30 12:33"
"-2.80","","-6.50","56","744","992","","","","0.90","","S","Небольшая облачность","2025-12-30 12:34"
"-2.80","","-6.50","56","744","992","","","","0.90","","S","Небольшая облачность","2025-12-30 12:35"
"-2.80","","-6.50","56","744","993","","","","0.90","","S","Облачно","2025-12-30 12:36"
"-2.80","","-8.30","56","744","993","","","","3.40","","S","Облачно","2025-12-30 12:37"
"-2.90","","-8.40","56","744","993","","","","2.10","","S","Облачно","2025-12-30 12:38"
"-2.90","","-7.50","56","744","993","","","","1.30","","S","Облачно","2025-12-30 12:39"
"-3.00","","-7.60","56","744","993","","","","2.10","","S","Облачно","2025-12-30 12:40"
"-3.00","","-7.90","56","744","993","","","","2.60","","S","Облачно","2025-12-30 12:41"
"-3.00","","-7.90","56","744","993","","","","2.60","","S","Облачно","2025-12-30 12:42"
"-3.10","","-8.20","55","744","993","","","","2.90","","S","Облачно","2025-12-30 12:43"
"-3.10","","-7.60","55","744","993","","","","2.00","","S","Облачно","2025-12-30 12:44"
"-3.10","","-7.50","55","744","993","","","","1.90","","S","Облачно","2025-12-30 12:45"
"-3.20","","-7.50","55","744","993","","","","1.70","","S","Облачно","2025-12-30 12:46"
"-3.20","","-7.50","55","744","993","","","","1.70","","S","Облачно","2025-12-30 12:47"
"-3.20","","-8.00","55","744","993","","","","2.40","","S","Облачно","2025-12-30 12:48"
"-3.20","","-8.00","55","744","993","","","","1.60","","S","Облачно","2025-12-30 12:49"
"-3.20","","-7.40","55","744","993","","","","1.30","","S","Облачно","2025-12-30 12:50"
"-3.20","","-7.20","55","744","993","","","","1.30","","S","Облачно","2025-12-30 12:51"
"-3.20","","-7.40","55","744","993","","","","1.60","","S","Облачно","2025-12-30 12:52"
"-3.20","","-7.40","55","744","993","","","","1.60","","S","Облачно","2025-12-30 12:53"
"-3.30","","-8.10","55","744","993","","","","2.80","","S","Облачно","2025-12-30 12:54"
"-3.30","","-8.60","55","744","993","","","","3.10","","S","Облачно","2025-12-30 12:55"
"-3.30","","-8.60","55","744","993","","","","3.10","","S","Облачно","2025-12-30 12:56"
"-3.30","","-7.40","55","744","993","","","","2.20","","S","Облачно","2025-12-30 12:57"
"-3.30","","-8.00","55","744","993","","","","2.20","","S","Облачно","2025-12-30 12:58"
"-3.30","","-8.00","55","744","993","","","","2.20","","S","Облачно","2025-12-30 12:59"
"-3.30","","-7.50","55","744","993","","","","1.50","","S","Облачно","2025-12-30 13:00"
"-3.30","","-7.50","55","744","993","","","","1.50","","S","Облачно","2025-12-30 13:01"
"-3.30","","-7.50","55","744","993","","","","1.50","","S","Облачно","2025-12-30 13:02"
"-3.30","","-7.50","55","744","993","","","","1.50","","S","Облачно","2025-12-30 13:03"
"-3.30","","-7.50","55","744","993","","","","1.50","","S","Облачно","2025-12-30 13:04"
"-3.30","","-7.50","55","744","993","","","","3.60","","S","Облачно","2025-12-30 13:05"
"-3.40","","-8.60","55","744","993","","","","3.00","","S","Облачно","2025-12-30 13:06"
"-3.40","","-8.60","55","744","993","","","","3.00","","S","Облачно","2025-12-30 13:07"
"-3.40","","-8.00","55","744","993","","","","2.10","","S","Облачно","2025-12-30 13:08"
"-3.50","","-8.10","55","744","993","","","","2.10","","S","Облачно","2025-12-30 13:09"
"-3.50","","-8.00","55","744","993","","","","2.00","","S","Облачно","2025-12-30 13:10"
"-3.50","","-8.10","55","744","993","","","","1.20","","S","Облачно","2025-12-30 13:11"
"-3.50","","-7.50","55","744","993","","","","1.20","","S","Облачно","2025-12-30 13:12"
"-3.50","","-7.80","55","744","993","","","","1.70","","S","Облачно","2025-12-30 13:13"
"-3.50","","-7.80","55","744","993","","","","1.70","","S","Облачно","2025-12-30 13:14"
"-3.50","","-8.10","55","744","993","","","","2.10","","S","Облачно","2025-12-30 13:15"
"-3.50","","-8.10","55","744","993","","","","2.10","","S","Облачно","2025-12-30 13:16"
"-3.60","","-8.00","55","744","993","","","","1.80","","S","Облачно","2025-12-30 13:17"
"-3.60","","-8.00","55","744","993","","","","1.80","","S","Облачно","2025-12-30 13:18"
"-3.60","","-8.00","55","744","993","","","","2.50","","S","Облачно","2025-12-30 13:19"
"-3.60","","-7.70","55","744","993","","","","1.30","","S","Облачно","2025-12-30 13:20"
"-3.60","","-7.70","55","744","993","","","","1.30","","S","Облачно","2025-12-30 13:21"
"-3.60","","-7.70","55","744","993","","","","1.30","","S","Облачно","2025-12-30 13:22"
"-3.60","","-7.70","55","744","993","","","","2.20","","S","Облачно","2025-12-30 13:23"
"-3.60","","-7.70","55","744","993","","","","1.90","","S","Облачно","2025-12-30 13:24"
"-3.60","","-8.10","55","744","993","","","","1.90","","S","Облачно","2025-12-30 13:25"
"-3.60","","-8.10","55","744","993","","","","2.00","","S","Облачно","2025-12-30 13:26"
"-3.60","","-8.10","55","744","993","","","","2.00","","S","Облачно","2025-12-30 13:27"
"-3.60","","-8.20","55","744","993","","","","2.10","","S","Облачно","2025-12-30 13:28"
"-3.60","","-8.20","55","744","993","","","","2.10","","S","Облачно","2025-12-30 13:29"
"-3.60","","-8.70","55","744","993","","","","2.80","","S","Облачно","2025-12-30 13:30"
"-3.60","","-8.70","55","744","993","","","","2.80","","S","Облачно","2025-12-30 13:31"
"-3.60","","-8.70","55","744","993","","","","2.40","","S","Облачно","2025-12-30 13:32"
"-3.60","","-7.80","55","744","993","","","","1.50","","S","Облачно","2025-12-30 13:33"
"-3.60","","-7.80","55","744","993","","","","1.50","","S","Облачно","2025-12-30 13:34"
"-3.60","","-7.20","55","744","993","","","","0.60","","S","Облачно","2025-12-30 13:35"
"-3.60","","-7.20","55","745","994","","","","0.90","","S","Облачно","2025-12-30 13:36"
"-3.60","","-7.20","55","745","994","","","","0.90","","S","Облачно","2025-12-30 13:37"
"-3.60","","-7.70","55","745","994","","","","1.30","","S","Облачно","2025-12-30 13:38"
"-3.60","","-7.70","55","745","994","","","","1.10","","S","Облачно","2025-12-30 13:39"
"-3.60","","-7.50","55","745","994","","","","1.10","","S","Облачно","2025-12-30 13:40"
"-3.60","","-7.50","55","745","994","","","","1.10","","S","Облачно","2025-12-30 13:41"
"-3.60","","-8.50","55","745","994","","","","2.50","","S","Облачно","2025-12-30 13:42"
"-3.60","","-8.20","55","745","994","","","","2.10","","S","Облачно","2025-12-30 13:43"
"-3.60","","-8.20","55","745","994","","","","0.90","","S","Облачно","2025-12-30 13:44"
"-3.60","","-8.20","55","745","994","","","","2.70","","S","Облачно","2025-12-30 13:45"
"-3.60","","-8.60","55","745","994","","","","2.10","","S","Облачно","2025-12-30 13:46"
"-3.60","","-8.90","55","745","994","","","","3.10","","S","Облачно","2025-12-30 13:47"
"-3.70","","-9.00","55","745","994","","","","3.10","","S","Облачно","2025-12-30 13:48"
"-3.70","","-9.00","54","745","994","","","","3.10","","S","Облачно","2025-12-30 13:49"
"-3.70","","-8.60","54","745","994","","","","2.40","","S","Облачно","2025-12-30 13:50"
"-3.70","","-8.60","54","745","994","","","","2.40","","S","Облачно","2025-12-30 13:51"
"-3.60","","-8.50","55","744","993","","","","1.60","","S","Облачно","2025-12-30 13:52"
"-3.70","","-8.00","54","744","993","","","","2.20","","S","Облачно","2025-12-30 13:53"
"-3.70","","-8.40","54","744","993","","","","1.30","","S","Облачно","2025-12-30 13:54"
"-3.70","","-7.30","54","744","993","","","","0.60","","S","Облачно","2025-12-30 13:55"
"-3.70","","-7.30","54","744","993","","","","0.60","","S","Облачно","2025-12-30 13:56"
"-3.70","","-7.30","54","744","993","","","","0.60","","S","Облачно","2025-12-30 13:57"
"-3.60","","-7.20","55","744","993","","","","0.70","","S","Облачно","2025-12-30 13:58"
"-3.70","","-7.60","54","744","993","","","","1.10","","S","Облачно","2025-12-30 13:59"
"-3.70","","-7.60","54","744","993","","","","1.10","","S","Облачно","2025-12-30 14:00"
"-3.70","","-7.60","54","744","993","","","","1.10","","S","Облачно","2025-12-30 14:01"
"-3.70","","-7.60","54","744","993","","","","2.20","","S","Облачно","2025-12-30 14:02"
"-3.70","","-8.40","54","744","993","","","","1.70","","S","Облачно","2025-12-30 14:03"
"-3.70","","-8.40","54","744","993","","","","2.20","","S","Облачно","2025-12-30 14:04"
"-3.70","","-8.40","54","744","993","","","","1.50","","S","Облачно","2025-12-30 14:05"
"-3.60","","-7.80","54","744","992","","","","1.00","","S","Облачно","2025-12-30 14:06"
"-3.60","","-7.80","54","744","992","","","","1.00","","S","Облачно","2025-12-30 14:07"
"-3.70","","-8.10","54","744","992","","","","1.80","","S","Облачно","2025-12-30 14:08"
"-3.70","","-8.10","54","744","992","","","","1.80","","S","Облачно","2025-12-30 14:09"
"-3.60","","-7.80","54","744","992","","","","1.50","","S","Облачно","2025-12-30 14:10"
"-3.60","","-8.00","54","744","992","","","","1.80","","S","Облачно","2025-12-30 14:11"
"-3.60","","-7.90","54","744","992","","","","1.60","","S","Облачно","2025-12-30 14:12"
"-3.60","","-7.60","54","744","992","","","","1.20","","S","Облачно","2025-12-30 14:13"
"-3.70","","-7.70","54","744","992","","","","1.50","","S","Облачно","2025-12-30 14:14"
"-3.70","","-7.90","54","744","992","","","","1.50","","S","Облачно","2025-12-30 14:15"
"-3.70","","-7.90","54","744","992","","","","1.50","","S","Облачно","2025-12-30 14:16"
"-3.70","","-7.90","54","744","992","","","","2.60","","S","Облачно","2025-12-30 14:17"
"-3.70","","-8.80","54","744","992","","","","2.80","","S","Облачно","2025-12-30 14:18"
"-3.70","","-7.90","54","744","992","","","","1.40","","S","Облачно","2025-12-30 14:19"
"-3.70","","-7.90","54","744","992","","","","1.40","","S","Облачно","2025-12-30 14:20"
"-3.70","","-7.90","54","744","992","","","","1.20","","S","Облачно","2025-12-30 14:21"
"-3.70","","-7.70","54","744","992","","","","1.20","","S","Облачно","2025-12-30 14:22"
"-3.70","","-7.70","54","744","992","","","","1.20","","S","Облачно","2025-12-30 14:23"
"-3.70","","-7.70","54","744","992","","","","1.80","","S","Облачно","2025-12-30 14:24"
"-3.70","","-8.10","54","744","992","","","","1.80","","S","Облачно","2025-12-30 14:25"
"-3.70","","-7.80","54","744","992","","","","1.30","","S","Облачно","2025-12-30 14:26"
"-3.70","","-7.80","54","744","992","","","","1.30","","S","Облачно","2025-12-30 14:27"
"-3.70","","-7.80","54","744","992","","","","1.30","","S","Облачно","2025-12-30 14:28"
"-3.70","","-7.80","54","744","992","","","","1.30","","S","Облачно","2025-12-30 14:29"
"-3.70","","-7.80","54","744","992","","","","2.50","","S","Облачно","2025-12-30 14:30"
"-3.70","","-7.80","54","744","992","","","","2.50","","S","Облачно","2025-12-30 14:31"
"-3.70","","-8.60","54","744","992","","","","2.40","","S","Облачно","2025-12-30 14:32"
"-3.70","","-8.60","54","744","992","","","","2.40","","S","Облачно","2025-12-30 14:33"
"-3.70","","-8.60","54","744","992","","","","2.40","","S","Облачно","2025-12-30 14:34"
"-3.70","","-7.90","54","744","992","","","","1.50","","S","Облачно","2025-12-30 14:35"
"-3.70","","-8.00","54","744","993","","","","1.60","","S","Облачно","2025-12-30 14:36"
"-3.70","","-7.60","54","744","993","","","","1.10","","S","Облачно","2025-12-30 14:37"
"-3.70","","-7.60","54","744","993","","","","2.50","","S","Облачно","2025-12-30 14:38"
"-3.70","","-7.60","54","744","993","","","","2.50","","S","Облачно","2025-12-30 14:39"
"-3.70","","-8.60","54","744","993","","","","2.50","","S","Облачно","2025-12-30 14:40"
"-3.70","","-8.60","54","744","993","","","","2.60","","S","Облачно","2025-12-30 14:41"
"-3.70","","-8.20","54","744","993","","","","1.80","","S","Облачно","2025-12-30 14:42"
"-3.70","","-8.20","54","744","993","","","","1.80","","S","Облачно","2025-12-30 14:43"
"-3.70","","-8.10","54","744","993","","","","1.70","","S","Облачно","2025-12-30 14:44"
"-3.70","","-8.10","54","744","993","","","","1.30","","S","Облачно","2025-12-30 14:45"
"-3.70","","-8.30","54","744","993","","","","2.00","","S","Облачно","2025-12-30 14:46"
"-3.70","","-8.30","54","744","993","","","","2.00","","S","Облачно","2025-12-30 14:47"
"-3.70","","-8.30","54","744","993","","","","2.00","","S","Облачно","2025-12-30 14:48"
"-3.70","","-7.80","54","744","993","","","","1.30","","S","Облачно","2025-12-30 14:49"
"-3.70","","-7.80","54","744","993","","","","1.30","","S","Облачно","2025-12-30 14:50"
"-3.70","","-7.80","54","744","993","","","","2.00","","S","Облачно","2025-12-30 14:51"
"-3.70","","-8.30","54","744","993","","","","1.60","","S","Облачно","2025-12-30 14:52"
"-3.70","","-8.00","54","744","993","","","","1.60","","S","Облачно","2025-12-30 14:53"
"-3.70","","-8.00","54","744","993","","","","1.60","","S","Облачно","2025-12-30 14:54"
"-3.80","","-8.30","54","744","993","","","","1.90","","S","Облачно","2025-12-30 14:55"
"-3.80","","-8.00","54","744","993","","","","1.40","","S","Облачно","2025-12-30 14:56"
"-3.80","","-8.00","54","744","993","","","","1.40","","S","Облачно","2025-12-30 14:57"
"-3.70","","-7.50","54","744","993","","","","0.90","","S","Облачно","2025-12-30 14:58"
"-3.70","","-7.60","54","744","993","","","","1.00","","S","Облачно","2025-12-30 14:59"
"-3.80","","-7.70","54","744","993","","","","1.10","","S","Облачно","2025-12-30 15:00"
"-3.80","","-7.70","54","744","993","","","","0.90","","S","Облачно","2025-12-30 15:01"
"-3.80","","-7.70","54","744","993","","","","1.90","","S","Облачно","2025-12-30 15:02"
"-3.70","","-8.30","54","744","993","","","","2.10","","S","Облачно","2025-12-30 15:03"
"-3.70","","-7.60","54","744","993","","","","1.10","","S","Облачно","2025-12-30 15:04"
"-3.70","","-8.10","54","744","993","","","","1.80","","S","Облачно","2025-12-30 15:05"
"-3.70","","-8.10","54","744","993","","","","1.60","","S","Облачно","2025-12-30 15:06"
"-3.70","","-8.00","54","744","993","","","","1.60","","S","Облачно","2025-12-30 15:07"
"-3.70","","-8.00","54","744","993","","","","3.40","","S","Облачно","2025-12-30 15:08"
"-3.80","","-9.40","54","744","993","","","","4.10","","S","Облачно","2025-12-30 15:09"
"-3.80","","-7.90","54","744","993","","","","1.30","","S","Облачно","2025-12-30 15:10"
"-3.80","","-7.90","54","744","993","","","","2.10","","S","Облачно","2025-12-30 15:11"
"-3.80","","-7.90","54","744","993","","","","1.30","","S","Облачно","2025-12-30 15:12"
"-3.80","","-7.90","54","744","993","","","","1.30","","S","Облачно","2025-12-30 15:13"
"-3.80","","-8.00","54","744","993","","","","1.50","","S","Облачно","2025-12-30 15:14"
"-3.80","","-7.80","54","744","993","","","","1.20","","S","Облачно","2025-12-30 15:15"
"-3.80","","-7.80","54","744","993","","","","1.90","","S","Облачно","2025-12-30 15:16"
"-3.80","","-8.30","54","744","993","","","","1.60","","S","Облачно","2025-12-30 15:17"
"-3.80","","-8.10","54","744","993","","","","1.60","","S","Облачно","2025-12-30 15:18"
"-3.80","","-8.10","54","744","993","","","","1.60","","S","Облачно","2025-12-30 15:19"
"-3.80","","-8.00","54","744","993","","","","2.20","","S","Облачно","2025-12-30 15:20"
"-3.80","","-8.50","53","744","993","","","","2.20","","S","Облачно","2025-12-30 15:21"
"-3.80","","-8.50","53","744","993","","","","1.70","","S","Облачно","2025-12-30 15:22"
"-3.80","","-8.20","53","744","993","","","","1.60","","S","Облачно","2025-12-30 15:23"
"-3.80","","-8.20","53","744","993","","","","1.60","","S","Облачно","2025-12-30 15:24"
"-3.80","","-8.20","53","744","993","","","","1.70","","S","Облачно","2025-12-30 15:25"
"-3.80","","-9.20","53","744","993","","","","3.10","","S","Облачно","2025-12-30 15:26"
"-3.80","","-9.00","53","744","993","","","","1.50","","S","Облачно","2025-12-30 15:27"
"-3.80","","-8.00","53","744","993","","","","1.50","","S","Облачно","2025-12-30 15:28"
"-3.80","","-8.00","53","744","993","","","","1.50","","S","Облачно","2025-12-30 15:29"
"-3.80","","-8.20","53","744","993","","","","1.00","","S","Облачно","2025-12-30 15:30"
"-3.80","","-7.70","53","744","993","","","","1.00","","S","Облачно","2025-12-30 15:31"
"-3.80","","-7.70","53","744","993","","","","1.00","","S","Облачно","2025-12-30 15:32"
"-3.80","","-7.90","54","744","993","","","","1.30","","S","Облачно","2025-12-30 15:33"
"-3.80","","-8.90","54","744","993","","","","1.40","","S","Облачно","2025-12-30 15:34"
"-3.80","","-8.00","54","744","993","","","","1.40","","S","Облачно","2025-12-30 15:35"
"-3.80","","-8.00","54","744","993","","","","1.40","","S","Облачно","2025-12-30 15:36"
"-3.80","","-8.00","54","744","993","","","","1.70","","S","Облачно","2025-12-30 15:37"
"-3.80","","-8.20","54","744","993","","","","2.90","","S","Облачно","2025-12-30 15:38"
"-3.80","","-8.20","54","744","993","","","","2.90","","S","Облачно","2025-12-30 15:39"
"-3.80","","-8.50","54","744","993","","","","2.20","","S","Облачно","2025-12-30 15:40"
"-3.80","","-8.50","54","744","993","","","","2.20","","S","Облачно","2025-12-30 15:41"
"-3.80","","-8.40","54","744","993","","","","2.00","","S","Облачно","2025-12-30 15:42"
"-3.80","","-8.40","54","744","993","","","","2.00","","S","Облачно","2025-12-30 15:43"
"-3.80","","-8.20","54","744","993","","","","1.70","","S","Облачно","2025-12-30 15:44"
"-3.80","","-8.20","54","744","993","","","","0.90","","S","Облачно","2025-12-30 15:45"
"-3.80","","-7.60","54","744","993","","","","0.90","","S","Облачно","2025-12-30 15:46"
"-3.80","","-7.60","54","744","993","","","","0.60","","S","Облачно","2025-12-30 15:47"
"-3.70","","-7.40","54","744","993","","","","0.70","","S","Облачно","2025-12-30 15:48"
"-3.80","","-7.90","54","744","993","","","","1.30","","S","Облачно","2025-12-30 15:49"
"-3.80","","-7.70","54","744","993","","","","1.10","","S","Облачно","2025-12-30 15:50"
"-3.80","","-8.00","54","744","993","","","","1.40","","S","Облачно","2025-12-30 15:51"
"-3.80","","-8.00","54","744","993","","","","1.40","","S","Облачно","2025-12-30 15:52"
"-3.80","","-7.70","54","744","993","","","","1.00","","S","Облачно","2025-12-30 15:53"
"-3.80","","-7.50","54","744","993","","","","0.70","","S","Облачно","2025-12-30 15:54"
"-3.80","","-7.50","54","744","993","","","","0.70","","S","Облачно","2025-12-30 15:55"
"-3.80","","-7.60","54","744","993","","","","0.90","","S","Облачно","2025-12-30 15:56"
"-3.80","","-8.70","54","744","993","","","","2.40","","S","Облачно","2025-12-30 15:57"
"-3.80","","-8.20","54","744","993","","","","0.60","","S","Облачно","2025-12-30 15:58"
"-3.80","","-7.40","54","744","993","","","","0.90","","S","Облачно","2025-12-30 15:59"
"-3.80","","-7.60","54","744","993","","","","0.90","","S","Облачно","2025-12-30 16:00"
"-3.80","","-7.60","54","744","993","","","","0.90","","S","Облачно","2025-12-30 16:01"
"-3.80","","-8.10","54","744","993","","","","1.60","","S","Облачно","2025-12-30 16:02"
"-3.80","","-8.10","54","744","993","","","","1.60","","S","Облачно","2025-12-30 16:03"
"-3.80","","-7.80","54","744","993","","","","1.10","","S","Облачно","2025-12-30 16:04"
"-3.90","","-7.90","54","744","993","","","","2.50","","S","Облачно","2025-12-30 16:05"
"-3.90","","-8.80","54","744","993","","","","2.50","","S","Облачно","2025-12-30 16:06"
"-3.80","","-7.40","54","744","993","","","","0.60","","S","Облачно","2025-12-30 16:07"
"-3.80","","-7.40","54","744","993","","","","2.60","","S","Облачно","2025-12-30 16:08"
"-3.80","","-8.80","54","744","993","","","","2.60","","S","Облачно","2025-12-30 16:09"
"-3.80","","-8.80","54","744","993","","","","2.60","","S","Облачно","2025-12-30 16:10"
"-3.90","","-8.40","54","744","993","","","","1.90","","S","Облачно","2025-12-30 16:11"
"-3.90","","-7.90","54","744","993","","","","1.20","","S","Облачно","2025-12-30 16:12"
"-3.90","","-7.90","54","744","993","","","","1.80","","S","Облачно","2025-12-30 16:13"
"-3.90","","-8.30","54","744","993","","","","1.80","","S","Облачно","2025-12-30 16:14"
"-3.90","","-7.90","54","744","993","","","","1.20","","S","Облачно","2025-12-30 16:15"
"-3.90","","-7.90","54","744","993","","","","1.20","","S","Облачно","2025-12-30 16:16"
"-3.90","","-7.90","54","744","993","","","","0.50","","S","Облачно","2025-12-30 16:17"
"-3.90","","-7.90","54","744","993","","","","0.50","","S","Облачно","2025-12-30 16:18"
"-3.90","","-7.60","54","744","993","","","","1.50","","S","Облачно","2025-12-30 16:19"
"-3.90","","-8.00","54","744","993","","","","0.90","","S","Облачно","2025-12-30 16:20"
"-3.90","","-7.70","54","744","993","","","","0.90","","S","Облачно","2025-12-30 16:21"
"-3.90","","-7.80","54","744","993","","","","1.00","","S","Облачно","2025-12-30 16:22"
"-3.90","","-7.80","54","744","993","","","","1.00","","S","Облачно","2025-12-30 16:23"
"-3.90","","-7.80","54","744","993","","","","1.40","","S","Облачно","2025-12-30 16:24"
"-3.90","","-8.90","54","744","993","","","","2.60","","S","Облачно","2025-12-30 16:25"
"-3.90","","-8.50","54","744","993","","","","1.40","","S","Облачно","2025-12-30 16:26"
"-3.90","","-8.50","54","744","993","","","","1.40","","S","Облачно","2025-12-30 16:27"
"-3.90","","-8.10","54","744","993","","","","1.40","","S","Облачно","2025-12-30 16:28"
"-3.90","","-9.40","54","744","993","","","","3.30","","S","Облачно","2025-12-30 16:29"
"-3.90","","-8.60","54","744","993","","","","1.90","","S","Облачно","2025-12-30 16:30"
"-3.90","","-8.40","54","744","993","","","","1.90","","S","Облачно","2025-12-30 16:31"
"-3.90","","-8.40","54","744","993","","","","1.90","","S","Облачно","2025-12-30 16:32"
"-3.90","","-8.30","54","744","993","","","","1.80","","S","Облачно","2025-12-30 16:33"
"-3.90","","-8.30","54","744","993","","","","1.80","","S","Облачно","2025-12-30 16:34"
"-3.90","","-8.00","54","744","993","","","","1.30","","S","Облачно","2025-12-30 16:35"
"-3.90","","-8.00","54","744","993","","","","1.30","","S","Облачно","2025-12-30 16:36"
"-3.90","","-8.20","54","744","993","","","","1.60","","S","Облачно","2025-12-30 16:37"
"-3.90","","-8.20","54","744","993","","","","1.60","","S","Облачно","2025-12-30 16:38"
"-3.90","","-9.00","54","744","993","","","","2.70","","S","Облачно","2025-12-30 16:39"
"-3.90","","-7.70","54","744","993","","","","0.90","","S","Облачно","2025-12-30 16:40"
"-3.90","","-7.70","54","744","993","","","","0.70","","S","Облачно","2025-12-30 16:41"
"-3.90","","-7.70","54","744","993","","","","0.70","","S","Облачно","2025-12-30 16:42"
"-3.90","","-7.80","54","744","993","","","","1.90","","S","Облачно","2025-12-30 16:43"
"-3.90","","-8.40","54","744","993","","","","1.90","","S","Облачно","2025-12-30 16:44"
"-3.90","","-8.80","54","744","993","","","","2.40","","S","Облачно","2025-12-30 16:45"
"-3.90","","-8.80","54","744","993","","","","1.60","","S","Облачно","2025-12-30 16:46"
"-3.90","","-8.20","54","744","993","","","","1.60","","S","Облачно","2025-12-30 16:47"
"-3.90","","-8.20","54","744","993","","","","1.60","","S","Облачно","2025-12-30 16:48"
"-3.90","","-9.20","54","744","993","","","","3.00","","S","Облачно","2025-12-30 16:49"
"-3.90","","-9.20","54","744","993","","","","1.70","","S","Облачно","2025-12-30 16:50"
"-3.90","","-9.20","54","744","993","","","","1.70","","S","Облачно","2025-12-30 16:51"
"-3.90","","-7.60","54","744","992","","","","0.70","","S","Облачно","2025-12-30 16:52"
"-3.90","","-8.00","54","744","992","","","","1.30","","S","Облачно","2025-12-30 16:53"
"-3.90","","-8.00","54","744","992","","","","2.20","","S","Облачно","2025-12-30 16:54"
"-3.90","","-8.00","54","744","992","","","","2.20","","S","Облачно","2025-12-30 16:55"
"-3.90","","-8.60","54","744","992","","","","2.20","","S","Облачно","2025-12-30 16:56"
"-3.90","","-8.60","54","744","992","","","","2.20","","S","Облачно","2025-12-30 16:57"
"-3.90","","-8.00","54","744","992","","","","1.30","","S","Облачно","2025-12-30 16:58"
"-3.90","","-8.00","54","744","992","","","","1.30","","S","Облачно","2025-12-30 16:59"
"-3.90","","-7.90","54","744","992","","","","1.20","","S","Облачно","2025-12-30 17:00"
"-3.90","","-7.90","54","744","992","","","","1.20","","S","Облачно","2025-12-30 17:01"
"-3.90","","-8.30","54","744","992","","","","1.70","","S","Облачно","2025-12-30 17:02"
"-3.90","","-8.30","54","744","992","","","","1.70","","S","Облачно","2025-12-30 17:03"
"-3.90","","-8.30","54","744","992","","","","1.70","","S","Облачно","2025-12-30 17:04"
"-3.90","","-8.50","54","744","992","","","","2.00","","S","Облачно","2025-12-30 17:05"
"-3.90","","-8.50","54","744","993","","","","0.90","","S","Облачно","2025-12-30 17:06"
"-3.90","","-8.50","54","744","993","","","","0.90","","S","Облачно","2025-12-30 17:07"
"-3.80","","-7.40","54","744","993","","","","0.90","","S","Облачно","2025-12-30 17:08"
"-3.80","","-7.80","54","744","993","","","","0.50","","S","Облачно","2025-12-30 17:09"
"-3.80","","-7.30","54","744","993","","","","0.50","","S","Облачно","2025-12-30 17:10"
"-3.80","","-7.30","54","744","993","","","","0.50","","S","Облачно","2025-12-30 17:11"
"-3.80","","-8.20","54","744","993","","","","2.40","","S","Облачно","2025-12-30 17:12"
"-3.80","","-8.70","54","744","993","","","","2.40","","S","Облачно","2025-12-30 17:13"
"-3.80","","-8.70","54","744","993","","","","2.40","","S","Облачно","2025-12-30 17:14"
"-3.80","","-8.00","54","744","993","","","","1.50","","S","Облачно","2025-12-30 17:15"
"-3.80","","-8.00","54","744","993","","","","1.40","","S","Облачно","2025-12-30 17:16"
"-3.80","","-8.40","54","744","993","","","","2.10","","S","Облачно","2025-12-30 17:17"
"-3.80","","-8.40","54","744","993","","","","2.10","","S","Облачно","2025-12-30 17:18"
"-3.80","","-7.50","55","744","993","","","","0.70","","S","Облачно","2025-12-30 17:19"
"-3.80","","-7.50","55","744","993","","","","1.20","","S","Облачно","2025-12-30 17:20"
"-3.80","","-7.50","55","744","993","","","","1.10","","S","Облачно","2025-12-30 17:21"
"-3.80","","-8.50","55","744","992","","","","2.20","","S","Облачно","2025-12-30 17:22"
"-3.80","","-8.50","55","744","992","","","","2.20","","S","Облачно","2025-12-30 17:23"
"-3.80","","-8.90","55","744","992","","","","2.80","","S","Облачно","2025-12-30 17:24"
"-3.80","","-7.80","55","744","992","","","","1.20","","S","Облачно","2025-12-30 17:25"
"-3.80","","-7.80","55","744","992","","","","1.20","","S","Облачно","2025-12-30 17:26"
"-3.80","","-7.40","55","744","992","","","","0.60","","S","Облачно","2025-12-30 17:27"
"-3.80","","-7.90","55","744","992","","","","1.90","","S","Облачно","2025-12-30 17:28"
"-3.80","","-7.90","55","744","992","","","","1.90","","S","Облачно","2025-12-30 17:29"
"-3.80","","-8.20","55","744","992","","","","1.10","","S","Облачно","2025-12-30 17:30"
"-3.80","","-7.70","55","744","992","","","","1.10","","S","Облачно","2025-12-30 17:31"
"-3.80","","-8.20","55","744","992","","","","1.70","","S","Облачно","2025-12-30 17:32"
"-3.80","","-8.20","55","744","992","","","","1.10","","S","Облачно","2025-12-30 17:33"
"-3.80","","-8.20","55","744","992","","","","1.10","","S","Облачно","2025-12-30 17:34"
"-3.80","","-7.90","55","744","992","","","","1.30","","S","Облачно","2025-12-30 17:35"
"-3.70","","-8.60","55","744","992","","","","2.50","","S","Небольшая облачность","2025-12-30 17:36"
"-3.70","","-8.00","55","744","992","","","","1.60","","S","Небольшая облачность","2025-12-30 17:37"
"-3.80","","-8.00","55","744","992","","","","1.50","","S","Небольшая облачность","2025-12-30 17:38"
"-3.70","","-7.70","55","744","992","","","","1.00","","S","Небольшая облачность","2025-12-30 17:39"
"-3.70","","-7.70","55","744","992","","","","1.30","","S","Небольшая облачность","2025-12-30 17:40"
"-3.70","","-7.80","55","744","992","","","","1.30","","S","Небольшая облачность","2025-12-30 17:41"
"-3.70","","-7.50","55","744","992","","","","0.90","","S","Небольшая облачность","2025-12-30 17:42"
"-3.70","","-7.50","55","744","992","","","","0.90","","S","Небольшая облачность","2025-12-30 17:43"
"-3.70","","-8.00","55","744","992","","","","1.80","","S","Небольшая облачность","2025-12-30 17:44"
"-3.70","","-8.10","55","744","992","","","","1.10","","S","Небольшая облачность","2025-12-30 17:45"
"-3.70","","-7.60","55","744","992","","","","1.10","","S","Небольшая облачность","2025-12-30 17:46"
"-3.70","","-8.30","55","744","992","","","","1.10","","S","Небольшая облачность","2025-12-30 17:47"
"-3.70","","-7.60","55","744","992","","","","1.10","","S","Небольшая облачность","2025-12-30 17:48"
"-3.70","","-7.60","55","744","992","","","","1.10","","S","Небольшая облачность","2025-12-30 17:49"
"-3.70","","-7.60","55","744","992","","","","1.80","","S","Небольшая облачность","2025-12-30 17:50"
"-3.70","","-8.10","55","744","992","","","","1.80","","S","Небольшая облачность","2025-12-30 17:51"
"-3.70","","-8.10","55","744","992","","","","1.70","","S","Небольшая облачность","2025-12-30 17:52"
"-3.70","","-8.10","55","744","992","","","","1.80","","S","Небольшая облачность","2025-12-30 17:53"
"-3.70","","-8.10","55","744","992","","","","0.90","","S","Небольшая облачность","2025-12-30 17:54"
"-3.70","","-8.10","55","744","992","","","","0.70","","S","Небольшая облачность","2025-12-30 17:55"
"-3.70","","-8.10","55","744","992","","","","0.70","","S","Небольшая облачность","2025-12-30 17:56"
"-3.70","","-8.40","55","744","992","","","","2.20","","S","Небольшая облачность","2025-12-30 17:57"
"-3.70","","-8.80","55","744","992","","","","2.80","","S","Небольшая облачность","2025-12-30 17:58"
"-3.70","","-8.80","55","744","992","","","","2.80","","S","Небольшая облачность","2025-12-30 17:59"
"-3.70","","-7.60","55","744","992","","","","1.00","","S","Небольшая облачность","2025-12-30 18:00"
"-3.70","","-7.60","55","744","992","","","","1.40","","S","Небольшая облачность","2025-12-30 18:01"
"-3.70","","-7.80","55","744","992","","","","1.40","","S","Небольшая облачность","2025-12-30 18:02"
"-3.70","","-7.80","55","744","992","","","","1.40","","S","Небольшая облачность","2025-12-30 18:03"
"-3.70","","-7.50","55","744","992","","","","0.90","","S","Небольшая облачность","2025-12-30 18:04"
"-3.70","","-7.50","55","744","992","","","","2.50","","S","Небольшая облачность","2025-12-30 18:05"
"-3.70","","-8.60","55","744","993","","","","2.50","","S","Облачно","2025-12-30 18:06"
"-3.70","","-8.60","55","744","993","","","","1.30","","S","Облачно","2025-12-30 18:07"
"-3.80","","-7.70","55","744","993","","","","0.90","","S","Облачно","2025-12-30 18:08"
"-3.80","","-7.70","55","744","993","","","","0.90","","S","Облачно","2025-12-30 18:09"
"-3.70","","-7.30","55","744","993","","","","0.40","","S","Облачно","2025-12-30 18:10"
"-3.70","","-7.30","55","744","993","","","","0.40","","S","Облачно","2025-12-30 18:11"
"-3.70","","-7.60","55","744","993","","","","1.10","","S","Облачно","2025-12-30 18:12"
"-3.60","","-7.50","55","744","993","","","","1.10","","S","Облачно","2025-12-30 18:13"
"-3.60","","-7.50","55","744","993","","","","1.10","","S","Облачно","2025-12-30 18:14"
"-3.60","","-7.00","56","744","993","","","","0.90","","S","Облачно","2025-12-30 18:15"
"-3.60","","-7.00","56","744","993","","","","0.90","","S","Облачно","2025-12-30 18:16"
"-3.60","","-7.40","56","744","993","","","","1.70","","S","Облачно","2025-12-30 18:17"
"-3.60","","-7.90","56","744","993","","","","1.70","","S","Облачно","2025-12-30 18:18"
"-3.70","","-7.50","55","744","993","","","","0.90","","S","Облачно","2025-12-30 18:19"
"-3.70","","-7.50","56","744","993","","","","0.90","","S","Облачно","2025-12-30 18:20"
"-3.70","","-7.10","56","744","992","","","","1.50","","S","Облачно","2025-12-30 18:21"
"-3.70","","-7.90","56","744","992","","","","1.00","","S","Облачно","2025-12-30 18:22"
"-3.70","","-7.50","56","744","992","","","","1.00","","S","Облачно","2025-12-30 18:23"
"-3.70","","-7.50","56","744","992","","","","0.50","","S","Облачно","2025-12-30 18:24"
"-3.70","","-7.80","56","744","992","","","","1.40","","S","Облачно","2025-12-30 18:25"
"-3.70","","-7.60","56","744","992","","","","1.10","","S","Небольшая облачность","2025-12-30 18:26"
"-3.70","","-7.60","56","744","992","","","","1.10","","S","Небольшая облачность","2025-12-30 18:27"
"-3.70","","-7.20","56","744","992","","","","0.50","","S","Небольшая облачность","2025-12-30 18:28"
"-3.70","","-7.20","56","744","992","","","","0.50","","S","Небольшая облачность","2025-12-30 18:29"
"-3.70","","-8.20","56","744","992","","","","0.60","","S","Небольшая облачность","2025-12-30 18:30"
"-3.70","","-7.80","56","744","992","","","","1.40","","S","Небольшая облачность","2025-12-30 18:31"
"-3.70","","-7.80","56","744","992","","","","1.40","","S","Небольшая облачность","2025-12-30 18:32"
"-3.70","","-7.50","56","744","992","","","","2.50","","S","Небольшая облачность","2025-12-30 18:33"
"-3.60","","-8.50","56","744","992","","","","2.50","","S","Небольшая облачность","2025-12-30 18:34"
"-3.60","","-7.20","56","744","992","","","","0.70","","S","Небольшая облачность","2025-12-30 18:35"
"-3.60","","-7.40","56","744","992","","","","0.90","","S","Небольшая облачность","2025-12-30 18:36"
"-3.60","","-7.40","56","744","992","","","","0.90","","S","Небольшая облачность","2025-12-30 18:37"
"-3.60","","-6.70","56","744","992","","","","0.40","","S","Небольшая облачность","2025-12-30 18:38"
"-3.60","","-7.00","56","744","992","","","","0.40","","S","Небольшая облачность","2025-12-30 18:39"
"-3.60","","-7.00","56","744","992","","","","1.50","","S","Небольшая облачность","2025-12-30 18:40"
"-3.60","","-7.80","56","744","992","","","","1.50","","S","Небольшая облачность","2025-12-30 18:41"
"-3.60","","-7.40","56","744","992","","","","1.10","","S","Небольшая облачность","2025-12-30 18:42"
"-3.60","","-7.50","56","744","992","","","","1.10","","S","Небольшая облачность","2025-12-30 18:43"
"-3.60","","-8.10","56","744","992","","","","2.00","","S","Небольшая облачность","2025-12-30 18:44"
"-3.60","","-7.40","56","744","992","","","","0.90","","S","Небольшая облачность","2025-12-30 18:45"
"-3.50","","-7.30","56","744","992","","","","1.50","","S","Небольшая облачность","2025-12-30 18:46"
"-3.50","","-7.70","56","744","992","","","","1.50","","S","Небольшая облачность","2025-12-30 18:47"
"-3.50","","-8.90","56","744","992","","","","1.70","","S","Небольшая облачность","2025-12-30 18:48"
"-3.50","","-7.80","56","744","992","","","","1.70","","S","Небольшая облачность","2025-12-30 18:49"
"-3.50","","-7.30","56","744","992","","","","1.00","","S","Небольшая облачность","2025-12-30 18:50"
"-3.50","","-7.30","56","744","992","","","","1.00","","S","Небольшая облачность","2025-12-30 18:51"
"-3.50","","-6.90","56","744","992","","","","0.40","","S","Небольшая облачность","2025-12-30 18:52"
"-3.50","","-8.30","56","744","992","","","","1.40","","S","Небольшая облачность","2025-12-30 18:53"
"-3.50","","-7.60","56","744","992","","","","1.40","","S","Небольшая облачность","2025-12-30 18:54"
"-3.50","","-7.60","56","744","992","","","","1.10","","S","Небольшая облачность","2025-12-30 18:55"
"-3.50","","-7.60","56","744","992","","","","0.90","","S","Небольшая облачность","2025-12-30 18:56"
"-3.50","","-7.30","56","744","992","","","","0.90","","S","Небольшая облачность","2025-12-30 18:57"
"-3.50","","-7.30","56","744","992","","","","0.90","","S","Небольшая облачность","2025-12-30 18:58"
"-3.50","","-7.70","56","744","992","","","","1.00","","S","Небольшая облачность","2025-12-30 18:59"
"-3.50","","-7.30","57","744","992","","","","0.60","","S","Небольшая облачность","2025-12-30 19:00"
"-3.50","","-7.00","57","744","992","","","","0.60","","S","Небольшая облачность","2025-12-30 19:01"
"-3.50","","-7.00","57","744","992","","","","1.90","","S","Небольшая облачность","2025-12-30 19:02"
"-3.50","","-7.90","57","744","992","","","","1.90","","S","Небольшая облачность","2025-12-30 19:03"
"-3.50","","-8.20","56","744","992","","","","2.20","","S","Небольшая облачность","2025-12-30 19:04"
"-3.50","","-8.00","56","744","992","","","","2.00","","S","Небольшая облачность","2025-12-30 19:05"
"-3.50","","-8.00","56","744","992","","","","1.60","","S","Небольшая облачность","2025-12-30 19:06"
"-3.50","","-7.70","57","744","992","","","","1.60","","S","Небольшая облачность","2025-12-30 19:07"
"-3.50","","-7.70","57","744","992","","","","1.60","","S","Небольшая облачность","2025-12-30 19:08"
"-3.50","","-7.40","57","744","992","","","","1.10","","S","Небольшая облачность","2025-12-30 19:09"
"-3.50","","-7.90","57","744","992","","","","1.10","","S","Небольшая облачность","2025-12-30 19:10"
"-3.50","","-7.40","57","744","992","","","","1.30","","S","Небольшая облачность","2025-12-30 19:11"
"-3.50","","-7.40","57","744","992","","","","1.30","","S","Небольшая облачность","2025-12-30 19:12"
"-3.50","","-7.50","57","744","992","","","","1.30","","S","Небольшая облачность","2025-12-30 19:13"
"-3.50","","-8.00","57","744","992","","","","1.20","","S","Небольшая облачность","2025-12-30 19:14"
"-3.50","","-8.00","57","744","992","","","","1.20","","S","Небольшая облачность","2025-12-30 19:15"
"-3.50","","-7.50","57","744","992","","","","2.00","","S","Небольшая облачность","2025-12-30 19:16"
"-3.50","","-7.50","57","744","992","","","","1.50","","S","Небольшая облачность","2025-12-30 19:17"
"-3.50","","-7.70","57","744","992","","","","1.50","","S","Небольшая облачность","2025-12-30 19:18"
"-3.50","","-7.70","57","744","992","","","","1.50","","S","Небольшая облачность","2025-12-30 19:19"
"-3.40","","-6.90","57","744","992","","","","1.40","","S","Небольшая облачность","2025-12-30 19:20"
"-3.40","","-7.50","57","744","992","","","","1.40","","S","Небольшая облачность","2025-12-30 19:21"
"-3.40","","-7.50","57","744","992","","","","1.40","","S","Небольшая облачность","2025-12-30 19:22"
"-3.40","","-7.50","57","744","992","","","","1.40","","S","Небольшая облачность","2025-12-30 19:23"
"-3.40","","-7.50","57","744","992","","","","1.40","","S","Небольшая облачность","2025-12-30 19:24"
"-3.40","","-7.50","57","744","992","","","","1.40","","S","Небольшая облачность","2025-12-30 19:25"
"-3.40","","-7.50","57","744","992","","","","1.40","","S","Небольшая облачность","2025-12-30 19:26"
"-3.40","","-7.50","57","744","992","","","","3.90","","S","Небольшая облачность","2025-12-30 19:27"
"-3.40","","-7.90","57","744","992","","","","1.60","","S","Небольшая облачность","2025-12-30 19:28"
"-3.40","","-7.60","57","744","992","","","","1.60","","S","Небольшая облачность","2025-12-30 19:29"
"-3.40","","-7.60","57","744","992","","","","1.60","","S","Небольшая облачность","2025-12-30 19:30"
"-3.40","","-7.60","57","744","992","","","","1.60","","S","Небольшая облачность","2025-12-30 19:31"
"-3.40","","-8.00","57","744","992","","","","2.10","","S","Небольшая облачность","2025-12-30 19:32"
"-3.40","","-8.00","57","744","992","","","","2.10","","S","Небольшая облачность","2025-12-30 19:33"
"-3.40","","-8.50","57","744","992","","","","2.90","","S","Небольшая облачность","2025-12-30 19:34"
"-3.40","","-8.50","57","744","992","","","","2.70","","S","Небольшая облачность","2025-12-30 19:35"
"-3.40","","-8.40","57","744","992","","","","2.70","","S","Небольшая облачность","2025-12-30 19:36"
"-3.40","","-8.40","57","744","992","","","","2.70","","S","Небольшая облачность","2025-12-30 19:37"
"-3.40","","-8.40","57","744","992","","","","2.70","","S","Небольшая облачность","2025-12-30 19:38"
"-3.40","","-9.70","57","744","992","","","","4.60","","S","Небольшая облачность","2025-12-30 19:39"
"-3.40","","-7.60","57","744","992","","","","1.60","","S","Небольшая облачность","2025-12-30 19:40"
"-3.40","","-7.60","57","744","992","","","","1.60","","S","Небольшая облачность","2025-12-30 19:41"
"-3.40","","-7.30","57","744","992","","","","0.90","","S","Небольшая облачность","2025-12-30 19:42"
"-3.40","","-7.30","57","744","992","","","","0.90","","S","Небольшая облачность","2025-12-30 19:43"
"-3.30","","-7.20","57","744","992","","","","1.10","","S","Небольшая облачность","2025-12-30 19:44"
"-3.30","","-7.20","57","744","992","","","","1.30","","S","Небольшая облачность","2025-12-30 19:45"
"-3.30","","-7.30","57","744","992","","","","1.30","","S","Небольшая облачность","2025-12-30 19:46"
"-3.30","","-7.30","57","744","992","","","","1.30","","S","Небольшая облачность","2025-12-30 19:47"
"-3.30","","-7.20","57","744","992","","","","1.10","","S","Небольшая облачность","2025-12-30 19:48"
"-3.30","","-7.20","57","744","992","","","","1.10","","S","Небольшая облачность","2025-12-30 19:49"
"-3.30","","-7.20","57","744","992","","","","1.10","","S","Небольшая облачность","2025-12-30 19:50"
"-3.30","","-7.20","57","744","992","","","","1.10","","S","Небольшая облачность","2025-12-30 19:51"
"-3.30","","-7.80","57","744","992","","","","1.30","","S","Небольшая облачность","2025-12-30 19:52"
"-3.30","","-7.80","57","744","992","","","","1.30","","S","Небольшая облачность","2025-12-30 19:53"
"-3.30","","-7.40","57","744","992","","","","1.40","","S","Небольшая облачность","2025-12-30 19:54"
"-3.30","","-7.40","57","744","992","","","","1.40","","S","Небольшая облачность","2025-12-30 19:55"
"-3.30","","-7.40","57","744","992","","","","1.70","","S","Небольшая облачность","2025-12-30 19:56"
"-3.30","","-7.40","57","744","992","","","","1.70","","S","Небольшая облачность","2025-12-30 19:57"
"-3.30","","-7.60","57","744","992","","","","2.60","","S","Небольшая облачность","2025-12-30 19:58"
"-3.30","","-8.60","57","744","992","","","","3.10","","S","Небольшая облачность","2025-12-30 19:59"
"-3.30","","-8.60","57","744","992","","","","3.10","","S","Небольшая облачность","2025-12-30 20:00"
"-3.30","","-8.60","57","744","992","","","","3.10","","SSW","Небольшая облачность","2025-12-30 20:01"
"-3.30","","-8.60","57","744","992","","","","3.10","","SSW","Небольшая облачность","2025-12-30 20:02"
"-3.30","","-8.10","58","744","992","","","","1.40","","SSW","Небольшая облачность","2025-12-30 20:03"
"-3.30","","-7.40","58","744","992","","","","1.90","","SSW","Небольшая облачность","2025-12-30 20:04"
"-3.30","","-7.70","58","744","992","","","","1.60","","SSW","Небольшая облачность","2025-12-30 20:05"
"-3.30","","-7.50","58","744","992","","","","1.90","","SSW","Небольшая облачность","2025-12-30 20:06"
"-3.30","","-7.50","58","744","992","","","","1.90","","SSW","Небольшая облачность","2025-12-30 20:07"
"-3.30","","-7.60","58","744","992","","","","1.80","","SSW","Небольшая облачность","2025-12-30 20:08"
"-3.30","","-7.70","58","744","992","","","","1.90","","SSW","Небольшая облачность","2025-12-30 20:09"
"-3.30","","-7.70","58","744","992","","","","1.90","","SSW","Небольшая облачность","2025-12-30 20:10"
"-3.30","","-7.90","58","744","992","","","","2.10","","SSW","Небольшая облачность","2025-12-30 20:11"
"-3.30","","-7.90","58","744","992","","","","2.10","","SSW","Небольшая облачность","2025-12-30 20:12"
"-3.30","","-7.90","58","744","992","","","","2.10","","SSW","Небольшая облачность","2025-12-30 20:13"
"-3.30","","-8.90","58","744","992","","","","3.60","","SSW","Небольшая облачность","2025-12-30 20:14"
"-3.30","","-7.40","58","744","992","","","","1.40","","SSW","Небольшая облачность","2025-12-30 20:15"
"-3.30","","-7.40","58","744","992","","","","1.40","","SSW","Небольшая облачность","2025-12-30 20:16"
"-3.30","","-7.40","58","744","992","","","","1.70","","SSW","Небольшая облачность","2025-12-30 20:17"
"-3.30","","-7.60","58","744","992","","","","1.70","","SSW","Небольшая облачность","2025-12-30 20:18"
"-3.30","","-7.60","58","744","992","","","","1.70","","SSW","Небольшая облачность","2025-12-30 20:19"
"-3.30","","-7.20","58","744","992","","","","1.70","","SSW","Небольшая облачность","2025-12-30 20:20"
"-3.30","","-7.20","58","744","992","","","","1.90","","SSW","Небольшая облачность","2025-12-30 20:21"
"-3.30","","-7.20","58","744","992","","","","1.10","","SSW","Небольшая облачность","2025-12-30 20:22"
"-3.30","","-7.20","58","744","992","","","","1.10","","SSW","Небольшая облачность","2025-12-30 20:23"
"-3.30","","-7.20","58","744","992","","","","2.10","","SSW","Небольшая облачность","2025-12-30 20:24"
"-3.30","","-7.90","58","744","992","","","","2.20","","SSW","Небольшая облачность","2025-12-30 20:25"
"-3.30","","-7.30","58","744","992","","","","1.30","","SSW","Небольшая облачность","2025-12-30 20:26"
"-3.30","","-7.30","58","744","992","","","","1.30","","SSW","Небольшая облачность","2025-12-30 20:27"
"-3.30","","-6.80","58","744","992","","","","1.80","","SSW","Небольшая облачность","2025-12-30 20:28"
"-3.30","","-7.60","58","744","992","","","","1.80","","SSW","Небольшая облачность","2025-12-30 20:29"
"-3.30","","-8.60","58","744","992","","","","3.10","","SSW","Небольшая облачность","2025-12-30 20:30"
"-3.30","","-8.60","58","744","992","","","","1.90","","SSW","Небольшая облачность","2025-12-30 20:31"
"-3.30","","-7.70","58","744","992","","","","1.90","","SSW","Небольшая облачность","2025-12-30 20:32"
"-3.30","","-7.90","58","744","992","","","","2.20","","SSW","Небольшая облачность","2025-12-30 20:33"
"-3.30","","-7.90","58","744","992","","","","2.10","","SSW","Небольшая облачность","2025-12-30 20:34"
"-3.30","","-7.90","58","744","992","","","","2.20","","SSW","Небольшая облачность","2025-12-30 20:35"
"-3.30","","-7.90","58","744","992","","","","1.80","","SSW","Небольшая облачность","2025-12-30 20:36"
"-3.30","","-7.60","58","744","992","","","","1.80","","SSW","Небольшая облачность","2025-12-30 20:37"
"-3.30","","-7.60","58","744","992","","","","1.80","","SSW","Небольшая облачность","2025-12-30 20:38"
"-3.30","","-7.60","58","744","992","","","","1.80","","SSW","Небольшая облачность","2025-12-30 20:39"
"-3.20","","-7.50","58","744","992","","","","1.80","","SSW","Небольшая облачность","2025-12-30 20:40"
"-3.20","","-7.50","58","744","992","","","","1.80","","SSW","Небольшая облачность","2025-12-30 20:41"
"-3.30","","-7.20","58","744","992","","","","1.20","","SSW","Небольшая облачность","2025-12-30 20:42"
"-3.30","","-7.20","58","744","992","","","","1.80","","SSW","Небольшая облачность","2025-12-30 20:43"
"-3.20","","-7.10","58","744","992","","","","1.20","","SSW","Небольшая облачность","2025-12-30 20:44"
"-3.20","","-7.10","58","744","992","","","","1.20","","SSW","Небольшая облачность","2025-12-30 20:45"
"-3.20","","-7.10","58","744","992","","","","1.20","","SSW","Небольшая облачность","2025-12-30 20:46"
"-3.20","","-7.70","58","744","992","","","","2.00","","SSW","Небольшая облачность","2025-12-30 20:47"
"-3.20","","-7.50","58","744","992","","","","1.70","","SSW","Небольшая облачность","2025-12-30 20:48"
"-3.20","","-7.60","59","744","992","","","","1.90","","SSW","Небольшая облачность","2025-12-30 20:49"
"-3.20","","-7.60","59","744","992","","","","1.90","","SSW","Небольшая облачность","2025-12-30 20:50"
"-3.20","","-7.60","59","744","992","","","","2.50","","SSW","Небольшая облачность","2025-12-30 20:51"
"-3.20","","-7.00","59","744","992","","","","1.10","","SSW","Небольшая облачность","2025-12-30 20:52"
"-3.20","","-7.00","59","744","992","","","","1.60","","SSW","Небольшая облачность","2025-12-30 20:53"
"-3.20","","-7.40","59","744","992","","","","1.60","","SSW","Небольшая облачность","2025-12-30 20:54"
"-3.20","","-7.20","59","744","992","","","","1.30","","SSW","Небольшая облачность","2025-12-30 20:55"
"-3.20","","-7.20","59","744","992","","","","1.30","","SSW","Небольшая облачность","2025-12-30 20:56"
"-3.20","","-7.20","59","744","992","","","","1.20","","SSW","Небольшая облачность","2025-12-30 20:57"
"-3.20","","-7.10","59","744","992","","","","1.20","","SSW","Небольшая облачность","2025-12-30 20:58"
"-3.20","","-7.10","59","744","992","","","","1.20","","SSW","Небольшая облачность","2025-12-30 20:59"
"-3.20","","-8.40","59","744","992","","","","3.00","","SSW","Небольшая облачность","2025-12-30 21:00"
"-3.20","","-7.30","59","744","992","","","","1.50","","SSW","Небольшая облачность","2025-12-30 21:01"
"-3.20","","-7.30","59","744","992","","","","1.50","","SSW","Небольшая облачность","2025-12-30 21:02"
"-3.20","","-7.20","59","744","992","","","","1.50","","SSW","Небольшая облачность","2025-12-30 21:03"
"-3.20","","-7.20","59","744","992","","","","1.90","","SSW","Небольшая облачность","2025-12-30 21:04"
"-3.20","","-7.60","59","744","992","","","","1.90","","SSW","Небольшая облачность","2025-12-30 21:05"
"-3.20","","-7.60","59","743","991","","","","1.90","","SSW","Небольшая облачность","2025-12-30 21:06"
"-3.20","","-7.40","59","743","991","","","","1.60","","SSW","Небольшая облачность","2025-12-30 21:07"
"-3.20","","-7.60","59","743","991","","","","1.90","","SSW","Небольшая облачность","2025-12-30 21:08"
"-3.20","","-7.60","59","743","991","","","","1.90","","SSW","Небольшая облачность","2025-12-30 21:09"
"-3.20","","-7.30","59","743","991","","","","1.50","","SSW","Небольшая облачность","2025-12-30 21:10"
"-3.20","","-7.30","59","743","991","","","","2.60","","SSW","Небольшая облачность","2025-12-30 21:11"
"-3.20","","-7.80","59","743","991","","","","2.20","","SSW","Небольшая облачность","2025-12-30 21:12"
"-3.20","","-7.80","59","743","991","","","","2.80","","SSW","Небольшая облачность","2025-12-30 21:13"
"-3.20","","-8.20","59","743","991","","","","2.80","","SSW","Небольшая облачность","2025-12-30 21:14"
"-3.20","","-8.20","59","743","991","","","","2.80","","SSW","Небольшая облачность","2025-12-30 21:15"
"-3.20","","-8.20","59","743","991","","","","3.30","","SSW","Небольшая облачность","2025-12-30 21:16"
"-3.20","","-8.20","59","743","991","","","","3.30","","SSW","Небольшая облачность","2025-12-30 21:17"
"-3.20","","-8.60","59","743","991","","","","1.90","","SSW","Небольшая облачность","2025-12-30 21:18"
"-3.20","","-8.10","59","743","991","","","","2.70","","SSW","Небольшая облачность","2025-12-30 21:19"
"-3.20","","-8.10","59","743","991","","","","1.90","","SSW","Небольшая облачность","2025-12-30 21:20"
"-3.20","","-8.10","59","743","991","","","","1.90","","SSW","Небольшая облачность","2025-12-30 21:21"
"-3.20","","-7.20","59","744","992","","","","1.40","","SSW","Небольшая облачность","2025-12-30 21:22"
"-3.20","","-7.20","59","744","992","","","","1.40","","SSW","Небольшая облачность","2025-12-30 21:23"
"-3.10","","-7.10","59","744","992","","","","1.40","","SSW","Небольшая облачность","2025-12-30 21:24"
"-3.10","","-9.00","59","744","992","","","","4.10","","SSW","Небольшая облачность","2025-12-30 21:25"
"-3.10","","-9.00","59","744","992","","","","4.10","","SSW","Небольшая облачность","2025-12-30 21:26"
"-3.10","","-9.00","59","744","992","","","","2.90","","SSW","Небольшая облачность","2025-12-30 21:27"
"-3.10","","-8.20","59","744","992","","","","2.80","","SSW","Небольшая облачность","2025-12-30 21:28"
"-3.20","","-8.20","59","744","992","","","","1.30","","SSW","Небольшая облачность","2025-12-30 21:29"
"-3.10","","-7.30","59","744","992","","","","1.60","","SSW","Небольшая облачность","2025-12-30 21:30"
"-3.10","","-7.30","59","744","992","","","","1.60","","SSW","Небольшая облачность","2025-12-30 21:31"
"-3.10","","-8.20","59","744","992","","","","2.90","","SSW","Небольшая облачность","2025-12-30 21:32"
"-3.10","","-8.20","59","744","992","","","","2.90","","SSW","Небольшая облачность","2025-12-30 21:33"
"-3.10","","-8.20","60","744","992","","","","2.90","","SSW","Небольшая облачность","2025-12-30 21:34"
"-3.10","","-8.20","60","744","992","","","","2.80","","SSW","Небольшая облачность","2025-12-30 21:35"
"-3.10","","-8.20","60","744","992","","","","2.80","","SSW","Небольшая облачность","2025-12-30 21:36"
"-3.10","","-8.00","60","744","992","","","","2.60","","SSW","Небольшая облачность","2025-12-30 21:37"
"-3.10","","-8.10","60","744","992","","","","2.80","","SSW","Небольшая облачность","2025-12-30 21:38"
"-3.10","","-8.10","60","744","992","","","","2.80","","SSW","Небольшая облачность","2025-12-30 21:39"
"-3.10","","-7.30","60","744","992","","","","1.70","","SSW","Небольшая облачность","2025-12-30 21:40"
"-3.10","","-7.30","60","744","992","","","","1.90","","SSW","Небольшая облачность","2025-12-30 21:41"
"-3.10","","-7.50","60","744","992","","","","2.50","","SSW","Небольшая облачность","2025-12-30 21:42"
"-3.10","","-7.90","60","744","992","","","","2.50","","SSW","Небольшая облачность","2025-12-30 21:43"
"-3.10","","-7.90","60","744","992","","","","2.20","","SSW","Небольшая облачность","2025-12-30 21:44"
"-3.10","","-7.70","60","744","992","","","","2.20","","SSW","Небольшая облачность","2025-12-30 21:45"
"-3.10","","-7.70","60","744","992","","","","2.20","","SSW","Небольшая облачность","2025-12-30 21:46"
"-3.10","","-7.70","60","744","992","","","","1.20","","SSW","Небольшая облачность","2025-12-30 21:47"
"-3.00","","-6.90","60","744","992","","","","1.20","","SSW","Небольшая облачность","2025-12-30 21:48"
"-3.00","","-6.90","60","744","992","","","","1.20","","SSW","Небольшая облачность","2025-12-30 21:49"
"-3.00","","-7.10","60","744","992","","","","1.50","","SSW","Небольшая облачность","2025-12-30 21:50"
"-3.00","","-7.10","60","744","992","","","","1.30","","SSW","Небольшая облачность","2025-12-30 21:51"
"-3.00","","-7.20","60","744","992","","","","1.70","","SSW","Небольшая облачность","2025-12-30 21:52"
"-3.00","","-6.90","60","744","992","","","","1.20","","SSW","Небольшая облачность","2025-12-30 21:53"
"-3.00","","-6.90","60","744","992","","","","1.20","","SSW","Небольшая облачность","2025-12-30 21:54"
"-3.00","","-6.90","60","744","992","","","","1.20","","SSW","Небольшая облачность","2025-12-30 21:55"
"-3.00","","-6.90","60","744","992","","","","2.20","","SSW","Небольшая облачность","2025-12-30 21:56"
"-3.00","","-6.90","60","744","992","","","","2.20","","SSW","Небольшая облачность","2025-12-30 21:57"
"-3.00","","-6.90","60","744","992","","","","2.20","","SSW","Небольшая облачность","2025-12-30 21:58"
"-3.00","","-7.80","60","744","992","","","","2.60","","SSW","Небольшая облачность","2025-12-30 21:59"
"-3.00","","-7.80","60","744","992","","","","1.90","","SSW","Небольшая облачность","2025-12-30 22:00"
"-3.00","","-7.80","60","744","992","","","","1.90","","SSW","Небольшая облачность","2025-12-30 22:01"
"-2.90","","-7.30","60","744","992","","","","3.00","","SSW","Небольшая облачность","2025-12-30 22:02"
"-2.90","","-7.00","60","744","992","","","","0.50","","SSW","Небольшая облачность","2025-12-30 22:03"
"-2.90","","-6.30","60","744","992","","","","0.50","","SSW","Небольшая облачность","2025-12-30 22:04"
"-2.90","","-6.30","60","744","992","","","","2.10","","SSW","Небольшая облачность","2025-12-30 22:05"
"-2.90","","-6.30","60","744","992","","","","2.10","","SSW","Небольшая облачность","2025-12-30 22:06"
"-2.90","","-7.70","61","743","991","","","","2.50","","SSW","Небольшая облачность","2025-12-30 22:07"
"-2.80","","-7.80","61","743","991","","","","2.90","","SSW","Небольшая облачность","2025-12-30 22:08"
"-2.80","","-7.80","61","743","991","","","","2.90","","SSW","Небольшая облачность","2025-12-30 22:09"
"-2.80","","-6.90","61","743","991","","","","1.30","","SSW","Небольшая облачность","2025-12-30 22:10"
"-2.80","","-6.70","61","743","991","","","","1.30","","SSW","Небольшая облачность","2025-12-30 22:11"
"-2.80","","-6.70","61","743","991","","","","1.20","","SSW","Небольшая облачность","2025-12-30 22:12"
"-2.80","","-6.70","61","743","991","","","","1.20","","SSW","Небольшая облачность","2025-12-30 22:13"
"-2.80","","-6.90","61","743","991","","","","1.60","","SSW","Небольшая облачность","2025-12-30 22:14"
"-2.80","","-6.90","61","743","991","","","","1.60","","SSW","Небольшая облачность","2025-12-30 22:15"
"-2.80","","-7.10","60","743","991","","","","1.80","","SSW","Небольшая облачность","2025-12-30 22:16"
"-2.80","","-6.70","60","743","991","","","","1.20","","SSW","Небольшая облачность","2025-12-30 22:17"
"-2.80","","-6.70","60","743","991","","","","1.20","","SSW","Небольшая облачность","2025-12-30 22:18"
"-2.80","","-6.70","60","743","991","","","","1.20","","SSW","Небольшая облачность","2025-12-30 22:19"
"-2.80","","-7.70","61","743","991","","","","2.20","","SSW","Небольшая облачность","2025-12-30 22:20"
"-2.80","","-7.80","61","744","992","","","","2.80","","SSW","Небольшая облачность","2025-12-30 22:21"
"-2.80","","-7.30","61","744","992","","","","2.10","","SSW","Небольшая облачность","2025-12-30 22:22"
"-2.80","","-6.80","61","744","992","","","","1.50","","SSW","Небольшая облачность","2025-12-30 22:23"
"-2.80","","-6.80","61","744","992","","","","1.50","","SSW","Небольшая облачность","2025-12-30 22:24"
"-2.80","","-6.80","61","744","992","","","","1.50","","SSW","Небольшая облачность","2025-12-30 22:25"
"-2.80","","-6.80","61","744","992","","","","1.50","","SSW","Небольшая облачность","2025-12-30 22:26"
"-2.80","","-6.50","61","744","992","","","","1.00","","SSW","Небольшая облачность","2025-12-30 22:27"
"-2.80","","-6.60","61","744","992","","","","1.10","","SSW","Небольшая облачность","2025-12-30 22:28"
"-2.80","","-6.60","61","744","992","","","","1.10","","SSW","Небольшая облачность","2025-12-30 22:29"
"-2.80","","-6.70","61","744","992","","","","1.30","","SSW","Небольшая облачность","2025-12-30 22:30"
"-2.80","","-7.30","61","744","992","","","","2.20","","SSW","Небольшая облачность","2025-12-30 22:31"
"-2.80","","-7.30","61","744","992","","","","2.20","","SSW","Небольшая облачность","2025-12-30 22:32"
"-2.90","","-7.50","60","744","992","","","","2.20","","SSW","Небольшая облачность","2025-12-30 22:33"
"-3.00","","-7.60","60","744","992","","","","5.40","","SSW","Небольшая облачность","2025-12-30 22:34"
"-3.10","","-9.90","60","744","992","","","","5.40","","SSW","Небольшая облачность","2025-12-30 22:35"
"-3.30","","-10.10","59","743","991","","","","3.40","","SSW","Небольшая облачность","2025-12-30 22:36"
"-3.40","","-8.90","59","743","991","","","","3.40","","SSW","Небольшая облачность","2025-12-30 22:37"
"-3.50","","-8.60","59","743","991","","","","1.40","","SSW","Небольшая облачность","2025-12-30 22:38"
"-3.50","","-8.60","59","743","991","","","","1.40","","SSW","Небольшая облачность","2025-12-30 22:39"
"-3.60","","-7.70","58","743","991","","","","1.40","","SSW","Небольшая облачность","2025-12-30 22:40"
"-3.70","","-7.70","58","743","991","","","","1.30","","SSW","Небольшая облачность","2025-12-30 22:41"
"-3.70","","-7.70","58","743","991","","","","1.30","","SSW","Небольшая облачность","2025-12-30 22:42"
"-3.70","","-7.70","58","743","991","","","","1.40","","SSW","Небольшая облачность","2025-12-30 22:43"
"-3.70","","-7.70","58","743","991","","","","1.40","","SSW","Небольшая облачность","2025-12-30 22:44"
"-3.80","","-8.70","58","743","991","","","","1.40","","SSW","Небольшая облачность","2025-12-30 22:45"
"-3.90","","-8.00","58","743","991","","","","1.40","","SSW","Небольшая облачность","2025-12-30 22:46"
"-3.90","","-8.00","58","743","991","","","","2.00","","SSW","Небольшая облачность","2025-12-30 22:47"
"-3.90","","-8.60","58","743","991","","","","2.20","","SSW","Небольшая облачность","2025-12-30 22:48"
"-3.90","","-8.60","58","743","991","","","","2.20","","SSW","Небольшая облачность","2025-12-30 22:49"
"-4.00","","-8.70","58","743","991","","","","2.20","","SSW","Небольшая облачность","2025-12-30 22:50"
"-4.00","","-8.70","58","744","992","","","","2.70","","SSW","Небольшая облачность","2025-12-30 22:51"
"-4.10","","-8.50","58","744","992","","","","1.80","","SSW","Небольшая облачность","2025-12-30 22:52"
"-4.10","","-8.80","58","744","992","","","","2.20","","SSW","Небольшая облачность","2025-12-30 22:53"
"-4.10","","-8.80","58","744","992","","","","3.00","","SSW","Небольшая облачность","2025-12-30 22:54"
"-4.10","","-8.40","58","744","992","","","","1.70","","SSW","Небольшая облачность","2025-12-30 22:55"
"-4.10","","-8.40","58","744","992","","","","1.70","","SSW","Небольшая облачность","2025-12-30 22:56"
"-4.10","","-9.70","58","744","992","","","","3.50","","SSW","Небольшая облачность","2025-12-30 22:57"
"-4.20","","-9.80","58","744","992","","","","3.50","","SSW","Небольшая облачность","2025-12-30 22:58"
"-4.20","","-9.80","58","744","992","","","","3.50","","SSW","Небольшая облачность","2025-12-30 22:59"
"-4.20","","-9.80","58","744","992","","","","3.50","13.00","SSW","Облачно","2025-12-30 23:00"
"-4.20","","-9.80","58","744","992","","","","3.50","13.00","SSW","Облачно","2025-12-30 23:01"
"-4.20","","-9.90","58","744","992","","","","3.60","13.00","SSW","Облачно","2025-12-30 23:02"
"-4.20","","-9.90","58","744","992","","","","3.60","13.00","SSW","Облачно","2025-12-30 23:03"
"-4.20","","-9.90","58","744","992","","","","3.60","13.00","SSW","Облачно","2025-12-30 23:04"
"-4.30","","-10.00","58","744","992","","","","3.60","13.00","SSW","Облачно","2025-12-30 23:05"
"-4.30","","-10.00","58","744","992","","","","3.60","","SSW","Облачно","2025-12-30 23:06"
"-4.40","","-10.10","58","744","992","","","","6.00","","SSW","Облачно","2025-12-30 23:07"
"-4.40","","-11.80","58","744","992","","","","6.00","","SSW","Облачно","2025-12-30 23:08"
"-4.40","","-11.80","58","744","992","","","","6.00","","SSW","Облачно","2025-12-30 23:09"
"-4.40","","-11.80","58","744","992","","","","6.00","","SSW","Облачно","2025-12-30 23:10"
"-4.40","","-11.80","58","744","992","","","","6.00","","SSW","Облачно","2025-12-30 23:11"
"-4.50","","-11.90","58","744","992","","","","6.00","","SSW","Облачно","2025-12-30 23:12"
"-4.50","","-11.90","58","744","992","","","","4.80","","SSW","Облачно","2025-12-30 23:13"
"-4.50","","-11.00","58","744","992","","","","4.80","","SSW","Облачно","2025-12-30 23:14"
"-4.50","","-10.60","58","744","992","","","","4.20","","SSW","Облачно","2025-12-30 23:15"
"-4.50","","-10.20","58","744","992","","","","3.30","","SSW","Облачно","2025-12-30 23:16"
"-4.50","","-10.00","58","744","992","","","","3.30","","SSW","Облачно","2025-12-30 23:17"
"-4.50","","-10.00","58","744","992","","","","3.30","","SSW","Облачно","2025-12-30 23:18"
"-4.60","","-10.10","58","744","992","","","","3.30","","SSW","Облачно","2025-12-30 23:19"
"-4.60","","-10.10","58","744","992","","","","3.30","","SSW","Облачно","2025-12-30 23:20"
"-4.60","","-10.10","58","744","992","","","","3.30","","SSW","Облачно","2025-12-30 23:21"
"-4.60","","-10.50","58","744","992","","","","3.90","","SSW","Облачно","2025-12-30 23:22"
"-4.60","","-10.50","58","744","992","","","","2.10","","SSW","Облачно","2025-12-30 23:23"
"-4.60","","-9.20","58","744","992","","","","2.10","","SSW","Облачно","2025-12-30 23:24"
"-4.60","","-9.20","58","744","992","","","","2.00","","SSW","Облачно","2025-12-30 23:25"
"-4.70","","-9.70","57","744","992","","","","2.60","","SSW","Облачно","2025-12-30 23:26"
"-4.70","","-9.70","57","744","992","","","","2.60","","SSW","Облачно","2025-12-30 23:27"
"-4.70","","-8.60","57","744","992","","","","1.00","","SSW","Облачно","2025-12-30 23:28"
"-4.70","","-8.60","57","744","992","","","","1.00","","SSW","Облачно","2025-12-30 23:29"
"-4.80","","-10.00","57","744","992","","","","3.00","","SSW","Облачно","2025-12-30 23:30"
"-4.80","","-10.10","57","744","992","","","","3.00","","SSW","Облачно","2025-12-30 23:31"
"-4.80","","-10.10","57","744","992","","","","3.00","","SSW","Облачно","2025-12-30 23:32"
"-4.90","","-10.20","57","744","992","","","","4.40","","SSW","Облачно","2025-12-30 23:33"
"-4.90","","-10.20","57","744","992","","","","4.40","","SSW","Облачно","2025-12-30 23:34"
"-4.90","","-11.20","56","744","992","","","","4.40","","SSW","Облачно","2025-12-30 23:35"
"-4.90","","-11.20","56","744","993","","","","3.80","","SSW","Облачно","2025-12-30 23:36"
"-5.00","","-10.90","56","744","993","","","","3.00","","SSW","Облачно","2025-12-30 23:37"
"-5.00","","-10.40","56","744","993","","","","3.10","","SSW","Облачно","2025-12-30 23:38"
"-5.00","","-10.40","56","744","993","","","","3.10","","SSW","Облачно","2025-12-30 23:39"
"-5.00","","-9.50","56","744","993","","","","1.80","","SSW","Облачно","2025-12-30 23:40"
"-5.10","","-10.00","56","744","993","","","","1.50","","SSW","Облачно","2025-12-30 23:41"
"-5.10","","-9.40","56","744","993","","","","1.50","","SSW","Облачно","2025-12-30 23:42"
"-5.10","","-9.40","56","744","993","","","","1.50","","SSW","Облачно","2025-12-30 23:43"
"-5.10","","-9.90","56","744","993","","","","2.20","","SSW","Облачно","2025-12-30 23:44"
"-5.20","","-10.00","56","744","993","","","","2.20","","SSW","Облачно","2025-12-30 23:45"
"-5.20","","-10.80","55","744","993","","","","3.30","","SSW","Облачно","2025-12-30 23:46"
"-5.20","","-11.20","55","744","993","","","","3.90","","SSW","Облачно","2025-12-30 23:47"
"-5.20","","-10.80","55","744","993","","","","3.40","","SSW","Облачно","2025-12-30 23:48"
"-5.20","","-10.80","55","744","993","","","","3.90","","SSW","Облачно","2025-12-30 23:49"
"-5.20","","-11.20","55","744","993","","","","3.90","","SSW","Облачно","2025-12-30 23:50"
"-5.20","","-11.20","55","744","993","","","","3.10","","SSW","Облачно","2025-12-30 23:51"
"-5.20","","-11.20","55","744","993","","","","3.10","","SSW","Облачно","2025-12-30 23:52"
"-5.30","","-10.70","55","744","993","","","","3.10","","SW","Облачно","2025-12-30 23:53"
"-5.30","","-10.70","55","744","993","","","","3.00","","SW","Облачно","2025-12-30 23:54"
"-5.30","","-10.70","55","744","993","","","","3.00","","SW","Облачно","2025-12-30 23:55"
"-5.30","","-10.70","55","744","993","","","","3.00","","SW","Облачно","2025-12-30 23:56"
"-5.40","","-10.80","55","744","993","","","","3.00","","SW","Облачно","2025-12-30 23:57"
"-5.40","","-10.80","55","744","993","","","","2.90","","SW","Облачно","2025-12-30 23:58"
"-5.40","","-10.70","54","744","993","","","","2.90","","SW","Облачно","2025-12-30 23:59"