"Temp","Temp Water","Temp Feels Like","Humidity","Pressure Mm","Pressure Hpa","Precip Mm","Precip Type","Precip Intensity","Wind Speed Ms","Wind Gust Speed Ms","Wind Dir","Condition","Created At"
"1.40","","-1.30","70","768","1024","","","","0.40","","WNW","Небольшая облачность","2025-12-18 00:00"
"1.40","","-1.30","70","768","1024","","","","0.40","","WNW","Небольшая облачность","2025-12-18 00:01"
"1.40","","-1.30","70","768","1024","","","","0.00","","WNW","Небольшая облачность","2025-12-18 00:02"
"1.40","","-1.30","70","768","1024","","","","0.00","","WNW","Небольшая облачность","2025-12-18 00:03"
"1.40","","-1.10","69","768","1024","","","","0.40","","WNW","Небольшая облачность","2025-12-18 00:04"
"1.40","","-1.30","69","768","1024","","","","0.40","","WNW","Небольшая облачность","2025-12-18 00:05"
"1.40","","-1.30","69","768","1024","","","","0.50","","WNW","Небольшая облачность","2025-12-18 00:06"
"1.40","","-1.40","69","768","1024","","","","0.50","","WNW","Небольшая облачность","2025-12-18 00:07"
"1.40","","-1.10","69","768","1024","","","","0.00","","WNW","Небольшая облачность","2025-12-18 00:08"
"1.40","","-1.10","69","768","1024","","","","0.00","","WNW","Небольшая облачность","2025-12-18 00:09"
"1.40","","-1.10","69","768","1024","","","","0.00","","WNW","Небольшая облачность","2025-12-18 00:10"
"1.40","","-1.10","69","768","1024","","","","0.00","","WNW","Небольшая облачность","2025-12-18 00:11"
"1.40","","-1.10","69","768","1024","","","","0.40","","WNW","Небольшая облачность","2025-12-18 00:12"
"1.40","","-1.30","69","768","1024","","","","0.40","","WNW","Небольшая облачность","2025-12-18 00:13"
"1.30","","-1.60","69","768","1024","","","","0.60","","WNW","Небольшая облачность","2025-12-18 00:14"
"1.30","","-1.60","69","768","1024","","","","0.60","","WNW","Небольшая облачность","2025-12-18 00:15"
"1.30","","-1.50","69","768","1024","","","","0.50","","WNW","Небольшая облачность","2025-12-18 00:16"
"1.30","","-1.70","69","768","1024","","","","0.70","","WNW","Небольшая облачность","2025-12-18 00:17"
"1.30","","-1.70","69","768","1024","","","","0.70","","WNW","Небольшая облачность","2025-12-18 00:18"
"1.30","","-1.80","69","768","1024","","","","0.90","","WNW","Небольшая облачность","2025-12-18 00:19"
"1.30","","-1.80","69","768","1024","","","","0.90","","WNW","Небольшая облачность","2025-12-18 00:20"
"1.30","","-1.50","69","768","1024","","","","0.50","","WNW","Небольшая облачность","2025-12-18 00:21"
"1.30","","-1.20","69","768","1024","","","","0.00","","WNW","Небольшая облачность","2025-12-18 00:22"
"1.30","","-1.20","69","768","1024","","","","0.00","","WNW","Небольшая облачность","2025-12-18 00:23"
"1.30","","-1.20","69","768","1024","","","","0.00","","WNW","Небольшая облачность","2025-12-18 00:24"
"1.30","","-1.20","69","768","1024","","","","1.00","","WNW","Небольшая облачность","2025-12-18 00:25"
"1.30","","-1.90","69","768","1024","","","","0.40","","WNW","Небольшая облачность","2025-12-18 00:26"
"1.30","","-1.50","69","768","1024","","","","0.40","","WNW","Небольшая облачность","2025-12-18 00:27"
"1.30","","-1.50","69","768","1024","","","","0.40","","WNW","Небольшая облачность","2025-12-18 00:28"
"1.30","","-1.20","69","768","1024","","","","0.00","","WNW","Небольшая облачность","2025-12-18 00:29"
"1.30","","-1.20","69","768","1024","","","","0.00","","WNW","Небольшая облачность","2025-12-18 00:30"
"1.30","","-1.20","69","768","1024","","","","0.00","","WNW","Небольшая облачность","2025-12-18 00:31"
"1.30","","-1.20","69","768","1024","","","","0.00","","WNW","Небольшая облачность","2025-12-18 00:32"
"1.30","","-1.20","69","768","1024","","","","0.00","","WNW","Небольшая облачность","2025-12-18 00:33"
"1.30","","-1.20","69","768","1024","","","","0.00","","WNW","Небольшая облачность","2025-12-18 00:34"
"1.30","","-1.20","69","768","1024","","","","0.00","","WNW","Небольшая облачность","2025-12-18 00:35"
"1.30","","-1.20","69","768","1024","","","","0.00","","WNW","Небольшая облачность","2025-12-18 00:36"
"1.30","","-1.20","69","768","1024","","","","0.00","","WNW","Небольшая облачность","2025-12-18 00:37"
"1.30","","-1.70","69","768","1024","","","","0.70","","WNW","Небольшая облачность","2025-12-18 00:38"
"1.30","","-1.70","69","768","1024","","","","0.70","","WNW","Небольшая облачность","2025-12-18 00:39"
"1.30","","-1.50","69","768","1024","","","","0.60","","WNW","Небольшая облачность","2025-12-18 00:40"
"1.30","","-1.60","69","768","1024","","","","0.50","","WNW","Небольшая облачность","2025-12-18 00:41"
"1.30","","-1.50","69","768","1024","","","","0.60","","WNW","Небольшая облачность","2025-12-18 00:42"
"1.30","","-1.50","69","768","1024","","","","0.50","","WNW","Небольшая облачность","2025-12-18 00:43"
"1.30","","-1.20","69","768","1024","","","","0.00","","WNW","Небольшая облачность","2025-12-18 00:44"
"1.20","","-1.30","69","768","1024","","","","0.00","","WNW","Небольшая облачность","2025-12-18 00:45"
"1.20","","-1.30","69","768","1024","","","","0.00","","WNW","Небольшая облачность","2025-12-18 00:46"
"1.20","","-1.30","69","768","1024","","","","0.00","","WNW","Небольшая облачность","2025-12-18 00:47"
"1.20","","-1.30","69","768","1024","","","","0.00","","WNW","Небольшая облачность","2025-12-18 00:48"
"1.20","","-1.30","69","768","1024","","","","0.00","","WNW","Небольшая облачность","2025-12-18 00:49"
"1.20","","-1.30","69","768","1024","","","","0.00","","WNW","Небольшая облачность","2025-12-18 00:50"
"1.20","","-1.30","69","768","1024","","","","0.00","","WNW","Небольшая облачность","2025-12-18 00:51"
"1.20","","-1.60","69","768","1024","","","","0.40","","WNW","Небольшая облачность","2025-12-18 00:52"
"1.20","","-2.00","69","768","1024","","","","1.00","","WNW","Небольшая облачность","2025-12-18 00:53"
"1.20","","-2.30","69","768","1024","","","","1.50","","WNW","Небольшая облачность","2025-12-18 00:54"
"1.20","","-2.30","69","768","1024","","","","1.30","","WNW","Небольшая облачность","2025-12-18 00:55"
"1.20","","-2.20","69","768","1024","","","","1.30","","WNW","Небольшая облачность","2025-12-18 00:56"
"1.20","","-2.20","69","768","1024","","","","1.30","","WNW","Небольшая облачность","2025-12-18 00:57"
"1.20","","-2.20","69","768","1024","","","","1.30","","WNW","Небольшая облачность","2025-12-18 00:58"
"1.10","","-2.30","69","768","1024","","","","1.40","","WNW","Небольшая облачность","2025-12-18 00:59"
"1.10","","-2.40","69","768","1024","","","","1.40","","WNW","Небольшая облачность","2025-12-18 01:00"
"1.10","","-2.40","69","768","1024","","","","1.40","","WNW","Небольшая облачность","2025-12-18 01:01"
"1.20","","-2.00","69","768","1024","","","","1.00","","WNW","Небольшая облачность","2025-12-18 01:02"
"1.10","","-2.30","69","768","1024","","","","1.30","","WNW","Небольшая облачность","2025-12-18 01:03"
"1.10","","-2.30","69","768","1024","","","","1.20","","WNW","Небольшая облачность","2025-12-18 01:04"
"1.10","","-2.20","69","768","1024","","","","1.20","","WNW","Небольшая облачность","2025-12-18 01:05"
"1.10","","-2.20","69","768","1024","","","","1.20","","WNW","Облачно","2025-12-18 01:06"
"1.10","","-1.70","69","768","1024","","","","0.50","","WNW","Облачно","2025-12-18 01:07"
"1.10","","-2.20","69","768","1024","","","","1.10","","WNW","Облачно","2025-12-18 01:08"
"1.10","","-2.20","69","768","1024","","","","0.70","","WNW","Облачно","2025-12-18 01:09"
"1.10","","-1.90","69","768","1024","","","","0.70","","WNW","Облачно","2025-12-18 01:10"
"1.10","","-1.90","69","768","1024","","","","1.20","","WNW","Облачно","2025-12-18 01:11"
"1.10","","-2.20","69","768","1024","","","","1.20","","WNW","Облачно","2025-12-18 01:12"
"1.10","","-2.20","69","768","1024","","","","0.70","","WNW","Облачно","2025-12-18 01:13"
"1.00","","-1.80","69","768","1024","","","","0.40","","WNW","Облачно","2025-12-18 01:14"
"1.00","","-1.50","69","768","1024","","","","0.00","","WNW","Облачно","2025-12-18 01:15"
"1.00","","-1.50","69","768","1024","","","","0.00","","WNW","Облачно","2025-12-18 01:16"
"1.00","","-1.50","69","768","1024","","","","0.00","","WNW","Облачно","2025-12-18 01:17"
"1.00","","-2.10","69","768","1024","","","","1.30","","WNW","Облачно","2025-12-18 01:18"
"1.00","","-2.40","69","768","1024","","","","1.30","","WNW","Облачно","2025-12-18 01:19"
"1.00","","-2.40","69","768","1024","","","","1.40","","WNW","Облачно","2025-12-18 01:20"
"1.00","","-2.50","69","768","1024","","","","1.90","","WNW","Облачно","2025-12-18 01:21"
"0.90","","-2.70","69","768","1024","","","","1.50","","WNW","Облачно","2025-12-18 01:22"
"0.90","","-2.70","69","768","1024","","","","1.50","","WNW","Облачно","2025-12-18 01:23"
"0.90","","-2.70","69","768","1024","","","","1.50","","WNW","Облачно","2025-12-18 01:24"
"0.90","","-2.50","69","768","1024","","","","1.20","","WNW","Облачно","2025-12-18 01:25"
"0.90","","-2.50","69","768","1024","","","","0.40","","WNW","Облачно","2025-12-18 01:26"
"0.90","","-1.90","69","768","1024","","","","0.90","","WNW","Облачно","2025-12-18 01:27"
"0.90","","-2.20","69","768","1024","","","","0.60","","WNW","Облачно","2025-12-18 01:28"
"0.90","","-2.20","69","768","1024","","","","0.60","","WNW","Облачно","2025-12-18 01:29"
"0.90","","-2.00","69","768","1024","","","","0.50","","WNW","Облачно","2025-12-18 01:30"
"0.90","","-1.90","70","768","1024","","","","0.40","","WNW","Облачно","2025-12-18 01:31"
"0.90","","-1.90","70","768","1024","","","","0.40","","WNW","Облачно","2025-12-18 01:32"
"0.90","","-1.90","70","768","1024","","","","0.40","","WNW","Облачно","2025-12-18 01:33"
"0.90","","-2.40","70","768","1024","","","","1.10","","WNW","Облачно","2025-12-18 01:34"
"0.90","","-2.40","70","768","1024","","","","1.00","","WNW","Облачно","2025-12-18 01:35"
"0.90","","-2.30","70","767","1023","","","","0.90","","WNW","Облачно","2025-12-18 01:36"
"0.90","","-2.70","70","767","1023","","","","1.60","","WNW","Облачно","2025-12-18 01:37"
"0.90","","-2.50","70","767","1023","","","","1.30","","WNW","Облачно","2025-12-18 01:38"
"0.90","","-2.40","70","767","1023","","","","1.10","","WNW","Облачно","2025-12-18 01:39"
"0.90","","-2.40","70","767","1023","","","","1.10","","WNW","Облачно","2025-12-18 01:40"
"0.90","","-2.40","70","767","1023","","","","0.70","","WNW","Облачно","2025-12-18 01:41"
"0.90","","-1.90","70","767","1023","","","","0.40","","WNW","Облачно","2025-12-18 01:42"
"0.90","","-1.90","70","767","1023","","","","0.00","","WNW","Облачно","2025-12-18 01:43"
"0.90","","-1.90","70","767","1023","","","","0.40","","WNW","Облачно","2025-12-18 01:44"
"0.90","","-1.60","70","767","1023","","","","0.00","","WNW","Облачно","2025-12-18 01:45"
"0.90","","-1.90","70","767","1023","","","","0.40","","WNW","Облачно","2025-12-18 01:46"
"0.90","","-1.60","70","767","1023","","","","0.00","","WNW","Облачно","2025-12-18 01:47"
"0.90","","-1.60","70","767","1023","","","","0.00","","WNW","Облачно","2025-12-18 01:48"
"0.90","","-1.60","70","767","1023","","","","0.50","","WNW","Облачно","2025-12-18 01:49"
"0.90","","-1.90","70","767","1023","","","","0.40","","WNW","Облачно","2025-12-18 01:50"
"0.90","","-1.90","70","768","1024","","","","0.40","","WNW","Облачно","2025-12-18 01:51"
"0.90","","-1.60","70","768","1024","","","","0.00","","WNW","Облачно","2025-12-18 01:52"
"0.90","","-1.60","70","768","1024","","","","0.00","","WNW","Облачно","2025-12-18 01:53"
"0.90","","-2.20","70","768","1024","","","","0.90","","WNW","Облачно","2025-12-18 01:54"
"0.90","","-1.90","70","768","1024","","","","0.50","","WNW","Облачно","2025-12-18 01:55"
"0.90","","-1.90","70","768","1024","","","","1.00","","WNW","Облачно","2025-12-18 01:56"
"0.90","","-1.90","70","768","1024","","","","1.00","","WNW","Облачно","2025-12-18 01:57"
"0.90","","-2.10","70","768","1024","","","","1.00","","WNW","Облачно","2025-12-18 01:58"
"0.90","","-2.10","70","768","1024","","","","0.70","","WNW","Облачно","2025-12-18 01:59"
"0.90","","-2.10","70","768","1024","","","","0.70","","WNW","Облачно","2025-12-18 02:00"
"0.90","","-2.10","70","768","1024","","","","0.70","","WNW","Облачно","2025-12-18 02:01"
"0.90","","-2.10","70","768","1024","","","","0.70","","WNW","Облачно","2025-12-18 02:02"
"0.90","","-2.10","70","768","1024","","","","2.40","","WNW","Облачно","2025-12-18 02:03"
"0.90","","-2.10","70","768","1024","","","","2.40","","WNW","Облачно","2025-12-18 02:04"
"0.80","","-2.60","70","768","1024","","","","2.20","","WNW","Облачно","2025-12-18 02:05"
"0.80","","-3.20","70","768","1024","","","","0.40","","WNW","Облачно","2025-12-18 02:06"
"0.80","","-1.70","70","768","1024","","","","0.00","","WNW","Облачно","2025-12-18 02:07"
"0.80","","-1.70","70","768","1024","","","","0.00","","WNW","Облачно","2025-12-18 02:08"
"0.80","","-2.50","70","768","1024","","","","1.20","","WNW","Облачно","2025-12-18 02:09"
"0.80","","-2.50","70","768","1024","","","","1.20","","WNW","Облачно","2025-12-18 02:10"
"0.80","","-2.50","70","768","1024","","","","1.10","","WNW","Облачно","2025-12-18 02:11"
"0.80","","-2.50","70","768","1024","","","","0.40","","WNW","Облачно","2025-12-18 02:12"
"0.80","","-2.00","70","768","1024","","","","0.40","","WNW","Облачно","2025-12-18 02:13"
"0.80","","-2.00","70","768","1024","","","","0.40","","WNW","Облачно","2025-12-18 02:14"
"0.70","","-1.80","70","768","1024","","","","0.00","","WNW","Облачно","2025-12-18 02:15"
"0.70","","-1.80","70","768","1024","","","","0.00","","WNW","Облачно","2025-12-18 02:16"
"0.70","","-2.20","70","768","1024","","","","0.50","","WNW","Облачно","2025-12-18 02:17"
"0.70","","-2.20","70","768","1024","","","","0.00","","WNW","Облачно","2025-12-18 02:18"
"0.70","","-2.20","70","768","1024","","","","0.00","","WNW","Облачно","2025-12-18 02:19"
"0.70","","-2.10","70","768","1024","","","","0.90","","WNW","Облачно","2025-12-18 02:20"
"0.70","","-2.10","70","768","1024","","","","0.90","","WNW","Облачно","2025-12-18 02:21"
"0.70","","-1.80","70","768","1024","","","","0.40","","WNW","Облачно","2025-12-18 02:22"
"0.70","","-1.80","70","768","1024","","","","0.40","","WNW","Облачно","2025-12-18 02:23"
"0.70","","-1.80","70","768","1024","","","","0.00","","WNW","Облачно","2025-12-18 02:24"
"0.70","","-1.80","70","768","1024","","","","0.00","","WNW","Облачно","2025-12-18 02:25"
"0.70","","-1.80","70","768","1024","","","","1.30","","WNW","Облачно","2025-12-18 02:26"
"0.70","","-2.70","71","768","1024","","","","1.00","","WNW","Облачно","2025-12-18 02:27"
"0.70","","-2.50","71","768","1024","","","","0.60","","WNW","Облачно","2025-12-18 02:28"
"0.70","","-2.20","71","768","1024","","","","0.50","","WNW","Облачно","2025-12-18 02:29"
"0.70","","-2.10","71","768","1024","","","","0.60","","WNW","Облачно","2025-12-18 02:30"
"0.70","","-2.20","71","768","1024","","","","0.50","","WNW","Облачно","2025-12-18 02:31"
"0.70","","-2.10","71","768","1024","","","","0.40","","WNW","Облачно","2025-12-18 02:32"
"0.70","","-2.30","71","768","1024","","","","0.70","","WNW","Облачно","2025-12-18 02:33"
"0.70","","-2.30","71","768","1024","","","","0.70","","WNW","Облачно","2025-12-18 02:34"
"0.70","","-2.40","71","768","1024","","","","0.90","","WNW","Облачно","2025-12-18 02:35"
"0.70","","-1.80","71","768","1024","","","","0.60","","WNW","Облачно","2025-12-18 02:36"
"0.70","","-2.20","71","768","1024","","","","0.40","","WNW","Облачно","2025-12-18 02:37"
"0.70","","-2.20","71","768","1024","","","","0.40","","WNW","Облачно","2025-12-18 02:38"
"0.70","","-2.10","71","768","1024","","","","0.50","","WNW","Облачно","2025-12-18 02:39"
"0.70","","-2.10","71","768","1024","","","","0.50","","WNW","Облачно","2025-12-18 02:40"
"0.70","","-2.10","71","768","1024","","","","0.50","","WNW","Облачно","2025-12-18 02:41"
"0.70","","-2.60","71","768","1024","","","","0.90","","WNW","Облачно","2025-12-18 02:42"
"0.70","","-2.40","71","768","1024","","","","0.70","","WNW","Облачно","2025-12-18 02:43"
"0.70","","-2.30","71","768","1024","","","","0.00","","WNW","Облачно","2025-12-18 02:44"
"0.70","","-1.80","71","768","1024","","","","0.40","","WNW","Облачно","2025-12-18 02:45"
"0.70","","-2.10","71","768","1024","","","","0.00","","WNW","Облачно","2025-12-18 02:46"
"0.70","","-2.10","72","768","1024","","","","0.40","","WNW","Облачно","2025-12-18 02:47"
"0.70","","-2.20","72","768","1024","","","","0.60","","WNW","Облачно","2025-12-18 02:48"
"0.70","","-2.20","72","768","1024","","","","0.60","","WNW","Облачно","2025-12-18 02:49"
"0.60","","-2.70","72","768","1024","","","","1.10","","WNW","Облачно","2025-12-18 02:50"
"0.60","","-2.60","72","768","1024","","","","1.20","","WNW","Облачно","2025-12-18 02:51"
"0.60","","-2.70","72","768","1024","","","","1.20","","WNW","Облачно","2025-12-18 02:52"
"0.60","","-2.70","72","768","1024","","","","0.90","","WNW","Облачно","2025-12-18 02:53"
"0.60","","-2.20","72","768","1024","","","","0.40","","WNW","Облачно","2025-12-18 02:54"
"0.70","","-2.10","72","768","1024","","","","0.40","","WNW","Облачно","2025-12-18 02:55"
"0.60","","-2.60","72","768","1024","","","","1.00","","WNW","Облачно","2025-12-18 02:56"
"0.60","","-3.10","72","768","1024","","","","0.60","","WNW","Облачно","2025-12-18 02:57"
"0.60","","-2.30","72","768","1024","","","","0.50","","WNW","Облачно","2025-12-18 02:58"
"0.60","","-2.20","72","768","1024","","","","0.50","","WNW","Облачно","2025-12-18 02:59"
"0.60","","-2.20","72","768","1024","","","","0.50","","WNW","Облачно","2025-12-18 03:00"
"0.60","","-3.30","72","768","1024","","","","1.00","","WNW","Облачно","2025-12-18 03:01"
"0.60","","-2.20","72","768","1024","","","","0.50","","WNW","Облачно","2025-12-18 03:02"
"0.60","","-2.80","72","768","1024","","","","1.30","","WNW","Облачно","2025-12-18 03:03"
"0.60","","-2.80","72","768","1024","","","","1.30","","WNW","Облачно","2025-12-18 03:04"
"0.60","","-2.80","72","768","1024","","","","0.60","","WNW","Облачно","2025-12-18 03:05"
"0.60","","-2.30","72","767","1023","","","","1.00","","W","Облачно","2025-12-18 03:06"
"0.60","","-2.30","72","767","1023","","","","1.00","","W","Облачно","2025-12-18 03:07"
"0.60","","-2.20","72","767","1023","","","","0.50","","W","Облачно","2025-12-18 03:08"
"0.60","","-2.20","72","767","1023","","","","0.50","","W","Облачно","2025-12-18 03:09"
"0.60","","-2.70","72","767","1023","","","","1.20","","W","Облачно","2025-12-18 03:10"
"0.50","","-2.80","72","767","1023","","","","1.10","","W","Облачно","2025-12-18 03:11"
"0.50","","-2.80","72","767","1023","","","","1.10","","W","Облачно","2025-12-18 03:12"
"0.50","","-2.80","72","767","1023","","","","1.10","","W","Облачно","2025-12-18 03:13"
"0.50","","-2.30","72","767","1023","","","","0.50","","W","Облачно","2025-12-18 03:14"
"0.50","","-2.30","72","767","1023","","","","0.40","","W","Облачно","2025-12-18 03:15"
"0.50","","-2.30","72","767","1023","","","","0.40","","W","Облачно","2025-12-18 03:16"
"0.50","","-2.50","72","767","1023","","","","0.70","","W","Облачно","2025-12-18 03:17"
"0.50","","-2.60","72","767","1023","","","","0.90","","W","Облачно","2025-12-18 03:18"
"0.50","","-2.60","72","767","1023","","","","0.90","","W","Облачно","2025-12-18 03:19"
"0.50","","-2.00","72","767","1023","","","","0.00","","W","Облачно","2025-12-18 03:20"
"0.50","","-2.00","72","767","1023","","","","0.00","","W","Облачно","2025-12-18 03:21"
"0.50","","-2.40","72","768","1024","","","","0.60","","W","Облачно","2025-12-18 03:22"
"0.50","","-2.40","72","768","1024","","","","1.40","","W","Облачно","2025-12-18 03:23"
"0.50","","-2.40","72","768","1024","","","","1.40","","W","Облачно","2025-12-18 03:24"
"0.50","","-3.00","72","768","1024","","","","1.40","","W","Облачно","2025-12-18 03:25"
"0.50","","-3.10","72","768","1024","","","","1.60","","W","Облачно","2025-12-18 03:26"
"0.50","","-3.10","72","768","1024","","","","1.60","","W","Облачно","2025-12-18 03:27"
"0.50","","-2.80","72","768","1024","","","","1.10","","W","Облачно","2025-12-18 03:28"
"0.40","","-2.90","73","768","1024","","","","1.10","","W","Облачно","2025-12-18 03:29"
"0.40","","-2.90","73","768","1024","","","","1.10","","W","Облачно","2025-12-18 03:30"
"0.40","","-2.90","73","768","1024","","","","1.80","","W","Облачно","2025-12-18 03:31"
"0.40","","-3.30","73","768","1024","","","","1.70","","W","Облачно","2025-12-18 03:32"
"0.40","","-3.30","73","768","1024","","","","1.70","","W","Облачно","2025-12-18 03:33"
"0.40","","-3.30","73","768","1024","","","","1.70","","W","Облачно","2025-12-18 03:34"
"0.40","","-3.30","73","768","1024","","","","1.70","","W","Облачно","2025-12-18 03:35"
"0.40","","-3.30","73","768","1024","","","","1.70","","W","Небольшая облачность","2025-12-18 03:36"
"0.50","","-2.90","73","768","1024","","","","1.20","","W","Небольшая облачность","2025-12-18 03:37"
"0.50","","-2.70","73","768","1024","","","","1.10","","W","Небольшая облачность","2025-12-18 03:38"
"0.50","","-2.70","73","768","1024","","","","1.10","","W","Небольшая облачность","2025-12-18 03:39"
"0.50","","-2.70","73","768","1024","","","","1.40","","W","Небольшая облачность","2025-12-18 03:40"
"0.50","","-3.00","73","768","1024","","","","1.40","","W","Небольшая облачность","2025-12-18 03:41"
"0.50","","-3.00","73","768","1024","","","","1.40","","W","Небольшая облачность","2025-12-18 03:42"
"0.50","","-3.00","73","768","1024","","","","1.40","","W","Небольшая облачность","2025-12-18 03:43"
"0.50","","-3.00","73","768","1024","","","","1.50","","W","Небольшая облачность","2025-12-18 03:44"
"0.40","","-3.10","73","768","1024","","","","1.50","","W","Небольшая облачность","2025-12-18 03:45"
"0.40","","-3.10","73","768","1024","","","","0.60","","W","Небольшая облачность","2025-12-18 03:46"
"0.40","","-3.10","73","768","1024","","","","0.60","","W","Небольшая облачность","2025-12-18 03:47"
"0.40","","-2.50","73","768","1024","","","","0.60","","W","Небольшая облачность","2025-12-18 03:48"
"0.40","","-2.50","73","768","1024","","","","1.30","","W","Небольшая облачность","2025-12-18 03:49"
"0.50","","-2.90","73","768","1024","","","","1.30","","W","Небольшая облачность","2025-12-18 03:50"
"0.50","","-2.30","73","768","1024","","","","0.40","","W","Небольшая облачность","2025-12-18 03:51"
"0.40","","-2.30","74","768","1024","","","","0.60","","W","Небольшая облачность","2025-12-18 03:52"
"0.50","","-2.40","73","768","1024","","","","0.40","","W","Небольшая облачность","2025-12-18 03:53"
"0.50","","-2.30","73","768","1024","","","","0.40","","W","Небольшая облачность","2025-12-18 03:54"
"0.40","","-2.50","74","768","1024","","","","0.60","","W","Небольшая облачность","2025-12-18 03:55"
"0.40","","-2.50","74","768","1024","","","","0.60","","W","Небольшая облачность","2025-12-18 03:56"
"0.40","","-2.50","74","768","1024","","","","0.60","","W","Небольшая облачность","2025-12-18 03:57"
"0.40","","-2.50","74","768","1024","","","","0.60","","W","Небольшая облачность","2025-12-18 03:58"
"0.50","","-2.30","73","768","1024","","","","0.50","","W","Небольшая облачность","2025-12-18 03:59"
"0.40","","-2.40","74","768","1024","","","","1.20","","W","Небольшая облачность","2025-12-18 04:00"
"0.40","","-2.90","74","768","1024","","","","0.90","","W","Небольшая облачность","2025-12-18 04:01"
"0.40","","-2.60","74","768","1024","","","","0.70","","W","Небольшая облачность","2025-12-18 04:02"
"0.40","","-2.60","74","768","1024","","","","0.70","","W","Небольшая облачность","2025-12-18 04:03"
"0.40","","-2.60","74","768","1024","","","","0.70","","W","Небольшая облачность","2025-12-18 04:04"
"0.50","","-2.30","73","768","1024","","","","0.70","","W","Небольшая облачность","2025-12-18 04:05"
"0.50","","-2.50","73","768","1024","","","","1.00","","W","Небольшая облачность","2025-12-18 04:06"
"0.50","","-2.50","73","768","1024","","","","1.00","","W","Небольшая облачность","2025-12-18 04:07"
"0.50","","-2.50","73","768","1024","","","","0.50","","W","Небольшая облачность","2025-12-18 04:08"
"0.50","","-2.30","73","768","1024","","","","0.50","","W","Небольшая облачность","2025-12-18 04:09"
"0.50","","-2.40","73","768","1024","","","","0.60","","W","Небольшая облачность","2025-12-18 04:10"
"0.50","","-2.30","73","768","1024","","","","0.50","","W","Небольшая облачность","2025-12-18 04:11"
"0.50","","-2.30","73","768","1024","","","","0.50","","W","Небольшая облачность","2025-12-18 04:12"
"0.50","","-2.30","73","768","1024","","","","0.50","","W","Небольшая облачность","2025-12-18 04:13"
"0.50","","-2.30","74","768","1024","","","","0.60","","W","Небольшая облачность","2025-12-18 04:14"
"0.50","","-2.40","73","768","1024","","","","0.50","","W","Небольшая облачность","2025-12-18 04:15"
"0.50","","-2.40","73","768","1024","","","","0.50","","W","Небольшая облачность","2025-12-18 04:16"
"0.50","","-2.40","73","768","1024","","","","0.50","","W","Небольшая облачность","2025-12-18 04:17"
"0.50","","-2.30","73","768","1024","","","","0.50","","W","Небольшая облачность","2025-12-18 04:18"
"0.50","","-2.30","73","768","1024","","","","0.90","","W","Небольшая облачность","2025-12-18 04:19"
"0.50","","-2.60","73","768","1024","","","","0.40","","W","Небольшая облачность","2025-12-18 04:20"
"0.50","","-2.60","73","768","1024","","","","0.40","","W","Небольшая облачность","2025-12-18 04:21"
"0.50","","-2.60","73","768","1024","","","","0.40","","W","Небольшая облачность","2025-12-18 04:22"
"0.40","","-2.60","74","768","1024","","","","0.90","","W","Небольшая облачность","2025-12-18 04:23"
"0.50","","-2.60","73","768","1024","","","","0.70","","W","Небольшая облачность","2025-12-18 04:24"
"0.50","","-2.40","74","768","1024","","","","0.70","","W","Небольшая облачность","2025-12-18 04:25"
"0.50","","-2.40","74","768","1024","","","","0.50","","W","Небольшая облачность","2025-12-18 04:26"
"0.50","","-2.30","74","768","1024","","","","0.50","","W","Небольшая облачность","2025-12-18 04:27"
"0.50","","-2.30","74","768","1024","","","","0.50","","W","Небольшая облачность","2025-12-18 04:28"
"0.50","","-2.40","74","768","1024","","","","0.40","","W","Небольшая облачность","2025-12-18 04:29"
"0.50","","-2.20","74","768","1024","","","","0.50","","W","Небольшая облачность","2025-12-18 04:30"
"0.50","","-2.30","74","768","1024","","","","0.50","","W","Небольшая облачность","2025-12-18 04:31"
"0.50","","-2.30","74","768","1024","","","","0.50","","W","Небольшая облачность","2025-12-18 04:32"
"0.40","","-2.60","74","768","1024","","","","0.70","","W","Небольшая облачность","2025-12-18 04:33"
"0.40","","-2.80","74","768","1024","","","","1.00","","W","Небольшая облачность","2025-12-18 04:34"
"0.40","","-2.80","74","768","1024","","","","1.00","","W","Небольшая облачность","2025-12-18 04:35"
"0.40","","-2.80","74","768","1024","","","","0.70","","W","Облачно","2025-12-18 04:36"
"0.40","","-2.80","74","768","1024","","","","1.00","","W","Облачно","2025-12-18 04:37"
"0.40","","-2.80","74","768","1024","","","","0.90","","W","Облачно","2025-12-18 04:38"
"0.40","","-2.80","74","768","1024","","","","0.90","","W","Облачно","2025-12-18 04:39"
"0.40","","-2.70","74","768","1024","","","","1.20","","W","Облачно","2025-12-18 04:40"
"0.40","","-2.70","74","768","1024","","","","1.20","","W","Облачно","2025-12-18 04:41"
"0.40","","-2.90","74","768","1024","","","","1.20","","W","Облачно","2025-12-18 04:42"
"0.40","","-2.80","74","768","1024","","","","1.00","","W","Облачно","2025-12-18 04:43"
"0.40","","-2.80","74","768","1024","","","","1.10","","W","Облачно","2025-12-18 04:44"
"0.40","","-2.80","74","768","1024","","","","1.10","","W","Облачно","2025-12-18 04:45"
"0.40","","-2.80","74","768","1024","","","","1.80","","W","Облачно","2025-12-18 04:46"
"0.40","","-2.80","74","768","1024","","","","1.80","","W","Облачно","2025-12-18 04:47"
"0.40","","-3.30","74","768","1024","","","","1.80","","W","Облачно","2025-12-18 04:48"
"0.30","","-3.40","74","768","1024","","","","1.80","","W","Облачно","2025-12-18 04:49"
"0.30","","-4.00","74","768","1024","","","","2.60","","W","Облачно","2025-12-18 04:50"
"0.30","","-3.30","74","768","1024","","","","1.60","","W","Облачно","2025-12-18 04:51"
"0.30","","-3.30","74","768","1024","","","","1.60","","W","Облачно","2025-12-18 04:52"
"0.30","","-3.30","74","768","1024","","","","1.60","","W","Облачно","2025-12-18 04:53"
"0.30","","-3.30","73","768","1024","","","","1.60","","W","Облачно","2025-12-18 04:54"
"0.30","","-3.30","73","768","1024","","","","1.60","","W","Облачно","2025-12-18 04:55"
"0.20","","-4.20","73","768","1024","","","","2.70","","W","Облачно","2025-12-18 04:56"
"0.20","","-3.80","73","768","1024","","","","2.20","","W","Облачно","2025-12-18 04:57"
"0.20","","-3.80","73","768","1024","","","","2.20","","W","Облачно","2025-12-18 04:58"
"0.20","","-3.80","73","768","1024","","","","2.20","","W","Облачно","2025-12-18 04:59"
"0.20","","-3.60","73","768","1024","","","","2.80","","W","Облачно","2025-12-18 05:00"
"0.20","","-4.30","73","768","1024","","","","2.10","","W","Облачно","2025-12-18 05:01"
"0.20","","-3.80","74","768","1024","","","","2.10","","W","Облачно","2025-12-18 05:02"
"0.20","","-3.50","74","768","1024","","","","1.80","","W","Облачно","2025-12-18 05:03"
"0.20","","-4.00","74","768","1024","","","","2.50","","W","Облачно","2025-12-18 05:04"
"0.20","","-4.00","74","768","1024","","","","2.10","","W","Облачно","2025-12-18 05:05"
"0.20","","-3.80","74","767","1023","","","","2.50","","W","Облачно","2025-12-18 05:06"
"0.20","","-4.00","74","767","1023","","","","2.00","","W","Облачно","2025-12-18 05:07"
"0.20","","-4.00","74","767","1023","","","","1.80","","W","Облачно","2025-12-18 05:08"
"0.20","","-3.50","74","767","1023","","","","1.80","","W","Облачно","2025-12-18 05:09"
"0.20","","-3.50","74","767","1023","","","","1.80","","W","Облачно","2025-12-18 05:10"
"0.20","","-3.00","74","767","1023","","","","0.90","","W","Облачно","2025-12-18 05:11"
"0.20","","-3.00","74","767","1023","","","","0.90","","W","Облачно","2025-12-18 05:12"
"0.20","","-3.00","74","767","1023","","","","0.90","","W","Облачно","2025-12-18 05:13"
"0.20","","-2.90","74","767","1023","","","","0.90","","W","Облачно","2025-12-18 05:14"
"0.20","","-2.90","74","767","1023","","","","0.90","","W","Облачно","2025-12-18 05:15"
"0.20","","-2.90","74","767","1023","","","","0.90","","W","Облачно","2025-12-18 05:16"
"0.20","","-2.90","74","767","1023","","","","0.90","","W","Облачно","2025-12-18 05:17"
"0.20","","-2.80","74","767","1023","","","","0.70","","W","Облачно","2025-12-18 05:18"
"0.20","","-2.80","74","767","1023","","","","0.70","","W","Облачно","2025-12-18 05:19"
"0.20","","-3.00","74","767","1023","","","","1.00","","W","Облачно","2025-12-18 05:20"
"0.20","","-3.00","74","768","1024","","","","1.00","","W","Облачно","2025-12-18 05:21"
"0.20","","-3.00","74","768","1024","","","","0.90","","W","Облачно","2025-12-18 05:22"
"0.10","","-3.00","74","768","1024","","","","0.90","","W","Облачно","2025-12-18 05:23"
"0.10","","-3.00","74","768","1024","","","","0.40","","W","Облачно","2025-12-18 05:24"
"0.20","","-2.60","74","768","1024","","","","0.40","","W","Облачно","2025-12-18 05:25"
"0.20","","-2.60","74","768","1024","","","","1.90","","W","Облачно","2025-12-18 05:26"
"0.20","","-3.30","74","768","1024","","","","1.40","","W","Облачно","2025-12-18 05:27"
"0.20","","-3.30","74","768","1024","","","","1.10","","W","Облачно","2025-12-18 05:28"
"0.20","","-3.10","74","768","1024","","","","0.50","","W","Облачно","2025-12-18 05:29"
"0.20","","-3.10","74","768","1024","","","","0.60","","W","Облачно","2025-12-18 05:30"
"0.20","","-2.70","74","768","1024","","","","0.40","","W","Облачно","2025-12-18 05:31"
"0.20","","-2.50","75","768","1024","","","","0.60","","W","Облачно","2025-12-18 05:32"
"0.20","","-2.80","75","768","1024","","","","0.70","","W","Облачно","2025-12-18 05:33"
"0.20","","-2.80","75","768","1024","","","","0.60","","W","Облачно","2025-12-18 05:34"
"0.20","","-2.80","75","768","1024","","","","0.50","","W","Облачно","2025-12-18 05:35"
"0.20","","-2.60","75","768","1024","","","","0.50","","W","Облачно","2025-12-18 05:36"
"0.20","","-3.20","75","768","1024","","","","2.00","","W","Облачно","2025-12-18 05:37"
"0.20","","-3.70","75","768","1024","","","","2.00","","W","Облачно","2025-12-18 05:38"
"0.20","","-3.40","75","768","1024","","","","0.90","","W","Облачно","2025-12-18 05:39"
"0.20","","-2.90","75","768","1024","","","","0.90","","W","Облачно","2025-12-18 05:40"
"0.20","","-2.90","75","768","1024","","","","0.60","","W","Облачно","2025-12-18 05:41"
"0.20","","-2.90","75","768","1024","","","","0.90","","W","Облачно","2025-12-18 05:42"
"0.20","","-2.90","75","768","1024","","","","0.90","","W","Облачно","2025-12-18 05:43"
"0.20","","-2.90","75","768","1024","","","","0.70","","W","Облачно","2025-12-18 05:44"
"0.20","","-2.80","75","768","1024","","","","1.00","","W","Облачно","2025-12-18 05:45"
"0.20","","-3.00","75","768","1024","","","","0.70","","W","Облачно","2025-12-18 05:46"
"0.20","","-2.80","75","768","1024","","","","0.50","","W","Облачно","2025-12-18 05:47"
"0.20","","-3.40","75","768","1024","","","","1.60","","W","Облачно","2025-12-18 05:48"
"0.20","","-3.40","75","768","1024","","","","1.60","","W","Облачно","2025-12-18 05:49"
"0.20","","-3.90","75","768","1024","","","","0.90","","W","Облачно","2025-12-18 05:50"
"0.20","","-2.90","75","768","1024","","","","1.50","","W","Облачно","2025-12-18 05:51"
"0.20","","-3.30","75","768","1024","","","","1.70","","W","Облачно","2025-12-18 05:52"
"0.20","","-3.30","75","768","1024","","","","2.10","","W","Облачно","2025-12-18 05:53"
"0.20","","-3.70","75","768","1024","","","","0.50","","W","Облачно","2025-12-18 05:54"
"0.30","","-3.30","75","768","1024","","","","1.60","","W","Облачно","2025-12-18 05:55"
"0.30","","-3.30","75","768","1024","","","","0.50","","W","Облачно","2025-12-18 05:56"
"0.30","","-2.50","75","768","1024","","","","1.00","","W","Облачно","2025-12-18 05:57"
"0.30","","-2.50","75","768","1024","","","","0.60","","W","Облачно","2025-12-18 05:58"
"0.30","","-2.50","75","768","1024","","","","0.60","","W","Облачно","2025-12-18 05:59"
"0.30","","-2.60","75","768","1024","","","","0.40","","W","Облачно","2025-12-18 06:00"
"0.30","","-2.40","75","768","1024","","","","0.40","","W","Облачно","2025-12-18 06:01"
"0.30","","-2.40","75","768","1024","","","","0.40","","W","Облачно","2025-12-18 06:02"
"0.30","","-4.10","75","768","1024","","","","2.80","","W","Облачно","2025-12-18 06:03"
"0.30","","-3.60","75","768","1024","","","","2.00","","W","Облачно","2025-12-18 06:04"
"0.30","","-3.60","75","768","1024","","","","2.40","","W","Облачно","2025-12-18 06:05"
"0.30","","-3.60","75","768","1024","","","","2.40","","W","Небольшая облачность","2025-12-18 06:06"
"0.30","","-3.80","75","767","1023","","","","1.60","","W","Небольшая облачность","2025-12-18 06:07"
"0.30","","-3.30","75","767","1023","","","","0.60","","W","Небольшая облачность","2025-12-18 06:08"
"0.30","","-3.30","75","767","1023","","","","1.30","","W","Небольшая облачность","2025-12-18 06:09"
"0.30","","-2.90","75","767","1023","","","","1.00","","W","Небольшая облачность","2025-12-18 06:10"
"0.30","","-2.90","75","767","1023","","","","1.00","","W","Небольшая облачность","2025-12-18 06:11"
"0.40","","-2.40","76","767","1023","","","","0.50","","W","Небольшая облачность","2025-12-18 06:12"
"0.40","","-2.40","76","767","1023","","","","0.60","","W","Небольшая облачность","2025-12-18 06:13"
"0.40","","-2.40","76","767","1023","","","","0.60","","W","Небольшая облачность","2025-12-18 06:14"
"0.30","","-2.60","76","767","1023","","","","2.00","","W","Небольшая облачность","2025-12-18 06:15"
"0.30","","-2.60","76","767","1023","","","","2.00","","W","Небольшая облачность","2025-12-18 06:16"
"0.40","","-3.40","76","767","1023","","","","0.50","","W","Небольшая облачность","2025-12-18 06:17"
"0.40","","-3.40","76","767","1023","","","","0.70","","W","Небольшая облачность","2025-12-18 06:18"
"0.40","","-3.40","76","767","1023","","","","0.70","","W","Небольшая облачность","2025-12-18 06:19"
"0.40","","-3.40","76","767","1023","","","","0.70","","W","Небольшая облачность","2025-12-18 06:20"
"0.40","","-3.40","76","768","1024","","","","0.50","","W","Небольшая облачность","2025-12-18 06:21"
"0.40","","-3.40","76","768","1024","","","","1.00","","W","Небольшая облачность","2025-12-18 06:22"
"0.40","","-2.70","76","768","1024","","","","0.60","","W","Небольшая облачность","2025-12-18 06:23"
"0.40","","-2.40","76","768","1024","","","","0.50","","W","Небольшая облачность","2025-12-18 06:24"
"0.40","","-2.40","76","768","1024","","","","0.60","","W","Небольшая облачность","2025-12-18 06:25"
"0.40","","-2.40","76","768","1024","","","","0.60","","W","Небольшая облачность","2025-12-18 06:26"
"0.40","","-2.90","76","768","1024","","","","1.30","","W","Небольшая облачность","2025-12-18 06:27"
"0.40","","-3.40","76","768","1024","","","","1.90","","W","Небольшая облачность","2025-12-18 06:28"
"0.40","","-3.40","76","768","1024","","","","1.70","","W","Небольшая облачность","2025-12-18 06:29"
"0.40","","-3.20","76","768","1024","","","","2.40","","W","Небольшая облачность","2025-12-18 06:30"
"0.40","","-3.70","76","768","1024","","","","2.40","","W","Небольшая облачность","2025-12-18 06:31"
"0.40","","-3.70","76","768","1024","","","","1.20","","W","Небольшая облачность","2025-12-18 06:32"
"0.40","","-2.00","76","768","1024","","","","0.00","","W","Небольшая облачность","2025-12-18 06:33"
"0.40","","-2.30","76","768","1024","","","","0.40","","W","Небольшая облачность","2025-12-18 06:34"
"0.40","","-2.40","76","768","1024","","","","0.60","","W","Небольшая облачность","2025-12-18 06:35"
"0.40","","-2.40","76","768","1024","","","","0.60","","W","Небольшая облачность","2025-12-18 06:36"
"0.40","","-2.30","76","767","1023","","","","1.20","","W","Небольшая облачность","2025-12-18 06:37"
"0.40","","-2.30","76","767","1023","","","","1.20","","W","Небольшая облачность","2025-12-18 06:38"
"0.40","","-2.80","76","767","1023","","","","0.60","","W","Небольшая облачность","2025-12-18 06:39"
"0.40","","-2.40","76","767","1023","","","","0.60","","W","Небольшая облачность","2025-12-18 06:40"
"0.40","","-2.40","76","767","1023","","","","0.50","","W","Небольшая облачность","2025-12-18 06:41"
"0.40","","-2.70","76","767","1023","","","","1.00","","W","Небольшая облачность","2025-12-18 06:42"
"0.40","","-2.70","76","767","1023","","","","1.00","","W","Небольшая облачность","2025-12-18 06:43"
"0.40","","-2.70","76","767","1023","","","","1.00","","W","Небольшая облачность","2025-12-18 06:44"
"0.40","","-2.70","76","767","1023","","","","1.60","","W","Небольшая облачность","2025-12-18 06:45"
"0.40","","-3.10","76","767","1023","","","","3.40","","W","Небольшая облачность","2025-12-18 06:46"
"0.40","","-4.40","76","767","1023","","","","3.40","","W","Небольшая облачность","2025-12-18 06:47"
"0.50","","-2.80","76","767","1023","","","","1.30","","W","Небольшая облачность","2025-12-18 06:48"
"0.50","","-2.30","76","767","1023","","","","0.60","","W","Небольшая облачность","2025-12-18 06:49"
"0.50","","-2.30","76","767","1023","","","","0.60","","W","Небольшая облачность","2025-12-18 06:50"
"0.50","","-2.30","76","767","1023","","","","0.60","","W","Небольшая облачность","2025-12-18 06:51"
"0.50","","-2.40","76","768","1024","","","","1.10","","W","Небольшая облачность","2025-12-18 06:52"
"0.50","","-2.70","76","768","1024","","","","0.90","","W","Небольшая облачность","2025-12-18 06:53"
"0.50","","-2.70","76","768","1024","","","","2.50","","W","Небольшая облачность","2025-12-18 06:54"
"0.50","","-2.50","76","768","1024","","","","0.90","","W","Небольшая облачность","2025-12-18 06:55"
"0.50","","-2.50","76","768","1024","","","","1.10","","WSW","Небольшая облачность","2025-12-18 06:56"
"0.50","","-2.50","76","768","1024","","","","1.00","","WSW","Небольшая облачность","2025-12-18 06:57"
"0.50","","-2.60","76","768","1024","","","","1.00","","WSW","Небольшая облачность","2025-12-18 06:58"
"0.50","","-2.60","75","768","1024","","","","2.70","","WSW","Небольшая облачность","2025-12-18 06:59"
"0.50","","-3.80","75","768","1024","","","","1.70","","WSW","Небольшая облачность","2025-12-18 07:00"
"0.50","","-3.10","75","768","1024","","","","1.20","","WSW","Небольшая облачность","2025-12-18 07:01"
"0.50","","-3.10","75","768","1024","","","","1.20","","WSW","Небольшая облачность","2025-12-18 07:02"
"0.50","","-2.80","76","768","1024","","","","1.20","","WSW","Небольшая облачность","2025-12-18 07:03"
"0.50","","-2.40","76","768","1024","","","","0.70","","WSW","Небольшая облачность","2025-12-18 07:04"
"0.50","","-2.40","76","768","1024","","","","0.70","","WSW","Небольшая облачность","2025-12-18 07:05"
"0.50","","-2.40","76","768","1024","","","","0.70","","WSW","Небольшая облачность","2025-12-18 07:06"
"0.50","","-3.30","76","768","1024","","","","2.00","","WSW","Небольшая облачность","2025-12-18 07:07"
"0.50","","-3.00","75","768","1024","","","","1.60","","WSW","Небольшая облачность","2025-12-18 07:08"
"0.50","","-3.10","75","768","1024","","","","1.90","","WSW","Небольшая облачность","2025-12-18 07:09"
"0.50","","-3.30","75","768","1024","","","","1.10","","WSW","Небольшая облачность","2025-12-18 07:10"
"0.60","","-2.10","75","768","1024","","","","0.40","","WSW","Небольшая облачность","2025-12-18 07:11"
"0.60","","-2.10","75","768","1024","","","","0.40","","WSW","Небольшая облачность","2025-12-18 07:12"
"0.60","","-2.10","75","768","1024","","","","1.40","","WSW","Небольшая облачность","2025-12-18 07:13"
"0.60","","-2.50","75","768","1024","","","","1.00","","WSW","Небольшая облачность","2025-12-18 07:14"
"0.60","","-2.50","75","768","1024","","","","1.30","","WSW","Небольшая облачность","2025-12-18 07:15"
"0.60","","-2.70","75","768","1024","","","","1.00","","WSW","Небольшая облачность","2025-12-18 07:16"
"0.60","","-2.50","75","768","1024","","","","1.50","","WSW","Небольшая облачность","2025-12-18 07:17"
"0.60","","-2.50","75","768","1024","","","","1.50","","WSW","Небольшая облачность","2025-12-18 07:18"
"0.60","","-2.90","75","768","1024","","","","1.50","","WSW","Небольшая облачность","2025-12-18 07:19"
"0.60","","-2.70","75","768","1024","","","","1.30","","WSW","Небольшая облачность","2025-12-18 07:20"
"0.60","","-2.70","75","768","1024","","","","1.30","","WSW","Небольшая облачность","2025-12-18 07:21"
"0.60","","-2.70","75","768","1024","","","","1.30","","WSW","Небольшая облачность","2025-12-18 07:22"
"0.60","","-2.50","75","768","1024","","","","1.60","","WSW","Небольшая облачность","2025-12-18 07:23"
"0.70","","-2.80","75","768","1024","","","","1.30","","WSW","Небольшая облачность","2025-12-18 07:24"
"0.70","","-2.60","75","768","1024","","","","1.20","","WSW","Небольшая облачность","2025-12-18 07:25"
"0.70","","-2.50","75","768","1024","","","","1.30","","WSW","Небольшая облачность","2025-12-18 07:26"
"0.70","","-2.80","75","768","1024","","","","1.60","","WSW","Небольшая облачность","2025-12-18 07:27"
"0.70","","-2.50","75","768","1024","","","","1.20","","WSW","Небольшая облачность","2025-12-18 07:28"
"0.70","","-2.50","75","768","1024","","","","1.10","","WSW","Небольшая облачность","2025-12-18 07:29"
"0.70","","-2.50","75","768","1024","","","","1.40","","WSW","Небольшая облачность","2025-12-18 07:30"
"0.70","","-2.70","75","768","1024","","","","1.20","","WSW","Небольшая облачность","2025-12-18 07:31"
"0.70","","-2.70","75","768","1024","","","","1.00","","WSW","Небольшая облачность","2025-12-18 07:32"
"0.70","","-2.30","75","768","1024","","","","0.90","","WSW","Небольшая облачность","2025-12-18 07:33"
"0.70","","-2.10","75","768","1024","","","","0.60","","WSW","Небольшая облачность","2025-12-18 07:34"
"0.70","","-2.00","75","768","1024","","","","0.40","","WSW","Небольшая облачность","2025-12-18 07:35"
"0.70","","-2.00","75","767","1023","","","","0.50","","WSW","Небольшая облачность","2025-12-18 07:36"
"0.70","","-2.00","75","767","1023","","","","1.20","","WSW","Небольшая облачность","2025-12-18 07:37"
"0.70","","-2.60","74","767","1023","","","","1.30","","WSW","Небольшая облачность","2025-12-18 07:38"
"0.70","","-2.60","74","767","1023","","","","1.10","","WSW","Небольшая облачность","2025-12-18 07:39"
"0.70","","-2.50","74","767","1023","","","","1.10","","WSW","Небольшая облачность","2025-12-18 07:40"
"0.60","","-3.00","74","767","1023","","","","1.60","","WSW","Небольшая облачность","2025-12-18 07:41"
"0.60","","-3.00","74","767","1023","","","","1.60","","WSW","Небольшая облачность","2025-12-18 07:42"
"0.60","","-2.60","74","767","1023","","","","1.10","","WSW","Небольшая облачность","2025-12-18 07:43"
"0.60","","-2.60","74","767","1023","","","","2.00","","WSW","Небольшая облачность","2025-12-18 07:44"
"0.60","","-3.20","74","767","1023","","","","2.00","","WSW","Небольшая облачность","2025-12-18 07:45"
"0.60","","-3.20","74","767","1023","","","","1.10","","WSW","Небольшая облачность","2025-12-18 07:46"
"0.60","","-3.20","74","767","1023","","","","1.10","","WSW","Небольшая облачность","2025-12-18 07:47"
"0.60","","-2.60","73","767","1023","","","","1.80","","WSW","Небольшая облачность","2025-12-18 07:48"
"0.60","","-2.20","73","767","1023","","","","0.50","","WSW","Небольшая облачность","2025-12-18 07:49"
"0.60","","-2.20","73","767","1023","","","","0.70","","WSW","Небольшая облачность","2025-12-18 07:50"
"0.60","","-2.20","73","767","1023","","","","0.70","","WSW","Небольшая облачность","2025-12-18 07:51"
"0.60","","-3.30","73","767","1023","","","","2.10","","WSW","Небольшая облачность","2025-12-18 07:52"
"0.60","","-3.30","73","767","1023","","","","2.10","","WSW","Небольшая облачность","2025-12-18 07:53"
"0.60","","-2.60","73","767","1023","","","","2.00","","WSW","Небольшая облачность","2025-12-18 07:54"
"0.60","","-3.30","73","767","1023","","","","2.00","","WSW","Небольшая облачность","2025-12-18 07:55"
"0.60","","-3.30","73","767","1023","","","","2.00","","WSW","Облачно","2025-12-18 07:56"
"0.60","","-3.30","73","767","1023","","","","2.00","","WSW","Облачно","2025-12-18 07:57"
"0.60","","-3.60","73","767","1023","","","","2.50","","WSW","Облачно","2025-12-18 07:58"
"0.60","","-3.60","73","767","1023","","","","2.50","","WSW","Облачно","2025-12-18 07:59"
"0.50","","-3.70","73","767","1023","","","","2.50","","WSW","Облачно","2025-12-18 08:00"
"0.50","","-3.70","73","767","1023","","","","3.60","","WSW","Облачно","2025-12-18 08:01"
"0.50","","-4.50","73","767","1023","","","","2.40","","WSW","Облачно","2025-12-18 08:02"
"0.50","","-3.50","73","767","1023","","","","2.20","","WSW","Облачно","2025-12-18 08:03"
"0.50","","-3.80","73","767","1023","","","","2.60","","WSW","Облачно","2025-12-18 08:04"
"0.50","","-3.40","73","767","1023","","","","2.10","","WSW","Облачно","2025-12-18 08:05"
"0.50","","-3.40","73","767","1023","","","","2.10","","WSW","Облачно","2025-12-18 08:06"
"0.50","","-4.00","73","767","1023","","","","2.90","","WSW","Облачно","2025-12-18 08:07"
"0.50","","-4.00","73","767","1023","","","","1.30","","WSW","Облачно","2025-12-18 08:08"
"0.60","","-2.80","73","767","1023","","","","1.40","","WSW","Облачно","2025-12-18 08:09"
"0.60","","-2.80","73","767","1023","","","","1.00","","WSW","Облачно","2025-12-18 08:10"
"0.60","","-2.40","73","767","1023","","","","0.70","","WSW","Облачно","2025-12-18 08:11"
"0.60","","-2.40","73","767","1023","","","","1.70","","WSW","Облачно","2025-12-18 08:12"
"0.60","","-2.30","73","767","1023","","","","0.60","","WSW","Облачно","2025-12-18 08:13"
"0.60","","-2.30","73","767","1023","","","","0.60","","WSW","Облачно","2025-12-18 08:14"
"0.60","","-2.60","73","767","1023","","","","1.00","","WSW","Облачно","2025-12-18 08:15"
"0.60","","-2.60","73","767","1023","","","","1.10","","WSW","Облачно","2025-12-18 08:16"
"0.60","","-2.60","73","767","1023","","","","1.10","","WSW","Облачно","2025-12-18 08:17"
"0.60","","-2.80","73","767","1023","","","","1.40","","WSW","Облачно","2025-12-18 08:18"
"0.60","","-2.80","73","767","1023","","","","1.10","","WSW","Облачно","2025-12-18 08:19"
"0.60","","-2.60","73","767","1023","","","","1.00","","WSW","Облачно","2025-12-18 08:20"
"0.60","","-2.90","73","767","1023","","","","1.50","","WSW","Облачно","2025-12-18 08:21"
"0.60","","-3.20","73","767","1023","","","","1.90","","WSW","Облачно","2025-12-18 08:22"
"0.60","","-3.20","73","767","1023","","","","1.10","","WSW","Облачно","2025-12-18 08:23"
"0.60","","-2.60","73","767","1023","","","","1.50","","WSW","Облачно","2025-12-18 08:24"
"0.60","","-2.90","73","767","1023","","","","2.80","","WSW","Облачно","2025-12-18 08:25"
"0.60","","-3.20","73","767","1023","","","","1.90","","WSW","Облачно","2025-12-18 08:26"
"0.60","","-2.70","73","767","1023","","","","1.20","","WSW","Облачно","2025-12-18 08:27"
"0.60","","-2.70","73","767","1023","","","","1.20","","WSW","Облачно","2025-12-18 08:28"
"0.60","","-2.70","73","767","1023","","","","1.20","","WSW","Облачно","2025-12-18 08:29"
"0.60","","-2.70","73","767","1023","","","","1.20","","WSW","Облачно","2025-12-18 08:30"
"0.60","","-2.70","73","767","1023","","","","1.20","","WSW","Облачно","2025-12-18 08:31"
"0.60","","-2.70","73","767","1023","","","","1.20","","WSW","Облачно","2025-12-18 08:32"
"0.60","","-3.30","73","767","1023","","","","2.10","","WSW","Облачно","2025-12-18 08:33"
"0.50","","-3.80","73","767","1023","","","","2.60","","WSW","Облачно","2025-12-18 08:34"
"0.50","","-3.80","73","767","1023","","","","3.00","","WSW","Облачно","2025-12-18 08:35"
"0.50","","-4.10","72","767","1023","","","","3.00","","WSW","Облачно","2025-12-18 08:36"
"0.50","","-4.00","72","767","1023","","","","2.80","","WSW","Облачно","2025-12-18 08:37"
"0.50","","-4.10","72","767","1023","","","","1.50","","WSW","Облачно","2025-12-18 08:38"
"0.50","","-3.00","72","767","1023","","","","1.50","","WSW","Облачно","2025-12-18 08:39"
"0.50","","-3.00","72","767","1023","","","","1.50","","WSW","Облачно","2025-12-18 08:40"
"0.50","","-4.40","72","767","1023","","","","3.50","","WSW","Облачно","2025-12-18 08:41"
"0.50","","-4.40","72","767","1023","","","","3.50","","WSW","Облачно","2025-12-18 08:42"
"0.50","","-4.40","72","767","1023","","","","3.50","","WSW","Облачно","2025-12-18 08:43"
"0.50","","-4.40","72","767","1023","","","","3.50","","WSW","Облачно","2025-12-18 08:44"
"0.50","","-3.70","72","767","1023","","","","2.40","","WSW","Облачно","2025-12-18 08:45"
"0.50","","-3.70","72","767","1023","","","","2.40","","WSW","Облачно","2025-12-18 08:46"
"0.50","","-3.70","72","767","1023","","","","2.70","","WSW","Облачно","2025-12-18 08:47"
"0.50","","-3.70","72","767","1023","","","","2.40","","WSW","Облачно","2025-12-18 08:48"
"0.50","","-3.70","73","767","1023","","","","2.40","","WSW","Облачно","2025-12-18 08:49"
"0.50","","-3.10","73","767","1023","","","","1.60","","WSW","Облачно","2025-12-18 08:50"
"0.50","","-3.10","73","767","1023","","","","1.60","","WSW","Облачно","2025-12-18 08:51"
"0.50","","-2.60","73","767","1023","","","","0.90","","WSW","Облачно","2025-12-18 08:52"
"0.50","","-2.60","73","767","1023","","","","0.90","","WSW","Облачно","2025-12-18 08:53"
"0.50","","-2.60","73","767","1023","","","","0.90","","WSW","Облачно","2025-12-18 08:54"
"0.50","","-2.70","73","767","1023","","","","1.10","","WSW","Облачно","2025-12-18 08:55"
"0.50","","-2.70","73","767","1023","","","","1.10","","WSW","Облачно","2025-12-18 08:56"
"0.50","","-2.70","73","767","1023","","","","1.10","","WSW","Облачно","2025-12-18 08:57"
"0.50","","-3.40","73","767","1023","","","","1.10","","WSW","Облачно","2025-12-18 08:58"
"0.50","","-3.00","73","767","1023","","","","1.40","","WSW","Облачно","2025-12-18 08:59"
"0.50","","-3.00","73","767","1023","","","","0.70","","WSW","Облачно","2025-12-18 09:00"
"0.50","","-2.50","73","767","1023","","","","1.00","","WSW","Облачно","2025-12-18 09:01"
"0.50","","-2.70","73","767","1023","","","","1.00","","WSW","Облачно","2025-12-18 09:02"
"0.50","","-2.70","73","767","1023","","","","1.00","","WSW","Облачно","2025-12-18 09:03"
"0.50","","-2.70","73","767","1023","","","","1.40","","WSW","Облачно","2025-12-18 09:04"
"0.50","","-2.70","73","767","1023","","","","1.40","","WSW","Облачно","2025-12-18 09:05"
"0.50","","-2.30","73","767","1023","","","","0.40","","WSW","Облачно","2025-12-18 09:06"
"0.50","","-2.30","73","767","1023","","","","0.70","","WSW","Облачно","2025-12-18 09:07"
"0.50","","-2.50","73","767","1023","","","","0.70","","WSW","Облачно","2025-12-18 09:08"
"0.50","","-2.40","73","767","1023","","","","1.20","","WSW","Облачно","2025-12-18 09:09"
"0.50","","-2.80","73","767","1023","","","","0.50","","WSW","Облачно","2025-12-18 09:10"
"0.50","","-2.30","73","767","1023","","","","0.50","","WSW","Облачно","2025-12-18 09:11"
"0.50","","-2.70","73","767","1023","","","","1.10","","WSW","Облачно","2025-12-18 09:12"
"0.50","","-2.70","73","767","1023","","","","1.10","","WSW","Облачно","2025-12-18 09:13"
"0.40","","-2.90","73","767","1023","","","","1.10","","WSW","Облачно","2025-12-18 09:14"
"0.40","","-4.40","73","767","1023","","","","3.30","","WSW","Облачно","2025-12-18 09:15"
"0.40","","-4.40","73","767","1023","","","","3.30","","WSW","Облачно","2025-12-18 09:16"
"0.40","","-3.60","73","767","1023","","","","1.80","","WSW","Облачно","2025-12-18 09:17"
"0.40","","-3.30","73","767","1023","","","","1.30","","WSW","Облачно","2025-12-18 09:18"
"0.40","","-3.30","73","767","1023","","","","1.30","","WSW","Облачно","2025-12-18 09:19"
"0.50","","-2.80","73","767","1023","","","","1.20","","WSW","Облачно","2025-12-18 09:20"
"0.50","","-2.30","73","766","1022","","","","0.50","","WSW","Облачно","2025-12-18 09:21"
"0.50","","-2.30","73","766","1022","","","","0.50","","WSW","Облачно","2025-12-18 09:22"
"0.40","","-3.30","73","766","1022","","","","1.70","","WSW","Облачно","2025-12-18 09:23"
"0.40","","-3.30","73","766","1022","","","","1.70","","WSW","Облачно","2025-12-18 09:24"
"0.40","","-3.10","73","766","1022","","","","1.60","","WSW","Облачно","2025-12-18 09:25"
"0.40","","-3.20","73","766","1022","","","","1.60","","WSW","Облачно","2025-12-18 09:26"
"0.40","","-3.20","73","766","1022","","","","1.60","","WSW","Облачно","2025-12-18 09:27"
"0.50","","-2.40","73","766","1022","","","","0.60","","WSW","Облачно","2025-12-18 09:28"
"0.50","","-2.40","73","766","1022","","","","0.60","","WSW","Облачно","2025-12-18 09:29"
"0.50","","-3.00","73","766","1022","","","","1.50","","WSW","Облачно","2025-12-18 09:30"
"0.50","","-2.30","73","766","1022","","","","0.40","","WSW","Облачно","2025-12-18 09:31"
"0.50","","-2.30","73","766","1022","","","","0.90","","WSW","Облачно","2025-12-18 09:32"
"0.50","","-2.60","73","766","1022","","","","0.90","","WSW","Облачно","2025-12-18 09:33"
"0.50","","-2.60","73","766","1022","","","","0.90","","WSW","Облачно","2025-12-18 09:34"
"0.50","","-2.60","73","766","1022","","","","0.90","","WSW","Облачно","2025-12-18 09:35"
"0.50","","-2.60","73","765","1021","","","","0.90","","WSW","Облачно","2025-12-18 09:36"
"0.50","","-2.00","73","765","1021","","","","0.00","","WSW","Облачно","2025-12-18 09:37"
"0.50","","-2.00","73","765","1021","","","","0.00","","WSW","Облачно","2025-12-18 09:38"
"0.50","","-2.00","73","765","1021","","","","0.60","","WSW","Облачно","2025-12-18 09:39"
"0.50","","-2.00","73","765","1021","","","","0.50","","WSW","Облачно","2025-12-18 09:40"
"0.50","","-2.30","74","765","1021","","","","0.60","","WSW","Облачно","2025-12-18 09:41"
"0.50","","-2.30","74","765","1021","","","","0.60","","WSW","Облачно","2025-12-18 09:42"
"0.50","","-2.40","74","765","1021","","","","1.60","","WSW","Облачно","2025-12-18 09:43"
"0.50","","-3.10","73","765","1021","","","","1.60","","WSW","Облачно","2025-12-18 09:44"
"0.50","","-2.50","73","765","1021","","","","0.70","","WSW","Облачно","2025-12-18 09:45"
"0.50","","-2.50","73","765","1021","","","","2.50","","WSW","Облачно","2025-12-18 09:46"
"0.50","","-3.70","73","765","1021","","","","2.50","","WSW","Облачно","2025-12-18 09:47"
"0.50","","-3.70","73","765","1021","","","","0.90","","WSW","Облачно","2025-12-18 09:48"
"0.50","","-2.60","73","765","1021","","","","0.90","","WSW","Облачно","2025-12-18 09:49"
"0.50","","-2.60","73","765","1021","","","","0.90","","WSW","Облачно","2025-12-18 09:50"
"0.50","","-2.60","73","766","1022","","","","0.90","","WSW","Облачно","2025-12-18 09:51"
"0.50","","-2.70","73","766","1022","","","","1.10","","WSW","Облачно","2025-12-18 09:52"
"0.50","","-2.70","73","766","1022","","","","0.60","","WSW","Облачно","2025-12-18 09:53"
"0.50","","-2.70","73","766","1022","","","","0.60","","WSW","Облачно","2025-12-18 09:54"
"0.50","","-2.40","73","766","1022","","","","0.90","","WSW","Облачно","2025-12-18 09:55"
"0.50","","-2.30","73","766","1022","","","","0.40","","WSW","Облачно","2025-12-18 09:56"
"0.50","","-2.30","73","766","1022","","","","0.40","","WSW","Облачно","2025-12-18 09:57"
"0.50","","-2.20","74","766","1022","","","","0.40","","WSW","Облачно","2025-12-18 09:58"
"0.50","","-2.30","73","766","1022","","","","0.40","","WSW","Облачно","2025-12-18 09:59"
"0.50","","-2.30","73","766","1022","","","","0.40","","WSW","Облачно","2025-12-18 10:00"
"0.50","","-2.80","73","766","1022","","","","1.20","","WSW","Облачно","2025-12-18 10:01"
"0.50","","-2.80","73","766","1022","","","","1.20","","WSW","Облачно","2025-12-18 10:02"
"0.50","","-2.70","73","766","1022","","","","1.00","","WSW","Облачно","2025-12-18 10:03"
"0.50","","-2.70","74","766","1022","","","","1.00","","WSW","Облачно","2025-12-18 10:04"
"0.50","","-2.70","74","766","1022","","","","1.00","","WSW","Облачно","2025-12-18 10:05"
"0.50","","-2.70","74","766","1022","","","","1.00","","WSW","Облачно","2025-12-18 10:06"
"0.50","","-3.10","74","766","1022","","","","1.60","","WSW","Облачно","2025-12-18 10:07"
"0.50","","-3.10","74","766","1022","","","","1.60","","WSW","Облачно","2025-12-18 10:08"
"0.50","","-3.10","74","766","1022","","","","1.60","","WSW","Облачно","2025-12-18 10:09"
"0.50","","-3.10","74","766","1022","","","","1.60","","WSW","Облачно","2025-12-18 10:10"
"0.50","","-3.10","74","766","1022","","","","1.60","","WSW","Облачно","2025-12-18 10:11"
"0.50","","-3.10","74","766","1022","","","","1.60","","WSW","Облачно","2025-12-18 10:12"
"0.50","","-2.30","74","766","1022","","","","0.50","","WSW","Облачно","2025-12-18 10:13"
"0.40","","-2.40","74","766","1022","","","","0.50","","WSW","Облачно","2025-12-18 10:14"
"0.40","","-3.00","74","766","1022","","","","1.40","","WSW","Облачно","2025-12-18 10:15"
"0.40","","-3.90","74","766","1022","","","","2.60","","WSW","Облачно","2025-12-18 10:16"
"0.40","","-3.90","74","766","1022","","","","2.60","","WSW","Облачно","2025-12-18 10:17"
"0.40","","-3.30","74","766","1022","","","","1.70","","WSW","Облачно","2025-12-18 10:18"
"0.40","","-3.30","74","766","1022","","","","1.70","","WSW","Облачно","2025-12-18 10:19"
"0.40","","-3.30","74","766","1022","","","","1.70","","WSW","Облачно","2025-12-18 10:20"
"0.40","","-2.80","74","766","1022","","","","1.10","","WSW","Облачно","2025-12-18 10:21"
"0.40","","-2.80","74","766","1022","","","","1.10","","WSW","Облачно","2025-12-18 10:22"
"0.40","","-2.80","74","766","1022","","","","1.10","","WSW","Облачно","2025-12-18 10:23"
"0.40","","-2.80","74","766","1022","","","","1.10","","WSW","Облачно","2025-12-18 10:24"
"0.40","","-2.80","74","766","1022","","","","1.10","","WSW","Облачно","2025-12-18 10:25"
"0.40","","-2.80","74","766","1022","","","","1.10","","WSW","Облачно","2025-12-18 10:26"
"0.40","","-2.80","74","766","1022","","","","1.60","","WSW","Облачно","2025-12-18 10:27"
"0.40","","-3.20","74","766","1022","","","","1.60","","WSW","Облачно","2025-12-18 10:28"
"0.40","","-3.20","74","766","1022","","","","1.60","","WSW","Облачно","2025-12-18 10:29"
"0.40","","-3.20","74","766","1022","","","","1.60","","WSW","Облачно","2025-12-18 10:30"
"0.40","","-2.80","74","766","1022","","","","1.10","","WSW","Облачно","2025-12-18 10:31"
"0.40","","-2.80","74","766","1022","","","","1.10","","WSW","Облачно","2025-12-18 10:32"
"0.30","","-2.90","74","766","1022","","","","1.10","","WSW","Облачно","2025-12-18 10:33"
"0.30","","-2.90","74","766","1022","","","","1.10","","WSW","Облачно","2025-12-18 10:34"
"0.30","","-2.90","74","766","1022","","","","1.10","","WSW","Облачно","2025-12-18 10:35"
"0.30","","-2.90","74","766","1022","","","","1.10","","WSW","Облачно","2025-12-18 10:36"
"0.30","","-2.90","74","766","1022","","","","1.10","","WSW","Облачно","2025-12-18 10:37"
"0.30","","-2.90","74","766","1022","","","","1.10","","WSW","Облачно","2025-12-18 10:38"
"0.30","","-2.90","74","766","1022","","","","1.10","","WSW","Облачно","2025-12-18 10:39"
"0.30","","-2.90","74","766","1022","","","","1.10","","WSW","Облачно","2025-12-18 10:40"
"0.30","","-2.90","74","766","1022","","","","1.10","","WSW","Облачно","2025-12-18 10:41"
"0.30","","-3.30","74","766","1022","","","","1.60","","WSW","Облачно","2025-12-18 10:42"
"0.30","","-3.30","74","766","1022","","","","1.60","","WSW","Облачно","2025-12-18 10:43"
"0.30","","-3.30","74","766","1022","","","","1.60","","WSW","Облачно","2025-12-18 10:44"
"0.30","","-4.10","74","766","1022","","","","2.70","","WSW","Облачно","2025-12-18 10:45"
"0.30","","-4.10","74","766","1022","","","","2.70","","WSW","Облачно","2025-12-18 10:46"
"0.30","","-4.10","74","766","1022","","","","2.70","","WSW","Облачно","2025-12-18 10:47"
"0.30","","-3.90","74","766","1022","","","","1.40","","WSW","Облачно","2025-12-18 10:48"
"0.30","","-3.90","74","766","1022","","","","1.40","","WSW","Облачно","2025-12-18 10:49"
"0.30","","-3.90","74","766","1022","","","","1.40","","WSW","Облачно","2025-12-18 10:50"
"0.30","","-3.00","74","765","1021","","","","1.20","","WSW","Облачно","2025-12-18 10:51"
"0.30","","-3.00","74","765","1021","","","","1.20","","WSW","Облачно","2025-12-18 10:52"
"0.30","","-3.00","74","765","1021","","","","1.20","","WSW","Облачно","2025-12-18 10:53"
"0.30","","-3.00","74","765","1021","","","","2.20","","WSW","Облачно","2025-12-18 10:54"
"0.30","","-3.70","74","765","1021","","","","2.20","","WSW","Облачно","2025-12-18 10:55"
"0.30","","-3.70","74","765","1021","","","","2.20","","WSW","Облачно","2025-12-18 10:56"
"0.30","","-3.40","74","765","1021","","","","1.70","","WSW","Облачно","2025-12-18 10:57"
"0.30","","-3.40","74","765","1021","","","","1.70","","WSW","Облачно","2025-12-18 10:58"
"0.40","","-2.50","75","765","1021","","","","0.60","","WSW","Облачно","2025-12-18 10:59"
"0.40","","-2.50","75","765","1021","","","","1.10","","WSW","Облачно","2025-12-18 11:00"
"0.40","","-2.40","75","765","1021","","","","0.50","","WSW","Облачно","2025-12-18 11:01"
"0.40","","-2.40","75","765","1021","","","","0.50","","WSW","Облачно","2025-12-18 11:02"
"0.40","","-2.40","75","765","1021","","","","0.50","","WSW","Облачно","2025-12-18 11:03"
"0.40","","-2.40","75","765","1021","","","","0.70","","WSW","Облачно","2025-12-18 11:04"
"0.40","","-2.50","75","765","1021","","","","0.00","","WSW","Облачно","2025-12-18 11:05"
"0.40","","-2.00","75","766","1022","","","","0.00","","WSW","Облачно","2025-12-18 11:06"
"0.40","","-2.00","75","766","1022","","","","1.40","","WSW","Облачно","2025-12-18 11:07"
"0.40","","-2.00","75","766","1022","","","","1.40","","WSW","Облачно","2025-12-18 11:08"
"0.40","","-3.00","75","766","1022","","","","1.40","","WSW","Облачно","2025-12-18 11:09"
"0.40","","-3.00","75","766","1022","","","","1.40","","WSW","Облачно","2025-12-18 11:10"
"0.40","","-3.00","75","766","1022","","","","2.00","","WSW","Облачно","2025-12-18 11:11"
"0.40","","-3.40","75","766","1022","","","","2.00","","WSW","Облачно","2025-12-18 11:12"
"0.40","","-3.40","75","766","1022","","","","2.00","","WSW","Облачно","2025-12-18 11:13"
"0.40","","-2.90","75","766","1022","","","","1.20","","WSW","Облачно","2025-12-18 11:14"
"0.40","","-2.90","75","766","1022","","","","1.20","","WSW","Облачно","2025-12-18 11:15"
"0.40","","-2.90","75","766","1022","","","","1.20","","WSW","Облачно","2025-12-18 11:16"
"0.40","","-2.90","75","766","1022","","","","1.20","","WSW","Облачно","2025-12-18 11:17"
"0.40","","-3.50","74","766","1022","","","","2.10","","WSW","Облачно","2025-12-18 11:18"
"0.40","","-3.50","74","766","1022","","","","2.10","","WSW","Облачно","2025-12-18 11:19"
"0.40","","-2.90","74","766","1022","","","","1.20","","WSW","Облачно","2025-12-18 11:20"
"0.40","","-2.90","74","766","1022","","","","1.20","","WSW","Облачно","2025-12-18 11:21"
"0.40","","-2.90","74","766","1022","","","","1.20","","WSW","Облачно","2025-12-18 11:22"
"0.40","","-2.90","74","766","1022","","","","1.20","","WSW","Облачно","2025-12-18 11:23"
"0.40","","-2.90","74","766","1022","","","","1.20","","WSW","Облачно","2025-12-18 11:24"
"0.40","","-2.90","74","766","1022","","","","1.20","","WSW","Облачно","2025-12-18 11:25"
"0.40","","-2.90","74","766","1022","","","","1.20","","WSW","Облачно","2025-12-18 11:26"
"0.30","","-3.00","74","766","1022","","","","1.20","","WSW","Облачно","2025-12-18 11:27"
"0.30","","-3.00","74","766","1022","","","","1.20","","WSW","Облачно","2025-12-18 11:28"
"0.30","","-3.00","74","766","1022","","","","1.20","","WSW","Облачно","2025-12-18 11:29"
"0.30","","-3.00","74","766","1022","","","","1.20","","WSW","Облачно","2025-12-18 11:30"
"0.30","","-3.00","74","766","1022","","","","1.20","","WSW","Облачно","2025-12-18 11:31"
"0.30","","-3.00","74","766","1022","","","","1.20","","WSW","Облачно","2025-12-18 11:32"
"0.30","","-3.00","74","766","1022","","","","1.20","","WSW","Облачно","2025-12-18 11:33"
"0.30","","-3.00","74","766","1022","","","","1.20","","WSW","Облачно","2025-12-18 11:34"
"0.30","","-3.90","74","766","1022","","","","2.50","","WSW","Облачно","2025-12-18 11:35"
"0.30","","-3.90","74","766","1022","","","","2.50","","WSW","Облачно","2025-12-18 11:36"
"0.20","","-3.10","74","766","1022","","","","1.20","","WSW","Облачно","2025-12-18 11:37"
"0.20","","-3.10","74","766","1022","","","","1.20","","WSW","Облачно","2025-12-18 11:38"
"0.20","","-3.10","74","766","1022","","","","1.20","","WSW","Облачно","2025-12-18 11:39"
"0.20","","-3.10","74","766","1022","","","","2.50","","WSW","Облачно","2025-12-18 11:40"
"0.20","","-4.00","74","766","1022","","","","2.50","","WSW","Облачно","2025-12-18 11:41"
"0.20","","-4.00","74","766","1022","","","","2.50","","WSW","Облачно","2025-12-18 11:42"
"0.20","","-4.00","74","766","1022","","","","2.50","","WSW","Облачно","2025-12-18 11:43"
"0.20","","-4.00","74","766","1022","","","","2.50","","WSW","Облачно","2025-12-18 11:44"
"0.20","","-2.80","74","766","1022","","","","0.70","","WSW","Облачно","2025-12-18 11:45"
"0.20","","-2.80","74","766","1022","","","","0.70","","WSW","Облачно","2025-12-18 11:46"
"0.20","","-2.70","74","766","1022","","","","0.60","","WSW","Облачно","2025-12-18 11:47"
"0.20","","-2.70","74","766","1022","","","","0.60","","WSW","Облачно","2025-12-18 11:48"
"0.20","","-2.70","74","766","1022","","","","0.60","","WSW","Облачно","2025-12-18 11:49"
"0.20","","-2.70","74","766","1022","","","","0.90","","WSW","Облачно","2025-12-18 11:50"
"0.20","","-2.70","74","766","1022","","","","0.90","","WSW","Облачно","2025-12-18 11:51"
"0.20","","-3.10","74","766","1022","","","","1.10","","WSW","Облачно","2025-12-18 11:52"
"0.20","","-3.10","74","766","1022","","","","1.10","","WSW","Облачно","2025-12-18 11:53"
"0.20","","-3.10","74","766","1022","","","","1.10","","WSW","Облачно","2025-12-18 11:54"
"0.20","","-3.50","74","766","1022","","","","1.80","","WSW","Облачно","2025-12-18 11:55"
"0.20","","-3.20","74","766","1022","","","","1.30","","WSW","Облачно","2025-12-18 11:56"
"0.20","","-3.20","74","766","1022","","","","1.30","","WSW","Облачно","2025-12-18 11:57"
"0.20","","-3.20","74","766","1022","","","","1.30","","WSW","Облачно","2025-12-18 11:58"
"0.20","","-3.20","74","766","1022","","","","1.30","","WSW","Облачно","2025-12-18 11:59"
"0.20","","-2.70","74","766","1022","","","","0.60","","WSW","Облачно","2025-12-18 12:00"
"0.30","","-2.60","74","766","1022","","","","0.60","","WSW","Облачно","2025-12-18 12:01"
"0.20","","-2.70","74","766","1022","","","","0.60","","WSW","Облачно","2025-12-18 12:02"
"0.20","","-2.70","74","766","1022","","","","0.60","","WSW","Облачно","2025-12-18 12:03"
"0.20","","-2.70","74","766","1022","","","","1.80","","WSW","Облачно","2025-12-18 12:04"
"0.20","","-3.50","74","766","1022","","","","1.80","","WSW","Облачно","2025-12-18 12:05"
"0.20","","-2.70","74","766","1022","","","","0.60","","WSW","Облачно","2025-12-18 12:06"
"0.20","","-2.70","74","766","1022","","","","0.60","","WSW","Облачно","2025-12-18 12:07"
"0.20","","-2.70","74","766","1022","","","","0.60","","WSW","Облачно","2025-12-18 12:08"
"0.20","","-2.70","74","766","1022","","","","0.60","","WSW","Облачно","2025-12-18 12:09"
"0.20","","-2.70","74","766","1022","","","","0.60","","WSW","Облачно","2025-12-18 12:10"
"0.20","","-2.70","74","766","1022","","","","0.60","","WSW","Облачно","2025-12-18 12:11"
"0.30","","-2.60","74","766","1022","","","","0.60","","WSW","Облачно","2025-12-18 12:12"
"0.30","","-2.60","74","766","1022","","","","0.60","","WSW","Облачно","2025-12-18 12:13"
"0.30","","-2.60","74","766","1022","","","","0.60","","WSW","Облачно","2025-12-18 12:14"
"0.30","","-2.60","74","766","1022","","","","1.60","","WSW","Облачно","2025-12-18 12:15"
"0.30","","-2.60","74","766","1022","","","","1.60","","WSW","Облачно","2025-12-18 12:16"
"0.20","","-3.40","74","766","1022","","","","1.60","","WSW","Облачно","2025-12-18 12:17"
"0.30","","-3.30","74","766","1022","","","","1.60","","WSW","Облачно","2025-12-18 12:18"
"0.30","","-3.30","74","766","1022","","","","1.60","","WSW","Облачно","2025-12-18 12:19"
"0.30","","-3.30","74","766","1022","","","","1.60","","WSW","Облачно","2025-12-18 12:20"
"0.20","","-2.80","74","766","1022","","","","0.70","","WSW","Облачно","2025-12-18 12:21"
"0.20","","-2.80","74","766","1022","","","","0.70","","WSW","Облачно","2025-12-18 12:22"
"0.20","","-2.80","74","766","1022","","","","0.70","","WSW","Облачно","2025-12-18 12:23"
"0.20","","-2.80","74","766","1022","","","","0.70","","WSW","Облачно","2025-12-18 12:24"
"0.20","","-2.80","74","766","1022","","","","0.70","","WSW","Облачно","2025-12-18 12:25"
"0.20","","-2.80","74","766","1022","","","","0.70","","WSW","Облачно","2025-12-18 12:26"
"0.20","","-2.80","74","766","1022","","","","0.70","","WSW","Облачно","2025-12-18 12:27"
"0.20","","-2.80","74","766","1022","","","","0.70","","WSW","Облачно","2025-12-18 12:28"
"0.20","","-2.80","74","766","1022","","","","0.70","","WSW","Облачно","2025-12-18 12:29"
"0.20","","-2.80","74","766","1022","","","","0.70","","WSW","Облачно","2025-12-18 12:30"
"0.20","","-2.80","74","766","1022","","","","0.70","","WSW","Облачно","2025-12-18 12:31"
"0.20","","-2.80","74","766","1022","","","","0.70","","WSW","Облачно","2025-12-18 12:32"
"0.20","","-2.80","74","766","1022","","","","0.70","","WSW","Облачно","2025-12-18 12:33"
"0.20","","-2.80","74","766","1022","","","","0.70","","WSW","Облачно","2025-12-18 12:34"
"0.20","","-2.80","74","766","1022","","","","0.70","","WSW","Облачно","2025-12-18 12:35"
"0.20","","-2.80","74","766","1022","","","","0.70","","WSW","Облачно","2025-12-18 12:36"
"0.20","","-2.80","74","766","1022","","","","0.70","","WSW","Облачно","2025-12-18 12:37"
"0.20","","-2.80","74","766","1022","","","","0.70","","WSW","Облачно","2025-12-18 12:38"
"0.20","","-2.80","74","766","1022","","","","0.70","","WSW","Облачно","2025-12-18 12:39"
"0.20","","-2.80","74","766","1022","","","","0.70","","WSW","Облачно","2025-12-18 12:40"
"0.20","","-2.80","74","766","1022","","","","0.70","","WSW","Облачно","2025-12-18 12:41"
"0.20","","-2.80","74","766","1022","","","","0.70","","WSW","Облачно","2025-12-18 12:42"
"0.20","","-2.80","74","766","1022","","","","0.70","","WSW","Облачно","2025-12-18 12:43"
"0.20","","-2.80","74","766","1022","","","","0.70","","WSW","Облачно","2025-12-18 12:44"
"0.20","","-2.80","74","766","1022","","","","0.70","","WSW","Облачно","2025-12-18 12:45"
"0.20","","-2.80","74","766","1022","","","","0.70","","WSW","Облачно","2025-12-18 12:46"
"0.20","","-2.80","74","766","1022","","","","0.70","","WSW","Облачно","2025-12-18 12:47"
"0.10","","-2.90","74","766","1022","","","","0.70","","WSW","Облачно","2025-12-18 12:48"
"0.10","","-2.90","74","766","1022","","","","0.70","","WSW","Облачно","2025-12-18 12:49"
"0.10","","-2.90","74","766","1022","","","","0.70","","WSW","Облачно","2025-12-18 12:50"
"0.10","","-2.90","74","765","1020","","","","0.70","","WSW","Облачно","2025-12-18 12:51"
"0.10","","-2.90","74","765","1020","","","","0.70","","WSW","Облачно","2025-12-18 12:52"
"0.10","","-3.90","74","765","1020","","","","2.10","","WSW","Облачно","2025-12-18 12:53"
"0.10","","-3.90","74","765","1020","","","","2.10","","WSW","Облачно","2025-12-18 12:54"
"0.10","","-3.90","74","765","1020","","","","3.30","","WSW","Облачно","2025-12-18 12:55"
"0.10","","-4.70","74","765","1020","","","","3.30","","WSW","Облачно","2025-12-18 12:56"
"0.10","","-4.70","74","765","1020","","","","3.30","","WSW","Облачно","2025-12-18 12:57"
"0.00","","-4.80","74","765","1020","","","","3.30","","WSW","Облачно","2025-12-18 12:58"
"0.00","","-4.80","74","765","1020","","","","3.30","","WSW","Облачно","2025-12-18 12:59"
"0.00","","-4.80","74","765","1020","","","","3.30","","WSW","Облачно","2025-12-18 13:00"
"0.00","","-4.80","74","765","1020","","","","3.30","","WSW","Облачно","2025-12-18 13:01"
"0.00","","-4.00","74","765","1020","","","","2.10","","WSW","Облачно","2025-12-18 13:02"
"0.00","","-4.00","74","765","1020","","","","2.10","","WSW","Облачно","2025-12-18 13:03"
"0.00","","-4.00","74","765","1020","","","","1.30","","WSW","Облачно","2025-12-18 13:04"
"0.00","","-3.40","74","765","1020","","","","1.30","","WSW","Облачно","2025-12-18 13:05"
"0.00","","-3.40","74","765","1020","","","","1.30","","WSW","Облачно","2025-12-18 13:06"
"0.00","","-3.40","74","765","1020","","","","1.30","","WSW","Облачно","2025-12-18 13:07"
"0.00","","-3.40","74","765","1020","","","","1.30","","WSW","Облачно","2025-12-18 13:08"
"0.00","","-3.20","74","765","1020","","","","1.80","","WSW","Облачно","2025-12-18 13:09"
"0.00","","-3.80","74","765","1020","","","","1.80","","WSW","Облачно","2025-12-18 13:10"
"0.00","","-3.80","74","765","1020","","","","1.80","","WSW","Облачно","2025-12-18 13:11"
"0.00","","-3.80","74","765","1020","","","","1.80","","WSW","Облачно","2025-12-18 13:12"
"0.00","","-3.80","74","765","1020","","","","1.80","","WSW","Облачно","2025-12-18 13:13"
"0.00","","-3.80","74","765","1020","","","","1.80","","WSW","Облачно","2025-12-18 13:14"
"0.00","","-3.80","74","765","1020","","","","1.80","","WSW","Облачно","2025-12-18 13:15"
"0.00","","-3.80","74","765","1020","","","","1.80","","WSW","Облачно","2025-12-18 13:16"
"0.00","","-4.50","74","765","1020","","","","2.80","","WSW","Облачно","2025-12-18 13:17"
"0.00","","-3.90","74","765","1020","","","","2.00","","WSW","Облачно","2025-12-18 13:18"
"0.00","","-3.90","74","765","1020","","","","0.70","","WSW","Облачно","2025-12-18 13:19"
"0.00","","-3.00","74","765","1020","","","","1.00","","WSW","Облачно","2025-12-18 13:20"
"0.00","","-3.00","74","765","1020","","","","1.00","","WSW","Облачно","2025-12-18 13:21"
"0.00","","-3.00","74","765","1021","","","","0.70","","WSW","Облачно","2025-12-18 13:22"
"0.10","","-2.90","74","765","1021","","","","0.70","","WSW","Облачно","2025-12-18 13:23"
"0.10","","-2.80","75","765","1021","","","","0.60","","WSW","Облачно","2025-12-18 13:24"
"0.10","","-2.80","75","765","1021","","","","0.60","","WSW","Облачно","2025-12-18 13:25"
"0.10","","-2.80","75","765","1021","","","","1.60","","WSW","Облачно","2025-12-18 13:26"
"0.10","","-4.60","75","765","1021","","","","2.60","","WSW","Облачно","2025-12-18 13:27"
"0.10","","-4.20","75","765","1021","","","","1.20","","WSW","Облачно","2025-12-18 13:28"
"0.10","","-3.20","75","765","1021","","","","1.20","","WSW","Облачно","2025-12-18 13:29"
"0.10","","-3.80","75","765","1021","","","","2.00","","WSW","Облачно","2025-12-18 13:30"
"0.10","","-3.70","75","765","1021","","","","1.90","","WSW","Облачно","2025-12-18 13:31"
"0.10","","-3.70","75","765","1021","","","","1.90","","WSW","Облачно","2025-12-18 13:32"
"0.10","","-3.50","75","765","1021","","","","1.20","","WSW","Облачно","2025-12-18 13:33"
"0.10","","-3.20","75","765","1021","","","","2.00","","WSW","Облачно","2025-12-18 13:34"
"0.10","","-3.80","75","765","1021","","","","2.00","","WSW","Облачно","2025-12-18 13:35"
"0.00","","-3.90","74","765","1020","","","","1.70","","WSW","Облачно","2025-12-18 13:36"
"0.00","","-3.70","74","765","1020","","","","1.70","","WSW","Облачно","2025-12-18 13:37"
"0.00","","-3.30","74","765","1020","","","","1.10","","WSW","Облачно","2025-12-18 13:38"
"0.00","","-3.30","74","765","1020","","","","1.10","","WSW","Облачно","2025-12-18 13:39"
"0.10","","-3.20","75","765","1020","","","","1.70","","WSW","Облачно","2025-12-18 13:40"
"0.10","","-3.20","75","765","1020","","","","1.70","","WSW","Облачно","2025-12-18 13:41"
"0.10","","-3.20","75","765","1020","","","","1.30","","WSW","Облачно","2025-12-18 13:42"
"0.00","","-3.40","75","765","1020","","","","1.30","","WSW","Облачно","2025-12-18 13:43"
"0.00","","-3.40","75","765","1020","","","","1.30","","WSW","Облачно","2025-12-18 13:44"
"0.00","","-3.40","74","765","1020","","","","1.30","","WSW","Облачно","2025-12-18 13:45"
"0.00","","-4.00","74","765","1020","","","","2.20","","WSW","Облачно","2025-12-18 13:46"
"0.00","","-4.00","74","765","1020","","","","1.80","","WSW","Облачно","2025-12-18 13:47"
"0.00","","-3.10","74","765","1020","","","","0.90","","WSW","Облачно","2025-12-18 13:48"
"0.00","","-3.10","74","765","1020","","","","1.30","","WSW","Облачно","2025-12-18 13:49"
"0.00","","-3.40","74","765","1020","","","","0.70","","WSW","Облачно","2025-12-18 13:50"
"0.00","","-3.40","74","764","1019","","","","1.60","","WSW","Облачно","2025-12-18 13:51"
"0.00","","-3.60","74","764","1019","","","","1.60","","WSW","Облачно","2025-12-18 13:52"
"0.00","","-3.60","74","764","1019","","","","1.60","","WSW","Облачно","2025-12-18 13:53"
"0.00","","-3.90","74","764","1019","","","","1.10","","WSW","Облачно","2025-12-18 13:54"
"0.00","","-3.30","74","764","1019","","","","1.30","","WSW","Облачно","2025-12-18 13:55"
"0.00","","-3.30","74","764","1019","","","","2.40","","WSW","Облачно","2025-12-18 13:56"
"-0.10","","-4.30","74","764","1019","","","","2.40","","WSW","Облачно","2025-12-18 13:57"
"-0.10","","-4.30","74","764","1019","","","","1.50","","WSW","Облачно","2025-12-18 13:58"
"-0.10","","-3.70","74","764","1019","","","","1.50","","WSW","Облачно","2025-12-18 13:59"
"-0.10","","-4.00","74","764","1019","","","","2.00","","WSW","Облачно","2025-12-18 14:00"
"-0.10","","-4.00","74","764","1019","","","","2.00","","WSW","Облачно","2025-12-18 14:01"
"-0.10","","-4.00","74","764","1019","","","","2.10","","WSW","Облачно","2025-12-18 14:02"
"-0.10","","-4.00","74","764","1019","","","","2.10","","WSW","Облачно","2025-12-18 14:03"
"-0.10","","-4.10","74","764","1019","","","","2.10","","WSW","Облачно","2025-12-18 14:04"
"-0.10","","-4.10","74","764","1019","","","","1.30","","WSW","Облачно","2025-12-18 14:05"
"-0.10","","-3.50","74","765","1020","","","","1.30","","WSW","Облачно","2025-12-18 14:06"
"-0.10","","-3.50","74","765","1020","","","","1.30","","WSW","Облачно","2025-12-18 14:07"
"-0.10","","-3.70","74","765","1020","","","","0.60","","WSW","Облачно","2025-12-18 14:08"
"-0.10","","-3.00","75","765","1020","","","","0.70","","WSW","Облачно","2025-12-18 14:09"
"-0.10","","-3.10","75","765","1020","","","","0.70","","WSW","Облачно","2025-12-18 14:10"
"-0.10","","-3.10","75","765","1020","","","","0.70","","WSW","Облачно","2025-12-18 14:11"
"0.00","","-2.90","75","765","1020","","","","1.00","","WSW","Облачно","2025-12-18 14:12"
"0.00","","-3.20","75","765","1020","","","","0.90","","WSW","Облачно","2025-12-18 14:13"
"0.00","","-3.00","75","765","1020","","","","0.70","","WSW","Облачно","2025-12-18 14:14"
"0.00","","-3.00","75","765","1020","","","","0.70","","WSW","Облачно","2025-12-18 14:15"
"0.00","","-3.00","75","765","1020","","","","0.70","","WSW","Облачно","2025-12-18 14:16"
"0.00","","-3.00","75","765","1020","","","","0.70","","WSW","Облачно","2025-12-18 14:17"
"0.00","","-3.40","75","765","1020","","","","1.30","","WSW","Облачно","2025-12-18 14:18"
"0.00","","-3.40","75","765","1020","","","","0.70","","WSW","Облачно","2025-12-18 14:19"
"0.00","","-3.00","75","765","1020","","","","1.60","","WSW","Облачно","2025-12-18 14:20"
"0.00","","-3.60","75","764","1019","","","","1.60","","WSW","Облачно","2025-12-18 14:21"
"0.00","","-3.60","75","764","1019","","","","1.60","","WSW","Облачно","2025-12-18 14:22"
"0.00","","-3.50","75","764","1019","","","","1.50","","WSW","Облачно","2025-12-18 14:23"
"0.00","","-3.50","75","764","1019","","","","1.50","","WSW","Облачно","2025-12-18 14:24"
"-0.10","","-3.60","75","764","1019","","","","1.30","","SW","Облачно","2025-12-18 14:25"
"-0.10","","-3.50","75","764","1019","","","","1.30","","SW","Облачно","2025-12-18 14:26"
"0.00","","-3.40","75","764","1019","","","","1.30","","SW","Облачно","2025-12-18 14:27"
"0.00","","-3.40","75","764","1019","","","","1.30","","SW","Облачно","2025-12-18 14:28"
"0.00","","-3.30","75","764","1019","","","","1.10","","SW","Облачно","2025-12-18 14:29"
"0.00","","-3.30","75","764","1019","","","","1.10","","SW","Облачно","2025-12-18 14:30"
"0.00","","-3.30","75","764","1019","","","","1.10","","SW","Облачно","2025-12-18 14:31"
"-0.10","","-4.30","75","764","1019","","","","2.50","","SW","Облачно","2025-12-18 14:32"
"-0.10","","-4.30","75","764","1019","","","","2.50","","SW","Облачно","2025-12-18 14:33"
"-0.10","","-4.30","75","764","1019","","","","2.40","","SW","Облачно","2025-12-18 14:34"
"-0.10","","-3.00","75","764","1019","","","","1.50","","SW","Облачно","2025-12-18 14:35"
"-0.10","","-3.60","75","765","1020","","","","1.90","","SW","Облачно","2025-12-18 14:36"
"-0.10","","-3.90","75","765","1020","","","","1.90","","SW","Облачно","2025-12-18 14:37"
"-0.10","","-4.10","75","765","1020","","","","2.10","","SW","Облачно","2025-12-18 14:38"
"-0.10","","-4.80","75","765","1020","","","","3.10","","SW","Облачно","2025-12-18 14:39"
"-0.10","","-4.80","75","765","1020","","","","1.60","","SW","Облачно","2025-12-18 14:40"
"-0.10","","-3.80","75","765","1020","","","","1.70","","SW","Облачно","2025-12-18 14:41"
"-0.10","","-3.80","75","765","1020","","","","0.50","","SW","Облачно","2025-12-18 14:42"
"-0.10","","-2.90","75","765","1020","","","","1.40","","SW","Облачно","2025-12-18 14:43"
"-0.10","","-2.90","75","765","1020","","","","2.40","","SW","Облачно","2025-12-18 14:44"
"-0.10","","-4.10","75","765","1020","","","","2.20","","SW","Облачно","2025-12-18 14:45"
"-0.10","","-4.10","75","765","1020","","","","2.20","","SW","Облачно","2025-12-18 14:46"
"-0.10","","-4.10","75","765","1020","","","","2.20","","SW","Облачно","2025-12-18 14:47"
"-0.10","","-3.00","75","765","1020","","","","2.40","","SW","Облачно","2025-12-18 14:48"
"-0.10","","-3.00","75","765","1020","","","","2.40","","SW","Облачно","2025-12-18 14:49"
"-0.10","","-3.80","75","765","1020","","","","1.80","","SW","Облачно","2025-12-18 14:50"
"-0.10","","-3.90","74","765","1020","","","","1.80","","SW","Облачно","2025-12-18 14:51"
"-0.10","","-3.90","74","765","1020","","","","1.90","","SW","Облачно","2025-12-18 14:52"
"-0.10","","-3.90","74","765","1020","","","","1.90","","SW","Облачно","2025-12-18 14:53"
"-0.10","","-3.90","75","765","1020","","","","1.90","","SW","Облачно","2025-12-18 14:54"
"-0.20","","-4.20","75","765","1020","","","","2.20","","SW","Облачно","2025-12-18 14:55"
"-0.20","","-4.20","75","765","1020","","","","1.50","","SW","Облачно","2025-12-18 14:56"
"-0.20","","-3.80","75","765","1020","","","","1.20","","SW","Облачно","2025-12-18 14:57"
"-0.20","","-3.50","75","765","1020","","","","1.30","","SW","Облачно","2025-12-18 14:58"
"-0.20","","-3.60","75","765","1020","","","","1.20","","SW","Облачно","2025-12-18 14:59"
"-0.20","","-4.60","75","765","1020","","","","2.70","","SW","Облачно","2025-12-18 15:00"
"-0.20","","-3.80","75","765","1020","","","","1.50","","SW","Облачно","2025-12-18 15:01"
"-0.20","","-3.80","75","765","1020","","","","1.50","","SW","Облачно","2025-12-18 15:02"
"-0.20","","-3.40","75","765","1020","","","","1.00","","SW","Облачно","2025-12-18 15:03"
"-0.20","","-3.40","75","765","1020","","","","1.00","","SW","Облачно","2025-12-18 15:04"
"-0.20","","-3.40","75","765","1020","","","","1.00","","SW","Облачно","2025-12-18 15:05"
"-0.20","","-3.40","75","765","1020","","","","1.60","","SW","Облачно","2025-12-18 15:06"
"-0.20","","-4.20","75","765","1020","","","","2.20","","SW","Облачно","2025-12-18 15:07"
"-0.20","","-4.20","75","765","1020","","","","1.30","","SW","Облачно","2025-12-18 15:08"
"-0.20","","-3.60","75","765","1020","","","","1.30","","SW","Облачно","2025-12-18 15:09"
"-0.20","","-3.60","75","765","1020","","","","2.50","","SW","Облачно","2025-12-18 15:10"
"-0.20","","-3.60","75","765","1020","","","","1.00","","SW","Облачно","2025-12-18 15:11"
"-0.20","","-3.40","75","765","1020","","","","1.00","","SW","Облачно","2025-12-18 15:12"
"-0.20","","-3.40","75","765","1020","","","","1.00","","SW","Облачно","2025-12-18 15:13"
"-0.20","","-3.40","75","765","1020","","","","1.60","","SW","Облачно","2025-12-18 15:14"
"-0.20","","-3.50","75","765","1020","","","","1.10","","SW","Облачно","2025-12-18 15:15"
"-0.20","","-3.50","75","765","1020","","","","0.60","","SW","Облачно","2025-12-18 15:16"
"-0.20","","-3.10","75","765","1020","","","","1.70","","SW","Облачно","2025-12-18 15:17"
"-0.20","","-3.10","75","765","1020","","","","1.70","","SW","Облачно","2025-12-18 15:18"
"-0.20","","-3.10","75","765","1020","","","","1.70","","SW","Облачно","2025-12-18 15:19"
"-0.20","","-3.80","75","765","1020","","","","0.90","","SW","Облачно","2025-12-18 15:20"
"-0.20","","-3.30","75","765","1020","","","","0.40","","SW","Облачно","2025-12-18 15:21"
"-0.20","","-3.30","75","765","1020","","","","0.40","","SW","Облачно","2025-12-18 15:22"
"-0.20","","-3.50","75","765","1020","","","","1.20","","SW","Облачно","2025-12-18 15:23"
"-0.20","","-3.50","75","765","1020","","","","0.40","","SW","Облачно","2025-12-18 15:24"
"-0.20","","-3.00","75","765","1020","","","","0.50","","SW","Облачно","2025-12-18 15:25"
"-0.20","","-3.00","75","765","1020","","","","0.50","","SW","Облачно","2025-12-18 15:26"
"-0.20","","-3.10","75","765","1020","","","","0.90","","SW","Облачно","2025-12-18 15:27"
"-0.20","","-3.30","75","765","1020","","","","1.60","","SW","Облачно","2025-12-18 15:28"
"-0.20","","-3.80","75","765","1020","","","","1.60","","SW","Облачно","2025-12-18 15:29"
"-0.20","","-3.80","75","765","1020","","","","1.60","","SW","Облачно","2025-12-18 15:30"
"-0.20","","-3.30","75","765","1020","","","","0.90","","SW","Облачно","2025-12-18 15:31"
"-0.20","","-3.80","75","765","1020","","","","1.50","","SW","Облачно","2025-12-18 15:32"
"-0.20","","-4.20","75","765","1020","","","","2.10","","SW","Облачно","2025-12-18 15:33"
"-0.20","","-4.20","75","765","1020","","","","2.10","","SW","Облачно","2025-12-18 15:34"
"-0.20","","-4.20","75","765","1020","","","","2.10","","SW","Облачно","2025-12-18 15:35"
"-0.20","","-4.20","75","765","1020","","","","3.80","","SW","Облачно","2025-12-18 15:36"
"-0.20","","-5.40","75","765","1020","","","","3.80","","SW","Облачно","2025-12-18 15:37"
"-0.20","","-5.40","75","765","1020","","","","3.80","","SW","Облачно","2025-12-18 15:38"
"-0.20","","-5.40","75","765","1020","","","","3.80","","SW","Облачно","2025-12-18 15:39"
"-0.30","","-5.50","75","765","1020","","","","3.80","","SW","Облачно","2025-12-18 15:40"
"-0.30","","-5.50","75","765","1020","","","","3.80","","SW","Облачно","2025-12-18 15:41"
"-0.30","","-5.50","75","765","1020","","","","3.80","","SW","Облачно","2025-12-18 15:42"
"-0.30","","-5.50","75","765","1020","","","","3.80","","SW","Облачно","2025-12-18 15:43"
"-0.30","","-5.50","75","765","1020","","","","3.80","","SW","Облачно","2025-12-18 15:44"
"-0.30","","-6.50","75","765","1020","","","","5.30","","SW","Облачно","2025-12-18 15:45"
"-0.30","","-5.80","75","765","1020","","","","4.30","","WSW","Облачно","2025-12-18 15:46"
"-0.30","","-5.80","75","765","1020","","","","4.30","","WSW","Облачно","2025-12-18 15:47"
"-0.30","","-5.80","75","765","1020","","","","4.30","","WSW","Облачно","2025-12-18 15:48"
"-0.30","","-5.80","75","765","1020","","","","3.90","","WSW","Облачно","2025-12-18 15:49"
"-0.30","","-5.50","75","765","1020","","","","3.10","","WSW","Облачно","2025-12-18 15:50"
"-0.30","","-5.00","75","765","1020","","","","0.90","","WSW","Облачно","2025-12-18 15:51"
"-0.30","","-3.40","75","765","1020","","","","0.90","","WSW","Облачно","2025-12-18 15:52"
"-0.30","","-3.40","75","765","1020","","","","0.90","","WSW","Облачно","2025-12-18 15:53"
"-0.30","","-3.70","75","765","1020","","","","1.20","","WSW","Облачно","2025-12-18 15:54"
"-0.20","","-3.10","75","765","1020","","","","0.50","","WSW","Облачно","2025-12-18 15:55"
"-0.30","","-3.20","75","765","1020","","","","1.90","","WSW","Облачно","2025-12-18 15:56"
"-0.20","","-4.00","75","765","1020","","","","1.90","","WSW","Облачно","2025-12-18 15:57"
"-0.20","","-4.20","75","765","1020","","","","1.80","","WSW","Облачно","2025-12-18 15:58"
"-0.20","","-4.20","75","765","1020","","","","1.80","","WSW","Облачно","2025-12-18 15:59"
"-0.20","","-3.00","75","765","1020","","","","1.50","","WSW","Облачно","2025-12-18 16:00"
"-0.20","","-3.00","75","765","1020","","","","1.50","","WSW","Облачно","2025-12-18 16:01"
"-0.20","","-3.00","75","765","1020","","","","3.00","","WSW","Облачно","2025-12-18 16:02"
"-0.20","","-3.60","75","765","1020","","","","1.30","","WSW","Облачно","2025-12-18 16:03"
"-0.20","","-3.60","75","765","1020","","","","1.30","","WSW","Облачно","2025-12-18 16:04"
"-0.20","","-4.20","75","765","1020","","","","2.20","","WSW","Облачно","2025-12-18 16:05"
"-0.20","","-3.80","75","765","1020","","","","1.70","","WSW","Облачно","2025-12-18 16:06"
"-0.20","","-3.90","75","765","1020","","","","1.90","","WSW","Облачно","2025-12-18 16:07"
"-0.20","","-3.90","75","765","1020","","","","1.90","","WSW","Облачно","2025-12-18 16:08"
"-0.20","","-4.00","75","765","1020","","","","1.90","","WSW","Облачно","2025-12-18 16:09"
"-0.20","","-4.20","75","765","1020","","","","3.10","","WSW","Облачно","2025-12-18 16:10"
"-0.20","","-4.20","75","765","1020","","","","3.10","","WSW","Облачно","2025-12-18 16:11"
"-0.10","","-4.80","75","765","1020","","","","1.60","","WSW","Облачно","2025-12-18 16:12"
"-0.10","","-3.70","75","765","1020","","","","2.00","","WSW","Облачно","2025-12-18 16:13"
"-0.10","","-4.00","75","765","1020","","","","0.40","","WSW","Облачно","2025-12-18 16:14"
"-0.10","","-2.90","75","765","1020","","","","0.00","","WSW","Облачно","2025-12-18 16:15"
"-0.10","","-2.60","75","765","1020","","","","0.00","","WSW","Облачно","2025-12-18 16:16"
"-0.10","","-2.60","75","765","1020","","","","0.00","","WSW","Облачно","2025-12-18 16:17"
"-0.10","","-2.60","75","765","1020","","","","2.50","","WSW","Облачно","2025-12-18 16:18"
"-0.10","","-4.30","75","765","1020","","","","1.00","","WSW","Облачно","2025-12-18 16:19"
"-0.10","","-3.30","75","765","1020","","","","2.60","","WSW","Облачно","2025-12-18 16:20"
"-0.10","","-4.40","75","765","1020","","","","2.60","","WSW","Облачно","2025-12-18 16:21"
"-0.10","","-4.40","75","765","1020","","","","2.60","","WSW","Облачно","2025-12-18 16:22"
"-0.10","","-4.40","75","765","1020","","","","3.20","","WSW","Облачно","2025-12-18 16:23"
"-0.10","","-4.40","75","765","1020","","","","3.20","","WSW","Облачно","2025-12-18 16:24"
"-0.10","","-4.90","74","765","1020","","","","1.80","","WSW","Облачно","2025-12-18 16:25"
"-0.10","","-4.90","74","765","1020","","","","1.60","","WSW","Облачно","2025-12-18 16:26"
"-0.10","","-3.70","74","765","1020","","","","1.60","","WSW","Облачно","2025-12-18 16:27"
"-0.10","","-3.70","74","765","1020","","","","1.60","","WSW","Облачно","2025-12-18 16:28"
"-0.10","","-3.70","74","765","1020","","","","1.60","","WSW","Облачно","2025-12-18 16:29"
"-0.10","","-3.70","74","765","1020","","","","1.60","","WSW","Облачно","2025-12-18 16:30"
"-0.10","","-3.70","74","765","1020","","","","0.70","","WSW","Облачно","2025-12-18 16:31"
"-0.10","","-3.30","74","765","1020","","","","1.00","","WSW","Облачно","2025-12-18 16:32"
"-0.10","","-3.30","74","765","1020","","","","1.00","","WSW","Облачно","2025-12-18 16:33"
"-0.10","","-3.50","74","765","1020","","","","1.20","","WSW","Облачно","2025-12-18 16:34"
"-0.10","","-3.50","74","765","1020","","","","1.20","","WSW","Облачно","2025-12-18 16:35"
"-0.10","","-3.50","74","765","1020","","","","1.20","","WSW","Облачно","2025-12-18 16:36"
"-0.10","","-3.70","74","765","1020","","","","1.60","","WSW","Облачно","2025-12-18 16:37"
"-0.10","","-3.70","74","765","1020","","","","1.90","","WSW","Облачно","2025-12-18 16:38"
"-0.10","","-3.90","74","765","1020","","","","1.00","","WSW","Облачно","2025-12-18 16:39"
"-0.10","","-3.20","74","765","1020","","","","0.90","","WSW","Облачно","2025-12-18 16:40"
"-0.10","","-3.20","74","765","1020","","","","0.90","","WSW","Облачно","2025-12-18 16:41"
"-0.10","","-3.20","74","765","1020","","","","0.90","","WSW","Облачно","2025-12-18 16:42"
"-0.10","","-3.60","73","765","1020","","","","1.50","","WSW","Облачно","2025-12-18 16:43"
"-0.10","","-3.70","73","765","1020","","","","1.40","","WSW","Облачно","2025-12-18 16:44"
"-0.10","","-3.60","73","765","1020","","","","0.50","","WSW","Облачно","2025-12-18 16:45"
"-0.10","","-3.00","73","765","1020","","","","0.50","","WSW","Облачно","2025-12-18 16:46"
"-0.10","","-3.00","73","765","1020","","","","1.40","","WSW","Облачно","2025-12-18 16:47"
"-0.10","","-3.70","73","765","1020","","","","1.50","","WSW","Облачно","2025-12-18 16:48"
"-0.10","","-3.70","73","765","1020","","","","1.30","","WSW","Облачно","2025-12-18 16:49"
"0.00","","-3.40","73","765","1020","","","","0.40","","WSW","Облачно","2025-12-18 16:50"
"0.00","","-2.80","73","765","1021","","","","1.90","","WSW","Облачно","2025-12-18 16:51"
"0.00","","-2.80","73","765","1021","","","","1.90","","WSW","Облачно","2025-12-18 16:52"
"0.00","","-2.80","73","765","1021","","","","1.50","","WSW","Облачно","2025-12-18 16:53"
"0.00","","-3.40","73","765","1021","","","","1.30","","WSW","Облачно","2025-12-18 16:54"
"0.00","","-3.40","73","765","1021","","","","1.30","","WSW","Облачно","2025-12-18 16:55"
"0.00","","-3.20","73","765","1021","","","","0.90","","WSW","Облачно","2025-12-18 16:56"
"-0.10","","-3.30","73","765","1021","","","","1.80","","WSW","Облачно","2025-12-18 16:57"
"-0.10","","-3.30","73","765","1021","","","","1.80","","WSW","Облачно","2025-12-18 16:58"
"-0.10","","-3.70","72","765","1021","","","","1.60","","WSW","Облачно","2025-12-18 16:59"
"-0.10","","-3.80","72","765","1021","","","","1.20","","WSW","Облачно","2025-12-18 17:00"
"-0.10","","-3.80","72","765","1021","","","","1.20","","WSW","Облачно","2025-12-18 17:01"
"-0.10","","-3.40","72","765","1021","","","","1.10","","WSW","Облачно","2025-12-18 17:02"
"-0.10","","-3.40","72","765","1021","","","","1.10","","WSW","Облачно","2025-12-18 17:03"
"-0.10","","-3.10","72","765","1021","","","","0.60","","WSW","Облачно","2025-12-18 17:04"
"-0.10","","-3.40","72","765","1021","","","","1.10","","WSW","Облачно","2025-12-18 17:05"
"-0.10","","-3.40","72","765","1020","","","","1.10","","WSW","Облачно","2025-12-18 17:06"
"-0.10","","-3.30","72","765","1020","","","","1.10","","WSW","Облачно","2025-12-18 17:07"
"-0.10","","-3.40","72","765","1020","","","","0.60","","WSW","Облачно","2025-12-18 17:08"
"-0.10","","-3.40","72","765","1020","","","","0.90","","WSW","Облачно","2025-12-18 17:09"
"-0.10","","-3.30","72","765","1020","","","","1.20","","WSW","Облачно","2025-12-18 17:10"
"-0.10","","-3.10","72","765","1020","","","","0.70","","WSW","Облачно","2025-12-18 17:11"
"-0.10","","-3.30","72","765","1020","","","","0.90","","WSW","Облачно","2025-12-18 17:12"
"-0.10","","-3.00","72","765","1020","","","","0.50","","WSW","Облачно","2025-12-18 17:13"
"0.00","","-2.90","72","765","1020","","","","1.20","","WSW","Облачно","2025-12-18 17:14"
"-0.10","","-3.50","72","765","1020","","","","1.20","","WSW","Облачно","2025-12-18 17:15"
"-0.10","","-3.50","71","765","1020","","","","1.30","","WSW","Облачно","2025-12-18 17:16"
"-0.10","","-3.50","71","765","1020","","","","1.30","","WSW","Облачно","2025-12-18 17:17"
"-0.10","","-3.60","71","765","1020","","","","1.30","","WSW","Облачно","2025-12-18 17:18"
"-0.10","","-3.20","71","765","1020","","","","0.70","","WSW","Облачно","2025-12-18 17:19"
"-0.10","","-3.20","71","765","1020","","","","1.50","","WSW","Облачно","2025-12-18 17:20"
"-0.10","","-3.20","71","765","1020","","","","1.50","","WSW","Облачно","2025-12-18 17:21"
"-0.10","","-3.70","71","764","1019","","","","1.70","","WSW","Облачно","2025-12-18 17:22"
"-0.10","","-3.90","71","764","1019","","","","1.10","","WSW","Облачно","2025-12-18 17:23"
"-0.10","","-3.40","71","764","1019","","","","1.10","","WSW","Облачно","2025-12-18 17:24"
"-0.10","","-3.30","71","764","1019","","","","1.00","","WSW","Облачно","2025-12-18 17:25"
"-0.10","","-3.00","71","764","1019","","","","0.50","","WSW","Облачно","2025-12-18 17:26"
"-0.10","","-3.00","71","764","1019","","","","0.90","","WSW","Облачно","2025-12-18 17:27"
"-0.10","","-3.30","71","764","1019","","","","0.60","","WSW","Облачно","2025-12-18 17:28"
"-0.10","","-3.10","71","764","1019","","","","0.90","","WSW","Облачно","2025-12-18 17:29"
"-0.10","","-3.30","71","764","1019","","","","0.90","","WSW","Облачно","2025-12-18 17:30"
"-0.10","","-2.70","71","764","1019","","","","0.90","","WSW","Облачно","2025-12-18 17:31"
"-0.10","","-3.10","71","764","1019","","","","0.60","","WSW","Облачно","2025-12-18 17:32"
"-0.10","","-3.70","71","764","1019","","","","1.40","","WSW","Облачно","2025-12-18 17:33"
"-0.10","","-3.70","71","764","1019","","","","0.90","","WSW","Облачно","2025-12-18 17:34"
"-0.10","","-3.30","71","764","1019","","","","0.40","","WSW","Облачно","2025-12-18 17:35"
"-0.10","","-3.30","71","764","1019","","","","0.40","","WSW","Облачно","2025-12-18 17:36"
"-0.10","","-3.00","71","764","1019","","","","0.50","","WSW","Облачно","2025-12-18 17:37"
"0.00","","-2.90","71","764","1019","","","","0.40","","WSW","Облачно","2025-12-18 17:38"
"0.00","","-2.90","71","764","1019","","","","0.40","","WSW","Облачно","2025-12-18 17:39"
"0.00","","-2.80","72","764","1019","","","","0.40","","WSW","Облачно","2025-12-18 17:40"
"0.00","","-3.70","72","764","1019","","","","1.70","","WSW","Облачно","2025-12-18 17:41"
"0.00","","-3.70","72","764","1019","","","","1.50","","WSW","Облачно","2025-12-18 17:42"
"0.00","","-3.70","72","764","1019","","","","1.10","","WSW","Облачно","2025-12-18 17:43"
"0.00","","-3.70","72","764","1019","","","","0.50","","WSW","Облачно","2025-12-18 17:44"
"0.00","","-2.90","72","764","1019","","","","0.50","","WSW","Облачно","2025-12-18 17:45"
"0.10","","-2.80","72","764","1019","","","","0.60","","WSW","Облачно","2025-12-18 17:46"
"0.10","","-2.80","72","764","1019","","","","0.60","","WSW","Облачно","2025-12-18 17:47"
"0.10","","-2.70","72","764","1019","","","","0.40","","WSW","Облачно","2025-12-18 17:48"
"0.10","","-2.70","72","764","1019","","","","0.40","","WSW","Облачно","2025-12-18 17:49"
"0.10","","-3.60","72","764","1019","","","","1.60","","WSW","Облачно","2025-12-18 17:50"
"0.10","","-3.60","72","764","1019","","","","1.60","","WSW","Облачно","2025-12-18 17:51"
"0.10","","-3.10","72","764","1019","","","","1.10","","WSW","Облачно","2025-12-18 17:52"
"0.10","","-3.20","72","764","1019","","","","1.10","","WSW","Облачно","2025-12-18 17:53"
"0.10","","-3.20","72","764","1019","","","","0.90","","WSW","Облачно","2025-12-18 17:54"
"0.20","","-3.00","72","764","1019","","","","0.90","","WSW","Облачно","2025-12-18 17:55"
"0.20","","-3.00","72","764","1019","","","","0.90","","WSW","Облачно","2025-12-18 17:56"
"0.20","","-3.00","72","764","1019","","","","0.90","","WSW","Облачно","2025-12-18 17:57"
"0.20","","-3.20","72","764","1019","","","","0.60","","WSW","Облачно","2025-12-18 17:58"
"0.20","","-2.70","72","764","1019","","","","1.70","","WSW","Облачно","2025-12-18 17:59"
"0.20","","-3.50","72","764","1019","","","","1.70","","WSW","Облачно","2025-12-18 18:00"
"0.20","","-3.50","72","764","1019","","","","1.40","","WSW","Облачно","2025-12-18 18:01"
"0.20","","-3.30","72","764","1019","","","","1.70","","WSW","Облачно","2025-12-18 18:02"
"0.20","","-3.50","72","764","1019","","","","1.70","","WSW","Облачно","2025-12-18 18:03"
"0.20","","-2.70","72","764","1019","","","","0.60","","WSW","Облачно","2025-12-18 18:04"
"0.20","","-2.30","72","764","1019","","","","0.00","","WSW","Облачно","2025-12-18 18:05"
"0.20","","-2.30","72","764","1019","","","","1.10","","WSW","Облачно","2025-12-18 18:06"
"0.20","","-2.30","72","764","1019","","","","1.10","","WSW","Облачно","2025-12-18 18:07"
"0.20","","-3.20","71","764","1019","","","","2.20","","WSW","Облачно","2025-12-18 18:08"
"0.30","","-3.80","71","764","1019","","","","2.00","","WSW","Облачно","2025-12-18 18:09"
"0.30","","-3.40","71","764","1019","","","","1.70","","WSW","Облачно","2025-12-18 18:10"
"0.30","","-2.70","71","764","1019","","","","0.70","","WSW","Облачно","2025-12-18 18:11"
"0.30","","-2.70","71","764","1019","","","","0.70","","WSW","Облачно","2025-12-18 18:12"
"0.30","","-2.70","71","764","1019","","","","0.90","","WSW","Облачно","2025-12-18 18:13"
"0.30","","-2.90","71","764","1019","","","","0.50","","WSW","Облачно","2025-12-18 18:14"
"0.30","","-2.60","71","764","1019","","","","0.50","","WSW","Облачно","2025-12-18 18:15"
"0.30","","-2.60","71","764","1019","","","","0.70","","WSW","Облачно","2025-12-18 18:16"
"0.30","","-2.70","71","764","1019","","","","1.10","","WSW","Облачно","2025-12-18 18:17"
"0.30","","-2.70","71","764","1019","","","","1.10","","WSW","Облачно","2025-12-18 18:18"
"0.30","","-3.90","71","764","1019","","","","2.40","","WSW","Облачно","2025-12-18 18:19"
"0.30","","-3.90","71","764","1019","","","","1.40","","WSW","Облачно","2025-12-18 18:20"
"0.30","","-3.20","71","764","1019","","","","1.40","","WSW","Облачно","2025-12-18 18:21"
"0.30","","-3.20","71","764","1019","","","","1.40","","WSW","Облачно","2025-12-18 18:22"
"0.30","","-2.70","71","764","1019","","","","1.60","","WSW","Облачно","2025-12-18 18:23"
"0.30","","-3.40","71","764","1019","","","","3.20","","WSW","Облачно","2025-12-18 18:24"
"0.30","","-4.50","71","764","1019","","","","3.20","","WSW","Облачно","2025-12-18 18:25"
"0.40","","-4.40","71","764","1019","","","","3.20","","WSW","Облачно","2025-12-18 18:26"
"0.40","","-5.10","71","764","1019","","","","4.30","","WSW","Облачно","2025-12-18 18:27"
"0.40","","-5.10","71","764","1019","","","","4.30","","WSW","Облачно","2025-12-18 18:28"
"0.40","","-5.10","71","764","1019","","","","4.30","","SW","Облачно","2025-12-18 18:29"
"0.40","","-4.20","71","764","1019","","","","1.20","","SW","Облачно","2025-12-18 18:30"
"0.40","","-4.20","71","764","1019","","","","1.20","","SW","Облачно","2025-12-18 18:31"
"0.40","","-2.50","71","764","1019","","","","0.90","","SW","Облачно","2025-12-18 18:32"
"0.40","","-2.80","71","764","1019","","","","0.90","","SW","Облачно","2025-12-18 18:33"
"0.40","","-2.80","71","764","1019","","","","0.90","","SW","Облачно","2025-12-18 18:34"
"0.40","","-3.80","71","764","1019","","","","1.10","","SW","Облачно","2025-12-18 18:35"
"0.40","","-3.80","71","763","1018","","","","0.60","","SW","Облачно","2025-12-18 18:36"
"0.40","","-2.50","71","763","1018","","","","0.60","","SW","Облачно","2025-12-18 18:37"
"0.40","","-3.20","71","763","1018","","","","1.60","","SW","Облачно","2025-12-18 18:38"
"0.40","","-3.50","71","763","1018","","","","2.00","","SW","Облачно","2025-12-18 18:39"
"0.40","","-3.50","71","763","1018","","","","1.90","","SW","Облачно","2025-12-18 18:40"
"0.40","","-3.50","71","763","1018","","","","1.90","","SW","Облачно","2025-12-18 18:41"
"0.40","","-3.00","71","763","1018","","","","1.20","","SW","Облачно","2025-12-18 18:42"
"0.40","","-3.00","71","763","1018","","","","1.20","","SW","Облачно","2025-12-18 18:43"
"0.40","","-2.90","71","763","1018","","","","1.10","","SW","Облачно","2025-12-18 18:44"
"0.40","","-3.00","71","763","1018","","","","1.60","","SW","Облачно","2025-12-18 18:45"
"0.40","","-3.20","71","763","1018","","","","1.70","","SW","Облачно","2025-12-18 18:46"
"0.40","","-3.30","71","763","1018","","","","1.00","","SW","Облачно","2025-12-18 18:47"
"0.40","","-2.90","71","763","1018","","","","1.10","","SW","Облачно","2025-12-18 18:48"
"0.40","","-2.90","71","763","1018","","","","1.10","","SW","Облачно","2025-12-18 18:49"
"0.40","","-2.90","71","763","1018","","","","1.10","","SW","Облачно","2025-12-18 18:50"
"0.40","","-2.90","71","763","1018","","","","2.50","","SW","Облачно","2025-12-18 18:51"
"0.40","","-3.90","71","763","1018","","","","1.70","","SW","Облачно","2025-12-18 18:52"
"0.40","","-3.30","71","763","1018","","","","2.20","","SW","Облачно","2025-12-18 18:53"
"0.40","","-3.70","71","763","1018","","","","2.20","","SW","Облачно","2025-12-18 18:54"
"0.40","","-3.70","71","763","1018","","","","2.20","","SW","Облачно","2025-12-18 18:55"
"0.40","","-5.10","71","763","1018","","","","4.20","","SW","Облачно","2025-12-18 18:56"
"0.40","","-5.10","71","763","1018","","","","4.20","","SW","Облачно","2025-12-18 18:57"
"0.40","","-5.10","71","763","1018","","","","4.20","","SW","Облачно","2025-12-18 18:58"
"0.40","","-5.10","71","763","1018","","","","4.60","","SW","Облачно","2025-12-18 18:59"
"0.50","","-5.20","71","763","1018","","","","4.40","","SW","Облачно","2025-12-18 19:00"
"0.50","","-5.20","71","763","1018","","","","4.40","","SW","Облачно","2025-12-18 19:01"
"0.50","","-5.10","71","763","1018","","","","2.10","","SW","Облачно","2025-12-18 19:02"
"0.50","","-3.50","71","763","1018","","","","2.10","","SW","Облачно","2025-12-18 19:03"
"0.50","","-3.50","71","763","1018","","","","2.10","","SW","Облачно","2025-12-18 19:04"
"0.50","","-3.50","71","763","1018","","","","3.30","","SW","Облачно","2025-12-18 19:05"
"0.50","","-3.80","71","763","1018","","","","2.50","","SW","Облачно","2025-12-18 19:06"
"0.50","","-3.60","71","763","1018","","","","1.20","","SW","Облачно","2025-12-18 19:07"
"0.50","","-3.60","71","763","1018","","","","1.20","","SW","Облачно","2025-12-18 19:08"
"0.50","","-2.40","71","763","1018","","","","2.00","","SW","Облачно","2025-12-18 19:09"
"0.50","","-3.30","71","763","1018","","","","1.90","","WSW","Облачно","2025-12-18 19:10"
"0.50","","-3.30","71","763","1018","","","","1.90","","WSW","Облачно","2025-12-18 19:11"
"0.50","","-3.30","71","763","1018","","","","1.90","","WSW","Облачно","2025-12-18 19:12"
"0.50","","-3.90","70","763","1018","","","","2.70","","WSW","Облачно","2025-12-18 19:13"
"0.50","","-4.30","70","763","1018","","","","3.40","","WSW","Облачно","2025-12-18 19:14"
"0.50","","-4.40","70","763","1018","","","","3.40","","WSW","Облачно","2025-12-18 19:15"
"0.50","","-4.40","70","763","1018","","","","1.50","","WSW","Облачно","2025-12-18 19:16"
"0.50","","-4.40","70","763","1018","","","","1.50","","WSW","Облачно","2025-12-18 19:17"
"0.50","","-2.90","70","763","1018","","","","1.30","","WSW","Облачно","2025-12-18 19:18"
"0.50","","-2.90","70","763","1018","","","","1.30","","WSW","Облачно","2025-12-18 19:19"
"0.50","","-3.00","70","763","1018","","","","1.40","","WSW","Облачно","2025-12-18 19:20"
"0.50","","-3.00","70","763","1018","","","","1.40","","WSW","Облачно","2025-12-18 19:21"
"0.40","","-3.90","71","763","1018","","","","3.20","","WSW","Облачно","2025-12-18 19:22"
"0.50","","-4.30","70","763","1018","","","","3.20","","WSW","Облачно","2025-12-18 19:23"
"0.50","","-4.30","70","763","1018","","","","3.20","","WSW","Облачно","2025-12-18 19:24"
"0.50","","-3.90","70","763","1018","","","","2.60","","WSW","Облачно","2025-12-18 19:25"
"0.50","","-3.20","70","763","1018","","","","1.60","","WSW","Облачно","2025-12-18 19:26"
"0.50","","-3.20","70","763","1018","","","","1.60","","WSW","Облачно","2025-12-18 19:27"
"0.50","","-3.20","70","763","1018","","","","1.60","","WSW","Облачно","2025-12-18 19:28"
"0.50","","-3.20","70","763","1018","","","","1.70","","WSW","Облачно","2025-12-18 19:29"
"0.50","","-3.20","70","763","1018","","","","1.70","","WSW","Облачно","2025-12-18 19:30"
"0.50","","-3.20","70","763","1018","","","","1.70","","WSW","Облачно","2025-12-18 19:31"
"0.50","","-3.20","70","763","1018","","","","2.50","","WSW","Облачно","2025-12-18 19:32"
"0.50","","-3.20","70","763","1018","","","","2.50","","WSW","Облачно","2025-12-18 19:33"
"0.50","","-3.80","70","763","1018","","","","2.50","","WSW","Облачно","2025-12-18 19:34"
"0.50","","-3.50","70","763","1018","","","","2.10","","WSW","Облачно","2025-12-18 19:35"
"0.50","","-3.50","70","763","1018","","","","2.10","","WSW","Небольшая облачность","2025-12-18 19:36"
"0.50","","-3.40","70","763","1018","","","","1.00","","WSW","Небольшая облачность","2025-12-18 19:37"
"0.50","","-3.40","70","763","1018","","","","1.00","","WSW","Небольшая облачность","2025-12-18 19:38"
"0.50","","-2.50","70","763","1018","","","","0.90","","WSW","Небольшая облачность","2025-12-18 19:39"
"0.50","","-2.70","70","763","1018","","","","1.00","","WSW","Небольшая облачность","2025-12-18 19:40"
"0.50","","-2.70","70","763","1018","","","","1.00","","WSW","Небольшая облачность","2025-12-18 19:41"
"0.50","","-2.70","70","763","1018","","","","0.90","","WSW","Небольшая облачность","2025-12-18 19:42"
"0.50","","-2.70","70","763","1018","","","","0.90","","WSW","Небольшая облачность","2025-12-18 19:43"
"0.50","","-3.10","70","763","1018","","","","0.40","","WSW","Небольшая облачность","2025-12-18 19:44"
"0.50","","-2.30","70","763","1018","","","","1.50","","WSW","Небольшая облачность","2025-12-18 19:45"
"0.50","","-2.30","70","763","1018","","","","1.50","","WSW","Небольшая облачность","2025-12-18 19:46"
"0.50","","-3.20","70","763","1018","","","","0.70","","WSW","Небольшая облачность","2025-12-18 19:47"
"0.50","","-2.70","70","763","1018","","","","1.00","","WSW","Небольшая облачность","2025-12-18 19:48"
"0.50","","-3.10","70","763","1018","","","","1.50","","WSW","Небольшая облачность","2025-12-18 19:49"
"0.50","","-3.10","70","763","1018","","","","0.50","","WSW","Небольшая облачность","2025-12-18 19:50"
"0.50","","-2.40","70","763","1018","","","","0.50","","WSW","Небольшая облачность","2025-12-18 19:51"
"0.50","","-2.50","70","763","1018","","","","0.70","","WSW","Небольшая облачность","2025-12-18 19:52"
"0.50","","-2.50","70","763","1018","","","","0.70","","WSW","Небольшая облачность","2025-12-18 19:53"
"0.50","","-2.50","70","763","1018","","","","0.60","","WSW","Небольшая облачность","2025-12-18 19:54"
"0.50","","-2.50","70","763","1018","","","","0.90","","WSW","Небольшая облачность","2025-12-18 19:55"
"0.50","","-2.70","70","763","1018","","","","0.90","","WSW","Небольшая облачность","2025-12-18 19:56"
"0.50","","-2.70","70","763","1018","","","","0.90","","WSW","Небольшая облачность","2025-12-18 19:57"
"0.50","","-2.70","70","763","1018","","","","0.90","","WSW","Небольшая облачность","2025-12-18 19:58"
"0.50","","-2.50","70","763","1018","","","","0.60","","WSW","Небольшая облачность","2025-12-18 19:59"
"0.50","","-2.50","70","763","1018","","","","0.70","","WSW","Облачно","2025-12-18 20:00"
"0.50","","-2.50","70","763","1018","","","","0.00","","W","Облачно","2025-12-18 20:01"
"0.50","","-2.50","70","763","1018","","","","0.40","","W","Облачно","2025-12-18 20:02"
"0.50","","-2.00","70","763","1018","","","","0.00","","W","Облачно","2025-12-18 20:03"
"0.50","","-2.00","70","763","1018","","","","0.00","","W","Облачно","2025-12-18 20:04"
"0.50","","-2.00","70","763","1018","","","","0.00","","W","Облачно","2025-12-18 20:05"
"0.50","","-2.00","70","764","1019","","","","0.00","","W","Облачно","2025-12-18 20:06"
"0.50","","-2.00","70","764","1019","","","","0.00","","W","Облачно","2025-12-18 20:07"
"0.50","","-2.00","70","764","1019","","","","0.50","","W","Облачно","2025-12-18 20:08"
"0.50","","-2.40","70","764","1019","","","","1.10","","WSW","Облачно","2025-12-18 20:09"
"0.50","","-2.80","70","764","1019","","","","0.60","","WSW","Облачно","2025-12-18 20:10"
"0.50","","-2.50","70","764","1019","","","","0.60","","WSW","Облачно","2025-12-18 20:11"
"0.50","","-2.50","70","764","1019","","","","0.60","","WSW","Облачно","2025-12-18 20:12"
"0.50","","-2.90","70","764","1019","","","","0.40","","SW","Облачно","2025-12-18 20:13"
"0.50","","-3.50","70","764","1019","","","","2.10","","SW","Облачно","2025-12-18 20:14"
"0.50","","-3.50","70","764","1019","","","","1.10","","WSW","Облачно","2025-12-18 20:15"
"0.50","","-3.50","70","764","1019","","","","1.10","","WSW","Облачно","2025-12-18 20:16"
"0.50","","-2.80","70","764","1019","","","","0.40","","WSW","Облачно","2025-12-18 20:17"
"0.50","","-2.80","70","764","1019","","","","0.40","","WSW","Облачно","2025-12-18 20:18"
"0.50","","-2.30","70","764","1019","","","","0.00","","WSW","Облачно","2025-12-18 20:19"
"0.50","","-2.30","70","764","1019","","","","0.00","","WSW","Облачно","2025-12-18 20:20"
"0.50","","-2.30","70","764","1019","","","","0.00","","WSW","Облачно","2025-12-18 20:21"
"0.50","","-2.30","70","764","1019","","","","0.00","","WSW","Облачно","2025-12-18 20:22"
"0.50","","-3.50","70","764","1019","","","","1.40","","WSW","Облачно","2025-12-18 20:23"
"0.50","","-3.50","70","764","1019","","","","1.40","","WSW","Облачно","2025-12-18 20:24"
"0.50","","-3.00","70","764","1019","","","","1.80","","WSW","Облачно","2025-12-18 20:25"
"0.50","","-3.00","70","764","1019","","","","1.40","","WSW","Облачно","2025-12-18 20:26"
"0.50","","-3.80","70","764","1019","","","","2.50","","WSW","Облачно","2025-12-18 20:27"
"0.50","","-3.80","70","764","1019","","","","2.50","","WSW","Облачно","2025-12-18 20:28"
"0.50","","-3.90","70","764","1019","","","","2.60","","WSW","Облачно","2025-12-18 20:29"
"0.50","","-3.90","70","764","1019","","","","2.60","","WSW","Облачно","2025-12-18 20:30"
"0.50","","-2.90","70","764","1019","","","","1.60","","WSW","Облачно","2025-12-18 20:31"
"0.50","","-3.20","70","764","1019","","","","2.90","","WSW","Облачно","2025-12-18 20:32"
"0.50","","-4.10","70","764","1019","","","","2.90","","WSW","Облачно","2025-12-18 20:33"
"0.50","","-3.00","70","764","1019","","","","1.40","","W","Облачно","2025-12-18 20:34"
"0.50","","-3.00","70","764","1019","","","","0.70","","W","Облачно","2025-12-18 20:35"
"0.50","","-3.40","70","764","1019","","","","2.00","","W","Облачно","2025-12-18 20:36"
"0.50","","-3.40","70","764","1019","","","","1.20","","W","Облачно","2025-12-18 20:37"
"0.50","","-2.90","70","764","1019","","","","1.50","","W","Облачно","2025-12-18 20:38"
"0.50","","-2.90","70","764","1019","","","","1.50","","W","Облачно","2025-12-18 20:39"
"0.50","","-2.90","70","764","1019","","","","1.90","","W","Облачно","2025-12-18 20:40"
"0.50","","-2.90","70","764","1019","","","","1.90","","W","Облачно","2025-12-18 20:41"
"0.50","","-3.30","71","764","1019","","","","1.90","","W","Облачно","2025-12-18 20:42"
"0.60","","-2.70","71","764","1019","","","","1.20","","W","Облачно","2025-12-18 20:43"
"0.60","","-2.70","71","764","1019","","","","1.20","","W","Облачно","2025-12-18 20:44"
"0.60","","-3.40","71","764","1019","","","","2.00","","W","Облачно","2025-12-18 20:45"
"0.60","","-3.30","71","764","1019","","","","1.50","","W","Облачно","2025-12-18 20:46"
"0.60","","-3.00","71","764","1019","","","","1.60","","W","Облачно","2025-12-18 20:47"
"0.60","","-2.20","71","764","1019","","","","0.40","","W","Облачно","2025-12-18 20:48"
"0.60","","-2.70","71","764","1019","","","","1.10","","W","Облачно","2025-12-18 20:49"
"0.60","","-2.70","71","764","1019","","","","1.10","","W","Облачно","2025-12-18 20:50"
"0.60","","-2.70","71","764","1019","","","","1.30","","W","Облачно","2025-12-18 20:51"
"0.60","","-2.50","71","764","1019","","","","0.90","","W","Облачно","2025-12-18 20:52"
"0.60","","-2.50","71","764","1019","","","","0.90","","W","Облачно","2025-12-18 20:53"
"0.60","","-2.80","71","764","1019","","","","1.30","","W","Облачно","2025-12-18 20:54"
"0.60","","-2.80","71","764","1019","","","","1.50","","W","Облачно","2025-12-18 20:55"
"0.60","","-2.30","71","764","1019","","","","0.60","","W","Облачно","2025-12-18 20:56"
"0.60","","-2.30","71","764","1019","","","","0.60","","W","Облачно","2025-12-18 20:57"
"0.60","","-2.60","71","764","1019","","","","1.00","","W","Облачно","2025-12-18 20:58"
"0.60","","-2.30","71","764","1019","","","","0.50","","W","Облачно","2025-12-18 20:59"
"0.70","","-2.10","71","764","1019","","","","0.70","","W","Облачно","2025-12-18 21:00"
"0.70","","-2.30","71","764","1019","","","","0.50","","W","Облачно","2025-12-18 21:01"
"0.70","","-2.30","71","764","1019","","","","0.50","","W","Облачно","2025-12-18 21:02"
"0.70","","-3.30","71","764","1019","","","","2.20","","W","Облачно","2025-12-18 21:03"
"0.70","","-2.50","71","764","1019","","","","1.00","","W","Облачно","2025-12-18 21:04"
"0.70","","-2.50","71","764","1019","","","","0.90","","W","Облачно","2025-12-18 21:05"
"0.70","","-2.50","71","763","1018","","","","1.10","","W","Облачно","2025-12-18 21:06"
"0.70","","-2.60","71","763","1018","","","","1.00","","W","Облачно","2025-12-18 21:07"
"0.80","","-2.40","71","763","1018","","","","0.40","","W","Облачно","2025-12-18 21:08"
"0.80","","-2.40","71","763","1018","","","","0.40","","W","Облачно","2025-12-18 21:09"
"0.80","","-1.70","71","763","1018","","","","0.00","","W","Облачно","2025-12-18 21:10"
"0.80","","-1.70","71","763","1018","","","","0.00","","W","Облачно","2025-12-18 21:11"
"0.80","","-1.70","71","763","1018","","","","0.00","","W","Облачно","2025-12-18 21:12"
"0.80","","-1.70","71","763","1018","","","","0.00","","W","Облачно","2025-12-18 21:13"
"0.80","","-2.20","70","763","1018","","","","0.70","","W","Облачно","2025-12-18 21:14"
"0.80","","-2.20","70","763","1018","","","","0.70","","W","Облачно","2025-12-18 21:15"
"0.80","","-2.20","70","763","1018","","","","0.70","","W","Облачно","2025-12-18 21:16"
"0.80","","-2.10","70","763","1018","","","","0.50","","W","Облачно","2025-12-18 21:17"
"0.80","","-2.90","70","763","1018","","","","1.70","","W","Облачно","2025-12-18 21:18"
"0.80","","-2.40","70","763","1018","","","","1.00","","W","Облачно","2025-12-18 21:19"
"0.80","","-2.40","70","763","1018","","","","1.00","","W","Облачно","2025-12-18 21:20"
"0.80","","-2.30","70","763","1018","","","","0.90","","W","Облачно","2025-12-18 21:21"
"0.80","","-2.30","70","763","1018","","","","1.20","","W","Облачно","2025-12-18 21:22"
"0.80","","-2.50","70","763","1018","","","","0.40","","W","Облачно","2025-12-18 21:23"
"0.80","","-2.00","70","763","1018","","","","0.70","","W","Облачно","2025-12-18 21:24"
"0.90","","-2.10","70","763","1018","","","","0.90","","W","Облачно","2025-12-18 21:25"
"0.90","","-1.90","70","763","1018","","","","0.50","","W","Облачно","2025-12-18 21:26"
"0.90","","-1.90","70","763","1018","","","","0.50","","W","Облачно","2025-12-18 21:27"
"0.90","","-1.90","70","763","1018","","","","0.50","","W","Облачно","2025-12-18 21:28"
"0.90","","-1.90","70","763","1018","","","","0.50","","W","Облачно","2025-12-18 21:29"
"0.90","","-3.60","70","763","1018","","","","2.80","","W","Облачно","2025-12-18 21:30"
"0.90","","-1.90","70","763","1018","","","","1.00","","W","Облачно","2025-12-18 21:31"
"0.90","","-2.30","70","763","1018","","","","0.60","","W","Облачно","2025-12-18 21:32"
"0.90","","-2.00","70","763","1018","","","","1.70","","W","Облачно","2025-12-18 21:33"
"0.90","","-2.40","70","763","1018","","","","1.20","","W","Облачно","2025-12-18 21:34"
"0.90","","-2.40","70","763","1018","","","","1.20","","W","Облачно","2025-12-18 21:35"
"0.90","","-2.00","70","764","1019","","","","0.60","","W","Облачно","2025-12-18 21:36"
"0.90","","-2.00","70","764","1019","","","","0.60","","W","Облачно","2025-12-18 21:37"
"0.90","","-2.00","69","764","1019","","","","0.60","","W","Облачно","2025-12-18 21:38"
"1.00","","-1.50","69","764","1019","","","","0.60","","W","Облачно","2025-12-18 21:39"
"1.00","","-1.90","69","764","1019","","","","0.60","","W","Облачно","2025-12-18 21:40"
"0.90","","-2.50","69","764","1019","","","","1.20","","W","Облачно","2025-12-18 21:41"
"0.90","","-2.30","69","764","1019","","","","1.00","","W","Облачно","2025-12-18 21:42"
"0.90","","-2.30","69","764","1019","","","","1.00","","W","Облачно","2025-12-18 21:43"
"0.90","","-2.00","69","764","1019","","","","0.40","","W","Облачно","2025-12-18 21:44"
"1.00","","-1.80","69","764","1019","","","","0.00","","W","Облачно","2025-12-18 21:45"
"1.00","","-2.20","69","764","1019","","","","1.00","","W","Облачно","2025-12-18 21:46"
"1.00","","-2.20","69","764","1019","","","","0.70","","W","Облачно","2025-12-18 21:47"
"1.00","","-2.00","69","764","1019","","","","0.40","","W","Облачно","2025-12-18 21:48"
"1.00","","-1.80","68","764","1019","","","","0.40","","W","Облачно","2025-12-18 21:49"
"1.00","","-2.20","68","764","1019","","","","1.00","","W","Облачно","2025-12-18 21:50"
"1.00","","-2.20","68","764","1019","","","","0.60","","W","Облачно","2025-12-18 21:51"
"1.00","","-1.90","68","764","1019","","","","0.60","","W","Облачно","2025-12-18 21:52"
"1.10","","-1.80","68","764","1019","","","","0.50","","W","Облачно","2025-12-18 21:53"
"1.10","","-1.80","68","764","1019","","","","0.40","","W","Облачно","2025-12-18 21:54"
"1.10","","-1.80","68","764","1019","","","","0.70","","W","Облачно","2025-12-18 21:55"
"1.10","","-2.70","68","764","1019","","","","1.90","","W","Облачно","2025-12-18 21:56"
"1.10","","-2.70","68","764","1019","","","","1.90","","W","Облачно","2025-12-18 21:57"
"1.10","","-1.90","68","764","1019","","","","0.70","","W","Облачно","2025-12-18 21:58"
"1.10","","-1.90","68","764","1019","","","","0.70","","W","Облачно","2025-12-18 21:59"
"1.10","","-1.90","68","764","1019","","","","0.70","","W","Облачно","2025-12-18 22:00"
"1.10","","-1.90","68","764","1019","","","","1.30","","W","Облачно","2025-12-18 22:01"
"1.10","","-2.30","67","764","1019","","","","2.10","","W","Облачно","2025-12-18 22:02"
"1.10","","-2.90","67","764","1019","","","","1.40","","W","Облачно","2025-12-18 22:03"
"1.10","","-2.40","67","764","1019","","","","0.70","","W","Облачно","2025-12-18 22:04"
"1.10","","-2.90","67","764","1019","","","","2.10","","W","Облачно","2025-12-18 22:05"
"1.10","","-2.90","67","763","1018","","","","2.10","","W","Облачно","2025-12-18 22:06"
"1.10","","-2.90","67","763","1018","","","","2.20","","W","Облачно","2025-12-18 22:07"
"1.10","","-3.00","67","763","1018","","","","1.20","","W","Облачно","2025-12-18 22:08"
"1.10","","-2.30","67","763","1018","","","","2.70","","W","Облачно","2025-12-18 22:09"
"1.10","","-2.30","67","763","1018","","","","2.70","","W","Облачно","2025-12-18 22:10"
"1.10","","-2.30","67","763","1018","","","","3.00","","W","Облачно","2025-12-18 22:11"
"1.10","","-2.30","67","763","1018","","","","3.00","","W","Облачно","2025-12-18 22:12"
"1.10","","-2.30","67","763","1018","","","","1.50","","W","Облачно","2025-12-18 22:13"
"1.10","","-2.30","67","763","1018","","","","1.50","","W","Облачно","2025-12-18 22:14"
"1.10","","-1.90","66","763","1018","","","","0.60","","W","Облачно","2025-12-18 22:15"
"1.10","","-1.90","66","763","1018","","","","0.60","","W","Облачно","2025-12-18 22:16"
"1.10","","-1.90","66","763","1018","","","","1.30","","W","Облачно","2025-12-18 22:17"
"1.10","","-1.90","66","763","1018","","","","1.30","","W","Облачно","2025-12-18 22:18"
"1.10","","-2.40","66","763","1018","","","","1.40","","W","Облачно","2025-12-18 22:19"
"1.10","","-2.40","66","763","1018","","","","1.10","","W","Облачно","2025-12-18 22:20"
"1.10","","-2.20","66","763","1018","","","","1.10","","W","Облачно","2025-12-18 22:21"
"1.10","","-1.80","66","763","1018","","","","0.50","","W","Облачно","2025-12-18 22:22"
"1.10","","-1.80","66","763","1018","","","","1.20","","W","Облачно","2025-12-18 22:23"
"1.10","","-2.30","66","763","1018","","","","1.80","","W","Облачно","2025-12-18 22:24"
"1.10","","-2.30","66","763","1018","","","","1.80","","W","Облачно","2025-12-18 22:25"
"1.10","","-3.20","66","763","1018","","","","2.50","","W","Облачно","2025-12-18 22:26"
"1.10","","-3.20","66","763","1018","","","","2.50","","W","Облачно","2025-12-18 22:27"
"1.10","","-3.20","65","763","1018","","","","2.50","","W","Облачно","2025-12-18 22:28"
"1.10","","-4.40","65","763","1018","","","","4.10","","W","Облачно","2025-12-18 22:29"
"1.10","","-3.00","65","763","1018","","","","2.10","","W","Небольшая облачность","2025-12-18 22:30"
"1.10","","-3.00","65","763","1018","","","","2.10","","W","Небольшая облачность","2025-12-18 22:31"
"1.10","","-3.00","65","763","1018","","","","1.30","","W","Небольшая облачность","2025-12-18 22:32"
"1.10","","-2.40","65","763","1018","","","","1.50","","W","Небольшая облачность","2025-12-18 22:33"
"1.10","","-2.40","65","763","1018","","","","1.30","","W","Небольшая облачность","2025-12-18 22:34"
"1.10","","-2.40","65","763","1018","","","","1.80","","W","Небольшая облачность","2025-12-18 22:35"
"1.10","","-2.70","65","764","1019","","","","1.30","","W","Небольшая облачность","2025-12-18 22:36"
"1.00","","-2.50","65","764","1019","","","","1.30","","W","Небольшая облачность","2025-12-18 22:37"
"1.00","","-2.50","65","764","1019","","","","1.30","","W","Небольшая облачность","2025-12-18 22:38"
"1.00","","-2.40","65","764","1019","","","","0.50","","W","Небольшая облачность","2025-12-18 22:39"
"1.00","","-1.90","65","764","1019","","","","1.20","","W","Небольшая облачность","2025-12-18 22:40"
"1.00","","-2.40","65","764","1019","","","","1.20","","W","Небольшая облачность","2025-12-18 22:41"
"1.00","","-2.40","65","764","1019","","","","1.20","","W","Небольшая облачность","2025-12-18 22:42"
"0.90","","-2.90","65","764","1019","","","","1.70","","W","Небольшая облачность","2025-12-18 22:43"
"0.90","","-2.90","65","764","1019","","","","1.70","","W","Небольшая облачность","2025-12-18 22:44"
"0.90","","-2.80","65","764","1019","","","","2.60","","W","Небольшая облачность","2025-12-18 22:45"
"0.90","","-3.50","65","764","1019","","","","2.60","","W","Небольшая облачность","2025-12-18 22:46"
"0.90","","-2.50","65","764","1019","","","","2.20","","W","Небольшая облачность","2025-12-18 22:47"
"0.90","","-2.50","65","764","1019","","","","2.20","","W","Небольшая облачность","2025-12-18 22:48"
"0.90","","-3.20","65","764","1019","","","","2.90","","W","Небольшая облачность","2025-12-18 22:49"
"0.90","","-3.70","65","764","1019","","","","2.90","","W","Небольшая облачность","2025-12-18 22:50"
"0.90","","-3.70","66","764","1019","","","","2.90","","W","Небольшая облачность","2025-12-18 22:51"
"0.90","","-3.70","66","764","1019","","","","2.90","","W","Небольшая облачность","2025-12-18 22:52"
"0.90","","-3.70","66","764","1019","","","","1.70","","W","Небольшая облачность","2025-12-18 22:53"
"1.00","","-2.80","66","764","1019","","","","1.70","","W","Небольшая облачность","2025-12-18 22:54"
"1.00","","-3.60","66","764","1019","","","","3.30","","W","Небольшая облачность","2025-12-18 22:55"
"0.90","","-4.00","66","764","1019","","","","2.00","","W","Небольшая облачность","2025-12-18 22:56"
"0.90","","-3.10","66","764","1019","","","","2.00","","W","Небольшая облачность","2025-12-18 22:57"
"0.90","","-2.30","66","764","1019","","","","0.90","","W","Небольшая облачность","2025-12-18 22:58"
"0.90","","-2.30","66","764","1019","","","","0.90","","W","Небольшая облачность","2025-12-18 22:59"
"0.90","","-2.90","66","764","1019","","","","1.80","","W","Небольшая облачность","2025-12-18 23:00"
"1.00","","-2.80","66","764","1019","","","","1.80","","W","Небольшая облачность","2025-12-18 23:01"
"1.00","","-2.80","66","764","1019","","","","1.80","","W","Небольшая облачность","2025-12-18 23:02"
"1.00","","-2.80","66","764","1019","","","","1.80","","W","Небольшая облачность","2025-12-18 23:03"
"1.00","","-2.80","66","764","1019","","","","1.80","","W","Небольшая облачность","2025-12-18 23:04"
"1.00","","-2.80","66","764","1019","","","","1.70","","W","Небольшая облачность","2025-12-18 23:05"
"1.00","","-2.80","66","763","1018","","","","0.50","","W","Облачно","2025-12-18 23:06"
"1.00","","-2.80","66","763","1018","","","","0.50","","W","Облачно","2025-12-18 23:07"
"1.00","","-2.80","66","763","1018","","","","0.60","","W","Облачно","2025-12-18 23:08"
"1.00","","-2.80","66","763","1018","","","","0.60","","W","Облачно","2025-12-18 23:09"
"1.00","","-2.80","66","763","1018","","","","2.50","","W","Облачно","2025-12-18 23:10"
"1.00","","-2.80","66","763","1018","","","","2.50","","W","Облачно","2025-12-18 23:11"
"1.00","","-2.90","67","763","1018","","","","1.00","","W","Облачно","2025-12-18 23:12"
"1.00","","-2.90","67","763","1018","","","","1.00","","W","Облачно","2025-12-18 23:13"
"1.00","","-2.20","67","763","1018","","","","1.00","","W","Облачно","2025-12-18 23:14"
"1.00","","-2.90","67","763","1018","","","","1.90","","W","Облачно","2025-12-18 23:15"
"1.00","","-2.90","67","763","1018","","","","1.50","","W","Облачно","2025-12-18 23:16"
"1.00","","-2.90","67","763","1018","","","","1.50","","W","Облачно","2025-12-18 23:17"
"1.00","","-2.60","67","763","1018","","","","1.30","","W","Облачно","2025-12-18 23:18"
"1.00","","-2.50","67","763","1018","","","","1.00","","W","Облачно","2025-12-18 23:19"
"1.00","","-2.20","67","763","1018","","","","1.00","","W","Облачно","2025-12-18 23:20"
"1.00","","-2.20","67","763","1018","","","","1.00","","W","Облачно","2025-12-18 23:21"
"1.00","","-2.00","67","764","1019","","","","0.70","","W","Облачно","2025-12-18 23:22"
"1.00","","-2.00","67","764","1019","","","","0.70","","W","Облачно","2025-12-18 23:23"
"1.10","","-1.90","67","764","1019","","","","0.70","","W","Облачно","2025-12-18 23:24"
"1.10","","-1.90","67","764","1019","","","","0.70","","W","Облачно","2025-12-18 23:25"
"1.10","","-1.90","67","764","1019","","","","3.80","","W","Облачно","2025-12-18 23:26"
"1.10","","-4.10","67","764","1019","","","","3.80","","W","Облачно","2025-12-18 23:27"
"1.10","","-4.10","67","764","1019","","","","4.60","","W","Облачно","2025-12-18 23:28"
"1.10","","-4.70","67","764","1019","","","","4.60","","W","Облачно","2025-12-18 23:29"
"1.10","","-4.70","67","764","1019","","","","1.80","","W","Облачно","2025-12-18 23:30"
"1.10","","-2.70","67","764","1019","","","","1.60","","W","Облачно","2025-12-18 23:31"
"1.10","","-2.60","67","764","1019","","","","1.60","","W","Облачно","2025-12-18 23:32"
"1.10","","-2.60","66","764","1019","","","","3.80","","W","Облачно","2025-12-18 23:33"
"1.10","","-4.10","66","764","1019","","","","3.80","","WNW","Облачно","2025-12-18 23:34"
"1.10","","-4.10","66","764","1019","","","","1.40","","WNW","Облачно","2025-12-18 23:35"
"1.10","","-2.40","66","764","1019","","","","1.30","","WNW","Облачно","2025-12-18 23:36"
"1.10","","-2.40","66","764","1019","","","","1.30","","WNW","Облачно","2025-12-18 23:37"
"1.10","","-2.40","66","764","1019","","","","1.10","","WNW","Облачно","2025-12-18 23:38"
"1.10","","-2.40","66","764","1019","","","","1.10","","WNW","Облачно","2025-12-18 23:39"
"1.10","","-2.40","66","764","1019","","","","1.10","","WNW","Облачно","2025-12-18 23:40"
"1.10","","-2.20","66","764","1019","","","","1.60","","WNW","Облачно","2025-12-18 23:41"
"1.10","","-2.60","66","764","1019","","","","1.70","","WNW","Облачно","2025-12-18 23:42"
"1.10","","-2.60","66","764","1019","","","","1.70","","WNW","Облачно","2025-12-18 23:43"
"1.10","","-2.60","66","764","1019","","","","1.70","","WNW","Облачно","2025-12-18 23:44"
"1.10","","-2.30","65","764","1019","","","","1.20","","WNW","Облачно","2025-12-18 23:45"
"1.10","","-2.30","65","764","1019","","","","1.50","","WNW","Облачно","2025-12-18 23:46"
"1.10","","-2.50","65","764","1019","","","","1.50","","WNW","Облачно","2025-12-18 23:47"
"1.10","","-2.50","65","764","1019","","","","1.00","","WNW","Облачно","2025-12-18 23:48"
"1.10","","-2.20","65","764","1019","","","","1.10","","WNW","Облачно","2025-12-18 23:49"
"1.10","","-2.30","65","764","1019","","","","0.60","","WNW","Облачно","2025-12-18 23:50"
"1.10","","-1.90","64","764","1019","","","","0.60","","WNW","Облачно","2025-12-18 23:51"
"1.10","","-1.90","64","764","1019","","","","0.60","","WNW","Облачно","2025-12-18 23:52"
"1.20","","-2.80","64","764","1019","","","","2.00","","WNW","Облачно","2025-12-18 23:53"
"1.20","","-2.80","64","764","1019","","","","2.00","","WNW","Облачно","2025-12-18 23:54"
"1.20","","-2.80","64","764","1019","","","","1.00","","WNW","Облачно","2025-12-18 23:55"
"1.20","","-2.10","64","764","1019","","","","1.00","","WNW","Облачно","2025-12-18 23:56"
"1.20","","-2.10","64","764","1019","","","","1.00","","WNW","Облачно","2025-12-18 23:57"
"1.20","","-2.10","64","764","1019","","","","0.00","","WNW","Облачно","2025-12-18 23:58"
"1.20","","-1.80","63","764","1019","","","","0.60","","WNW","Облачно","2025-12-18 23:59"