"Temp","Temp Water","Temp Feels Like","Humidity","Pressure Mm","Pressure Hpa","Precip Mm","Precip Type","Precip Intensity","Wind Speed Ms","Wind Gust Speed Ms","Wind Dir","Condition","Created At"
"-17.20","","-21.80","54","783","1045","","","","0.70","","NE","Ясно","2026-01-18 00:00"
"-17.20","","-21.40","54","783","1045","","","","0.70","","NE","Ясно","2026-01-18 00:01"
"-17.20","","-21.50","54","783","1045","","","","1.00","","NE","Ясно","2026-01-18 00:02"
"-17.20","","-21.60","54","783","1045","","","","0.90","","NE","Ясно","2026-01-18 00:03"
"-17.20","","-21.50","54","783","1045","","","","0.90","","NE","Ясно","2026-01-18 00:04"
"-17.20","","-21.30","54","783","1045","","","","0.50","","NE","Ясно","2026-01-18 00:05"
"-17.20","","-21.30","54","783","1045","","","","0.60","","NE","Ясно","2026-01-18 00:06"
"-17.20","","-21.30","54","783","1045","","","","0.90","","NE","Ясно","2026-01-18 00:07"
"-17.20","","-21.50","54","783","1045","","","","0.90","","NE","Ясно","2026-01-18 00:08"
"-17.20","","-21.30","54","783","1045","","","","0.50","","NE","Ясно","2026-01-18 00:09"
"-17.20","","-21.30","54","783","1045","","","","0.50","","NE","Ясно","2026-01-18 00:10"
"-17.20","","-21.30","54","783","1045","","","","1.10","","NE","Ясно","2026-01-18 00:11"
"-17.20","","-21.70","54","783","1045","","","","1.10","","NE","Ясно","2026-01-18 00:12"
"-17.20","","-21.70","54","783","1045","","","","1.10","","NE","Ясно","2026-01-18 00:13"
"-17.20","","-21.30","54","783","1045","","","","0.00","","NE","Ясно","2026-01-18 00:14"
"-17.20","","-20.90","54","783","1045","","","","0.70","","NE","Ясно","2026-01-18 00:15"
"-17.20","","-20.90","54","783","1045","","","","0.60","","NE","Ясно","2026-01-18 00:16"
"-17.20","","-20.90","54","783","1045","","","","0.60","","NE","Ясно","2026-01-18 00:17"
"-17.20","","-21.30","54","783","1045","","","","0.60","","NE","Ясно","2026-01-18 00:18"
"-17.20","","-21.30","54","783","1045","","","","0.60","","NE","Ясно","2026-01-18 00:19"
"-17.20","","-21.30","54","783","1045","","","","0.50","","NE","Ясно","2026-01-18 00:20"
"-17.20","","-21.30","54","783","1045","","","","0.50","","NE","Ясно","2026-01-18 00:21"
"-17.20","","-21.30","54","783","1045","","","","0.50","","NE","Ясно","2026-01-18 00:22"
"-17.20","","-21.30","54","783","1045","","","","1.00","","NE","Ясно","2026-01-18 00:23"
"-17.20","","-21.30","54","783","1045","","","","1.00","","NE","Ясно","2026-01-18 00:24"
"-17.30","","-21.40","54","783","1045","","","","0.70","","NE","Ясно","2026-01-18 00:25"
"-17.30","","-21.50","54","783","1045","","","","0.70","","NE","Ясно","2026-01-18 00:26"
"-17.30","","-21.50","54","783","1045","","","","1.00","","NE","Ясно","2026-01-18 00:27"
"-17.40","","-21.50","54","783","1045","","","","0.50","","NE","Ясно","2026-01-18 00:28"
"-17.40","","-21.50","54","783","1045","","","","0.50","","NE","Ясно","2026-01-18 00:29"
"-17.40","","-21.50","54","783","1045","","","","0.50","","NE","Ясно","2026-01-18 00:30"
"-17.40","","-21.60","54","783","1045","","","","0.50","","NE","Ясно","2026-01-18 00:31"
"-17.40","","-21.50","54","783","1045","","","","0.50","","NE","Ясно","2026-01-18 00:32"
"-17.40","","-21.50","54","783","1045","","","","0.60","","NE","Ясно","2026-01-18 00:33"
"-17.40","","-21.50","54","783","1045","","","","0.40","","NE","Ясно","2026-01-18 00:34"
"-17.40","","-21.40","54","783","1045","","","","0.40","","NE","Ясно","2026-01-18 00:35"
"-17.40","","-21.40","54","783","1045","","","","0.40","","NE","Ясно","2026-01-18 00:36"
"-17.40","","-21.60","54","783","1045","","","","0.70","","NE","Ясно","2026-01-18 00:37"
"-17.40","","-21.60","54","783","1045","","","","0.70","","NE","Ясно","2026-01-18 00:38"
"-17.40","","-21.60","54","783","1045","","","","0.70","","NE","Ясно","2026-01-18 00:39"
"-17.40","","-21.60","54","783","1045","","","","0.70","","NE","Ясно","2026-01-18 00:40"
"-17.40","","-21.60","54","783","1045","","","","0.90","","NE","Ясно","2026-01-18 00:41"
"-17.40","","-21.60","54","783","1045","","","","0.90","","NE","Ясно","2026-01-18 00:42"
"-17.40","","-21.90","54","783","1045","","","","1.10","","NE","Ясно","2026-01-18 00:43"
"-17.40","","-21.90","54","783","1045","","","","1.10","","NE","Ясно","2026-01-18 00:44"
"-17.40","","-21.90","54","783","1045","","","","0.40","","NE","Ясно","2026-01-18 00:45"
"-17.40","","-21.90","54","783","1045","","","","0.40","","NE","Ясно","2026-01-18 00:46"
"-17.40","","-21.80","54","783","1045","","","","1.00","","NE","Ясно","2026-01-18 00:47"
"-17.40","","-21.80","54","783","1045","","","","1.00","","NE","Ясно","2026-01-18 00:48"
"-17.40","","-21.50","54","783","1045","","","","1.00","","NE","Ясно","2026-01-18 00:49"
"-17.40","","-21.50","54","783","1045","","","","0.50","","NE","Ясно","2026-01-18 00:50"
"-17.50","","-21.90","54","783","1044","","","","1.00","","NE","Ясно","2026-01-18 00:51"
"-17.50","","-21.90","54","783","1044","","","","1.00","","NE","Ясно","2026-01-18 00:52"
"-17.50","","-21.90","54","783","1044","","","","1.00","","NE","Ясно","2026-01-18 00:53"
"-17.50","","-21.90","54","783","1044","","","","0.70","","NE","Ясно","2026-01-18 00:54"
"-17.50","","-21.90","54","783","1044","","","","0.70","","NE","Ясно","2026-01-18 00:55"
"-17.50","","-21.90","54","783","1044","","","","0.70","","NE","Ясно","2026-01-18 00:56"
"-17.40","","-21.40","54","783","1044","","","","0.40","","NE","Ясно","2026-01-18 00:57"
"-17.40","","-21.10","54","783","1044","","","","0.60","","NE","Ясно","2026-01-18 00:58"
"-17.40","","-21.10","54","783","1044","","","","0.60","","NE","Ясно","2026-01-18 00:59"
"-17.50","","-21.60","54","783","1044","","","","0.50","","NE","Ясно","2026-01-18 01:00"
"-17.50","","-21.60","54","783","1044","","","","0.50","","NE","Ясно","2026-01-18 01:01"
"-17.50","","-21.90","54","783","1044","","","","0.00","","NE","Ясно","2026-01-18 01:02"
"-17.50","","-21.20","54","783","1044","","","","0.00","","NE","Ясно","2026-01-18 01:03"
"-17.50","","-21.20","54","783","1044","","","","0.50","","NE","Ясно","2026-01-18 01:04"
"-17.50","","-21.60","54","783","1044","","","","0.50","","NE","Ясно","2026-01-18 01:05"
"-17.50","","-21.20","54","783","1044","","","","0.00","","NE","Ясно","2026-01-18 01:06"
"-17.50","","-21.20","54","783","1044","","","","1.10","","NE","Ясно","2026-01-18 01:07"
"-17.40","","-21.40","54","783","1044","","","","0.00","","NE","Ясно","2026-01-18 01:08"
"-17.40","","-21.10","54","783","1044","","","","0.00","","NE","Ясно","2026-01-18 01:09"
"-17.40","","-21.10","54","783","1044","","","","0.60","","NE","Ясно","2026-01-18 01:10"
"-17.40","","-21.10","54","783","1044","","","","0.60","","NE","Ясно","2026-01-18 01:11"
"-17.50","","-21.60","54","783","1044","","","","0.00","","NE","Ясно","2026-01-18 01:12"
"-17.50","","-21.60","54","783","1044","","","","0.00","","NE","Ясно","2026-01-18 01:13"
"-17.50","","-21.50","54","783","1044","","","","0.40","","NE","Ясно","2026-01-18 01:14"
"-17.50","","-21.50","54","783","1044","","","","0.40","","NE","Ясно","2026-01-18 01:15"
"-17.50","","-21.70","54","783","1044","","","","0.70","","NE","Ясно","2026-01-18 01:16"
"-17.50","","-21.60","54","783","1044","","","","0.40","","NE","Ясно","2026-01-18 01:17"
"-17.50","","-21.60","54","783","1044","","","","0.40","","NE","Ясно","2026-01-18 01:18"
"-17.50","","-21.50","54","783","1044","","","","0.50","","NE","Ясно","2026-01-18 01:19"
"-17.50","","-21.50","54","783","1044","","","","0.60","","NE","Ясно","2026-01-18 01:20"
"-17.50","","-21.60","54","783","1045","","","","0.00","","NE","Ясно","2026-01-18 01:21"
"-17.40","","-21.10","54","783","1045","","","","0.40","","NE","Ясно","2026-01-18 01:22"
"-17.40","","-21.40","54","783","1045","","","","0.00","","NE","Ясно","2026-01-18 01:23"
"-17.40","","-21.10","54","783","1045","","","","0.00","","NE","Ясно","2026-01-18 01:24"
"-17.40","","-21.10","54","783","1045","","","","0.00","","NE","Ясно","2026-01-18 01:25"
"-17.40","","-21.10","54","783","1045","","","","0.70","","NE","Ясно","2026-01-18 01:26"
"-17.40","","-21.40","54","783","1045","","","","0.40","","NE","Ясно","2026-01-18 01:27"
"-17.40","","-21.40","54","783","1045","","","","0.40","","NE","Ясно","2026-01-18 01:28"
"-17.40","","-21.40","54","783","1045","","","","0.40","","NE","Ясно","2026-01-18 01:29"
"-17.40","","-21.40","54","783","1045","","","","0.40","","NE","Ясно","2026-01-18 01:30"
"-17.40","","-21.40","54","783","1045","","","","0.40","","NE","Ясно","2026-01-18 01:31"
"-17.40","","-21.10","54","783","1045","","","","0.00","","NE","Ясно","2026-01-18 01:32"
"-17.40","","-21.10","54","783","1045","","","","0.00","","NE","Ясно","2026-01-18 01:33"
"-17.40","","-21.10","54","783","1045","","","","0.00","","NE","Ясно","2026-01-18 01:34"
"-17.40","","-21.10","54","783","1045","","","","0.70","","NE","Ясно","2026-01-18 01:35"
"-17.40","","-21.10","54","783","1045","","","","0.70","","NE","Ясно","2026-01-18 01:36"
"-17.40","","-21.50","54","782","1043","","","","0.60","","NE","Ясно","2026-01-18 01:37"
"-17.40","","-21.50","54","782","1043","","","","0.40","","NE","Ясно","2026-01-18 01:38"
"-17.40","","-21.50","54","782","1043","","","","0.40","","NE","Ясно","2026-01-18 01:39"
"-17.40","","-21.50","54","782","1043","","","","0.00","","NE","Ясно","2026-01-18 01:40"
"-17.40","","-21.10","54","782","1043","","","","0.00","","NE","Ясно","2026-01-18 01:41"
"-17.40","","-21.10","54","782","1043","","","","0.00","","NE","Ясно","2026-01-18 01:42"
"-17.40","","-21.10","54","782","1043","","","","0.00","","NE","Ясно","2026-01-18 01:43"
"-17.40","","-21.10","54","782","1043","","","","0.00","","NE","Ясно","2026-01-18 01:44"
"-17.40","","-21.10","54","782","1043","","","","0.00","","NE","Ясно","2026-01-18 01:45"
"-17.40","","-21.50","54","782","1043","","","","0.50","","NE","Ясно","2026-01-18 01:46"
"-17.40","","-21.40","54","782","1043","","","","0.40","","NE","Ясно","2026-01-18 01:47"
"-17.40","","-21.40","54","782","1043","","","","0.40","","NE","Ясно","2026-01-18 01:48"
"-17.40","","-21.40","54","782","1043","","","","0.40","","NE","Ясно","2026-01-18 01:49"
"-17.40","","-21.10","54","782","1043","","","","0.00","","NE","Ясно","2026-01-18 01:50"
"-17.40","","-21.10","54","783","1044","","","","0.00","","NE","Ясно","2026-01-18 01:51"
"-17.40","","-21.10","54","783","1044","","","","0.00","","NE","Ясно","2026-01-18 01:52"
"-17.40","","-21.10","54","783","1044","","","","0.00","","NE","Ясно","2026-01-18 01:53"
"-17.50","","-21.20","54","783","1044","","","","0.00","","NE","Ясно","2026-01-18 01:54"
"-17.40","","-21.10","54","783","1044","","","","0.00","","NE","Ясно","2026-01-18 01:55"
"-17.40","","-21.10","54","783","1044","","","","0.50","","NE","Ясно","2026-01-18 01:56"
"-17.40","","-21.50","54","783","1044","","","","0.00","","NE","Ясно","2026-01-18 01:57"
"-17.40","","-21.10","54","783","1044","","","","0.00","","NE","Ясно","2026-01-18 01:58"
"-17.50","","-21.50","54","783","1044","","","","0.40","","NE","Ясно","2026-01-18 01:59"
"-17.50","","-21.50","54","783","1044","","","","0.40","","NE","Ясно","2026-01-18 02:00"
"-17.50","","-21.50","54","783","1044","","","","0.40","","NE","Ясно","2026-01-18 02:01"
"-17.50","","-21.50","54","783","1044","","","","0.40","","NE","Ясно","2026-01-18 02:02"
"-17.50","","-21.60","54","783","1044","","","","0.50","","NE","Ясно","2026-01-18 02:03"
"-17.50","","-21.60","54","783","1044","","","","0.50","","NE","Ясно","2026-01-18 02:04"
"-17.50","","-21.60","54","783","1044","","","","0.40","","NE","Ясно","2026-01-18 02:05"
"-17.50","","-21.50","54","783","1045","","","","0.00","","NE","Ясно","2026-01-18 02:06"
"-17.50","","-21.20","54","783","1045","","","","0.50","","NE","Ясно","2026-01-18 02:07"
"-17.40","","-21.50","54","783","1045","","","","0.50","","NE","Ясно","2026-01-18 02:08"
"-17.40","","-21.50","54","783","1045","","","","0.50","","NE","Ясно","2026-01-18 02:09"
"-17.40","","-21.50","54","783","1045","","","","0.50","","NE","Ясно","2026-01-18 02:10"
"-17.40","","-21.50","54","783","1045","","","","0.50","","NE","Ясно","2026-01-18 02:11"
"-17.40","","-21.50","54","783","1045","","","","0.60","","NE","Ясно","2026-01-18 02:12"
"-17.40","","-21.10","54","783","1045","","","","0.00","","NE","Ясно","2026-01-18 02:13"
"-17.40","","-21.10","54","783","1045","","","","0.00","","NE","Ясно","2026-01-18 02:14"
"-17.40","","-21.10","54","783","1045","","","","1.00","","NE","Ясно","2026-01-18 02:15"
"-17.40","","-21.80","54","783","1045","","","","1.00","","NE","Ясно","2026-01-18 02:16"
"-17.40","","-21.80","54","783","1045","","","","1.00","","NE","Ясно","2026-01-18 02:17"
"-17.40","","-21.90","54","783","1045","","","","1.00","","NE","Ясно","2026-01-18 02:18"
"-17.40","","-21.80","54","783","1045","","","","0.00","","NE","Ясно","2026-01-18 02:19"
"-17.40","","-21.10","54","783","1045","","","","0.00","","NE","Ясно","2026-01-18 02:20"
"-17.40","","-21.10","54","783","1045","","","","0.00","","NE","Ясно","2026-01-18 02:21"
"-17.40","","-21.40","54","783","1044","","","","0.00","","NE","Ясно","2026-01-18 02:22"
"-17.40","","-21.10","54","783","1044","","","","0.00","","NE","Ясно","2026-01-18 02:23"
"-17.40","","-21.10","54","783","1044","","","","0.00","","NE","Ясно","2026-01-18 02:24"
"-17.40","","-21.10","54","783","1044","","","","0.00","","NE","Ясно","2026-01-18 02:25"
"-17.40","","-21.10","54","783","1044","","","","0.00","","NE","Ясно","2026-01-18 02:26"
"-17.40","","-21.10","54","783","1044","","","","0.00","","NE","Ясно","2026-01-18 02:27"
"-17.50","","-21.20","54","783","1044","","","","0.00","","NE","Ясно","2026-01-18 02:28"
"-17.50","","-21.20","54","783","1044","","","","0.00","","NE","Ясно","2026-01-18 02:29"
"-17.40","","-21.10","54","783","1044","","","","0.00","","NE","Ясно","2026-01-18 02:30"
"-17.40","","-21.10","54","783","1044","","","","0.00","","NE","Ясно","2026-01-18 02:31"
"-17.40","","-21.10","54","783","1044","","","","0.00","","NE","Ясно","2026-01-18 02:32"
"-17.40","","-21.10","54","783","1044","","","","0.00","","NE","Ясно","2026-01-18 02:33"
"-17.40","","-21.10","54","783","1044","","","","0.00","","NE","Ясно","2026-01-18 02:34"
"-17.40","","-21.10","54","783","1044","","","","0.00","","NE","Ясно","2026-01-18 02:35"
"-17.40","","-21.10","54","783","1044","","","","0.00","","NE","Ясно","2026-01-18 02:36"
"-17.40","","-21.50","54","783","1044","","","","0.50","","NE","Ясно","2026-01-18 02:37"
"-17.40","","-21.40","54","783","1044","","","","0.50","","NE","Ясно","2026-01-18 02:38"
"-17.40","","-21.50","54","783","1044","","","","0.70","","NE","Ясно","2026-01-18 02:39"
"-17.40","","-21.60","54","783","1044","","","","0.50","","NE","Ясно","2026-01-18 02:40"
"-17.40","","-21.50","54","783","1044","","","","0.50","","NE","Ясно","2026-01-18 02:41"
"-17.40","","-21.10","54","783","1044","","","","0.00","","NE","Ясно","2026-01-18 02:42"
"-17.40","","-21.10","54","783","1044","","","","0.00","","NE","Ясно","2026-01-18 02:43"
"-17.40","","-21.40","54","783","1044","","","","0.40","","NE","Ясно","2026-01-18 02:44"
"-17.40","","-21.50","54","783","1044","","","","0.50","","NE","Ясно","2026-01-18 02:45"
"-17.40","","-21.50","54","783","1044","","","","0.40","","NE","Ясно","2026-01-18 02:46"
"-17.40","","-21.40","54","783","1044","","","","0.50","","NE","Ясно","2026-01-18 02:47"
"-17.40","","-21.50","54","783","1044","","","","0.50","","NE","Ясно","2026-01-18 02:48"
"-17.40","","-21.10","54","783","1044","","","","0.70","","NE","Ясно","2026-01-18 02:49"
"-17.40","","-21.60","54","783","1044","","","","0.70","","NE","Ясно","2026-01-18 02:50"
"-17.40","","-21.50","54","783","1045","","","","0.50","","NE","Ясно","2026-01-18 02:51"
"-17.40","","-21.50","54","783","1045","","","","0.50","","NE","Ясно","2026-01-18 02:52"
"-17.40","","-21.60","54","783","1045","","","","0.70","","NE","Ясно","2026-01-18 02:53"
"-17.40","","-21.60","54","783","1045","","","","0.50","","NE","Ясно","2026-01-18 02:54"
"-17.40","","-21.50","54","783","1045","","","","0.50","","NE","Ясно","2026-01-18 02:55"
"-17.40","","-22.10","54","783","1045","","","","1.00","","NE","Ясно","2026-01-18 02:56"
"-17.40","","-21.80","54","783","1045","","","","1.00","","NE","Ясно","2026-01-18 02:57"
"-17.40","","-21.80","54","783","1045","","","","0.50","","NE","Ясно","2026-01-18 02:58"
"-17.40","","-21.50","54","783","1045","","","","1.00","","NE","Ясно","2026-01-18 02:59"
"-17.40","","-21.50","54","783","1045","","","","1.00","","NE","Ясно","2026-01-18 03:00"
"-17.40","","-21.70","54","783","1045","","","","0.90","","NE","Ясно","2026-01-18 03:01"
"-17.40","","-21.40","54","783","1045","","","","0.50","","NE","Ясно","2026-01-18 03:02"
"-17.40","","-21.50","54","783","1045","","","","0.50","","NE","Ясно","2026-01-18 03:03"
"-17.40","","-21.50","54","783","1045","","","","0.40","","NE","Ясно","2026-01-18 03:04"
"-17.40","","-21.40","54","783","1045","","","","0.40","","NE","Ясно","2026-01-18 03:05"
"-17.40","","-21.10","54","783","1044","","","","0.00","","NE","Ясно","2026-01-18 03:06"
"-17.40","","-21.10","54","783","1044","","","","0.00","","NE","Ясно","2026-01-18 03:07"
"-17.40","","-21.10","54","783","1044","","","","0.00","","NE","Ясно","2026-01-18 03:08"
"-17.40","","-21.50","54","783","1044","","","","0.50","","NE","Ясно","2026-01-18 03:09"
"-17.40","","-21.50","54","783","1044","","","","0.90","","NE","Ясно","2026-01-18 03:10"
"-17.40","","-21.70","54","783","1044","","","","0.90","","NE","Ясно","2026-01-18 03:11"
"-17.40","","-21.40","54","783","1044","","","","0.40","","NE","Ясно","2026-01-18 03:12"
"-17.40","","-21.50","54","783","1044","","","","0.70","","NE","Ясно","2026-01-18 03:13"
"-17.40","","-21.60","54","783","1044","","","","0.70","","NE","Ясно","2026-01-18 03:14"
"-17.40","","-21.60","54","783","1044","","","","0.50","","NE","Ясно","2026-01-18 03:15"
"-17.40","","-21.60","54","783","1044","","","","0.00","","NE","Ясно","2026-01-18 03:16"
"-17.40","","-21.10","54","783","1044","","","","0.00","","NE","Ясно","2026-01-18 03:17"
"-17.40","","-21.10","54","783","1044","","","","0.50","","NE","Ясно","2026-01-18 03:18"
"-17.40","","-21.50","54","783","1044","","","","0.00","","NE","Ясно","2026-01-18 03:19"
"-17.40","","-21.10","54","783","1044","","","","0.00","","NE","Ясно","2026-01-18 03:20"
"-17.40","","-21.10","54","783","1044","","","","0.00","","NE","Ясно","2026-01-18 03:21"
"-17.40","","-21.10","54","783","1044","","","","0.00","","NE","Ясно","2026-01-18 03:22"
"-17.40","","-21.90","54","783","1044","","","","1.10","","NE","Ясно","2026-01-18 03:23"
"-17.40","","-21.60","54","783","1044","","","","0.70","","NE","Ясно","2026-01-18 03:24"
"-17.40","","-21.40","54","783","1044","","","","0.40","","NE","Ясно","2026-01-18 03:25"
"-17.40","","-21.40","54","783","1044","","","","0.40","","NE","Ясно","2026-01-18 03:26"
"-17.40","","-21.40","54","783","1044","","","","0.40","","NE","Ясно","2026-01-18 03:27"
"-17.40","","-21.10","54","783","1044","","","","0.00","","NE","Ясно","2026-01-18 03:28"
"-17.40","","-21.10","54","783","1044","","","","0.00","","NE","Ясно","2026-01-18 03:29"
"-17.40","","-21.10","54","783","1044","","","","0.00","","NE","Ясно","2026-01-18 03:30"
"-17.40","","-21.10","54","783","1044","","","","0.00","","NE","Ясно","2026-01-18 03:31"
"-17.40","","-21.10","54","783","1044","","","","0.00","","NE","Ясно","2026-01-18 03:32"
"-17.40","","-21.10","54","783","1044","","","","0.00","","NE","Ясно","2026-01-18 03:33"
"-17.40","","-21.10","54","783","1044","","","","0.00","","NE","Ясно","2026-01-18 03:34"
"-17.40","","-21.10","54","783","1044","","","","0.40","","NE","Ясно","2026-01-18 03:35"
"-17.40","","-21.10","54","783","1044","","","","0.00","","NE","Ясно","2026-01-18 03:36"
"-17.40","","-21.10","54","783","1044","","","","0.00","","NE","Ясно","2026-01-18 03:37"
"-17.40","","-21.10","54","783","1044","","","","0.00","","NE","Ясно","2026-01-18 03:38"
"-17.40","","-21.10","54","783","1044","","","","0.00","","NE","Ясно","2026-01-18 03:39"
"-17.40","","-21.10","54","783","1044","","","","0.00","","NE","Ясно","2026-01-18 03:40"
"-17.40","","-21.10","54","783","1044","","","","0.00","","NE","Ясно","2026-01-18 03:41"
"-17.40","","-21.10","54","783","1044","","","","0.00","","NE","Ясно","2026-01-18 03:42"
"-17.40","","-21.10","54","783","1044","","","","0.00","","NE","Ясно","2026-01-18 03:43"
"-17.40","","-21.10","54","783","1044","","","","0.00","","NE","Ясно","2026-01-18 03:44"
"-17.40","","-21.10","54","783","1044","","","","0.00","","NE","Ясно","2026-01-18 03:45"
"-17.40","","-21.40","54","783","1044","","","","0.40","","NE","Ясно","2026-01-18 03:46"
"-17.40","","-21.40","54","783","1044","","","","0.00","","NE","Ясно","2026-01-18 03:47"
"-17.40","","-21.10","54","783","1044","","","","0.00","","NE","Ясно","2026-01-18 03:48"
"-17.40","","-21.10","54","783","1044","","","","0.00","","NE","Ясно","2026-01-18 03:49"
"-17.40","","-21.10","54","783","1044","","","","0.00","","NE","Ясно","2026-01-18 03:50"
"-17.40","","-21.50","54","783","1044","","","","0.60","","NE","Ясно","2026-01-18 03:51"
"-17.40","","-21.50","54","783","1044","","","","0.40","","NE","Ясно","2026-01-18 03:52"
"-17.40","","-21.40","54","783","1044","","","","0.40","","NE","Ясно","2026-01-18 03:53"
"-17.40","","-21.40","54","783","1044","","","","0.00","","NE","Ясно","2026-01-18 03:54"
"-17.40","","-21.10","54","783","1044","","","","0.00","","NE","Ясно","2026-01-18 03:55"
"-17.40","","-21.10","54","783","1044","","","","0.40","","NE","Ясно","2026-01-18 03:56"
"-17.40","","-21.40","54","783","1044","","","","0.40","","NE","Ясно","2026-01-18 03:57"
"-17.40","","-21.10","54","783","1044","","","","0.00","","NE","Ясно","2026-01-18 03:58"
"-17.40","","-21.40","54","783","1044","","","","0.40","","NE","Ясно","2026-01-18 03:59"
"-17.40","","-21.40","54","783","1044","","","","0.40","","NE","Ясно","2026-01-18 04:00"
"-17.40","","-21.10","54","783","1044","","","","0.00","","NE","Ясно","2026-01-18 04:01"
"-17.40","","-21.10","54","783","1044","","","","0.60","","NE","Ясно","2026-01-18 04:02"
"-17.40","","-21.50","54","783","1044","","","","0.70","","NE","Ясно","2026-01-18 04:03"
"-17.40","","-21.60","54","783","1044","","","","0.40","","NE","Ясно","2026-01-18 04:04"
"-17.40","","-21.40","54","783","1044","","","","0.40","","NE","Ясно","2026-01-18 04:05"
"-17.40","","-21.40","54","783","1044","","","","0.00","","NE","Ясно","2026-01-18 04:06"
"-17.40","","-21.10","54","783","1044","","","","0.00","","NE","Ясно","2026-01-18 04:07"
"-17.40","","-21.40","54","783","1044","","","","0.40","","NE","Ясно","2026-01-18 04:08"
"-17.40","","-21.40","54","783","1044","","","","0.50","","NE","Ясно","2026-01-18 04:09"
"-17.40","","-21.50","54","783","1044","","","","0.50","","NE","Ясно","2026-01-18 04:10"
"-17.40","","-21.40","54","783","1044","","","","0.40","","NE","Ясно","2026-01-18 04:11"
"-17.40","","-21.40","54","783","1044","","","","0.00","","NE","Ясно","2026-01-18 04:12"
"-17.40","","-21.40","54","783","1044","","","","0.00","","NE","Ясно","2026-01-18 04:13"
"-17.40","","-21.40","54","783","1044","","","","0.40","","NE","Ясно","2026-01-18 04:14"
"-17.40","","-21.50","54","783","1044","","","","0.50","","NE","Ясно","2026-01-18 04:15"
"-17.40","","-21.50","54","783","1044","","","","0.40","","NE","Ясно","2026-01-18 04:16"
"-17.40","","-21.40","54","783","1044","","","","0.40","","NE","Ясно","2026-01-18 04:17"
"-17.40","","-21.50","54","783","1044","","","","0.00","","NE","Ясно","2026-01-18 04:18"
"-17.30","","-21.00","54","783","1044","","","","0.00","","NE","Ясно","2026-01-18 04:19"
"-17.30","","-21.00","54","783","1044","","","","0.00","","NE","Ясно","2026-01-18 04:20"
"-17.30","","-21.00","54","783","1044","","","","0.00","","NE","Ясно","2026-01-18 04:21"
"-17.40","","-21.10","54","783","1044","","","","0.00","","NE","Ясно","2026-01-18 04:22"
"-17.40","","-21.10","54","783","1044","","","","0.00","","NE","Ясно","2026-01-18 04:23"
"-17.40","","-21.10","54","783","1044","","","","0.00","","NE","Ясно","2026-01-18 04:24"
"-17.40","","-21.10","54","783","1044","","","","0.40","","NE","Ясно","2026-01-18 04:25"
"-17.40","","-21.40","54","783","1044","","","","0.00","","NE","Ясно","2026-01-18 04:26"
"-17.40","","-21.10","54","783","1044","","","","0.40","","NE","Ясно","2026-01-18 04:27"
"-17.40","","-21.40","54","783","1044","","","","0.40","","NE","Ясно","2026-01-18 04:28"
"-17.40","","-21.40","54","783","1044","","","","0.40","","NE","Ясно","2026-01-18 04:29"
"-17.40","","-21.50","54","783","1044","","","","0.40","","NE","Ясно","2026-01-18 04:30"
"-17.30","","-21.30","54","783","1044","","","","0.00","","NE","Ясно","2026-01-18 04:31"
"-17.30","","-21.00","54","783","1044","","","","0.00","","NE","Ясно","2026-01-18 04:32"
"-17.30","","-21.00","54","783","1044","","","","0.00","","NE","Ясно","2026-01-18 04:33"
"-17.30","","-21.00","54","783","1044","","","","0.00","","NE","Ясно","2026-01-18 04:34"
"-17.30","","-21.00","54","783","1044","","","","0.00","","NE","Ясно","2026-01-18 04:35"
"-17.30","","-21.00","54","783","1044","","","","0.00","","NE","Ясно","2026-01-18 04:36"
"-17.30","","-21.00","54","783","1044","","","","0.00","","NE","Ясно","2026-01-18 04:37"
"-17.30","","-21.40","54","783","1044","","","","0.50","","NE","Ясно","2026-01-18 04:38"
"-17.30","","-21.40","54","783","1044","","","","0.50","","NE","Ясно","2026-01-18 04:39"
"-17.30","","-21.40","54","783","1044","","","","0.00","","NE","Ясно","2026-01-18 04:40"
"-17.30","","-21.40","54","783","1044","","","","0.00","","NE","Ясно","2026-01-18 04:41"
"-17.30","","-21.00","54","783","1044","","","","0.40","","NE","Ясно","2026-01-18 04:42"
"-17.30","","-21.00","54","783","1044","","","","0.50","","NE","Ясно","2026-01-18 04:43"
"-17.20","","-20.90","54","783","1044","","","","0.00","","NE","Ясно","2026-01-18 04:44"
"-17.20","","-20.90","54","783","1044","","","","0.00","","NE","Ясно","2026-01-18 04:45"
"-17.20","","-20.90","54","783","1044","","","","0.00","","NE","Ясно","2026-01-18 04:46"
"-17.20","","-20.90","54","783","1044","","","","0.00","","NE","Ясно","2026-01-18 04:47"
"-17.20","","-20.90","54","783","1044","","","","0.00","","NE","Ясно","2026-01-18 04:48"
"-17.20","","-20.90","54","783","1044","","","","0.00","","NE","Ясно","2026-01-18 04:49"
"-17.20","","-20.90","54","783","1044","","","","0.50","","NE","Ясно","2026-01-18 04:50"
"-17.20","","-21.30","54","782","1043","","","","0.00","","NE","Ясно","2026-01-18 04:51"
"-17.20","","-21.30","54","782","1043","","","","0.00","","NE","Ясно","2026-01-18 04:52"
"-17.20","","-20.90","54","782","1043","","","","0.00","","NE","Ясно","2026-01-18 04:53"
"-17.20","","-20.90","54","782","1043","","","","0.00","","NE","Ясно","2026-01-18 04:54"
"-17.20","","-20.90","54","782","1043","","","","0.50","","NE","Ясно","2026-01-18 04:55"
"-17.20","","-21.30","54","782","1043","","","","0.50","","NE","Ясно","2026-01-18 04:56"
"-17.20","","-21.30","54","782","1043","","","","0.60","","NE","Ясно","2026-01-18 04:57"
"-17.20","","-21.30","54","782","1043","","","","0.00","","NE","Ясно","2026-01-18 04:58"
"-17.20","","-20.90","54","782","1043","","","","0.00","","NE","Ясно","2026-01-18 04:59"
"-17.20","","-21.30","54","782","1043","","","","0.50","","NE","Ясно","2026-01-18 05:00"
"-17.20","","-21.30","54","782","1043","","","","0.00","","NE","Ясно","2026-01-18 05:01"
"-17.20","","-20.90","54","782","1043","","","","0.00","","NE","Ясно","2026-01-18 05:02"
"-17.20","","-20.90","54","782","1043","","","","0.00","","NE","Ясно","2026-01-18 05:03"
"-17.20","","-20.90","54","782","1043","","","","0.00","","NE","Ясно","2026-01-18 05:04"
"-17.20","","-21.20","54","782","1043","","","","0.50","","NE","Ясно","2026-01-18 05:05"
"-17.20","","-21.30","54","783","1044","","","","0.50","","NE","Ясно","2026-01-18 05:06"
"-17.10","","-21.20","54","783","1044","","","","0.50","","NE","Ясно","2026-01-18 05:07"
"-17.10","","-20.80","54","783","1044","","","","0.00","","NE","Ясно","2026-01-18 05:08"
"-17.10","","-20.80","54","783","1044","","","","0.40","","NE","Ясно","2026-01-18 05:09"
"-17.10","","-21.10","54","783","1044","","","","0.00","","NE","Ясно","2026-01-18 05:10"
"-17.10","","-20.80","54","783","1044","","","","0.00","","NE","Ясно","2026-01-18 05:11"
"-17.10","","-20.80","54","783","1044","","","","0.00","","NE","Ясно","2026-01-18 05:12"
"-17.10","","-20.80","54","783","1044","","","","0.00","","NE","Ясно","2026-01-18 05:13"
"-17.10","","-20.80","54","783","1044","","","","0.00","","NE","Ясно","2026-01-18 05:14"
"-17.00","","-21.10","54","783","1044","","","","0.40","","NE","Ясно","2026-01-18 05:15"
"-17.00","","-21.10","54","783","1044","","","","0.40","","NE","Ясно","2026-01-18 05:16"
"-17.00","","-21.00","54","783","1044","","","","0.60","","NE","Ясно","2026-01-18 05:17"
"-17.00","","-21.10","54","783","1044","","","","0.50","","NE","Ясно","2026-01-18 05:18"
"-16.90","","-21.00","54","783","1044","","","","0.00","","NE","Ясно","2026-01-18 05:19"
"-16.90","","-20.60","54","783","1044","","","","0.00","","NE","Ясно","2026-01-18 05:20"
"-16.90","","-20.60","54","783","1044","","","","0.00","","NE","Ясно","2026-01-18 05:21"
"-16.90","","-20.60","54","783","1044","","","","0.00","","NE","Ясно","2026-01-18 05:22"
"-16.90","","-20.60","54","783","1044","","","","0.00","","NE","Ясно","2026-01-18 05:23"
"-16.90","","-20.60","54","783","1044","","","","0.00","","NE","Ясно","2026-01-18 05:24"
"-16.90","","-20.60","54","783","1044","","","","0.00","","NE","Ясно","2026-01-18 05:25"
"-16.90","","-20.60","54","783","1044","","","","0.00","","NE","Ясно","2026-01-18 05:26"
"-16.90","","-20.60","54","783","1044","","","","0.40","","NE","Ясно","2026-01-18 05:27"
"-16.90","","-21.00","54","783","1044","","","","0.50","","NE","Ясно","2026-01-18 05:28"
"-16.80","","-20.90","54","783","1044","","","","0.00","","NE","Ясно","2026-01-18 05:29"
"-16.80","","-20.50","54","783","1044","","","","0.00","","NE","Ясно","2026-01-18 05:30"
"-16.80","","-20.50","54","783","1044","","","","0.00","","NE","Ясно","2026-01-18 05:31"
"-16.70","","-20.40","54","783","1044","","","","0.00","","NE","Ясно","2026-01-18 05:32"
"-16.70","","-20.40","54","783","1044","","","","0.00","","NE","Ясно","2026-01-18 05:33"
"-16.70","","-20.40","54","783","1044","","","","0.00","","NE","Ясно","2026-01-18 05:34"
"-16.70","","-20.40","54","783","1044","","","","0.00","","NE","Ясно","2026-01-18 05:35"
"-16.70","","-20.70","54","783","1045","","","","0.40","","NE","Ясно","2026-01-18 05:36"
"-16.70","","-20.70","54","783","1045","","","","0.40","","NE","Ясно","2026-01-18 05:37"
"-16.70","","-20.70","54","783","1045","","","","0.40","","NE","Ясно","2026-01-18 05:38"
"-16.70","","-20.70","54","783","1045","","","","0.40","","NE","Ясно","2026-01-18 05:39"
"-16.70","","-20.70","54","783","1045","","","","0.00","","NE","Ясно","2026-01-18 05:40"
"-16.70","","-20.40","54","783","1045","","","","0.00","","NE","Ясно","2026-01-18 05:41"
"-16.70","","-20.40","54","783","1045","","","","0.00","","NE","Ясно","2026-01-18 05:42"
"-16.70","","-20.40","54","783","1045","","","","0.00","","NE","Ясно","2026-01-18 05:43"
"-16.60","","-20.30","54","783","1045","","","","0.00","","NE","Ясно","2026-01-18 05:44"
"-16.60","","-20.30","54","783","1045","","","","0.00","","NE","Ясно","2026-01-18 05:45"
"-16.60","","-20.30","54","783","1045","","","","0.00","","NE","Ясно","2026-01-18 05:46"
"-16.60","","-20.30","54","783","1045","","","","0.00","","NE","Ясно","2026-01-18 05:47"
"-16.60","","-20.30","54","783","1045","","","","0.00","","NE","Ясно","2026-01-18 05:48"
"-16.60","","-20.30","54","783","1045","","","","0.00","","NE","Ясно","2026-01-18 05:49"
"-16.60","","-20.30","54","783","1045","","","","0.00","","NE","Ясно","2026-01-18 05:50"
"-16.60","","-20.30","54","783","1045","","","","0.00","","NE","Ясно","2026-01-18 05:51"
"-16.50","","-20.20","54","783","1045","","","","0.00","","NE","Ясно","2026-01-18 05:52"
"-16.50","","-20.20","54","783","1045","","","","0.00","","NE","Ясно","2026-01-18 05:53"
"-16.50","","-20.20","54","783","1045","","","","0.00","","NE","Ясно","2026-01-18 05:54"
"-16.50","","-20.20","54","783","1045","","","","0.00","","NE","Ясно","2026-01-18 05:55"
"-16.50","","-20.20","54","783","1045","","","","0.00","","NE","Ясно","2026-01-18 05:56"
"-16.50","","-20.20","54","783","1045","","","","0.00","","NE","Ясно","2026-01-18 05:57"
"-16.50","","-20.20","54","783","1045","","","","0.00","","NE","Ясно","2026-01-18 05:58"
"-16.50","","-20.20","54","783","1045","","","","0.00","","NE","Ясно","2026-01-18 05:59"
"-16.50","","-20.20","54","783","1045","","","","0.00","","NE","Ясно","2026-01-18 06:00"
"-16.50","","-20.20","54","783","1045","","","","0.00","","NE","Ясно","2026-01-18 06:01"
"-16.40","","-20.10","54","783","1045","","","","0.00","","NE","Ясно","2026-01-18 06:02"
"-16.40","","-20.10","54","783","1045","","","","0.00","","NE","Ясно","2026-01-18 06:03"
"-16.40","","-20.10","54","783","1045","","","","0.00","","NE","Ясно","2026-01-18 06:04"
"-16.30","","-20.00","54","783","1045","","","","0.00","","NE","Ясно","2026-01-18 06:05"
"-16.30","","-20.00","54","783","1045","","","","0.00","","NE","Ясно","2026-01-18 06:06"
"-16.30","","-20.00","54","783","1045","","","","0.00","","NE","Ясно","2026-01-18 06:07"
"-16.30","","-20.00","54","783","1045","","","","0.00","","NE","Ясно","2026-01-18 06:08"
"-16.30","","-20.00","54","783","1045","","","","0.00","","NE","Ясно","2026-01-18 06:09"
"-16.30","","-20.00","54","783","1045","","","","0.00","","NE","Ясно","2026-01-18 06:10"
"-16.30","","-20.00","54","783","1045","","","","0.00","","NE","Ясно","2026-01-18 06:11"
"-16.30","","-20.00","54","783","1045","","","","0.00","","NE","Ясно","2026-01-18 06:12"
"-16.30","","-20.00","54","783","1045","","","","0.00","","NE","Ясно","2026-01-18 06:13"
"-16.30","","-20.00","54","783","1045","","","","0.00","","NE","Ясно","2026-01-18 06:14"
"-16.30","","-20.00","54","783","1045","","","","0.00","","NE","Ясно","2026-01-18 06:15"
"-16.30","","-20.00","54","783","1045","","","","0.00","","NE","Ясно","2026-01-18 06:16"
"-16.30","","-20.00","54","783","1045","","","","0.00","","NE","Ясно","2026-01-18 06:17"
"-16.30","","-20.00","54","783","1045","","","","0.00","","NE","Ясно","2026-01-18 06:18"
"-16.30","","-20.00","54","783","1045","","","","0.00","","NE","Ясно","2026-01-18 06:19"
"-16.30","","-20.00","54","783","1045","","","","0.00","","NE","Ясно","2026-01-18 06:20"
"-16.30","","-20.00","54","783","1045","","","","0.00","","NE","Ясно","2026-01-18 06:21"
"-16.20","","-19.90","54","783","1045","","","","0.00","","NE","Ясно","2026-01-18 06:22"
"-16.20","","-19.90","54","783","1045","","","","0.00","","NE","Ясно","2026-01-18 06:23"
"-16.20","","-19.90","54","783","1045","","","","0.00","","NE","Ясно","2026-01-18 06:24"
"-16.20","","-19.90","54","783","1045","","","","0.00","","NE","Ясно","2026-01-18 06:25"
"-16.20","","-19.90","54","783","1045","","","","0.00","","NE","Ясно","2026-01-18 06:26"
"-16.20","","-19.90","54","783","1045","","","","0.00","","NE","Ясно","2026-01-18 06:27"
"-16.20","","-19.90","54","783","1045","","","","0.00","","NE","Ясно","2026-01-18 06:28"
"-16.20","","-19.90","54","783","1045","","","","0.00","","NE","Ясно","2026-01-18 06:29"
"-16.20","","-19.90","54","783","1045","","","","0.00","","NE","Ясно","2026-01-18 06:30"
"-16.20","","-19.90","54","783","1045","","","","0.00","","NE","Ясно","2026-01-18 06:31"
"-16.20","","-19.90","54","783","1045","","","","0.00","","NE","Ясно","2026-01-18 06:32"
"-16.20","","-19.90","54","783","1045","","","","0.00","","NE","Ясно","2026-01-18 06:33"
"-16.20","","-19.90","54","783","1045","","","","0.00","","NE","Ясно","2026-01-18 06:34"
"-16.20","","-19.90","54","783","1045","","","","0.00","","NE","Ясно","2026-01-18 06:35"
"-16.20","","-19.90","54","783","1045","","","","0.00","","NE","Ясно","2026-01-18 06:36"
"-16.20","","-19.90","54","783","1044","","","","0.00","","NE","Ясно","2026-01-18 06:37"
"-16.20","","-20.20","54","783","1044","","","","0.40","","NE","Ясно","2026-01-18 06:38"
"-16.20","","-20.20","54","783","1044","","","","0.40","","NE","Ясно","2026-01-18 06:39"
"-16.20","","-20.20","54","783","1044","","","","0.40","","NE","Ясно","2026-01-18 06:40"
"-16.20","","-19.90","54","783","1044","","","","0.00","","NE","Ясно","2026-01-18 06:41"
"-16.20","","-19.90","54","783","1044","","","","0.00","","NE","Ясно","2026-01-18 06:42"
"-16.20","","-19.90","54","783","1044","","","","0.40","","NE","Ясно","2026-01-18 06:43"
"-16.20","","-19.90","54","783","1044","","","","0.40","","NE","Ясно","2026-01-18 06:44"
"-16.20","","-20.20","54","783","1044","","","","0.40","","NE","Ясно","2026-01-18 06:45"
"-16.20","","-20.20","54","783","1044","","","","0.40","","NE","Ясно","2026-01-18 06:46"
"-16.20","","-20.20","54","783","1044","","","","0.40","","NE","Ясно","2026-01-18 06:47"
"-16.20","","-20.20","54","783","1044","","","","0.40","","NE","Ясно","2026-01-18 06:48"
"-16.20","","-20.20","54","783","1044","","","","0.40","","NE","Ясно","2026-01-18 06:49"
"-16.20","","-20.20","54","783","1044","","","","0.40","","NE","Ясно","2026-01-18 06:50"
"-16.20","","-19.90","54","783","1045","","","","0.00","","NE","Ясно","2026-01-18 06:51"
"-16.20","","-19.90","54","783","1045","","","","0.00","","NE","Ясно","2026-01-18 06:52"
"-16.20","","-19.90","54","783","1045","","","","0.00","","NE","Ясно","2026-01-18 06:53"
"-16.20","","-20.20","54","783","1045","","","","0.50","","NE","Ясно","2026-01-18 06:54"
"-16.20","","-20.20","54","783","1045","","","","0.50","","NE","Ясно","2026-01-18 06:55"
"-16.20","","-20.20","54","783","1045","","","","0.40","","NE","Ясно","2026-01-18 06:56"
"-16.20","","-20.20","54","783","1045","","","","0.40","","NE","Ясно","2026-01-18 06:57"
"-16.20","","-19.90","54","783","1045","","","","0.00","","NE","Ясно","2026-01-18 06:58"
"-16.20","","-19.90","54","783","1045","","","","0.00","","NE","Ясно","2026-01-18 06:59"
"-16.20","","-20.20","54","783","1045","","","","0.40","","NE","Ясно","2026-01-18 07:00"
"-16.10","","-20.10","54","783","1045","","","","0.40","","NE","Ясно","2026-01-18 07:01"
"-16.10","","-20.10","54","783","1045","","","","0.50","","NE","Ясно","2026-01-18 07:02"
"-16.10","","-20.10","54","783","1045","","","","0.40","","NE","Ясно","2026-01-18 07:03"
"-16.10","","-20.10","54","783","1045","","","","0.40","","NE","Ясно","2026-01-18 07:04"
"-16.10","","-20.10","54","783","1045","","","","0.40","","NE","Ясно","2026-01-18 07:05"
"-16.10","","-20.10","54","783","1045","","","","0.40","","NE","Ясно","2026-01-18 07:06"
"-16.00","","-20.00","54","783","1044","","","","0.40","","NE","Ясно","2026-01-18 07:07"
"-16.10","","-20.10","54","783","1044","","","","0.40","","NE","Ясно","2026-01-18 07:08"
"-16.10","","-20.10","54","783","1044","","","","0.50","","NE","Ясно","2026-01-18 07:09"
"-16.10","","-20.30","54","783","1044","","","","0.40","","NE","Ясно","2026-01-18 07:10"
"-16.10","","-20.30","54","783","1044","","","","0.40","","NE","Ясно","2026-01-18 07:11"
"-16.10","","-19.80","54","783","1044","","","","0.00","","NE","Ясно","2026-01-18 07:12"
"-16.10","","-19.80","54","783","1044","","","","0.00","","NE","Ясно","2026-01-18 07:13"
"-16.10","","-19.80","54","783","1044","","","","0.00","","NE","Ясно","2026-01-18 07:14"
"-16.00","","-19.70","54","783","1044","","","","0.00","","NE","Ясно","2026-01-18 07:15"
"-16.00","","-19.70","54","783","1044","","","","0.00","","NE","Ясно","2026-01-18 07:16"
"-16.00","","-20.00","54","783","1044","","","","0.40","","NE","Ясно","2026-01-18 07:17"
"-16.00","","-20.00","54","783","1044","","","","0.40","","NE","Ясно","2026-01-18 07:18"
"-16.00","","-19.70","54","783","1044","","","","0.50","","NE","Ясно","2026-01-18 07:19"
"-16.00","","-19.70","54","783","1044","","","","0.00","","NE","Ясно","2026-01-18 07:20"
"-16.00","","-20.00","54","783","1044","","","","0.50","","NE","Ясно","2026-01-18 07:21"
"-15.90","","-19.90","54","783","1044","","","","0.50","","NE","Ясно","2026-01-18 07:22"
"-15.90","","-19.90","54","783","1044","","","","0.50","","NE","Ясно","2026-01-18 07:23"
"-15.90","","-19.90","54","783","1044","","","","0.00","","NE","Ясно","2026-01-18 07:24"
"-15.80","","-19.50","54","783","1044","","","","0.00","","NE","Ясно","2026-01-18 07:25"
"-15.80","","-19.50","54","783","1044","","","","0.00","","NE","Ясно","2026-01-18 07:26"
"-15.80","","-19.50","54","783","1044","","","","0.00","","NE","Ясно","2026-01-18 07:27"
"-15.80","","-19.50","54","783","1044","","","","0.00","","NE","Ясно","2026-01-18 07:28"
"-15.80","","-19.80","54","783","1044","","","","0.40","","NE","Ясно","2026-01-18 07:29"
"-15.80","","-19.80","54","783","1044","","","","0.00","","NE","Ясно","2026-01-18 07:30"
"-15.80","","-19.80","54","783","1044","","","","0.00","","NE","Ясно","2026-01-18 07:31"
"-15.70","","-19.40","54","783","1044","","","","0.00","","NE","Ясно","2026-01-18 07:32"
"-15.60","","-19.30","54","783","1044","","","","0.00","","NE","Ясно","2026-01-18 07:33"
"-15.60","","-19.60","54","783","1044","","","","0.40","","NE","Ясно","2026-01-18 07:34"
"-15.60","","-19.30","54","783","1044","","","","0.40","","NE","Ясно","2026-01-18 07:35"
"-15.60","","-19.30","54","783","1044","","","","0.40","","NE","Ясно","2026-01-18 07:36"
"-15.60","","-19.30","54","783","1044","","","","0.40","","NE","Ясно","2026-01-18 07:37"
"-15.60","","-19.60","54","783","1044","","","","0.50","","NE","Ясно","2026-01-18 07:38"
"-15.50","","-19.50","54","783","1044","","","","0.50","","NE","Ясно","2026-01-18 07:39"
"-15.50","","-19.50","54","783","1044","","","","0.50","","NE","Ясно","2026-01-18 07:40"
"-15.50","","-19.50","54","783","1044","","","","0.50","","NE","Ясно","2026-01-18 07:41"
"-15.40","","-19.40","54","783","1044","","","","0.50","","NE","Ясно","2026-01-18 07:42"
"-15.40","","-19.40","54","783","1044","","","","0.50","","NE","Ясно","2026-01-18 07:43"
"-15.40","","-19.30","54","783","1044","","","","0.40","","NE","Ясно","2026-01-18 07:44"
"-15.40","","-19.30","54","783","1044","","","","0.00","","NE","Ясно","2026-01-18 07:45"
"-15.30","","-19.00","54","783","1044","","","","0.00","","NE","Ясно","2026-01-18 07:46"
"-15.30","","-19.00","54","783","1044","","","","0.00","","NE","Ясно","2026-01-18 07:47"
"-15.30","","-19.30","54","783","1044","","","","0.50","","NE","Ясно","2026-01-18 07:48"
"-15.30","","-19.30","54","783","1044","","","","0.50","","NE","Ясно","2026-01-18 07:49"
"-15.30","","-19.40","54","783","1044","","","","0.50","","NE","Ясно","2026-01-18 07:50"
"-15.30","","-19.20","54","783","1044","","","","0.40","","NE","Ясно","2026-01-18 07:51"
"-15.30","","-19.30","54","783","1044","","","","0.40","","NE","Ясно","2026-01-18 07:52"
"-15.30","","-19.30","54","783","1044","","","","0.40","","NE","Ясно","2026-01-18 07:53"
"-15.20","","-19.10","54","783","1044","","","","0.50","","NE","Ясно","2026-01-18 07:54"
"-15.20","","-19.10","54","783","1044","","","","0.50","","NE","Ясно","2026-01-18 07:55"
"-15.20","","-19.20","54","783","1044","","","","0.00","","NE","Ясно","2026-01-18 07:56"
"-15.20","","-18.90","54","783","1044","","","","0.00","","NE","Ясно","2026-01-18 07:57"
"-15.20","","-18.90","54","783","1044","","","","0.40","","NE","Ясно","2026-01-18 07:58"
"-15.20","","-18.90","54","783","1044","","","","0.40","","NE","Ясно","2026-01-18 07:59"
"-15.00","","-18.90","54","783","1044","","","","0.40","","NE","Ясно","2026-01-18 08:00"
"-15.00","","-18.90","54","783","1044","","","","0.40","","NE","Ясно","2026-01-18 08:01"
"-15.00","","-18.90","54","783","1044","","","","0.40","","NE","Ясно","2026-01-18 08:02"
"-14.80","","-18.70","54","783","1044","","","","0.40","","NE","Ясно","2026-01-18 08:03"
"-14.80","","-18.80","54","783","1044","","","","0.50","","NE","Ясно","2026-01-18 08:04"
"-14.80","","-18.80","54","783","1044","","","","0.40","","NE","Ясно","2026-01-18 08:05"
"-14.80","","-18.50","54","783","1044","","","","0.00","","NE","Ясно","2026-01-18 08:06"
"-14.80","","-18.50","54","783","1044","","","","0.40","","NE","Ясно","2026-01-18 08:07"
"-14.70","","-18.60","54","783","1044","","","","0.40","","NE","Ясно","2026-01-18 08:08"
"-14.60","","-18.50","54","783","1044","","","","0.40","","NE","Ясно","2026-01-18 08:09"
"-14.50","","-18.40","54","783","1044","","","","0.40","","NE","Ясно","2026-01-18 08:10"
"-14.50","","-18.50","54","783","1044","","","","0.50","","NE","Ясно","2026-01-18 08:11"
"-14.50","","-18.60","54","783","1044","","","","0.70","","NE","Ясно","2026-01-18 08:12"
"-14.50","","-18.40","54","783","1044","","","","0.40","","NE","Ясно","2026-01-18 08:13"
"-14.50","","-18.40","54","783","1044","","","","0.50","","NE","Ясно","2026-01-18 08:14"
"-14.40","","-18.40","54","783","1044","","","","0.50","","NE","Ясно","2026-01-18 08:15"
"-14.40","","-18.30","54","783","1044","","","","0.60","","NE","Ясно","2026-01-18 08:16"
"-14.30","","-18.40","54","783","1044","","","","0.60","","NE","Ясно","2026-01-18 08:17"
"-14.30","","-18.40","54","783","1044","","","","0.00","","NE","Ясно","2026-01-18 08:18"
"-14.30","","-18.30","54","783","1044","","","","0.50","","NE","Ясно","2026-01-18 08:19"
"-14.30","","-18.30","54","783","1044","","","","0.50","","NE","Ясно","2026-01-18 08:20"
"-14.30","","-18.20","54","783","1044","","","","0.70","","NE","Ясно","2026-01-18 08:21"
"-14.30","","-18.20","54","783","1044","","","","0.70","","NE","Ясно","2026-01-18 08:22"
"-14.20","","-18.20","54","783","1044","","","","0.00","","NE","Ясно","2026-01-18 08:23"
"-14.20","","-18.20","54","783","1044","","","","0.00","","NE","Ясно","2026-01-18 08:24"
"-14.20","","-18.10","54","783","1044","","","","0.40","","NE","Ясно","2026-01-18 08:25"
"-14.20","","-18.10","54","783","1044","","","","0.40","","NE","Ясно","2026-01-18 08:26"
"-14.10","","-18.20","54","783","1044","","","","0.60","","NE","Ясно","2026-01-18 08:27"
"-14.10","","-18.20","54","783","1044","","","","0.60","","NE","Ясно","2026-01-18 08:28"
"-14.10","","-18.20","54","783","1044","","","","0.60","","NE","Ясно","2026-01-18 08:29"
"-14.10","","-18.20","54","783","1044","","","","0.60","","NE","Ясно","2026-01-18 08:30"
"-14.10","","-17.70","54","783","1044","","","","0.00","","NE","Ясно","2026-01-18 08:31"
"-14.10","","-17.70","54","783","1044","","","","0.60","","NE","Ясно","2026-01-18 08:32"
"-14.10","","-18.20","54","783","1044","","","","0.60","","NE","Ясно","2026-01-18 08:33"
"-14.10","","-18.20","54","783","1044","","","","0.60","","NE","Ясно","2026-01-18 08:34"
"-14.10","","-18.00","54","783","1044","","","","0.00","","NE","Ясно","2026-01-18 08:35"
"-14.10","","-17.70","54","783","1044","","","","0.00","","NE","Ясно","2026-01-18 08:36"
"-14.10","","-17.70","54","783","1044","","","","0.40","","NE","Ясно","2026-01-18 08:37"
"-14.10","","-18.00","54","783","1044","","","","0.00","","NE","Ясно","2026-01-18 08:38"
"-14.10","","-18.00","54","783","1044","","","","0.00","","NE","Ясно","2026-01-18 08:39"
"-14.00","","-17.60","54","783","1044","","","","0.00","","NE","Ясно","2026-01-18 08:40"
"-14.00","","-17.60","54","783","1044","","","","0.40","","NE","Ясно","2026-01-18 08:41"
"-13.80","","-17.70","54","783","1044","","","","0.40","","NE","Ясно","2026-01-18 08:42"
"-13.80","","-17.70","54","783","1044","","","","0.40","","NE","Ясно","2026-01-18 08:43"
"-13.80","","-17.70","54","783","1044","","","","0.50","","NE","Ясно","2026-01-18 08:44"
"-13.80","","-17.80","54","783","1044","","","","0.40","","NE","Ясно","2026-01-18 08:45"
"-13.80","","-17.80","54","783","1044","","","","0.40","","NE","Ясно","2026-01-18 08:46"
"-13.80","","-17.70","54","783","1044","","","","0.40","","NE","Ясно","2026-01-18 08:47"
"-13.80","","-17.70","54","783","1044","","","","0.40","","NE","Ясно","2026-01-18 08:48"
"-13.80","","-17.70","54","783","1044","","","","0.40","","NE","Ясно","2026-01-18 08:49"
"-13.80","","-17.80","54","783","1044","","","","0.50","","NE","Ясно","2026-01-18 08:50"
"-13.80","","-17.80","54","783","1044","","","","0.50","","NE","Ясно","2026-01-18 08:51"
"-13.70","","-17.30","54","783","1044","","","","0.00","","NE","Ясно","2026-01-18 08:52"
"-13.60","","-17.20","54","783","1044","","","","0.00","","NE","Ясно","2026-01-18 08:53"
"-13.70","","-17.30","54","783","1044","","","","0.40","","NE","Ясно","2026-01-18 08:54"
"-13.70","","-17.60","54","783","1044","","","","0.40","","NE","Ясно","2026-01-18 08:55"
"-13.70","","-17.60","54","783","1044","","","","0.40","","NE","Ясно","2026-01-18 08:56"
"-13.70","","-17.60","54","783","1044","","","","0.40","","NE","Ясно","2026-01-18 08:57"
"-13.70","","-17.60","54","783","1044","","","","0.00","","NE","Ясно","2026-01-18 08:58"
"-13.70","","-17.30","54","783","1044","","","","0.00","","NE","Ясно","2026-01-18 08:59"
"-13.60","","-17.50","54","783","1044","","","","0.40","","NE","Ясно","2026-01-18 09:00"
"-13.60","","-17.50","54","783","1044","","","","0.40","","NE","Ясно","2026-01-18 09:01"
"-13.70","","-17.30","54","783","1044","","","","0.00","","NE","Ясно","2026-01-18 09:02"
"-13.70","","-17.30","54","783","1044","","","","0.00","","NE","Ясно","2026-01-18 09:03"
"-13.70","","-17.30","54","783","1044","","","","0.00","","NE","Ясно","2026-01-18 09:04"
"-13.70","","-17.30","54","783","1044","","","","0.00","","NE","Ясно","2026-01-18 09:05"
"-13.70","","-17.60","54","782","1043","","","","0.60","","NE","Ясно","2026-01-18 09:06"
"-13.70","","-17.60","54","782","1043","","","","0.60","","NE","Ясно","2026-01-18 09:07"
"-13.70","","-17.70","54","782","1043","","","","0.50","","NE","Ясно","2026-01-18 09:08"
"-13.70","","-17.70","54","782","1043","","","","0.50","","NE","Ясно","2026-01-18 09:09"
"-13.70","","-17.70","54","782","1043","","","","0.50","","NE","Ясно","2026-01-18 09:10"
"-13.70","","-17.70","54","782","1043","","","","0.50","","ENE","Ясно","2026-01-18 09:11"
"-13.60","","-17.50","54","782","1043","","","","0.40","","ENE","Ясно","2026-01-18 09:12"
"-13.60","","-17.50","54","782","1043","","","","0.40","","ENE","Ясно","2026-01-18 09:13"
"-13.50","","-17.40","54","782","1043","","","","0.40","","ENE","Ясно","2026-01-18 09:14"
"-13.50","","-17.50","54","782","1043","","","","0.00","","ENE","Ясно","2026-01-18 09:15"
"-13.50","","-17.10","54","782","1043","","","","0.40","","ENE","Ясно","2026-01-18 09:16"
"-13.50","","-17.40","54","782","1043","","","","0.40","","ENE","Ясно","2026-01-18 09:17"
"-13.40","","-17.30","54","782","1043","","","","0.40","","ENE","Ясно","2026-01-18 09:18"
"-13.40","","-17.30","54","782","1043","","","","0.60","","ENE","Ясно","2026-01-18 09:19"
"-13.40","","-17.40","54","782","1043","","","","0.60","","ENE","Ясно","2026-01-18 09:20"
"-13.40","","-17.40","54","782","1043","","","","0.40","","ENE","Ясно","2026-01-18 09:21"
"-13.30","","-17.30","54","782","1043","","","","0.50","","ENE","Ясно","2026-01-18 09:22"
"-13.30","","-17.20","54","782","1043","","","","0.00","","ENE","Ясно","2026-01-18 09:23"
"-13.30","","-16.90","54","782","1043","","","","0.50","","ENE","Ясно","2026-01-18 09:24"
"-13.30","","-16.90","54","782","1043","","","","0.50","","ENE","Ясно","2026-01-18 09:25"
"-13.20","","-17.20","54","782","1043","","","","0.00","","ENE","Ясно","2026-01-18 09:26"
"-13.20","","-17.20","54","782","1043","","","","0.00","","ENE","Ясно","2026-01-18 09:27"
"-13.10","","-17.00","54","782","1043","","","","0.40","","ENE","Ясно","2026-01-18 09:28"
"-13.10","","-17.00","54","782","1043","","","","0.40","","ENE","Ясно","2026-01-18 09:29"
"-13.10","","-17.00","54","782","1043","","","","0.40","","ENE","Ясно","2026-01-18 09:30"
"-13.10","","-17.00","54","782","1043","","","","0.00","","ENE","Ясно","2026-01-18 09:31"
"-13.10","","-17.00","54","782","1043","","","","0.00","","ENE","Ясно","2026-01-18 09:32"
"-13.00","","-16.60","54","782","1043","","","","0.00","","ENE","Ясно","2026-01-18 09:33"
"-13.00","","-16.60","54","782","1043","","","","0.00","","ENE","Ясно","2026-01-18 09:34"
"-13.00","","-16.60","54","782","1043","","","","0.00","","ENE","Ясно","2026-01-18 09:35"
"-13.00","","-16.60","54","782","1043","","","","0.00","","ENE","Ясно","2026-01-18 09:36"
"-13.00","","-16.60","54","782","1043","","","","0.00","","ENE","Ясно","2026-01-18 09:37"
"-12.90","","-16.80","54","782","1043","","","","0.40","","ENE","Ясно","2026-01-18 09:38"
"-12.90","","-16.80","54","782","1043","","","","0.00","","ENE","Ясно","2026-01-18 09:39"
"-12.90","","-16.50","54","782","1043","","","","0.40","","ENE","Ясно","2026-01-18 09:40"
"-12.80","","-16.70","54","782","1043","","","","0.50","","ENE","Ясно","2026-01-18 09:41"
"-12.80","","-16.70","54","782","1043","","","","0.50","","ENE","Ясно","2026-01-18 09:42"
"-12.90","","-16.80","54","782","1043","","","","0.40","","ENE","Ясно","2026-01-18 09:43"
"-12.80","","-16.80","54","782","1043","","","","0.60","","ENE","Ясно","2026-01-18 09:44"
"-12.80","","-16.40","54","782","1043","","","","0.00","","ENE","Ясно","2026-01-18 09:45"
"-12.80","","-16.40","54","782","1043","","","","0.00","","ENE","Ясно","2026-01-18 09:46"
"-12.80","","-16.70","54","782","1043","","","","0.40","","ENE","Ясно","2026-01-18 09:47"
"-12.90","","-16.80","54","782","1043","","","","0.40","","ENE","Ясно","2026-01-18 09:48"
"-12.80","","-16.70","54","782","1043","","","","0.40","","ENE","Ясно","2026-01-18 09:49"
"-12.80","","-16.70","54","782","1043","","","","0.50","","ENE","Ясно","2026-01-18 09:50"
"-12.90","","-16.90","54","783","1044","","","","0.40","","ENE","Ясно","2026-01-18 09:51"
"-12.90","","-16.80","54","783","1044","","","","0.40","","ENE","Ясно","2026-01-18 09:52"
"-12.90","","-16.50","54","783","1044","","","","0.00","","ENE","Ясно","2026-01-18 09:53"
"-12.90","","-16.80","54","783","1044","","","","0.50","","ENE","Ясно","2026-01-18 09:54"
"-12.90","","-16.80","54","783","1044","","","","0.40","","ENE","Ясно","2026-01-18 09:55"
"-12.80","","-16.70","54","783","1044","","","","0.40","","ENE","Ясно","2026-01-18 09:56"
"-12.90","","-16.80","54","783","1044","","","","0.70","","ENE","Ясно","2026-01-18 09:57"
"-12.90","","-17.00","54","783","1044","","","","1.00","","ENE","Ясно","2026-01-18 09:58"
"-12.90","","-17.20","54","783","1044","","","","0.90","","ENE","Ясно","2026-01-18 09:59"
"-12.90","","-17.10","54","783","1044","","","","0.90","","ENE","Ясно","2026-01-18 10:00"
"-12.90","","-16.80","54","783","1044","","","","0.40","","ENE","Ясно","2026-01-18 10:01"
"-12.90","","-16.80","54","783","1044","","","","0.40","","ENE","Ясно","2026-01-18 10:02"
"-13.00","","-16.90","54","783","1044","","","","0.40","","ENE","Ясно","2026-01-18 10:03"
"-13.00","","-16.90","54","783","1044","","","","0.40","","ENE","Ясно","2026-01-18 10:04"
"-13.00","","-16.60","54","783","1044","","","","0.40","","ENE","Ясно","2026-01-18 10:05"
"-13.00","","-16.90","54","782","1043","","","","0.60","","ENE","Ясно","2026-01-18 10:06"
"-13.00","","-17.00","54","782","1043","","","","0.60","","ENE","Ясно","2026-01-18 10:07"
"-13.00","","-17.00","54","782","1043","","","","0.50","","ENE","Ясно","2026-01-18 10:08"
"-13.00","","-16.90","54","782","1043","","","","0.50","","ENE","Ясно","2026-01-18 10:09"
"-13.00","","-16.60","54","782","1043","","","","0.00","","ENE","Ясно","2026-01-18 10:10"
"-13.00","","-16.90","54","782","1043","","","","0.40","","ENE","Ясно","2026-01-18 10:11"
"-13.00","","-16.90","54","782","1043","","","","0.40","","ENE","Ясно","2026-01-18 10:12"
"-13.00","","-16.60","54","782","1043","","","","0.00","","ENE","Ясно","2026-01-18 10:13"
"-13.00","","-16.60","54","782","1043","","","","0.00","","ENE","Ясно","2026-01-18 10:14"
"-13.00","","-16.90","54","782","1043","","","","0.00","","ENE","Ясно","2026-01-18 10:15"
"-13.00","","-16.60","54","782","1043","","","","0.00","","ENE","Ясно","2026-01-18 10:16"
"-13.00","","-16.60","54","782","1043","","","","0.00","","ENE","Ясно","2026-01-18 10:17"
"-13.00","","-16.90","54","782","1043","","","","0.50","","ENE","Ясно","2026-01-18 10:18"
"-13.00","","-17.10","54","782","1043","","","","0.40","","ENE","Ясно","2026-01-18 10:19"
"-13.10","","-17.00","54","782","1043","","","","0.40","","ENE","Ясно","2026-01-18 10:20"
"-13.10","","-17.00","54","782","1043","","","","0.90","","ENE","Ясно","2026-01-18 10:21"
"-13.10","","-17.30","54","782","1043","","","","0.90","","ENE","Ясно","2026-01-18 10:22"
"-13.10","","-17.30","54","782","1043","","","","0.90","","ENE","Ясно","2026-01-18 10:23"
"-13.10","","-17.30","54","782","1043","","","","0.90","","ENE","Ясно","2026-01-18 10:24"
"-13.10","","-17.30","54","782","1043","","","","0.70","","ENE","Ясно","2026-01-18 10:25"
"-13.20","","-17.20","54","782","1043","","","","0.50","","ENE","Ясно","2026-01-18 10:26"
"-13.20","","-17.20","54","782","1043","","","","0.50","","ENE","Ясно","2026-01-18 10:27"
"-13.20","","-17.20","54","782","1043","","","","0.70","","ENE","Ясно","2026-01-18 10:28"
"-13.20","","-17.20","54","782","1043","","","","0.70","","ENE","Ясно","2026-01-18 10:29"
"-13.20","","-17.20","54","782","1043","","","","0.40","","ENE","Ясно","2026-01-18 10:30"
"-13.10","","-17.00","54","782","1043","","","","0.40","","ENE","Ясно","2026-01-18 10:31"
"-13.10","","-17.00","54","782","1043","","","","0.40","","ENE","Ясно","2026-01-18 10:32"
"-13.10","","-17.00","54","782","1043","","","","0.40","","ENE","Ясно","2026-01-18 10:33"
"-13.10","","-17.00","54","782","1043","","","","0.40","","ENE","Ясно","2026-01-18 10:34"
"-13.10","","-17.00","54","782","1043","","","","0.40","","ENE","Ясно","2026-01-18 10:35"
"-13.10","","-17.00","54","782","1043","","","","0.40","","ENE","Ясно","2026-01-18 10:36"
"-13.00","","-16.90","54","782","1043","","","","0.50","","ENE","Ясно","2026-01-18 10:37"
"-13.00","","-16.90","54","782","1043","","","","0.50","","ENE","Ясно","2026-01-18 10:38"
"-13.00","","-16.90","54","782","1043","","","","0.40","","ENE","Ясно","2026-01-18 10:39"
"-12.90","","-16.80","54","782","1043","","","","0.40","","ENE","Ясно","2026-01-18 10:40"
"-12.90","","-16.90","54","782","1043","","","","0.60","","ENE","Ясно","2026-01-18 10:41"
"-12.90","","-16.90","54","782","1043","","","","0.40","","ENE","Ясно","2026-01-18 10:42"
"-12.90","","-16.80","54","782","1043","","","","0.00","","ENE","Ясно","2026-01-18 10:43"
"-12.90","","-16.50","54","782","1043","","","","0.00","","ENE","Ясно","2026-01-18 10:44"
"-12.80","","-16.40","54","782","1043","","","","0.00","","ENE","Ясно","2026-01-18 10:45"
"-12.80","","-16.40","54","782","1043","","","","0.00","","ENE","Ясно","2026-01-18 10:46"
"-12.70","","-16.60","54","782","1043","","","","0.40","","ENE","Ясно","2026-01-18 10:47"
"-12.70","","-16.60","54","782","1043","","","","0.50","","ENE","Ясно","2026-01-18 10:48"
"-12.70","","-16.60","54","782","1043","","","","0.40","","ENE","Ясно","2026-01-18 10:49"
"-12.70","","-16.80","54","782","1043","","","","0.60","","ENE","Ясно","2026-01-18 10:50"
"-12.70","","-16.80","54","782","1043","","","","0.60","","ENE","Ясно","2026-01-18 10:51"
"-12.70","","-16.60","54","782","1043","","","","0.40","","ENE","Ясно","2026-01-18 10:52"
"-12.70","","-16.70","54","782","1043","","","","0.60","","ENE","Ясно","2026-01-18 10:53"
"-12.70","","-16.60","54","782","1043","","","","0.40","","ENE","Ясно","2026-01-18 10:54"
"-12.70","","-16.30","54","782","1043","","","","0.00","","ENE","Ясно","2026-01-18 10:55"
"-12.70","","-16.30","54","782","1043","","","","0.40","","ENE","Ясно","2026-01-18 10:56"
"-12.70","","-16.60","54","782","1043","","","","0.40","","ENE","Ясно","2026-01-18 10:57"
"-12.70","","-16.60","54","782","1043","","","","0.40","","ENE","Ясно","2026-01-18 10:58"
"-12.70","","-16.60","54","782","1043","","","","0.40","","ENE","Ясно","2026-01-18 10:59"
"-12.70","","-16.60","54","782","1043","","","","0.40","","ENE","Ясно","2026-01-18 11:00"
"-12.70","","-16.60","54","782","1043","","","","0.00","","ENE","Ясно","2026-01-18 11:01"
"-12.70","","-16.30","54","782","1043","","","","0.50","","ENE","Ясно","2026-01-18 11:02"
"-12.70","","-16.30","54","782","1043","","","","0.50","","ENE","Ясно","2026-01-18 11:03"
"-12.60","","-16.50","54","782","1043","","","","0.40","","ENE","Ясно","2026-01-18 11:04"
"-12.60","","-16.50","54","782","1043","","","","0.40","","ENE","Ясно","2026-01-18 11:05"
"-12.70","","-16.60","54","781","1042","","","","0.40","","ENE","Ясно","2026-01-18 11:06"
"-12.70","","-16.60","54","781","1042","","","","0.60","","ENE","Ясно","2026-01-18 11:07"
"-12.70","","-16.70","54","781","1042","","","","0.50","","ENE","Ясно","2026-01-18 11:08"
"-12.70","","-16.70","54","781","1042","","","","0.50","","ENE","Ясно","2026-01-18 11:09"
"-12.90","","-17.10","54","781","1042","","","","0.90","","ENE","Ясно","2026-01-18 11:10"
"-12.90","","-17.10","54","781","1042","","","","0.90","","ENE","Ясно","2026-01-18 11:11"
"-12.90","","-17.10","54","781","1042","","","","0.90","","ENE","Ясно","2026-01-18 11:12"
"-12.90","","-16.90","54","781","1042","","","","0.40","","ENE","Ясно","2026-01-18 11:13"
"-12.90","","-16.80","54","781","1042","","","","0.40","","ENE","Ясно","2026-01-18 11:14"
"-12.90","","-16.50","54","781","1042","","","","0.40","","ENE","Ясно","2026-01-18 11:15"
"-12.90","","-16.80","54","781","1042","","","","0.50","","ENE","Ясно","2026-01-18 11:16"
"-12.90","","-16.80","54","781","1042","","","","0.50","","ENE","Ясно","2026-01-18 11:17"
"-12.90","","-16.80","54","781","1042","","","","0.50","","ENE","Ясно","2026-01-18 11:18"
"-12.90","","-16.80","54","781","1042","","","","0.50","","ENE","Ясно","2026-01-18 11:19"
"-12.90","","-17.00","54","781","1042","","","","0.70","","ENE","Ясно","2026-01-18 11:20"
"-13.00","","-17.00","54","781","1042","","","","1.30","","ENE","Ясно","2026-01-18 11:21"
"-13.00","","-17.50","54","781","1042","","","","1.30","","ENE","Ясно","2026-01-18 11:22"
"-13.00","","-17.50","54","781","1042","","","","0.70","","ENE","Ясно","2026-01-18 11:23"
"-13.00","","-17.10","54","781","1042","","","","0.70","","ENE","Ясно","2026-01-18 11:24"
"-13.00","","-17.10","54","781","1042","","","","0.70","","ENE","Ясно","2026-01-18 11:25"
"-13.00","","-17.10","54","781","1042","","","","0.70","","ENE","Ясно","2026-01-18 11:26"
"-13.00","","-17.10","54","781","1042","","","","0.90","","ENE","Ясно","2026-01-18 11:27"
"-13.00","","-17.20","54","781","1042","","","","0.90","","ENE","Ясно","2026-01-18 11:28"
"-13.10","","-17.30","54","781","1042","","","","0.60","","ENE","Ясно","2026-01-18 11:29"
"-13.10","","-17.10","54","781","1042","","","","1.00","","ENE","Ясно","2026-01-18 11:30"
"-13.10","","-17.40","54","781","1042","","","","0.50","","ENE","Ясно","2026-01-18 11:31"
"-13.10","","-17.10","54","781","1042","","","","0.50","","ENE","Ясно","2026-01-18 11:32"
"-13.00","","-16.60","54","781","1042","","","","0.50","","ENE","Ясно","2026-01-18 11:33"
"-13.10","","-17.10","54","781","1042","","","","0.40","","ENE","Ясно","2026-01-18 11:34"
"-13.10","","-17.00","54","781","1042","","","","0.40","","ENE","Ясно","2026-01-18 11:35"
"-13.00","","-16.90","54","781","1042","","","","0.40","","ENE","Ясно","2026-01-18 11:36"
"-13.00","","-16.90","54","781","1042","","","","0.40","","ENE","Ясно","2026-01-18 11:37"
"-13.10","","-17.10","54","781","1042","","","","0.50","","ENE","Ясно","2026-01-18 11:38"
"-13.10","","-17.10","54","781","1042","","","","0.50","","ENE","Ясно","2026-01-18 11:39"
"-13.10","","-17.20","54","781","1042","","","","0.70","","ENE","Ясно","2026-01-18 11:40"
"-13.10","","-17.30","54","781","1042","","","","0.90","","ENE","Ясно","2026-01-18 11:41"
"-13.10","","-17.10","54","781","1042","","","","0.60","","ENE","Ясно","2026-01-18 11:42"
"-13.20","","-17.20","54","781","1042","","","","0.60","","ENE","Ясно","2026-01-18 11:43"
"-13.20","","-17.20","54","781","1042","","","","0.60","","ENE","Ясно","2026-01-18 11:44"
"-13.20","","-17.20","54","781","1042","","","","0.60","","ENE","Ясно","2026-01-18 11:45"
"-13.20","","-17.20","54","781","1042","","","","0.60","","ENE","Ясно","2026-01-18 11:46"
"-13.20","","-17.20","54","781","1042","","","","0.70","","ENE","Ясно","2026-01-18 11:47"
"-13.20","","-17.30","54","781","1042","","","","0.70","","ENE","Ясно","2026-01-18 11:48"
"-13.20","","-17.40","54","781","1042","","","","0.90","","ENE","Ясно","2026-01-18 11:49"
"-13.20","","-17.30","54","781","1042","","","","0.70","","ENE","Ясно","2026-01-18 11:50"
"-13.20","","-17.50","54","781","1042","","","","1.00","","ENE","Ясно","2026-01-18 11:51"
"-13.20","","-17.40","54","781","1042","","","","0.90","","ENE","Ясно","2026-01-18 11:52"
"-13.20","","-17.40","54","781","1042","","","","0.00","","ENE","Ясно","2026-01-18 11:53"
"-13.20","","-16.80","54","781","1042","","","","0.00","","ENE","Ясно","2026-01-18 11:54"
"-13.20","","-16.80","54","781","1042","","","","1.20","","ENE","Ясно","2026-01-18 11:55"
"-13.20","","-17.60","54","781","1042","","","","1.20","","ENE","Ясно","2026-01-18 11:56"
"-13.20","","-17.60","54","781","1042","","","","1.40","","ENE","Ясно","2026-01-18 11:57"
"-13.20","","-17.50","54","781","1042","","","","0.70","","ENE","Ясно","2026-01-18 11:58"
"-13.30","","-17.40","54","781","1042","","","","1.00","","ENE","Ясно","2026-01-18 11:59"
"-13.30","","-17.60","54","781","1042","","","","1.00","","ENE","Ясно","2026-01-18 12:00"
"-13.40","","-17.40","54","781","1042","","","","0.70","","ENE","Ясно","2026-01-18 12:01"
"-13.40","","-17.40","54","781","1042","","","","0.70","","ENE","Ясно","2026-01-18 12:02"
"-13.30","","-17.30","54","781","1042","","","","0.50","","ENE","Ясно","2026-01-18 12:03"
"-13.30","","-17.30","54","781","1042","","","","0.60","","ENE","Ясно","2026-01-18 12:04"
"-13.30","","-17.30","54","781","1042","","","","0.60","","ENE","Ясно","2026-01-18 12:05"
"-13.40","","-17.40","54","781","1042","","","","0.60","","ENE","Ясно","2026-01-18 12:06"
"-13.40","","-17.50","54","781","1042","","","","0.50","","ENE","Ясно","2026-01-18 12:07"
"-13.40","","-17.50","54","781","1042","","","","0.50","","ENE","Ясно","2026-01-18 12:08"
"-13.40","","-17.00","54","781","1042","","","","0.00","","ENE","Ясно","2026-01-18 12:09"
"-13.40","","-17.00","54","781","1042","","","","0.00","","ENE","Ясно","2026-01-18 12:10"
"-13.50","","-17.50","54","781","1042","","","","0.50","","ENE","Ясно","2026-01-18 12:11"
"-13.40","","-17.40","54","781","1042","","","","0.50","","ENE","Ясно","2026-01-18 12:12"
"-13.40","","-17.40","54","781","1042","","","","0.50","","ENE","Ясно","2026-01-18 12:13"
"-13.50","","-17.50","54","781","1042","","","","0.40","","ENE","Ясно","2026-01-18 12:14"
"-13.50","","-17.40","54","781","1042","","","","0.00","","ENE","Ясно","2026-01-18 12:15"
"-13.50","","-17.10","54","781","1042","","","","0.00","","ENE","Ясно","2026-01-18 12:16"
"-13.50","","-17.10","54","781","1042","","","","0.00","","ENE","Ясно","2026-01-18 12:17"
"-13.50","","-17.10","54","781","1042","","","","0.00","","ENE","Ясно","2026-01-18 12:18"
"-13.50","","-17.10","54","781","1042","","","","0.00","","ENE","Ясно","2026-01-18 12:19"
"-13.50","","-17.10","54","781","1042","","","","0.00","","ENE","Ясно","2026-01-18 12:20"
"-13.50","","-17.10","54","781","1042","","","","0.40","","ENE","Ясно","2026-01-18 12:21"
"-13.40","","-17.30","54","780","1041","","","","0.40","","ENE","Ясно","2026-01-18 12:22"
"-13.40","","-17.30","54","780","1041","","","","0.00","","ENE","Ясно","2026-01-18 12:23"
"-13.40","","-17.00","54","780","1041","","","","0.00","","ENE","Ясно","2026-01-18 12:24"
"-13.40","","-17.00","54","780","1041","","","","0.00","","ENE","Ясно","2026-01-18 12:25"
"-13.30","","-16.90","54","780","1041","","","","0.00","","ENE","Ясно","2026-01-18 12:26"
"-13.30","","-16.90","54","780","1041","","","","0.00","","ENE","Ясно","2026-01-18 12:27"
"-13.30","","-16.90","54","780","1041","","","","0.00","","ENE","Ясно","2026-01-18 12:28"
"-13.30","","-16.90","54","780","1041","","","","0.00","","ENE","Ясно","2026-01-18 12:29"
"-13.40","","-17.00","54","780","1041","","","","0.00","","ENE","Ясно","2026-01-18 12:30"
"-13.40","","-17.00","54","780","1041","","","","0.00","","ENE","Ясно","2026-01-18 12:31"
"-13.30","","-16.90","54","780","1041","","","","0.00","","ENE","Ясно","2026-01-18 12:32"
"-13.30","","-16.90","54","780","1041","","","","0.00","","ENE","Ясно","2026-01-18 12:33"
"-13.30","","-16.90","54","780","1041","","","","0.00","","ENE","Ясно","2026-01-18 12:34"
"-13.30","","-16.90","54","780","1041","","","","0.00","","ENE","Ясно","2026-01-18 12:35"
"-13.30","","-16.90","54","780","1041","","","","0.00","","ENE","Ясно","2026-01-18 12:36"
"-13.40","","-17.00","54","780","1041","","","","0.00","","ENE","Ясно","2026-01-18 12:37"
"-13.40","","-17.00","54","780","1041","","","","0.00","","ENE","Ясно","2026-01-18 12:38"
"-13.40","","-17.00","54","780","1041","","","","0.00","","ENE","Ясно","2026-01-18 12:39"
"-13.40","","-17.00","54","780","1041","","","","0.00","","ENE","Ясно","2026-01-18 12:40"
"-13.40","","-17.00","54","780","1041","","","","0.00","","ENE","Ясно","2026-01-18 12:41"
"-13.40","","-17.00","54","780","1041","","","","0.00","","ENE","Ясно","2026-01-18 12:42"
"-13.40","","-17.00","54","780","1041","","","","0.00","","ENE","Ясно","2026-01-18 12:43"
"-13.40","","-17.00","54","780","1041","","","","0.00","","ENE","Ясно","2026-01-18 12:44"
"-13.40","","-17.00","54","780","1041","","","","0.00","","ENE","Ясно","2026-01-18 12:45"
"-13.40","","-17.00","54","780","1041","","","","0.00","","ENE","Ясно","2026-01-18 12:46"
"-13.40","","-17.00","54","780","1041","","","","0.00","","ENE","Ясно","2026-01-18 12:47"
"-13.40","","-17.00","54","780","1041","","","","0.00","","ENE","Ясно","2026-01-18 12:48"
"-13.40","","-17.00","54","780","1041","","","","0.00","","ENE","Ясно","2026-01-18 12:49"
"-13.40","","-17.00","54","780","1041","","","","0.00","","ENE","Ясно","2026-01-18 12:50"
"-13.40","","-17.00","54","780","1041","","","","0.00","","ENE","Ясно","2026-01-18 12:51"
"-13.50","","-17.10","54","780","1041","","","","0.40","","ENE","Ясно","2026-01-18 12:52"
"-13.50","","-17.40","54","780","1041","","","","0.40","","ENE","Ясно","2026-01-18 12:53"
"-13.50","","-17.10","54","780","1041","","","","0.70","","ENE","Ясно","2026-01-18 12:54"
"-13.50","","-17.60","54","780","1041","","","","0.00","","ENE","Ясно","2026-01-18 12:55"
"-13.50","","-17.60","54","780","1041","","","","0.00","","ENE","Ясно","2026-01-18 12:56"
"-13.60","","-17.20","54","780","1041","","","","0.00","","ENE","Ясно","2026-01-18 12:57"
"-13.60","","-17.50","54","780","1041","","","","0.40","","ENE","Ясно","2026-01-18 12:58"
"-13.70","","-17.60","54","780","1041","","","","0.40","","ENE","Ясно","2026-01-18 12:59"
"-13.70","","-17.60","54","780","1041","","","","0.40","","ENE","Ясно","2026-01-18 13:00"
"-13.70","","-17.60","54","780","1041","","","","0.40","","ENE","Ясно","2026-01-18 13:01"
"-13.80","","-17.70","54","780","1041","","","","0.40","","ENE","Ясно","2026-01-18 13:02"
"-13.80","","-17.70","54","780","1041","","","","0.40","","ENE","Ясно","2026-01-18 13:03"
"-13.90","","-17.80","54","780","1041","","","","0.40","","ENE","Ясно","2026-01-18 13:04"
"-13.90","","-17.80","54","780","1041","","","","0.60","","ENE","Ясно","2026-01-18 13:05"
"-13.90","","-17.90","54","781","1042","","","","0.60","","ENE","Ясно","2026-01-18 13:06"
"-14.00","","-17.90","54","781","1042","","","","0.00","","ENE","Ясно","2026-01-18 13:07"
"-14.00","","-17.60","54","781","1042","","","","0.40","","ENE","Ясно","2026-01-18 13:08"
"-14.00","","-17.90","54","781","1042","","","","0.40","","ENE","Ясно","2026-01-18 13:09"
"-14.00","","-17.90","54","781","1042","","","","0.50","","ENE","Ясно","2026-01-18 13:10"
"-14.00","","-17.90","54","781","1042","","","","0.40","","ENE","Ясно","2026-01-18 13:11"
"-14.10","","-18.00","54","781","1042","","","","0.40","","ENE","Ясно","2026-01-18 13:12"
"-14.10","","-18.00","54","781","1042","","","","0.50","","ENE","Ясно","2026-01-18 13:13"
"-14.10","","-18.00","54","781","1042","","","","0.50","","ENE","Ясно","2026-01-18 13:14"
"-14.20","","-18.30","54","781","1042","","","","0.50","","ENE","Ясно","2026-01-18 13:15"
"-14.30","","-18.30","54","781","1042","","","","0.00","","ENE","Ясно","2026-01-18 13:16"
"-14.30","","-18.30","54","781","1042","","","","0.00","","ENE","Ясно","2026-01-18 13:17"
"-14.30","","-18.20","54","781","1042","","","","0.40","","ENE","Ясно","2026-01-18 13:18"
"-14.30","","-18.20","54","781","1042","","","","0.40","","ENE","Ясно","2026-01-18 13:19"
"-14.30","","-18.40","54","781","1042","","","","0.60","","ENE","Ясно","2026-01-18 13:20"
"-14.40","","-18.50","54","781","1042","","","","0.50","","ENE","Ясно","2026-01-18 13:21"
"-14.40","","-18.40","54","781","1042","","","","0.50","","ENE","Ясно","2026-01-18 13:22"
"-14.40","","-18.40","54","781","1042","","","","0.50","","ENE","Ясно","2026-01-18 13:23"
"-14.40","","-18.40","54","781","1042","","","","0.00","","ENE","Ясно","2026-01-18 13:24"
"-14.40","","-18.00","54","781","1042","","","","0.40","","ENE","Ясно","2026-01-18 13:25"
"-14.40","","-18.00","54","781","1042","","","","0.40","","ENE","Ясно","2026-01-18 13:26"
"-14.50","","-18.50","54","781","1042","","","","0.50","","ENE","Ясно","2026-01-18 13:27"
"-14.50","","-18.50","54","781","1042","","","","0.50","","ENE","Ясно","2026-01-18 13:28"
"-14.50","","-18.50","54","781","1042","","","","0.40","","ENE","Ясно","2026-01-18 13:29"
"-14.50","","-18.40","54","781","1042","","","","0.00","","ENE","Ясно","2026-01-18 13:30"
"-14.50","","-18.40","54","781","1042","","","","0.50","","ENE","Ясно","2026-01-18 13:31"
"-14.50","","-18.40","54","781","1042","","","","0.60","","ENE","Ясно","2026-01-18 13:32"
"-14.50","","-18.60","54","781","1042","","","","0.40","","ENE","Ясно","2026-01-18 13:33"
"-14.60","","-18.20","54","781","1042","","","","0.00","","ENE","Ясно","2026-01-18 13:34"
"-14.60","","-18.20","54","781","1042","","","","0.00","","ENE","Ясно","2026-01-18 13:35"
"-14.60","","-18.20","54","781","1042","","","","0.00","","ENE","Ясно","2026-01-18 13:36"
"-14.70","","-18.30","54","781","1042","","","","0.00","","ENE","Ясно","2026-01-18 13:37"
"-14.70","","-18.30","54","781","1042","","","","0.00","","ENE","Ясно","2026-01-18 13:38"
"-14.70","","-18.30","54","781","1042","","","","0.00","","ENE","Ясно","2026-01-18 13:39"
"-14.70","","-18.30","54","781","1042","","","","0.50","","ENE","Ясно","2026-01-18 13:40"
"-14.70","","-18.70","54","781","1042","","","","0.50","","ENE","Ясно","2026-01-18 13:41"
"-14.70","","-18.70","54","781","1042","","","","0.00","","ENE","Ясно","2026-01-18 13:42"
"-14.70","","-18.30","54","781","1042","","","","0.00","","ENE","Ясно","2026-01-18 13:43"
"-14.70","","-18.30","54","781","1042","","","","0.00","","ENE","Ясно","2026-01-18 13:44"
"-14.80","","-18.50","54","781","1042","","","","0.00","","ENE","Ясно","2026-01-18 13:45"
"-14.80","","-18.50","54","781","1042","","","","0.00","","ENE","Ясно","2026-01-18 13:46"
"-14.80","","-18.50","54","781","1042","","","","0.00","","ENE","Ясно","2026-01-18 13:47"
"-14.80","","-18.50","54","781","1042","","","","0.00","","ENE","Ясно","2026-01-18 13:48"
"-14.80","","-18.50","54","781","1042","","","","0.00","","ENE","Ясно","2026-01-18 13:49"
"-14.80","","-18.50","54","781","1042","","","","0.00","","ENE","Ясно","2026-01-18 13:50"
"-14.80","","-18.50","54","781","1042","","","","0.00","","ENE","Ясно","2026-01-18 13:51"
"-14.80","","-18.50","54","781","1042","","","","0.00","","ENE","Ясно","2026-01-18 13:52"
"-14.80","","-18.50","54","781","1042","","","","0.00","","ENE","Ясно","2026-01-18 13:53"
"-14.80","","-18.50","54","781","1042","","","","0.00","","ENE","Ясно","2026-01-18 13:54"
"-14.80","","-18.50","54","781","1042","","","","0.00","","ENE","Ясно","2026-01-18 13:55"
"-14.80","","-18.50","54","781","1042","","","","0.00","","ENE","Ясно","2026-01-18 13:56"
"-14.80","","-18.50","54","781","1042","","","","0.00","","ENE","Ясно","2026-01-18 13:57"
"-14.80","","-18.50","54","781","1042","","","","0.00","","ENE","Ясно","2026-01-18 13:58"
"-14.80","","-18.50","54","781","1042","","","","0.00","","ENE","Ясно","2026-01-18 13:59"
"-14.80","","-18.50","54","781","1042","","","","0.00","","ENE","Ясно","2026-01-18 14:00"
"-14.80","","-18.50","54","781","1042","","","","0.00","","ENE","Ясно","2026-01-18 14:01"
"-14.80","","-18.50","54","781","1042","","","","0.00","","ENE","Ясно","2026-01-18 14:02"
"-14.80","","-18.50","54","781","1042","","","","0.00","","ENE","Ясно","2026-01-18 14:03"
"-14.80","","-18.50","54","781","1042","","","","0.00","","ENE","Ясно","2026-01-18 14:04"
"-14.80","","-18.50","54","781","1042","","","","0.00","","ENE","Ясно","2026-01-18 14:05"
"-14.80","","-18.50","54","781","1042","","","","0.00","","ENE","Ясно","2026-01-18 14:06"
"-14.80","","-18.50","54","781","1042","","","","0.00","","ENE","Ясно","2026-01-18 14:07"
"-14.80","","-18.50","54","781","1042","","","","0.00","","ENE","Ясно","2026-01-18 14:08"
"-14.80","","-18.50","54","781","1042","","","","0.00","","ENE","Ясно","2026-01-18 14:09"
"-14.80","","-18.70","54","781","1042","","","","0.00","","ENE","Ясно","2026-01-18 14:10"
"-14.80","","-18.70","54","781","1042","","","","0.00","","ENE","Ясно","2026-01-18 14:11"
"-14.80","","-18.50","54","781","1042","","","","0.00","","ENE","Ясно","2026-01-18 14:12"
"-14.80","","-18.50","54","781","1042","","","","0.00","","ENE","Ясно","2026-01-18 14:13"
"-14.90","","-18.60","54","781","1042","","","","0.00","","ENE","Ясно","2026-01-18 14:14"
"-14.90","","-18.60","54","781","1042","","","","0.00","","ENE","Ясно","2026-01-18 14:15"
"-14.90","","-18.60","54","781","1042","","","","0.00","","ENE","Ясно","2026-01-18 14:16"
"-14.90","","-18.60","54","781","1042","","","","0.00","","ENE","Ясно","2026-01-18 14:17"
"-14.90","","-18.60","54","781","1042","","","","0.00","","ENE","Ясно","2026-01-18 14:18"
"-14.90","","-18.60","54","781","1042","","","","0.00","","ENE","Ясно","2026-01-18 14:19"
"-14.90","","-18.60","54","781","1042","","","","0.00","","ENE","Ясно","2026-01-18 14:20"
"-14.90","","-18.60","54","781","1042","","","","0.00","","ENE","Ясно","2026-01-18 14:21"
"-15.00","","-18.70","54","781","1042","","","","0.00","","ENE","Ясно","2026-01-18 14:22"
"-15.00","","-18.70","54","781","1042","","","","0.00","","ENE","Ясно","2026-01-18 14:23"
"-15.00","","-18.70","54","781","1042","","","","0.00","","ENE","Ясно","2026-01-18 14:24"
"-15.00","","-18.70","54","781","1042","","","","0.00","","ENE","Ясно","2026-01-18 14:25"
"-15.10","","-18.80","54","781","1042","","","","0.00","","ENE","Ясно","2026-01-18 14:26"
"-15.10","","-18.80","54","781","1042","","","","0.00","","ENE","Ясно","2026-01-18 14:27"
"-15.10","","-19.00","54","781","1042","","","","0.40","","ENE","Ясно","2026-01-18 14:28"
"-15.10","","-19.00","54","781","1042","","","","0.40","","ENE","Ясно","2026-01-18 14:29"
"-15.20","","-19.10","54","781","1042","","","","0.40","","ENE","Ясно","2026-01-18 14:30"
"-15.20","","-19.10","54","781","1042","","","","0.40","","ENE","Ясно","2026-01-18 14:31"
"-15.20","","-18.90","54","781","1042","","","","0.00","","ENE","Ясно","2026-01-18 14:32"
"-15.20","","-18.90","54","781","1042","","","","0.00","","ENE","Ясно","2026-01-18 14:33"
"-15.20","","-18.90","54","781","1042","","","","0.00","","ENE","Ясно","2026-01-18 14:34"
"-15.20","","-18.90","54","781","1042","","","","0.00","","ENE","Ясно","2026-01-18 14:35"
"-15.20","","-18.90","54","781","1042","","","","0.00","","ENE","Ясно","2026-01-18 14:36"
"-15.20","","-18.90","54","780","1041","","","","0.00","","ENE","Ясно","2026-01-18 14:37"
"-15.20","","-18.90","54","780","1041","","","","0.00","","ENE","Ясно","2026-01-18 14:38"
"-15.20","","-18.90","54","780","1041","","","","0.00","","ENE","Ясно","2026-01-18 14:39"
"-15.20","","-18.90","54","780","1041","","","","0.00","","ENE","Ясно","2026-01-18 14:40"
"-15.30","","-19.00","54","780","1041","","","","0.00","","ENE","Ясно","2026-01-18 14:41"
"-15.30","","-19.00","54","780","1041","","","","0.00","","ENE","Ясно","2026-01-18 14:42"
"-15.30","","-19.00","54","780","1041","","","","0.00","","ENE","Ясно","2026-01-18 14:43"
"-15.30","","-19.00","54","780","1041","","","","0.00","","ENE","Ясно","2026-01-18 14:44"
"-15.30","","-19.00","54","780","1041","","","","0.00","","ENE","Ясно","2026-01-18 14:45"
"-15.30","","-19.00","54","780","1041","","","","0.00","","ENE","Ясно","2026-01-18 14:46"
"-15.30","","-19.00","54","780","1041","","","","0.00","","ENE","Ясно","2026-01-18 14:47"
"-15.30","","-19.00","54","780","1041","","","","0.00","","ENE","Ясно","2026-01-18 14:48"
"-15.30","","-19.00","54","780","1041","","","","0.00","","ENE","Ясно","2026-01-18 14:49"
"-15.30","","-19.00","54","780","1041","","","","0.00","","ENE","Ясно","2026-01-18 14:50"
"-15.30","","-19.00","54","780","1040","","","","0.00","","ENE","Ясно","2026-01-18 14:51"
"-15.30","","-19.00","54","780","1040","","","","0.00","","ENE","Ясно","2026-01-18 14:52"
"-15.40","","-19.10","54","780","1040","","","","0.00","","ENE","Ясно","2026-01-18 14:53"
"-15.40","","-19.10","54","780","1040","","","","0.00","","ENE","Ясно","2026-01-18 14:54"
"-15.40","","-19.10","54","780","1040","","","","0.00","","ENE","Ясно","2026-01-18 14:55"
"-15.40","","-19.10","54","780","1040","","","","0.00","","ENE","Ясно","2026-01-18 14:56"
"-15.40","","-19.10","54","780","1040","","","","0.00","","ENE","Ясно","2026-01-18 14:57"
"-15.40","","-19.10","54","780","1040","","","","0.00","","ENE","Ясно","2026-01-18 14:58"
"-15.50","","-19.20","54","780","1040","","","","0.00","","ENE","Ясно","2026-01-18 14:59"
"-15.50","","-19.20","54","780","1040","","","","0.00","","ENE","Ясно","2026-01-18 15:00"
"-15.50","","-19.20","54","780","1040","","","","0.00","","ENE","Ясно","2026-01-18 15:01"
"-15.50","","-19.20","54","780","1040","","","","0.00","","ENE","Ясно","2026-01-18 15:02"
"-15.50","","-19.20","54","780","1040","","","","0.00","","ENE","Ясно","2026-01-18 15:03"
"-15.50","","-19.20","54","780","1040","","","","0.00","","ENE","Ясно","2026-01-18 15:04"
"-15.50","","-19.20","54","780","1040","","","","0.00","","ENE","Ясно","2026-01-18 15:05"
"-15.50","","-19.20","54","780","1040","","","","0.00","","ENE","Ясно","2026-01-18 15:06"
"-15.50","","-19.20","54","780","1040","","","","0.00","","ENE","Ясно","2026-01-18 15:07"
"-15.60","","-19.30","54","780","1040","","","","0.00","","ENE","Ясно","2026-01-18 15:08"
"-15.60","","-19.30","54","780","1040","","","","0.00","","ENE","Ясно","2026-01-18 15:09"
"-15.60","","-19.30","54","780","1040","","","","0.00","","ENE","Ясно","2026-01-18 15:10"
"-15.60","","-19.30","54","780","1040","","","","0.00","","ENE","Ясно","2026-01-18 15:11"
"-15.60","","-19.30","54","780","1040","","","","0.00","","ENE","Ясно","2026-01-18 15:12"
"-15.60","","-19.30","54","780","1040","","","","0.00","","ENE","Ясно","2026-01-18 15:13"
"-15.60","","-19.30","54","780","1040","","","","0.00","","ENE","Ясно","2026-01-18 15:14"
"-15.60","","-19.30","54","780","1040","","","","0.00","","ENE","Ясно","2026-01-18 15:15"
"-15.60","","-19.30","54","780","1040","","","","0.00","","ENE","Ясно","2026-01-18 15:16"
"-15.60","","-19.30","54","780","1040","","","","0.00","","ENE","Ясно","2026-01-18 15:17"
"-15.60","","-19.30","54","780","1040","","","","0.00","","ENE","Ясно","2026-01-18 15:18"
"-15.60","","-19.30","54","780","1040","","","","0.00","","ENE","Ясно","2026-01-18 15:19"
"-15.60","","-19.30","54","780","1040","","","","0.00","","ENE","Ясно","2026-01-18 15:20"
"-15.60","","-19.30","54","780","1041","","","","0.00","","ENE","Ясно","2026-01-18 15:21"
"-15.60","","-19.30","54","780","1041","","","","0.00","","ENE","Ясно","2026-01-18 15:22"
"-15.60","","-19.30","54","780","1041","","","","0.00","","ENE","Ясно","2026-01-18 15:23"
"-15.60","","-19.30","54","780","1041","","","","0.00","","ENE","Ясно","2026-01-18 15:24"
"-15.60","","-19.30","54","780","1041","","","","0.00","","ENE","Ясно","2026-01-18 15:25"
"-15.70","","-19.40","54","780","1041","","","","0.00","","ENE","Ясно","2026-01-18 15:26"
"-15.70","","-19.40","54","780","1041","","","","0.00","","ENE","Ясно","2026-01-18 15:27"
"-15.70","","-19.40","54","780","1041","","","","0.00","","ENE","Ясно","2026-01-18 15:28"
"-15.70","","-19.40","54","780","1041","","","","0.00","","ENE","Ясно","2026-01-18 15:29"
"-15.70","","-19.40","54","780","1041","","","","0.00","","ENE","Ясно","2026-01-18 15:30"
"-15.70","","-19.40","54","780","1041","","","","0.00","","ENE","Ясно","2026-01-18 15:31"
"-15.70","","-19.40","54","780","1041","","","","0.00","","ENE","Ясно","2026-01-18 15:32"
"-15.80","","-19.50","54","780","1041","","","","0.00","","ENE","Ясно","2026-01-18 15:33"
"-15.80","","-19.50","54","780","1041","","","","0.00","","ENE","Ясно","2026-01-18 15:34"
"-15.80","","-19.50","54","780","1041","","","","0.00","","ENE","Ясно","2026-01-18 15:35"
"-15.80","","-19.50","54","780","1040","","","","0.00","","ENE","Ясно","2026-01-18 15:36"
"-15.80","","-19.50","54","780","1040","","","","0.00","","ENE","Ясно","2026-01-18 15:37"
"-15.80","","-19.50","54","780","1040","","","","0.00","","ENE","Ясно","2026-01-18 15:38"
"-15.80","","-19.50","54","780","1040","","","","0.00","","ENE","Ясно","2026-01-18 15:39"
"-15.80","","-19.50","54","780","1040","","","","0.00","","ENE","Ясно","2026-01-18 15:40"
"-15.80","","-19.50","54","780","1040","","","","0.00","","ENE","Ясно","2026-01-18 15:41"
"-15.80","","-19.50","54","780","1040","","","","0.00","","ENE","Ясно","2026-01-18 15:42"
"-15.80","","-19.50","54","780","1040","","","","0.00","","ENE","Ясно","2026-01-18 15:43"
"-15.80","","-19.50","54","780","1040","","","","0.00","","ENE","Ясно","2026-01-18 15:44"
"-15.80","","-19.50","54","780","1040","","","","0.00","","ENE","Ясно","2026-01-18 15:45"
"-15.90","","-19.60","54","780","1040","","","","0.00","","ENE","Ясно","2026-01-18 15:46"
"-15.90","","-19.60","54","780","1040","","","","0.00","","ENE","Ясно","2026-01-18 15:47"
"-15.90","","-19.60","54","780","1040","","","","0.00","","ENE","Ясно","2026-01-18 15:48"
"-15.90","","-19.60","54","780","1040","","","","0.00","","ENE","Ясно","2026-01-18 15:49"
"-16.00","","-19.70","54","780","1040","","","","0.00","","ENE","Ясно","2026-01-18 15:50"
"-16.00","","-19.70","54","780","1040","","","","0.00","","ENE","Ясно","2026-01-18 15:51"
"-16.00","","-19.70","54","780","1040","","","","0.00","","ENE","Ясно","2026-01-18 15:52"
"-16.00","","-19.70","54","780","1040","","","","0.00","","ENE","Ясно","2026-01-18 15:53"
"-16.00","","-19.70","54","780","1040","","","","0.00","","ENE","Ясно","2026-01-18 15:54"
"-16.00","","-19.70","54","780","1040","","","","0.00","","ENE","Ясно","2026-01-18 15:55"
"-16.00","","-19.70","54","780","1040","","","","0.00","","ENE","Ясно","2026-01-18 15:56"
"-16.00","","-19.70","54","780","1040","","","","0.00","","ENE","Ясно","2026-01-18 15:57"
"-16.00","","-19.70","54","780","1040","","","","0.00","","ENE","Ясно","2026-01-18 15:58"
"-16.10","","-19.80","54","780","1040","","","","0.00","","ENE","Ясно","2026-01-18 15:59"
"-16.10","","-19.80","54","780","1040","","","","0.00","","ENE","Ясно","2026-01-18 16:00"
"-16.10","","-19.80","54","780","1040","","","","0.00","","ENE","Ясно","2026-01-18 16:01"
"-16.10","","-19.80","54","780","1040","","","","0.00","","ENE","Ясно","2026-01-18 16:02"
"-16.20","","-19.90","54","780","1040","","","","0.00","","ENE","Ясно","2026-01-18 16:03"
"-16.20","","-19.90","54","780","1040","","","","0.00","","ENE","Ясно","2026-01-18 16:04"
"-16.20","","-19.90","54","780","1040","","","","0.00","","ENE","Ясно","2026-01-18 16:05"
"-16.20","","-19.90","54","780","1040","","","","0.00","","ENE","Ясно","2026-01-18 16:06"
"-16.20","","-19.90","54","780","1040","","","","0.00","","ENE","Ясно","2026-01-18 16:07"
"-16.20","","-19.90","54","780","1040","","","","0.00","","ENE","Ясно","2026-01-18 16:08"
"-16.20","","-19.90","54","780","1040","","","","0.00","","ENE","Ясно","2026-01-18 16:09"
"-16.20","","-19.90","54","780","1040","","","","0.00","","ENE","Ясно","2026-01-18 16:10"
"-16.20","","-19.90","54","780","1040","","","","0.00","","ENE","Ясно","2026-01-18 16:11"
"-16.20","","-19.90","54","780","1040","","","","0.00","","ENE","Ясно","2026-01-18 16:12"
"-16.20","","-19.90","54","780","1040","","","","0.00","","ENE","Ясно","2026-01-18 16:13"
"-16.20","","-19.90","54","780","1040","","","","0.00","","ENE","Ясно","2026-01-18 16:14"
"-16.20","","-19.90","54","780","1040","","","","0.00","","ENE","Ясно","2026-01-18 16:15"
"-16.20","","-19.90","54","780","1040","","","","0.00","","ENE","Ясно","2026-01-18 16:16"
"-16.20","","-19.90","54","780","1040","","","","0.00","","ENE","Ясно","2026-01-18 16:17"
"-16.30","","-20.00","54","780","1040","","","","0.00","","ENE","Ясно","2026-01-18 16:18"
"-16.30","","-20.00","54","780","1040","","","","0.00","","ENE","Ясно","2026-01-18 16:19"
"-16.20","","-19.90","54","780","1040","","","","0.00","","ENE","Ясно","2026-01-18 16:20"
"-16.20","","-19.90","54","780","1040","","","","0.00","","ENE","Ясно","2026-01-18 16:21"
"-16.20","","-19.90","54","780","1040","","","","0.00","","ENE","Ясно","2026-01-18 16:22"
"-16.20","","-19.90","54","780","1040","","","","0.00","","ENE","Ясно","2026-01-18 16:23"
"-16.20","","-19.90","54","780","1040","","","","0.00","","ENE","Ясно","2026-01-18 16:24"
"-16.20","","-19.90","54","780","1040","","","","0.00","","ENE","Ясно","2026-01-18 16:25"
"-16.20","","-19.90","54","780","1040","","","","0.00","","ENE","Ясно","2026-01-18 16:26"
"-16.20","","-19.90","54","780","1040","","","","0.00","","ENE","Ясно","2026-01-18 16:27"
"-16.20","","-19.90","54","780","1040","","","","0.00","","ENE","Ясно","2026-01-18 16:28"
"-16.30","","-20.00","54","780","1040","","","","0.00","","ENE","Ясно","2026-01-18 16:29"
"-16.30","","-20.00","54","780","1040","","","","0.00","","ENE","Ясно","2026-01-18 16:30"
"-16.30","","-20.00","54","780","1040","","","","0.00","","ENE","Ясно","2026-01-18 16:31"
"-16.30","","-20.00","54","780","1040","","","","0.00","","ENE","Ясно","2026-01-18 16:32"
"-16.40","","-20.10","54","780","1040","","","","0.00","","ENE","Ясно","2026-01-18 16:33"
"-16.40","","-20.10","54","780","1040","","","","0.00","","ENE","Ясно","2026-01-18 16:34"
"-16.40","","-20.10","54","780","1040","","","","0.00","","ENE","Ясно","2026-01-18 16:35"
"-16.40","","-20.10","54","780","1040","","","","0.00","","ENE","Ясно","2026-01-18 16:36"
"-16.40","","-20.10","54","780","1040","","","","0.00","","ENE","Ясно","2026-01-18 16:37"
"-16.40","","-20.10","54","780","1040","","","","0.00","","ENE","Ясно","2026-01-18 16:38"
"-16.40","","-20.10","54","780","1040","","","","0.00","","ENE","Ясно","2026-01-18 16:39"
"-16.40","","-20.10","54","780","1040","","","","0.00","","ENE","Ясно","2026-01-18 16:40"
"-16.40","","-20.10","54","780","1040","","","","0.00","","ENE","Ясно","2026-01-18 16:41"
"-16.40","","-20.10","54","780","1040","","","","0.00","","ENE","Ясно","2026-01-18 16:42"
"-16.40","","-20.10","54","780","1040","","","","0.00","","ENE","Ясно","2026-01-18 16:43"
"-16.40","","-20.10","54","780","1040","","","","0.00","","ENE","Ясно","2026-01-18 16:44"
"-16.40","","-20.10","54","780","1040","","","","0.00","","ENE","Ясно","2026-01-18 16:45"
"-16.40","","-20.10","54","780","1040","","","","0.00","","ENE","Ясно","2026-01-18 16:46"
"-16.40","","-20.10","54","780","1040","","","","0.00","","ENE","Ясно","2026-01-18 16:47"
"-16.40","","-20.10","54","780","1040","","","","0.00","","ENE","Ясно","2026-01-18 16:48"
"-16.30","","-20.00","54","780","1040","","","","0.00","","ENE","Ясно","2026-01-18 16:49"
"-16.30","","-20.00","54","780","1040","","","","0.00","","ENE","Ясно","2026-01-18 16:50"
"-16.20","","-19.90","54","780","1040","","","","0.00","","ENE","Ясно","2026-01-18 16:51"
"-16.20","","-19.90","54","780","1040","","","","0.00","","ENE","Ясно","2026-01-18 16:52"
"-16.20","","-19.90","54","780","1040","","","","0.00","","ENE","Ясно","2026-01-18 16:53"
"-16.20","","-19.90","54","780","1040","","","","0.00","","ENE","Ясно","2026-01-18 16:54"
"-16.10","","-19.80","54","780","1040","","","","0.00","","ENE","Ясно","2026-01-18 16:55"
"-16.10","","-19.80","54","780","1040","","","","0.00","","ENE","Ясно","2026-01-18 16:56"
"-16.10","","-19.80","54","780","1040","","","","0.00","","ENE","Ясно","2026-01-18 16:57"
"-16.10","","-19.80","54","780","1040","","","","0.00","","ENE","Ясно","2026-01-18 16:58"
"-16.10","","-19.80","54","780","1040","","","","0.00","","ENE","Ясно","2026-01-18 16:59"
"-16.10","","-19.80","54","780","1040","","","","0.00","","ENE","Ясно","2026-01-18 17:00"
"-16.10","","-19.80","54","780","1040","","","","0.00","","ENE","Ясно","2026-01-18 17:01"
"-16.10","","-19.80","54","780","1040","","","","0.00","","ENE","Ясно","2026-01-18 17:02"
"-16.10","","-19.80","54","780","1040","","","","0.00","","ENE","Ясно","2026-01-18 17:03"
"-16.10","","-19.80","54","780","1040","","","","0.00","","ENE","Ясно","2026-01-18 17:04"
"-16.10","","-19.80","54","780","1040","","","","0.00","","ENE","Ясно","2026-01-18 17:05"
"-16.20","","-19.90","54","780","1040","","","","0.00","","ENE","Ясно","2026-01-18 17:06"
"-16.20","","-19.90","54","780","1040","","","","0.00","","ENE","Ясно","2026-01-18 17:07"
"-16.20","","-19.90","54","780","1040","","","","0.00","","ENE","Ясно","2026-01-18 17:08"
"-16.20","","-19.90","54","780","1040","","","","0.00","","ENE","Ясно","2026-01-18 17:09"
"-16.20","","-19.90","54","780","1040","","","","0.00","","ENE","Ясно","2026-01-18 17:10"
"-16.20","","-19.90","54","780","1040","","","","0.00","","ENE","Ясно","2026-01-18 17:11"
"-16.20","","-19.90","54","780","1040","","","","0.00","","ENE","Ясно","2026-01-18 17:12"
"-16.20","","-19.90","54","780","1040","","","","0.00","","ENE","Ясно","2026-01-18 17:13"
"-16.20","","-19.90","54","780","1040","","","","0.00","","ENE","Ясно","2026-01-18 17:14"
"-16.20","","-19.90","54","780","1040","","","","0.00","","ENE","Ясно","2026-01-18 17:15"
"-16.20","","-19.90","54","780","1040","","","","0.00","","ENE","Ясно","2026-01-18 17:16"
"-16.20","","-19.90","54","780","1040","","","","0.00","","ENE","Ясно","2026-01-18 17:17"
"-16.20","","-19.90","54","780","1040","","","","0.00","","ENE","Ясно","2026-01-18 17:18"
"-16.20","","-19.90","54","780","1040","","","","0.00","","ENE","Ясно","2026-01-18 17:19"
"-16.20","","-19.90","54","780","1040","","","","0.00","","ENE","Ясно","2026-01-18 17:20"
"-16.30","","-20.00","54","780","1040","","","","0.00","","ENE","Ясно","2026-01-18 17:21"
"-16.30","","-20.00","54","780","1040","","","","0.00","","ENE","Ясно","2026-01-18 17:22"
"-16.20","","-19.90","54","780","1040","","","","0.00","","ENE","Ясно","2026-01-18 17:23"
"-16.20","","-19.90","54","780","1040","","","","0.00","","ENE","Ясно","2026-01-18 17:24"
"-16.20","","-19.90","54","780","1040","","","","0.00","","ENE","Ясно","2026-01-18 17:25"
"-16.20","","-19.90","54","780","1040","","","","0.00","","ENE","Ясно","2026-01-18 17:26"
"-16.20","","-19.90","54","780","1040","","","","0.00","","ENE","Ясно","2026-01-18 17:27"
"-16.20","","-19.90","54","780","1040","","","","0.00","","ENE","Ясно","2026-01-18 17:28"
"-16.20","","-19.90","54","780","1040","","","","0.00","","ENE","Ясно","2026-01-18 17:29"
"-16.10","","-19.80","54","780","1040","","","","0.00","","ENE","Ясно","2026-01-18 17:30"
"-16.10","","-19.80","54","780","1040","","","","0.00","","ENE","Ясно","2026-01-18 17:31"
"-16.10","","-19.80","54","780","1040","","","","0.00","","ENE","Ясно","2026-01-18 17:32"
"-16.10","","-19.80","54","780","1040","","","","0.00","","ENE","Ясно","2026-01-18 17:33"
"-16.10","","-19.80","54","780","1040","","","","0.00","","ENE","Ясно","2026-01-18 17:34"
"-16.10","","-19.80","54","780","1040","","","","0.00","","ENE","Ясно","2026-01-18 17:35"
"-16.10","","-19.80","54","780","1040","","","","0.00","","ENE","Ясно","2026-01-18 17:36"
"-16.00","","-19.70","54","780","1040","","","","0.00","","ENE","Ясно","2026-01-18 17:37"
"-16.10","","-19.80","54","780","1040","","","","0.00","","ENE","Ясно","2026-01-18 17:38"
"-16.00","","-19.70","54","780","1040","","","","0.00","","ENE","Ясно","2026-01-18 17:39"
"-16.00","","-19.70","54","780","1040","","","","0.00","","ENE","Ясно","2026-01-18 17:40"
"-16.00","","-19.70","54","780","1040","","","","0.00","","ENE","Ясно","2026-01-18 17:41"
"-16.00","","-19.70","54","780","1040","","","","0.00","","ENE","Ясно","2026-01-18 17:42"
"-16.00","","-19.70","54","780","1040","","","","0.00","","ENE","Ясно","2026-01-18 17:43"
"-16.00","","-19.70","54","780","1040","","","","0.00","","ENE","Ясно","2026-01-18 17:44"
"-16.10","","-19.80","54","780","1040","","","","0.00","","ENE","Ясно","2026-01-18 17:45"
"-16.10","","-19.80","54","780","1040","","","","0.00","","ENE","Ясно","2026-01-18 17:46"
"-16.10","","-19.80","54","780","1040","","","","0.00","","ENE","Ясно","2026-01-18 17:47"
"-16.10","","-19.80","54","780","1040","","","","0.00","","ENE","Ясно","2026-01-18 17:49"
"-16.10","","-19.80","54","780","1040","","","","0.00","","ENE","Ясно","2026-01-18 17:50"
"-16.10","","-19.80","54","780","1040","","","","0.00","","ENE","Ясно","2026-01-18 17:51"
"-16.20","","-19.90","54","780","1040","","","","0.00","","ENE","Ясно","2026-01-18 17:52"
"-16.20","","-19.90","54","780","1040","","","","0.00","","ENE","Ясно","2026-01-18 17:53"
"-16.20","","-19.90","54","780","1040","","","","0.00","","ENE","Ясно","2026-01-18 17:54"
"-16.20","","-19.90","54","780","1040","","","","0.00","","ENE","Ясно","2026-01-18 17:55"
"-16.20","","-19.90","54","780","1040","","","","0.00","","ENE","Ясно","2026-01-18 17:56"
"-16.20","","-19.90","54","780","1040","","","","0.00","","ENE","Ясно","2026-01-18 17:57"
"-16.20","","-19.90","54","780","1040","","","","0.00","","ENE","Ясно","2026-01-18 17:58"
"-16.20","","-19.90","54","780","1040","","","","0.00","","ENE","Ясно","2026-01-18 17:59"
"-16.20","","-19.90","54","780","1040","","","","0.00","","ENE","Ясно","2026-01-18 18:00"
"-16.20","","-19.90","54","780","1040","","","","0.00","","ENE","Ясно","2026-01-18 18:01"
"-16.30","","-20.00","54","780","1040","","","","0.00","","ENE","Ясно","2026-01-18 18:02"
"-16.30","","-20.00","54","780","1040","","","","0.00","","ENE","Ясно","2026-01-18 18:03"
"-16.20","","-19.90","54","780","1040","","","","0.00","","ENE","Ясно","2026-01-18 18:04"
"-16.20","","-19.90","54","780","1040","","","","0.00","","ENE","Ясно","2026-01-18 18:05"
"-16.30","","-20.00","54","780","1040","","","","0.00","","ENE","Ясно","2026-01-18 18:06"
"-16.30","","-20.00","54","780","1040","","","","0.00","","ENE","Ясно","2026-01-18 18:07"
"-16.40","","-20.10","54","780","1040","","","","0.00","","ENE","Ясно","2026-01-18 18:08"
"-16.40","","-20.10","54","780","1040","","","","0.00","","ENE","Ясно","2026-01-18 18:09"
"-16.50","","-20.20","54","780","1040","","","","0.00","","ENE","Ясно","2026-01-18 18:10"
"-16.50","","-20.20","54","780","1040","","","","0.00","","ENE","Ясно","2026-01-18 18:11"
"-16.50","","-20.20","54","780","1040","","","","0.00","","ENE","Ясно","2026-01-18 18:12"
"-16.60","","-20.30","54","780","1040","","","","0.00","","ENE","Ясно","2026-01-18 18:13"
"-16.60","","-20.30","54","780","1040","","","","0.00","","ENE","Ясно","2026-01-18 18:14"
"-16.60","","-20.30","54","780","1040","","","","0.00","","ENE","Ясно","2026-01-18 18:15"
"-16.60","","-20.30","54","780","1040","","","","0.00","","ENE","Ясно","2026-01-18 18:16"
"-16.60","","-20.30","54","780","1040","","","","0.00","","ENE","Ясно","2026-01-18 18:17"
"-16.70","","-20.40","54","780","1040","","","","0.40","","ENE","Ясно","2026-01-18 18:18"
"-16.70","","-20.40","54","780","1040","","","","0.00","","ENE","Ясно","2026-01-18 18:19"
"-16.70","","-20.40","54","780","1040","","","","0.00","","ENE","Ясно","2026-01-18 18:20"
"-16.70","","-20.40","54","779","1039","","","","0.00","","ENE","Ясно","2026-01-18 18:21"
"-16.70","","-20.40","54","779","1039","","","","0.00","","ENE","Ясно","2026-01-18 18:22"
"-16.70","","-20.40","54","779","1039","","","","0.00","","ENE","Ясно","2026-01-18 18:23"
"-16.60","","-20.30","54","779","1039","","","","0.00","","ENE","Ясно","2026-01-18 18:24"
"-16.60","","-20.30","54","779","1039","","","","0.00","","ENE","Ясно","2026-01-18 18:25"
"-16.60","","-20.30","54","779","1039","","","","0.00","","ENE","Ясно","2026-01-18 18:26"
"-16.60","","-20.30","54","779","1039","","","","0.00","","ENE","Ясно","2026-01-18 18:27"
"-16.60","","-20.30","54","779","1039","","","","0.00","","ENE","Ясно","2026-01-18 18:28"
"-16.60","","-20.30","54","779","1039","","","","0.00","","ENE","Ясно","2026-01-18 18:29"
"-16.60","","-20.30","54","779","1039","","","","0.00","","ENE","Ясно","2026-01-18 18:30"
"-16.50","","-20.20","54","779","1039","","","","0.00","","ENE","Ясно","2026-01-18 18:31"
"-16.50","","-20.20","54","779","1039","","","","0.00","","ENE","Ясно","2026-01-18 18:32"
"-16.60","","-20.30","54","779","1039","","","","0.00","","ENE","Ясно","2026-01-18 18:33"
"-16.60","","-20.30","54","779","1039","","","","0.00","","ENE","Ясно","2026-01-18 18:34"
"-16.60","","-20.30","54","779","1039","","","","0.00","","ENE","Ясно","2026-01-18 18:35"
"-16.60","","-20.30","54","778","1038","","","","0.00","","ENE","Ясно","2026-01-18 18:36"
"-16.60","","-20.30","54","778","1038","","","","0.00","","ENE","Ясно","2026-01-18 18:37"
"-16.50","","-20.20","54","778","1038","","","","0.00","","ENE","Ясно","2026-01-18 18:38"
"-16.50","","-20.20","54","778","1038","","","","0.00","","ENE","Ясно","2026-01-18 18:39"
"-16.50","","-20.20","54","778","1038","","","","0.00","","ENE","Ясно","2026-01-18 18:40"
"-16.50","","-20.20","54","778","1038","","","","0.00","","ENE","Ясно","2026-01-18 18:41"
"-16.50","","-20.20","54","778","1038","","","","0.00","","ENE","Ясно","2026-01-18 18:42"
"-16.60","","-20.30","54","778","1038","","","","0.00","","ENE","Ясно","2026-01-18 18:43"
"-16.60","","-20.30","54","778","1038","","","","0.00","","ENE","Ясно","2026-01-18 18:44"
"-16.70","","-20.40","54","778","1038","","","","0.00","","ENE","Ясно","2026-01-18 18:45"
"-16.70","","-20.40","54","778","1038","","","","0.00","","ENE","Ясно","2026-01-18 18:46"
"-16.70","","-20.40","54","778","1038","","","","0.00","","ENE","Ясно","2026-01-18 18:47"
"-16.70","","-20.40","54","778","1038","","","","0.00","","ENE","Ясно","2026-01-18 18:48"
"-16.90","","-20.60","54","778","1038","","","","0.00","","ENE","Ясно","2026-01-18 20:51"
"-16.90","","-20.60","54","778","1038","","","","0.00","","ENE","Ясно","2026-01-18 20:52"
"-17.40","","-21.10","54","778","1038","","","","0.00","","ENE","Ясно","2026-01-18 20:55"
"-17.40","","-21.10","54","778","1038","","","","0.00","","ENE","Ясно","2026-01-18 20:56"
"-17.40","","-21.10","54","778","1038","","","","0.00","","ENE","Ясно","2026-01-18 20:57"
"-17.40","","-21.10","54","778","1038","","","","0.00","","ENE","Ясно","2026-01-18 20:58"
"-17.40","","-21.10","54","778","1038","","","","0.00","","ENE","Ясно","2026-01-18 20:59"
"-17.40","","-21.10","54","778","1038","","","","0.00","","ENE","Ясно","2026-01-18 21:00"
"-17.40","","-21.10","54","778","1038","","","","0.00","","ENE","Ясно","2026-01-18 21:01"
"-17.20","","-20.90","54","778","1038","","","","0.00","","N","Ясно","2026-01-18 21:02"
"-17.20","","-20.90","54","778","1038","","","","0.00","","N","Ясно","2026-01-18 21:03"
"-17.20","","-20.90","54","778","1038","","","","0.00","","N","Ясно","2026-01-18 21:04"
"-17.10","","-20.80","54","778","1038","","","","0.00","","N","Ясно","2026-01-18 21:05"
"-17.10","","-20.80","54","778","1038","","","","0.00","","N","Ясно","2026-01-18 21:06"
"-17.10","","-20.80","54","778","1038","","","","0.00","","N","Ясно","2026-01-18 21:07"
"-17.00","","-20.70","54","778","1038","","","","0.00","","N","Ясно","2026-01-18 21:08"
"-16.90","","-20.60","54","778","1038","","","","0.00","","N","Ясно","2026-01-18 21:09"
"-16.90","","-20.60","54","778","1038","","","","0.00","","N","Ясно","2026-01-18 21:10"
"-16.80","","-20.50","54","778","1038","","","","0.00","","N","Ясно","2026-01-18 21:11"
"-16.80","","-20.50","54","778","1038","","","","0.00","","N","Ясно","2026-01-18 21:12"
"-16.70","","-20.40","54","778","1038","","","","0.00","","N","Ясно","2026-01-18 21:13"
"-16.70","","-20.40","54","778","1038","","","","0.00","","N","Ясно","2026-01-18 21:14"
"-16.70","","-20.40","54","778","1038","","","","0.00","","N","Ясно","2026-01-18 21:15"
"-16.60","","-20.30","54","778","1038","","","","0.40","","N","Ясно","2026-01-18 21:16"
"-16.60","","-20.30","54","778","1038","","","","0.00","","N","Ясно","2026-01-18 21:17"
"-16.50","","-20.20","54","778","1038","","","","0.00","","N","Ясно","2026-01-18 21:18"
"-16.40","","-20.10","54","778","1038","","","","0.00","","N","Ясно","2026-01-18 21:19"
"-16.40","","-20.10","54","778","1038","","","","0.00","","N","Ясно","2026-01-18 21:20"
"-16.30","","-20.00","54","778","1038","","","","0.00","","N","Ясно","2026-01-18 21:21"
"-16.20","","-19.90","54","778","1038","","","","0.00","","N","Ясно","2026-01-18 21:22"
"-16.20","","-19.90","54","778","1038","","","","0.00","","N","Ясно","2026-01-18 21:23"
"-16.20","","-19.90","54","778","1038","","","","0.00","","N","Ясно","2026-01-18 21:24"
"-16.20","","-19.90","54","778","1038","","","","0.00","","N","Ясно","2026-01-18 21:25"
"-16.10","","-19.80","54","778","1038","","","","0.00","","N","Ясно","2026-01-18 21:26"
"-16.10","","-19.80","54","778","1038","","","","0.00","","N","Ясно","2026-01-18 21:27"
"-16.00","","-19.70","54","778","1038","","","","0.00","","N","Ясно","2026-01-18 21:28"
"-16.00","","-19.70","54","778","1038","","","","0.00","","N","Ясно","2026-01-18 21:29"
"-16.00","","-19.70","54","778","1038","","","","0.00","","N","Ясно","2026-01-18 21:30"
"-16.00","","-19.70","54","778","1038","","","","0.00","","N","Ясно","2026-01-18 21:31"
"-15.90","","-19.60","54","778","1038","","","","0.00","","N","Ясно","2026-01-18 21:32"
"-15.90","","-19.60","54","778","1038","","","","0.00","","N","Ясно","2026-01-18 21:33"
"-16.00","","-19.70","54","778","1038","","","","0.00","","N","Ясно","2026-01-18 21:34"
"-16.00","","-19.70","54","778","1038","","","","0.00","","N","Ясно","2026-01-18 21:35"
"-16.00","","-19.70","54","778","1038","","","","0.00","","N","Ясно","2026-01-18 21:36"
"-16.00","","-19.70","54","778","1038","","","","0.00","","N","Ясно","2026-01-18 21:37"
"-16.00","","-19.70","54","778","1038","","","","0.00","","N","Ясно","2026-01-18 21:38"
"-16.00","","-19.70","54","778","1038","","","","0.00","","N","Ясно","2026-01-18 21:39"
"-16.00","","-19.70","54","778","1038","","","","0.00","","N","Ясно","2026-01-18 21:40"
"-16.00","","-19.70","54","778","1038","","","","0.00","","N","Ясно","2026-01-18 21:41"
"-16.00","","-20.00","54","778","1038","","","","0.40","","SSE","Ясно","2026-01-18 21:42"
"-16.00","","-20.00","54","778","1038","","","","0.00","","SSE","Ясно","2026-01-18 21:43"
"-16.00","","-20.00","54","778","1038","","","","0.40","","SSE","Ясно","2026-01-18 21:44"
"-16.00","","-19.70","54","778","1038","","","","0.00","","SSE","Ясно","2026-01-18 21:45"
"-16.00","","-19.70","54","778","1038","","","","0.00","","SSE","Ясно","2026-01-18 21:46"
"-16.00","","-19.70","54","778","1038","","","","0.00","","SSE","Ясно","2026-01-18 21:47"
"-16.00","","-19.70","54","778","1038","","","","0.00","","SSE","Ясно","2026-01-18 21:48"
"-16.00","","-19.70","54","778","1038","","","","0.00","","SSE","Ясно","2026-01-18 21:49"
"-16.00","","-19.70","54","778","1038","","","","0.00","","SSE","Ясно","2026-01-18 21:50"
"-16.00","","-19.70","54","778","1038","","","","0.00","","SSE","Ясно","2026-01-18 21:51"
"-16.00","","-19.70","54","778","1038","","","","0.00","","SSE","Ясно","2026-01-18 21:52"
"-16.00","","-19.70","54","778","1038","","","","0.00","","SSE","Ясно","2026-01-18 21:53"
"-16.00","","-19.70","54","778","1038","","","","0.00","","SSE","Ясно","2026-01-18 21:54"
"-16.00","","-19.70","54","778","1038","","","","0.00","","SSE","Ясно","2026-01-18 21:55"
"-16.20","","-19.90","54","778","1038","","","","0.00","","S","Ясно","2026-01-18 21:56"
"-16.20","","-19.90","54","778","1038","","","","0.40","","S","Ясно","2026-01-18 21:57"
"-16.20","","-19.90","54","778","1038","","","","0.40","","S","Ясно","2026-01-18 21:58"
"-16.20","","-19.90","54","778","1038","","","","0.00","","S","Ясно","2026-01-18 21:59"
"-16.20","","-19.90","54","778","1038","","","","0.00","","S","Ясно","2026-01-18 22:00"
"-16.10","","-19.80","54","778","1038","","","","0.00","","S","Ясно","2026-01-18 22:01"
"-16.10","","-19.80","54","778","1038","","","","0.00","","S","Ясно","2026-01-18 22:02"
"-16.10","","-19.80","54","778","1038","","","","0.00","","S","Ясно","2026-01-18 22:03"
"-16.20","","-19.90","54","778","1038","","","","0.00","","S","Ясно","2026-01-18 22:04"
"-16.20","","-19.90","54","778","1038","","","","0.00","","S","Ясно","2026-01-18 22:05"
"-16.20","","-19.90","54","777","1037","","","","0.00","","S","Ясно","2026-01-18 22:06"
"-16.20","","-19.90","54","777","1037","","","","0.00","","S","Ясно","2026-01-18 22:07"
"-16.20","","-20.20","54","777","1037","","","","0.40","","S","Ясно","2026-01-18 22:08"
"-16.20","","-20.20","54","777","1037","","","","0.00","","S","Ясно","2026-01-18 22:09"
"-16.20","","-20.20","54","777","1037","","","","0.00","","S","Ясно","2026-01-18 22:10"
"-16.20","","-20.20","54","777","1037","","","","0.00","","S","Ясно","2026-01-18 22:11"
"-16.20","","-19.90","54","777","1037","","","","0.00","","S","Ясно","2026-01-18 22:12"
"-16.20","","-19.90","54","777","1037","","","","0.00","","S","Ясно","2026-01-18 22:13"
"-16.20","","-19.90","54","777","1037","","","","0.00","","S","Ясно","2026-01-18 22:14"
"-16.20","","-19.90","54","777","1037","","","","0.00","","S","Ясно","2026-01-18 22:15"
"-16.10","","-19.80","54","777","1037","","","","0.00","","S","Ясно","2026-01-18 22:16"
"-16.10","","-19.80","54","777","1037","","","","0.00","","S","Ясно","2026-01-18 22:17"
"-16.10","","-19.80","54","777","1037","","","","0.00","","S","Ясно","2026-01-18 22:18"
"-16.10","","-19.80","54","777","1037","","","","0.00","","S","Ясно","2026-01-18 22:19"
"-16.00","","-19.70","54","777","1037","","","","0.00","","S","Ясно","2026-01-18 22:20"
"-16.00","","-19.70","54","777","1037","","","","0.00","","S","Ясно","2026-01-18 22:21"
"-16.00","","-19.70","54","777","1037","","","","0.00","","S","Ясно","2026-01-18 22:22"
"-16.00","","-19.70","54","777","1037","","","","0.00","","S","Ясно","2026-01-18 22:23"
"-16.00","","-19.70","54","777","1037","","","","0.00","","S","Ясно","2026-01-18 22:24"
"-15.90","","-19.60","54","777","1037","","","","0.00","","S","Ясно","2026-01-18 22:25"
"-15.90","","-19.60","54","777","1037","","","","0.00","","S","Ясно","2026-01-18 22:26"
"-15.90","","-19.60","54","777","1037","","","","0.00","","S","Ясно","2026-01-18 22:27"
"-15.80","","-19.50","54","777","1037","","","","0.00","","S","Ясно","2026-01-18 22:28"
"-15.80","","-19.50","54","777","1037","","","","0.00","","S","Ясно","2026-01-18 22:29"
"-15.80","","-19.50","54","777","1037","","","","0.00","","S","Ясно","2026-01-18 22:30"
"-15.80","","-19.50","54","777","1037","","","","0.00","","S","Ясно","2026-01-18 22:31"
"-15.80","","-19.50","54","777","1037","","","","0.00","","S","Ясно","2026-01-18 22:32"
"-15.80","","-19.50","54","777","1037","","","","0.00","","S","Ясно","2026-01-18 22:33"
"-15.80","","-19.50","54","777","1037","","","","0.00","","S","Ясно","2026-01-18 22:34"
"-15.80","","-19.50","54","777","1037","","","","0.00","","S","Ясно","2026-01-18 22:35"
"-15.80","","-19.50","54","777","1037","","","","0.00","","S","Ясно","2026-01-18 22:36"
"-15.80","","-19.50","54","777","1037","","","","0.00","","S","Ясно","2026-01-18 22:37"
"-15.80","","-19.50","54","777","1037","","","","0.00","","S","Ясно","2026-01-18 22:38"
"-15.80","","-19.50","54","777","1037","","","","0.00","","S","Ясно","2026-01-18 22:39"
"-15.80","","-19.50","54","777","1037","","","","0.00","","S","Ясно","2026-01-18 22:40"
"-15.80","","-19.50","54","777","1037","","","","0.00","","S","Ясно","2026-01-18 22:41"
"-15.80","","-19.50","54","777","1037","","","","0.00","","S","Ясно","2026-01-18 22:42"
"-15.80","","-19.50","54","777","1037","","","","0.00","","S","Ясно","2026-01-18 22:43"
"-15.80","","-19.50","54","777","1037","","","","0.00","","S","Ясно","2026-01-18 22:44"
"-15.80","","-19.50","54","777","1037","","","","0.00","","S","Ясно","2026-01-18 22:45"
"-15.70","","-19.40","54","777","1037","","","","0.00","","S","Ясно","2026-01-18 22:46"
"-15.70","","-19.40","54","777","1037","","","","0.00","","S","Ясно","2026-01-18 22:47"
"-15.70","","-19.40","54","777","1037","","","","0.00","","S","Ясно","2026-01-18 22:48"
"-15.50","","-19.20","54","777","1037","","","","0.00","","S","Ясно","2026-01-18 22:49"
"-15.50","","-19.20","54","777","1037","","","","0.00","","S","Ясно","2026-01-18 22:50"
"-15.50","","-19.20","54","777","1036","","","","0.00","","S","Ясно","2026-01-18 22:51"
"-15.50","","-19.20","54","777","1036","","","","0.00","","S","Ясно","2026-01-18 22:52"
"-15.50","","-19.20","54","777","1036","","","","0.00","","S","Ясно","2026-01-18 22:53"
"-15.40","","-19.10","54","777","1036","","","","0.00","","S","Ясно","2026-01-18 22:54"
"-15.40","","-19.10","54","777","1036","","","","0.00","","S","Ясно","2026-01-18 22:55"
"-15.40","","-19.10","54","777","1036","","","","0.00","","S","Ясно","2026-01-18 22:56"
"-15.30","","-19.00","54","777","1036","","","","0.00","","S","Ясно","2026-01-18 22:57"
"-15.30","","-19.00","54","777","1036","","","","0.00","","S","Ясно","2026-01-18 22:58"
"-15.20","","-18.90","54","777","1036","","","","0.00","","S","Ясно","2026-01-18 22:59"
"-15.20","","-18.90","54","777","1036","","","","0.00","","S","Ясно","2026-01-18 23:00"
"-15.20","","-18.90","54","777","1036","","","","0.00","","S","Ясно","2026-01-18 23:01"
"-15.20","","-18.90","54","777","1036","","","","0.00","","S","Ясно","2026-01-18 23:02"
"-15.20","","-18.90","54","777","1036","","","","0.00","","S","Ясно","2026-01-18 23:03"
"-15.20","","-18.90","54","777","1036","","","","0.00","","S","Ясно","2026-01-18 23:04"
"-15.20","","-18.90","54","777","1036","","","","0.00","","S","Ясно","2026-01-18 23:05"
"-15.20","","-18.90","54","777","1036","","","","0.00","","S","Ясно","2026-01-18 23:06"
"-15.20","","-18.90","54","777","1036","","","","0.00","","S","Ясно","2026-01-18 23:07"
"-15.20","","-18.90","54","777","1036","","","","0.00","","S","Ясно","2026-01-18 23:08"
"-15.20","","-18.90","54","777","1036","","","","0.00","","S","Ясно","2026-01-18 23:09"
"-15.20","","-18.90","54","777","1036","","","","0.00","","S","Ясно","2026-01-18 23:10"
"-15.20","","-18.90","54","777","1036","","","","0.00","","S","Ясно","2026-01-18 23:11"
"-15.20","","-18.90","54","777","1036","","","","0.00","","S","Ясно","2026-01-18 23:12"
"-15.10","","-18.80","54","777","1036","","","","0.00","","S","Ясно","2026-01-18 23:13"
"-15.00","","-18.70","54","777","1036","","","","0.00","","S","Ясно","2026-01-18 23:14"
"-15.00","","-18.70","54","777","1036","","","","0.00","","S","Ясно","2026-01-18 23:15"
"-15.00","","-18.70","54","777","1036","","","","0.00","","S","Ясно","2026-01-18 23:16"
"-15.00","","-18.70","54","777","1036","","","","0.00","","S","Ясно","2026-01-18 23:17"
"-15.00","","-18.70","54","777","1036","","","","0.00","","S","Ясно","2026-01-18 23:18"
"-14.90","","-18.60","54","777","1036","","","","0.00","","S","Ясно","2026-01-18 23:19"
"-14.90","","-18.60","54","777","1036","","","","0.00","","S","Ясно","2026-01-18 23:20"
"-14.90","","-18.60","54","776","1035","","","","0.00","","S","Ясно","2026-01-18 23:21"
"-14.90","","-18.60","54","776","1035","","","","0.00","","S","Ясно","2026-01-18 23:22"
"-14.90","","-18.60","54","776","1035","","","","0.00","","S","Ясно","2026-01-18 23:23"
"-14.80","","-18.50","54","776","1035","","","","0.00","","S","Ясно","2026-01-18 23:24"
"-14.70","","-18.30","54","776","1035","","","","0.00","","S","Ясно","2026-01-18 23:25"
"-14.70","","-18.30","54","776","1035","","","","0.00","","S","Ясно","2026-01-18 23:26"
"-14.70","","-18.30","54","776","1035","","","","0.00","","S","Ясно","2026-01-18 23:27"
"-14.70","","-18.30","54","776","1035","","","","0.00","","S","Ясно","2026-01-18 23:28"
"-14.60","","-18.20","54","776","1035","","","","0.00","","S","Ясно","2026-01-18 23:29"
"-14.60","","-18.20","54","776","1035","","","","0.00","","S","Ясно","2026-01-18 23:30"
"-14.60","","-18.20","54","776","1035","","","","0.00","","S","Ясно","2026-01-18 23:31"
"-14.50","","-18.10","54","776","1035","","","","0.00","","S","Ясно","2026-01-18 23:32"
"-14.50","","-18.10","54","776","1035","","","","0.00","","S","Ясно","2026-01-18 23:33"
"-14.50","","-18.10","54","776","1035","","","","0.00","","S","Ясно","2026-01-18 23:34"
"-14.50","","-18.10","54","776","1035","","","","0.00","","S","Ясно","2026-01-18 23:35"
"-14.50","","-18.10","54","777","1036","","","","0.00","","S","Ясно","2026-01-18 23:36"
"-14.50","","-18.10","54","777","1036","","","","0.00","","S","Ясно","2026-01-18 23:37"
"-14.50","","-18.10","54","777","1036","","","","0.00","","S","Ясно","2026-01-18 23:38"
"-14.40","","-18.00","54","777","1036","","","","0.00","","S","Ясно","2026-01-18 23:39"
"-14.40","","-18.00","54","777","1036","","","","0.00","","S","Ясно","2026-01-18 23:40"
"-14.40","","-18.00","54","777","1036","","","","0.00","","S","Ясно","2026-01-18 23:41"
"-14.40","","-18.00","54","777","1036","","","","0.00","","S","Ясно","2026-01-18 23:42"
"-14.30","","-18.30","54","777","1036","","","","0.50","","SSE","Ясно","2026-01-18 23:43"
"-14.30","","-18.20","54","777","1036","","","","0.40","","SSE","Ясно","2026-01-18 23:44"
"-14.30","","-17.90","54","777","1036","","","","0.00","","SSE","Ясно","2026-01-18 23:45"
"-14.30","","-17.90","54","777","1036","","","","0.00","","SSE","Ясно","2026-01-18 23:46"
"-14.30","","-17.90","54","777","1036","","","","0.00","","SSE","Ясно","2026-01-18 23:47"
"-14.20","","-17.80","54","777","1036","","","","0.00","","SSE","Ясно","2026-01-18 23:48"
"-14.10","","-17.70","54","777","1036","","","","0.00","","SSE","Ясно","2026-01-18 23:49"
"-14.10","","-17.70","54","777","1036","","","","0.00","","SSE","Ясно","2026-01-18 23:50"
"-14.10","","-17.70","54","776","1035","","","","0.00","","SSE","Ясно","2026-01-18 23:51"
"-14.10","","-17.70","54","776","1035","","","","0.00","","SSE","Ясно","2026-01-18 23:52"
"-14.10","","-17.70","54","776","1035","","","","0.00","","SSE","Ясно","2026-01-18 23:53"
"-14.10","","-17.70","54","776","1035","","","","0.00","","SSE","Ясно","2026-01-18 23:54"
"-14.10","","-17.70","54","776","1035","","","","0.00","","SSE","Ясно","2026-01-18 23:55"
"-14.10","","-17.70","54","776","1035","","","","0.00","","SSE","Ясно","2026-01-18 23:56"
"-14.00","","-17.60","54","776","1035","","","","0.00","","SSE","Ясно","2026-01-18 23:57"
"-14.00","","-17.60","54","776","1035","","","","0.40","","SE","Ясно","2026-01-18 23:58"
"-14.00","","-17.60","54","776","1035","","","","0.40","","SE","Ясно","2026-01-18 23:59"