"Temp","Temp Water","Temp Feels Like","Humidity","Pressure Mm","Pressure Hpa","Precip Mm","Precip Type","Precip Intensity","Wind Speed Ms","Wind Gust Speed Ms","Wind Dir","Condition","Created At"
"-7.30","","-11.20","47","764","1019","","","","0.70","","NW","Облачно","2026-01-21 00:00"
"-7.20","","-10.90","47","764","1019","","","","0.40","","NW","Облачно","2026-01-21 00:01"
"-7.20","","-10.90","47","764","1019","","","","0.40","","NW","Облачно","2026-01-21 00:02"
"-7.20","","-10.90","47","764","1019","","","","0.00","","NW","Облачно","2026-01-21 00:03"
"-7.30","","-10.80","47","764","1019","","","","0.00","","NW","Облачно","2026-01-21 00:04"
"-7.30","","-10.80","47","764","1019","","","","0.00","","NW","Облачно","2026-01-21 00:05"
"-7.30","","-10.80","47","764","1019","","","","0.00","","NW","Облачно","2026-01-21 00:06"
"-7.30","","-10.80","47","764","1019","","","","0.00","","NW","Облачно","2026-01-21 00:07"
"-7.30","","-10.80","47","764","1019","","","","0.00","","NW","Облачно","2026-01-21 00:08"
"-7.30","","-10.80","47","764","1019","","","","0.00","","NW","Облачно","2026-01-21 00:09"
"-7.30","","-10.80","47","764","1019","","","","0.00","","NW","Облачно","2026-01-21 00:10"
"-7.30","","-10.80","47","764","1019","","","","0.00","","NW","Облачно","2026-01-21 00:11"
"-7.40","","-10.90","47","764","1019","","","","0.00","","NW","Облачно","2026-01-21 00:12"
"-7.40","","-11.10","47","764","1019","","","","0.40","","NW","Облачно","2026-01-21 00:13"
"-7.40","","-11.10","47","764","1019","","","","0.00","","NW","Облачно","2026-01-21 00:14"
"-7.40","","-10.90","47","764","1019","","","","0.00","","NW","Облачно","2026-01-21 00:15"
"-7.40","","-10.90","47","764","1019","","","","0.00","","NW","Облачно","2026-01-21 00:16"
"-7.40","","-10.90","46","764","1019","","","","0.00","","NW","Облачно","2026-01-21 00:17"
"-7.50","","-11.00","47","764","1019","","","","0.00","","NW","Облачно","2026-01-21 00:18"
"-7.50","","-11.00","47","764","1019","","","","0.00","","NW","Облачно","2026-01-21 00:19"
"-7.50","","-11.00","47","764","1019","","","","0.00","","NW","Облачно","2026-01-21 00:20"
"-7.50","","-11.00","47","765","1020","","","","0.00","","NW","Облачно","2026-01-21 00:21"
"-7.50","","-11.00","47","765","1020","","","","0.00","","NW","Облачно","2026-01-21 00:22"
"-7.50","","-11.00","47","765","1020","","","","0.00","","NW","Облачно","2026-01-21 00:23"
"-7.50","","-11.00","47","765","1020","","","","0.00","","NW","Облачно","2026-01-21 00:24"
"-7.50","","-11.00","47","765","1020","","","","0.00","","NW","Облачно","2026-01-21 00:25"
"-7.50","","-11.00","47","765","1020","","","","0.00","","NW","Облачно","2026-01-21 00:26"
"-7.50","","-11.00","47","765","1020","","","","0.00","","NW","Облачно","2026-01-21 00:27"
"-7.50","","-11.00","47","765","1020","","","","0.00","","NW","Облачно","2026-01-21 00:28"
"-7.60","","-11.10","47","765","1020","","","","0.00","","NW","Облачно","2026-01-21 00:29"
"-7.60","","-11.10","47","765","1020","","","","0.00","","NW","Облачно","2026-01-21 00:30"
"-7.60","","-11.10","47","765","1020","","","","0.00","","NW","Облачно","2026-01-21 00:31"
"-7.60","","-11.10","47","765","1020","","","","0.00","","NW","Облачно","2026-01-21 00:32"
"-7.60","","-11.10","47","765","1020","","","","0.00","","NW","Облачно","2026-01-21 00:33"
"-7.60","","-11.30","47","765","1020","","","","0.40","","NW","Облачно","2026-01-21 00:34"
"-7.60","","-11.30","47","765","1020","","","","0.40","","NW","Облачно","2026-01-21 00:35"
"-7.60","","-11.30","47","765","1020","","","","0.40","","NW","Облачно","2026-01-21 00:36"
"-7.60","","-11.10","47","765","1020","","","","0.00","","NW","Облачно","2026-01-21 00:37"
"-7.60","","-11.10","47","765","1020","","","","0.00","","NW","Облачно","2026-01-21 00:38"
"-7.60","","-11.10","47","765","1020","","","","0.00","","NW","Облачно","2026-01-21 00:39"
"-7.60","","-11.10","47","765","1020","","","","0.00","","NW","Облачно","2026-01-21 00:40"
"-7.60","","-11.40","47","765","1020","","","","0.50","","NW","Облачно","2026-01-21 00:41"
"-7.60","","-11.40","47","765","1020","","","","0.50","","NW","Облачно","2026-01-21 00:42"
"-7.70","","-11.50","47","765","1020","","","","0.70","","NW","Облачно","2026-01-21 00:43"
"-7.70","","-11.50","47","765","1020","","","","0.90","","NW","Облачно","2026-01-21 00:44"
"-7.70","","-11.70","47","765","1020","","","","0.70","","NW","Облачно","2026-01-21 00:45"
"-7.70","","-11.60","47","765","1020","","","","0.60","","NW","Облачно","2026-01-21 00:46"
"-7.70","","-11.60","47","765","1020","","","","0.60","","NW","Облачно","2026-01-21 00:47"
"-7.70","","-11.60","47","765","1020","","","","0.60","","NW","Облачно","2026-01-21 00:48"
"-7.80","","-11.30","47","765","1020","","","","0.00","","NW","Облачно","2026-01-21 00:49"
"-7.80","","-11.80","47","765","1020","","","","0.70","","NW","Облачно","2026-01-21 00:50"
"-7.80","","-12.00","47","765","1020","","","","1.00","","NW","Облачно","2026-01-21 00:51"
"-7.80","","-12.00","47","765","1020","","","","1.20","","NW","Облачно","2026-01-21 00:52"
"-7.80","","-12.00","47","765","1020","","","","1.20","","NW","Облачно","2026-01-21 00:53"
"-7.90","","-11.90","47","765","1020","","","","0.70","","NW","Облачно","2026-01-21 00:54"
"-7.90","","-11.90","47","765","1020","","","","0.70","","NW","Облачно","2026-01-21 00:55"
"-7.90","","-11.90","47","765","1020","","","","0.70","","NW","Облачно","2026-01-21 00:56"
"-7.90","","-12.00","47","765","1020","","","","0.90","","NW","Облачно","2026-01-21 00:57"
"-7.90","","-11.90","47","765","1020","","","","0.70","","NW","Облачно","2026-01-21 00:58"
"-7.90","","-11.90","47","765","1020","","","","0.70","","NW","Облачно","2026-01-21 00:59"
"-7.90","","-11.70","47","765","1020","","","","0.40","","NW","Облачно","2026-01-21 01:00"
"-7.90","","-11.70","47","765","1020","","","","0.50","","NW","Облачно","2026-01-21 01:01"
"-7.90","","-11.70","47","765","1020","","","","0.40","","NW","Облачно","2026-01-21 01:02"
"-7.90","","-11.70","47","765","1020","","","","0.40","","NW","Облачно","2026-01-21 01:03"
"-7.90","","-12.10","47","765","1020","","","","1.00","","NW","Облачно","2026-01-21 01:04"
"-7.90","","-12.10","47","765","1020","","","","1.00","","NW","Облачно","2026-01-21 01:05"
"-7.90","","-11.80","47","765","1020","","","","0.60","","NW","Облачно","2026-01-21 01:06"
"-7.90","","-11.80","47","765","1020","","","","0.40","","NW","Облачно","2026-01-21 01:07"
"-7.90","","-11.40","47","765","1020","","","","0.00","","NW","Облачно","2026-01-21 01:08"
"-7.90","","-11.70","47","765","1020","","","","0.50","","NW","Облачно","2026-01-21 01:09"
"-7.90","","-11.70","47","765","1020","","","","0.50","","NW","Облачно","2026-01-21 01:10"
"-7.90","","-11.70","47","765","1020","","","","0.50","","NW","Облачно","2026-01-21 01:11"
"-7.90","","-11.80","47","765","1020","","","","0.60","","NW","Облачно","2026-01-21 01:12"
"-7.90","","-11.90","47","765","1020","","","","0.70","","NW","Облачно","2026-01-21 01:13"
"-7.90","","-11.80","47","765","1020","","","","0.60","","NW","Облачно","2026-01-21 01:14"
"-7.90","","-11.90","47","765","1020","","","","0.70","","NW","Облачно","2026-01-21 01:15"
"-7.90","","-11.90","47","765","1020","","","","1.10","","NW","Облачно","2026-01-21 01:16"
"-7.90","","-11.90","47","765","1020","","","","0.50","","NW","Облачно","2026-01-21 01:17"
"-7.90","","-11.40","47","765","1020","","","","0.00","","NW","Облачно","2026-01-21 01:18"
"-7.90","","-11.40","47","765","1020","","","","0.00","","NW","Облачно","2026-01-21 01:19"
"-7.90","","-11.70","47","765","1020","","","","0.50","","NW","Облачно","2026-01-21 01:20"
"-7.90","","-11.70","47","765","1020","","","","0.50","","NW","Облачно","2026-01-21 01:21"
"-7.90","","-11.70","47","764","1019","","","","0.40","","NW","Облачно","2026-01-21 01:22"
"-7.90","","-11.40","47","764","1019","","","","0.00","","NW","Облачно","2026-01-21 01:23"
"-7.90","","-11.40","47","764","1019","","","","0.00","","NW","Облачно","2026-01-21 01:24"
"-7.90","","-11.40","47","764","1019","","","","0.70","","NW","Облачно","2026-01-21 01:25"
"-7.90","","-11.70","47","764","1019","","","","0.50","","NW","Облачно","2026-01-21 01:26"
"-7.90","","-11.70","47","764","1019","","","","0.50","","NW","Облачно","2026-01-21 01:27"
"-7.90","","-11.70","47","764","1019","","","","0.50","","NW","Облачно","2026-01-21 01:28"
"-7.90","","-11.70","47","764","1019","","","","0.50","","NW","Облачно","2026-01-21 01:29"
"-7.90","","-11.40","47","764","1019","","","","0.00","","NW","Облачно","2026-01-21 01:30"
"-7.90","","-11.40","47","764","1019","","","","0.00","","NW","Облачно","2026-01-21 01:31"
"-7.90","","-11.40","47","764","1019","","","","0.00","","NW","Облачно","2026-01-21 01:32"
"-7.90","","-11.40","47","764","1019","","","","0.00","","NW","Облачно","2026-01-21 01:33"
"-7.90","","-11.40","47","764","1019","","","","0.00","","NW","Облачно","2026-01-21 01:34"
"-7.90","","-11.70","46","764","1019","","","","0.50","","NW","Облачно","2026-01-21 01:35"
"-7.90","","-11.70","46","765","1020","","","","0.40","","NW","Облачно","2026-01-21 01:36"
"-7.90","","-11.40","46","765","1020","","","","0.00","","NW","Облачно","2026-01-21 01:37"
"-7.90","","-11.40","46","765","1020","","","","0.00","","NW","Облачно","2026-01-21 01:38"
"-7.90","","-11.80","46","765","1020","","","","0.60","","NW","Облачно","2026-01-21 01:39"
"-7.90","","-12.00","46","765","1020","","","","0.90","","NW","Облачно","2026-01-21 01:40"
"-7.90","","-11.70","46","765","1020","","","","0.40","","NW","Облачно","2026-01-21 01:41"
"-7.90","","-11.70","46","765","1020","","","","0.50","","NW","Облачно","2026-01-21 01:42"
"-7.90","","-11.70","46","765","1020","","","","0.40","","NW","Облачно","2026-01-21 01:43"
"-7.90","","-11.70","46","765","1020","","","","0.40","","NW","Облачно","2026-01-21 01:44"
"-7.90","","-11.90","46","765","1020","","","","0.70","","NW","Облачно","2026-01-21 01:45"
"-7.90","","-11.90","46","765","1020","","","","0.70","","NW","Облачно","2026-01-21 01:46"
"-7.90","","-11.90","46","765","1020","","","","0.60","","NW","Облачно","2026-01-21 01:47"
"-7.90","","-11.70","46","765","1020","","","","0.50","","NW","Облачно","2026-01-21 01:48"
"-7.90","","-11.70","46","765","1020","","","","0.50","","NW","Облачно","2026-01-21 01:49"
"-7.90","","-11.40","46","765","1020","","","","0.00","","NW","Облачно","2026-01-21 01:50"
"-7.90","","-11.80","46","765","1020","","","","0.60","","NW","Облачно","2026-01-21 01:51"
"-7.90","","-11.80","46","765","1020","","","","0.60","","NW","Облачно","2026-01-21 01:52"
"-7.90","","-12.20","46","765","1020","","","","1.10","","NW","Облачно","2026-01-21 01:53"
"-7.90","","-12.20","46","765","1020","","","","1.10","","NW","Облачно","2026-01-21 01:54"
"-7.90","","-11.70","46","765","1020","","","","0.40","","NW","Облачно","2026-01-21 01:55"
"-7.90","","-11.40","47","765","1020","","","","0.00","","NW","Облачно","2026-01-21 01:56"
"-7.90","","-11.40","47","765","1020","","","","0.00","","NW","Облачно","2026-01-21 01:57"
"-7.90","","-11.40","47","765","1020","","","","0.40","","NW","Облачно","2026-01-21 01:58"
"-7.90","","-11.70","47","765","1020","","","","0.40","","NW","Облачно","2026-01-21 01:59"
"-7.90","","-11.80","47","765","1020","","","","0.60","","NW","Облачно","2026-01-21 02:00"
"-7.90","","-11.80","47","765","1020","","","","0.60","","NW","Облачно","2026-01-21 02:01"
"-7.90","","-11.70","47","765","1020","","","","0.40","","NW","Облачно","2026-01-21 02:02"
"-7.90","","-11.80","47","765","1020","","","","0.60","","NW","Облачно","2026-01-21 02:03"
"-7.90","","-11.80","47","765","1020","","","","0.60","","NW","Облачно","2026-01-21 02:04"
"-7.90","","-11.40","47","765","1020","","","","0.00","","NW","Облачно","2026-01-21 02:05"
"-7.90","","-11.70","47","765","1020","","","","0.40","","NW","Облачно","2026-01-21 02:06"
"-7.90","","-11.70","47","765","1020","","","","0.90","","NW","Облачно","2026-01-21 02:07"
"-7.90","","-11.70","47","765","1020","","","","0.90","","NW","Облачно","2026-01-21 02:08"
"-7.90","","-11.70","47","765","1020","","","","0.40","","NW","Облачно","2026-01-21 02:09"
"-7.90","","-11.70","47","765","1020","","","","0.40","","NW","Облачно","2026-01-21 02:10"
"-7.90","","-11.70","47","765","1020","","","","0.50","","NW","Облачно","2026-01-21 02:11"
"-7.90","","-11.70","47","765","1020","","","","0.50","","NW","Облачно","2026-01-21 02:12"
"-7.90","","-11.70","46","765","1020","","","","0.40","","NW","Облачно","2026-01-21 02:13"
"-7.90","","-11.40","46","765","1020","","","","0.00","","NW","Облачно","2026-01-21 02:14"
"-7.90","","-11.40","46","765","1020","","","","0.60","","NW","Облачно","2026-01-21 02:15"
"-7.90","","-11.40","46","765","1020","","","","0.00","","NW","Облачно","2026-01-21 02:16"
"-7.90","","-11.40","46","765","1020","","","","0.00","","NW","Облачно","2026-01-21 02:17"
"-7.90","","-11.40","46","765","1020","","","","0.40","","NW","Облачно","2026-01-21 02:18"
"-7.90","","-11.80","46","765","1020","","","","0.60","","NW","Облачно","2026-01-21 02:19"
"-7.90","","-12.10","46","765","1020","","","","1.00","","NW","Облачно","2026-01-21 02:20"
"-8.00","","-12.00","46","765","1020","","","","0.70","","NW","Облачно","2026-01-21 02:21"
"-8.00","","-12.20","46","765","1020","","","","1.00","","NW","Облачно","2026-01-21 02:22"
"-8.00","","-12.20","46","765","1020","","","","1.00","","NW","Облачно","2026-01-21 02:23"
"-8.00","","-11.80","46","765","1020","","","","0.40","","NW","Облачно","2026-01-21 02:24"
"-8.00","","-11.80","46","765","1020","","","","0.40","","NW","Облачно","2026-01-21 02:25"
"-8.00","","-11.90","46","765","1020","","","","0.60","","NW","Облачно","2026-01-21 02:26"
"-8.00","","-12.00","46","765","1020","","","","0.70","","NW","Облачно","2026-01-21 02:27"
"-8.00","","-12.00","46","765","1020","","","","0.70","","NW","Облачно","2026-01-21 02:28"
"-8.00","","-12.10","46","765","1020","","","","0.90","","NW","Облачно","2026-01-21 02:29"
"-8.00","","-11.80","46","765","1020","","","","0.50","","NW","Облачно","2026-01-21 02:30"
"-8.00","","-11.50","46","765","1020","","","","0.00","","NW","Облачно","2026-01-21 02:31"
"-8.00","","-11.50","46","765","1020","","","","0.00","","NW","Облачно","2026-01-21 02:32"
"-8.00","","-11.80","46","765","1020","","","","0.50","","NW","Облачно","2026-01-21 02:33"
"-8.00","","-11.80","46","765","1020","","","","0.50","","NW","Облачно","2026-01-21 02:34"
"-8.10","","-11.90","46","765","1020","","","","0.50","","NW","Облачно","2026-01-21 02:35"
"-8.10","","-11.90","46","765","1020","","","","0.40","","NW","Облачно","2026-01-21 02:36"
"-8.10","","-11.90","46","765","1020","","","","0.40","","NW","Облачно","2026-01-21 02:37"
"-8.10","","-11.60","46","765","1020","","","","0.00","","NW","Облачно","2026-01-21 02:38"
"-8.10","","-11.60","46","765","1020","","","","0.00","","NW","Облачно","2026-01-21 02:39"
"-8.10","","-11.60","46","765","1020","","","","0.40","","NW","Облачно","2026-01-21 02:40"
"-8.10","","-11.60","46","765","1020","","","","0.40","","NW","Облачно","2026-01-21 02:41"
"-8.10","","-11.60","46","765","1020","","","","0.00","","NW","Облачно","2026-01-21 02:42"
"-8.10","","-11.60","46","765","1020","","","","0.00","","NW","Облачно","2026-01-21 02:43"
"-8.10","","-11.60","46","765","1020","","","","0.00","","NW","Облачно","2026-01-21 02:44"
"-8.10","","-11.90","46","765","1020","","","","0.40","","NW","Облачно","2026-01-21 02:45"
"-8.10","","-11.60","46","765","1020","","","","0.00","","NW","Облачно","2026-01-21 02:46"
"-8.10","","-11.60","46","765","1020","","","","0.00","","NW","Облачно","2026-01-21 02:47"
"-8.10","","-11.60","46","765","1020","","","","0.00","","NW","Облачно","2026-01-21 02:48"
"-8.10","","-11.60","46","765","1020","","","","0.00","","NW","Облачно","2026-01-21 02:49"
"-8.10","","-11.60","46","765","1020","","","","0.00","","NW","Облачно","2026-01-21 02:50"
"-8.10","","-11.60","46","765","1020","","","","0.00","","NW","Облачно","2026-01-21 02:51"
"-8.10","","-11.60","46","765","1020","","","","0.00","","NW","Облачно","2026-01-21 02:52"
"-8.10","","-11.60","46","765","1020","","","","0.00","","NW","Облачно","2026-01-21 02:53"
"-8.10","","-11.60","46","765","1020","","","","0.00","","NW","Облачно","2026-01-21 02:54"
"-8.10","","-11.60","46","765","1020","","","","0.00","","NW","Облачно","2026-01-21 02:55"
"-8.20","","-11.70","46","765","1020","","","","0.00","","NW","Облачно","2026-01-21 02:56"
"-8.20","","-11.70","46","765","1020","","","","0.00","","NW","Облачно","2026-01-21 02:57"
"-8.20","","-11.70","46","765","1020","","","","0.00","","NW","Облачно","2026-01-21 02:58"
"-8.20","","-11.70","46","765","1020","","","","0.00","","NW","Облачно","2026-01-21 02:59"
"-8.20","","-11.70","46","765","1020","","","","0.00","","NW","Облачно","2026-01-21 03:00"
"-8.20","","-11.70","46","765","1020","","","","0.00","","NW","Облачно","2026-01-21 03:01"
"-8.20","","-11.70","46","765","1020","","","","0.00","","NW","Облачно","2026-01-21 03:02"
"-8.20","","-11.70","46","765","1020","","","","0.00","","NW","Облачно","2026-01-21 03:03"
"-8.20","","-11.70","46","765","1020","","","","0.00","","NW","Облачно","2026-01-21 03:04"
"-8.20","","-11.70","46","765","1020","","","","0.00","","NW","Облачно","2026-01-21 03:05"
"-8.20","","-11.70","46","764","1019","","","","0.00","","NW","Облачно","2026-01-21 03:06"
"-8.20","","-11.70","46","764","1019","","","","0.00","","NW","Облачно","2026-01-21 03:07"
"-8.20","","-11.70","46","764","1019","","","","0.00","","NW","Облачно","2026-01-21 03:08"
"-8.20","","-11.70","46","764","1019","","","","0.00","","NW","Облачно","2026-01-21 03:09"
"-8.20","","-11.70","46","764","1019","","","","0.00","","NW","Облачно","2026-01-21 03:10"
"-8.20","","-11.70","46","764","1019","","","","0.00","","NW","Облачно","2026-01-21 03:11"
"-8.20","","-11.70","46","764","1019","","","","0.00","","NW","Облачно","2026-01-21 03:12"
"-8.20","","-11.70","46","764","1019","","","","0.00","","NW","Облачно","2026-01-21 03:13"
"-8.20","","-11.70","46","764","1019","","","","0.00","","NW","Облачно","2026-01-21 03:14"
"-8.20","","-11.70","46","764","1019","","","","0.00","","NW","Облачно","2026-01-21 03:15"
"-8.20","","-11.70","46","764","1019","","","","0.00","","NW","Облачно","2026-01-21 03:16"
"-8.20","","-11.70","46","764","1019","","","","0.00","","NW","Облачно","2026-01-21 03:17"
"-8.20","","-11.70","46","764","1019","","","","0.00","","NW","Облачно","2026-01-21 03:18"
"-8.20","","-11.70","46","764","1019","","","","0.00","","NW","Облачно","2026-01-21 03:19"
"-8.20","","-11.70","46","764","1019","","","","0.00","","NW","Облачно","2026-01-21 03:20"
"-8.20","","-11.70","46","764","1019","","","","0.00","","NW","Облачно","2026-01-21 03:21"
"-8.20","","-11.70","46","764","1019","","","","0.00","","NW","Облачно","2026-01-21 03:22"
"-8.20","","-11.70","46","764","1019","","","","0.00","","NW","Облачно","2026-01-21 03:23"
"-8.20","","-11.70","46","764","1019","","","","0.00","","NW","Облачно","2026-01-21 03:24"
"-8.20","","-11.70","47","764","1019","","","","0.00","","NW","Облачно","2026-01-21 03:25"
"-8.20","","-11.70","47","764","1019","","","","0.00","","NW","Облачно","2026-01-21 03:26"
"-8.20","","-11.70","47","764","1019","","","","0.00","","NW","Облачно","2026-01-21 03:27"
"-8.20","","-12.00","47","764","1019","","","","0.40","","NW","Облачно","2026-01-21 03:28"
"-8.20","","-12.00","47","764","1019","","","","0.50","","NW","Облачно","2026-01-21 03:29"
"-8.20","","-12.00","47","764","1019","","","","0.40","","NW","Облачно","2026-01-21 03:30"
"-8.20","","-12.00","47","764","1019","","","","0.40","","NW","Облачно","2026-01-21 03:31"
"-8.20","","-12.00","47","764","1019","","","","0.40","","NW","Облачно","2026-01-21 03:32"
"-8.20","","-12.00","47","764","1019","","","","0.00","","NW","Облачно","2026-01-21 03:33"
"-8.20","","-11.70","47","764","1019","","","","0.00","","NW","Облачно","2026-01-21 03:34"
"-8.20","","-11.70","47","764","1019","","","","0.00","","NW","Облачно","2026-01-21 03:35"
"-8.20","","-11.70","47","764","1019","","","","0.00","","NW","Облачно","2026-01-21 03:36"
"-8.20","","-11.70","47","764","1019","","","","0.00","","NW","Облачно","2026-01-21 03:37"
"-8.30","","-12.10","47","765","1020","","","","0.50","","NW","Облачно","2026-01-21 03:38"
"-8.30","","-12.10","47","765","1020","","","","0.50","","NW","Облачно","2026-01-21 03:39"
"-8.30","","-12.10","47","765","1020","","","","0.40","","NW","Облачно","2026-01-21 03:40"
"-8.30","","-12.10","47","765","1020","","","","0.40","","NW","Облачно","2026-01-21 03:41"
"-8.30","","-11.80","47","765","1020","","","","0.00","","NW","Облачно","2026-01-21 03:42"
"-8.40","","-11.90","47","765","1020","","","","0.00","","NW","Облачно","2026-01-21 03:43"
"-8.40","","-11.90","47","765","1020","","","","0.00","","NW","Облачно","2026-01-21 03:44"
"-8.40","","-12.20","46","765","1020","","","","0.40","","NW","Облачно","2026-01-21 03:45"
"-8.40","","-12.20","46","765","1020","","","","0.40","","NW","Облачно","2026-01-21 03:46"
"-8.40","","-12.20","46","765","1020","","","","0.40","","NW","Облачно","2026-01-21 03:47"
"-8.40","","-11.90","46","765","1020","","","","0.00","","NW","Облачно","2026-01-21 03:48"
"-8.50","","-12.00","47","765","1020","","","","0.00","","NW","Облачно","2026-01-21 03:49"
"-8.50","","-12.00","47","765","1020","","","","0.00","","NW","Облачно","2026-01-21 03:50"
"-8.50","","-12.00","47","765","1020","","","","0.00","","NW","Облачно","2026-01-21 03:51"
"-8.50","","-12.00","47","764","1019","","","","0.00","","NW","Облачно","2026-01-21 03:52"
"-8.50","","-12.00","47","764","1019","","","","0.00","","NW","Облачно","2026-01-21 03:53"
"-8.50","","-12.00","47","764","1019","","","","0.00","","NW","Облачно","2026-01-21 03:54"
"-8.50","","-12.00","47","764","1019","","","","0.00","","NW","Облачно","2026-01-21 03:55"
"-8.50","","-12.00","47","764","1019","","","","0.00","","NW","Облачно","2026-01-21 03:56"
"-8.50","","-12.00","47","764","1019","","","","0.00","","NW","Облачно","2026-01-21 03:57"
"-8.50","","-12.00","47","764","1019","","","","0.00","","NW","Облачно","2026-01-21 03:58"
"-8.50","","-12.00","47","764","1019","","","","0.00","","NW","Облачно","2026-01-21 03:59"
"-8.50","","-12.30","47","764","1019","","","","0.40","","NW","Облачно","2026-01-21 04:00"
"-8.60","","-12.40","47","764","1019","","","","0.40","","NW","Облачно","2026-01-21 04:01"
"-8.60","","-12.10","47","764","1019","","","","0.00","","NW","Облачно","2026-01-21 04:02"
"-8.60","","-12.10","47","764","1019","","","","0.00","","NW","Облачно","2026-01-21 04:03"
"-8.60","","-12.10","47","764","1019","","","","0.00","","NW","Облачно","2026-01-21 04:04"
"-8.60","","-12.40","47","764","1019","","","","0.40","","NW","Облачно","2026-01-21 04:05"
"-8.60","","-12.40","47","764","1019","","","","0.40","","NW","Облачно","2026-01-21 04:06"
"-8.60","","-12.10","47","765","1020","","","","0.00","","NW","Облачно","2026-01-21 04:07"
"-8.60","","-12.10","47","765","1020","","","","0.00","","NW","Облачно","2026-01-21 04:08"
"-8.60","","-12.10","47","765","1020","","","","0.00","","NW","Облачно","2026-01-21 04:09"
"-8.60","","-12.10","47","765","1020","","","","0.40","","NW","Облачно","2026-01-21 04:10"
"-8.60","","-12.10","47","765","1020","","","","0.40","","NW","Облачно","2026-01-21 04:11"
"-8.60","","-12.40","47","765","1020","","","","0.40","","NW","Облачно","2026-01-21 04:12"
"-8.60","","-12.50","47","765","1020","","","","0.50","","NW","Облачно","2026-01-21 04:13"
"-8.60","","-12.50","47","765","1020","","","","0.50","","NW","Облачно","2026-01-21 04:14"
"-8.60","","-12.40","47","765","1020","","","","0.50","","NW","Облачно","2026-01-21 04:15"
"-8.60","","-12.50","47","765","1020","","","","0.50","","NW","Облачно","2026-01-21 04:16"
"-8.60","","-12.50","47","765","1020","","","","0.50","","NW","Облачно","2026-01-21 04:17"
"-8.60","","-12.50","47","765","1020","","","","0.50","","NW","Облачно","2026-01-21 04:18"
"-8.60","","-12.10","47","765","1020","","","","0.00","","NW","Облачно","2026-01-21 04:19"
"-8.60","","-12.40","47","765","1020","","","","0.40","","NW","Облачно","2026-01-21 04:20"
"-8.60","","-12.40","47","765","1020","","","","0.40","","NW","Облачно","2026-01-21 04:21"
"-8.60","","-12.40","47","765","1020","","","","0.40","","NW","Облачно","2026-01-21 04:22"
"-8.60","","-12.40","47","765","1020","","","","0.40","","NW","Облачно","2026-01-21 04:23"
"-8.60","","-12.10","47","765","1020","","","","0.00","","NW","Облачно","2026-01-21 04:24"
"-8.60","","-12.10","47","765","1020","","","","0.00","","NW","Облачно","2026-01-21 04:25"
"-8.60","","-12.10","47","765","1020","","","","0.00","","NW","Облачно","2026-01-21 04:26"
"-8.50","","-12.00","48","765","1020","","","","0.00","","NW","Облачно","2026-01-21 04:27"
"-8.50","","-12.00","48","765","1020","","","","0.00","","NW","Облачно","2026-01-21 04:28"
"-8.50","","-12.00","48","765","1020","","","","0.00","","NW","Облачно","2026-01-21 04:29"
"-8.50","","-12.00","48","765","1020","","","","0.00","","NW","Облачно","2026-01-21 04:30"
"-8.50","","-12.30","48","765","1020","","","","0.40","","NW","Облачно","2026-01-21 04:31"
"-8.40","","-12.20","47","765","1020","","","","0.40","","NW","Облачно","2026-01-21 04:32"
"-8.40","","-12.20","47","765","1020","","","","0.40","","NW","Облачно","2026-01-21 04:33"
"-8.40","","-12.20","47","765","1020","","","","0.40","","NW","Облачно","2026-01-21 04:34"
"-8.40","","-11.90","47","765","1020","","","","0.00","","NW","Облачно","2026-01-21 04:35"
"-8.40","","-11.90","47","765","1020","","","","0.00","","NW","Облачно","2026-01-21 04:36"
"-8.40","","-11.90","47","764","1019","","","","0.00","","NW","Облачно","2026-01-21 04:37"
"-8.40","","-11.90","47","764","1019","","","","0.00","","NW","Облачно","2026-01-21 04:38"
"-8.40","","-11.90","47","764","1019","","","","0.00","","NW","Облачно","2026-01-21 04:39"
"-8.40","","-11.90","47","764","1019","","","","0.00","","NW","Облачно","2026-01-21 04:40"
"-8.40","","-11.90","47","764","1019","","","","0.00","","NW","Облачно","2026-01-21 04:41"
"-8.40","","-11.90","47","764","1019","","","","0.00","","NW","Облачно","2026-01-21 04:42"
"-8.40","","-11.90","47","764","1019","","","","0.00","","NW","Облачно","2026-01-21 04:43"
"-8.40","","-11.90","47","764","1019","","","","0.00","","NW","Облачно","2026-01-21 04:44"
"-8.40","","-11.90","47","764","1019","","","","0.00","","NW","Облачно","2026-01-21 04:45"
"-8.40","","-11.90","47","764","1019","","","","0.00","","NW","Облачно","2026-01-21 04:46"
"-8.40","","-11.90","47","764","1019","","","","0.00","","NW","Облачно","2026-01-21 04:47"
"-8.40","","-11.90","47","764","1019","","","","0.00","","NW","Облачно","2026-01-21 04:48"
"-8.40","","-11.90","47","764","1019","","","","0.00","","NW","Облачно","2026-01-21 04:49"
"-8.40","","-11.90","47","764","1019","","","","0.00","","NW","Облачно","2026-01-21 04:50"
"-8.40","","-11.90","47","765","1020","","","","0.00","","NW","Облачно","2026-01-21 04:51"
"-8.40","","-11.90","48","765","1020","","","","0.00","","NW","Облачно","2026-01-21 04:52"
"-8.40","","-11.90","48","765","1020","","","","0.00","","NW","Облачно","2026-01-21 04:53"
"-8.40","","-11.90","48","765","1020","","","","0.00","","NW","Облачно","2026-01-21 04:54"
"-8.40","","-11.90","48","765","1020","","","","0.00","","NW","Облачно","2026-01-21 04:55"
"-8.40","","-11.90","48","765","1020","","","","0.00","","NW","Облачно","2026-01-21 04:56"
"-8.30","","-11.80","48","765","1020","","","","0.00","","NW","Облачно","2026-01-21 04:57"
"-8.30","","-11.80","48","765","1020","","","","0.00","","NW","Облачно","2026-01-21 04:58"
"-8.30","","-11.80","48","765","1020","","","","0.00","","NW","Облачно","2026-01-21 04:59"
"-8.30","","-11.80","48","765","1020","","","","0.00","","NW","Облачно","2026-01-21 05:00"
"-8.30","","-11.80","48","765","1020","","","","0.00","","NW","Облачно","2026-01-21 05:01"
"-8.30","","-11.80","48","765","1020","","","","0.00","","NW","Облачно","2026-01-21 05:02"
"-8.30","","-11.80","48","765","1020","","","","0.00","","NW","Облачно","2026-01-21 05:03"
"-8.30","","-11.80","48","765","1020","","","","0.00","","NW","Облачно","2026-01-21 05:04"
"-8.30","","-11.80","48","765","1020","","","","0.00","","NW","Облачно","2026-01-21 05:05"
"-8.30","","-11.80","48","765","1020","","","","0.00","","NW","Облачно","2026-01-21 05:06"
"-8.30","","-11.80","48","765","1020","","","","0.00","","NW","Облачно","2026-01-21 05:07"
"-8.30","","-11.80","48","765","1020","","","","0.00","","NW","Облачно","2026-01-21 05:08"
"-8.30","","-11.80","48","765","1020","","","","0.00","","NW","Облачно","2026-01-21 05:09"
"-8.20","","-11.70","48","765","1020","","","","0.00","","NW","Облачно","2026-01-21 05:10"
"-8.30","","-11.80","48","765","1020","","","","0.00","","NW","Облачно","2026-01-21 05:11"
"-8.30","","-11.80","48","765","1020","","","","0.00","","NW","Облачно","2026-01-21 05:12"
"-8.30","","-11.80","48","765","1020","","","","0.00","","NW","Облачно","2026-01-21 05:13"
"-8.30","","-11.80","48","765","1020","","","","0.00","","NW","Облачно","2026-01-21 05:14"
"-8.30","","-11.80","48","765","1020","","","","0.00","","NW","Облачно","2026-01-21 05:15"
"-8.30","","-11.80","48","765","1020","","","","0.00","","NW","Облачно","2026-01-21 05:16"
"-8.30","","-11.80","48","765","1020","","","","0.00","","NW","Облачно","2026-01-21 05:17"
"-8.30","","-11.80","48","765","1020","","","","0.00","","NW","Облачно","2026-01-21 05:18"
"-8.30","","-11.80","48","765","1020","","","","0.00","","NW","Облачно","2026-01-21 05:19"
"-8.30","","-11.80","48","765","1020","","","","0.00","","NW","Облачно","2026-01-21 05:20"
"-8.30","","-11.80","48","765","1020","","","","0.00","","NW","Облачно","2026-01-21 05:21"
"-8.30","","-11.80","48","765","1020","","","","0.00","","NW","Облачно","2026-01-21 05:22"
"-8.30","","-11.80","48","765","1020","","","","0.00","","NW","Облачно","2026-01-21 05:23"
"-8.30","","-11.80","48","765","1020","","","","0.00","","NW","Облачно","2026-01-21 05:24"
"-8.30","","-11.80","48","765","1020","","","","0.00","","NW","Облачно","2026-01-21 05:25"
"-8.30","","-11.80","48","765","1020","","","","0.00","","NW","Облачно","2026-01-21 05:26"
"-8.30","","-11.80","48","765","1020","","","","0.00","","NW","Облачно","2026-01-21 05:27"
"-8.30","","-11.80","48","765","1020","","","","0.00","","NW","Облачно","2026-01-21 05:28"
"-8.30","","-11.80","48","765","1020","","","","0.00","","NW","Облачно","2026-01-21 05:29"
"-8.30","","-11.80","48","765","1020","","","","0.00","","NW","Облачно","2026-01-21 05:30"
"-8.30","","-11.80","48","765","1020","","","","0.00","","NW","Облачно","2026-01-21 05:31"
"-8.30","","-11.80","48","765","1020","","","","0.00","","NW","Облачно","2026-01-21 05:32"
"-8.30","","-11.80","48","765","1020","","","","0.00","","NW","Облачно","2026-01-21 05:33"
"-8.30","","-11.80","48","765","1020","","","","0.00","","NW","Облачно","2026-01-21 05:34"
"-8.30","","-11.80","48","765","1020","","","","0.00","","NW","Облачно","2026-01-21 05:35"
"-8.30","","-11.80","48","765","1020","","","","0.00","","NW","Облачно","2026-01-21 05:36"
"-8.30","","-11.80","48","765","1020","","","","0.00","","NW","Облачно","2026-01-21 05:37"
"-8.30","","-11.80","48","765","1020","","","","0.00","","NW","Облачно","2026-01-21 05:38"
"-8.30","","-11.80","48","765","1020","","","","0.00","","NW","Облачно","2026-01-21 05:39"
"-8.30","","-11.80","48","765","1020","","","","0.00","","NW","Облачно","2026-01-21 05:40"
"-8.20","","-11.70","48","765","1020","","","","0.00","","NW","Облачно","2026-01-21 05:41"
"-8.20","","-11.70","48","765","1020","","","","0.00","","NW","Облачно","2026-01-21 05:42"
"-8.20","","-11.70","48","765","1020","","","","0.00","","NW","Облачно","2026-01-21 05:43"
"-8.20","","-11.70","48","765","1020","","","","0.00","","NW","Облачно","2026-01-21 05:44"
"-8.20","","-11.70","48","765","1020","","","","0.00","","NW","Облачно","2026-01-21 05:45"
"-8.20","","-11.70","48","765","1020","","","","0.00","","NW","Облачно","2026-01-21 05:46"
"-8.20","","-11.70","48","765","1020","","","","0.00","","NW","Облачно","2026-01-21 05:47"
"-8.20","","-11.70","48","765","1020","","","","0.00","","NW","Облачно","2026-01-21 05:48"
"-8.20","","-11.70","48","765","1020","","","","0.00","","NW","Облачно","2026-01-21 05:49"
"-8.20","","-11.70","48","765","1020","","","","0.00","","NW","Облачно","2026-01-21 05:50"
"-8.20","","-11.70","48","765","1020","","","","0.00","","NW","Облачно","2026-01-21 05:51"
"-8.10","","-11.60","48","765","1020","","","","0.00","","NW","Облачно","2026-01-21 05:52"
"-8.10","","-11.60","48","765","1020","","","","0.00","","NW","Облачно","2026-01-21 05:53"
"-8.10","","-11.60","48","765","1020","","","","0.00","","NW","Облачно","2026-01-21 05:54"
"-8.10","","-11.60","48","765","1020","","","","0.00","","NW","Облачно","2026-01-21 05:55"
"-8.10","","-11.60","48","765","1020","","","","0.00","","NW","Облачно","2026-01-21 05:56"
"-8.00","","-11.50","48","765","1020","","","","0.00","","NW","Облачно","2026-01-21 05:57"
"-8.00","","-11.50","48","765","1020","","","","0.00","","NW","Облачно","2026-01-21 05:58"
"-8.00","","-11.50","48","765","1020","","","","0.00","","NW","Облачно","2026-01-21 05:59"
"-8.00","","-11.50","48","765","1020","","","","0.00","","NW","Облачно","2026-01-21 06:00"
"-8.00","","-11.50","48","765","1020","","","","0.00","","NW","Облачно","2026-01-21 06:01"
"-8.00","","-11.50","48","765","1020","","","","0.00","","NW","Облачно","2026-01-21 06:02"
"-8.00","","-11.50","48","765","1020","","","","0.00","","NW","Облачно","2026-01-21 06:03"
"-8.00","","-11.50","48","765","1020","","","","0.00","","NW","Облачно","2026-01-21 06:04"
"-7.90","","-11.40","48","765","1020","","","","0.00","","NW","Облачно","2026-01-21 06:05"
"-7.90","","-11.40","48","765","1020","","","","0.00","","NW","Облачно","2026-01-21 06:06"
"-7.90","","-11.40","48","764","1019","","","","0.00","","NW","Облачно","2026-01-21 06:07"
"-7.90","","-11.40","48","764","1019","","","","0.00","","NW","Облачно","2026-01-21 06:08"
"-8.00","","-11.50","48","764","1019","","","","0.00","","NW","Облачно","2026-01-21 06:09"
"-8.00","","-11.80","48","764","1019","","","","0.00","","NW","Облачно","2026-01-21 06:10"
"-7.90","","-11.40","48","764","1019","","","","0.00","","NW","Облачно","2026-01-21 06:11"
"-7.90","","-11.40","48","764","1019","","","","0.00","","NW","Облачно","2026-01-21 06:12"
"-7.90","","-11.40","48","764","1019","","","","0.00","","NW","Облачно","2026-01-21 06:13"
"-7.90","","-11.40","48","764","1019","","","","0.00","","NW","Облачно","2026-01-21 06:14"
"-7.90","","-11.40","48","764","1019","","","","0.00","","NW","Облачно","2026-01-21 06:15"
"-7.90","","-11.40","48","764","1019","","","","0.00","","NW","Облачно","2026-01-21 06:16"
"-7.90","","-11.40","48","764","1019","","","","0.00","","NW","Облачно","2026-01-21 06:17"
"-7.90","","-11.40","48","764","1019","","","","0.00","","NW","Облачно","2026-01-21 06:18"
"-7.90","","-11.40","48","764","1019","","","","0.00","","NW","Облачно","2026-01-21 06:19"
"-7.90","","-11.40","48","764","1019","","","","0.40","","NW","Облачно","2026-01-21 06:20"
"-7.90","","-11.60","48","765","1020","","","","0.00","","NW","Облачно","2026-01-21 06:21"
"-7.90","","-11.40","48","765","1020","","","","0.00","","NW","Облачно","2026-01-21 06:22"
"-7.90","","-11.40","48","765","1020","","","","0.00","","NW","Облачно","2026-01-21 06:23"
"-7.90","","-11.60","48","765","1020","","","","0.00","","NW","Облачно","2026-01-21 06:24"
"-7.90","","-11.40","48","765","1020","","","","0.00","","NW","Облачно","2026-01-21 06:25"
"-7.90","","-11.40","48","765","1020","","","","0.40","","NW","Облачно","2026-01-21 06:26"
"-7.90","","-11.60","48","765","1020","","","","0.00","","NW","Облачно","2026-01-21 06:27"
"-7.90","","-11.60","48","765","1020","","","","0.40","","NW","Облачно","2026-01-21 06:28"
"-7.90","","-11.60","48","765","1020","","","","0.40","","NW","Облачно","2026-01-21 06:29"
"-7.90","","-11.40","48","765","1020","","","","0.00","","NW","Облачно","2026-01-21 06:30"
"-7.90","","-11.60","48","765","1020","","","","0.40","","NW","Облачно","2026-01-21 06:31"
"-7.90","","-11.60","48","765","1020","","","","0.40","","NW","Облачно","2026-01-21 06:32"
"-7.90","","-11.60","48","765","1020","","","","0.40","","NW","Облачно","2026-01-21 06:33"
"-7.80","","-11.30","48","765","1020","","","","0.00","","NW","Облачно","2026-01-21 06:34"
"-7.90","","-11.40","48","765","1020","","","","0.00","","NW","Облачно","2026-01-21 06:35"
"-7.90","","-11.40","48","765","1020","","","","0.00","","NW","Облачно","2026-01-21 06:36"
"-7.90","","-11.40","48","765","1020","","","","0.00","","NW","Облачно","2026-01-21 06:37"
"-7.90","","-11.40","48","765","1020","","","","0.00","","NW","Облачно","2026-01-21 06:38"
"-7.90","","-11.40","48","765","1020","","","","0.00","","NW","Облачно","2026-01-21 06:39"
"-7.90","","-11.60","48","765","1020","","","","0.40","","NW","Облачно","2026-01-21 06:40"
"-7.90","","-11.60","48","765","1020","","","","0.40","","NW","Облачно","2026-01-21 06:41"
"-7.90","","-11.60","48","765","1020","","","","0.00","","NW","Облачно","2026-01-21 06:42"
"-8.00","","-11.50","48","765","1020","","","","0.00","","NW","Облачно","2026-01-21 06:43"
"-8.00","","-11.50","48","765","1020","","","","0.00","","NW","Облачно","2026-01-21 06:44"
"-7.90","","-11.60","48","765","1020","","","","0.00","","NW","Облачно","2026-01-21 06:45"
"-8.00","","-11.50","48","765","1020","","","","0.00","","NW","Облачно","2026-01-21 06:46"
"-8.00","","-11.50","48","765","1020","","","","0.00","","NW","Облачно","2026-01-21 06:47"
"-8.00","","-11.50","48","765","1020","","","","0.00","","NW","Облачно","2026-01-21 06:48"
"-8.00","","-11.50","48","765","1020","","","","0.00","","NW","Облачно","2026-01-21 06:49"
"-8.00","","-11.70","48","765","1020","","","","0.40","","NW","Облачно","2026-01-21 06:50"
"-8.00","","-11.70","48","764","1019","","","","0.00","","WNW","Небольшая облачность","2026-01-21 06:51"
"-8.00","","-11.50","48","764","1019","","","","0.40","","WNW","Небольшая облачность","2026-01-21 06:52"
"-8.00","","-11.70","48","764","1019","","","","0.40","","WNW","Небольшая облачность","2026-01-21 06:53"
"-8.00","","-11.70","48","764","1019","","","","0.40","","WNW","Небольшая облачность","2026-01-21 06:54"
"-8.00","","-11.50","48","764","1019","","","","0.00","","WNW","Небольшая облачность","2026-01-21 06:55"
"-8.00","","-11.50","48","764","1019","","","","0.00","","WNW","Небольшая облачность","2026-01-21 06:56"
"-8.00","","-11.50","48","764","1019","","","","0.00","","WNW","Небольшая облачность","2026-01-21 06:57"
"-8.00","","-11.50","48","764","1019","","","","0.00","","WNW","Небольшая облачность","2026-01-21 06:58"
"-8.00","","-11.50","48","764","1019","","","","0.00","","WNW","Небольшая облачность","2026-01-21 06:59"
"-8.00","","-11.50","48","764","1019","","","","0.00","","WNW","Небольшая облачность","2026-01-21 07:00"
"-8.00","","-11.70","48","764","1019","","","","0.40","","WNW","Небольшая облачность","2026-01-21 07:01"
"-8.10","","-11.90","48","764","1019","","","","0.40","","WNW","Небольшая облачность","2026-01-21 07:02"
"-8.10","","-11.90","48","764","1019","","","","0.40","","WNW","Небольшая облачность","2026-01-21 07:03"
"-8.10","","-11.60","48","764","1019","","","","0.00","","WNW","Небольшая облачность","2026-01-21 07:04"
"-8.00","","-11.50","48","764","1019","","","","0.00","","WNW","Небольшая облачность","2026-01-21 07:05"
"-8.00","","-11.50","48","764","1019","","","","0.00","","WNW","Небольшая облачность","2026-01-21 07:06"
"-8.00","","-11.50","48","764","1019","","","","0.00","","WNW","Небольшая облачность","2026-01-21 07:07"
"-8.00","","-11.50","48","764","1019","","","","0.00","","WNW","Небольшая облачность","2026-01-21 07:08"
"-8.00","","-11.50","48","764","1019","","","","0.00","","WNW","Небольшая облачность","2026-01-21 07:09"
"-8.00","","-11.70","48","764","1019","","","","0.00","","WNW","Небольшая облачность","2026-01-21 07:10"
"-7.90","","-11.40","48","764","1019","","","","0.00","","WNW","Небольшая облачность","2026-01-21 07:11"
"-7.90","","-11.40","48","764","1019","","","","0.00","","WNW","Небольшая облачность","2026-01-21 07:12"
"-8.00","","-11.70","48","764","1019","","","","0.40","","WNW","Небольшая облачность","2026-01-21 07:13"
"-7.90","","-11.40","48","764","1019","","","","0.00","","WNW","Небольшая облачность","2026-01-21 07:14"
"-7.90","","-11.60","48","764","1019","","","","0.40","","WNW","Небольшая облачность","2026-01-21 07:15"
"-7.90","","-11.40","48","764","1019","","","","0.00","","WNW","Небольшая облачность","2026-01-21 07:16"
"-7.90","","-11.40","48","764","1019","","","","0.00","","WNW","Небольшая облачность","2026-01-21 07:17"
"-7.90","","-11.40","48","764","1019","","","","0.00","","WNW","Небольшая облачность","2026-01-21 07:18"
"-7.90","","-11.40","48","764","1019","","","","0.40","","WNW","Небольшая облачность","2026-01-21 07:19"
"-7.90","","-11.60","48","764","1019","","","","0.40","","WNW","Небольшая облачность","2026-01-21 07:20"
"-7.80","","-11.60","48","765","1020","","","","0.50","","WNW","Небольшая облачность","2026-01-21 07:21"
"-7.80","","-11.30","48","765","1020","","","","0.00","","WNW","Небольшая облачность","2026-01-21 07:22"
"-7.80","","-11.30","48","765","1020","","","","0.00","","WNW","Небольшая облачность","2026-01-21 07:23"
"-7.70","","-11.20","48","765","1020","","","","0.00","","WNW","Небольшая облачность","2026-01-21 07:24"
"-7.70","","-11.40","48","765","1020","","","","0.40","","WNW","Небольшая облачность","2026-01-21 07:25"
"-7.70","","-11.40","48","765","1020","","","","0.00","","WNW","Небольшая облачность","2026-01-21 07:26"
"-7.70","","-11.40","48","765","1020","","","","0.00","","WNW","Небольшая облачность","2026-01-21 07:27"
"-7.70","","-11.20","48","765","1020","","","","0.40","","WNW","Небольшая облачность","2026-01-21 07:28"
"-7.70","","-11.20","48","765","1020","","","","0.40","","WNW","Небольшая облачность","2026-01-21 07:29"
"-7.60","","-11.00","49","765","1020","","","","0.00","","WNW","Небольшая облачность","2026-01-21 07:30"
"-7.60","","-11.00","49","765","1020","","","","0.40","","WNW","Небольшая облачность","2026-01-21 07:31"
"-7.60","","-11.00","49","765","1020","","","","0.50","","WNW","Небольшая облачность","2026-01-21 07:32"
"-7.50","","-11.20","49","765","1020","","","","0.40","","WNW","Небольшая облачность","2026-01-21 07:33"
"-7.50","","-10.90","49","765","1020","","","","0.00","","WNW","Небольшая облачность","2026-01-21 07:34"
"-7.50","","-10.90","49","765","1020","","","","0.50","","WNW","Небольшая облачность","2026-01-21 07:35"
"-7.50","","-10.90","49","765","1020","","","","0.50","","WNW","Небольшая облачность","2026-01-21 07:36"
"-7.30","","-11.10","49","765","1020","","","","0.60","","WNW","Небольшая облачность","2026-01-21 07:37"
"-7.30","","-11.10","49","765","1020","","","","0.60","","WNW","Небольшая облачность","2026-01-21 07:38"
"-7.20","","-11.00","49","765","1020","","","","0.50","","WNW","Небольшая облачность","2026-01-21 07:39"
"-7.20","","-11.00","49","765","1020","","","","0.50","","WNW","Небольшая облачность","2026-01-21 07:40"
"-7.20","","-11.00","49","765","1020","","","","0.50","","WNW","Небольшая облачность","2026-01-21 07:41"
"-7.10","","-10.80","49","765","1020","","","","0.40","","WNW","Небольшая облачность","2026-01-21 07:42"
"-7.10","","-10.80","49","765","1020","","","","0.00","","WNW","Небольшая облачность","2026-01-21 07:43"
"-7.10","","-10.80","49","765","1020","","","","0.00","","WNW","Небольшая облачность","2026-01-21 07:44"
"-7.10","","-10.80","49","765","1020","","","","0.40","","WNW","Небольшая облачность","2026-01-21 07:45"
"-7.10","","-10.80","49","765","1020","","","","0.40","","WNW","Небольшая облачность","2026-01-21 07:46"
"-7.00","","-10.80","49","765","1020","","","","0.60","","WNW","Небольшая облачность","2026-01-21 07:47"
"-7.00","","-10.80","49","765","1020","","","","0.50","","WNW","Небольшая облачность","2026-01-21 07:48"
"-7.00","","-10.80","49","765","1020","","","","0.50","","WNW","Небольшая облачность","2026-01-21 07:49"
"-7.00","","-10.80","49","765","1020","","","","0.70","","WNW","Небольшая облачность","2026-01-21 07:50"
"-7.00","","-11.00","49","764","1019","","","","0.90","","WNW","Небольшая облачность","2026-01-21 07:51"
"-7.00","","-11.00","49","764","1019","","","","0.70","","WNW","Небольшая облачность","2026-01-21 07:52"
"-7.00","","-11.00","49","764","1019","","","","0.70","","WNW","Небольшая облачность","2026-01-21 07:53"
"-6.90","","-10.90","49","764","1019","","","","0.90","","WNW","Небольшая облачность","2026-01-21 07:54"
"-6.80","","-10.80","49","764","1019","","","","0.90","","WNW","Небольшая облачность","2026-01-21 07:55"
"-6.80","","-10.60","49","764","1019","","","","0.60","","WNW","Небольшая облачность","2026-01-21 07:56"
"-6.80","","-10.60","49","764","1019","","","","0.60","","WNW","Небольшая облачность","2026-01-21 07:57"
"-6.70","","-10.40","49","764","1019","","","","0.40","","WNW","Небольшая облачность","2026-01-21 07:58"
"-6.70","","-10.40","49","764","1019","","","","0.40","","WNW","Небольшая облачность","2026-01-21 07:59"
"-6.60","","-10.30","49","764","1019","","","","0.50","","WNW","Небольшая облачность","2026-01-21 08:00"
"-6.60","","-10.30","49","764","1019","","","","0.50","","WNW","Небольшая облачность","2026-01-21 08:01"
"-6.60","","-10.30","49","764","1019","","","","0.50","","WNW","Небольшая облачность","2026-01-21 08:02"
"-6.60","","-10.30","49","764","1019","","","","0.50","","WNW","Небольшая облачность","2026-01-21 08:03"
"-6.50","","-10.60","49","764","1019","","","","0.70","","WNW","Небольшая облачность","2026-01-21 08:04"
"-6.50","","-10.40","49","764","1019","","","","1.10","","WNW","Небольшая облачность","2026-01-21 08:05"
"-6.50","","-10.90","49","765","1020","","","","1.40","","WNW","Небольшая облачность","2026-01-21 08:06"
"-6.50","","-10.90","49","765","1020","","","","0.60","","WNW","Небольшая облачность","2026-01-21 08:07"
"-6.50","","-10.70","48","765","1020","","","","1.10","","WNW","Небольшая облачность","2026-01-21 08:08"
"-6.50","","-10.70","48","765","1020","","","","0.70","","WNW","Небольшая облачность","2026-01-21 08:09"
"-6.50","","-10.70","48","765","1020","","","","0.90","","WNW","Небольшая облачность","2026-01-21 08:10"
"-6.50","","-10.40","48","765","1020","","","","0.70","","WNW","Небольшая облачность","2026-01-21 08:11"
"-6.60","","-10.60","48","765","1020","","","","0.90","","WNW","Небольшая облачность","2026-01-21 08:12"
"-6.50","","-10.30","48","765","1020","","","","0.60","","WNW","Небольшая облачность","2026-01-21 08:13"
"-6.50","","-10.40","48","765","1020","","","","0.70","","WNW","Небольшая облачность","2026-01-21 08:14"
"-6.40","","-10.10","48","765","1020","","","","0.50","","WNW","Небольшая облачность","2026-01-21 08:15"
"-6.40","","-10.50","48","765","1020","","","","1.00","","WNW","Небольшая облачность","2026-01-21 08:16"
"-6.40","","-10.60","48","765","1020","","","","1.20","","WNW","Небольшая облачность","2026-01-21 08:17"
"-6.40","","-10.60","48","765","1020","","","","1.10","","WNW","Небольшая облачность","2026-01-21 08:18"
"-6.40","","-10.60","48","765","1020","","","","1.10","","WNW","Небольшая облачность","2026-01-21 08:19"
"-6.50","","-10.70","48","765","1020","","","","1.10","","WNW","Небольшая облачность","2026-01-21 08:20"
"-6.50","","-10.50","48","765","1020","","","","0.90","","WNW","Небольшая облачность","2026-01-21 08:21"
"-6.50","","-10.50","48","765","1020","","","","0.50","","WNW","Небольшая облачность","2026-01-21 08:22"
"-6.50","","-10.70","48","765","1020","","","","1.20","","WNW","Небольшая облачность","2026-01-21 08:23"
"-6.50","","-10.70","48","765","1020","","","","1.20","","WNW","Небольшая облачность","2026-01-21 08:24"
"-6.50","","-10.70","48","765","1020","","","","0.50","","WNW","Небольшая облачность","2026-01-21 08:25"
"-6.50","","-11.00","47","765","1020","","","","1.50","","WNW","Небольшая облачность","2026-01-21 08:26"
"-6.50","","-11.00","47","765","1020","","","","1.30","","WNW","Небольшая облачность","2026-01-21 08:27"
"-6.50","","-11.00","47","765","1020","","","","1.40","","WNW","Небольшая облачность","2026-01-21 08:28"
"-6.50","","-10.90","47","765","1020","","","","1.20","","WNW","Небольшая облачность","2026-01-21 08:29"
"-6.50","","-10.80","47","765","1020","","","","0.70","","WNW","Небольшая облачность","2026-01-21 08:30"
"-6.50","","-10.20","47","765","1020","","","","0.40","","WNW","Небольшая облачность","2026-01-21 08:31"
"-6.50","","-10.20","47","765","1020","","","","0.40","","WNW","Небольшая облачность","2026-01-21 08:32"
"-6.50","","-10.30","47","765","1020","","","","0.50","","WNW","Небольшая облачность","2026-01-21 08:33"
"-6.50","","-10.40","47","765","1020","","","","0.70","","WNW","Небольшая облачность","2026-01-21 08:34"
"-6.40","","-10.60","47","765","1020","","","","1.10","","WNW","Небольшая облачность","2026-01-21 08:35"
"-6.40","","-10.50","47","765","1020","","","","1.00","","WNW","Переменная облачность","2026-01-21 08:36"
"-6.40","","-10.50","47","765","1020","","","","1.50","","WNW","Переменная облачность","2026-01-21 08:37"
"-6.40","","-10.50","47","765","1020","","","","1.00","","WNW","Переменная облачность","2026-01-21 08:38"
"-6.40","","-10.50","47","765","1020","","","","1.00","","WNW","Переменная облачность","2026-01-21 08:39"
"-6.40","","-10.70","47","765","1020","","","","1.30","","WNW","Переменная облачность","2026-01-21 08:40"
"-6.40","","-10.70","47","765","1020","","","","1.30","","WNW","Переменная облачность","2026-01-21 08:41"
"-6.40","","-10.70","47","765","1020","","","","0.90","","WNW","Переменная облачность","2026-01-21 08:42"
"-6.30","","-10.10","47","765","1020","","","","0.50","","WNW","Переменная облачность","2026-01-21 08:43"
"-6.30","","-10.10","47","765","1020","","","","1.10","","WNW","Переменная облачность","2026-01-21 08:44"
"-6.30","","-10.10","47","765","1020","","","","0.50","","WNW","Переменная облачность","2026-01-21 08:45"
"-6.40","","-10.20","47","765","1020","","","","1.30","","WNW","Переменная облачность","2026-01-21 08:46"
"-6.40","","-10.70","47","765","1020","","","","1.20","","W","Переменная облачность","2026-01-21 08:47"
"-6.40","","-10.60","47","765","1020","","","","1.10","","W","Переменная облачность","2026-01-21 08:48"
"-6.40","","-10.70","46","765","1020","","","","1.20","","W","Переменная облачность","2026-01-21 08:49"
"-6.40","","-10.70","46","765","1020","","","","1.10","","W","Переменная облачность","2026-01-21 08:50"
"-6.40","","-10.70","46","765","1020","","","","1.30","","W","Переменная облачность","2026-01-21 08:51"
"-6.40","","-10.70","46","765","1020","","","","1.50","","W","Переменная облачность","2026-01-21 08:52"
"-6.30","","-10.30","47","765","1020","","","","0.90","","W","Переменная облачность","2026-01-21 08:53"
"-6.30","","-10.30","47","765","1020","","","","0.90","","W","Переменная облачность","2026-01-21 08:54"
"-6.40","","-10.20","46","765","1020","","","","0.50","","W","Переменная облачность","2026-01-21 08:55"
"-6.40","","-10.50","46","765","1020","","","","0.90","","W","Переменная облачность","2026-01-21 08:56"
"-6.40","","-10.50","46","765","1020","","","","1.00","","W","Переменная облачность","2026-01-21 08:57"
"-6.40","","-10.50","46","765","1020","","","","0.60","","W","Переменная облачность","2026-01-21 08:58"
"-6.40","","-10.20","46","765","1020","","","","0.60","","W","Переменная облачность","2026-01-21 08:59"
"-6.40","","-10.20","46","765","1020","","","","0.70","","W","Переменная облачность","2026-01-21 09:00"
"-6.40","","-10.30","46","765","1020","","","","0.70","","W","Переменная облачность","2026-01-21 09:01"
"-6.40","","-10.30","46","765","1020","","","","0.70","","W","Переменная облачность","2026-01-21 09:02"
"-6.40","","-10.10","46","765","1020","","","","0.40","","W","Переменная облачность","2026-01-21 09:03"
"-6.40","","-10.20","46","765","1020","","","","0.60","","W","Переменная облачность","2026-01-21 09:04"
"-6.40","","-9.80","46","765","1020","","","","0.00","","W","Переменная облачность","2026-01-21 09:05"
"-6.40","","-9.80","46","765","1020","","","","0.40","","W","Переменная облачность","2026-01-21 09:06"
"-6.40","","-10.10","46","765","1020","","","","0.00","","W","Переменная облачность","2026-01-21 09:07"
"-6.40","","-10.10","46","765","1020","","","","0.00","","W","Переменная облачность","2026-01-21 09:08"
"-6.30","","-10.10","46","765","1020","","","","0.60","","W","Переменная облачность","2026-01-21 09:09"
"-6.30","","-10.00","46","765","1020","","","","0.40","","W","Переменная облачность","2026-01-21 09:10"
"-6.30","","-10.10","46","765","1020","","","","0.50","","W","Переменная облачность","2026-01-21 09:11"
"-6.30","","-10.10","46","765","1020","","","","0.50","","W","Переменная облачность","2026-01-21 09:12"
"-6.30","","-10.20","46","765","1020","","","","0.70","","W","Переменная облачность","2026-01-21 09:13"
"-6.30","","-10.10","46","765","1020","","","","0.50","","W","Переменная облачность","2026-01-21 09:14"
"-6.30","","-10.10","46","765","1020","","","","0.70","","W","Переменная облачность","2026-01-21 09:15"
"-6.20","","-9.90","46","765","1020","","","","0.40","","W","Переменная облачность","2026-01-21 09:16"
"-6.20","","-10.00","46","765","1020","","","","0.60","","W","Переменная облачность","2026-01-21 09:17"
"-6.20","","-9.90","46","765","1020","","","","0.40","","W","Переменная облачность","2026-01-21 09:18"
"-6.20","","-9.90","46","765","1020","","","","0.40","","W","Переменная облачность","2026-01-21 09:19"
"-6.10","","-9.50","46","765","1020","","","","0.00","","W","Переменная облачность","2026-01-21 09:20"
"-6.10","","-9.50","46","764","1019","","","","0.00","","W","Переменная облачность","2026-01-21 09:21"
"-6.10","","-9.50","46","764","1019","","","","0.50","","W","Переменная облачность","2026-01-21 09:22"
"-6.10","","-9.50","46","764","1019","","","","0.50","","W","Переменная облачность","2026-01-21 09:23"
"-6.10","","-9.90","46","764","1019","","","","0.50","","W","Переменная облачность","2026-01-21 09:24"
"-6.10","","-10.10","46","764","1019","","","","0.90","","W","Переменная облачность","2026-01-21 09:25"
"-6.10","","-10.20","46","764","1019","","","","1.00","","W","Переменная облачность","2026-01-21 09:26"
"-6.10","","-9.50","46","764","1019","","","","0.00","","W","Переменная облачность","2026-01-21 09:27"
"-6.00","","-9.40","46","764","1019","","","","0.50","","W","Переменная облачность","2026-01-21 09:28"
"-6.00","","-9.40","46","764","1019","","","","0.50","","W","Переменная облачность","2026-01-21 09:29"
"-6.00","","-9.70","46","764","1019","","","","0.50","","W","Переменная облачность","2026-01-21 09:30"
"-5.90","","-9.60","46","764","1019","","","","0.40","","W","Переменная облачность","2026-01-21 09:31"
"-5.90","","-9.60","46","764","1019","","","","0.40","","W","Переменная облачность","2026-01-21 09:32"
"-5.90","","-9.60","46","764","1019","","","","0.50","","W","Переменная облачность","2026-01-21 09:33"
"-5.90","","-9.30","46","764","1019","","","","0.00","","W","Переменная облачность","2026-01-21 09:34"
"-5.90","","-9.30","46","764","1019","","","","0.40","","W","Переменная облачность","2026-01-21 09:35"
"-5.90","","-9.60","46","765","1020","","","","0.40","","W","Переменная облачность","2026-01-21 09:36"
"-5.90","","-9.30","46","765","1020","","","","0.00","","W","Переменная облачность","2026-01-21 09:37"
"-5.90","","-9.90","46","765","1020","","","","0.90","","W","Переменная облачность","2026-01-21 09:38"
"-5.90","","-9.80","46","765","1020","","","","0.70","","W","Переменная облачность","2026-01-21 09:39"
"-5.90","","-9.80","46","765","1020","","","","0.70","","W","Переменная облачность","2026-01-21 09:40"
"-5.80","","-9.60","46","765","1020","","","","0.60","","W","Переменная облачность","2026-01-21 09:41"
"-5.80","","-9.60","46","765","1020","","","","0.60","","W","Переменная облачность","2026-01-21 09:42"
"-5.80","","-9.80","46","765","1020","","","","0.50","","W","Переменная облачность","2026-01-21 09:43"
"-5.80","","-9.80","46","765","1020","","","","0.50","","W","Переменная облачность","2026-01-21 09:44"
"-5.70","","-9.40","46","765","1020","","","","0.50","","W","Переменная облачность","2026-01-21 09:45"
"-5.70","","-9.40","46","765","1020","","","","0.40","","W","Переменная облачность","2026-01-21 09:46"
"-5.70","","-9.40","46","765","1020","","","","0.40","","W","Переменная облачность","2026-01-21 09:47"
"-5.70","","-9.60","46","765","1020","","","","0.70","","W","Переменная облачность","2026-01-21 09:48"
"-5.70","","-9.60","46","765","1020","","","","0.70","","W","Переменная облачность","2026-01-21 09:49"
"-5.60","","-9.30","46","765","1020","","","","0.50","","W","Переменная облачность","2026-01-21 09:50"
"-5.70","","-9.40","46","765","1020","","","","0.50","","W","Переменная облачность","2026-01-21 09:51"
"-5.70","","-9.40","46","765","1020","","","","0.40","","W","Переменная облачность","2026-01-21 09:52"
"-5.70","","-9.40","46","765","1020","","","","0.40","","W","Переменная облачность","2026-01-21 09:53"
"-5.60","","-9.50","46","765","1020","","","","0.70","","W","Переменная облачность","2026-01-21 09:54"
"-5.60","","-9.40","46","765","1020","","","","0.60","","W","Переменная облачность","2026-01-21 09:55"
"-5.60","","-9.30","46","765","1020","","","","0.40","","W","Переменная облачность","2026-01-21 09:56"
"-5.60","","-9.30","46","765","1020","","","","0.40","","W","Переменная облачность","2026-01-21 09:57"
"-5.50","","-9.20","46","765","1020","","","","0.50","","W","Переменная облачность","2026-01-21 09:58"
"-5.50","","-9.20","46","765","1020","","","","0.50","","W","Переменная облачность","2026-01-21 09:59"
"-5.40","","-9.10","46","765","1020","","","","0.40","","W","Переменная облачность","2026-01-21 10:00"
"-5.50","","-9.20","46","765","1020","","","","0.40","","W","Переменная облачность","2026-01-21 10:01"
"-5.50","","-9.30","46","765","1020","","","","0.60","","W","Переменная облачность","2026-01-21 10:02"
"-5.50","","-9.30","46","765","1020","","","","0.60","","W","Переменная облачность","2026-01-21 10:03"
"-5.50","","-9.20","46","765","1020","","","","0.40","","W","Переменная облачность","2026-01-21 10:04"
"-5.50","","-9.20","46","765","1020","","","","0.40","","W","Переменная облачность","2026-01-21 10:05"
"-5.50","","-9.20","46","765","1020","","","","0.40","","W","Переменная облачность","2026-01-21 10:06"
"-5.40","","-8.80","45","764","1019","","","","0.00","","W","Переменная облачность","2026-01-21 10:07"
"-5.40","","-8.80","45","764","1019","","","","0.00","","W","Переменная облачность","2026-01-21 10:08"
"-5.40","","-9.10","45","764","1019","","","","0.50","","W","Переменная облачность","2026-01-21 10:09"
"-5.30","","-9.00","45","764","1019","","","","0.40","","W","Переменная облачность","2026-01-21 10:10"
"-5.30","","-9.00","45","764","1019","","","","0.50","","W","Переменная облачность","2026-01-21 10:11"
"-5.30","","-9.00","45","764","1019","","","","0.40","","W","Переменная облачность","2026-01-21 10:12"
"-5.20","","-8.90","45","764","1019","","","","0.60","","W","Переменная облачность","2026-01-21 10:13"
"-5.20","","-8.90","45","764","1019","","","","0.60","","W","Переменная облачность","2026-01-21 10:14"
"-5.20","","-8.90","45","764","1019","","","","0.50","","W","Переменная облачность","2026-01-21 10:15"
"-5.20","","-8.90","45","764","1019","","","","0.50","","W","Переменная облачность","2026-01-21 10:16"
"-5.20","","-8.90","45","764","1019","","","","0.40","","W","Переменная облачность","2026-01-21 10:17"
"-5.20","","-8.90","45","764","1019","","","","0.40","","W","Переменная облачность","2026-01-21 10:18"
"-5.20","","-8.90","45","764","1019","","","","0.50","","W","Переменная облачность","2026-01-21 10:19"
"-5.20","","-8.90","45","764","1019","","","","0.70","","W","Переменная облачность","2026-01-21 10:20"
"-5.20","","-8.90","45","764","1019","","","","0.40","","W","Переменная облачность","2026-01-21 10:21"
"-5.20","","-8.90","45","764","1019","","","","0.50","","WSW","Переменная облачность","2026-01-21 10:22"
"-5.30","","-9.10","45","764","1019","","","","0.60","","WSW","Переменная облачность","2026-01-21 10:23"
"-5.20","","-9.20","45","764","1019","","","","0.90","","WSW","Переменная облачность","2026-01-21 10:24"
"-5.20","","-9.00","45","764","1019","","","","0.60","","WSW","Переменная облачность","2026-01-21 10:25"
"-5.20","","-9.00","45","764","1019","","","","0.60","","WSW","Переменная облачность","2026-01-21 10:26"
"-5.20","","-9.20","45","764","1019","","","","0.90","","WSW","Переменная облачность","2026-01-21 10:27"
"-5.10","","-8.80","45","764","1019","","","","0.40","","WSW","Переменная облачность","2026-01-21 10:28"
"-5.10","","-8.80","45","764","1019","","","","0.40","","WSW","Переменная облачность","2026-01-21 10:29"
"-5.10","","-8.80","45","764","1019","","","","0.40","","WSW","Переменная облачность","2026-01-21 10:30"
"-5.10","","-9.00","45","764","1019","","","","0.70","","WSW","Переменная облачность","2026-01-21 10:31"
"-5.10","","-9.00","45","764","1019","","","","0.70","","WSW","Переменная облачность","2026-01-21 10:32"
"-5.20","","-9.40","45","764","1019","","","","1.10","","WSW","Переменная облачность","2026-01-21 10:33"
"-5.20","","-8.90","44","764","1019","","","","0.50","","WSW","Переменная облачность","2026-01-21 10:34"
"-5.20","","-8.90","44","764","1019","","","","1.10","","WSW","Переменная облачность","2026-01-21 10:35"
"-5.30","","-9.20","44","765","1020","","","","0.70","","WSW","Переменная облачность","2026-01-21 10:36"
"-5.30","","-9.40","44","765","1020","","","","1.00","","WSW","Переменная облачность","2026-01-21 10:37"
"-5.40","","-9.50","44","765","1020","","","","1.50","","WSW","Переменная облачность","2026-01-21 10:38"
"-5.40","","-9.90","44","765","1020","","","","1.50","","WSW","Переменная облачность","2026-01-21 10:39"
"-5.40","","-9.90","44","765","1020","","","","0.60","","WSW","Переменная облачность","2026-01-21 10:40"
"-5.40","","-9.20","44","765","1020","","","","0.50","","WSW","Переменная облачность","2026-01-21 10:41"
"-5.50","","-9.70","44","765","1020","","","","1.20","","WSW","Переменная облачность","2026-01-21 10:42"
"-5.50","","-9.70","44","765","1020","","","","1.10","","WSW","Переменная облачность","2026-01-21 10:43"
"-5.50","","-9.40","44","765","1020","","","","0.70","","WSW","Переменная облачность","2026-01-21 10:44"
"-5.50","","-9.40","44","765","1020","","","","0.40","","WSW","Переменная облачность","2026-01-21 10:45"
"-5.50","","-9.30","44","765","1020","","","","0.50","","WSW","Переменная облачность","2026-01-21 10:46"
"-5.50","","-9.30","44","765","1020","","","","0.50","","WSW","Переменная облачность","2026-01-21 10:47"
"-5.50","","-9.40","44","765","1020","","","","0.70","","WSW","Переменная облачность","2026-01-21 10:48"
"-5.50","","-9.40","44","765","1020","","","","0.60","","WSW","Переменная облачность","2026-01-21 10:49"
"-5.50","","-9.20","44","765","1020","","","","0.40","","WSW","Переменная облачность","2026-01-21 10:50"
"-5.50","","-9.20","44","765","1020","","","","0.40","","WSW","Переменная облачность","2026-01-21 10:51"
"-5.50","","-8.90","44","765","1020","","","","0.00","","WSW","Переменная облачность","2026-01-21 10:52"
"-5.50","","-8.90","44","765","1020","","","","0.40","","WSW","Переменная облачность","2026-01-21 10:53"
"-5.60","","-9.00","44","765","1020","","","","0.00","","WSW","Переменная облачность","2026-01-21 10:54"
"-5.60","","-9.30","44","765","1020","","","","0.40","","WSW","Переменная облачность","2026-01-21 10:55"
"-5.60","","-9.40","44","765","1020","","","","0.50","","WSW","Переменная облачность","2026-01-21 10:56"
"-5.60","","-9.40","44","765","1020","","","","0.40","","WSW","Переменная облачность","2026-01-21 10:57"
"-5.60","","-9.30","44","765","1020","","","","0.40","","WSW","Переменная облачность","2026-01-21 10:58"
"-5.60","","-9.30","44","765","1020","","","","0.40","","WSW","Переменная облачность","2026-01-21 10:59"
"-5.60","","-9.40","44","765","1020","","","","0.50","","WSW","Переменная облачность","2026-01-21 11:00"
"-5.60","","-9.40","44","765","1020","","","","0.50","","WSW","Переменная облачность","2026-01-21 11:01"
"-5.60","","-9.40","44","765","1020","","","","0.50","","WSW","Переменная облачность","2026-01-21 11:02"
"-5.70","","-9.50","44","765","1020","","","","0.60","","WSW","Переменная облачность","2026-01-21 11:03"
"-5.70","","-9.50","44","765","1020","","","","0.60","","WSW","Переменная облачность","2026-01-21 11:04"
"-5.80","","-9.70","44","765","1020","","","","0.70","","WSW","Переменная облачность","2026-01-21 11:05"
"-5.90","","-9.70","44","764","1019","","","","0.50","","WSW","Переменная облачность","2026-01-21 11:06"
"-5.90","","-10.00","44","764","1019","","","","0.90","","WSW","Переменная облачность","2026-01-21 11:07"
"-5.90","","-9.60","44","764","1019","","","","0.40","","WSW","Переменная облачность","2026-01-21 11:08"
"-5.90","","-9.60","44","764","1019","","","","0.40","","WSW","Переменная облачность","2026-01-21 11:09"
"-6.00","","-9.80","44","764","1019","","","","0.50","","WSW","Переменная облачность","2026-01-21 11:10"
"-6.00","","-9.70","44","764","1019","","","","0.40","","WSW","Переменная облачность","2026-01-21 11:11"
"-6.00","","-9.70","44","764","1019","","","","0.00","","WSW","Переменная облачность","2026-01-21 11:12"
"-6.00","","-9.70","44","764","1019","","","","1.10","","WSW","Переменная облачность","2026-01-21 11:13"
"-6.10","","-10.20","44","764","1019","","","","1.00","","WSW","Переменная облачность","2026-01-21 11:14"
"-6.10","","-10.20","44","764","1019","","","","1.00","","WSW","Переменная облачность","2026-01-21 11:15"
"-6.10","","-10.20","44","764","1019","","","","1.00","","WSW","Переменная облачность","2026-01-21 11:16"
"-6.10","","-10.20","44","764","1019","","","","0.50","","WSW","Переменная облачность","2026-01-21 11:17"
"-6.10","","-9.80","44","764","1019","","","","0.40","","WSW","Переменная облачность","2026-01-21 11:18"
"-6.10","","-9.80","44","764","1019","","","","0.40","","WSW","Переменная облачность","2026-01-21 11:19"
"-6.20","","-10.10","44","764","1019","","","","0.60","","WSW","Переменная облачность","2026-01-21 11:20"
"-6.20","","-10.10","44","764","1019","","","","0.60","","WSW","Переменная облачность","2026-01-21 11:21"
"-6.20","","-9.90","44","765","1020","","","","0.40","","WSW","Переменная облачность","2026-01-21 11:22"
"-6.20","","-9.90","44","765","1020","","","","0.40","","WSW","Переменная облачность","2026-01-21 11:23"
"-6.20","","-9.60","44","765","1020","","","","0.00","","WSW","Переменная облачность","2026-01-21 11:24"
"-6.20","","-9.90","44","765","1020","","","","0.40","","WSW","Переменная облачность","2026-01-21 11:25"
"-6.20","","-9.60","44","765","1020","","","","0.00","","WSW","Переменная облачность","2026-01-21 11:26"
"-6.20","","-9.60","44","765","1020","","","","0.00","","WSW","Переменная облачность","2026-01-21 11:27"
"-6.20","","-9.60","44","765","1020","","","","0.00","","WSW","Переменная облачность","2026-01-21 11:28"
"-6.20","","-9.60","44","765","1020","","","","0.40","","WSW","Переменная облачность","2026-01-21 11:29"
"-6.20","","-9.90","44","765","1020","","","","0.40","","WSW","Переменная облачность","2026-01-21 11:30"
"-6.20","","-9.60","44","765","1020","","","","0.00","","WSW","Переменная облачность","2026-01-21 11:31"
"-6.20","","-9.60","44","765","1020","","","","0.00","","WSW","Переменная облачность","2026-01-21 11:32"
"-6.10","","-9.50","44","765","1020","","","","0.00","","WSW","Переменная облачность","2026-01-21 11:33"
"-6.10","","-9.50","44","765","1020","","","","0.00","","WSW","Переменная облачность","2026-01-21 11:34"
"-6.10","","-9.80","44","765","1020","","","","0.40","","WSW","Переменная облачность","2026-01-21 11:35"
"-6.10","","-9.80","44","765","1020","","","","0.40","","WSW","Переменная облачность","2026-01-21 11:36"
"-6.10","","-10.00","44","764","1019","","","","0.60","","WSW","Переменная облачность","2026-01-21 11:37"
"-6.20","","-10.10","44","764","1019","","","","0.70","","WSW","Переменная облачность","2026-01-21 11:38"
"-6.10","","-9.90","44","764","1019","","","","0.50","","WSW","Переменная облачность","2026-01-21 11:39"
"-6.10","","-9.90","44","764","1019","","","","0.50","","WSW","Переменная облачность","2026-01-21 11:40"
"-6.10","","-9.50","44","764","1019","","","","0.00","","WSW","Переменная облачность","2026-01-21 11:41"
"-6.10","","-9.50","44","764","1019","","","","0.00","","WSW","Переменная облачность","2026-01-21 11:42"
"-6.10","","-9.50","44","764","1019","","","","0.00","","WSW","Переменная облачность","2026-01-21 11:43"
"-6.10","","-9.80","44","764","1019","","","","0.40","","WSW","Переменная облачность","2026-01-21 11:44"
"-6.10","","-9.50","44","764","1019","","","","0.00","","WSW","Переменная облачность","2026-01-21 11:45"
"-6.10","","-9.50","44","764","1019","","","","0.00","","WSW","Переменная облачность","2026-01-21 11:46"
"-6.00","","-9.40","44","764","1019","","","","0.00","","WSW","Переменная облачность","2026-01-21 11:47"
"-6.00","","-9.40","44","764","1019","","","","0.00","","WSW","Переменная облачность","2026-01-21 11:48"
"-6.00","","-9.70","44","764","1019","","","","0.00","","WSW","Переменная облачность","2026-01-21 11:49"
"-6.00","","-9.70","44","764","1019","","","","0.40","","WSW","Переменная облачность","2026-01-21 11:50"
"-6.00","","-9.70","44","764","1019","","","","0.40","","WSW","Переменная облачность","2026-01-21 11:51"
"-6.00","","-9.80","44","765","1020","","","","0.50","","WSW","Переменная облачность","2026-01-21 11:52"
"-6.00","","-9.70","44","765","1020","","","","0.40","","WSW","Переменная облачность","2026-01-21 11:53"
"-6.00","","-9.70","44","765","1020","","","","0.40","","WSW","Переменная облачность","2026-01-21 11:54"
"-6.10","","-9.90","44","765","1020","","","","0.50","","WSW","Переменная облачность","2026-01-21 11:55"
"-6.10","","-9.90","44","765","1020","","","","0.50","","WSW","Переменная облачность","2026-01-21 11:56"
"-6.10","","-10.00","44","765","1020","","","","0.40","","WSW","Переменная облачность","2026-01-21 11:57"
"-6.10","","-10.00","44","765","1020","","","","0.40","","WSW","Переменная облачность","2026-01-21 11:58"
"-6.10","","-9.80","44","765","1020","","","","0.70","","WSW","Переменная облачность","2026-01-21 11:59"
"-6.10","","-9.80","44","765","1020","","","","0.40","","WSW","Переменная облачность","2026-01-21 12:00"
"-6.00","","-9.80","44","765","1020","","","","0.50","","WSW","Переменная облачность","2026-01-21 12:01"
"-6.00","","-9.80","44","765","1020","","","","0.50","","WSW","Переменная облачность","2026-01-21 12:02"
"-6.00","","-9.90","44","765","1020","","","","0.40","","WSW","Переменная облачность","2026-01-21 12:03"
"-6.10","","-9.90","44","765","1020","","","","0.50","","WSW","Переменная облачность","2026-01-21 12:04"
"-6.10","","-9.90","44","765","1020","","","","0.50","","WSW","Переменная облачность","2026-01-21 12:05"
"-6.10","","-9.90","44","765","1020","","","","0.50","","WSW","Переменная облачность","2026-01-21 12:06"
"-6.10","","-9.80","44","764","1019","","","","0.40","","WSW","Переменная облачность","2026-01-21 12:07"
"-6.10","","-9.90","44","764","1019","","","","0.50","","WSW","Переменная облачность","2026-01-21 12:08"
"-6.10","","-9.80","44","764","1019","","","","0.40","","WSW","Переменная облачность","2026-01-21 12:09"
"-6.10","","-9.90","44","764","1019","","","","0.50","","WSW","Переменная облачность","2026-01-21 12:10"
"-6.10","","-9.80","44","764","1019","","","","0.40","","WSW","Переменная облачность","2026-01-21 12:11"
"-6.10","","-9.80","44","764","1019","","","","0.40","","WSW","Переменная облачность","2026-01-21 12:12"
"-6.10","","-9.80","44","764","1019","","","","0.40","","WSW","Переменная облачность","2026-01-21 12:13"
"-6.10","","-9.80","44","764","1019","","","","0.40","","WSW","Переменная облачность","2026-01-21 12:14"
"-6.20","","-9.90","44","764","1019","","","","0.40","","WSW","Переменная облачность","2026-01-21 12:15"
"-6.20","","-9.90","44","764","1019","","","","0.60","","WSW","Переменная облачность","2026-01-21 12:16"
"-6.20","","-10.10","44","764","1019","","","","0.70","","WSW","Переменная облачность","2026-01-21 12:17"
"-6.20","","-10.10","44","764","1019","","","","0.60","","WSW","Переменная облачность","2026-01-21 12:18"
"-6.20","","-10.10","44","764","1019","","","","0.50","","WSW","Переменная облачность","2026-01-21 12:19"
"-6.20","","-10.00","44","764","1019","","","","0.50","","WSW","Переменная облачность","2026-01-21 12:20"
"-6.20","","-10.00","44","765","1020","","","","0.60","","WSW","Переменная облачность","2026-01-21 12:21"
"-6.30","","-10.40","44","765","1020","","","","0.90","","WSW","Переменная облачность","2026-01-21 12:22"
"-6.30","","-10.40","44","765","1020","","","","0.70","","WSW","Переменная облачность","2026-01-21 12:23"
"-6.30","","-10.20","44","765","1020","","","","0.60","","WSW","Переменная облачность","2026-01-21 12:24"
"-6.30","","-10.00","44","765","1020","","","","0.40","","WSW","Переменная облачность","2026-01-21 12:25"
"-6.30","","-10.00","44","765","1020","","","","0.40","","WSW","Переменная облачность","2026-01-21 12:26"
"-6.40","","-9.80","44","765","1020","","","","0.00","","WSW","Переменная облачность","2026-01-21 12:27"
"-6.40","","-9.80","44","765","1020","","","","0.00","","WSW","Переменная облачность","2026-01-21 12:28"
"-6.30","","-10.00","44","765","1020","","","","0.40","","WSW","Переменная облачность","2026-01-21 12:29"
"-6.40","","-10.10","44","765","1020","","","","0.50","","WSW","Переменная облачность","2026-01-21 12:30"
"-6.40","","-10.20","44","765","1020","","","","0.50","","WSW","Переменная облачность","2026-01-21 12:31"
"-6.40","","-10.10","44","765","1020","","","","0.40","","WSW","Переменная облачность","2026-01-21 12:32"
"-6.50","","-10.00","44","765","1020","","","","0.00","","WSW","Переменная облачность","2026-01-21 12:33"
"-6.50","","-10.00","44","765","1020","","","","0.00","","WSW","Переменная облачность","2026-01-21 12:34"
"-6.50","","-10.00","44","765","1020","","","","0.00","","WSW","Переменная облачность","2026-01-21 12:35"
"-6.50","","-10.00","44","764","1019","","","","0.60","","WSW","Переменная облачность","2026-01-21 12:36"
"-6.50","","-10.40","44","764","1019","","","","0.60","","SW","Переменная облачность","2026-01-21 12:37"
"-6.50","","-11.00","44","764","1019","","","","1.50","","SW","Переменная облачность","2026-01-21 12:38"
"-6.50","","-10.70","44","764","1019","","","","0.70","","SW","Переменная облачность","2026-01-21 12:39"
"-6.50","","-10.40","44","764","1019","","","","0.70","","SW","Переменная облачность","2026-01-21 12:40"
"-6.60","","-10.30","44","764","1019","","","","0.40","","SW","Переменная облачность","2026-01-21 12:41"
"-6.60","","-10.80","44","764","1019","","","","1.10","","SW","Переменная облачность","2026-01-21 12:42"
"-6.60","","-10.80","44","764","1019","","","","1.00","","SW","Переменная облачность","2026-01-21 12:43"
"-6.60","","-10.80","44","764","1019","","","","1.10","","SW","Переменная облачность","2026-01-21 12:44"
"-6.70","","-10.70","44","764","1019","","","","0.70","","SW","Переменная облачность","2026-01-21 12:45"
"-6.70","","-10.70","44","764","1019","","","","0.70","","SW","Переменная облачность","2026-01-21 12:46"
"-6.70","","-11.10","44","764","1019","","","","1.30","","SW","Переменная облачность","2026-01-21 12:47"
"-6.70","","-11.10","44","764","1019","","","","1.40","","SW","Переменная облачность","2026-01-21 12:48"
"-6.70","","-10.90","44","764","1019","","","","1.10","","SW","Переменная облачность","2026-01-21 12:49"
"-6.80","","-11.00","44","764","1019","","","","1.00","","SW","Переменная облачность","2026-01-21 12:50"
"-6.80","","-10.80","44","765","1020","","","","0.70","","SW","Переменная облачность","2026-01-21 12:51"
"-6.80","","-10.80","44","765","1020","","","","0.70","","SW","Переменная облачность","2026-01-21 12:52"
"-6.80","","-10.80","44","765","1020","","","","0.50","","SW","Переменная облачность","2026-01-21 12:53"
"-6.80","","-11.10","44","765","1020","","","","1.20","","SW","Переменная облачность","2026-01-21 12:54"
"-6.80","","-11.10","44","765","1020","","","","1.20","","SW","Переменная облачность","2026-01-21 12:55"
"-6.80","","-11.00","44","765","1020","","","","1.00","","SW","Переменная облачность","2026-01-21 12:56"
"-6.90","","-11.40","44","765","1020","","","","1.50","","SW","Переменная облачность","2026-01-21 12:57"
"-6.90","","-11.40","44","765","1020","","","","1.30","","SW","Переменная облачность","2026-01-21 12:58"
"-6.90","","-11.30","44","765","1020","","","","1.40","","SW","Переменная облачность","2026-01-21 12:59"
"-6.90","","-11.30","44","765","1020","","","","1.20","","SW","Переменная облачность","2026-01-21 13:00"
"-6.90","","-11.20","44","765","1020","","","","1.00","","SW","Переменная облачность","2026-01-21 13:01"
"-6.90","","-11.20","44","765","1020","","","","1.00","","SW","Переменная облачность","2026-01-21 13:02"
"-7.00","","-10.90","44","765","1020","","","","0.00","","SW","Переменная облачность","2026-01-21 13:03"
"-7.00","","-10.90","44","765","1020","","","","0.00","","SW","Переменная облачность","2026-01-21 13:04"
"-7.00","","-11.00","44","765","1020","","","","0.70","","SW","Переменная облачность","2026-01-21 13:05"
"-7.00","","-10.80","44","765","1020","","","","0.50","","SW","Переменная облачность","2026-01-21 13:06"
"-7.00","","-10.80","44","765","1020","","","","0.00","","SW","Переменная облачность","2026-01-21 13:07"
"-7.00","","-10.50","45","765","1020","","","","0.00","","SW","Переменная облачность","2026-01-21 13:08"
"-7.00","","-10.50","45","765","1020","","","","0.00","","SW","Переменная облачность","2026-01-21 13:09"
"-7.00","","-10.50","45","765","1020","","","","0.00","","SW","Переменная облачность","2026-01-21 13:10"
"-7.00","","-10.50","45","765","1020","","","","0.00","","SW","Переменная облачность","2026-01-21 13:11"
"-7.00","","-10.50","45","765","1020","","","","0.00","","SW","Переменная облачность","2026-01-21 13:12"
"-7.00","","-10.70","45","765","1020","","","","0.00","","SW","Переменная облачность","2026-01-21 13:13"
"-7.00","","-10.70","45","765","1020","","","","0.00","","SW","Переменная облачность","2026-01-21 13:14"
"-7.10","","-10.80","45","765","1020","","","","0.40","","SW","Переменная облачность","2026-01-21 13:15"
"-7.10","","-10.80","45","765","1020","","","","0.40","","SW","Переменная облачность","2026-01-21 13:16"
"-7.10","","-10.60","45","765","1020","","","","0.00","","SW","Переменная облачность","2026-01-21 13:17"
"-7.10","","-10.60","45","765","1020","","","","0.00","","SW","Переменная облачность","2026-01-21 13:18"
"-7.20","","-10.70","45","765","1020","","","","0.00","","SW","Переменная облачность","2026-01-21 13:19"
"-7.20","","-11.00","45","765","1020","","","","0.50","","SW","Переменная облачность","2026-01-21 13:20"
"-7.20","","-11.00","45","764","1019","","","","0.60","","SW","Переменная облачность","2026-01-21 13:21"
"-7.20","","-11.00","45","764","1019","","","","0.60","","SW","Переменная облачность","2026-01-21 13:22"
"-7.20","","-10.90","45","764","1019","","","","0.40","","SW","Переменная облачность","2026-01-21 13:23"
"-7.20","","-10.90","45","764","1019","","","","0.40","","SW","Переменная облачность","2026-01-21 13:24"
"-7.30","","-11.10","45","764","1019","","","","0.40","","SW","Переменная облачность","2026-01-21 13:25"
"-7.30","","-11.10","44","764","1019","","","","0.50","","SW","Переменная облачность","2026-01-21 13:26"
"-7.40","","-11.40","44","764","1019","","","","0.70","","SW","Переменная облачность","2026-01-21 13:27"
"-7.40","","-11.20","45","764","1019","","","","0.50","","SW","Переменная облачность","2026-01-21 13:28"
"-7.40","","-11.20","45","764","1019","","","","0.50","","SW","Переменная облачность","2026-01-21 13:29"
"-7.40","","-11.20","45","764","1019","","","","0.50","","SW","Переменная облачность","2026-01-21 13:30"
"-7.40","","-11.20","45","764","1019","","","","0.50","","SW","Переменная облачность","2026-01-21 13:31"
"-7.40","","-11.30","45","764","1019","","","","0.60","","SW","Переменная облачность","2026-01-21 13:32"
"-7.50","","-11.80","45","764","1019","","","","1.10","","SW","Переменная облачность","2026-01-21 13:33"
"-7.50","","-11.60","45","764","1019","","","","0.90","","SW","Переменная облачность","2026-01-21 13:34"
"-7.50","","-11.40","45","764","1019","","","","0.40","","SW","Переменная облачность","2026-01-21 13:35"
"-7.50","","-11.40","45","764","1019","","","","0.40","","SW","Переменная облачность","2026-01-21 13:36"
"-7.50","","-11.30","45","765","1020","","","","0.50","","SW","Переменная облачность","2026-01-21 13:37"
"-7.50","","-11.00","45","765","1020","","","","0.40","","SW","Переменная облачность","2026-01-21 13:38"
"-7.50","","-11.30","45","765","1020","","","","0.40","","SW","Переменная облачность","2026-01-21 13:39"
"-7.50","","-11.00","45","765","1020","","","","0.00","","SW","Переменная облачность","2026-01-21 13:40"
"-7.50","","-11.00","45","765","1020","","","","0.00","","SW","Переменная облачность","2026-01-21 13:41"
"-7.60","","-11.40","45","765","1020","","","","0.60","","SW","Переменная облачность","2026-01-21 13:42"
"-7.60","","-11.40","45","765","1020","","","","0.60","","SW","Переменная облачность","2026-01-21 13:43"
"-7.60","","-11.50","45","765","1020","","","","0.60","","SW","Переменная облачность","2026-01-21 13:44"
"-7.50","","-11.30","45","765","1020","","","","0.60","","SW","Переменная облачность","2026-01-21 13:45"
"-7.60","","-11.50","45","765","1020","","","","0.60","","SW","Переменная облачность","2026-01-21 13:46"
"-7.60","","-11.40","45","765","1020","","","","0.50","","SW","Переменная облачность","2026-01-21 13:47"
"-7.60","","-11.40","45","765","1020","","","","0.50","","SW","Переменная облачность","2026-01-21 13:48"
"-7.60","","-11.40","45","765","1020","","","","0.40","","SW","Переменная облачность","2026-01-21 13:49"
"-7.70","","-11.70","45","765","1020","","","","0.70","","SW","Переменная облачность","2026-01-21 13:50"
"-7.70","","-11.60","45","765","1020","","","","0.60","","SW","Переменная облачность","2026-01-21 13:51"
"-7.70","","-11.50","45","765","1020","","","","0.50","","SW","Переменная облачность","2026-01-21 13:52"
"-7.70","","-11.80","45","765","1020","","","","0.90","","SW","Переменная облачность","2026-01-21 13:53"
"-7.70","","-11.80","45","765","1020","","","","0.90","","SW","Переменная облачность","2026-01-21 13:54"
"-7.70","","-11.80","45","765","1020","","","","0.90","","SW","Переменная облачность","2026-01-21 13:55"
"-7.70","","-11.50","45","765","1020","","","","0.00","","SW","Переменная облачность","2026-01-21 13:56"
"-7.70","","-11.20","45","765","1020","","","","0.00","","SW","Переменная облачность","2026-01-21 13:57"
"-7.70","","-11.50","45","765","1020","","","","0.40","","SW","Переменная облачность","2026-01-21 13:58"
"-7.70","","-11.50","45","765","1020","","","","0.40","","SW","Переменная облачность","2026-01-21 13:59"
"-7.80","","-11.60","45","765","1020","","","","0.50","","SW","Переменная облачность","2026-01-21 14:00"
"-7.80","","-11.60","45","765","1020","","","","0.50","","SW","Переменная облачность","2026-01-21 14:01"
"-7.80","","-11.30","45","765","1020","","","","0.00","","SW","Переменная облачность","2026-01-21 14:02"
"-7.80","","-11.30","45","765","1020","","","","0.00","","SW","Переменная облачность","2026-01-21 14:03"
"-7.80","","-11.30","45","765","1020","","","","0.00","","SW","Переменная облачность","2026-01-21 14:04"
"-7.80","","-11.30","45","765","1020","","","","0.00","","SW","Переменная облачность","2026-01-21 14:05"
"-7.90","","-11.70","45","765","1020","","","","0.40","","SW","Переменная облачность","2026-01-21 14:06"
"-7.90","","-11.40","45","765","1020","","","","0.00","","SW","Переменная облачность","2026-01-21 14:07"
"-7.90","","-11.40","45","765","1020","","","","0.00","","SW","Переменная облачность","2026-01-21 14:08"
"-8.00","","-11.50","45","765","1020","","","","0.00","","SW","Переменная облачность","2026-01-21 14:09"
"-8.00","","-11.50","45","765","1020","","","","0.00","","SW","Переменная облачность","2026-01-21 14:10"
"-8.00","","-11.50","45","765","1020","","","","0.00","","SW","Переменная облачность","2026-01-21 14:11"
"-8.00","","-11.50","45","765","1020","","","","0.00","","SW","Переменная облачность","2026-01-21 14:12"
"-8.10","","-11.60","45","765","1020","","","","0.00","","SW","Переменная облачность","2026-01-21 14:13"
"-8.10","","-11.60","45","765","1020","","","","0.00","","SW","Переменная облачность","2026-01-21 14:14"
"-8.10","","-11.60","45","765","1020","","","","0.00","","SW","Переменная облачность","2026-01-21 14:15"
"-8.10","","-11.60","45","765","1020","","","","0.00","","SW","Переменная облачность","2026-01-21 14:16"
"-8.10","","-11.60","45","765","1020","","","","0.00","","SW","Переменная облачность","2026-01-21 14:17"
"-8.20","","-11.70","45","765","1020","","","","0.00","","SW","Переменная облачность","2026-01-21 14:18"
"-8.20","","-11.70","45","765","1020","","","","0.00","","SW","Переменная облачность","2026-01-21 14:19"
"-8.20","","-11.70","45","765","1020","","","","0.00","","SW","Переменная облачность","2026-01-21 14:20"
"-8.20","","-11.70","45","764","1019","","","","0.00","","SW","Переменная облачность","2026-01-21 14:21"
"-8.20","","-11.70","45","764","1019","","","","0.00","","SW","Переменная облачность","2026-01-21 14:22"
"-8.20","","-11.70","45","764","1019","","","","0.00","","SW","Переменная облачность","2026-01-21 14:23"
"-8.30","","-11.80","45","764","1019","","","","0.00","","SW","Переменная облачность","2026-01-21 14:24"
"-8.30","","-11.80","45","764","1019","","","","0.00","","SW","Переменная облачность","2026-01-21 14:25"
"-8.40","","-11.90","45","764","1019","","","","0.00","","SW","Переменная облачность","2026-01-21 14:26"
"-8.40","","-11.90","45","764","1019","","","","0.00","","SW","Переменная облачность","2026-01-21 14:27"
"-8.40","","-11.90","45","764","1019","","","","0.00","","SW","Переменная облачность","2026-01-21 14:28"
"-8.40","","-11.90","45","764","1019","","","","0.00","","SW","Переменная облачность","2026-01-21 14:29"
"-8.40","","-11.90","45","764","1019","","","","0.00","","SW","Переменная облачность","2026-01-21 14:30"
"-8.40","","-11.90","45","764","1019","","","","0.00","","SW","Переменная облачность","2026-01-21 14:31"
"-8.40","","-11.90","45","764","1019","","","","0.00","","SW","Переменная облачность","2026-01-21 14:32"
"-8.40","","-11.90","45","764","1019","","","","0.00","","SW","Переменная облачность","2026-01-21 14:33"
"-8.40","","-11.90","45","764","1019","","","","0.00","","SW","Переменная облачность","2026-01-21 14:34"
"-8.40","","-11.90","45","764","1019","","","","0.00","","SW","Переменная облачность","2026-01-21 14:35"
"-8.40","","-11.90","45","764","1019","","","","0.00","","SW","Небольшая облачность","2026-01-21 14:36"
"-8.40","","-11.90","45","765","1020","","","","0.00","","SW","Небольшая облачность","2026-01-21 14:37"
"-8.40","","-11.90","45","765","1020","","","","0.00","","SW","Небольшая облачность","2026-01-21 14:38"
"-8.40","","-11.90","45","765","1020","","","","0.00","","SW","Небольшая облачность","2026-01-21 14:39"
"-8.40","","-11.90","46","765","1020","","","","0.00","","SW","Небольшая облачность","2026-01-21 14:40"
"-8.40","","-11.90","46","765","1020","","","","0.00","","SW","Небольшая облачность","2026-01-21 14:41"
"-8.40","","-11.90","46","765","1020","","","","0.00","","SW","Небольшая облачность","2026-01-21 14:42"
"-8.30","","-11.80","46","765","1020","","","","0.00","","SW","Небольшая облачность","2026-01-21 14:43"
"-8.30","","-11.80","46","765","1020","","","","0.00","","SW","Небольшая облачность","2026-01-21 14:44"
"-8.30","","-11.80","46","765","1020","","","","0.00","","SW","Небольшая облачность","2026-01-21 14:45"
"-8.30","","-11.80","46","765","1020","","","","0.00","","SW","Небольшая облачность","2026-01-21 14:46"
"-8.30","","-11.80","46","765","1020","","","","0.00","","SW","Небольшая облачность","2026-01-21 14:47"
"-8.40","","-11.90","46","765","1020","","","","0.00","","SW","Небольшая облачность","2026-01-21 14:48"
"-8.40","","-11.90","46","765","1020","","","","0.00","","SW","Небольшая облачность","2026-01-21 14:49"
"-8.40","","-11.90","46","765","1020","","","","0.00","","SW","Небольшая облачность","2026-01-21 14:50"
"-8.40","","-11.90","46","765","1020","","","","0.00","","SW","Небольшая облачность","2026-01-21 14:51"
"-8.40","","-11.90","46","765","1020","","","","0.00","","SW","Небольшая облачность","2026-01-21 14:52"
"-8.20","","-11.70","46","765","1020","","","","0.00","","SW","Небольшая облачность","2026-01-21 14:53"
"-8.20","","-11.70","46","765","1020","","","","0.00","","SW","Небольшая облачность","2026-01-21 14:54"
"-8.20","","-11.70","46","765","1020","","","","0.00","","SW","Небольшая облачность","2026-01-21 14:55"
"-8.20","","-11.70","46","765","1020","","","","0.00","","SW","Небольшая облачность","2026-01-21 14:56"
"-8.20","","-11.70","46","765","1020","","","","0.00","","SW","Небольшая облачность","2026-01-21 14:57"
"-8.20","","-11.70","46","765","1020","","","","0.00","","SW","Небольшая облачность","2026-01-21 14:58"
"-8.20","","-11.70","46","765","1020","","","","0.00","","SW","Небольшая облачность","2026-01-21 14:59"
"-8.20","","-11.70","46","765","1020","","","","0.00","","SW","Небольшая облачность","2026-01-21 15:00"
"-8.20","","-11.70","46","765","1020","","","","0.00","","SW","Небольшая облачность","2026-01-21 15:01"
"-8.10","","-11.60","46","765","1020","","","","0.00","","SW","Небольшая облачность","2026-01-21 15:02"
"-8.20","","-11.70","46","765","1020","","","","0.00","","SW","Небольшая облачность","2026-01-21 15:03"
"-8.20","","-11.70","46","765","1020","","","","0.00","","SW","Небольшая облачность","2026-01-21 15:04"
"-8.10","","-11.90","46","765","1020","","","","0.50","","SW","Небольшая облачность","2026-01-21 15:05"
"-8.10","","-11.60","46","765","1020","","","","0.00","","SW","Небольшая облачность","2026-01-21 15:06"
"-8.10","","-11.90","46","765","1020","","","","0.40","","SW","Небольшая облачность","2026-01-21 15:07"
"-8.10","","-11.90","46","765","1020","","","","0.40","","SW","Небольшая облачность","2026-01-21 15:08"
"-8.10","","-11.90","46","765","1020","","","","0.00","","SW","Небольшая облачность","2026-01-21 15:09"
"-8.10","","-11.60","46","765","1020","","","","0.00","","SW","Небольшая облачность","2026-01-21 15:10"
"-8.10","","-11.60","46","765","1020","","","","0.00","","SW","Небольшая облачность","2026-01-21 15:11"
"-8.20","","-11.70","46","765","1020","","","","0.00","","SW","Небольшая облачность","2026-01-21 15:12"
"-8.20","","-11.70","46","765","1020","","","","0.00","","SW","Небольшая облачность","2026-01-21 15:13"
"-8.20","","-11.70","46","765","1020","","","","0.00","","SW","Небольшая облачность","2026-01-21 15:14"
"-8.20","","-11.70","46","765","1020","","","","0.00","","SW","Небольшая облачность","2026-01-21 15:15"
"-8.20","","-11.70","46","765","1020","","","","0.00","","SW","Небольшая облачность","2026-01-21 15:16"
"-8.20","","-12.10","46","765","1020","","","","0.60","","SW","Небольшая облачность","2026-01-21 15:17"
"-8.20","","-12.10","46","765","1020","","","","0.50","","SW","Небольшая облачность","2026-01-21 15:18"
"-8.20","","-12.00","46","765","1020","","","","0.40","","SW","Небольшая облачность","2026-01-21 15:19"
"-8.20","","-12.00","46","765","1020","","","","0.40","","SW","Небольшая облачность","2026-01-21 15:20"
"-8.20","","-11.70","46","765","1020","","","","0.00","","SW","Небольшая облачность","2026-01-21 15:21"
"-8.20","","-11.70","46","765","1020","","","","0.00","","SW","Небольшая облачность","2026-01-21 15:22"
"-8.20","","-11.70","46","765","1020","","","","0.00","","SW","Небольшая облачность","2026-01-21 15:23"
"-8.20","","-11.70","46","765","1020","","","","0.00","","SW","Небольшая облачность","2026-01-21 15:24"
"-8.20","","-12.50","46","765","1020","","","","1.20","","SW","Небольшая облачность","2026-01-21 15:25"
"-8.20","","-12.50","46","765","1020","","","","0.60","","SW","Небольшая облачность","2026-01-21 15:26"
"-8.20","","-12.50","46","765","1020","","","","0.60","","SW","Небольшая облачность","2026-01-21 15:27"
"-8.20","","-12.00","46","765","1020","","","","0.50","","SW","Небольшая облачность","2026-01-21 15:28"
"-8.20","","-12.00","46","765","1020","","","","0.50","","SW","Небольшая облачность","2026-01-21 15:29"
"-8.20","","-13.00","46","765","1020","","","","1.80","","SW","Небольшая облачность","2026-01-21 15:30"
"-8.20","","-12.30","46","765","1020","","","","0.90","","SW","Небольшая облачность","2026-01-21 15:31"
"-8.20","","-12.00","46","765","1020","","","","0.50","","SW","Небольшая облачность","2026-01-21 15:32"
"-8.30","","-12.20","46","765","1020","","","","0.50","","SW","Небольшая облачность","2026-01-21 15:33"
"-8.30","","-12.20","46","765","1020","","","","0.60","","SW","Небольшая облачность","2026-01-21 15:34"
"-8.40","","-12.40","46","765","1020","","","","0.70","","SW","Небольшая облачность","2026-01-21 15:35"
"-8.40","","-12.30","46","765","1020","","","","0.50","","SW","Небольшая облачность","2026-01-21 15:36"
"-8.40","","-11.90","46","765","1020","","","","0.00","","SW","Небольшая облачность","2026-01-21 15:37"
"-8.40","","-11.90","46","765","1020","","","","0.00","","SW","Небольшая облачность","2026-01-21 15:38"
"-8.40","","-11.90","46","765","1020","","","","0.00","","SW","Небольшая облачность","2026-01-21 15:39"
"-8.40","","-11.90","46","765","1020","","","","0.00","","SW","Небольшая облачность","2026-01-21 15:40"
"-8.40","","-11.90","46","765","1020","","","","0.00","","SW","Небольшая облачность","2026-01-21 15:41"
"-8.50","","-12.00","46","765","1020","","","","0.00","","SW","Небольшая облачность","2026-01-21 15:42"
"-8.50","","-12.00","47","765","1020","","","","0.00","","SW","Небольшая облачность","2026-01-21 15:43"
"-8.50","","-12.00","47","765","1020","","","","0.00","","SW","Небольшая облачность","2026-01-21 15:44"
"-8.40","","-12.20","46","765","1020","","","","0.40","","SW","Небольшая облачность","2026-01-21 15:45"
"-8.40","","-11.90","46","765","1020","","","","0.00","","SW","Небольшая облачность","2026-01-21 15:46"
"-8.40","","-11.90","46","765","1020","","","","0.00","","SW","Небольшая облачность","2026-01-21 15:47"
"-8.40","","-11.90","46","765","1020","","","","0.00","","SW","Небольшая облачность","2026-01-21 15:48"
"-8.40","","-11.90","46","765","1020","","","","0.00","","SW","Небольшая облачность","2026-01-21 15:49"
"-8.40","","-11.90","46","765","1020","","","","0.00","","SW","Небольшая облачность","2026-01-21 15:50"
"-8.30","","-12.10","47","765","1020","","","","0.40","","SW","Небольшая облачность","2026-01-21 15:51"
"-8.20","","-11.70","47","765","1020","","","","0.00","","SW","Небольшая облачность","2026-01-21 15:52"
"-8.20","","-11.70","47","765","1020","","","","0.00","","SW","Небольшая облачность","2026-01-21 15:53"
"-8.20","","-11.70","47","765","1020","","","","0.00","","SW","Небольшая облачность","2026-01-21 15:54"
"-8.10","","-11.90","47","765","1020","","","","0.50","","SW","Небольшая облачность","2026-01-21 15:55"
"-8.10","","-11.90","47","765","1020","","","","0.00","","SW","Небольшая облачность","2026-01-21 15:56"
"-8.00","","-11.50","47","765","1020","","","","0.00","","SW","Небольшая облачность","2026-01-21 15:57"
"-7.90","","-11.40","47","765","1020","","","","0.00","","SW","Небольшая облачность","2026-01-21 15:58"
"-7.90","","-11.40","47","765","1020","","","","0.00","","SW","Небольшая облачность","2026-01-21 15:59"
"-7.90","","-11.40","48","765","1020","","","","0.40","","SW","Небольшая облачность","2026-01-21 16:00"
"-7.80","","-11.50","48","765","1020","","","","0.40","","SW","Небольшая облачность","2026-01-21 16:01"
"-7.70","","-11.20","48","765","1020","","","","0.00","","SW","Небольшая облачность","2026-01-21 16:02"
"-7.70","","-11.20","48","765","1020","","","","0.00","","SW","Небольшая облачность","2026-01-21 16:03"
"-7.70","","-11.20","48","765","1020","","","","0.00","","SW","Небольшая облачность","2026-01-21 16:04"
"-7.60","","-11.30","48","765","1020","","","","0.40","","SW","Небольшая облачность","2026-01-21 16:05"
"-7.60","","-11.30","48","765","1020","","","","0.60","","SW","Небольшая облачность","2026-01-21 16:06"
"-7.60","","-11.30","48","765","1020","","","","0.40","","SW","Небольшая облачность","2026-01-21 16:07"
"-7.60","","-11.30","48","765","1020","","","","0.40","","SW","Небольшая облачность","2026-01-21 16:08"
"-7.60","","-11.10","48","765","1020","","","","0.70","","SW","Небольшая облачность","2026-01-21 16:09"
"-7.60","","-11.50","48","765","1020","","","","0.60","","SW","Небольшая облачность","2026-01-21 16:10"
"-7.60","","-11.50","48","765","1020","","","","0.60","","SW","Небольшая облачность","2026-01-21 16:11"
"-7.60","","-11.40","48","765","1020","","","","0.70","","SW","Небольшая облачность","2026-01-21 16:12"
"-7.60","","-11.40","48","765","1020","","","","0.70","","SW","Небольшая облачность","2026-01-21 16:13"
"-7.60","","-11.80","48","765","1020","","","","1.10","","SW","Небольшая облачность","2026-01-21 16:14"
"-7.60","","-11.80","48","765","1020","","","","0.70","","SW","Небольшая облачность","2026-01-21 16:15"
"-7.60","","-11.80","48","765","1020","","","","0.70","","SW","Небольшая облачность","2026-01-21 16:16"
"-7.60","","-11.40","48","765","1020","","","","0.50","","SW","Небольшая облачность","2026-01-21 16:17"
"-7.60","","-11.40","48","765","1020","","","","0.60","","SW","Небольшая облачность","2026-01-21 16:18"
"-7.60","","-11.40","48","765","1020","","","","0.60","","SW","Небольшая облачность","2026-01-21 16:19"
"-7.60","","-12.00","48","765","1020","","","","1.40","","SW","Небольшая облачность","2026-01-21 16:20"
"-7.60","","-11.30","48","765","1020","","","","0.40","","SW","Небольшая облачность","2026-01-21 16:21"
"-7.60","","-11.10","48","765","1020","","","","0.00","","SW","Небольшая облачность","2026-01-21 16:22"
"-7.60","","-11.10","48","765","1020","","","","0.00","","SW","Небольшая облачность","2026-01-21 16:23"
"-7.50","","-10.90","48","765","1020","","","","0.00","","SW","Небольшая облачность","2026-01-21 16:24"
"-7.50","","-10.90","48","765","1020","","","","0.50","","SW","Небольшая облачность","2026-01-21 16:25"
"-7.50","","-10.90","48","765","1020","","","","0.50","","SW","Небольшая облачность","2026-01-21 16:26"
"-7.50","","-11.30","48","765","1020","","","","0.00","","SW","Небольшая облачность","2026-01-21 16:27"
"-7.50","","-11.30","48","765","1020","","","","0.00","","SW","Небольшая облачность","2026-01-21 16:28"
"-7.40","","-10.80","48","765","1020","","","","0.00","","SW","Небольшая облачность","2026-01-21 16:29"
"-7.40","","-10.80","48","765","1020","","","","0.00","","SW","Небольшая облачность","2026-01-21 16:30"
"-7.40","","-10.80","48","765","1020","","","","0.40","","SW","Небольшая облачность","2026-01-21 16:31"
"-7.40","","-11.10","48","765","1020","","","","0.50","","SW","Небольшая облачность","2026-01-21 16:32"
"-7.40","","-11.10","48","765","1020","","","","0.40","","SW","Небольшая облачность","2026-01-21 16:33"
"-7.40","","-11.10","48","765","1020","","","","0.00","","SW","Небольшая облачность","2026-01-21 16:34"
"-7.40","","-11.50","48","765","1020","","","","0.90","","SW","Небольшая облачность","2026-01-21 16:35"
"-7.40","","-11.10","48","765","1020","","","","0.40","","SW","Небольшая облачность","2026-01-21 16:36"
"-7.40","","-11.10","48","765","1020","","","","0.60","","SW","Небольшая облачность","2026-01-21 16:37"
"-7.40","","-11.20","48","765","1020","","","","0.50","","SW","Небольшая облачность","2026-01-21 16:38"
"-7.40","","-11.20","48","765","1020","","","","0.50","","SW","Небольшая облачность","2026-01-21 16:39"
"-7.40","","-10.80","48","765","1020","","","","0.00","","SW","Небольшая облачность","2026-01-21 16:40"
"-7.40","","-11.10","48","765","1020","","","","0.40","","SW","Небольшая облачность","2026-01-21 16:41"
"-7.40","","-11.10","48","765","1020","","","","0.40","","SW","Небольшая облачность","2026-01-21 16:42"
"-7.40","","-11.30","48","765","1020","","","","0.70","","SW","Небольшая облачность","2026-01-21 16:43"
"-7.40","","-11.30","48","765","1020","","","","0.70","","SW","Небольшая облачность","2026-01-21 16:44"
"-7.40","","-11.30","48","765","1020","","","","0.60","","SW","Небольшая облачность","2026-01-21 16:45"
"-7.40","","-11.20","48","765","1020","","","","0.50","","SW","Небольшая облачность","2026-01-21 16:46"
"-7.40","","-11.20","48","765","1020","","","","0.40","","SW","Небольшая облачность","2026-01-21 16:47"
"-7.40","","-11.10","48","765","1020","","","","0.40","","SW","Небольшая облачность","2026-01-21 16:48"
"-7.40","","-11.10","48","765","1020","","","","0.40","","SW","Небольшая облачность","2026-01-21 16:49"
"-7.50","","-11.40","48","765","1020","","","","0.60","","SW","Небольшая облачность","2026-01-21 16:50"
"-7.50","","-11.40","48","765","1020","","","","0.60","","SW","Небольшая облачность","2026-01-21 16:51"
"-7.50","","-11.20","48","765","1020","","","","0.40","","SW","Небольшая облачность","2026-01-21 16:52"
"-7.50","","-11.20","48","765","1020","","","","0.40","","SW","Небольшая облачность","2026-01-21 16:53"
"-7.50","","-11.60","48","765","1020","","","","0.90","","SW","Небольшая облачность","2026-01-21 16:54"
"-7.50","","-11.30","48","765","1020","","","","0.50","","SW","Небольшая облачность","2026-01-21 16:55"
"-7.50","","-11.30","48","765","1020","","","","0.00","","SW","Небольшая облачность","2026-01-21 16:56"
"-7.50","","-10.90","48","765","1020","","","","0.00","","SW","Небольшая облачность","2026-01-21 16:57"
"-7.40","","-10.80","48","765","1020","","","","0.00","","SW","Небольшая облачность","2026-01-21 16:58"
"-7.40","","-11.70","48","765","1020","","","","1.20","","SW","Небольшая облачность","2026-01-21 16:59"
"-7.40","","-11.70","48","765","1020","","","","1.20","","SW","Небольшая облачность","2026-01-21 17:00"
"-7.50","","-11.20","48","765","1020","","","","0.40","","SW","Небольшая облачность","2026-01-21 17:01"
"-7.50","","-11.20","48","765","1020","","","","0.40","","SW","Небольшая облачность","2026-01-21 17:02"
"-7.50","","-11.20","48","765","1020","","","","0.00","","SW","Небольшая облачность","2026-01-21 17:03"
"-7.50","","-10.90","48","765","1020","","","","0.60","","SW","Небольшая облачность","2026-01-21 17:04"
"-7.50","","-11.40","48","765","1020","","","","0.60","","SW","Небольшая облачность","2026-01-21 17:05"
"-7.60","","-11.50","48","765","1020","","","","0.60","","SW","Небольшая облачность","2026-01-21 17:06"
"-7.60","","-11.30","48","765","1020","","","","0.40","","SW","Небольшая облачность","2026-01-21 17:07"
"-7.60","","-11.30","48","765","1020","","","","1.10","","SW","Небольшая облачность","2026-01-21 17:08"
"-7.60","","-11.30","48","765","1020","","","","1.10","","SW","Небольшая облачность","2026-01-21 17:09"
"-7.60","","-11.30","48","765","1020","","","","0.40","","SW","Небольшая облачность","2026-01-21 17:10"
"-7.60","","-11.40","48","765","1020","","","","0.50","","SW","Небольшая облачность","2026-01-21 17:11"
"-7.60","","-11.40","48","765","1020","","","","0.70","","SW","Небольшая облачность","2026-01-21 17:12"
"-7.60","","-11.30","48","765","1020","","","","0.40","","SW","Небольшая облачность","2026-01-21 17:13"
"-7.60","","-11.30","48","765","1020","","","","0.40","","SW","Небольшая облачность","2026-01-21 17:14"
"-7.70","","-11.60","48","765","1020","","","","0.60","","SW","Небольшая облачность","2026-01-21 17:15"
"-7.70","","-11.40","48","765","1020","","","","0.40","","SW","Небольшая облачность","2026-01-21 17:16"
"-7.70","","-11.20","48","765","1020","","","","0.00","","SW","Небольшая облачность","2026-01-21 17:17"
"-7.70","","-11.20","48","765","1020","","","","0.00","","SW","Небольшая облачность","2026-01-21 17:18"
"-7.70","","-11.20","48","765","1020","","","","0.00","","SW","Небольшая облачность","2026-01-21 17:19"
"-7.70","","-11.20","48","765","1020","","","","0.00","","SW","Небольшая облачность","2026-01-21 17:20"
"-7.70","","-11.20","48","765","1020","","","","0.00","","SW","Небольшая облачность","2026-01-21 17:21"
"-7.70","","-11.20","48","765","1020","","","","0.00","","SW","Небольшая облачность","2026-01-21 17:22"
"-7.70","","-11.20","48","765","1020","","","","0.00","","SW","Небольшая облачность","2026-01-21 17:23"
"-7.70","","-11.40","48","765","1020","","","","0.90","","SW","Небольшая облачность","2026-01-21 17:24"
"-7.70","","-12.00","48","765","1020","","","","1.20","","SW","Небольшая облачность","2026-01-21 17:25"
"-7.70","","-12.00","48","765","1020","","","","1.20","","SW","Небольшая облачность","2026-01-21 17:26"
"-7.80","","-11.70","48","765","1020","","","","0.40","","SW","Небольшая облачность","2026-01-21 17:27"
"-7.80","","-11.70","48","765","1020","","","","0.40","","SW","Небольшая облачность","2026-01-21 17:28"
"-7.80","","-12.20","48","765","1020","","","","1.30","","SW","Небольшая облачность","2026-01-21 17:29"
"-7.80","","-12.00","48","765","1020","","","","1.10","","SW","Небольшая облачность","2026-01-21 17:30"
"-7.80","","-11.70","48","765","1020","","","","0.60","","SW","Небольшая облачность","2026-01-21 17:31"
"-7.80","","-12.20","48","765","1020","","","","1.40","","SW","Небольшая облачность","2026-01-21 17:32"
"-7.80","","-12.20","48","765","1020","","","","1.40","","SW","Небольшая облачность","2026-01-21 17:33"
"-7.90","","-11.80","48","765","1020","","","","0.60","","SSW","Небольшая облачность","2026-01-21 17:34"
"-7.90","","-12.30","48","765","1020","","","","1.30","","SSW","Небольшая облачность","2026-01-21 17:35"
"-7.90","","-12.30","48","765","1020","","","","1.30","","SSW","Небольшая облачность","2026-01-21 17:36"
"-7.90","","-12.80","48","765","1020","","","","2.00","","SSW","Небольшая облачность","2026-01-21 17:37"
"-7.90","","-12.40","48","765","1020","","","","1.50","","SSW","Небольшая облачность","2026-01-21 17:38"
"-7.90","","-12.10","48","765","1020","","","","1.10","","SSW","Небольшая облачность","2026-01-21 17:39"
"-7.90","","-12.10","48","765","1020","","","","1.10","","SSW","Небольшая облачность","2026-01-21 17:40"
"-7.90","","-12.50","48","765","1020","","","","1.60","","SSW","Небольшая облачность","2026-01-21 17:41"
"-7.90","","-12.50","48","765","1020","","","","0.40","","SSW","Небольшая облачность","2026-01-21 17:42"
"-7.90","","-11.90","48","765","1020","","","","0.70","","SSW","Небольшая облачность","2026-01-21 17:43"
"-7.90","","-12.10","48","765","1020","","","","1.10","","SSW","Небольшая облачность","2026-01-21 17:44"
"-7.90","","-12.10","48","765","1020","","","","1.60","","SSW","Небольшая облачность","2026-01-21 17:45"
"-7.90","","-12.10","48","765","1020","","","","0.90","","SSW","Небольшая облачность","2026-01-21 17:46"
"-7.90","","-12.10","48","765","1020","","","","0.90","","SSW","Небольшая облачность","2026-01-21 17:47"
"-7.90","","-12.10","48","765","1020","","","","1.00","","SSW","Небольшая облачность","2026-01-21 17:48"
"-7.90","","-12.10","48","765","1020","","","","0.90","","SSW","Небольшая облачность","2026-01-21 17:49"
"-7.90","","-12.00","48","765","1020","","","","0.40","","SSW","Небольшая облачность","2026-01-21 17:50"
"-7.90","","-11.70","48","765","1021","","","","0.50","","SSW","Небольшая облачность","2026-01-21 17:51"
"-7.90","","-11.40","48","765","1021","","","","0.00","","SSW","Небольшая облачность","2026-01-21 17:52"
"-7.90","","-11.40","48","765","1021","","","","0.00","","SSW","Небольшая облачность","2026-01-21 17:53"
"-7.90","","-11.60","48","765","1021","","","","0.40","","SSW","Небольшая облачность","2026-01-21 17:54"
"-7.90","","-11.40","48","765","1021","","","","0.00","","SSW","Небольшая облачность","2026-01-21 17:55"
"-7.90","","-11.40","48","765","1021","","","","0.00","","SSW","Небольшая облачность","2026-01-21 17:56"
"-7.90","","-11.40","49","765","1021","","","","0.00","","SSW","Небольшая облачность","2026-01-21 17:57"
"-7.90","","-11.40","49","765","1021","","","","0.00","","SSW","Небольшая облачность","2026-01-21 17:58"
"-7.90","","-11.40","49","765","1021","","","","0.00","","SSW","Небольшая облачность","2026-01-21 17:59"
"-7.90","","-11.40","49","765","1021","","","","0.00","","SSW","Небольшая облачность","2026-01-21 18:00"
"-7.90","","-11.40","49","765","1021","","","","0.00","","SSW","Небольшая облачность","2026-01-21 18:01"
"-7.90","","-11.40","49","765","1021","","","","0.00","","SSW","Небольшая облачность","2026-01-21 18:02"
"-7.90","","-11.40","49","765","1021","","","","0.00","","SSW","Небольшая облачность","2026-01-21 18:03"
"-7.90","","-11.40","49","765","1021","","","","0.00","","SSW","Небольшая облачность","2026-01-21 18:04"
"-7.90","","-12.10","49","765","1021","","","","1.00","","SSW","Небольшая облачность","2026-01-21 18:05"
"-7.90","","-11.40","49","765","1020","","","","0.00","","SSW","Небольшая облачность","2026-01-21 18:06"
"-7.90","","-11.40","49","765","1020","","","","0.00","","SSW","Небольшая облачность","2026-01-21 18:07"
"-7.90","","-12.10","49","765","1020","","","","1.00","","SSW","Небольшая облачность","2026-01-21 18:08"
"-7.90","","-11.80","49","765","1020","","","","0.60","","SSW","Небольшая облачность","2026-01-21 18:09"
"-7.90","","-11.60","49","765","1020","","","","0.40","","SSW","Небольшая облачность","2026-01-21 18:10"
"-8.00","","-12.10","49","765","1020","","","","0.90","","SSW","Небольшая облачность","2026-01-21 18:11"
"-8.00","","-12.10","49","765","1020","","","","0.90","","SSW","Небольшая облачность","2026-01-21 18:12"
"-8.00","","-12.40","49","765","1020","","","","1.30","","SSW","Небольшая облачность","2026-01-21 18:13"
"-8.00","","-12.20","49","765","1020","","","","1.10","","SSW","Небольшая облачность","2026-01-21 18:14"
"-8.00","","-11.90","49","765","1020","","","","0.60","","SSW","Небольшая облачность","2026-01-21 18:15"
"-8.00","","-12.20","49","765","1020","","","","1.10","","SSW","Небольшая облачность","2026-01-21 18:16"
"-8.00","","-12.20","49","765","1020","","","","1.10","","SSW","Небольшая облачность","2026-01-21 18:17"
"-8.10","","-12.30","49","765","1020","","","","1.10","","SSW","Небольшая облачность","2026-01-21 18:18"
"-8.10","","-12.30","48","765","1020","","","","0.50","","SSW","Небольшая облачность","2026-01-21 18:19"
"-8.10","","-11.90","48","765","1020","","","","0.50","","SSW","Небольшая облачность","2026-01-21 18:20"
"-8.10","","-11.90","48","765","1021","","","","1.40","","SSW","Небольшая облачность","2026-01-21 18:21"
"-8.20","","-12.40","48","765","1021","","","","1.10","","SSW","Небольшая облачность","2026-01-21 18:22"
"-8.20","","-12.60","48","765","1021","","","","1.30","","SSW","Небольшая облачность","2026-01-21 18:23"
"-8.20","","-12.20","48","765","1021","","","","0.70","","SSW","Небольшая облачность","2026-01-21 18:24"
"-8.20","","-12.20","48","765","1021","","","","1.00","","SSW","Небольшая облачность","2026-01-21 18:25"
"-8.20","","-12.40","48","765","1021","","","","1.00","","SSW","Небольшая облачность","2026-01-21 18:26"
"-8.20","","-12.40","48","765","1021","","","","1.00","","SSW","Небольшая облачность","2026-01-21 18:27"
"-8.20","","-11.90","49","765","1021","","","","0.40","","SSW","Небольшая облачность","2026-01-21 18:28"
"-8.10","","-11.60","49","765","1021","","","","0.00","","SSW","Небольшая облачность","2026-01-21 18:29"
"-8.10","","-11.90","49","765","1021","","","","0.50","","SSW","Небольшая облачность","2026-01-21 18:30"
"-8.20","","-12.00","49","765","1021","","","","0.50","","SSW","Небольшая облачность","2026-01-21 18:31"
"-8.20","","-12.00","49","765","1021","","","","1.10","","SSW","Небольшая облачность","2026-01-21 18:32"
"-8.20","","-12.00","49","765","1021","","","","1.10","","SSW","Небольшая облачность","2026-01-21 18:33"
"-8.20","","-12.60","49","765","1021","","","","1.40","","SSW","Небольшая облачность","2026-01-21 18:34"
"-8.20","","-12.60","49","765","1021","","","","1.20","","SSW","Небольшая облачность","2026-01-21 18:35"
"-8.30","","-12.50","49","765","1020","","","","1.00","","SSW","Небольшая облачность","2026-01-21 18:36"
"-8.30","","-12.50","49","765","1020","","","","1.10","","SSW","Небольшая облачность","2026-01-21 18:37"
"-8.30","","-12.50","49","765","1020","","","","1.10","","SSW","Небольшая облачность","2026-01-21 18:38"
"-8.30","","-12.00","49","765","1020","","","","1.20","","SSW","Небольшая облачность","2026-01-21 18:39"
"-8.30","","-12.70","49","765","1020","","","","1.30","","SSW","Небольшая облачность","2026-01-21 18:40"
"-8.40","","-12.80","49","765","1020","","","","0.90","","SSW","Небольшая облачность","2026-01-21 18:41"
"-8.40","","-12.80","49","765","1020","","","","0.60","","SSW","Небольшая облачность","2026-01-21 18:42"
"-8.30","","-12.10","49","765","1020","","","","0.50","","SSW","Небольшая облачность","2026-01-21 18:43"
"-8.30","","-12.10","49","765","1020","","","","0.50","","SSW","Небольшая облачность","2026-01-21 18:44"
"-8.30","","-12.30","49","765","1020","","","","0.70","","SSW","Небольшая облачность","2026-01-21 18:45"
"-8.40","","-12.60","49","765","1020","","","","1.10","","SSW","Небольшая облачность","2026-01-21 18:46"
"-8.40","","-12.60","49","765","1020","","","","1.00","","SSW","Небольшая облачность","2026-01-21 18:47"
"-8.40","","-12.20","49","765","1020","","","","0.50","","SSW","Небольшая облачность","2026-01-21 18:48"
"-8.40","","-12.20","49","765","1020","","","","0.40","","SSW","Небольшая облачность","2026-01-21 18:49"
"-8.40","","-12.30","49","765","1020","","","","0.60","","SSW","Небольшая облачность","2026-01-21 18:50"
"-8.40","","-12.20","49","765","1021","","","","0.40","","SSW","Небольшая облачность","2026-01-21 18:51"
"-8.40","","-12.20","49","765","1021","","","","0.50","","SSW","Небольшая облачность","2026-01-21 18:52"
"-8.40","","-12.20","49","765","1021","","","","0.50","","SSW","Небольшая облачность","2026-01-21 18:53"
"-8.40","","-12.40","49","765","1021","","","","0.70","","SSW","Небольшая облачность","2026-01-21 18:54"
"-8.40","","-12.40","49","765","1021","","","","0.70","","SSW","Небольшая облачность","2026-01-21 18:55"
"-8.40","","-12.40","49","765","1021","","","","0.70","","SSW","Небольшая облачность","2026-01-21 18:56"
"-8.50","","-12.50","49","765","1021","","","","0.50","","SSW","Небольшая облачность","2026-01-21 18:57"
"-8.50","","-12.50","49","765","1021","","","","0.50","","SSW","Небольшая облачность","2026-01-21 18:58"
"-8.50","","-12.50","49","765","1021","","","","0.70","","SSW","Небольшая облачность","2026-01-21 18:59"
"-8.50","","-12.30","49","765","1021","","","","0.50","","SSW","Небольшая облачность","2026-01-21 19:00"
"-8.50","","-12.00","49","765","1021","","","","0.00","","SSW","Небольшая облачность","2026-01-21 19:01"
"-8.50","","-12.00","49","765","1021","","","","0.00","","SSW","Небольшая облачность","2026-01-21 19:02"
"-8.50","","-12.30","49","765","1021","","","","0.50","","SSW","Небольшая облачность","2026-01-21 19:03"
"-8.50","","-12.30","49","765","1021","","","","0.40","","SSW","Небольшая облачность","2026-01-21 19:04"
"-8.50","","-12.00","49","765","1021","","","","0.00","","SSW","Небольшая облачность","2026-01-21 19:05"
"-8.40","","-12.20","49","765","1021","","","","0.40","","SSW","Облачно","2026-01-21 19:06"
"-8.40","","-12.40","49","765","1021","","","","0.70","","SSW","Облачно","2026-01-21 19:07"
"-8.40","","-12.20","49","765","1021","","","","0.50","","SSW","Облачно","2026-01-21 19:08"
"-8.40","","-12.20","49","765","1021","","","","0.00","","SSW","Облачно","2026-01-21 19:09"
"-8.40","","-12.20","49","765","1021","","","","0.40","","SSW","Облачно","2026-01-21 19:10"
"-8.40","","-12.20","49","765","1021","","","","0.40","","SSW","Облачно","2026-01-21 19:11"
"-8.50","","-12.30","49","765","1021","","","","0.60","","SSW","Облачно","2026-01-21 19:12"
"-8.50","","-12.30","49","765","1021","","","","0.90","","SSW","Облачно","2026-01-21 19:13"
"-8.50","","-12.40","49","765","1021","","","","0.60","","SSW","Облачно","2026-01-21 19:14"
"-8.60","","-12.50","49","765","1021","","","","0.60","","SSW","Облачно","2026-01-21 19:15"
"-8.60","","-12.60","49","765","1021","","","","0.70","","SSW","Облачно","2026-01-21 19:16"
"-8.60","","-12.40","49","765","1021","","","","0.50","","SSW","Облачно","2026-01-21 19:17"
"-8.60","","-12.40","49","765","1021","","","","0.70","","SSW","Облачно","2026-01-21 19:18"
"-8.60","","-13.20","49","765","1021","","","","1.60","","SSW","Облачно","2026-01-21 19:19"
"-8.60","","-13.20","49","765","1021","","","","1.20","","SSW","Облачно","2026-01-21 19:20"
"-8.60","","-12.50","49","765","1021","","","","0.60","","SSW","Облачно","2026-01-21 19:21"
"-8.60","","-12.40","49","765","1021","","","","0.40","","SSW","Облачно","2026-01-21 19:22"
"-8.60","","-12.40","49","765","1021","","","","0.50","","SSW","Облачно","2026-01-21 19:23"
"-8.60","","-12.40","49","765","1021","","","","0.50","","SSW","Облачно","2026-01-21 19:24"
"-8.60","","-12.10","49","765","1021","","","","0.00","","SSW","Облачно","2026-01-21 19:25"
"-8.60","","-12.10","49","765","1021","","","","0.00","","SSW","Облачно","2026-01-21 19:26"
"-8.60","","-12.10","49","765","1021","","","","0.00","","SSW","Облачно","2026-01-21 19:27"
"-8.60","","-12.10","49","765","1021","","","","0.00","","SSW","Облачно","2026-01-21 19:28"
"-8.60","","-12.40","49","765","1021","","","","0.40","","SSW","Облачно","2026-01-21 19:29"
"-8.60","","-12.70","49","765","1021","","","","0.90","","SSW","Облачно","2026-01-21 19:30"
"-8.60","","-12.60","49","765","1021","","","","0.70","","SSW","Облачно","2026-01-21 19:31"
"-8.60","","-12.60","49","765","1021","","","","1.10","","SSW","Облачно","2026-01-21 19:32"
"-8.60","","-12.60","49","765","1021","","","","1.10","","SSW","Облачно","2026-01-21 19:33"
"-8.70","","-12.70","49","765","1021","","","","0.70","","SSW","Облачно","2026-01-21 19:34"
"-8.70","","-12.70","49","765","1021","","","","0.40","","SSW","Облачно","2026-01-21 19:35"
"-8.70","","-12.70","49","765","1021","","","","0.40","","SSW","Небольшая облачность","2026-01-21 19:36"
"-8.70","","-12.60","49","765","1020","","","","0.60","","SSW","Небольшая облачность","2026-01-21 19:37"
"-8.70","","-12.60","49","765","1020","","","","0.50","","SSW","Небольшая облачность","2026-01-21 19:38"
"-8.80","","-12.30","49","765","1020","","","","0.00","","SSW","Небольшая облачность","2026-01-21 19:39"
"-8.80","","-12.30","49","765","1020","","","","0.00","","SSW","Небольшая облачность","2026-01-21 19:40"
"-8.80","","-12.30","49","765","1020","","","","0.00","","SSW","Небольшая облачность","2026-01-21 19:41"
"-8.80","","-12.30","49","765","1020","","","","0.00","","SSW","Небольшая облачность","2026-01-21 19:42"
"-8.80","","-12.30","49","765","1020","","","","0.00","","SSW","Небольшая облачность","2026-01-21 19:43"
"-8.80","","-12.30","49","765","1020","","","","0.00","","SSW","Небольшая облачность","2026-01-21 19:44"
"-8.80","","-12.30","49","765","1020","","","","0.00","","SSW","Небольшая облачность","2026-01-21 19:45"
"-8.80","","-12.30","49","765","1020","","","","0.00","","SSW","Небольшая облачность","2026-01-21 19:46"
"-8.80","","-12.30","49","765","1020","","","","0.00","","SSW","Небольшая облачность","2026-01-21 19:47"
"-8.80","","-12.30","49","765","1020","","","","0.00","","SSW","Небольшая облачность","2026-01-21 19:48"
"-8.80","","-12.30","49","765","1020","","","","0.00","","SSW","Небольшая облачность","2026-01-21 19:49"
"-8.80","","-12.60","49","765","1020","","","","0.00","","SSW","Небольшая облачность","2026-01-21 19:50"
"-8.80","","-12.60","49","765","1020","","","","0.00","","SSW","Небольшая облачность","2026-01-21 19:51"
"-8.80","","-12.30","49","765","1021","","","","0.00","","SSW","Небольшая облачность","2026-01-21 19:52"
"-8.80","","-12.30","49","765","1021","","","","0.00","","SSW","Небольшая облачность","2026-01-21 19:53"
"-8.80","","-12.30","49","765","1021","","","","0.00","","SSW","Небольшая облачность","2026-01-21 19:54"
"-8.80","","-12.30","49","765","1021","","","","0.00","","SSW","Небольшая облачность","2026-01-21 19:55"
"-8.80","","-12.30","49","765","1021","","","","0.00","","SSW","Небольшая облачность","2026-01-21 19:56"
"-8.80","","-12.30","49","765","1021","","","","0.00","","SSW","Небольшая облачность","2026-01-21 19:57"
"-8.80","","-12.30","50","765","1021","","","","0.00","","SSW","Небольшая облачность","2026-01-21 19:58"
"-8.70","","-12.50","50","765","1021","","","","0.40","","SSW","Небольшая облачность","2026-01-21 19:59"
"-8.80","","-12.30","50","765","1021","","","","0.00","","SSW","Небольшая облачность","2026-01-21 20:00"
"-8.80","","-12.30","50","765","1021","","","","0.00","","SSW","Небольшая облачность","2026-01-21 20:01"
"-8.80","","-12.30","50","765","1021","","","","0.40","","SSW","Небольшая облачность","2026-01-21 20:02"
"-8.80","","-12.70","50","765","1021","","","","0.60","","SSW","Небольшая облачность","2026-01-21 20:03"
"-8.80","","-12.60","50","765","1021","","","","0.40","","SSW","Небольшая облачность","2026-01-21 20:04"
"-8.80","","-12.60","50","765","1021","","","","0.00","","SSW","Небольшая облачность","2026-01-21 20:05"
"-8.80","","-12.60","50","765","1021","","","","0.40","","SSW","Небольшая облачность","2026-01-21 20:06"
"-8.80","","-12.60","50","765","1021","","","","0.40","","SSW","Небольшая облачность","2026-01-21 20:07"
"-8.80","","-12.60","50","765","1021","","","","0.40","","SSW","Небольшая облачность","2026-01-21 20:08"
"-8.80","","-12.60","50","765","1021","","","","0.00","","SSW","Небольшая облачность","2026-01-21 20:09"
"-8.80","","-12.60","50","765","1021","","","","0.90","","SSW","Небольшая облачность","2026-01-21 20:10"
"-8.80","","-12.60","50","765","1021","","","","0.00","","SSW","Небольшая облачность","2026-01-21 20:11"
"-8.90","","-12.40","49","765","1021","","","","0.00","","SSW","Небольшая облачность","2026-01-21 20:12"
"-8.90","","-12.40","50","765","1021","","","","0.00","","SSW","Небольшая облачность","2026-01-21 20:13"
"-8.90","","-12.40","50","765","1021","","","","0.00","","SSW","Небольшая облачность","2026-01-21 20:14"
"-8.90","","-12.40","50","765","1021","","","","0.00","","SSW","Небольшая облачность","2026-01-21 20:15"
"-8.90","","-12.70","50","765","1021","","","","0.50","","SSW","Небольшая облачность","2026-01-21 20:16"
"-8.90","","-12.70","50","765","1021","","","","0.50","","SSW","Небольшая облачность","2026-01-21 20:17"
"-8.90","","-12.70","50","765","1021","","","","0.70","","SSW","Небольшая облачность","2026-01-21 20:18"
"-8.90","","-12.70","50","765","1021","","","","0.50","","SSW","Небольшая облачность","2026-01-21 20:19"
"-8.90","","-12.70","50","765","1021","","","","1.20","","S","Небольшая облачность","2026-01-21 20:20"
"-8.90","","-12.70","50","765","1021","","","","1.20","","S","Небольшая облачность","2026-01-21 20:21"
"-8.90","","-13.20","50","765","1021","","","","1.10","","S","Небольшая облачность","2026-01-21 20:22"
"-8.90","","-12.80","50","765","1021","","","","0.60","","S","Небольшая облачность","2026-01-21 20:23"
"-8.90","","-13.00","50","765","1021","","","","0.90","","S","Небольшая облачность","2026-01-21 20:24"
"-8.90","","-12.70","50","765","1021","","","","0.50","","S","Небольшая облачность","2026-01-21 20:25"
"-8.90","","-12.70","50","765","1021","","","","0.00","","S","Небольшая облачность","2026-01-21 20:26"
"-8.90","","-12.40","50","765","1021","","","","0.60","","S","Небольшая облачность","2026-01-21 20:27"
"-8.90","","-12.40","50","765","1021","","","","0.60","","S","Небольшая облачность","2026-01-21 20:28"
"-8.90","","-12.80","50","765","1021","","","","0.60","","S","Небольшая облачность","2026-01-21 20:29"
"-8.90","","-12.90","50","765","1021","","","","0.70","","S","Небольшая облачность","2026-01-21 20:30"
"-8.90","","-13.20","50","765","1021","","","","1.10","","S","Небольшая облачность","2026-01-21 20:31"
"-9.00","","-13.00","50","765","1021","","","","0.70","","S","Небольшая облачность","2026-01-21 20:32"
"-9.00","","-13.20","50","765","1021","","","","1.00","","S","Небольшая облачность","2026-01-21 20:33"
"-9.00","","-13.20","50","765","1021","","","","1.00","","S","Небольшая облачность","2026-01-21 20:34"
"-9.00","","-13.20","50","765","1021","","","","0.40","","S","Небольшая облачность","2026-01-21 20:35"
"-9.00","","-13.20","50","765","1021","","","","0.50","","S","Небольшая облачность","2026-01-21 20:36"
"-9.00","","-13.20","50","765","1021","","","","0.50","","S","Небольшая облачность","2026-01-21 20:37"
"-9.10","","-13.50","49","765","1021","","","","1.30","","S","Небольшая облачность","2026-01-21 20:38"
"-9.10","","-13.50","49","765","1021","","","","1.30","","S","Небольшая облачность","2026-01-21 20:39"
"-9.10","","-13.60","49","765","1021","","","","1.40","","S","Небольшая облачность","2026-01-21 20:40"
"-9.10","","-13.40","49","765","1021","","","","1.10","","S","Небольшая облачность","2026-01-21 20:41"
"-9.10","","-13.30","49","765","1021","","","","1.00","","S","Небольшая облачность","2026-01-21 20:42"
"-9.10","","-13.30","49","765","1021","","","","1.00","","S","Небольшая облачность","2026-01-21 20:43"
"-9.10","","-13.00","49","765","1021","","","","0.60","","S","Небольшая облачность","2026-01-21 20:44"
"-9.10","","-13.00","49","765","1021","","","","0.60","","S","Небольшая облачность","2026-01-21 20:45"
"-9.10","","-13.20","49","765","1021","","","","0.90","","S","Небольшая облачность","2026-01-21 20:46"
"-9.10","","-13.20","49","765","1021","","","","0.90","","S","Небольшая облачность","2026-01-21 20:47"
"-9.10","","-13.20","49","765","1021","","","","0.90","","S","Небольшая облачность","2026-01-21 20:48"
"-9.20","","-13.30","49","765","1021","","","","0.90","","S","Небольшая облачность","2026-01-21 20:49"
"-9.20","","-13.30","49","765","1021","","","","1.20","","S","Небольшая облачность","2026-01-21 20:50"
"-9.30","","-13.60","49","765","1021","","","","1.30","","S","Небольшая облачность","2026-01-21 20:51"
"-9.30","","-14.00","49","765","1021","","","","1.70","","S","Небольшая облачность","2026-01-21 20:52"
"-9.30","","-14.00","49","765","1021","","","","1.70","","S","Небольшая облачность","2026-01-21 20:53"
"-9.30","","-14.50","49","765","1021","","","","1.00","","S","Небольшая облачность","2026-01-21 20:54"
"-9.40","","-13.40","49","765","1021","","","","0.70","","S","Небольшая облачность","2026-01-21 20:55"
"-9.40","","-13.30","49","765","1021","","","","1.50","","S","Небольшая облачность","2026-01-21 20:56"
"-9.40","","-14.00","49","765","1021","","","","1.50","","S","Небольшая облачность","2026-01-21 20:57"
"-9.40","","-13.50","49","765","1021","","","","0.90","","S","Небольшая облачность","2026-01-21 20:58"
"-9.40","","-14.00","49","765","1021","","","","1.50","","S","Небольшая облачность","2026-01-21 20:59"
"-9.40","","-13.50","49","765","1021","","","","0.90","","S","Небольшая облачность","2026-01-21 21:00"
"-9.40","","-13.50","49","765","1021","","","","1.20","","NE","Небольшая облачность","2026-01-21 21:01"
"-9.50","","-13.80","49","765","1021","","","","1.10","","NE","Небольшая облачность","2026-01-21 21:02"
"-9.50","","-13.40","49","765","1021","","","","0.60","","NE","Небольшая облачность","2026-01-21 21:03"
"-9.50","","-13.40","49","765","1021","","","","0.60","","NE","Небольшая облачность","2026-01-21 21:04"
"-9.50","","-13.40","49","765","1021","","","","0.60","","NE","Небольшая облачность","2026-01-21 21:05"
"-9.50","","-13.70","49","765","1020","","","","1.30","","NE","Небольшая облачность","2026-01-21 21:06"
"-9.50","","-13.50","49","765","1020","","","","0.70","","NE","Небольшая облачность","2026-01-21 21:07"
"-9.50","","-13.40","49","765","1020","","","","0.60","","NE","Небольшая облачность","2026-01-21 21:08"
"-9.50","","-13.90","49","765","1020","","","","1.30","","NE","Небольшая облачность","2026-01-21 21:09"
"-9.50","","-13.90","49","765","1020","","","","1.30","","NE","Небольшая облачность","2026-01-21 21:10"
"-9.50","","-13.90","49","765","1020","","","","1.30","","NE","Небольшая облачность","2026-01-21 21:11"
"-9.60","","-14.20","49","765","1020","","","","1.60","","NE","Небольшая облачность","2026-01-21 21:12"
"-9.60","","-14.20","49","765","1020","","","","1.20","","NE","Небольшая облачность","2026-01-21 21:13"
"-9.70","","-14.30","49","765","1020","","","","1.60","","NE","Небольшая облачность","2026-01-21 21:14"
"-9.60","","-14.20","49","765","1020","","","","1.50","","NE","Небольшая облачность","2026-01-21 21:15"
"-9.70","","-14.30","49","765","1020","","","","1.50","","NE","Небольшая облачность","2026-01-21 21:16"
"-9.70","","-14.30","49","765","1020","","","","1.50","","NE","Небольшая облачность","2026-01-21 21:17"
"-9.70","","-13.70","49","765","1020","","","","1.20","","NE","Небольшая облачность","2026-01-21 21:18"
"-9.70","","-13.70","49","765","1020","","","","1.20","","NE","Небольшая облачность","2026-01-21 21:19"
"-9.70","","-14.30","49","765","1020","","","","1.60","","NE","Небольшая облачность","2026-01-21 21:20"
"-9.70","","-14.30","49","765","1020","","","","1.60","","NE","Небольшая облачность","2026-01-21 21:21"
"-9.70","","-13.90","49","765","1021","","","","1.00","","NE","Небольшая облачность","2026-01-21 21:22"
"-9.80","","-14.00","49","765","1021","","","","0.90","","NE","Небольшая облачность","2026-01-21 21:23"
"-9.80","","-14.00","49","765","1021","","","","0.40","","NE","Небольшая облачность","2026-01-21 21:24"
"-9.70","","-13.50","49","765","1021","","","","0.40","","NE","Небольшая облачность","2026-01-21 21:25"
"-9.70","","-13.50","49","765","1021","","","","0.40","","NE","Небольшая облачность","2026-01-21 21:26"
"-9.70","","-13.50","50","765","1021","","","","0.40","","NE","Небольшая облачность","2026-01-21 21:27"
"-9.70","","-13.20","50","765","1021","","","","0.00","","NE","Небольшая облачность","2026-01-21 21:28"
"-9.70","","-13.20","50","765","1021","","","","0.00","","NE","Небольшая облачность","2026-01-21 21:29"
"-9.70","","-13.20","50","765","1021","","","","0.00","","NE","Небольшая облачность","2026-01-21 21:30"
"-9.70","","-13.20","50","765","1021","","","","0.00","","NE","Небольшая облачность","2026-01-21 21:31"
"-9.60","","-13.10","50","765","1021","","","","0.00","","NE","Небольшая облачность","2026-01-21 21:32"
"-9.60","","-13.10","50","765","1021","","","","0.60","","NE","Небольшая облачность","2026-01-21 21:33"
"-9.70","","-13.50","50","765","1021","","","","0.40","","NE","Небольшая облачность","2026-01-21 21:34"
"-9.70","","-13.70","50","765","1021","","","","0.70","","NE","Небольшая облачность","2026-01-21 21:35"
"-9.70","","-13.70","50","765","1021","","","","0.00","","NE","Небольшая облачность","2026-01-21 21:36"
"-9.70","","-13.70","50","765","1021","","","","0.00","","NE","Небольшая облачность","2026-01-21 21:37"
"-9.70","","-14.00","50","765","1021","","","","1.10","","NE","Небольшая облачность","2026-01-21 21:38"
"-9.70","","-14.00","50","765","1021","","","","1.10","","NE","Небольшая облачность","2026-01-21 21:39"
"-9.70","","-14.00","50","765","1021","","","","1.10","","NE","Небольшая облачность","2026-01-21 21:40"
"-9.70","","-14.00","50","765","1021","","","","0.90","","NE","Небольшая облачность","2026-01-21 21:41"
"-9.70","","-13.80","50","765","1021","","","","0.60","","NE","Небольшая облачность","2026-01-21 21:42"
"-9.70","","-13.60","50","765","1021","","","","0.60","","NE","Небольшая облачность","2026-01-21 21:43"
"-9.70","","-13.60","50","765","1021","","","","0.60","","NE","Небольшая облачность","2026-01-21 21:44"
"-9.70","","-13.60","50","765","1021","","","","0.90","","NE","Небольшая облачность","2026-01-21 21:45"
"-9.70","","-13.80","50","765","1021","","","","0.90","","NE","Небольшая облачность","2026-01-21 21:46"
"-9.70","","-13.20","50","765","1021","","","","0.00","","NE","Небольшая облачность","2026-01-21 21:47"
"-9.70","","-13.90","50","765","1021","","","","1.00","","NE","Небольшая облачность","2026-01-21 21:48"
"-9.70","","-13.90","50","765","1021","","","","0.50","","NE","Небольшая облачность","2026-01-21 21:49"
"-9.70","","-13.50","50","765","1021","","","","0.40","","NE","Небольшая облачность","2026-01-21 21:50"
"-9.70","","-13.20","50","765","1021","","","","0.00","","NE","Небольшая облачность","2026-01-21 21:51"
"-9.70","","-13.80","50","765","1021","","","","0.70","","NE","Небольшая облачность","2026-01-21 21:52"
"-9.80","","-13.80","49","765","1021","","","","0.70","","NE","Небольшая облачность","2026-01-21 21:53"
"-9.80","","-13.80","49","765","1021","","","","0.00","","NE","Небольшая облачность","2026-01-21 21:54"
"-9.80","","-13.80","49","765","1021","","","","0.50","","NE","Небольшая облачность","2026-01-21 21:55"
"-9.80","","-13.70","49","765","1021","","","","0.60","","NE","Небольшая облачность","2026-01-21 21:56"
"-9.80","","-13.70","49","765","1021","","","","0.70","","NE","Небольшая облачность","2026-01-21 21:57"
"-9.80","","-13.70","49","765","1021","","","","0.90","","NE","Небольшая облачность","2026-01-21 21:58"
"-9.80","","-14.10","49","765","1021","","","","1.10","","NE","Небольшая облачность","2026-01-21 21:59"
"-9.80","","-14.10","49","765","1021","","","","1.10","","NE","Небольшая облачность","2026-01-21 22:00"
"-9.90","","-14.60","49","765","1021","","","","1.60","","NE","Небольшая облачность","2026-01-21 22:01"
"-9.90","","-14.60","49","765","1021","","","","0.90","","NE","Небольшая облачность","2026-01-21 22:02"
"-9.90","","-13.90","49","765","1021","","","","0.60","","NE","Небольшая облачность","2026-01-21 22:03"
"-9.90","","-13.80","49","765","1021","","","","0.50","","NE","Небольшая облачность","2026-01-21 22:04"
"-9.90","","-13.80","49","765","1021","","","","0.50","","NE","Небольшая облачность","2026-01-21 22:05"
"-9.90","","-13.40","49","766","1022","","","","0.00","","NE","Небольшая облачность","2026-01-21 22:06"
"-9.90","","-13.70","49","766","1022","","","","0.40","","NE","Небольшая облачность","2026-01-21 22:07"
"-9.90","","-13.90","49","766","1022","","","","0.60","","NE","Небольшая облачность","2026-01-21 22:08"
"-9.90","","-14.10","49","766","1022","","","","0.90","","NE","Небольшая облачность","2026-01-21 22:09"
"-9.90","","-14.10","49","766","1022","","","","1.00","","NE","Небольшая облачность","2026-01-21 22:10"
"-9.90","","-13.70","49","766","1022","","","","0.40","","NE","Небольшая облачность","2026-01-21 22:11"
"-9.90","","-13.70","49","766","1022","","","","0.40","","NE","Небольшая облачность","2026-01-21 22:12"
"-9.90","","-13.80","49","766","1022","","","","0.50","","NE","Небольшая облачность","2026-01-21 22:13"
"-9.90","","-13.80","49","766","1022","","","","0.90","","NE","Небольшая облачность","2026-01-21 22:14"
"-9.90","","-14.10","49","766","1022","","","","0.90","","NE","Небольшая облачность","2026-01-21 22:15"
"-9.90","","-14.10","49","766","1022","","","","0.90","","NE","Небольшая облачность","2026-01-21 22:16"
"-9.90","","-14.10","49","766","1022","","","","0.90","","NE","Небольшая облачность","2026-01-21 22:17"
"-9.90","","-14.10","49","766","1022","","","","0.90","","NE","Небольшая облачность","2026-01-21 22:18"
"-9.90","","-14.10","49","766","1022","","","","0.60","","NE","Небольшая облачность","2026-01-21 22:19"
"-10.00","","-14.20","49","766","1022","","","","1.00","","NE","Небольшая облачность","2026-01-21 22:20"
"-10.00","","-14.20","49","766","1022","","","","0.90","","NE","Небольшая облачность","2026-01-21 22:21"
"-10.00","","-14.20","49","766","1022","","","","1.00","","NE","Небольшая облачность","2026-01-21 22:22"
"-10.00","","-14.00","49","766","1022","","","","0.60","","NE","Небольшая облачность","2026-01-21 22:23"
"-10.00","","-14.00","49","766","1022","","","","0.60","","NE","Небольшая облачность","2026-01-21 22:24"
"-10.00","","-13.80","49","766","1022","","","","0.40","","NE","Небольшая облачность","2026-01-21 22:25"
"-10.00","","-13.80","49","766","1022","","","","0.70","","NE","Небольшая облачность","2026-01-21 22:26"
"-10.00","","-13.80","49","766","1022","","","","0.70","","NE","Небольшая облачность","2026-01-21 22:27"
"-10.00","","-14.20","49","766","1022","","","","0.90","","NE","Небольшая облачность","2026-01-21 22:28"
"-10.00","","-14.50","49","766","1022","","","","1.40","","NE","Небольшая облачность","2026-01-21 22:29"
"-10.10","","-14.30","49","766","1022","","","","1.00","","NE","Небольшая облачность","2026-01-21 22:30"
"-10.10","","-14.30","49","766","1022","","","","1.00","","NE","Небольшая облачность","2026-01-21 22:31"
"-10.10","","-14.30","49","766","1022","","","","0.90","","NE","Небольшая облачность","2026-01-21 22:32"
"-10.20","","-14.70","49","766","1022","","","","1.30","","NE","Небольшая облачность","2026-01-21 22:33"
"-10.20","","-14.60","49","766","1022","","","","1.40","","NE","Небольшая облачность","2026-01-21 22:34"
"-10.20","","-14.70","49","766","1022","","","","1.40","","NE","Небольшая облачность","2026-01-21 22:35"
"-10.20","","-14.20","49","766","1022","","","","0.60","","NE","Небольшая облачность","2026-01-21 22:36"
"-10.20","","-14.20","49","766","1022","","","","0.60","","NE","Небольшая облачность","2026-01-21 22:37"
"-10.10","","-13.60","49","766","1022","","","","0.00","","NE","Небольшая облачность","2026-01-21 22:38"
"-10.10","","-13.60","49","766","1022","","","","0.00","","NE","Небольшая облачность","2026-01-21 22:39"
"-10.10","","-13.60","49","766","1022","","","","0.00","","NE","Небольшая облачность","2026-01-21 22:40"
"-10.10","","-13.60","49","766","1022","","","","0.00","","NE","Небольшая облачность","2026-01-21 22:41"
"-10.20","","-13.70","49","766","1022","","","","0.00","","NE","Небольшая облачность","2026-01-21 22:42"
"-10.20","","-13.70","49","766","1022","","","","0.00","","NE","Небольшая облачность","2026-01-21 22:43"
"-10.20","","-13.70","49","766","1022","","","","0.40","","NE","Небольшая облачность","2026-01-21 22:44"
"-10.20","","-14.00","49","766","1022","","","","0.40","","NE","Небольшая облачность","2026-01-21 22:45"
"-10.20","","-14.10","49","766","1022","","","","0.50","","NE","Небольшая облачность","2026-01-21 22:46"
"-10.20","","-14.10","49","766","1022","","","","0.50","","NE","Небольшая облачность","2026-01-21 22:47"
"-10.20","","-14.10","49","766","1022","","","","0.50","","NE","Небольшая облачность","2026-01-21 22:48"
"-10.20","","-13.70","49","766","1022","","","","0.00","","NE","Небольшая облачность","2026-01-21 22:49"
"-10.20","","-14.00","49","766","1022","","","","0.40","","NE","Небольшая облачность","2026-01-21 22:50"
"-10.20","","-14.00","49","766","1022","","","","0.40","","NE","Небольшая облачность","2026-01-21 22:51"
"-10.20","","-14.40","49","766","1022","","","","1.00","","NE","Небольшая облачность","2026-01-21 22:52"
"-10.20","","-14.90","49","766","1022","","","","1.60","","NE","Небольшая облачность","2026-01-21 22:53"
"-10.30","","-14.70","49","766","1022","","","","1.20","","NE","Небольшая облачность","2026-01-21 22:54"
"-10.30","","-14.60","49","766","1022","","","","1.10","","NE","Небольшая облачность","2026-01-21 22:55"
"-10.30","","-14.30","49","766","1022","","","","0.60","","NE","Небольшая облачность","2026-01-21 22:56"
"-10.30","","-14.60","48","766","1022","","","","1.10","","NE","Небольшая облачность","2026-01-21 22:57"
"-10.30","","-14.70","48","766","1022","","","","1.20","","NE","Небольшая облачность","2026-01-21 22:58"
"-10.30","","-14.70","48","766","1022","","","","1.50","","NE","Небольшая облачность","2026-01-21 22:59"
"-10.30","","-14.90","48","766","1022","","","","1.00","","NE","Небольшая облачность","2026-01-21 23:00"
"-10.30","","-14.10","48","766","1022","","","","0.40","","NE","Небольшая облачность","2026-01-21 23:01"
"-10.30","","-14.10","48","766","1022","","","","0.40","","NE","Небольшая облачность","2026-01-21 23:02"
"-10.30","","-14.50","48","766","1022","","","","0.90","","NE","Небольшая облачность","2026-01-21 23:03"
"-10.40","","-14.90","48","766","1022","","","","1.40","","NE","Небольшая облачность","2026-01-21 23:04"
"-10.40","","-14.70","48","766","1022","","","","1.00","","NE","Небольшая облачность","2026-01-21 23:05"
"-10.40","","-14.70","48","766","1022","","","","0.50","","NE","Небольшая облачность","2026-01-21 23:06"
"-10.40","","-14.40","48","766","1022","","","","0.70","","NE","Небольшая облачность","2026-01-21 23:07"
"-10.40","","-14.40","48","766","1022","","","","0.70","","NE","Небольшая облачность","2026-01-21 23:08"
"-10.40","","-14.90","48","766","1022","","","","1.30","","NE","Небольшая облачность","2026-01-21 23:09"
"-10.40","","-14.30","48","766","1022","","","","0.50","","NE","Небольшая облачность","2026-01-21 23:10"
"-10.40","","-14.30","48","766","1022","","","","0.40","","NE","Небольшая облачность","2026-01-21 23:11"
"-10.40","","-14.00","48","766","1022","","","","0.00","","NE","Небольшая облачность","2026-01-21 23:12"
"-10.40","","-14.00","48","766","1022","","","","0.00","","NE","Небольшая облачность","2026-01-21 23:13"
"-10.40","","-14.00","48","766","1022","","","","0.40","","NE","Небольшая облачность","2026-01-21 23:14"
"-10.40","","-14.20","48","766","1022","","","","0.00","","NE","Небольшая облачность","2026-01-21 23:15"
"-10.40","","-14.00","48","766","1022","","","","0.00","","NE","Небольшая облачность","2026-01-21 23:16"
"-10.40","","-14.00","48","766","1022","","","","0.00","","NE","Небольшая облачность","2026-01-21 23:17"
"-10.40","","-14.00","48","766","1022","","","","0.00","","NE","Небольшая облачность","2026-01-21 23:18"
"-10.40","","-14.00","48","766","1022","","","","0.00","","NE","Небольшая облачность","2026-01-21 23:19"
"-10.30","","-14.20","49","766","1022","","","","0.50","","NE","Небольшая облачность","2026-01-21 23:20"
"-10.30","","-14.10","49","766","1022","","","","0.40","","NE","Небольшая облачность","2026-01-21 23:21"
"-10.30","","-14.20","49","766","1022","","","","0.50","","NE","Небольшая облачность","2026-01-21 23:22"
"-10.30","","-14.20","49","766","1022","","","","0.50","","NE","Небольшая облачность","2026-01-21 23:23"
"-10.30","","-14.30","48","766","1022","","","","0.90","","NE","Небольшая облачность","2026-01-21 23:24"
"-10.30","","-14.50","48","766","1022","","","","1.00","","NE","Небольшая облачность","2026-01-21 23:25"
"-10.30","","-14.50","48","766","1022","","","","1.00","","NE","Небольшая облачность","2026-01-21 23:26"
"-10.40","","-15.10","48","766","1022","","","","1.70","","NE","Небольшая облачность","2026-01-21 23:27"
"-10.40","","-15.00","48","766","1022","","","","1.50","","NE","Небольшая облачность","2026-01-21 23:28"
"-10.40","","-15.00","48","766","1022","","","","0.60","","NE","Небольшая облачность","2026-01-21 23:29"
"-10.50","","-14.50","49","766","1022","","","","0.60","","NE","Небольшая облачность","2026-01-21 23:30"
"-10.50","","-14.50","49","766","1022","","","","0.60","","NE","Небольшая облачность","2026-01-21 23:31"
"-10.50","","-14.80","48","766","1022","","","","1.00","","NE","Небольшая облачность","2026-01-21 23:32"
"-10.50","","-14.80","48","766","1022","","","","1.00","","NE","Небольшая облачность","2026-01-21 23:33"
"-10.50","","-14.80","48","766","1022","","","","1.00","","NE","Небольшая облачность","2026-01-21 23:34"
"-10.60","","-15.10","48","766","1022","","","","1.30","","ENE","Небольшая облачность","2026-01-21 23:35"
"-10.60","","-15.40","48","766","1022","","","","1.70","","ENE","Небольшая облачность","2026-01-21 23:36"
"-10.60","","-15.40","48","766","1022","","","","1.50","","ENE","Небольшая облачность","2026-01-21 23:37"
"-10.60","","-15.10","48","766","1022","","","","1.30","","ENE","Небольшая облачность","2026-01-21 23:38"
"-10.60","","-15.10","48","766","1022","","","","0.70","","ENE","Небольшая облачность","2026-01-21 23:39"
"-10.70","","-14.90","48","766","1022","","","","0.90","","ENE","Небольшая облачность","2026-01-21 23:40"
"-10.70","","-14.70","48","766","1022","","","","0.60","","ENE","Небольшая облачность","2026-01-21 23:41"
"-10.60","","-14.20","48","766","1022","","","","0.00","","ENE","Небольшая облачность","2026-01-21 23:42"
"-10.60","","-14.20","48","766","1022","","","","0.00","","ENE","Небольшая облачность","2026-01-21 23:43"
"-10.60","","-14.20","48","766","1022","","","","0.00","","ENE","Небольшая облачность","2026-01-21 23:44"
"-10.60","","-14.20","48","766","1022","","","","1.00","","ENE","Небольшая облачность","2026-01-21 23:45"
"-10.70","","-15.00","48","766","1022","","","","0.90","","ENE","Небольшая облачность","2026-01-21 23:46"
"-10.70","","-14.90","48","766","1022","","","","0.90","","ENE","Небольшая облачность","2026-01-21 23:47"
"-10.70","","-14.90","48","766","1022","","","","0.90","","ENE","Небольшая облачность","2026-01-21 23:48"
"-10.70","","-14.80","48","766","1022","","","","0.70","","ENE","Небольшая облачность","2026-01-21 23:49"
"-10.70","","-15.00","48","766","1022","","","","1.10","","ENE","Небольшая облачность","2026-01-21 23:50"
"-10.70","","-15.40","48","765","1021","","","","1.60","","ENE","Небольшая облачность","2026-01-21 23:51"
"-10.70","","-15.40","48","765","1021","","","","1.00","","ENE","Небольшая облачность","2026-01-21 23:52"
"-10.70","","-15.40","48","765","1021","","","","1.70","","ENE","Небольшая облачность","2026-01-21 23:53"
"-10.70","","-15.40","48","765","1021","","","","1.70","","ENE","Небольшая облачность","2026-01-21 23:54"
"-10.80","","-15.40","48","765","1021","","","","1.50","","ENE","Небольшая облачность","2026-01-21 23:55"
"-10.80","","-15.00","48","765","1021","","","","0.90","","ENE","Небольшая облачность","2026-01-21 23:56"
"-10.80","","-15.00","48","765","1021","","","","0.90","","ENE","Небольшая облачность","2026-01-21 23:57"
"-10.80","","-15.40","48","765","1021","","","","1.40","","ENE","Небольшая облачность","2026-01-21 23:58"
"-10.80","","-15.20","48","765","1021","","","","1.20","","ENE","Небольшая облачность","2026-01-21 23:59"