"Temp","Temp Water","Temp Feels Like","Humidity","Pressure Mm","Pressure Hpa","Precip Mm","Precip Type","Precip Intensity","Wind Speed Ms","Wind Gust Speed Ms","Wind Dir","Condition","Created At"
"5.00","","2.30","90","766","1022","","","","1.80","","SW","Небольшая облачность","2025-11-29 00:00"
"5.00","","2.30","90","766","1022","","","","1.80","","SW","Небольшая облачность","2025-11-29 00:01"
"5.00","","2.30","90","766","1022","","","","1.80","","SW","Небольшая облачность","2025-11-29 00:02"
"5.00","","2.30","90","766","1022","","","","1.80","","SW","Небольшая облачность","2025-11-29 00:03"
"5.00","","2.30","90","766","1022","","","","1.80","","SW","Небольшая облачность","2025-11-29 00:04"
"5.00","","2.30","90","766","1022","","","","1.80","","SW","Небольшая облачность","2025-11-29 00:05"
"5.00","","2.30","90","765","1021","","","","1.80","","SW","Облачно","2025-11-29 00:06"
"5.00","","2.30","90","765","1021","","","","1.80","","SW","Облачно","2025-11-29 00:07"
"5.00","","2.30","90","765","1021","","","","1.80","","SW","Облачно","2025-11-29 00:08"
"5.00","","2.30","90","765","1021","","","","1.80","","SW","Облачно","2025-11-29 00:09"
"5.00","","2.30","90","765","1021","","","","1.80","","SW","Облачно","2025-11-29 00:10"
"5.00","","2.30","90","765","1021","","","","1.80","","SW","Облачно","2025-11-29 00:11"
"5.00","","2.30","90","765","1021","","","","1.80","","SW","Облачно","2025-11-29 00:12"
"5.00","","2.30","90","765","1021","","","","1.80","","SW","Облачно","2025-11-29 00:13"
"5.00","","2.30","90","765","1021","","","","1.80","","SW","Облачно","2025-11-29 00:14"
"5.00","","2.30","90","765","1021","","","","1.80","","SW","Облачно","2025-11-29 00:15"
"5.00","","2.30","90","765","1021","","","","1.80","","SW","Облачно","2025-11-29 00:16"
"5.00","","2.30","90","765","1021","","","","1.80","","SW","Облачно","2025-11-29 00:17"
"5.00","","2.30","90","765","1021","","","","1.80","","SW","Облачно","2025-11-29 00:18"
"5.00","","2.30","90","765","1021","","","","1.80","","SW","Облачно","2025-11-29 00:19"
"5.00","","2.30","90","765","1021","","","","1.80","","SW","Облачно","2025-11-29 00:20"
"5.00","","2.30","90","766","1022","","","","1.80","","SW","Облачно","2025-11-29 00:21"
"5.00","","2.30","90","766","1022","","","","1.80","","SW","Облачно","2025-11-29 00:22"
"5.00","","2.30","90","766","1022","","","","1.80","","SW","Облачно","2025-11-29 00:23"
"5.00","","2.30","90","766","1022","","","","1.80","","SW","Облачно","2025-11-29 00:24"
"5.00","","2.30","90","766","1022","","","","1.80","","SW","Облачно","2025-11-29 00:25"
"5.00","","2.30","90","766","1022","","","","1.80","","SW","Облачно","2025-11-29 00:26"
"5.00","","2.30","90","766","1022","","","","1.80","","SW","Облачно","2025-11-29 00:27"
"5.00","","2.30","90","766","1022","","","","1.80","","SW","Облачно","2025-11-29 00:28"
"5.00","","2.30","90","766","1022","","","","1.80","","SW","Облачно","2025-11-29 00:29"
"5.00","","2.30","90","766","1022","","","","1.80","","SW","Облачно","2025-11-29 00:30"
"5.00","","2.30","90","766","1022","","","","1.80","","SW","Облачно","2025-11-29 00:31"
"5.00","","2.30","90","766","1022","","","","1.80","","SW","Облачно","2025-11-29 00:32"
"5.00","","2.30","90","766","1022","","","","1.80","","SW","Облачно","2025-11-29 00:33"
"5.00","","2.30","90","766","1022","","","","1.80","","SW","Облачно","2025-11-29 00:34"
"5.00","","2.30","90","766","1022","","","","1.80","","SW","Облачно","2025-11-29 00:35"
"5.00","","2.30","90","765","1021","","","","1.80","","SW","Облачно","2025-11-29 00:36"
"5.00","","2.30","90","765","1021","","","","1.80","","SW","Облачно","2025-11-29 00:37"
"5.00","","2.30","90","765","1021","","","","1.80","","SW","Облачно","2025-11-29 00:38"
"5.00","","2.30","90","765","1021","","","","1.80","","SW","Облачно","2025-11-29 00:39"
"5.00","","2.30","90","765","1021","","","","1.80","","SW","Облачно","2025-11-29 00:40"
"5.00","","2.30","90","765","1021","","","","1.80","","SW","Облачно","2025-11-29 00:41"
"5.00","","2.30","90","765","1021","","","","1.80","","SW","Облачно","2025-11-29 00:42"
"5.00","","2.30","90","765","1021","","","","1.80","","SW","Облачно","2025-11-29 00:43"
"5.00","","2.30","90","765","1021","","","","1.80","","SW","Облачно","2025-11-29 00:44"
"5.00","","2.30","90","765","1021","","","","1.80","","SW","Облачно","2025-11-29 00:45"
"5.00","","2.30","90","765","1021","","","","1.80","","SW","Облачно","2025-11-29 00:46"
"5.00","","2.30","90","765","1021","","","","1.80","","SW","Облачно","2025-11-29 00:47"
"5.00","","2.30","90","765","1021","","","","1.80","","SW","Облачно","2025-11-29 00:48"
"5.00","","2.30","90","765","1021","","","","1.80","","SW","Облачно","2025-11-29 00:49"
"5.00","","2.30","90","765","1021","","","","1.80","","SW","Облачно","2025-11-29 00:50"
"5.00","","2.30","90","766","1022","","","","1.80","","SW","Облачно","2025-11-29 00:51"
"5.00","","2.30","90","766","1022","","","","1.80","","SW","Облачно","2025-11-29 00:52"
"5.00","","2.30","90","766","1022","","","","1.80","","SW","Облачно","2025-11-29 00:53"
"5.00","","2.30","90","766","1022","","","","1.80","","SW","Облачно","2025-11-29 00:54"
"5.00","","2.30","90","766","1022","","","","1.80","","SW","Облачно","2025-11-29 00:55"
"5.00","","2.30","90","766","1022","","","","1.80","","SW","Облачно","2025-11-29 00:56"
"5.00","","2.30","90","766","1022","","","","1.80","","SW","Облачно","2025-11-29 00:57"
"5.00","","2.30","90","766","1022","","","","1.80","","SW","Облачно","2025-11-29 00:58"
"5.00","","2.30","90","766","1022","","","","1.80","","SW","Облачно","2025-11-29 00:59"
"5.00","","2.30","90","766","1022","","","","1.80","","SW","Облачно","2025-11-29 01:00"
"5.00","","2.30","90","766","1022","","","","1.80","","SW","Облачно","2025-11-29 01:01"
"5.00","","2.30","90","766","1022","","","","1.80","","SW","Облачно","2025-11-29 01:02"
"5.00","","2.30","90","766","1022","","","","1.80","","SW","Облачно","2025-11-29 01:03"
"5.00","","2.30","90","766","1022","","","","1.80","","SW","Облачно","2025-11-29 01:04"
"5.00","","2.30","90","766","1022","","","","1.80","","SW","Облачно","2025-11-29 01:05"
"5.00","","2.30","90","766","1022","","","","1.80","","SW","Облачно","2025-11-29 01:06"
"5.00","","2.30","90","766","1022","","","","1.80","","SW","Облачно","2025-11-29 01:07"
"5.00","","2.30","90","766","1022","","","","1.80","","SW","Облачно","2025-11-29 01:08"
"5.00","","2.30","90","766","1022","","","","1.80","","SW","Облачно","2025-11-29 01:09"
"5.00","","2.30","90","766","1022","","","","1.80","","SW","Облачно","2025-11-29 01:10"
"5.00","","2.30","90","766","1022","","","","1.80","","SW","Облачно","2025-11-29 01:11"
"5.00","","2.30","90","766","1022","","","","1.80","","SW","Облачно","2025-11-29 01:12"
"5.00","","2.30","90","766","1022","","","","1.80","","SW","Облачно","2025-11-29 01:13"
"5.00","","2.30","90","766","1022","","","","1.80","","SW","Облачно","2025-11-29 01:14"
"5.00","","2.30","90","766","1022","","","","1.80","","SW","Облачно","2025-11-29 01:15"
"5.00","","2.30","90","766","1022","","","","1.80","","SW","Облачно","2025-11-29 01:16"
"5.00","","2.30","90","766","1022","","","","1.80","","SW","Облачно","2025-11-29 01:17"
"5.00","","2.30","90","766","1022","","","","1.80","","SW","Облачно","2025-11-29 01:18"
"5.00","","2.30","90","766","1022","","","","1.80","","SW","Облачно","2025-11-29 01:19"
"5.00","","2.30","90","766","1022","","","","1.80","","SW","Облачно","2025-11-29 01:20"
"5.00","","2.30","90","766","1022","","","","1.80","","SW","Облачно","2025-11-29 01:21"
"5.00","","2.30","90","766","1022","","","","1.80","","SW","Облачно","2025-11-29 01:22"
"5.00","","2.30","90","766","1022","","","","1.80","","SW","Облачно","2025-11-29 01:23"
"5.00","","2.30","90","766","1022","","","","1.80","","SW","Облачно","2025-11-29 01:24"
"5.00","","2.30","90","766","1022","","","","1.80","","SW","Облачно","2025-11-29 01:25"
"5.00","","2.30","90","766","1022","","","","1.80","","SW","Облачно","2025-11-29 01:26"
"5.00","","2.30","90","766","1022","","","","1.80","","SW","Облачно","2025-11-29 01:27"
"5.00","","2.30","90","766","1022","","","","1.80","","SW","Облачно","2025-11-29 01:28"
"5.00","","2.30","90","766","1022","","","","1.80","","SW","Облачно","2025-11-29 01:29"
"5.00","","2.30","90","766","1022","","","","1.80","","SW","Облачно","2025-11-29 01:30"
"5.00","","2.30","90","766","1022","","","","1.80","","SW","Облачно","2025-11-29 01:31"
"5.00","","2.30","90","766","1022","","","","1.80","","SW","Облачно","2025-11-29 01:32"
"5.00","","2.30","90","766","1022","","","","1.80","","SW","Облачно","2025-11-29 01:33"
"5.00","","2.30","90","766","1022","","","","1.80","","SW","Облачно","2025-11-29 01:34"
"5.00","","2.30","90","766","1022","","","","1.80","","SW","Облачно","2025-11-29 01:35"
"5.00","","2.30","90","766","1022","","","","1.80","","SW","Облачно","2025-11-29 01:36"
"5.00","","2.30","90","766","1022","","","","1.80","","SW","Облачно","2025-11-29 01:37"
"5.00","","2.30","90","766","1022","","","","1.80","","SW","Облачно","2025-11-29 01:38"
"5.00","","2.30","90","766","1022","","","","1.80","","SW","Облачно","2025-11-29 01:39"
"5.00","","2.30","90","766","1022","","","","1.80","","SW","Облачно","2025-11-29 01:40"
"5.00","","2.30","90","766","1022","","","","1.80","","SW","Облачно","2025-11-29 01:41"
"5.00","","2.30","90","766","1022","","","","1.80","","SW","Облачно","2025-11-29 01:42"
"5.00","","2.30","90","766","1022","","","","1.80","","SW","Облачно","2025-11-29 01:43"
"5.00","","2.30","90","766","1022","","","","1.80","","SW","Облачно","2025-11-29 01:44"
"5.00","","2.30","90","766","1022","","","","1.80","","SW","Облачно","2025-11-29 01:45"
"5.00","","2.30","90","766","1022","","","","1.80","","SW","Облачно","2025-11-29 01:46"
"5.00","","2.30","90","766","1022","","","","1.80","","SW","Облачно","2025-11-29 01:47"
"5.00","","2.30","90","766","1022","","","","1.80","","SW","Облачно","2025-11-29 01:48"
"5.00","","2.30","90","766","1022","","","","1.80","","SW","Облачно","2025-11-29 01:49"
"5.00","","2.30","90","766","1022","","","","1.80","","SW","Облачно","2025-11-29 01:50"
"5.00","","2.30","90","766","1022","","","","1.80","","SW","Облачно","2025-11-29 01:51"
"5.00","","2.30","90","766","1022","","","","1.80","","SW","Облачно","2025-11-29 01:52"
"5.00","","2.30","90","766","1022","","","","1.80","","SW","Облачно","2025-11-29 01:53"
"5.00","","2.30","90","766","1022","","","","1.80","","SW","Облачно","2025-11-29 01:54"
"5.00","","2.30","90","766","1022","","","","1.80","","SW","Облачно","2025-11-29 01:55"
"5.00","","2.30","90","766","1022","","","","1.80","","SW","Облачно","2025-11-29 01:56"
"5.00","","2.30","90","766","1022","","","","1.80","","SW","Облачно","2025-11-29 01:57"
"5.00","","2.30","90","766","1022","","","","1.80","","SW","Облачно","2025-11-29 01:58"
"5.00","","2.30","90","766","1022","","","","1.80","","SW","Облачно","2025-11-29 01:59"
"5.00","","2.30","90","766","1022","","","","1.80","","SW","Облачно","2025-11-29 02:00"
"5.00","","2.30","90","766","1022","","","","1.80","","SW","Облачно","2025-11-29 02:01"
"5.00","","2.30","90","766","1022","","","","1.80","","SW","Облачно","2025-11-29 02:02"
"5.00","","2.30","90","766","1022","","","","1.80","","SW","Облачно","2025-11-29 02:03"
"5.00","","2.30","90","766","1022","","","","1.80","","SW","Облачно","2025-11-29 02:04"
"5.00","","2.30","90","766","1022","","","","1.80","","SW","Облачно","2025-11-29 02:05"
"5.00","","2.30","90","767","1023","","","","1.80","","SW","Облачно","2025-11-29 02:06"
"5.00","","2.30","90","767","1023","","","","1.80","","SW","Облачно","2025-11-29 02:07"
"5.00","","2.30","90","767","1023","","","","1.80","","SW","Облачно","2025-11-29 02:08"
"5.00","","2.30","90","767","1023","","","","1.80","","SW","Облачно","2025-11-29 02:09"
"5.00","","2.30","90","767","1023","","","","1.80","","SW","Облачно","2025-11-29 02:10"
"5.00","","2.30","90","767","1023","","","","1.80","","SW","Облачно","2025-11-29 02:11"
"5.00","","2.30","90","767","1023","","","","1.80","","SW","Облачно","2025-11-29 02:12"
"5.00","","2.30","90","767","1023","","","","1.80","","SW","Облачно","2025-11-29 02:13"
"5.00","","2.30","90","767","1023","","","","1.80","","SW","Облачно","2025-11-29 02:14"
"5.00","","2.30","90","767","1023","","","","1.80","","SW","Облачно","2025-11-29 02:15"
"5.00","","2.30","90","767","1023","","","","1.80","","SW","Облачно","2025-11-29 02:16"
"5.00","","2.30","90","767","1023","","","","1.80","","SW","Облачно","2025-11-29 02:17"
"5.00","","2.30","90","767","1023","","","","1.80","","SW","Облачно","2025-11-29 02:18"
"5.00","","2.30","90","767","1023","","","","1.80","","SW","Облачно","2025-11-29 02:19"
"5.00","","2.30","90","767","1023","","","","1.80","","SW","Облачно","2025-11-29 02:20"
"5.00","","2.30","90","766","1022","","","","1.80","","SW","Облачно","2025-11-29 02:21"
"5.00","","2.30","90","766","1022","","","","1.80","","SW","Облачно","2025-11-29 02:22"
"5.00","","2.30","90","766","1022","","","","1.80","","SW","Облачно","2025-11-29 02:23"
"5.00","","2.30","90","766","1022","","","","1.80","","SW","Облачно","2025-11-29 02:24"
"5.00","","2.30","90","766","1022","","","","1.80","","SW","Облачно","2025-11-29 02:25"
"5.00","","2.30","90","766","1022","","","","1.80","","SW","Облачно","2025-11-29 02:26"
"5.00","","2.30","90","766","1022","","","","1.80","","SW","Облачно","2025-11-29 02:27"
"5.00","","2.30","90","766","1022","","","","1.80","","SW","Облачно","2025-11-29 02:28"
"5.00","","2.30","90","766","1022","","","","1.80","","SW","Облачно","2025-11-29 02:29"
"5.00","","2.30","90","766","1022","","","","1.80","","SW","Облачно","2025-11-29 02:30"
"5.00","","2.30","90","766","1022","","","","1.80","","SW","Облачно","2025-11-29 02:31"
"5.00","","2.30","90","766","1022","","","","1.80","","SW","Облачно","2025-11-29 02:32"
"5.00","","2.30","90","766","1022","","","","1.80","","SW","Облачно","2025-11-29 02:33"
"5.00","","2.30","90","766","1022","","","","1.80","","SW","Облачно","2025-11-29 02:34"
"5.00","","2.30","90","766","1022","","","","1.80","","SW","Облачно","2025-11-29 02:35"
"5.00","","2.30","90","766","1022","","","","1.80","","SW","Облачно","2025-11-29 02:36"
"5.00","","2.30","90","766","1022","","","","1.80","","SW","Облачно","2025-11-29 02:37"
"5.00","","2.30","90","766","1022","","","","1.80","","SW","Облачно","2025-11-29 02:38"
"5.00","","2.30","90","766","1022","","","","1.80","","SW","Облачно","2025-11-29 02:39"
"5.00","","2.30","90","766","1022","","","","1.80","","SW","Облачно","2025-11-29 02:40"
"5.00","","2.30","90","766","1022","","","","1.80","","SW","Облачно","2025-11-29 02:41"
"5.00","","2.30","90","766","1022","","","","1.80","","SW","Облачно","2025-11-29 02:42"
"5.00","","2.30","90","766","1022","","","","1.80","","SW","Облачно","2025-11-29 02:43"
"5.00","","2.30","90","766","1022","","","","1.80","","SW","Облачно","2025-11-29 02:44"
"5.00","","2.30","90","766","1022","","","","1.80","","SW","Облачно","2025-11-29 02:45"
"5.00","","2.30","90","766","1022","","","","1.80","","SW","Облачно","2025-11-29 02:46"
"5.00","","2.30","90","766","1022","","","","1.80","","SW","Облачно","2025-11-29 02:47"
"5.00","","2.30","90","766","1022","","","","1.80","","SW","Облачно","2025-11-29 02:48"
"5.00","","2.30","90","766","1022","","","","1.80","","SW","Облачно","2025-11-29 02:49"
"5.00","","2.30","90","766","1022","","","","1.80","","SW","Облачно","2025-11-29 02:50"
"5.00","","2.30","90","766","1022","","","","1.80","","SW","Облачно","2025-11-29 02:51"
"5.00","","2.30","90","766","1022","","","","1.80","","SW","Облачно","2025-11-29 02:52"
"5.00","","2.30","90","766","1022","","","","1.80","","SW","Облачно","2025-11-29 02:53"
"5.00","","2.30","90","766","1022","","","","1.80","","SW","Облачно","2025-11-29 02:54"
"5.00","","2.30","90","766","1022","","","","1.80","","SW","Облачно","2025-11-29 02:55"
"5.00","","2.30","90","766","1022","","","","1.80","","SW","Облачно","2025-11-29 02:56"
"5.00","","2.30","90","766","1022","","","","1.80","","SW","Облачно","2025-11-29 02:57"
"5.00","","2.30","90","766","1022","","","","1.80","","SW","Облачно","2025-11-29 02:58"
"5.00","","2.30","90","766","1022","","","","1.80","","SW","Облачно","2025-11-29 02:59"
"5.00","","2.30","90","766","1022","","","","1.80","","SW","Облачно","2025-11-29 03:00"
"5.00","","2.30","90","766","1022","","","","1.80","","SW","Облачно","2025-11-29 03:01"
"5.00","","2.30","90","766","1022","","","","1.80","","SW","Облачно","2025-11-29 03:02"
"5.00","","2.30","90","766","1022","","","","1.80","","SW","Облачно","2025-11-29 03:03"
"5.00","","2.30","90","766","1022","","","","1.80","","SW","Облачно","2025-11-29 03:04"
"5.00","","2.30","90","766","1022","","","","1.80","","SW","Облачно","2025-11-29 03:05"
"5.00","","2.30","90","766","1022","","","","1.80","","SW","Облачно","2025-11-29 03:06"
"5.00","","2.30","90","766","1022","","","","1.80","","SW","Облачно","2025-11-29 03:07"
"5.00","","2.30","90","766","1022","","","","1.80","","SW","Облачно","2025-11-29 03:08"
"5.00","","2.30","90","766","1022","","","","1.80","","SW","Облачно","2025-11-29 03:09"
"5.00","","2.30","90","766","1022","","","","1.80","","SW","Облачно","2025-11-29 03:10"
"5.00","","2.30","90","766","1022","","","","1.80","","SW","Облачно","2025-11-29 03:11"
"5.00","","2.30","90","766","1022","","","","1.80","","SW","Облачно","2025-11-29 03:12"
"5.00","","2.30","90","766","1022","","","","1.80","","SW","Облачно","2025-11-29 03:13"
"5.00","","2.30","90","766","1022","","","","1.80","","SW","Облачно","2025-11-29 03:14"
"5.00","","2.30","90","766","1022","","","","1.80","","SW","Облачно","2025-11-29 03:15"
"5.00","","2.30","90","766","1022","","","","1.80","","SW","Облачно","2025-11-29 03:16"
"5.00","","2.30","90","766","1022","","","","1.80","","SW","Облачно","2025-11-29 03:17"
"5.00","","2.30","90","766","1022","","","","1.80","","SW","Облачно","2025-11-29 03:18"
"5.00","","2.30","90","766","1022","","","","1.80","","SW","Облачно","2025-11-29 03:19"
"5.00","","2.30","90","766","1022","","","","1.80","","SW","Облачно","2025-11-29 03:20"
"5.00","","2.30","90","766","1022","","","","1.80","","SW","Облачно","2025-11-29 03:21"
"5.00","","2.30","90","766","1022","","","","1.80","","SW","Облачно","2025-11-29 03:22"
"5.00","","2.30","90","766","1022","","","","1.80","","SW","Облачно","2025-11-29 03:23"
"5.00","","2.30","90","766","1022","","","","1.80","","SW","Облачно","2025-11-29 03:24"
"5.00","","2.30","90","766","1022","","","","1.80","","SW","Облачно","2025-11-29 03:25"
"5.00","","2.30","90","766","1022","","","","1.80","","SW","Облачно","2025-11-29 03:26"
"5.00","","2.30","90","766","1022","","","","1.80","","SW","Облачно","2025-11-29 03:27"
"5.00","","2.30","90","766","1022","","","","1.80","","SW","Облачно","2025-11-29 03:28"
"5.00","","2.30","90","766","1022","","","","1.80","","SW","Облачно","2025-11-29 03:29"
"5.00","","2.30","90","766","1022","","","","1.80","","SW","Облачно","2025-11-29 03:30"
"5.00","","2.30","90","766","1022","","","","1.80","","SW","Облачно","2025-11-29 03:31"
"5.00","","2.30","90","766","1022","","","","1.80","","SW","Облачно","2025-11-29 03:32"
"5.00","","2.30","90","766","1022","","","","1.80","","SW","Облачно","2025-11-29 03:33"
"5.00","","2.30","90","766","1022","","","","1.80","","SW","Облачно","2025-11-29 03:34"
"5.00","","2.30","90","766","1022","","","","1.80","","SW","Облачно","2025-11-29 03:35"
"5.00","","2.30","90","766","1022","","","","1.80","","SW","Небольшая облачность","2025-11-29 03:36"
"5.00","","2.30","90","766","1022","","","","1.80","","SW","Небольшая облачность","2025-11-29 03:37"
"5.00","","2.30","90","766","1022","","","","1.80","","SW","Небольшая облачность","2025-11-29 03:38"
"5.00","","2.30","90","766","1022","","","","1.80","","SW","Небольшая облачность","2025-11-29 03:39"
"5.00","","2.30","90","766","1022","","","","1.80","","SW","Небольшая облачность","2025-11-29 03:40"
"5.00","","2.30","90","766","1022","","","","1.80","","SW","Небольшая облачность","2025-11-29 03:41"
"5.00","","2.30","90","766","1022","","","","1.80","","SW","Небольшая облачность","2025-11-29 03:42"
"5.00","","2.30","90","766","1022","","","","1.80","","SW","Небольшая облачность","2025-11-29 03:43"
"5.00","","2.30","90","766","1022","","","","1.80","","SW","Небольшая облачность","2025-11-29 03:44"
"5.00","","2.30","90","766","1022","","","","1.80","","SW","Небольшая облачность","2025-11-29 03:45"
"5.00","","2.30","90","766","1022","","","","1.80","","SW","Небольшая облачность","2025-11-29 03:46"
"5.00","","2.30","90","766","1022","","","","1.80","","SW","Небольшая облачность","2025-11-29 03:47"
"5.00","","2.30","90","766","1022","","","","1.80","","SW","Небольшая облачность","2025-11-29 03:48"
"5.00","","2.30","90","766","1022","","","","1.80","","SW","Небольшая облачность","2025-11-29 03:49"
"5.00","","2.30","90","766","1022","","","","1.80","","SW","Небольшая облачность","2025-11-29 03:50"
"5.00","","2.30","90","766","1022","","","","1.80","","SW","Небольшая облачность","2025-11-29 03:51"
"5.00","","2.30","90","765","1021","","","","1.80","","SW","Небольшая облачность","2025-11-29 03:52"
"5.00","","2.30","90","765","1021","","","","1.80","","SW","Небольшая облачность","2025-11-29 03:53"
"5.00","","2.30","90","765","1021","","","","1.80","","SW","Небольшая облачность","2025-11-29 03:54"
"5.00","","2.30","90","765","1021","","","","1.80","","SW","Небольшая облачность","2025-11-29 03:55"
"5.00","","2.30","90","765","1021","","","","1.80","","SW","Небольшая облачность","2025-11-29 03:56"
"5.00","","2.30","90","765","1021","","","","1.80","","SW","Небольшая облачность","2025-11-29 03:57"
"5.00","","2.30","90","765","1021","","","","1.80","","SW","Небольшая облачность","2025-11-29 03:58"
"5.00","","2.30","90","765","1021","","","","1.80","","SW","Небольшая облачность","2025-11-29 03:59"
"5.00","","2.30","90","765","1021","","","","1.80","","SW","Небольшая облачность","2025-11-29 04:00"
"5.00","","2.30","90","765","1021","","","","1.80","","SW","Небольшая облачность","2025-11-29 04:01"
"5.00","","2.30","90","765","1021","","","","1.80","","SW","Небольшая облачность","2025-11-29 04:02"
"5.00","","2.30","90","765","1021","","","","1.80","","SW","Небольшая облачность","2025-11-29 04:03"
"5.00","","2.30","90","765","1021","","","","1.80","","SW","Небольшая облачность","2025-11-29 04:04"
"5.00","","2.30","90","765","1021","","","","1.80","","SW","Небольшая облачность","2025-11-29 04:05"
"5.00","","2.30","90","765","1021","","","","1.80","","SW","Небольшая облачность","2025-11-29 04:06"
"5.00","","2.30","90","766","1022","","","","1.80","","SW","Небольшая облачность","2025-11-29 04:07"
"5.00","","2.30","90","766","1022","","","","1.80","","SW","Небольшая облачность","2025-11-29 04:08"
"5.00","","2.30","90","766","1022","","","","1.80","","SW","Небольшая облачность","2025-11-29 04:09"
"5.00","","2.30","90","766","1022","","","","1.80","","SW","Небольшая облачность","2025-11-29 04:10"
"5.00","","2.30","90","766","1022","","","","1.80","","SW","Небольшая облачность","2025-11-29 04:11"
"5.00","","2.30","90","766","1022","","","","1.80","","SW","Небольшая облачность","2025-11-29 04:12"
"5.00","","2.30","90","766","1022","","","","1.80","","SW","Небольшая облачность","2025-11-29 04:13"
"5.00","","2.30","90","766","1022","","","","1.80","","SW","Небольшая облачность","2025-11-29 04:14"
"5.00","","2.30","90","766","1022","","","","1.80","","SW","Небольшая облачность","2025-11-29 04:15"
"5.00","","2.30","90","766","1022","","","","1.80","","SW","Небольшая облачность","2025-11-29 04:16"
"5.00","","2.30","90","766","1022","","","","1.80","","SW","Небольшая облачность","2025-11-29 04:17"
"5.00","","2.30","90","766","1022","","","","1.80","","SW","Небольшая облачность","2025-11-29 04:18"
"5.00","","2.30","90","766","1022","","","","1.80","","SW","Небольшая облачность","2025-11-29 04:19"
"5.00","","2.30","90","766","1022","","","","1.80","","SW","Небольшая облачность","2025-11-29 04:20"
"5.00","","2.30","90","766","1022","","","","1.80","","SW","Небольшая облачность","2025-11-29 04:21"
"5.00","","2.30","90","766","1022","","","","1.80","","SW","Небольшая облачность","2025-11-29 04:22"
"5.00","","2.30","90","766","1022","","","","1.80","","SW","Небольшая облачность","2025-11-29 04:23"
"5.00","","2.30","90","766","1022","","","","1.80","","SW","Небольшая облачность","2025-11-29 04:24"
"5.00","","2.30","90","766","1022","","","","1.80","","SW","Небольшая облачность","2025-11-29 04:25"
"5.00","","2.30","90","766","1022","","","","1.80","","SW","Небольшая облачность","2025-11-29 04:26"
"5.00","","2.30","90","766","1022","","","","1.80","","SW","Небольшая облачность","2025-11-29 04:27"
"5.00","","2.30","90","766","1022","","","","1.80","","SW","Небольшая облачность","2025-11-29 04:28"
"5.00","","2.30","90","766","1022","","","","1.80","","SW","Небольшая облачность","2025-11-29 04:29"
"5.00","","2.30","90","766","1022","","","","1.80","","SW","Небольшая облачность","2025-11-29 04:30"
"5.00","","2.30","90","766","1022","","","","1.80","","SW","Небольшая облачность","2025-11-29 04:31"
"5.00","","2.30","90","766","1022","","","","1.80","","SW","Небольшая облачность","2025-11-29 04:32"
"5.00","","2.30","90","766","1022","","","","1.80","","SW","Небольшая облачность","2025-11-29 04:33"
"5.00","","2.30","90","766","1022","","","","1.80","","SW","Небольшая облачность","2025-11-29 04:34"
"5.00","","2.30","90","766","1022","","","","1.80","","SW","Небольшая облачность","2025-11-29 04:35"
"5.00","","2.30","90","767","1023","","","","1.80","","SW","Небольшая облачность","2025-11-29 04:36"
"5.00","","2.30","90","767","1023","","","","1.80","","SW","Небольшая облачность","2025-11-29 04:37"
"5.00","","2.30","90","767","1023","","","","1.80","","SW","Небольшая облачность","2025-11-29 04:38"
"5.00","","2.30","90","767","1023","","","","1.80","","SW","Небольшая облачность","2025-11-29 04:39"
"5.00","","2.30","90","767","1023","","","","1.80","","SW","Небольшая облачность","2025-11-29 04:40"
"5.00","","2.30","90","767","1023","","","","1.80","","SW","Небольшая облачность","2025-11-29 04:41"
"5.00","","2.30","90","767","1023","","","","1.80","","SW","Небольшая облачность","2025-11-29 04:42"
"5.00","","2.30","90","767","1023","","","","1.80","","SW","Небольшая облачность","2025-11-29 04:43"
"5.00","","2.30","90","767","1023","","","","1.80","","SW","Небольшая облачность","2025-11-29 04:44"
"5.00","","2.30","90","767","1023","","","","1.80","","SW","Небольшая облачность","2025-11-29 04:45"
"5.00","","2.30","90","767","1023","","","","1.80","","SW","Небольшая облачность","2025-11-29 04:46"
"5.00","","2.30","90","767","1023","","","","1.80","","SW","Небольшая облачность","2025-11-29 04:47"
"3.00","","0.00","89","767","1023","","","","1.80","","SW","Небольшая облачность","2025-11-29 04:48"
"3.00","","0.00","89","767","1023","","","","1.80","","SW","Небольшая облачность","2025-11-29 04:49"
"2.90","","-0.20","89","767","1023","","","","1.80","","SW","Небольшая облачность","2025-11-29 04:50"
"2.90","","-0.20","89","767","1023","","","","1.80","","SW","Переменная облачность","2025-11-29 04:51"
"2.90","","-0.20","89","767","1023","","","","1.80","","SW","Переменная облачность","2025-11-29 04:52"
"2.90","","-0.20","89","767","1023","","","","1.80","","SW","Переменная облачность","2025-11-29 04:53"
"2.90","","-0.20","89","767","1023","","","","1.80","","SW","Переменная облачность","2025-11-29 04:54"
"2.90","","-0.20","89","767","1023","","","","1.80","","SW","Переменная облачность","2025-11-29 04:55"
"2.90","","-0.20","89","767","1023","","","","1.80","","SW","Переменная облачность","2025-11-29 04:56"
"2.90","","-0.20","89","767","1023","","","","1.80","","SW","Переменная облачность","2025-11-29 04:57"
"2.90","","-0.20","89","767","1023","","","","1.80","","SW","Переменная облачность","2025-11-29 04:58"
"2.90","","-0.20","89","767","1023","","","","1.80","","SW","Переменная облачность","2025-11-29 04:59"
"2.90","","-0.20","89","767","1023","","","","1.80","","SW","Переменная облачность","2025-11-29 05:00"
"2.90","","-0.20","89","767","1023","","","","1.80","","SW","Переменная облачность","2025-11-29 05:01"
"2.90","","-0.20","89","767","1023","","","","1.80","","SW","Переменная облачность","2025-11-29 05:02"
"2.90","","-0.20","89","767","1023","","","","1.80","","SW","Переменная облачность","2025-11-29 05:03"
"2.90","","-0.20","89","767","1023","","","","1.80","","SW","Переменная облачность","2025-11-29 05:04"
"2.90","","-0.20","89","767","1023","","","","1.80","","SW","Переменная облачность","2025-11-29 05:05"
"2.90","","-0.20","89","767","1023","","","","1.80","","SW","Переменная облачность","2025-11-29 05:06"
"2.90","","-0.20","89","766","1022","","","","1.80","","SW","Переменная облачность","2025-11-29 05:07"
"2.90","","-0.20","89","766","1022","","","","1.80","","SW","Переменная облачность","2025-11-29 05:08"
"3.00","","0.00","89","766","1022","","","","1.80","","SW","Переменная облачность","2025-11-29 05:09"
"3.00","","0.00","89","766","1022","","","","1.80","","SW","Переменная облачность","2025-11-29 05:10"
"3.00","","0.00","89","766","1022","","","","1.80","","SW","Переменная облачность","2025-11-29 05:11"
"3.00","","0.00","89","766","1022","","","","1.80","","SW","Переменная облачность","2025-11-29 05:12"
"3.00","","0.00","89","766","1022","","","","1.80","","SW","Переменная облачность","2025-11-29 05:13"
"3.00","","0.00","89","766","1022","","","","1.80","","SW","Переменная облачность","2025-11-29 05:14"
"2.90","","-0.10","90","766","1022","","","","1.80","","SW","Переменная облачность","2025-11-29 05:15"
"2.90","","-0.10","90","766","1022","","","","1.80","","SW","Переменная облачность","2025-11-29 05:16"
"2.90","","-0.10","90","766","1022","","","","1.80","","SW","Переменная облачность","2025-11-29 05:17"
"2.90","","-0.10","90","766","1022","","","","1.80","","SW","Переменная облачность","2025-11-29 05:18"
"2.90","","-0.10","90","766","1022","","","","1.80","","SW","Переменная облачность","2025-11-29 05:19"
"2.90","","-0.10","90","766","1022","","","","1.80","","SW","Переменная облачность","2025-11-29 05:20"
"2.90","","-0.10","90","766","1022","","","","1.80","","SW","Переменная облачность","2025-11-29 05:21"
"2.90","","-0.10","90","766","1022","","","","1.80","","SW","Переменная облачность","2025-11-29 05:22"
"3.00","","0.00","90","766","1022","","","","1.80","","SW","Переменная облачность","2025-11-29 05:23"
"3.00","","0.00","90","766","1022","","","","1.80","","SW","Переменная облачность","2025-11-29 05:24"
"3.00","","0.00","90","766","1022","","","","1.80","","SW","Переменная облачность","2025-11-29 05:25"
"3.00","","0.00","90","766","1022","","","","1.80","","SW","Переменная облачность","2025-11-29 05:26"
"3.00","","0.00","90","766","1022","","","","1.80","","SW","Переменная облачность","2025-11-29 05:27"
"2.90","","-0.20","89","766","1022","","","","1.80","","SW","Переменная облачность","2025-11-29 05:28"
"2.90","","-0.20","89","766","1022","","","","1.80","","SW","Переменная облачность","2025-11-29 05:29"
"2.90","","-0.20","89","766","1022","","","","1.80","","SW","Переменная облачность","2025-11-29 05:30"
"2.90","","-0.20","89","766","1022","","","","1.80","","SW","Переменная облачность","2025-11-29 05:31"
"2.90","","-0.20","89","766","1022","","","","1.80","","SW","Переменная облачность","2025-11-29 05:32"
"2.90","","-0.20","89","766","1022","","","","1.80","","SW","Переменная облачность","2025-11-29 05:33"
"2.90","","-0.20","89","766","1022","","","","1.80","","SW","Переменная облачность","2025-11-29 05:34"
"2.90","","-0.20","89","766","1022","","","","1.80","","SW","Переменная облачность","2025-11-29 05:35"
"2.80","","-0.30","89","767","1023","","","","1.80","","SW","Небольшая облачность","2025-11-29 05:36"
"2.80","","-0.30","89","767","1023","","","","1.80","","SW","Небольшая облачность","2025-11-29 05:37"
"2.90","","-0.20","89","767","1023","","","","1.80","","SW","Небольшая облачность","2025-11-29 05:38"
"2.90","","-0.20","89","767","1023","","","","1.80","","SW","Небольшая облачность","2025-11-29 05:39"
"2.80","","-0.30","89","767","1023","","","","1.80","","SW","Небольшая облачность","2025-11-29 05:40"
"2.90","","-0.20","89","767","1023","","","","1.80","","SW","Небольшая облачность","2025-11-29 05:41"
"2.90","","-0.20","89","767","1023","","","","1.80","","SW","Небольшая облачность","2025-11-29 05:42"
"2.90","","-0.20","89","767","1023","","","","1.80","","SW","Небольшая облачность","2025-11-29 05:43"
"2.90","","-0.20","89","767","1023","","","","1.80","","SW","Небольшая облачность","2025-11-29 05:44"
"2.90","","-0.20","89","767","1023","","","","1.80","","SW","Небольшая облачность","2025-11-29 05:45"
"2.90","","-0.20","89","767","1023","","","","1.80","","SW","Небольшая облачность","2025-11-29 05:46"
"2.90","","-0.20","88","767","1023","","","","1.80","","SW","Небольшая облачность","2025-11-29 05:47"
"2.80","","-0.30","88","767","1023","","","","1.80","","SW","Небольшая облачность","2025-11-29 05:48"
"2.80","","-0.30","88","767","1023","","","","1.80","","SW","Небольшая облачность","2025-11-29 05:49"
"2.90","","-0.20","88","767","1023","","","","1.80","","SW","Небольшая облачность","2025-11-29 05:50"
"2.90","","-0.20","88","767","1023","","","","1.80","","SW","Небольшая облачность","2025-11-29 05:51"
"2.90","","-0.20","88","767","1023","","","","1.80","","SW","Небольшая облачность","2025-11-29 05:52"
"2.90","","-0.20","88","767","1023","","","","1.80","","SW","Небольшая облачность","2025-11-29 05:53"
"2.90","","-0.20","88","767","1023","","","","1.80","","SW","Небольшая облачность","2025-11-29 05:54"
"2.90","","-0.20","88","767","1023","","","","1.80","","SW","Небольшая облачность","2025-11-29 05:55"
"2.90","","-0.20","88","767","1023","","","","1.80","","SW","Небольшая облачность","2025-11-29 05:56"
"2.90","","-0.20","88","767","1023","","","","1.80","","SW","Небольшая облачность","2025-11-29 05:57"
"2.90","","-0.20","88","767","1023","","","","1.80","","SW","Небольшая облачность","2025-11-29 05:58"
"2.90","","-0.20","88","767","1023","","","","1.80","","SW","Небольшая облачность","2025-11-29 05:59"
"2.90","","-0.20","88","767","1023","","","","1.80","","SW","Небольшая облачность","2025-11-29 06:00"
"2.90","","-0.20","88","767","1023","","","","1.80","","SW","Небольшая облачность","2025-11-29 06:01"
"2.90","","-0.20","88","767","1023","","","","1.80","","SW","Небольшая облачность","2025-11-29 06:02"
"2.90","","-0.20","88","767","1023","","","","1.80","","SW","Небольшая облачность","2025-11-29 06:03"
"2.90","","-0.20","88","767","1023","","","","1.80","","SW","Небольшая облачность","2025-11-29 06:04"
"2.90","","-0.20","88","767","1023","","","","1.80","","SW","Небольшая облачность","2025-11-29 06:05"
"2.90","","-0.20","88","767","1023","","","","1.80","","SW","Небольшая облачность","2025-11-29 06:06"
"2.90","","-0.20","88","767","1023","","","","1.80","","SW","Небольшая облачность","2025-11-29 06:07"
"2.90","","-0.20","88","767","1023","","","","1.80","","SW","Небольшая облачность","2025-11-29 06:08"
"2.90","","-0.20","88","767","1023","","","","1.80","","SW","Небольшая облачность","2025-11-29 06:09"
"3.00","","-0.10","88","767","1023","","","","1.80","","SW","Небольшая облачность","2025-11-29 06:10"
"3.00","","-0.10","88","767","1023","","","","1.80","","SW","Небольшая облачность","2025-11-29 06:11"
"3.00","","-0.10","88","767","1023","","","","1.80","","SW","Небольшая облачность","2025-11-29 06:12"
"3.00","","-0.10","88","767","1023","","","","1.80","","SW","Небольшая облачность","2025-11-29 06:13"
"3.00","","-0.10","87","767","1023","","","","1.80","","SW","Небольшая облачность","2025-11-29 06:14"
"3.00","","-0.10","87","767","1023","","","","1.80","","SW","Небольшая облачность","2025-11-29 06:15"
"3.00","","-0.10","87","767","1023","","","","1.80","","SW","Небольшая облачность","2025-11-29 06:16"
"3.00","","-0.10","87","767","1023","","","","1.80","","SW","Небольшая облачность","2025-11-29 06:17"
"3.00","","-0.10","87","767","1023","","","","1.80","","SW","Небольшая облачность","2025-11-29 06:18"
"3.10","","0.00","87","767","1023","","","","1.80","","SW","Небольшая облачность","2025-11-29 06:19"
"3.10","","0.00","87","767","1023","","","","1.80","","SW","Небольшая облачность","2025-11-29 06:20"
"3.10","","0.00","87","767","1023","","","","1.80","","SW","Небольшая облачность","2025-11-29 06:21"
"3.10","","0.00","87","767","1023","","","","1.80","","SW","Небольшая облачность","2025-11-29 06:22"
"3.10","","0.00","87","767","1023","","","","1.80","","SW","Небольшая облачность","2025-11-29 06:23"
"3.10","","0.00","87","767","1023","","","","1.80","","SW","Небольшая облачность","2025-11-29 06:24"
"3.10","","0.00","87","767","1023","","","","1.80","","SW","Небольшая облачность","2025-11-29 06:25"
"3.10","","0.00","87","767","1023","","","","1.80","","SW","Небольшая облачность","2025-11-29 06:26"
"3.10","","0.00","87","767","1023","","","","1.80","","SW","Небольшая облачность","2025-11-29 06:27"
"3.10","","0.00","87","767","1023","","","","1.80","","SW","Небольшая облачность","2025-11-29 06:28"
"3.10","","0.00","87","767","1023","","","","1.80","","SW","Небольшая облачность","2025-11-29 06:29"
"3.10","","0.00","86","767","1023","","","","1.80","","SW","Небольшая облачность","2025-11-29 06:30"
"3.20","","0.10","86","767","1023","","","","1.80","","SW","Небольшая облачность","2025-11-29 06:31"
"3.20","","0.10","86","767","1023","","","","1.80","","SW","Небольшая облачность","2025-11-29 06:32"
"3.20","","0.10","86","767","1023","","","","1.80","","SW","Небольшая облачность","2025-11-29 06:33"
"3.20","","0.10","86","767","1023","","","","1.80","","SW","Небольшая облачность","2025-11-29 06:34"
"3.20","","0.10","86","767","1023","","","","1.80","","SW","Небольшая облачность","2025-11-29 06:35"
"3.20","","0.10","86","767","1023","","","","1.80","","SW","Небольшая облачность","2025-11-29 06:36"
"3.30","","0.20","86","767","1023","","","","1.80","","SW","Небольшая облачность","2025-11-29 06:37"
"3.30","","0.20","86","767","1023","","","","1.80","","SW","Небольшая облачность","2025-11-29 06:38"
"3.30","","0.20","86","767","1023","","","","1.80","","SW","Небольшая облачность","2025-11-29 06:39"
"3.30","","0.20","86","767","1023","","","","1.80","","SW","Небольшая облачность","2025-11-29 06:40"
"3.30","","0.20","86","767","1023","","","","1.80","","SW","Небольшая облачность","2025-11-29 06:41"
"3.30","","0.20","86","767","1023","","","","1.80","","SW","Небольшая облачность","2025-11-29 06:42"
"3.30","","0.20","86","767","1023","","","","1.80","","SW","Небольшая облачность","2025-11-29 06:43"
"3.30","","0.20","85","767","1023","","","","1.80","","SW","Небольшая облачность","2025-11-29 06:44"
"3.30","","0.20","85","767","1023","","","","1.80","","SW","Небольшая облачность","2025-11-29 06:45"
"3.30","","0.20","85","767","1023","","","","1.80","","SW","Небольшая облачность","2025-11-29 06:46"
"3.30","","0.20","85","767","1023","","","","1.80","","SW","Небольшая облачность","2025-11-29 06:47"
"3.30","","0.20","85","767","1023","","","","1.80","","SW","Небольшая облачность","2025-11-29 06:48"
"3.30","","0.20","85","767","1023","","","","1.80","","SW","Небольшая облачность","2025-11-29 06:49"
"3.30","","0.20","84","767","1023","","","","1.80","","SW","Небольшая облачность","2025-11-29 06:50"
"3.30","","0.20","84","767","1023","","","","1.80","","SW","Небольшая облачность","2025-11-29 06:51"
"3.30","","0.20","84","767","1023","","","","1.80","","SW","Небольшая облачность","2025-11-29 06:52"
"3.30","","0.20","84","767","1023","","","","1.80","","SW","Небольшая облачность","2025-11-29 06:53"
"3.30","","0.20","84","767","1023","","","","1.80","","SW","Небольшая облачность","2025-11-29 06:54"
"3.30","","0.20","84","767","1023","","","","1.80","","SW","Небольшая облачность","2025-11-29 06:55"
"3.30","","0.20","84","767","1023","","","","1.80","","SW","Небольшая облачность","2025-11-29 06:56"
"3.30","","0.20","83","767","1023","","","","1.80","","SW","Небольшая облачность","2025-11-29 06:57"
"3.30","","0.20","83","767","1023","","","","1.80","","SW","Небольшая облачность","2025-11-29 06:58"
"3.40","","0.30","83","767","1023","","","","1.80","","SW","Небольшая облачность","2025-11-29 06:59"
"3.40","","0.30","83","767","1023","","","","1.80","","SW","Небольшая облачность","2025-11-29 07:00"
"3.40","","0.30","83","767","1023","","","","1.80","","SW","Небольшая облачность","2025-11-29 07:01"
"3.40","","0.30","83","767","1023","","","","1.80","","SW","Небольшая облачность","2025-11-29 07:02"
"3.40","","0.30","83","767","1023","","","","1.80","","SW","Небольшая облачность","2025-11-29 07:03"
"3.40","","0.20","82","767","1023","","","","1.80","","SW","Небольшая облачность","2025-11-29 07:04"
"3.50","","0.40","82","767","1023","","","","1.80","","SW","Небольшая облачность","2025-11-29 07:05"
"3.50","","0.40","82","767","1023","","","","1.80","","SW","Небольшая облачность","2025-11-29 07:06"
"3.50","","0.40","82","767","1023","","","","1.80","","SW","Небольшая облачность","2025-11-29 07:07"
"3.50","","0.40","82","767","1023","","","","1.80","","SW","Небольшая облачность","2025-11-29 07:08"
"3.50","","0.40","82","767","1023","","","","1.80","","SW","Небольшая облачность","2025-11-29 07:09"
"3.50","","0.30","81","767","1023","","","","1.80","","SW","Небольшая облачность","2025-11-29 07:10"
"3.50","","0.30","81","767","1023","","","","1.80","","SW","Небольшая облачность","2025-11-29 07:11"
"3.50","","0.30","81","767","1023","","","","1.80","","SW","Небольшая облачность","2025-11-29 07:12"
"3.50","","0.30","81","767","1023","","","","1.80","","SW","Небольшая облачность","2025-11-29 07:13"
"3.50","","0.30","81","767","1023","","","","1.80","","SW","Небольшая облачность","2025-11-29 07:14"
"3.50","","0.30","80","767","1023","","","","1.80","","SW","Небольшая облачность","2025-11-29 07:15"
"3.50","","0.30","80","767","1023","","","","1.80","","SW","Небольшая облачность","2025-11-29 07:16"
"3.60","","0.40","80","767","1023","","","","1.80","","SW","Небольшая облачность","2025-11-29 07:17"
"3.60","","0.40","80","767","1023","","","","1.80","","SW","Небольшая облачность","2025-11-29 07:18"
"3.60","","0.40","80","767","1023","","","","1.80","","SW","Небольшая облачность","2025-11-29 07:19"
"3.60","","0.40","80","767","1023","","","","1.80","","SW","Небольшая облачность","2025-11-29 07:20"
"3.60","","0.40","80","767","1023","","","","1.80","","SW","Небольшая облачность","2025-11-29 07:21"
"3.60","","0.40","79","767","1023","","","","1.80","","SW","Небольшая облачность","2025-11-29 07:22"
"3.60","","0.40","79","767","1023","","","","1.80","","SW","Небольшая облачность","2025-11-29 07:23"
"3.60","","0.40","79","767","1023","","","","1.80","","SW","Небольшая облачность","2025-11-29 07:24"
"3.70","","0.50","79","767","1023","","","","1.80","","SW","Небольшая облачность","2025-11-29 07:25"
"3.70","","0.50","79","767","1023","","","","1.80","","SW","Небольшая облачность","2025-11-29 07:26"
"3.70","","0.50","79","767","1023","","","","1.80","","SW","Небольшая облачность","2025-11-29 07:27"
"3.70","","0.50","79","767","1023","","","","1.80","","SW","Небольшая облачность","2025-11-29 07:28"
"3.70","","0.50","79","767","1023","","","","1.80","","SW","Небольшая облачность","2025-11-29 07:29"
"3.70","","0.50","78","767","1023","","","","1.80","","SW","Небольшая облачность","2025-11-29 07:30"
"3.70","","0.50","78","767","1023","","","","1.80","","SW","Небольшая облачность","2025-11-29 07:31"
"3.80","","0.60","78","767","1023","","","","1.80","","SW","Небольшая облачность","2025-11-29 07:32"
"3.80","","0.60","78","767","1023","","","","1.80","","SW","Небольшая облачность","2025-11-29 07:33"
"3.80","","0.60","78","767","1023","","","","1.80","","SW","Небольшая облачность","2025-11-29 07:34"
"3.80","","0.60","78","767","1023","","","","1.80","","SW","Небольшая облачность","2025-11-29 07:35"
"3.80","","0.60","78","767","1023","","","","1.80","","SW","Небольшая облачность","2025-11-29 07:36"
"3.80","","0.60","77","767","1023","","","","1.80","","SW","Небольшая облачность","2025-11-29 07:37"
"3.80","","0.60","77","767","1023","","","","1.80","","SW","Небольшая облачность","2025-11-29 07:38"
"3.80","","0.60","77","767","1023","","","","1.80","","SW","Небольшая облачность","2025-11-29 07:39"
"3.90","","0.70","77","767","1023","","","","1.80","","SW","Небольшая облачность","2025-11-29 07:40"
"3.90","","0.70","77","767","1023","","","","1.80","","SW","Небольшая облачность","2025-11-29 07:41"
"3.90","","0.70","77","767","1023","","","","1.80","","SW","Небольшая облачность","2025-11-29 07:42"
"3.90","","0.70","77","767","1023","","","","1.80","","SW","Небольшая облачность","2025-11-29 07:43"
"3.90","","0.70","77","767","1023","","","","1.80","","SW","Небольшая облачность","2025-11-29 07:44"
"3.90","","0.70","77","767","1023","","","","1.80","","SW","Небольшая облачность","2025-11-29 07:45"
"3.90","","0.70","77","767","1023","","","","1.80","","SW","Небольшая облачность","2025-11-29 07:46"
"3.90","","0.70","77","767","1023","","","","1.80","","SW","Небольшая облачность","2025-11-29 07:47"
"3.90","","0.70","76","767","1023","","","","1.80","","SW","Небольшая облачность","2025-11-29 07:48"
"3.90","","0.70","76","767","1023","","","","1.80","","SW","Небольшая облачность","2025-11-29 07:49"
"3.90","","0.70","76","767","1023","","","","1.80","","SW","Небольшая облачность","2025-11-29 07:50"
"3.90","","0.70","76","767","1023","","","","1.80","","SW","Небольшая облачность","2025-11-29 07:51"
"3.90","","0.70","76","767","1023","","","","1.80","","SW","Небольшая облачность","2025-11-29 07:52"
"3.90","","0.70","76","767","1023","","","","1.80","","SW","Небольшая облачность","2025-11-29 07:53"
"3.90","","0.70","76","767","1023","","","","1.80","","SW","Небольшая облачность","2025-11-29 07:54"
"3.90","","0.70","76","767","1023","","","","1.80","","SW","Небольшая облачность","2025-11-29 07:55"
"3.90","","0.70","76","767","1023","","","","1.80","","SW","Небольшая облачность","2025-11-29 07:56"
"3.90","","0.70","76","767","1023","","","","1.80","","SW","Небольшая облачность","2025-11-29 07:57"
"4.00","","0.80","75","767","1023","","","","1.80","","SW","Небольшая облачность","2025-11-29 07:58"
"4.00","","0.80","75","767","1023","","","","1.80","","SW","Небольшая облачность","2025-11-29 07:59"
"4.00","","0.80","75","767","1023","","","","1.80","","SW","Небольшая облачность","2025-11-29 08:00"
"4.00","","0.80","75","767","1023","","","","1.80","","SW","Небольшая облачность","2025-11-29 08:01"
"4.00","","0.80","75","767","1023","","","","1.80","","SW","Небольшая облачность","2025-11-29 08:02"
"4.00","","0.80","75","767","1023","","","","1.80","","SW","Небольшая облачность","2025-11-29 08:03"
"4.10","","0.90","75","767","1023","","","","1.80","","SW","Небольшая облачность","2025-11-29 08:04"
"4.10","","0.90","75","767","1023","","","","1.80","","SW","Небольшая облачность","2025-11-29 08:05"
"4.10","","0.90","75","767","1023","","","","1.80","","SW","Облачно","2025-11-29 08:06"
"4.10","","0.90","75","767","1023","","","","1.80","","SW","Облачно","2025-11-29 08:07"
"4.10","","0.90","75","767","1023","","","","1.80","","SW","Облачно","2025-11-29 08:08"
"4.10","","0.90","75","767","1023","","","","1.80","","SW","Облачно","2025-11-29 08:09"
"4.00","","0.70","74","767","1023","","","","1.80","","SW","Облачно","2025-11-29 08:10"
"4.00","","0.70","74","767","1023","","","","1.80","","SW","Облачно","2025-11-29 08:11"
"4.00","","0.70","74","767","1023","","","","1.80","","SW","Облачно","2025-11-29 08:12"
"4.00","","0.70","74","767","1023","","","","1.80","","SW","Облачно","2025-11-29 08:13"
"4.00","","0.70","74","767","1023","","","","1.80","","SW","Облачно","2025-11-29 08:14"
"4.00","","0.70","74","767","1023","","","","1.80","","SW","Облачно","2025-11-29 08:15"
"4.00","","0.70","74","767","1023","","","","1.80","","SW","Облачно","2025-11-29 08:16"
"4.00","","0.70","74","767","1023","","","","1.80","","SW","Облачно","2025-11-29 08:17"
"4.00","","0.70","73","767","1023","","","","1.80","","SW","Облачно","2025-11-29 08:18"
"4.00","","0.70","73","767","1023","","","","1.80","","SW","Облачно","2025-11-29 08:19"
"4.00","","0.70","73","767","1023","","","","1.80","","SW","Облачно","2025-11-29 08:20"
"4.10","","0.80","73","767","1023","","","","1.80","","SW","Облачно","2025-11-29 08:21"
"4.10","","0.80","73","767","1023","","","","1.80","","SW","Облачно","2025-11-29 08:22"
"4.10","","0.80","73","767","1023","","","","1.80","","SW","Облачно","2025-11-29 08:23"
"4.10","","0.80","73","767","1023","","","","1.80","","SW","Облачно","2025-11-29 08:24"
"4.10","","0.80","73","767","1023","","","","1.80","","SW","Облачно","2025-11-29 08:25"
"4.10","","0.80","73","767","1023","","","","1.80","","SW","Облачно","2025-11-29 08:26"
"4.10","","0.80","73","767","1023","","","","1.80","","SW","Облачно","2025-11-29 08:27"
"4.10","","0.80","73","767","1023","","","","1.80","","SW","Облачно","2025-11-29 08:28"
"4.10","","0.80","73","767","1023","","","","1.80","","SW","Облачно","2025-11-29 08:29"
"4.20","","0.90","73","767","1023","","","","1.80","","SW","Облачно","2025-11-29 08:30"
"4.20","","0.90","73","767","1023","","","","1.80","","SW","Облачно","2025-11-29 08:31"
"4.20","","0.90","73","767","1023","","","","1.80","","SW","Облачно","2025-11-29 08:32"
"4.20","","0.90","73","767","1023","","","","1.80","","SW","Облачно","2025-11-29 08:33"
"4.20","","0.90","73","767","1023","","","","1.80","","SW","Облачно","2025-11-29 08:34"
"4.20","","0.90","73","767","1023","","","","1.80","","SW","Облачно","2025-11-29 08:35"
"4.20","","0.90","73","767","1023","","","","1.80","","SW","Облачно","2025-11-29 08:36"
"4.20","","0.90","73","767","1023","","","","1.80","","SW","Облачно","2025-11-29 08:37"
"4.20","","0.90","73","767","1023","","","","1.80","","SW","Облачно","2025-11-29 08:38"
"4.20","","0.90","73","767","1023","","","","1.80","","SW","Облачно","2025-11-29 08:39"
"4.20","","0.90","72","767","1023","","","","1.80","","SW","Облачно","2025-11-29 08:40"
"4.20","","0.90","72","767","1023","","","","1.80","","SW","Облачно","2025-11-29 08:41"
"4.20","","0.90","72","767","1023","","","","1.80","","SW","Облачно","2025-11-29 08:42"
"4.20","","0.90","72","767","1023","","","","1.80","","SW","Облачно","2025-11-29 08:43"
"4.20","","0.90","72","767","1023","","","","1.80","","SW","Облачно","2025-11-29 08:44"
"4.20","","0.90","72","767","1023","","","","1.80","","SW","Облачно","2025-11-29 08:45"
"4.20","","0.90","72","767","1023","","","","1.80","","SW","Облачно","2025-11-29 08:46"
"4.20","","0.90","72","767","1023","","","","1.80","","SW","Облачно","2025-11-29 08:47"
"4.20","","0.90","72","767","1023","","","","1.80","","SW","Облачно","2025-11-29 08:48"
"4.20","","0.90","72","767","1023","","","","1.80","","SW","Облачно","2025-11-29 08:49"
"4.20","","0.90","72","767","1023","","","","1.80","","SW","Облачно","2025-11-29 08:50"
"4.20","","0.90","72","767","1023","","","","1.80","","SW","Облачно","2025-11-29 08:51"
"4.20","","0.90","72","767","1023","","","","1.80","","SW","Облачно","2025-11-29 08:52"
"4.20","","0.90","72","767","1023","","","","1.80","","SW","Облачно","2025-11-29 08:53"
"4.20","","0.90","72","767","1023","","","","1.80","","SW","Облачно","2025-11-29 08:54"
"4.20","","0.90","72","767","1023","","","","1.80","","SW","Облачно","2025-11-29 08:55"
"4.20","","0.90","72","767","1023","","","","1.80","","SW","Облачно","2025-11-29 08:56"
"4.30","","1.00","72","767","1023","","","","1.80","","SW","Облачно","2025-11-29 08:57"
"4.30","","1.00","72","767","1023","","","","1.80","","SW","Облачно","2025-11-29 08:58"
"4.30","","1.00","72","767","1023","","","","1.80","","SW","Облачно","2025-11-29 08:59"
"4.30","","1.00","72","767","1023","","","","1.80","","SW","Облачно","2025-11-29 09:00"
"4.30","","1.00","72","767","1023","","","","1.80","","SW","Облачно","2025-11-29 09:01"
"4.30","","1.00","72","767","1023","","","","1.80","","SW","Облачно","2025-11-29 09:02"
"4.30","","1.00","72","767","1023","","","","1.80","","SW","Облачно","2025-11-29 09:03"
"4.30","","1.00","72","767","1023","","","","1.80","","SW","Облачно","2025-11-29 09:04"
"4.30","","1.00","72","767","1023","","","","1.80","","SW","Облачно","2025-11-29 09:05"
"4.30","","1.00","72","767","1023","","","","1.80","","SW","Облачно","2025-11-29 09:06"
"4.30","","1.00","72","767","1023","","","","1.80","","SW","Облачно","2025-11-29 09:07"
"4.30","","1.00","72","767","1023","","","","1.80","","SW","Облачно","2025-11-29 09:08"
"4.30","","1.00","72","767","1023","","","","1.80","","SW","Облачно","2025-11-29 09:09"
"4.40","","1.10","71","767","1023","","","","1.80","","SW","Облачно","2025-11-29 09:10"
"4.40","","1.10","71","767","1023","","","","1.80","","SW","Облачно","2025-11-29 09:11"
"4.40","","1.10","71","767","1023","","","","1.80","","SW","Облачно","2025-11-29 09:12"
"4.40","","1.10","71","767","1023","","","","1.80","","SW","Облачно","2025-11-29 09:13"
"4.40","","1.10","71","767","1023","","","","1.80","","SW","Облачно","2025-11-29 09:14"
"4.30","","1.00","71","767","1023","","","","1.80","","SW","Облачно","2025-11-29 09:15"
"4.30","","1.00","71","767","1023","","","","1.80","","SW","Облачно","2025-11-29 09:16"
"4.30","","1.00","71","767","1023","","","","1.80","","SW","Облачно","2025-11-29 09:17"
"4.30","","1.00","71","767","1023","","","","1.80","","SW","Облачно","2025-11-29 09:18"
"4.30","","1.00","71","767","1023","","","","1.80","","SW","Облачно","2025-11-29 09:19"
"4.30","","1.00","71","767","1023","","","","1.80","","SW","Облачно","2025-11-29 09:20"
"4.30","","1.00","71","767","1023","","","","1.80","","SW","Облачно","2025-11-29 09:21"
"4.30","","1.00","70","767","1023","","","","1.80","","SW","Облачно","2025-11-29 09:22"
"4.30","","1.00","70","767","1023","","","","1.80","","SW","Облачно","2025-11-29 09:23"
"4.30","","1.00","70","767","1023","","","","1.80","","SW","Облачно","2025-11-29 09:24"
"4.30","","1.00","70","767","1023","","","","1.80","","SW","Облачно","2025-11-29 09:25"
"4.30","","1.00","70","767","1023","","","","1.80","","SW","Облачно","2025-11-29 09:26"
"4.30","","1.00","70","767","1023","","","","1.80","","SW","Облачно","2025-11-29 09:27"
"4.30","","1.00","70","767","1023","","","","1.80","","SW","Облачно","2025-11-29 09:28"
"4.40","","1.10","70","767","1023","","","","1.80","","SW","Облачно","2025-11-29 09:29"
"4.40","","1.10","70","767","1023","","","","1.80","","SW","Облачно","2025-11-29 09:30"
"4.30","","1.00","70","767","1023","","","","1.80","","SW","Облачно","2025-11-29 09:31"
"4.30","","1.00","70","767","1023","","","","1.80","","SW","Облачно","2025-11-29 09:32"
"4.40","","1.10","70","767","1023","","","","1.80","","SW","Облачно","2025-11-29 09:33"
"4.40","","1.10","70","767","1023","","","","1.80","","SW","Облачно","2025-11-29 09:34"
"4.40","","1.10","70","767","1023","","","","1.80","","SW","Облачно","2025-11-29 09:35"
"4.30","","1.00","70","767","1023","","","","1.80","","SW","Облачно","2025-11-29 09:36"
"4.30","","1.00","70","767","1023","","","","1.80","","SW","Облачно","2025-11-29 09:37"
"4.30","","1.00","70","767","1023","","","","1.80","","SW","Облачно","2025-11-29 09:38"
"4.30","","1.00","70","767","1023","","","","1.80","","SW","Облачно","2025-11-29 09:39"
"4.30","","1.00","70","767","1023","","","","1.80","","SW","Облачно","2025-11-29 09:40"
"4.30","","1.00","70","767","1023","","","","1.80","","SW","Облачно","2025-11-29 09:41"
"4.30","","1.00","70","767","1023","","","","1.80","","SW","Облачно","2025-11-29 09:42"
"4.30","","1.00","70","767","1023","","","","1.80","","SW","Облачно","2025-11-29 09:43"
"4.40","","1.10","70","767","1023","","","","1.80","","SW","Облачно","2025-11-29 09:44"
"4.40","","1.10","70","767","1023","","","","1.80","","SW","Облачно","2025-11-29 09:45"
"4.40","","1.10","70","767","1023","","","","1.80","","SW","Облачно","2025-11-29 09:46"
"4.30","","1.00","70","767","1023","","","","1.80","","SW","Облачно","2025-11-29 09:47"
"4.30","","1.00","70","767","1023","","","","1.80","","SW","Облачно","2025-11-29 09:48"
"4.30","","0.90","69","767","1023","","","","1.80","","SW","Облачно","2025-11-29 09:49"
"4.30","","0.90","69","767","1023","","","","1.80","","SW","Облачно","2025-11-29 09:50"
"4.30","","0.90","69","767","1023","","","","1.80","","SW","Облачно","2025-11-29 09:51"
"4.30","","0.90","69","767","1023","","","","1.80","","SW","Облачно","2025-11-29 09:52"
"4.30","","0.90","69","767","1023","","","","1.80","","SW","Облачно","2025-11-29 09:53"
"4.30","","0.90","69","767","1023","","","","1.80","","SW","Облачно","2025-11-29 09:54"
"4.30","","0.90","69","767","1023","","","","1.80","","SW","Облачно","2025-11-29 09:55"
"4.30","","0.90","69","767","1023","","","","1.80","","SW","Облачно","2025-11-29 09:56"
"4.30","","0.90","69","767","1023","","","","1.80","","SW","Облачно","2025-11-29 09:57"
"4.30","","0.90","69","767","1023","","","","1.80","","SW","Облачно","2025-11-29 09:58"
"4.30","","0.90","69","767","1023","","","","1.80","","SW","Облачно","2025-11-29 09:59"
"4.30","","0.90","69","767","1023","","","","1.80","","SW","Облачно","2025-11-29 10:00"
"4.30","","0.90","69","767","1023","","","","1.80","","SW","Облачно","2025-11-29 10:01"
"4.30","","0.90","69","767","1023","","","","1.80","","SW","Облачно","2025-11-29 10:02"
"4.30","","0.90","69","767","1023","","","","1.80","","SW","Облачно","2025-11-29 10:03"
"4.30","","0.90","69","767","1023","","","","1.80","","SW","Облачно","2025-11-29 10:04"
"4.30","","0.90","69","767","1023","","","","1.80","","SW","Облачно","2025-11-29 10:05"
"4.40","","1.00","69","766","1022","","","","1.80","","SW","Облачно","2025-11-29 10:06"
"4.40","","1.00","69","766","1022","","","","1.80","","SW","Облачно","2025-11-29 10:07"
"4.40","","1.00","69","766","1022","","","","1.80","","SW","Облачно","2025-11-29 10:08"
"4.40","","1.00","69","766","1022","","","","1.80","","SW","Облачно","2025-11-29 10:09"
"4.40","","1.00","69","766","1022","","","","1.80","","SW","Облачно","2025-11-29 10:10"
"4.40","","1.10","70","766","1022","","","","1.80","","SW","Облачно","2025-11-29 10:11"
"4.40","","1.10","70","766","1022","","","","1.80","","SW","Облачно","2025-11-29 10:12"
"4.40","","1.10","70","766","1022","","","","1.80","","SW","Облачно","2025-11-29 10:13"
"4.40","","1.10","70","766","1022","","","","1.80","","SW","Облачно","2025-11-29 10:14"
"4.50","","1.20","69","766","1022","","","","1.80","","SW","Облачно","2025-11-29 10:15"
"4.50","","1.20","69","766","1022","","","","1.80","","SW","Облачно","2025-11-29 10:16"
"4.50","","1.20","69","766","1022","","","","1.80","","SW","Облачно","2025-11-29 10:17"
"4.50","","1.20","69","766","1022","","","","1.80","","SW","Облачно","2025-11-29 10:18"
"4.50","","1.20","69","766","1022","","","","1.80","","SW","Облачно","2025-11-29 10:19"
"4.50","","1.20","69","766","1022","","","","1.80","","SW","Облачно","2025-11-29 10:20"
"4.50","","1.20","69","767","1023","","","","1.80","","SW","Облачно","2025-11-29 10:21"
"4.50","","1.20","69","767","1023","","","","1.80","","SW","Облачно","2025-11-29 10:22"
"4.50","","1.20","69","767","1023","","","","1.80","","SW","Облачно","2025-11-29 10:23"
"4.50","","1.20","69","767","1023","","","","1.80","","SW","Облачно","2025-11-29 10:24"
"4.50","","1.20","69","767","1023","","","","1.80","","SW","Облачно","2025-11-29 10:25"
"4.50","","1.20","69","767","1023","","","","1.80","","SW","Облачно","2025-11-29 10:26"
"4.50","","1.20","69","767","1023","","","","1.80","","SW","Облачно","2025-11-29 10:27"
"4.50","","1.20","69","767","1023","","","","1.80","","SW","Облачно","2025-11-29 10:28"
"4.50","","1.20","69","767","1023","","","","1.80","","SW","Облачно","2025-11-29 10:29"
"4.50","","1.20","69","767","1023","","","","1.80","","SW","Облачно","2025-11-29 10:30"
"4.50","","1.20","69","767","1023","","","","1.80","","SW","Облачно","2025-11-29 10:31"
"4.50","","1.20","69","767","1023","","","","1.80","","SW","Облачно","2025-11-29 10:32"
"4.50","","1.20","69","767","1023","","","","1.80","","SW","Облачно","2025-11-29 10:33"
"4.60","","1.30","69","767","1023","","","","1.80","","SW","Облачно","2025-11-29 10:34"
"4.60","","1.30","69","767","1023","","","","1.80","","SW","Облачно","2025-11-29 10:35"
"4.60","","1.30","69","767","1023","","","","1.80","","SW","Облачно","2025-11-29 10:36"
"4.60","","1.30","69","767","1023","","","","1.80","","SW","Облачно","2025-11-29 10:37"
"4.60","","1.30","69","767","1023","","","","1.80","","SW","Облачно","2025-11-29 10:38"
"4.60","","1.30","69","767","1023","","","","1.80","","SW","Облачно","2025-11-29 10:39"
"4.60","","1.30","69","767","1023","","","","1.80","","SW","Облачно","2025-11-29 10:40"
"4.60","","1.30","69","767","1023","","","","1.80","","SW","Облачно","2025-11-29 10:41"
"4.60","","1.30","69","767","1023","","","","1.80","","SW","Облачно","2025-11-29 10:42"
"4.60","","1.30","69","767","1023","","","","1.80","","SW","Облачно","2025-11-29 10:43"
"4.60","","1.30","69","767","1023","","","","1.80","","SW","Облачно","2025-11-29 10:44"
"4.60","","1.30","69","767","1023","","","","1.80","","SW","Облачно","2025-11-29 10:45"
"4.60","","1.30","69","767","1023","","","","1.80","","SW","Облачно","2025-11-29 10:46"
"4.60","","1.30","69","767","1023","","","","1.80","","SW","Облачно","2025-11-29 10:47"
"4.60","","1.30","69","767","1023","","","","1.80","","SW","Облачно","2025-11-29 10:48"
"4.60","","1.30","69","767","1023","","","","1.80","","SW","Облачно","2025-11-29 10:49"
"4.60","","1.30","69","767","1023","","","","1.80","","SW","Облачно","2025-11-29 10:50"
"4.60","","1.30","69","767","1023","","","","1.80","","SW","Облачно","2025-11-29 10:51"
"4.70","","1.40","69","767","1023","","","","1.80","","SW","Облачно","2025-11-29 10:52"
"4.70","","1.40","69","767","1023","","","","1.80","","SW","Облачно","2025-11-29 10:53"
"4.60","","1.30","69","767","1023","","","","1.80","","SW","Облачно","2025-11-29 10:54"
"4.70","","1.40","69","767","1023","","","","1.80","","SW","Облачно","2025-11-29 10:55"
"4.70","","1.40","69","767","1023","","","","1.80","","SW","Облачно","2025-11-29 10:56"
"4.70","","1.40","69","767","1023","","","","1.80","","SW","Облачно","2025-11-29 10:57"
"4.70","","1.40","69","767","1023","","","","1.80","","SW","Облачно","2025-11-29 10:58"
"4.70","","1.40","69","767","1023","","","","1.80","","SW","Облачно","2025-11-29 10:59"
"4.70","","1.40","69","767","1023","","","","1.80","","SW","Облачно","2025-11-29 11:00"
"4.70","","1.40","69","767","1023","","","","1.80","","SW","Облачно","2025-11-29 11:01"
"4.70","","1.40","69","767","1023","","","","1.80","","SW","Облачно","2025-11-29 11:02"
"4.70","","1.40","69","767","1023","","","","1.80","","SW","Облачно","2025-11-29 11:03"
"4.70","","1.40","69","767","1023","","","","1.80","","SW","Облачно","2025-11-29 11:04"
"4.70","","1.40","69","767","1023","","","","1.80","","SW","Облачно","2025-11-29 11:05"
"4.80","","1.50","69","767","1023","","","","1.80","","SW","Облачно","2025-11-29 11:06"
"4.80","","1.50","69","767","1023","","","","1.80","","SW","Облачно","2025-11-29 11:07"
"4.80","","1.50","69","767","1023","","","","1.80","","SW","Облачно","2025-11-29 11:08"
"4.80","","1.50","69","767","1023","","","","1.80","","SW","Облачно","2025-11-29 11:09"
"4.80","","1.50","69","767","1023","","","","1.80","","SW","Облачно","2025-11-29 11:10"
"4.80","","1.50","69","767","1023","","","","1.80","","SW","Облачно","2025-11-29 11:11"
"4.80","","1.50","69","767","1023","","","","1.80","","SW","Облачно","2025-11-29 11:12"
"4.80","","1.50","69","767","1023","","","","1.80","","SW","Облачно","2025-11-29 11:13"
"4.80","","1.50","69","767","1023","","","","1.80","","SW","Облачно","2025-11-29 11:14"
"4.80","","1.50","69","767","1023","","","","1.80","","SW","Облачно","2025-11-29 11:15"
"4.80","","1.50","69","767","1023","","","","1.80","","SW","Облачно","2025-11-29 11:16"
"4.80","","1.50","69","767","1023","","","","1.80","","SW","Облачно","2025-11-29 11:17"
"4.80","","1.50","69","767","1023","","","","1.80","","SW","Облачно","2025-11-29 11:18"
"4.80","","1.50","69","767","1023","","","","1.80","","SW","Облачно","2025-11-29 11:19"
"4.90","","1.60","69","767","1023","","","","1.80","","SW","Облачно","2025-11-29 11:20"
"4.90","","1.60","69","767","1023","","","","1.80","","SW","Облачно","2025-11-29 11:21"
"4.90","","1.60","69","767","1023","","","","1.80","","SW","Облачно","2025-11-29 11:22"
"4.90","","1.60","69","767","1023","","","","1.80","","SW","Облачно","2025-11-29 11:23"
"4.90","","1.60","69","767","1023","","","","1.80","","SW","Облачно","2025-11-29 11:24"
"4.90","","1.60","69","767","1023","","","","1.80","","SW","Облачно","2025-11-29 11:25"
"4.90","","1.60","69","767","1023","","","","1.80","","SW","Облачно","2025-11-29 11:26"
"4.90","","1.60","69","767","1023","","","","1.80","","SW","Облачно","2025-11-29 11:27"
"4.90","","1.60","68","767","1023","","","","1.80","","SW","Облачно","2025-11-29 11:28"
"4.90","","1.60","68","767","1023","","","","1.80","","SW","Облачно","2025-11-29 11:29"
"4.90","","1.60","68","767","1023","","","","1.80","","SW","Облачно","2025-11-29 11:30"
"4.90","","1.60","68","767","1023","","","","1.80","","SW","Облачно","2025-11-29 11:31"
"4.90","","1.60","68","767","1023","","","","1.80","","SW","Облачно","2025-11-29 11:32"
"4.90","","1.60","68","767","1023","","","","1.80","","SW","Облачно","2025-11-29 11:33"
"4.90","","1.60","68","767","1023","","","","1.80","","SW","Облачно","2025-11-29 11:34"
"4.90","","1.60","68","767","1023","","","","1.80","","SW","Облачно","2025-11-29 11:35"
"4.90","","1.60","68","767","1023","","","","1.80","","SW","Облачно","2025-11-29 11:36"
"4.90","","1.60","68","767","1023","","","","1.80","","SW","Облачно","2025-11-29 11:37"
"4.90","","1.60","68","767","1023","","","","1.80","","SW","Облачно","2025-11-29 11:38"
"5.00","","1.70","68","767","1023","","","","1.80","","SW","Облачно","2025-11-29 11:39"
"5.00","","1.70","68","767","1023","","","","1.80","","SW","Облачно","2025-11-29 11:40"
"5.00","","1.70","68","767","1023","","","","1.80","","SW","Облачно","2025-11-29 11:41"
"5.00","","1.70","68","767","1023","","","","1.80","","SW","Облачно","2025-11-29 11:42"
"5.00","","1.70","68","767","1023","","","","1.80","","SW","Облачно","2025-11-29 11:43"
"5.00","","1.70","68","767","1023","","","","1.80","","SW","Облачно","2025-11-29 11:44"
"5.00","","1.70","68","767","1023","","","","1.80","","SW","Облачно","2025-11-29 11:45"
"5.00","","1.70","68","767","1023","","","","1.80","","SW","Облачно","2025-11-29 11:46"
"5.00","","1.70","68","767","1023","","","","1.80","","SW","Облачно","2025-11-29 11:47"
"5.00","","1.70","68","767","1023","","","","1.80","","SW","Облачно","2025-11-29 11:48"
"5.00","","1.70","68","767","1023","","","","1.80","","SW","Облачно","2025-11-29 11:49"
"5.00","","1.70","68","767","1023","","","","1.80","","SW","Облачно","2025-11-29 11:50"
"4.90","","1.60","67","767","1023","","","","1.80","","SW","Облачно","2025-11-29 11:51"
"4.90","","1.60","67","767","1023","","","","1.80","","SW","Облачно","2025-11-29 11:52"
"4.90","","1.60","67","767","1023","","","","1.80","","SW","Облачно","2025-11-29 11:53"
"4.90","","1.60","67","767","1023","","","","1.80","","SW","Облачно","2025-11-29 11:54"
"4.90","","1.60","67","767","1023","","","","1.80","","SW","Облачно","2025-11-29 11:55"
"4.90","","1.60","67","767","1023","","","","1.80","","SW","Облачно","2025-11-29 11:56"
"4.90","","1.60","67","767","1023","","","","1.80","","SW","Облачно","2025-11-29 11:57"
"4.90","","1.60","67","767","1023","","","","1.80","","SW","Облачно","2025-11-29 11:58"
"4.90","","1.60","67","767","1023","","","","1.80","","SW","Облачно","2025-11-29 11:59"
"4.90","","1.60","67","767","1023","","","","1.80","","SW","Облачно","2025-11-29 12:00"
"4.90","","1.60","67","767","1023","","","","1.80","","SW","Облачно","2025-11-29 12:01"
"4.90","","1.60","67","767","1023","","","","1.80","","SW","Облачно","2025-11-29 12:02"
"4.90","","1.60","67","767","1023","","","","1.80","","SW","Облачно","2025-11-29 12:03"
"4.90","","1.60","67","767","1023","","","","1.80","","SW","Облачно","2025-11-29 12:04"
"4.90","","1.60","67","767","1023","","","","1.80","","SW","Облачно","2025-11-29 12:05"
"4.90","","1.50","66","766","1022","","","","1.80","","SW","Облачно","2025-11-29 12:06"
"4.90","","1.50","66","766","1022","","","","1.80","","SW","Облачно","2025-11-29 12:07"
"4.90","","1.50","66","766","1022","","","","1.80","","SW","Облачно","2025-11-29 12:08"
"4.90","","1.50","66","766","1022","","","","1.80","","SW","Облачно","2025-11-29 12:09"
"4.90","","1.50","66","766","1022","","","","1.80","","SW","Облачно","2025-11-29 12:10"
"4.90","","1.50","66","766","1022","","","","1.80","","SW","Облачно","2025-11-29 12:11"
"4.90","","1.50","66","766","1022","","","","1.80","","SW","Облачно","2025-11-29 12:12"
"4.90","","1.50","66","766","1022","","","","1.80","","SW","Облачно","2025-11-29 12:13"
"4.90","","1.50","66","766","1022","","","","1.80","","SW","Облачно","2025-11-29 12:14"
"5.00","","1.60","66","766","1022","","","","1.80","","SW","Облачно","2025-11-29 12:15"
"4.90","","1.50","66","766","1022","","","","1.80","","SW","Облачно","2025-11-29 12:16"
"4.90","","1.50","66","766","1022","","","","1.80","","SW","Облачно","2025-11-29 12:17"
"4.90","","1.50","66","766","1022","","","","1.80","","SW","Облачно","2025-11-29 12:18"
"4.90","","1.50","66","766","1022","","","","1.80","","SW","Облачно","2025-11-29 12:19"
"4.90","","1.50","66","766","1022","","","","1.80","","SW","Облачно","2025-11-29 12:20"
"4.90","","1.50","66","767","1023","","","","1.80","","SW","Облачно","2025-11-29 12:21"
"4.90","","1.50","66","767","1023","","","","1.80","","SW","Облачно","2025-11-29 12:22"
"4.90","","1.50","66","767","1023","","","","1.80","","SW","Облачно","2025-11-29 12:23"
"4.90","","1.50","66","767","1023","","","","1.80","","SW","Облачно","2025-11-29 12:24"
"4.90","","1.50","66","767","1023","","","","1.80","","SW","Облачно","2025-11-29 12:25"
"4.90","","1.50","66","767","1023","","","","1.80","","SW","Облачно","2025-11-29 12:26"
"4.90","","1.50","66","767","1023","","","","1.80","","SW","Облачно","2025-11-29 12:27"
"4.90","","1.50","66","767","1023","","","","1.80","","SW","Облачно","2025-11-29 12:28"
"4.90","","1.50","66","767","1023","","","","1.80","","SW","Облачно","2025-11-29 12:29"
"4.90","","1.50","66","767","1023","","","","1.80","","SW","Облачно","2025-11-29 12:30"
"4.90","","1.50","66","767","1023","","","","1.80","","SW","Облачно","2025-11-29 12:31"
"4.90","","1.50","66","767","1023","","","","1.80","","SW","Облачно","2025-11-29 12:32"
"4.90","","1.50","66","767","1023","","","","1.80","","SW","Облачно","2025-11-29 12:33"
"4.90","","1.50","66","767","1023","","","","1.80","","SW","Облачно","2025-11-29 12:34"
"4.90","","1.50","66","767","1023","","","","1.80","","SW","Облачно","2025-11-29 12:35"
"4.90","","1.50","66","767","1023","","","","1.80","","SW","Облачно","2025-11-29 12:36"
"4.90","","1.50","66","767","1023","","","","1.80","","SW","Облачно","2025-11-29 12:37"
"4.90","","1.50","66","767","1023","","","","1.80","","SW","Облачно","2025-11-29 12:38"
"4.90","","1.50","66","767","1023","","","","1.80","","SW","Облачно","2025-11-29 12:39"
"4.90","","1.50","66","767","1023","","","","1.80","","SW","Облачно","2025-11-29 12:40"
"4.80","","1.40","66","767","1023","","","","1.80","","SW","Облачно","2025-11-29 12:41"
"4.80","","1.40","66","767","1023","","","","1.80","","SW","Облачно","2025-11-29 12:42"
"4.80","","1.40","66","767","1023","","","","1.80","","SW","Облачно","2025-11-29 12:43"
"4.80","","1.40","66","767","1023","","","","1.80","","SW","Облачно","2025-11-29 12:44"
"4.80","","1.40","66","767","1023","","","","1.80","","SW","Облачно","2025-11-29 12:45"
"4.80","","1.40","66","767","1023","","","","1.80","","SW","Облачно","2025-11-29 12:46"
"4.80","","1.40","66","767","1023","","","","1.80","","SW","Облачно","2025-11-29 12:47"
"4.80","","1.40","66","767","1023","","","","1.80","","SW","Облачно","2025-11-29 12:48"
"4.80","","1.40","66","767","1023","","","","1.80","","SW","Облачно","2025-11-29 12:49"
"4.80","","1.40","66","767","1023","","","","1.80","","SW","Облачно","2025-11-29 12:50"
"4.80","","1.40","67","767","1023","","","","1.80","","SW","Облачно","2025-11-29 12:51"
"4.80","","1.40","67","767","1023","","","","1.80","","SW","Облачно","2025-11-29 12:52"
"4.80","","1.40","67","767","1023","","","","1.80","","SW","Облачно","2025-11-29 12:53"
"4.80","","1.40","67","767","1023","","","","1.80","","SW","Облачно","2025-11-29 12:54"
"4.80","","1.40","67","767","1023","","","","1.80","","SW","Облачно","2025-11-29 12:55"
"4.80","","1.40","67","767","1023","","","","1.80","","SW","Облачно","2025-11-29 12:56"
"4.80","","1.40","67","767","1023","","","","1.80","","SW","Облачно","2025-11-29 12:57"
"4.80","","1.40","67","767","1023","","","","1.80","","SW","Облачно","2025-11-29 12:58"
"4.80","","1.40","67","767","1023","","","","1.80","","SW","Облачно","2025-11-29 12:59"
"4.80","","1.40","67","767","1023","","","","1.80","","SW","Облачно","2025-11-29 13:00"
"4.80","","1.40","67","767","1023","","","","1.80","","SW","Облачно","2025-11-29 13:01"
"4.80","","1.40","67","767","1023","","","","1.80","","SW","Облачно","2025-11-29 13:02"
"4.80","","1.40","67","767","1023","","","","1.80","","SW","Облачно","2025-11-29 13:03"
"4.80","","1.40","67","767","1023","","","","1.80","","SW","Облачно","2025-11-29 13:04"
"4.80","","1.40","67","767","1023","","","","1.80","","SW","Облачно","2025-11-29 13:05"
"4.80","","1.40","67","767","1023","","","","1.80","","SW","Облачно","2025-11-29 13:06"
"4.80","","1.40","67","767","1023","","","","1.80","","SW","Облачно","2025-11-29 13:07"
"4.80","","1.40","67","767","1023","","","","1.80","","SW","Облачно","2025-11-29 13:08"
"4.80","","1.40","67","767","1023","","","","1.80","","SW","Облачно","2025-11-29 13:09"
"4.80","","1.40","67","767","1023","","","","1.80","","SW","Облачно","2025-11-29 13:10"
"4.80","","1.40","67","767","1023","","","","1.80","","SW","Облачно","2025-11-29 13:11"
"4.80","","1.50","68","767","1023","","","","1.80","","SW","Облачно","2025-11-29 13:12"
"4.80","","1.50","68","767","1023","","","","1.80","","SW","Облачно","2025-11-29 13:13"
"4.80","","1.50","68","767","1023","","","","1.80","","SW","Облачно","2025-11-29 13:14"
"4.80","","1.50","68","767","1023","","","","1.80","","SW","Облачно","2025-11-29 13:15"
"4.80","","1.50","68","767","1023","","","","1.80","","SW","Облачно","2025-11-29 13:16"
"4.80","","1.50","68","767","1023","","","","1.80","","SW","Облачно","2025-11-29 13:17"
"4.90","","1.60","68","767","1023","","","","1.80","","SW","Облачно","2025-11-29 13:18"
"4.90","","1.60","68","767","1023","","","","1.80","","SW","Облачно","2025-11-29 13:19"
"4.90","","1.60","68","767","1023","","","","1.80","","SW","Облачно","2025-11-29 13:20"
"4.90","","1.60","68","767","1023","","","","1.80","","SW","Облачно","2025-11-29 13:21"
"4.90","","1.60","68","767","1023","","","","1.80","","SW","Облачно","2025-11-29 13:22"
"4.90","","1.60","68","767","1023","","","","1.80","","SW","Облачно","2025-11-29 13:23"
"4.90","","1.60","68","767","1023","","","","1.80","","SW","Облачно","2025-11-29 13:24"
"4.90","","1.60","68","767","1023","","","","1.80","","SW","Облачно","2025-11-29 13:25"
"4.90","","1.60","68","767","1023","","","","1.80","","SW","Облачно","2025-11-29 13:26"
"4.90","","1.60","68","767","1023","","","","1.80","","SW","Облачно","2025-11-29 13:27"
"4.90","","1.60","68","767","1023","","","","1.80","","SW","Облачно","2025-11-29 13:28"
"4.90","","1.60","68","767","1023","","","","1.80","","SW","Облачно","2025-11-29 13:29"
"4.90","","1.60","68","767","1023","","","","1.80","","SW","Облачно","2025-11-29 13:30"
"4.90","","1.60","68","767","1023","","","","1.80","","SW","Облачно","2025-11-29 13:31"
"4.90","","1.60","68","767","1023","","","","1.80","","SW","Облачно","2025-11-29 13:32"
"4.90","","1.60","68","767","1023","","","","1.80","","SW","Облачно","2025-11-29 13:33"
"4.90","","1.60","68","767","1023","","","","1.80","","SW","Облачно","2025-11-29 13:34"
"4.90","","1.60","68","767","1023","","","","1.80","","SW","Облачно","2025-11-29 13:35"
"4.90","","1.60","68","766","1022","","","","1.80","","SW","Облачно","2025-11-29 13:36"
"4.90","","1.60","68","766","1022","","","","1.80","","SW","Облачно","2025-11-29 13:37"
"4.90","","1.60","68","766","1022","","","","1.80","","SW","Облачно","2025-11-29 13:38"
"4.90","","1.60","68","766","1022","","","","1.80","","SW","Облачно","2025-11-29 13:39"
"4.90","","1.60","68","766","1022","","","","1.80","","SW","Облачно","2025-11-29 13:40"
"4.90","","1.60","68","766","1022","","","","1.80","","SW","Облачно","2025-11-29 13:41"
"4.90","","1.60","68","766","1022","","","","1.80","","SW","Облачно","2025-11-29 13:42"
"4.90","","1.60","68","766","1022","","","","1.80","","SW","Облачно","2025-11-29 13:43"
"4.90","","1.60","68","766","1022","","","","1.80","","SW","Облачно","2025-11-29 13:44"
"4.90","","1.60","68","766","1022","","","","1.80","","SW","Облачно","2025-11-29 13:45"
"4.90","","1.60","68","766","1022","","","","1.80","","SW","Облачно","2025-11-29 13:46"
"4.90","","1.60","68","766","1022","","","","1.80","","SW","Облачно","2025-11-29 13:47"
"4.90","","1.60","68","766","1022","","","","1.80","","SW","Облачно","2025-11-29 13:48"
"4.90","","1.60","68","766","1022","","","","1.80","","SW","Облачно","2025-11-29 13:49"
"4.90","","1.60","68","766","1022","","","","1.80","","SW","Облачно","2025-11-29 13:50"
"4.90","","1.60","68","767","1023","","","","1.80","","SW","Облачно","2025-11-29 13:51"
"4.90","","1.60","68","767","1023","","","","1.80","","SW","Облачно","2025-11-29 13:52"
"4.90","","1.60","68","767","1023","","","","1.80","","SW","Облачно","2025-11-29 13:53"
"4.90","","1.60","68","767","1023","","","","1.80","","SW","Облачно","2025-11-29 13:54"
"5.00","","1.70","68","767","1023","","","","1.80","","SW","Облачно","2025-11-29 13:55"
"5.00","","1.70","68","767","1023","","","","1.80","","SW","Облачно","2025-11-29 13:56"
"5.00","","1.70","68","767","1023","","","","1.80","","SW","Облачно","2025-11-29 13:57"
"5.00","","1.70","68","767","1023","","","","1.80","","SW","Облачно","2025-11-29 13:58"
"5.00","","1.70","68","767","1023","","","","1.80","","SW","Облачно","2025-11-29 13:59"
"5.00","","1.70","68","767","1023","","","","1.80","","SW","Облачно","2025-11-29 14:00"
"5.00","","1.70","68","767","1023","","","","1.80","","SW","Облачно","2025-11-29 14:01"
"5.00","","1.70","68","767","1023","","","","1.80","","SW","Облачно","2025-11-29 14:02"
"5.00","","1.70","68","767","1023","","","","1.80","","SW","Облачно","2025-11-29 14:03"
"5.00","","1.70","68","767","1023","","","","1.80","","SW","Облачно","2025-11-29 14:04"
"5.00","","1.70","68","767","1023","","","","1.80","","SW","Облачно","2025-11-29 14:05"
"5.00","","1.70","68","767","1023","","","","1.80","","SW","Облачно","2025-11-29 14:06"
"5.00","","1.70","68","767","1023","","","","1.80","","SW","Облачно","2025-11-29 14:07"
"5.00","","1.70","68","767","1023","","","","1.80","","SW","Облачно","2025-11-29 14:08"
"5.00","","1.70","68","767","1023","","","","1.80","","SW","Облачно","2025-11-29 14:09"
"5.00","","1.70","68","767","1023","","","","1.80","","SW","Облачно","2025-11-29 14:10"
"5.00","","1.70","68","767","1023","","","","1.80","","SW","Облачно","2025-11-29 14:11"
"5.00","","1.70","68","767","1023","","","","1.80","","SW","Облачно","2025-11-29 14:12"
"5.00","","1.70","68","767","1023","","","","1.80","","SW","Облачно","2025-11-29 14:13"
"5.00","","1.70","68","767","1023","","","","1.80","","SW","Облачно","2025-11-29 14:14"
"5.10","","1.80","68","767","1023","","","","1.80","","SW","Облачно","2025-11-29 14:15"
"5.10","","1.80","68","767","1023","","","","1.80","","SW","Облачно","2025-11-29 14:16"
"5.10","","1.80","68","767","1023","","","","1.80","","SW","Облачно","2025-11-29 14:17"
"5.10","","1.80","68","767","1023","","","","1.80","","SW","Облачно","2025-11-29 14:18"
"5.10","","1.80","68","767","1023","","","","1.80","","SW","Облачно","2025-11-29 14:19"
"5.10","","1.80","68","767","1023","","","","1.80","","SW","Облачно","2025-11-29 14:20"
"5.10","","1.80","68","767","1023","","","","1.80","","SW","Облачно","2025-11-29 14:21"
"5.10","","1.80","68","767","1023","","","","1.80","","SW","Облачно","2025-11-29 14:22"
"5.10","","1.80","68","767","1023","","","","1.80","","SW","Облачно","2025-11-29 14:23"
"5.10","","1.80","68","767","1023","","","","1.80","","SW","Облачно","2025-11-29 14:24"
"5.10","","1.80","68","767","1023","","","","1.80","","SW","Облачно","2025-11-29 14:25"
"5.10","","1.80","68","767","1023","","","","1.80","","SW","Облачно","2025-11-29 14:26"
"5.10","","1.80","68","767","1023","","","","1.80","","SW","Облачно","2025-11-29 14:27"
"5.10","","1.80","68","767","1023","","","","1.80","","SW","Облачно","2025-11-29 14:28"
"5.10","","1.80","67","767","1023","","","","1.80","","SW","Облачно","2025-11-29 14:29"
"5.10","","1.80","67","767","1023","","","","1.80","","SW","Облачно","2025-11-29 14:30"
"5.10","","1.80","67","767","1023","","","","1.80","","SW","Облачно","2025-11-29 14:31"
"5.10","","1.80","67","767","1023","","","","1.80","","SW","Облачно","2025-11-29 14:32"
"5.10","","1.80","67","767","1023","","","","1.80","","SW","Облачно","2025-11-29 14:33"
"5.10","","1.80","67","767","1023","","","","1.80","","SW","Облачно","2025-11-29 14:34"
"5.10","","1.80","67","767","1023","","","","1.80","","SW","Облачно","2025-11-29 14:35"
"5.10","","1.80","67","767","1023","","","","1.80","","SW","Облачно","2025-11-29 14:36"
"5.10","","1.80","67","767","1023","","","","1.80","","SW","Облачно","2025-11-29 14:37"
"5.10","","1.80","67","767","1023","","","","1.80","","SW","Облачно","2025-11-29 14:38"
"5.10","","1.80","67","767","1023","","","","1.80","","SW","Облачно","2025-11-29 14:39"
"5.10","","1.80","67","767","1023","","","","1.80","","SW","Облачно","2025-11-29 14:40"
"5.10","","1.80","67","767","1023","","","","1.80","","SW","Облачно","2025-11-29 14:41"
"5.10","","1.80","67","767","1023","","","","1.80","","SW","Облачно","2025-11-29 14:42"
"5.10","","1.80","67","767","1023","","","","1.80","","SW","Облачно","2025-11-29 14:43"
"5.20","","1.90","67","767","1023","","","","1.80","","SW","Облачно","2025-11-29 14:44"
"5.20","","1.90","67","767","1023","","","","1.80","","SW","Облачно","2025-11-29 14:45"
"5.20","","1.90","67","767","1023","","","","1.80","","SW","Облачно","2025-11-29 14:46"
"5.20","","1.90","67","767","1023","","","","1.80","","SW","Облачно","2025-11-29 14:47"
"5.20","","1.90","67","767","1023","","","","1.80","","SW","Облачно","2025-11-29 14:48"
"5.20","","1.90","67","767","1023","","","","1.80","","SW","Облачно","2025-11-29 14:49"
"5.20","","1.90","67","767","1023","","","","1.80","","SW","Облачно","2025-11-29 14:50"
"5.20","","1.90","66","767","1023","","","","1.80","","SW","Облачно","2025-11-29 14:51"
"5.20","","1.90","66","767","1023","","","","1.80","","SW","Облачно","2025-11-29 14:52"
"5.20","","1.90","66","767","1023","","","","1.80","","SW","Облачно","2025-11-29 14:53"
"5.20","","1.90","66","767","1023","","","","1.80","","SW","Облачно","2025-11-29 14:54"
"5.20","","1.90","66","767","1023","","","","1.80","","SW","Облачно","2025-11-29 14:55"
"5.20","","1.90","66","767","1023","","","","1.80","","SW","Облачно","2025-11-29 14:56"
"5.20","","1.90","66","767","1023","","","","1.80","","SW","Облачно","2025-11-29 14:57"
"5.20","","1.90","66","767","1023","","","","1.80","","SW","Облачно","2025-11-29 14:58"
"5.20","","1.90","66","767","1023","","","","1.80","","SW","Облачно","2025-11-29 14:59"
"5.20","","1.90","66","767","1023","","","","1.80","","SW","Облачно","2025-11-29 15:00"
"5.30","","2.00","66","767","1023","","","","1.80","","SW","Облачно","2025-11-29 15:01"
"5.30","","2.00","66","767","1023","","","","1.80","","SW","Облачно","2025-11-29 15:02"
"5.30","","2.00","66","767","1023","","","","1.80","","SW","Облачно","2025-11-29 15:03"
"5.30","","2.00","66","767","1023","","","","1.80","","SW","Облачно","2025-11-29 15:04"
"5.30","","2.00","66","767","1023","","","","1.80","","SW","Облачно","2025-11-29 15:05"
"5.30","","1.90","65","767","1023","","","","1.80","","SW","Облачно","2025-11-29 15:06"
"5.30","","1.90","65","767","1023","","","","1.80","","SW","Облачно","2025-11-29 15:07"
"5.30","","1.90","65","767","1023","","","","1.80","","SW","Облачно","2025-11-29 15:08"
"5.30","","1.90","65","767","1023","","","","1.80","","SW","Облачно","2025-11-29 15:09"
"5.30","","1.90","65","767","1023","","","","1.80","","SW","Облачно","2025-11-29 15:10"
"5.30","","1.90","65","767","1023","","","","1.80","","SW","Облачно","2025-11-29 15:11"
"5.30","","1.90","65","767","1023","","","","1.80","","SW","Облачно","2025-11-29 15:12"
"5.30","","1.90","65","767","1023","","","","1.80","","SW","Облачно","2025-11-29 15:13"
"5.30","","1.90","65","767","1023","","","","1.80","","SW","Облачно","2025-11-29 15:14"
"5.30","","1.90","65","767","1023","","","","1.80","","SW","Облачно","2025-11-29 15:15"
"5.30","","1.90","65","767","1023","","","","1.80","","SW","Облачно","2025-11-29 15:16"
"5.30","","1.90","64","767","1023","","","","1.80","","SW","Облачно","2025-11-29 15:17"
"5.30","","1.90","64","767","1023","","","","1.80","","SW","Облачно","2025-11-29 15:18"
"5.30","","1.90","64","767","1023","","","","1.80","","SW","Облачно","2025-11-29 15:19"
"5.30","","1.90","64","767","1023","","","","1.80","","SW","Облачно","2025-11-29 15:20"
"5.30","","1.90","64","767","1023","","","","1.80","","SW","Облачно","2025-11-29 15:21"
"5.30","","1.90","64","767","1023","","","","1.80","","SW","Облачно","2025-11-29 15:22"
"5.30","","1.90","64","767","1023","","","","1.80","","SW","Облачно","2025-11-29 15:23"
"5.30","","1.90","64","767","1023","","","","1.80","","SW","Облачно","2025-11-29 15:24"
"5.30","","1.90","64","767","1023","","","","1.80","","SW","Облачно","2025-11-29 15:25"
"5.30","","1.90","64","767","1023","","","","1.80","","SW","Облачно","2025-11-29 15:26"
"5.30","","1.90","64","767","1023","","","","1.80","","SW","Облачно","2025-11-29 15:27"
"5.30","","1.90","64","767","1023","","","","1.80","","SW","Облачно","2025-11-29 15:28"
"5.30","","1.90","64","767","1023","","","","1.80","","SW","Облачно","2025-11-29 15:29"
"5.30","","1.90","63","767","1023","","","","1.80","","SW","Облачно","2025-11-29 15:30"
"5.30","","1.90","63","767","1023","","","","1.80","","SW","Облачно","2025-11-29 15:31"
"5.30","","1.90","63","767","1023","","","","1.80","","SW","Облачно","2025-11-29 15:32"
"5.30","","1.90","63","767","1023","","","","1.80","","SW","Облачно","2025-11-29 15:33"
"5.30","","1.90","63","767","1023","","","","1.80","","SW","Облачно","2025-11-29 15:34"
"5.30","","1.90","63","767","1023","","","","1.80","","SW","Облачно","2025-11-29 15:35"
"5.30","","1.90","63","767","1023","","","","1.80","","SW","Небольшая облачность","2025-11-29 15:36"
"5.30","","1.90","63","767","1023","","","","1.80","","SW","Небольшая облачность","2025-11-29 15:37"
"5.30","","1.90","63","767","1023","","","","1.80","","SW","Небольшая облачность","2025-11-29 15:38"
"5.30","","1.90","63","767","1023","","","","1.80","","SW","Небольшая облачность","2025-11-29 15:39"
"5.30","","1.90","63","767","1023","","","","1.80","","SW","Небольшая облачность","2025-11-29 15:40"
"5.30","","1.90","63","767","1023","","","","1.80","","SW","Небольшая облачность","2025-11-29 15:41"
"5.30","","1.90","63","767","1023","","","","1.80","","SW","Небольшая облачность","2025-11-29 15:42"
"5.30","","1.90","63","767","1023","","","","1.80","","SW","Небольшая облачность","2025-11-29 15:43"
"5.30","","1.90","63","767","1023","","","","1.80","","SW","Небольшая облачность","2025-11-29 15:44"
"5.30","","1.90","63","767","1023","","","","1.80","","SW","Небольшая облачность","2025-11-29 15:45"
"5.30","","1.90","63","767","1023","","","","1.80","","SW","Небольшая облачность","2025-11-29 15:46"
"5.30","","1.90","63","767","1023","","","","1.80","","SW","Небольшая облачность","2025-11-29 15:47"
"5.30","","1.90","63","767","1023","","","","1.80","","SW","Небольшая облачность","2025-11-29 15:48"
"5.30","","1.90","63","767","1023","","","","1.80","","SW","Небольшая облачность","2025-11-29 15:49"
"5.30","","1.90","63","767","1023","","","","1.80","","SW","Небольшая облачность","2025-11-29 15:50"
"5.30","","1.90","63","767","1023","","","","1.80","","SW","Небольшая облачность","2025-11-29 15:51"
"5.30","","1.90","63","767","1023","","","","1.80","","SW","Небольшая облачность","2025-11-29 15:52"
"5.30","","1.90","63","767","1023","","","","1.80","","SW","Небольшая облачность","2025-11-29 15:53"
"5.30","","1.90","63","767","1023","","","","1.80","","SW","Небольшая облачность","2025-11-29 15:54"
"5.30","","1.90","63","767","1023","","","","1.80","","SW","Небольшая облачность","2025-11-29 15:55"
"5.40","","2.00","63","767","1023","","","","1.80","","SW","Небольшая облачность","2025-11-29 15:56"
"5.40","","2.00","63","767","1023","","","","1.80","","SW","Небольшая облачность","2025-11-29 15:57"
"5.40","","2.00","63","767","1023","","","","1.80","","SW","Небольшая облачность","2025-11-29 15:58"
"5.30","","1.90","63","767","1023","","","","1.80","","SW","Небольшая облачность","2025-11-29 15:59"
"5.40","","2.00","63","767","1023","","","","1.80","","SW","Небольшая облачность","2025-11-29 16:00"
"5.40","","2.00","63","767","1023","","","","1.80","","SW","Небольшая облачность","2025-11-29 16:01"
"5.40","","2.00","63","767","1023","","","","1.80","","SW","Небольшая облачность","2025-11-29 16:02"
"5.30","","1.90","62","767","1023","","","","1.80","","SW","Небольшая облачность","2025-11-29 16:03"
"5.30","","1.90","62","767","1023","","","","1.80","","SW","Небольшая облачность","2025-11-29 16:04"
"5.30","","1.90","62","767","1023","","","","1.80","","SW","Небольшая облачность","2025-11-29 16:05"
"5.30","","1.90","62","767","1023","","","","1.80","","SW","Небольшая облачность","2025-11-29 16:06"
"5.40","","2.00","62","767","1023","","","","1.80","","SW","Небольшая облачность","2025-11-29 16:07"
"5.40","","2.00","62","767","1023","","","","1.80","","SW","Небольшая облачность","2025-11-29 16:08"
"5.40","","2.00","62","767","1023","","","","1.80","","SW","Небольшая облачность","2025-11-29 16:09"
"5.30","","1.90","62","767","1023","","","","1.80","","SW","Небольшая облачность","2025-11-29 16:10"
"5.30","","1.90","62","767","1023","","","","1.80","","SW","Небольшая облачность","2025-11-29 16:11"
"5.30","","1.90","62","767","1023","","","","1.80","","SW","Небольшая облачность","2025-11-29 16:12"
"5.30","","1.90","62","767","1023","","","","1.80","","SW","Небольшая облачность","2025-11-29 16:13"
"5.30","","1.90","62","767","1023","","","","1.80","","SW","Небольшая облачность","2025-11-29 16:14"
"5.30","","1.90","62","767","1023","","","","1.80","","SW","Небольшая облачность","2025-11-29 16:15"
"5.30","","1.90","62","767","1023","","","","1.80","","SW","Небольшая облачность","2025-11-29 16:16"
"5.30","","1.90","62","767","1023","","","","1.80","","SW","Небольшая облачность","2025-11-29 16:17"
"5.30","","1.90","62","767","1023","","","","1.80","","SW","Небольшая облачность","2025-11-29 16:18"
"5.30","","1.90","62","767","1023","","","","1.80","","SW","Небольшая облачность","2025-11-29 16:19"
"5.30","","1.90","62","767","1023","","","","1.80","","SW","Небольшая облачность","2025-11-29 16:20"
"5.30","","1.90","62","767","1023","","","","1.80","","SW","Небольшая облачность","2025-11-29 16:21"
"5.30","","1.90","62","767","1023","","","","1.80","","SW","Небольшая облачность","2025-11-29 16:22"
"5.30","","1.90","62","767","1023","","","","1.80","","SW","Небольшая облачность","2025-11-29 16:23"
"5.30","","1.90","62","767","1023","","","","1.80","","SW","Небольшая облачность","2025-11-29 16:24"
"5.30","","1.90","62","767","1023","","","","1.80","","SW","Небольшая облачность","2025-11-29 16:25"
"5.30","","1.90","62","767","1023","","","","1.80","","SW","Небольшая облачность","2025-11-29 16:26"
"5.30","","1.90","62","767","1023","","","","1.80","","SW","Небольшая облачность","2025-11-29 16:27"
"5.30","","1.90","62","767","1023","","","","1.80","","SW","Небольшая облачность","2025-11-29 16:28"
"5.30","","1.90","62","767","1023","","","","1.80","","SW","Небольшая облачность","2025-11-29 16:29"
"5.30","","1.90","62","767","1023","","","","1.80","","SW","Небольшая облачность","2025-11-29 16:30"
"5.30","","1.90","62","767","1023","","","","1.80","","SW","Небольшая облачность","2025-11-29 16:31"
"5.30","","1.90","62","767","1023","","","","1.80","","SW","Небольшая облачность","2025-11-29 16:32"
"5.30","","1.90","62","767","1023","","","","1.80","","SW","Небольшая облачность","2025-11-29 16:33"
"5.30","","1.90","62","767","1023","","","","1.80","","SW","Небольшая облачность","2025-11-29 16:34"
"5.30","","1.90","62","767","1023","","","","1.80","","SW","Небольшая облачность","2025-11-29 16:35"
"5.30","","1.90","62","767","1023","","","","1.80","","SW","Небольшая облачность","2025-11-29 16:36"
"5.30","","1.90","62","767","1023","","","","1.80","","SW","Небольшая облачность","2025-11-29 16:37"
"5.30","","1.90","62","767","1023","","","","1.80","","SW","Небольшая облачность","2025-11-29 16:38"
"5.30","","1.80","61","767","1023","","","","1.80","","SW","Небольшая облачность","2025-11-29 16:39"
"5.30","","1.80","61","767","1023","","","","1.80","","SW","Небольшая облачность","2025-11-29 16:40"
"5.30","","1.80","61","767","1023","","","","1.80","","SW","Небольшая облачность","2025-11-29 16:41"
"5.30","","1.80","61","767","1023","","","","1.80","","SW","Небольшая облачность","2025-11-29 16:42"
"5.30","","1.80","61","767","1023","","","","1.80","","SW","Небольшая облачность","2025-11-29 16:43"
"5.30","","1.80","61","767","1023","","","","1.80","","SW","Небольшая облачность","2025-11-29 16:44"
"5.30","","1.80","61","767","1023","","","","1.80","","SW","Небольшая облачность","2025-11-29 16:45"
"5.30","","1.80","61","767","1023","","","","1.80","","SW","Небольшая облачность","2025-11-29 16:46"
"5.30","","1.80","61","767","1023","","","","1.80","","SW","Небольшая облачность","2025-11-29 16:47"
"5.30","","1.80","61","767","1023","","","","1.80","","SW","Небольшая облачность","2025-11-29 16:48"
"5.30","","1.80","61","767","1023","","","","1.80","","SW","Небольшая облачность","2025-11-29 16:49"
"5.30","","1.80","61","767","1023","","","","1.80","","SW","Небольшая облачность","2025-11-29 16:50"
"5.30","","1.80","61","767","1023","","","","1.80","","SW","Небольшая облачность","2025-11-29 16:51"
"5.30","","1.80","61","767","1023","","","","1.80","","SW","Небольшая облачность","2025-11-29 16:52"
"5.30","","1.80","61","767","1023","","","","1.80","","SW","Небольшая облачность","2025-11-29 16:53"
"5.30","","1.80","61","767","1023","","","","1.80","","SW","Небольшая облачность","2025-11-29 16:54"
"5.30","","1.80","61","767","1023","","","","1.80","","SW","Небольшая облачность","2025-11-29 16:55"
"5.30","","1.80","61","767","1023","","","","1.80","","SW","Небольшая облачность","2025-11-29 16:56"
"5.20","","1.70","61","767","1023","","","","1.80","","SW","Небольшая облачность","2025-11-29 16:57"
"5.20","","1.70","61","767","1023","","","","1.80","","SW","Небольшая облачность","2025-11-29 16:58"
"5.20","","1.70","61","767","1023","","","","1.80","","SW","Небольшая облачность","2025-11-29 16:59"
"5.20","","1.70","61","767","1023","","","","1.80","","SW","Небольшая облачность","2025-11-29 17:00"
"5.30","","1.80","61","767","1023","","","","1.80","","SW","Небольшая облачность","2025-11-29 17:01"
"5.30","","1.80","61","767","1023","","","","1.80","","SW","Небольшая облачность","2025-11-29 17:02"
"5.30","","1.80","61","767","1023","","","","1.80","","SW","Небольшая облачность","2025-11-29 17:03"
"5.30","","1.80","61","767","1023","","","","1.80","","SW","Небольшая облачность","2025-11-29 17:04"
"5.30","","1.80","61","767","1023","","","","1.80","","SW","Небольшая облачность","2025-11-29 17:05"
"5.30","","1.80","61","767","1023","","","","1.80","","SW","Небольшая облачность","2025-11-29 17:06"
"5.30","","1.80","61","767","1023","","","","1.80","","SW","Небольшая облачность","2025-11-29 17:07"
"5.20","","1.70","61","767","1023","","","","1.80","","SW","Небольшая облачность","2025-11-29 17:08"
"5.20","","1.70","61","767","1023","","","","1.80","","SW","Небольшая облачность","2025-11-29 17:09"
"5.20","","1.70","61","767","1023","","","","1.80","","SW","Небольшая облачность","2025-11-29 17:10"
"5.20","","1.70","61","767","1023","","","","1.80","","SW","Небольшая облачность","2025-11-29 17:11"
"5.20","","1.70","61","767","1023","","","","1.80","","SW","Небольшая облачность","2025-11-29 17:12"
"5.20","","1.70","61","767","1023","","","","1.80","","SW","Небольшая облачность","2025-11-29 17:13"
"5.20","","1.70","61","767","1023","","","","1.80","","SW","Небольшая облачность","2025-11-29 17:14"
"5.20","","1.70","61","767","1023","","","","1.80","","SW","Небольшая облачность","2025-11-29 17:15"
"5.20","","1.70","61","767","1023","","","","1.80","","SW","Небольшая облачность","2025-11-29 17:16"
"5.30","","1.80","61","767","1023","","","","1.80","","SW","Небольшая облачность","2025-11-29 17:17"
"5.20","","1.70","61","767","1023","","","","1.80","","SW","Небольшая облачность","2025-11-29 17:18"
"5.30","","1.80","61","767","1023","","","","1.80","","SW","Небольшая облачность","2025-11-29 17:19"
"5.20","","1.70","61","767","1023","","","","1.80","","SW","Небольшая облачность","2025-11-29 17:20"
"5.20","","1.70","61","767","1023","","","","1.80","","SW","Небольшая облачность","2025-11-29 17:21"
"5.20","","1.70","61","767","1023","","","","1.80","","SW","Небольшая облачность","2025-11-29 17:22"
"5.20","","1.70","61","767","1023","","","","1.80","","SW","Небольшая облачность","2025-11-29 17:23"
"5.20","","1.70","61","767","1023","","","","1.80","","SW","Небольшая облачность","2025-11-29 17:24"
"5.20","","1.70","61","767","1023","","","","1.80","","SW","Небольшая облачность","2025-11-29 17:25"
"5.30","","1.80","61","767","1023","","","","1.80","","SW","Небольшая облачность","2025-11-29 17:26"
"5.30","","1.80","61","767","1023","","","","1.80","","SW","Небольшая облачность","2025-11-29 17:27"
"5.30","","1.80","61","767","1023","","","","1.80","","SW","Небольшая облачность","2025-11-29 17:28"
"5.30","","1.80","61","767","1023","","","","1.80","","SW","Небольшая облачность","2025-11-29 17:29"
"5.30","","1.80","61","767","1023","","","","1.80","","SW","Небольшая облачность","2025-11-29 17:30"
"5.30","","1.80","61","767","1023","","","","1.80","","SW","Небольшая облачность","2025-11-29 17:31"
"5.30","","1.80","61","767","1023","","","","1.80","","SW","Небольшая облачность","2025-11-29 17:32"
"5.30","","1.80","61","767","1023","","","","1.80","","SW","Небольшая облачность","2025-11-29 17:33"
"5.30","","1.80","61","767","1023","","","","1.80","","SW","Небольшая облачность","2025-11-29 17:34"
"5.30","","1.80","61","767","1023","","","","1.80","","SW","Небольшая облачность","2025-11-29 17:35"
"5.30","","1.80","61","767","1023","","","","1.80","","SW","Небольшая облачность","2025-11-29 17:36"
"5.30","","1.80","61","767","1023","","","","1.80","","SW","Небольшая облачность","2025-11-29 17:37"
"5.30","","1.80","61","767","1023","","","","1.80","","SW","Небольшая облачность","2025-11-29 17:38"
"5.30","","1.80","61","767","1023","","","","1.80","","SW","Небольшая облачность","2025-11-29 17:39"
"5.30","","1.80","61","767","1023","","","","1.80","","SW","Небольшая облачность","2025-11-29 17:40"
"5.30","","1.80","61","767","1023","","","","1.80","","SW","Небольшая облачность","2025-11-29 17:41"
"5.30","","1.80","61","767","1023","","","","1.80","","SW","Небольшая облачность","2025-11-29 17:42"
"5.30","","1.80","60","767","1023","","","","1.80","","SW","Небольшая облачность","2025-11-29 17:43"
"5.30","","1.80","60","767","1023","","","","1.80","","SW","Небольшая облачность","2025-11-29 17:44"
"5.30","","1.80","60","767","1023","","","","1.80","","SW","Небольшая облачность","2025-11-29 17:45"
"5.30","","1.80","60","767","1023","","","","1.80","","SW","Небольшая облачность","2025-11-29 17:46"
"5.30","","1.80","60","767","1023","","","","1.80","","SW","Небольшая облачность","2025-11-29 17:47"
"5.30","","1.80","60","767","1023","","","","1.80","","SW","Небольшая облачность","2025-11-29 17:48"
"5.30","","1.80","60","767","1023","","","","1.80","","SW","Небольшая облачность","2025-11-29 17:49"
"5.30","","1.80","60","767","1023","","","","1.80","","SW","Небольшая облачность","2025-11-29 17:50"
"5.30","","1.80","60","767","1023","","","","1.80","","SW","Небольшая облачность","2025-11-29 17:51"
"5.30","","1.80","60","767","1023","","","","1.80","","SW","Небольшая облачность","2025-11-29 17:52"
"5.30","","1.80","60","767","1023","","","","1.80","","SW","Небольшая облачность","2025-11-29 17:53"
"5.30","","1.80","60","767","1023","","","","1.80","","SW","Небольшая облачность","2025-11-29 17:54"
"5.30","","1.80","60","767","1023","","","","1.80","","SW","Небольшая облачность","2025-11-29 17:55"
"5.30","","1.80","60","767","1023","","","","1.80","","SW","Небольшая облачность","2025-11-29 17:56"
"5.30","","1.80","60","767","1023","","","","1.80","","SW","Небольшая облачность","2025-11-29 17:57"
"5.30","","1.80","60","767","1023","","","","1.80","","SW","Небольшая облачность","2025-11-29 17:58"
"5.30","","1.80","60","767","1023","","","","1.80","","SW","Небольшая облачность","2025-11-29 17:59"
"5.30","","1.80","60","767","1023","","","","1.80","","SW","Небольшая облачность","2025-11-29 18:00"
"5.30","","1.80","60","767","1023","","","","1.80","","SW","Небольшая облачность","2025-11-29 18:01"
"5.30","","1.80","60","767","1023","","","","1.80","","SW","Небольшая облачность","2025-11-29 18:02"
"5.30","","1.80","60","767","1023","","","","1.80","","SW","Небольшая облачность","2025-11-29 18:03"
"5.30","","1.80","60","767","1023","","","","1.80","","SW","Небольшая облачность","2025-11-29 18:04"
"5.30","","1.80","60","767","1023","","","","1.80","","SW","Небольшая облачность","2025-11-29 18:05"
"5.30","","1.80","60","767","1023","","","","1.80","","SW","Небольшая облачность","2025-11-29 18:06"
"5.30","","1.80","60","767","1023","","","","1.80","","SW","Небольшая облачность","2025-11-29 18:07"
"5.30","","1.80","60","767","1023","","","","1.80","","SW","Небольшая облачность","2025-11-29 18:08"
"5.30","","1.80","60","767","1023","","","","1.80","","SW","Небольшая облачность","2025-11-29 18:09"
"5.30","","1.80","60","767","1023","","","","1.80","","SW","Небольшая облачность","2025-11-29 18:10"
"5.30","","1.80","60","767","1023","","","","1.80","","SW","Небольшая облачность","2025-11-29 18:11"
"5.30","","1.80","60","767","1023","","","","1.80","","SW","Небольшая облачность","2025-11-29 18:12"
"5.30","","1.80","60","767","1023","","","","1.80","","SW","Небольшая облачность","2025-11-29 18:13"
"5.30","","1.80","60","767","1023","","","","1.80","","SW","Небольшая облачность","2025-11-29 18:14"
"5.30","","1.80","60","767","1023","","","","1.80","","SW","Небольшая облачность","2025-11-29 18:15"
"5.30","","1.80","60","767","1023","","","","1.80","","SW","Небольшая облачность","2025-11-29 18:16"
"5.30","","1.80","60","767","1023","","","","1.80","","SW","Небольшая облачность","2025-11-29 18:17"
"5.30","","1.80","60","767","1023","","","","1.80","","SW","Небольшая облачность","2025-11-29 18:18"
"5.30","","1.80","60","767","1023","","","","1.80","","SW","Небольшая облачность","2025-11-29 18:19"
"5.30","","1.80","60","767","1023","","","","1.80","","SW","Небольшая облачность","2025-11-29 18:20"
"5.30","","1.80","60","767","1023","","","","1.80","","SW","Небольшая облачность","2025-11-29 18:21"
"5.30","","1.80","60","767","1023","","","","1.80","","SW","Небольшая облачность","2025-11-29 18:22"
"5.30","","1.80","60","767","1023","","","","1.80","","SW","Небольшая облачность","2025-11-29 18:23"
"5.30","","1.80","60","767","1023","","","","1.80","","SW","Небольшая облачность","2025-11-29 18:24"
"5.30","","1.80","60","767","1023","","","","1.80","","SW","Небольшая облачность","2025-11-29 18:25"
"5.30","","1.80","60","767","1023","","","","1.80","","SW","Небольшая облачность","2025-11-29 18:26"
"5.30","","1.80","60","767","1023","","","","1.80","","SW","Небольшая облачность","2025-11-29 18:27"
"5.30","","1.80","60","767","1023","","","","1.80","","SW","Небольшая облачность","2025-11-29 18:28"
"5.30","","1.80","60","767","1023","","","","1.80","","SW","Небольшая облачность","2025-11-29 18:29"
"5.30","","1.80","60","767","1023","","","","1.80","","SW","Небольшая облачность","2025-11-29 18:30"
"5.30","","1.80","60","767","1023","","","","1.80","","SW","Небольшая облачность","2025-11-29 18:31"
"5.30","","1.80","60","767","1023","","","","1.80","","SW","Небольшая облачность","2025-11-29 18:32"
"5.30","","1.80","60","767","1023","","","","1.80","","SW","Небольшая облачность","2025-11-29 18:33"
"5.30","","1.80","60","767","1023","","","","1.80","","SW","Небольшая облачность","2025-11-29 18:34"
"5.30","","1.80","60","767","1023","","","","1.80","","SW","Небольшая облачность","2025-11-29 18:35"
"5.30","","1.80","60","767","1023","","","","1.80","","SW","Облачно","2025-11-29 18:36"
"5.30","","1.80","60","767","1023","","","","1.80","","SW","Облачно","2025-11-29 18:37"
"5.30","","1.80","60","767","1023","","","","1.80","","SW","Облачно","2025-11-29 18:38"
"5.30","","1.80","60","767","1023","","","","1.80","","SW","Облачно","2025-11-29 18:39"
"5.30","","1.80","60","767","1023","","","","1.80","","SW","Облачно","2025-11-29 18:40"
"5.30","","1.80","60","767","1023","","","","1.80","","SW","Облачно","2025-11-29 18:41"
"5.30","","1.80","60","767","1023","","","","1.80","","SW","Облачно","2025-11-29 18:42"
"5.20","","1.70","60","767","1023","","","","1.80","","SW","Облачно","2025-11-29 18:43"
"5.20","","1.70","60","767","1023","","","","1.80","","SW","Облачно","2025-11-29 18:44"
"5.20","","1.70","60","767","1023","","","","1.80","","SW","Облачно","2025-11-29 18:45"
"5.20","","1.70","60","767","1023","","","","1.80","","SW","Облачно","2025-11-29 18:46"
"5.20","","1.70","60","767","1023","","","","1.80","","SW","Облачно","2025-11-29 18:47"
"5.20","","1.70","60","767","1023","","","","1.80","","SW","Облачно","2025-11-29 18:48"
"5.20","","1.70","60","767","1023","","","","1.80","","SW","Облачно","2025-11-29 18:49"
"5.20","","1.70","59","767","1023","","","","1.80","","SW","Облачно","2025-11-29 18:50"
"5.20","","1.70","59","767","1023","","","","1.80","","SW","Облачно","2025-11-29 18:51"
"5.20","","1.70","59","767","1023","","","","1.80","","SW","Облачно","2025-11-29 18:52"
"5.10","","1.50","59","767","1023","","","","1.80","","SW","Облачно","2025-11-29 18:53"
"5.10","","1.50","59","767","1023","","","","1.80","","SW","Облачно","2025-11-29 18:54"
"5.10","","1.50","59","767","1023","","","","1.80","","SW","Облачно","2025-11-29 18:55"
"5.10","","1.50","59","767","1023","","","","1.80","","SW","Облачно","2025-11-29 18:56"
"5.10","","1.50","59","767","1023","","","","1.80","","SW","Облачно","2025-11-29 18:57"
"5.10","","1.50","59","767","1023","","","","1.80","","SW","Облачно","2025-11-29 18:58"
"5.10","","1.50","59","767","1023","","","","1.80","","SW","Облачно","2025-11-29 18:59"
"5.10","","1.50","59","767","1023","","","","1.80","","SW","Облачно","2025-11-29 19:00"
"5.10","","1.60","60","767","1023","","","","1.80","","SW","Облачно","2025-11-29 19:01"
"5.10","","1.60","60","767","1023","","","","1.80","","SW","Облачно","2025-11-29 19:02"
"5.10","","1.60","60","767","1023","","","","1.80","","SW","Облачно","2025-11-29 19:03"
"5.10","","1.60","60","767","1023","","","","1.80","","SW","Облачно","2025-11-29 19:04"
"5.10","","1.60","60","767","1023","","","","1.80","","SW","Облачно","2025-11-29 19:05"
"5.10","","1.60","60","767","1023","","","","1.80","","SW","Облачно","2025-11-29 19:06"
"5.10","","1.60","60","767","1023","","","","1.80","","SW","Облачно","2025-11-29 19:07"
"5.10","","1.60","60","767","1023","","","","1.80","","SW","Облачно","2025-11-29 19:08"
"5.10","","1.50","59","767","1023","","","","1.80","","SW","Облачно","2025-11-29 19:09"
"5.10","","1.50","59","767","1023","","","","1.80","","SW","Облачно","2025-11-29 19:10"
"5.10","","1.50","59","767","1023","","","","1.80","","SW","Облачно","2025-11-29 19:11"
"5.10","","1.50","59","767","1023","","","","1.80","","SW","Облачно","2025-11-29 19:12"
"5.10","","1.60","60","767","1023","","","","1.80","","SW","Облачно","2025-11-29 19:13"
"5.10","","1.60","60","767","1023","","","","1.80","","SW","Облачно","2025-11-29 19:14"
"5.10","","1.60","60","767","1023","","","","1.80","","SW","Облачно","2025-11-29 19:15"
"5.10","","1.60","60","767","1023","","","","1.80","","SW","Облачно","2025-11-29 19:16"
"5.00","","1.50","60","767","1023","","","","1.80","","SW","Облачно","2025-11-29 19:17"
"5.00","","1.50","60","767","1023","","","","1.80","","SW","Облачно","2025-11-29 19:18"
"5.00","","1.50","60","767","1023","","","","1.80","","SW","Облачно","2025-11-29 19:19"
"5.00","","1.50","60","767","1023","","","","1.80","","SW","Облачно","2025-11-29 19:20"
"5.00","","1.50","60","767","1023","","","","1.80","","SW","Облачно","2025-11-29 19:21"
"5.00","","1.50","60","767","1023","","","","1.80","","SW","Облачно","2025-11-29 19:22"
"5.00","","1.50","60","767","1023","","","","1.80","","SW","Облачно","2025-11-29 19:23"
"5.00","","1.50","60","767","1023","","","","1.80","","SW","Облачно","2025-11-29 19:24"
"5.00","","1.50","60","767","1023","","","","1.80","","SW","Облачно","2025-11-29 19:25"
"5.00","","1.50","60","767","1023","","","","1.80","","SW","Облачно","2025-11-29 19:26"
"5.00","","1.50","60","767","1023","","","","1.80","","SW","Облачно","2025-11-29 19:27"
"4.90","","1.40","60","767","1023","","","","1.80","","SW","Облачно","2025-11-29 19:28"
"4.90","","1.40","60","767","1023","","","","1.80","","SW","Облачно","2025-11-29 19:29"
"4.90","","1.40","60","767","1023","","","","1.80","","SW","Облачно","2025-11-29 19:30"
"4.90","","1.40","60","767","1023","","","","1.80","","SW","Облачно","2025-11-29 19:31"
"4.90","","1.40","60","767","1023","","","","1.80","","SW","Облачно","2025-11-29 19:32"
"4.90","","1.40","60","767","1023","","","","1.80","","SW","Облачно","2025-11-29 19:33"
"4.90","","1.40","60","767","1023","","","","1.80","","SW","Облачно","2025-11-29 19:34"
"4.90","","1.40","60","767","1023","","","","1.80","","SW","Облачно","2025-11-29 19:35"
"4.90","","1.40","61","767","1023","","","","1.80","","SW","Облачно","2025-11-29 19:36"
"4.90","","1.40","61","767","1023","","","","1.80","","SW","Облачно","2025-11-29 19:37"
"4.90","","1.40","61","767","1023","","","","1.80","","SW","Облачно","2025-11-29 19:38"
"4.90","","1.40","61","767","1023","","","","1.80","","SW","Облачно","2025-11-29 19:39"
"4.90","","1.40","61","767","1023","","","","1.80","","SW","Облачно","2025-11-29 19:40"
"4.90","","1.40","61","767","1023","","","","1.80","","SW","Облачно","2025-11-29 19:41"
"4.90","","1.40","61","767","1023","","","","1.80","","SW","Облачно","2025-11-29 19:42"
"4.90","","1.40","61","767","1023","","","","1.80","","SW","Облачно","2025-11-29 19:43"
"4.90","","1.40","61","767","1023","","","","1.80","","SW","Облачно","2025-11-29 19:44"
"4.90","","1.40","61","767","1023","","","","1.80","","SW","Облачно","2025-11-29 19:45"
"4.90","","1.40","61","767","1023","","","","1.80","","SW","Облачно","2025-11-29 19:46"
"4.90","","1.40","61","767","1023","","","","1.80","","SW","Облачно","2025-11-29 19:47"
"4.90","","1.40","61","767","1023","","","","1.80","","SW","Облачно","2025-11-29 19:48"
"4.90","","1.40","62","767","1023","","","","1.80","","SW","Облачно","2025-11-29 19:49"
"4.90","","1.40","62","767","1023","","","","1.80","","SW","Облачно","2025-11-29 19:50"
"4.90","","1.40","62","767","1023","","","","1.80","","SW","Облачно","2025-11-29 19:51"
"4.90","","1.40","62","767","1023","","","","1.80","","SW","Облачно","2025-11-29 19:52"
"4.90","","1.40","62","767","1023","","","","1.80","","SW","Облачно","2025-11-29 19:53"
"4.90","","1.40","62","767","1023","","","","1.80","","SW","Облачно","2025-11-29 19:54"
"4.90","","1.40","62","767","1023","","","","1.80","","SW","Облачно","2025-11-29 19:55"
"4.90","","1.40","62","767","1023","","","","1.80","","SW","Облачно","2025-11-29 19:56"
"4.80","","1.30","62","767","1023","","","","1.80","","SW","Облачно","2025-11-29 19:57"
"4.80","","1.30","62","767","1023","","","","1.80","","SW","Облачно","2025-11-29 19:58"
"4.80","","1.30","62","767","1023","","","","1.80","","SW","Облачно","2025-11-29 19:59"
"4.80","","1.30","62","767","1023","","","","1.80","","SW","Облачно","2025-11-29 20:00"
"4.80","","1.30","62","767","1023","","","","1.80","","SW","Облачно","2025-11-29 20:01"
"4.90","","1.40","63","767","1023","","","","1.80","","SW","Облачно","2025-11-29 20:02"
"4.80","","1.30","63","767","1023","","","","1.80","","SW","Облачно","2025-11-29 20:03"
"4.80","","1.30","63","767","1023","","","","1.80","","SW","Облачно","2025-11-29 20:04"
"4.80","","1.30","63","767","1023","","","","1.80","","SW","Облачно","2025-11-29 20:05"
"4.80","","1.30","63","767","1023","","","","1.80","","SW","Облачно","2025-11-29 20:06"
"4.80","","1.30","63","768","1024","","","","1.80","","SW","Облачно","2025-11-29 20:07"
"4.80","","1.30","63","768","1024","","","","1.80","","SW","Облачно","2025-11-29 20:08"
"4.80","","1.30","62","768","1024","","","","1.80","","SW","Облачно","2025-11-29 20:09"
"4.80","","1.30","62","768","1024","","","","1.80","","SW","Облачно","2025-11-29 20:10"
"4.80","","1.30","62","768","1024","","","","1.80","","SW","Облачно","2025-11-29 20:11"
"4.70","","1.20","62","768","1024","","","","1.80","","SW","Облачно","2025-11-29 20:12"
"4.70","","1.20","62","768","1024","","","","1.80","","SW","Облачно","2025-11-29 20:13"
"4.70","","1.20","62","768","1024","","","","1.80","","SW","Облачно","2025-11-29 20:14"
"4.70","","1.20","62","768","1024","","","","1.80","","SW","Облачно","2025-11-29 20:15"
"4.70","","1.20","62","768","1024","","","","1.80","","SW","Облачно","2025-11-29 20:16"
"4.70","","1.20","63","768","1024","","","","1.80","","SW","Облачно","2025-11-29 20:17"
"4.70","","1.20","63","768","1024","","","","1.80","","SW","Облачно","2025-11-29 20:18"
"4.70","","1.20","63","768","1024","","","","1.80","","SW","Облачно","2025-11-29 20:19"
"4.70","","1.20","63","768","1024","","","","1.80","","SW","Облачно","2025-11-29 20:20"
"4.70","","1.20","63","767","1023","","","","1.80","","SW","Облачно","2025-11-29 20:21"
"4.70","","1.20","63","767","1023","","","","1.80","","SW","Облачно","2025-11-29 20:22"
"4.70","","1.20","63","767","1023","","","","1.80","","SW","Облачно","2025-11-29 20:23"
"4.60","","1.10","63","767","1023","","","","1.80","","SW","Облачно","2025-11-29 20:24"
"4.60","","1.10","63","767","1023","","","","1.80","","SW","Облачно","2025-11-29 20:25"
"4.60","","1.10","63","767","1023","","","","1.80","","SW","Облачно","2025-11-29 20:26"
"4.60","","1.10","63","767","1023","","","","1.80","","SW","Облачно","2025-11-29 20:27"
"4.60","","1.10","63","767","1023","","","","1.80","","SW","Облачно","2025-11-29 20:28"
"4.60","","1.10","63","767","1023","","","","1.80","","SW","Облачно","2025-11-29 20:29"
"4.60","","1.10","63","767","1023","","","","1.80","","SW","Облачно","2025-11-29 20:30"
"4.60","","1.10","63","767","1023","","","","1.80","","SW","Облачно","2025-11-29 20:31"
"4.50","","1.00","63","767","1023","","","","1.80","","SW","Облачно","2025-11-29 20:32"
"4.50","","1.00","63","767","1023","","","","1.80","","SW","Облачно","2025-11-29 20:33"
"4.50","","1.00","63","767","1023","","","","1.80","","SW","Облачно","2025-11-29 20:34"
"4.50","","1.00","63","767","1023","","","","1.80","","SW","Облачно","2025-11-29 20:35"
"4.50","","1.00","63","767","1023","","","","1.80","","SW","Облачно","2025-11-29 20:36"
"4.50","","1.00","63","767","1023","","","","1.80","","SW","Облачно","2025-11-29 20:37"
"4.50","","1.00","63","767","1023","","","","1.80","","SW","Облачно","2025-11-29 20:38"
"4.50","","1.00","63","767","1023","","","","1.80","","SW","Облачно","2025-11-29 20:39"
"4.50","","1.00","64","767","1023","","","","1.80","","SW","Облачно","2025-11-29 20:40"
"4.50","","1.00","64","767","1023","","","","1.80","","SW","Облачно","2025-11-29 20:41"
"4.50","","1.00","64","767","1023","","","","1.80","","SW","Облачно","2025-11-29 20:42"
"4.50","","1.00","64","767","1023","","","","1.80","","SW","Облачно","2025-11-29 20:43"
"4.50","","1.00","64","767","1023","","","","1.80","","SW","Облачно","2025-11-29 20:44"
"4.50","","1.00","64","767","1023","","","","1.80","","SW","Облачно","2025-11-29 20:45"
"4.50","","1.00","64","767","1023","","","","1.80","","SW","Облачно","2025-11-29 20:46"
"4.50","","1.00","64","767","1023","","","","1.80","","SW","Облачно","2025-11-29 20:47"
"4.50","","1.00","64","767","1023","","","","1.80","","SW","Облачно","2025-11-29 20:48"
"4.50","","1.00","64","767","1023","","","","1.80","","SW","Облачно","2025-11-29 20:49"
"4.50","","1.00","64","767","1023","","","","1.80","","SW","Облачно","2025-11-29 20:50"
"4.50","","1.00","64","768","1024","","","","1.80","","SW","Облачно","2025-11-29 20:51"
"4.50","","1.00","64","768","1024","","","","1.80","","SW","Облачно","2025-11-29 20:52"
"4.50","","1.00","64","768","1024","","","","1.80","","SW","Облачно","2025-11-29 20:53"
"4.40","","0.90","65","768","1024","","","","1.80","","SW","Облачно","2025-11-29 20:54"
"4.50","","1.00","65","768","1024","","","","1.80","","SW","Облачно","2025-11-29 20:55"
"4.50","","1.00","65","768","1024","","","","1.80","","SW","Облачно","2025-11-29 20:56"
"4.50","","1.00","65","768","1024","","","","1.80","","SW","Облачно","2025-11-29 20:57"
"4.50","","1.00","65","768","1024","","","","1.80","","SW","Облачно","2025-11-29 20:58"
"4.50","","1.00","65","768","1024","","","","1.80","","SW","Облачно","2025-11-29 20:59"
"4.50","","1.00","65","768","1024","","","","1.80","","SW","Облачно","2025-11-29 21:00"
"4.50","","1.00","65","768","1024","","","","1.80","","SW","Облачно","2025-11-29 21:01"
"4.50","","1.00","65","768","1024","","","","1.80","","SW","Облачно","2025-11-29 21:02"
"4.50","","1.00","65","768","1024","","","","1.80","","SW","Облачно","2025-11-29 21:03"
"4.50","","1.00","65","768","1024","","","","1.80","","SW","Облачно","2025-11-29 21:04"
"4.50","","1.00","65","768","1024","","","","1.80","","SW","Облачно","2025-11-29 21:05"
"4.50","","1.00","65","767","1023","","","","1.80","","SW","Небольшая облачность","2025-11-29 21:06"
"4.50","","1.00","65","767","1023","","","","1.80","","SW","Небольшая облачность","2025-11-29 21:07"
"4.50","","1.00","65","767","1023","","","","1.80","","SW","Небольшая облачность","2025-11-29 21:08"
"4.50","","1.00","65","767","1023","","","","1.80","","SW","Небольшая облачность","2025-11-29 21:09"
"4.50","","1.00","65","767","1023","","","","1.80","","SW","Небольшая облачность","2025-11-29 21:10"
"4.50","","1.00","65","767","1023","","","","1.80","","SW","Небольшая облачность","2025-11-29 21:11"
"4.50","","1.00","65","767","1023","","","","1.80","","SW","Небольшая облачность","2025-11-29 21:12"
"4.50","","1.00","65","767","1023","","","","1.80","","SW","Небольшая облачность","2025-11-29 21:13"
"4.50","","1.00","65","767","1023","","","","1.80","","SW","Небольшая облачность","2025-11-29 21:14"
"4.50","","1.00","65","767","1023","","","","1.80","","SW","Небольшая облачность","2025-11-29 21:15"
"4.50","","1.00","65","767","1023","","","","1.80","","SW","Небольшая облачность","2025-11-29 21:16"
"4.50","","1.10","66","767","1023","","","","1.80","","SW","Небольшая облачность","2025-11-29 21:17"
"4.50","","1.10","66","767","1023","","","","1.80","","SW","Небольшая облачность","2025-11-29 21:18"
"4.40","","1.00","66","767","1023","","","","1.80","","SW","Небольшая облачность","2025-11-29 21:19"
"4.40","","1.00","66","767","1023","","","","1.80","","SW","Небольшая облачность","2025-11-29 21:20"
"4.40","","1.00","66","768","1024","","","","1.80","","SW","Небольшая облачность","2025-11-29 21:21"
"4.40","","1.00","66","768","1024","","","","1.80","","SW","Небольшая облачность","2025-11-29 21:22"
"4.40","","1.00","66","768","1024","","","","1.80","","SW","Небольшая облачность","2025-11-29 21:23"
"4.40","","1.00","66","768","1024","","","","1.80","","SW","Небольшая облачность","2025-11-29 21:24"
"4.40","","1.00","66","768","1024","","","","1.80","","SW","Небольшая облачность","2025-11-29 21:25"
"4.40","","1.00","66","768","1024","","","","1.80","","SW","Небольшая облачность","2025-11-29 21:26"
"4.40","","1.00","66","768","1024","","","","1.80","","SW","Небольшая облачность","2025-11-29 21:27"
"4.40","","1.00","66","768","1024","","","","1.80","","SW","Небольшая облачность","2025-11-29 21:28"
"4.40","","1.00","66","768","1024","","","","1.80","","SW","Небольшая облачность","2025-11-29 21:29"
"4.40","","1.00","66","768","1024","","","","1.80","","SW","Небольшая облачность","2025-11-29 21:30"
"4.40","","1.00","66","768","1024","","","","1.80","","SW","Небольшая облачность","2025-11-29 21:31"
"4.40","","1.00","66","768","1024","","","","1.80","","SW","Небольшая облачность","2025-11-29 21:32"
"4.40","","1.00","67","768","1024","","","","1.80","","SW","Небольшая облачность","2025-11-29 21:33"
"4.40","","1.00","67","768","1024","","","","1.80","","SW","Небольшая облачность","2025-11-29 21:34"
"4.40","","1.00","67","768","1024","","","","1.80","","SW","Небольшая облачность","2025-11-29 21:35"
"4.40","","1.00","67","768","1024","","","","1.80","","SW","Небольшая облачность","2025-11-29 21:36"
"4.40","","1.00","67","768","1024","","","","1.80","","SW","Небольшая облачность","2025-11-29 21:37"
"4.40","","1.00","67","768","1024","","","","1.80","","SW","Небольшая облачность","2025-11-29 21:38"
"4.40","","1.00","67","768","1024","","","","1.80","","SW","Небольшая облачность","2025-11-29 21:39"
"4.30","","0.90","67","768","1024","","","","1.80","","SW","Небольшая облачность","2025-11-29 21:40"
"4.30","","0.90","67","768","1024","","","","1.80","","SW","Небольшая облачность","2025-11-29 21:41"
"4.30","","0.90","67","768","1024","","","","1.80","","SW","Небольшая облачность","2025-11-29 21:42"
"4.30","","0.90","67","768","1024","","","","1.80","","SW","Небольшая облачность","2025-11-29 21:43"
"4.30","","0.90","67","768","1024","","","","1.80","","SW","Небольшая облачность","2025-11-29 21:44"
"4.30","","0.90","67","768","1024","","","","1.80","","SW","Небольшая облачность","2025-11-29 21:45"
"4.30","","0.90","67","768","1024","","","","1.80","","SW","Небольшая облачность","2025-11-29 21:46"
"4.30","","0.90","67","768","1024","","","","1.80","","SW","Небольшая облачность","2025-11-29 21:47"
"4.30","","0.90","67","768","1024","","","","1.80","","SW","Небольшая облачность","2025-11-29 21:48"
"4.30","","0.90","68","768","1024","","","","1.80","","SW","Небольшая облачность","2025-11-29 21:49"
"4.30","","0.90","68","768","1024","","","","1.80","","SW","Небольшая облачность","2025-11-29 21:50"
"4.30","","0.90","68","768","1024","","","","1.80","","SW","Небольшая облачность","2025-11-29 21:51"
"4.30","","0.90","68","767","1023","","","","1.80","","SW","Небольшая облачность","2025-11-29 21:52"
"4.30","","0.90","68","767","1023","","","","1.80","","SW","Небольшая облачность","2025-11-29 21:53"
"4.30","","0.90","68","767","1023","","","","1.80","","SW","Небольшая облачность","2025-11-29 21:54"
"4.30","","0.90","68","767","1023","","","","1.80","","SW","Небольшая облачность","2025-11-29 21:55"
"4.30","","0.90","68","767","1023","","","","1.80","","SW","Небольшая облачность","2025-11-29 21:56"
"4.30","","0.90","68","767","1023","","","","1.80","","SW","Небольшая облачность","2025-11-29 21:57"
"4.30","","0.90","68","767","1023","","","","1.80","","SW","Небольшая облачность","2025-11-29 21:58"
"4.30","","0.90","68","767","1023","","","","1.80","","SW","Небольшая облачность","2025-11-29 21:59"
"4.30","","0.90","68","767","1023","","","","1.80","","SW","Небольшая облачность","2025-11-29 22:00"
"4.30","","0.90","68","767","1023","","","","1.80","","SW","Небольшая облачность","2025-11-29 22:01"
"4.30","","0.90","68","767","1023","","","","1.80","","SW","Небольшая облачность","2025-11-29 22:02"
"4.20","","0.80","68","767","1023","","","","1.80","","SW","Небольшая облачность","2025-11-29 22:03"
"4.20","","0.80","68","767","1023","","","","1.80","","SW","Небольшая облачность","2025-11-29 22:04"
"4.20","","0.80","68","767","1023","","","","1.80","","SW","Небольшая облачность","2025-11-29 22:05"
"4.30","","0.90","68","767","1023","","","","1.80","","SW","Небольшая облачность","2025-11-29 22:06"
"4.30","","0.90","69","767","1023","","","","1.80","","SW","Небольшая облачность","2025-11-29 22:07"
"4.30","","0.90","69","767","1023","","","","1.80","","SW","Небольшая облачность","2025-11-29 22:08"
"4.30","","0.90","69","767","1023","","","","1.80","","SW","Небольшая облачность","2025-11-29 22:09"
"4.30","","0.90","69","767","1023","","","","1.80","","SW","Небольшая облачность","2025-11-29 22:10"
"4.30","","0.90","69","767","1023","","","","1.80","","SW","Небольшая облачность","2025-11-29 22:11"
"4.30","","0.90","69","767","1023","","","","1.80","","SW","Небольшая облачность","2025-11-29 22:12"
"4.30","","0.90","69","767","1023","","","","1.80","","SW","Небольшая облачность","2025-11-29 22:13"
"4.30","","0.90","69","767","1023","","","","1.80","","SW","Небольшая облачность","2025-11-29 22:14"
"4.30","","0.90","69","767","1023","","","","1.80","","SW","Небольшая облачность","2025-11-29 22:15"
"4.30","","0.90","69","767","1023","","","","1.80","","SW","Небольшая облачность","2025-11-29 22:16"
"4.30","","0.90","69","767","1023","","","","1.80","","SW","Небольшая облачность","2025-11-29 22:17"
"4.20","","0.80","69","767","1023","","","","1.80","","SW","Небольшая облачность","2025-11-29 22:18"
"4.20","","0.80","69","767","1023","","","","1.80","","SW","Небольшая облачность","2025-11-29 22:19"
"4.30","","0.90","69","767","1023","","","","1.80","","SW","Небольшая облачность","2025-11-29 22:20"
"4.30","","0.90","69","767","1023","","","","1.80","","SW","Небольшая облачность","2025-11-29 22:21"
"4.30","","0.90","69","767","1023","","","","1.80","","SW","Небольшая облачность","2025-11-29 22:22"
"4.30","","1.00","70","767","1023","","","","1.80","","SW","Небольшая облачность","2025-11-29 22:23"
"4.30","","1.00","70","767","1023","","","","1.80","","SW","Небольшая облачность","2025-11-29 22:24"
"4.30","","1.00","70","767","1023","","","","1.80","","SW","Небольшая облачность","2025-11-29 22:25"
"4.30","","1.00","70","767","1023","","","","1.80","","SW","Небольшая облачность","2025-11-29 22:26"
"4.30","","1.00","70","767","1023","","","","1.80","","SW","Небольшая облачность","2025-11-29 22:27"
"4.30","","1.00","70","767","1023","","","","1.80","","SW","Небольшая облачность","2025-11-29 22:28"
"4.30","","1.00","70","767","1023","","","","1.80","","SW","Небольшая облачность","2025-11-29 22:29"
"4.30","","1.00","70","767","1023","","","","1.80","","SW","Небольшая облачность","2025-11-29 22:30"
"4.30","","1.00","70","767","1023","","","","1.80","","SW","Небольшая облачность","2025-11-29 22:31"
"4.30","","1.00","70","767","1023","","","","1.80","","SW","Небольшая облачность","2025-11-29 22:32"
"4.30","","1.00","70","767","1023","","","","1.80","","SW","Небольшая облачность","2025-11-29 22:33"
"4.30","","1.00","70","767","1023","","","","1.80","","SW","Небольшая облачность","2025-11-29 22:34"
"4.30","","1.00","70","767","1023","","","","1.80","","SW","Небольшая облачность","2025-11-29 22:35"
"4.30","","1.00","70","767","1023","","","","1.80","","SW","Облачно","2025-11-29 22:36"
"4.30","","1.00","70","767","1023","","","","1.80","","SW","Облачно","2025-11-29 22:37"
"4.30","","1.00","70","767","1023","","","","1.80","","SW","Облачно","2025-11-29 22:38"
"4.30","","1.00","70","767","1023","","","","1.80","","SW","Облачно","2025-11-29 22:39"
"4.30","","1.00","70","767","1023","","","","1.80","","SW","Облачно","2025-11-29 22:40"
"4.30","","1.00","70","767","1023","","","","1.80","","SW","Облачно","2025-11-29 22:41"
"4.20","","0.80","70","767","1023","","","","1.80","","SW","Облачно","2025-11-29 22:42"
"4.20","","0.80","70","767","1023","","","","1.80","","SW","Облачно","2025-11-29 22:43"
"4.20","","0.80","70","767","1023","","","","1.80","","SW","Облачно","2025-11-29 22:44"
"4.20","","0.80","70","767","1023","","","","1.80","","SW","Облачно","2025-11-29 22:45"
"4.20","","0.80","70","767","1023","","","","1.80","","SW","Облачно","2025-11-29 22:46"
"4.20","","0.80","70","767","1023","","","","1.80","","SW","Облачно","2025-11-29 22:47"
"4.20","","0.80","70","767","1023","","","","1.80","","SW","Облачно","2025-11-29 22:48"
"4.20","","0.80","70","767","1023","","","","1.80","","SW","Облачно","2025-11-29 22:49"
"4.20","","0.80","70","767","1023","","","","1.80","","SW","Облачно","2025-11-29 22:50"
"4.20","","0.80","70","767","1023","","","","1.80","","SW","Облачно","2025-11-29 22:51"
"4.20","","0.80","70","767","1023","","","","1.80","","SW","Облачно","2025-11-29 22:52"
"4.20","","0.80","70","767","1023","","","","1.80","","SW","Облачно","2025-11-29 22:53"
"4.20","","0.80","70","767","1023","","","","1.80","","SW","Облачно","2025-11-29 22:54"
"4.20","","0.80","70","767","1023","","","","1.80","","SW","Облачно","2025-11-29 22:55"
"4.20","","0.80","70","767","1023","","","","1.80","","SW","Облачно","2025-11-29 22:56"
"4.20","","0.80","70","767","1023","","","","1.80","","SW","Облачно","2025-11-29 22:57"
"4.20","","0.80","70","767","1023","","","","1.80","","SW","Облачно","2025-11-29 22:58"
"4.20","","0.80","70","767","1023","","","","1.80","","SW","Облачно","2025-11-29 22:59"
"4.20","","0.80","70","767","1023","","","","1.80","","SW","Облачно","2025-11-29 23:00"
"4.20","","0.80","70","767","1023","","","","1.80","","SW","Облачно","2025-11-29 23:01"
"4.20","","0.80","70","767","1023","","","","1.80","","SW","Облачно","2025-11-29 23:02"
"4.20","","0.80","70","767","1023","","","","1.80","","SW","Облачно","2025-11-29 23:03"
"4.20","","0.80","70","767","1023","","","","1.80","","SW","Облачно","2025-11-29 23:04"
"4.20","","0.80","70","767","1023","","","","1.80","","SW","Облачно","2025-11-29 23:05"
"4.20","","0.80","70","767","1023","","","","1.80","","SW","Облачно","2025-11-29 23:06"
"4.20","","0.80","70","767","1023","","","","1.80","","SW","Облачно","2025-11-29 23:07"
"4.20","","0.80","70","767","1023","","","","1.80","","SW","Облачно","2025-11-29 23:08"
"4.20","","0.80","70","767","1023","","","","1.80","","SW","Облачно","2025-11-29 23:09"
"4.20","","0.80","70","767","1023","","","","1.80","","SW","Облачно","2025-11-29 23:10"
"4.20","","0.80","70","767","1023","","","","1.80","","SW","Облачно","2025-11-29 23:11"
"4.20","","0.80","70","767","1023","","","","1.80","","SW","Облачно","2025-11-29 23:12"
"4.10","","0.70","70","767","1023","","","","1.80","","SW","Облачно","2025-11-29 23:13"
"4.10","","0.70","70","767","1023","","","","1.80","","SW","Облачно","2025-11-29 23:14"
"4.10","","0.70","70","767","1023","","","","1.80","","SW","Облачно","2025-11-29 23:15"
"4.10","","0.70","70","767","1023","","","","1.80","","SW","Облачно","2025-11-29 23:16"
"4.10","","0.70","70","767","1023","","","","1.80","","SW","Облачно","2025-11-29 23:17"
"4.10","","0.70","70","767","1023","","","","1.80","","SW","Облачно","2025-11-29 23:18"
"4.10","","0.70","70","767","1023","","","","1.80","","SW","Облачно","2025-11-29 23:19"
"4.10","","0.70","70","767","1023","","","","1.80","","SW","Облачно","2025-11-29 23:20"
"4.10","","0.70","70","767","1023","","","","1.80","","SW","Облачно","2025-11-29 23:21"
"4.10","","0.70","70","767","1023","","","","1.80","","SW","Облачно","2025-11-29 23:22"
"4.10","","0.70","70","767","1023","","","","1.80","","SW","Облачно","2025-11-29 23:23"
"4.10","","0.70","70","767","1023","","","","1.80","","SW","Облачно","2025-11-29 23:24"
"4.10","","0.70","70","767","1023","","","","1.80","","SW","Облачно","2025-11-29 23:25"
"4.10","","0.70","70","767","1023","","","","1.80","","SW","Облачно","2025-11-29 23:26"
"4.10","","0.70","70","767","1023","","","","1.80","","SW","Облачно","2025-11-29 23:27"
"4.10","","0.70","70","767","1023","","","","1.80","","SW","Облачно","2025-11-29 23:28"
"4.10","","0.70","70","767","1023","","","","1.80","","SW","Облачно","2025-11-29 23:29"
"4.00","","0.60","70","767","1023","","","","1.80","","SW","Облачно","2025-11-29 23:30"
"4.00","","0.60","70","767","1023","","","","1.80","","SW","Облачно","2025-11-29 23:31"
"4.00","","0.60","70","767","1023","","","","1.80","","SW","Облачно","2025-11-29 23:32"
"4.00","","0.60","70","767","1023","","","","1.80","","SW","Облачно","2025-11-29 23:33"
"4.00","","0.60","70","767","1023","","","","1.80","","SW","Облачно","2025-11-29 23:34"
"4.00","","0.60","70","767","1023","","","","1.80","","SW","Облачно","2025-11-29 23:35"
"4.00","","0.60","70","767","1023","","","","1.80","","SW","Облачно","2025-11-29 23:36"
"4.00","","0.60","70","767","1023","","","","1.80","","SW","Облачно","2025-11-29 23:37"
"4.00","","0.60","70","767","1023","","","","1.80","","SW","Облачно","2025-11-29 23:38"
"4.00","","0.60","70","767","1023","","","","1.80","","SW","Облачно","2025-11-29 23:39"
"4.00","","0.60","70","767","1023","","","","1.80","","SW","Облачно","2025-11-29 23:40"
"4.00","","0.60","71","767","1023","","","","1.80","","SW","Облачно","2025-11-29 23:41"
"4.00","","0.60","71","767","1023","","","","1.80","","SW","Облачно","2025-11-29 23:42"
"4.00","","0.60","71","767","1023","","","","1.80","","SW","Облачно","2025-11-29 23:43"
"4.00","","0.60","71","767","1023","","","","1.80","","SW","Облачно","2025-11-29 23:44"
"4.00","","0.60","71","767","1023","","","","1.80","","SW","Облачно","2025-11-29 23:45"
"4.00","","0.60","71","767","1023","","","","1.80","","SW","Облачно","2025-11-29 23:46"
"4.00","","0.60","71","767","1023","","","","1.80","","SW","Облачно","2025-11-29 23:47"
"4.00","","0.60","71","767","1023","","","","1.80","","SW","Облачно","2025-11-29 23:48"
"4.00","","0.60","71","767","1023","","","","1.80","","SW","Облачно","2025-11-29 23:49"
"4.00","","0.60","71","767","1023","","","","1.80","","SW","Облачно","2025-11-29 23:50"
"4.00","","0.60","71","767","1023","","","","1.80","","SW","Облачно","2025-11-29 23:51"
"4.00","","0.60","71","767","1023","","","","1.80","","SW","Облачно","2025-11-29 23:52"
"4.00","","0.60","71","767","1023","","","","1.80","","SW","Облачно","2025-11-29 23:53"
"4.00","","0.60","71","767","1023","","","","1.80","","SW","Облачно","2025-11-29 23:54"
"4.00","","0.60","71","767","1023","","","","1.80","","SW","Облачно","2025-11-29 23:55"
"4.00","","0.70","72","767","1023","","","","1.80","","SW","Облачно","2025-11-29 23:56"
"4.00","","0.70","72","767","1023","","","","1.80","","SW","Облачно","2025-11-29 23:57"
"4.00","","0.70","72","767","1023","","","","1.80","","SW","Облачно","2025-11-29 23:58"
"4.10","","0.80","72","767","1023","","","","1.80","","SW","Облачно","2025-11-29 23:59"