"Temp","Temp Water","Temp Feels Like","Humidity","Pressure Mm","Pressure Hpa","Precip Mm","Precip Type","Precip Intensity","Wind Speed Ms","Wind Gust Speed Ms","Wind Dir","Condition","Created At"
"-4.50","","-8.50","56","747","997","","","","1.10","","SSW","Облачно","2025-12-28 00:00"
"-4.50","","-9.50","56","747","997","","","","2.60","","SSW","Облачно","2025-12-28 00:01"
"-4.50","","-8.90","56","747","997","","","","1.80","","SSW","Облачно","2025-12-28 00:02"
"-4.50","","-8.90","56","747","997","","","","1.80","","SSW","Облачно","2025-12-28 00:03"
"-4.50","","-8.10","56","747","997","","","","0.60","","SSW","Облачно","2025-12-28 00:04"
"-4.50","","-8.10","56","747","997","","","","1.40","","SSW","Облачно","2025-12-28 00:05"
"-4.60","","-8.80","56","748","998","","","","0.50","","SSW","Облачно","2025-12-28 00:06"
"-4.60","","-8.80","56","748","998","","","","0.50","","SSW","Облачно","2025-12-28 00:07"
"-4.60","","-8.10","56","748","998","","","","0.50","","SSW","Облачно","2025-12-28 00:08"
"-4.60","","-8.10","56","748","998","","","","1.70","","SSW","Облачно","2025-12-28 00:09"
"-4.60","","-9.00","56","748","998","","","","1.70","","SSW","Облачно","2025-12-28 00:10"
"-4.60","","-8.80","56","748","998","","","","1.40","","SSW","Облачно","2025-12-28 00:11"
"-4.60","","-9.00","56","748","998","","","","0.70","","SSW","Облачно","2025-12-28 00:12"
"-4.70","","-8.40","55","748","998","","","","0.70","","SSW","Облачно","2025-12-28 00:13"
"-4.70","","-8.30","56","748","998","","","","0.40","","SSW","Облачно","2025-12-28 00:14"
"-4.60","","-8.10","56","748","998","","","","0.40","","SSW","Облачно","2025-12-28 00:15"
"-4.60","","-8.10","56","748","998","","","","0.40","","SSW","Облачно","2025-12-28 00:16"
"-4.60","","-8.80","56","748","998","","","","1.00","","SSW","Облачно","2025-12-28 00:17"
"-4.70","","-8.60","56","748","998","","","","1.00","","SSW","Облачно","2025-12-28 00:18"
"-4.70","","-8.70","56","748","998","","","","1.20","","SSW","Облачно","2025-12-28 00:19"
"-4.70","","-8.70","56","748","998","","","","0.50","","SSW","Облачно","2025-12-28 00:20"
"-4.70","","-8.70","56","748","998","","","","0.50","","SSW","Облачно","2025-12-28 00:21"
"-4.70","","-8.70","56","748","998","","","","1.70","","SSW","Облачно","2025-12-28 00:22"
"-4.70","","-9.10","56","748","998","","","","1.60","","SSW","Облачно","2025-12-28 00:23"
"-4.70","","-9.10","56","748","998","","","","1.60","","SSW","Облачно","2025-12-28 00:24"
"-4.70","","-8.90","56","748","998","","","","1.40","","SSW","Облачно","2025-12-28 00:25"
"-4.70","","-9.00","56","748","998","","","","1.50","","SSW","Облачно","2025-12-28 00:26"
"-4.70","","-9.00","56","748","998","","","","1.50","","SSW","Облачно","2025-12-28 00:27"
"-4.70","","-9.30","56","748","998","","","","1.90","","SSW","Облачно","2025-12-28 00:28"
"-4.70","","-9.20","56","748","998","","","","1.90","","SSW","Облачно","2025-12-28 00:29"
"-4.70","","-9.10","56","748","998","","","","1.70","","SSW","Облачно","2025-12-28 00:30"
"-4.70","","-9.10","56","748","998","","","","1.80","","SSW","Облачно","2025-12-28 00:31"
"-4.70","","-9.20","56","748","998","","","","1.20","","SSW","Облачно","2025-12-28 00:32"
"-4.70","","-9.20","56","748","998","","","","1.90","","SSW","Облачно","2025-12-28 00:33"
"-4.70","","-9.20","56","748","998","","","","1.90","","SSW","Облачно","2025-12-28 00:34"
"-4.70","","-8.90","56","748","998","","","","1.30","","SSW","Облачно","2025-12-28 00:35"
"-4.70","","-8.90","56","748","998","","","","1.30","","SSW","Небольшая облачность","2025-12-28 00:36"
"-4.70","","-8.90","56","748","998","","","","1.10","","SSW","Небольшая облачность","2025-12-28 00:37"
"-4.70","","-8.90","56","748","998","","","","1.20","","SSW","Небольшая облачность","2025-12-28 00:38"
"-4.70","","-8.90","56","748","998","","","","1.20","","SSW","Небольшая облачность","2025-12-28 00:39"
"-4.70","","-8.90","56","748","998","","","","0.00","","SSW","Небольшая облачность","2025-12-28 00:40"
"-4.70","","-8.30","56","748","998","","","","0.50","","SSW","Небольшая облачность","2025-12-28 00:41"
"-4.70","","-8.30","56","748","998","","","","0.50","","SSW","Небольшая облачность","2025-12-28 00:42"
"-4.70","","-7.90","56","748","998","","","","0.00","","SSW","Небольшая облачность","2025-12-28 00:43"
"-4.70","","-7.90","56","748","998","","","","0.60","","SSW","Небольшая облачность","2025-12-28 00:44"
"-4.70","","-8.90","56","748","998","","","","0.90","","SSW","Небольшая облачность","2025-12-28 00:45"
"-4.70","","-8.50","56","748","998","","","","0.60","","SSW","Небольшая облачность","2025-12-28 00:46"
"-4.70","","-8.30","56","748","998","","","","0.60","","SSW","Небольшая облачность","2025-12-28 00:47"
"-4.70","","-8.30","56","748","998","","","","0.40","","SSW","Небольшая облачность","2025-12-28 00:48"
"-4.70","","-8.20","56","748","998","","","","0.00","","SSW","Небольшая облачность","2025-12-28 00:49"
"-4.70","","-7.90","56","748","998","","","","0.00","","SSW","Небольшая облачность","2025-12-28 00:50"
"-4.60","","-7.80","56","747","997","","","","0.00","","SSW","Небольшая облачность","2025-12-28 00:51"
"-4.70","","-8.30","56","747","997","","","","0.60","","SSW","Небольшая облачность","2025-12-28 00:52"
"-4.70","","-8.30","56","747","997","","","","1.60","","SSW","Небольшая облачность","2025-12-28 00:53"
"-4.70","","-9.00","56","747","997","","","","1.20","","SSW","Небольшая облачность","2025-12-28 00:54"
"-4.70","","-8.70","56","747","997","","","","0.50","","SSW","Небольшая облачность","2025-12-28 00:55"
"-4.70","","-7.90","56","747","997","","","","0.00","","SSW","Небольшая облачность","2025-12-28 00:56"
"-4.70","","-7.90","56","747","997","","","","0.50","","SSW","Небольшая облачность","2025-12-28 00:57"
"-4.70","","-8.30","56","747","997","","","","0.40","","SSW","Небольшая облачность","2025-12-28 00:58"
"-4.60","","-8.10","56","747","997","","","","0.00","","SSW","Небольшая облачность","2025-12-28 00:59"
"-4.60","","-7.80","56","747","997","","","","0.00","","SSW","Небольшая облачность","2025-12-28 01:00"
"-4.60","","-7.80","56","747","997","","","","0.00","","SSW","Небольшая облачность","2025-12-28 01:01"
"-4.60","","-8.10","56","747","997","","","","0.50","","SSW","Небольшая облачность","2025-12-28 01:02"
"-4.60","","-8.10","56","747","997","","","","0.40","","SSW","Небольшая облачность","2025-12-28 01:03"
"-4.60","","-8.10","56","747","997","","","","0.40","","SSW","Небольшая облачность","2025-12-28 01:04"
"-4.70","","-8.20","56","747","997","","","","0.40","","SSW","Небольшая облачность","2025-12-28 01:05"
"-4.70","","-8.20","56","747","997","","","","0.40","","SSW","Облачно","2025-12-28 01:06"
"-4.70","","-8.30","56","747","997","","","","0.40","","SSW","Облачно","2025-12-28 01:07"
"-4.70","","-8.20","56","747","997","","","","0.40","","SSW","Облачно","2025-12-28 01:08"
"-4.60","","-8.10","56","747","997","","","","0.60","","SSW","Облачно","2025-12-28 01:09"
"-4.60","","-8.20","56","747","997","","","","0.60","","SSW","Облачно","2025-12-28 01:10"
"-4.60","","-8.20","56","747","997","","","","0.50","","SSW","Облачно","2025-12-28 01:11"
"-4.60","","-8.10","56","747","997","","","","0.50","","SSW","Облачно","2025-12-28 01:12"
"-4.60","","-8.10","56","747","997","","","","0.60","","SSW","Облачно","2025-12-28 01:13"
"-4.60","","-8.20","56","747","997","","","","0.40","","SSW","Облачно","2025-12-28 01:14"
"-4.60","","-8.10","56","747","997","","","","0.50","","SSW","Облачно","2025-12-28 01:15"
"-4.60","","-8.10","56","747","997","","","","0.70","","SSW","Облачно","2025-12-28 01:16"
"-4.50","","-8.20","56","747","997","","","","0.70","","SSW","Облачно","2025-12-28 01:17"
"-4.50","","-8.20","56","747","997","","","","0.70","","SSW","Облачно","2025-12-28 01:18"
"-4.60","","-8.30","56","747","997","","","","0.70","","SSW","Облачно","2025-12-28 01:19"
"-4.50","","-8.10","57","747","997","","","","0.60","","SSW","Облачно","2025-12-28 01:20"
"-4.50","","-8.10","57","748","998","","","","0.60","","SSW","Облачно","2025-12-28 01:21"
"-4.50","","-8.10","57","748","998","","","","0.60","","SSW","Облачно","2025-12-28 01:22"
"-4.50","","-8.10","57","748","998","","","","0.60","","SSW","Облачно","2025-12-28 01:23"
"-4.50","","-8.10","57","748","998","","","","0.60","","SSW","Облачно","2025-12-28 01:24"
"-4.50","","-8.10","57","748","998","","","","0.40","","SSW","Облачно","2025-12-28 01:25"
"-4.50","","-8.00","57","748","998","","","","0.40","","SSW","Облачно","2025-12-28 01:26"
"-4.50","","-8.10","57","748","998","","","","0.60","","SSW","Облачно","2025-12-28 01:27"
"-4.50","","-8.10","57","748","998","","","","0.60","","SSW","Облачно","2025-12-28 01:28"
"-4.50","","-8.10","57","748","998","","","","1.20","","SSW","Облачно","2025-12-28 01:29"
"-4.50","","-8.10","57","748","998","","","","1.20","","SSW","Облачно","2025-12-28 01:30"
"-4.50","","-9.00","57","748","998","","","","1.90","","SSW","Облачно","2025-12-28 01:31"
"-4.50","","-8.60","57","748","998","","","","1.30","","S","Облачно","2025-12-28 01:32"
"-4.50","","-8.20","57","748","998","","","","0.40","","S","Облачно","2025-12-28 01:33"
"-4.50","","-8.00","57","748","998","","","","0.40","","S","Облачно","2025-12-28 01:34"
"-4.50","","-8.00","57","748","998","","","","0.60","","S","Облачно","2025-12-28 01:35"
"-4.50","","-8.10","57","748","998","","","","0.60","","S","Облачно","2025-12-28 01:36"
"-4.50","","-8.10","57","748","998","","","","0.90","","S","Облачно","2025-12-28 01:37"
"-4.50","","-8.30","57","748","998","","","","0.90","","S","Облачно","2025-12-28 01:38"
"-4.50","","-8.30","56","748","998","","","","0.90","","S","Облачно","2025-12-28 01:39"
"-4.50","","-8.00","56","748","998","","","","1.10","","S","Облачно","2025-12-28 01:40"
"-4.50","","-8.00","56","748","998","","","","1.20","","S","Облачно","2025-12-28 01:41"
"-4.50","","-8.50","56","748","998","","","","0.90","","S","Облачно","2025-12-28 01:42"
"-4.50","","-8.50","56","748","998","","","","0.90","","S","Облачно","2025-12-28 01:43"
"-4.50","","-8.30","56","748","998","","","","1.40","","S","Облачно","2025-12-28 01:44"
"-4.50","","-8.70","56","748","998","","","","1.40","","S","Облачно","2025-12-28 01:45"
"-4.50","","-8.70","56","748","998","","","","1.00","","S","Облачно","2025-12-28 01:46"
"-4.50","","-8.70","56","748","998","","","","0.50","","S","Облачно","2025-12-28 01:47"
"-4.50","","-8.00","56","748","998","","","","1.20","","S","Облачно","2025-12-28 01:48"
"-4.50","","-8.50","57","748","998","","","","1.20","","S","Облачно","2025-12-28 01:49"
"-4.50","","-8.60","57","748","998","","","","1.30","","S","Облачно","2025-12-28 01:50"
"-4.50","","-8.60","57","748","998","","","","1.30","","S","Облачно","2025-12-28 01:51"
"-4.50","","-8.60","57","748","998","","","","1.20","","S","Облачно","2025-12-28 01:52"
"-4.50","","-8.60","57","748","998","","","","1.30","","S","Облачно","2025-12-28 01:53"
"-4.50","","-8.00","57","748","998","","","","0.40","","S","Облачно","2025-12-28 01:54"
"-4.50","","-8.00","57","748","998","","","","0.60","","S","Облачно","2025-12-28 01:55"
"-4.50","","-8.40","57","748","998","","","","1.10","","S","Облачно","2025-12-28 01:56"
"-4.50","","-8.40","57","748","998","","","","1.10","","S","Облачно","2025-12-28 01:57"
"-4.50","","-8.40","57","748","998","","","","0.50","","S","Облачно","2025-12-28 01:58"
"-4.50","","-8.00","57","748","998","","","","0.50","","S","Облачно","2025-12-28 01:59"
"-4.50","","-8.00","57","748","998","","","","0.50","","S","Облачно","2025-12-28 02:00"
"-4.50","","-8.00","57","748","998","","","","0.50","","S","Облачно","2025-12-28 02:01"
"-4.50","","-8.00","57","748","998","","","","0.50","","S","Облачно","2025-12-28 02:02"
"-4.50","","-8.10","57","748","998","","","","0.60","","S","Облачно","2025-12-28 02:03"
"-4.50","","-8.10","57","748","998","","","","0.60","","S","Облачно","2025-12-28 02:04"
"-4.50","","-8.00","57","748","998","","","","0.50","","S","Облачно","2025-12-28 02:05"
"-4.50","","-8.00","57","748","998","","","","0.90","","S","Небольшая облачность","2025-12-28 02:06"
"-4.40","","-8.20","56","748","998","","","","0.90","","S","Небольшая облачность","2025-12-28 02:07"
"-4.40","","-8.30","56","748","998","","","","1.00","","S","Небольшая облачность","2025-12-28 02:08"
"-4.40","","-8.30","56","748","998","","","","1.00","","S","Небольшая облачность","2025-12-28 02:09"
"-4.40","","-8.20","56","748","998","","","","0.40","","S","Небольшая облачность","2025-12-28 02:10"
"-4.40","","-7.80","57","748","998","","","","0.40","","S","Небольшая облачность","2025-12-28 02:11"
"-4.40","","-7.80","57","748","998","","","","0.40","","S","Небольшая облачность","2025-12-28 02:12"
"-4.30","","-7.50","57","748","998","","","","0.00","","S","Небольшая облачность","2025-12-28 02:13"
"-4.30","","-7.50","57","748","998","","","","0.00","","S","Небольшая облачность","2025-12-28 02:14"
"-4.30","","-7.50","57","748","998","","","","0.60","","S","Небольшая облачность","2025-12-28 02:15"
"-4.30","","-7.90","57","748","998","","","","0.60","","S","Небольшая облачность","2025-12-28 02:16"
"-4.30","","-7.90","57","748","998","","","","0.60","","S","Небольшая облачность","2025-12-28 02:17"
"-4.30","","-7.90","57","748","998","","","","0.60","","S","Небольшая облачность","2025-12-28 02:18"
"-4.30","","-7.50","57","748","998","","","","0.00","","S","Небольшая облачность","2025-12-28 02:19"
"-4.30","","-7.50","57","748","998","","","","0.00","","S","Небольшая облачность","2025-12-28 02:20"
"-4.30","","-7.50","57","748","998","","","","0.00","","S","Небольшая облачность","2025-12-28 02:21"
"-4.30","","-7.70","57","748","998","","","","0.00","","S","Небольшая облачность","2025-12-28 02:22"
"-4.30","","-7.50","57","748","998","","","","0.00","","S","Небольшая облачность","2025-12-28 02:23"
"-4.30","","-7.50","57","748","998","","","","0.00","","S","Небольшая облачность","2025-12-28 02:24"
"-4.30","","-7.70","57","748","998","","","","0.40","","S","Небольшая облачность","2025-12-28 02:25"
"-4.30","","-7.70","57","748","998","","","","0.40","","S","Небольшая облачность","2025-12-28 02:26"
"-4.20","","-7.60","57","748","998","","","","0.40","","S","Небольшая облачность","2025-12-28 02:27"
"-4.20","","-7.80","57","748","998","","","","0.60","","S","Небольшая облачность","2025-12-28 02:28"
"-4.20","","-7.80","57","748","998","","","","0.70","","S","Небольшая облачность","2025-12-28 02:29"
"-4.20","","-7.60","57","748","998","","","","0.40","","S","Небольшая облачность","2025-12-28 02:30"
"-4.20","","-7.60","57","748","998","","","","0.40","","S","Небольшая облачность","2025-12-28 02:31"
"-4.20","","-7.60","57","748","998","","","","0.40","","S","Небольшая облачность","2025-12-28 02:32"
"-4.20","","-7.60","57","748","998","","","","0.40","","S","Небольшая облачность","2025-12-28 02:33"
"-4.20","","-7.60","57","748","998","","","","0.40","","S","Небольшая облачность","2025-12-28 02:34"
"-4.20","","-7.40","57","748","998","","","","0.00","","S","Небольшая облачность","2025-12-28 02:35"
"-4.20","","-7.40","57","748","998","","","","0.00","","S","Небольшая облачность","2025-12-28 02:36"
"-4.20","","-7.40","57","748","998","","","","0.40","","S","Небольшая облачность","2025-12-28 02:37"
"-4.20","","-7.60","57","748","998","","","","0.40","","S","Небольшая облачность","2025-12-28 02:38"
"-4.10","","-7.50","57","748","998","","","","0.40","","S","Небольшая облачность","2025-12-28 02:39"
"-4.10","","-7.50","57","748","998","","","","0.40","","S","Небольшая облачность","2025-12-28 02:40"
"-4.10","","-7.50","57","748","998","","","","0.00","","S","Небольшая облачность","2025-12-28 02:41"
"-4.10","","-7.50","57","748","998","","","","0.00","","S","Небольшая облачность","2025-12-28 02:42"
"-4.10","","-7.30","57","748","998","","","","0.40","","S","Небольшая облачность","2025-12-28 02:43"
"-4.00","","-7.40","57","748","998","","","","0.40","","S","Небольшая облачность","2025-12-28 02:44"
"-4.00","","-7.40","57","748","998","","","","0.40","","S","Небольшая облачность","2025-12-28 02:45"
"-4.00","","-7.10","58","748","998","","","","0.00","","S","Небольшая облачность","2025-12-28 02:46"
"-4.00","","-7.10","58","748","998","","","","0.00","","S","Небольшая облачность","2025-12-28 02:47"
"-3.90","","-7.40","58","748","998","","","","0.50","","S","Небольшая облачность","2025-12-28 02:48"
"-3.90","","-7.40","58","748","998","","","","0.50","","S","Небольшая облачность","2025-12-28 02:49"
"-3.90","","-7.40","58","748","998","","","","0.60","","S","Небольшая облачность","2025-12-28 02:50"
"-3.90","","-7.40","58","747","997","","","","0.50","","S","Небольшая облачность","2025-12-28 02:51"
"-3.90","","-7.70","58","747","997","","","","0.90","","S","Небольшая облачность","2025-12-28 02:52"
"-3.90","","-7.70","58","747","997","","","","0.90","","S","Небольшая облачность","2025-12-28 02:53"
"-3.90","","-7.40","58","747","997","","","","0.60","","S","Небольшая облачность","2025-12-28 02:54"
"-3.90","","-7.70","58","747","997","","","","1.00","","S","Небольшая облачность","2025-12-28 02:55"
"-3.90","","-7.40","58","747","997","","","","0.50","","S","Небольшая облачность","2025-12-28 02:56"
"-3.90","","-7.40","58","747","997","","","","0.50","","S","Небольшая облачность","2025-12-28 02:57"
"-3.90","","-7.00","58","747","997","","","","0.00","","S","Небольшая облачность","2025-12-28 02:58"
"-3.90","","-7.00","58","747","997","","","","0.00","","S","Небольшая облачность","2025-12-28 02:59"
"-3.90","","-7.00","58","747","997","","","","0.00","","S","Небольшая облачность","2025-12-28 03:00"
"-3.90","","-7.30","58","747","997","","","","1.00","","S","Небольшая облачность","2025-12-28 03:01"
"-3.90","","-7.70","58","747","997","","","","1.00","","S","Небольшая облачность","2025-12-28 03:02"
"-3.90","","-7.90","58","747","997","","","","1.30","","S","Небольшая облачность","2025-12-28 03:03"
"-3.90","","-8.10","58","747","997","","","","1.60","","S","Небольшая облачность","2025-12-28 03:04"
"-3.90","","-8.10","58","747","997","","","","1.60","","S","Небольшая облачность","2025-12-28 03:05"
"-3.90","","-7.80","58","748","998","","","","1.10","","S","Небольшая облачность","2025-12-28 03:06"
"-3.90","","-8.10","58","748","998","","","","1.50","","S","Небольшая облачность","2025-12-28 03:07"
"-3.90","","-8.10","58","748","998","","","","1.60","","S","Небольшая облачность","2025-12-28 03:08"
"-3.90","","-8.10","58","748","998","","","","1.60","","S","Небольшая облачность","2025-12-28 03:09"
"-3.90","","-8.20","58","748","998","","","","1.70","","S","Небольшая облачность","2025-12-28 03:10"
"-3.90","","-7.50","58","748","998","","","","0.70","","S","Небольшая облачность","2025-12-28 03:11"
"-3.90","","-7.50","58","748","998","","","","0.70","","S","Небольшая облачность","2025-12-28 03:12"
"-3.90","","-7.50","58","748","998","","","","1.50","","S","Небольшая облачность","2025-12-28 03:13"
"-3.90","","-8.10","58","748","998","","","","1.50","","S","Небольшая облачность","2025-12-28 03:14"
"-3.90","","-7.70","58","748","998","","","","1.00","","S","Небольшая облачность","2025-12-28 03:15"
"-3.90","","-7.70","58","748","998","","","","1.00","","S","Небольшая облачность","2025-12-28 03:16"
"-3.90","","-7.70","57","748","998","","","","1.20","","S","Небольшая облачность","2025-12-28 03:17"
"-3.90","","-7.90","58","748","998","","","","0.70","","S","Небольшая облачность","2025-12-28 03:18"
"-3.90","","-7.90","58","748","998","","","","1.40","","S","Небольшая облачность","2025-12-28 03:19"
"-3.90","","-8.00","57","748","998","","","","1.40","","S","Небольшая облачность","2025-12-28 03:20"
"-3.90","","-8.00","57","748","998","","","","1.40","","S","Небольшая облачность","2025-12-28 03:21"
"-3.90","","-7.30","58","747","997","","","","0.40","","S","Небольшая облачность","2025-12-28 03:22"
"-3.90","","-7.90","58","747","997","","","","1.30","","S","Небольшая облачность","2025-12-28 03:23"
"-3.90","","-7.50","58","747","997","","","","0.70","","S","Небольшая облачность","2025-12-28 03:24"
"-3.90","","-7.40","58","747","997","","","","0.50","","S","Небольшая облачность","2025-12-28 03:25"
"-3.90","","-7.30","58","747","997","","","","0.40","","S","Небольшая облачность","2025-12-28 03:26"
"-3.90","","-7.30","58","747","997","","","","0.90","","S","Небольшая облачность","2025-12-28 03:27"
"-3.90","","-7.30","58","747","997","","","","0.90","","S","Небольшая облачность","2025-12-28 03:28"
"-3.90","","-7.50","58","747","997","","","","0.70","","S","Небольшая облачность","2025-12-28 03:29"
"-3.90","","-7.50","58","747","997","","","","0.70","","S","Небольшая облачность","2025-12-28 03:30"
"-3.90","","-7.70","58","747","997","","","","1.00","","S","Небольшая облачность","2025-12-28 03:31"
"-3.90","","-7.40","58","747","997","","","","0.60","","S","Небольшая облачность","2025-12-28 03:32"
"-3.90","","-7.40","58","747","997","","","","0.00","","S","Небольшая облачность","2025-12-28 03:33"
"-3.90","","-7.00","58","747","997","","","","0.00","","S","Небольшая облачность","2025-12-28 03:34"
"-3.80","","-6.90","58","747","997","","","","0.00","","S","Небольшая облачность","2025-12-28 03:35"
"-3.80","","-6.90","58","747","997","","","","0.00","","S","Небольшая облачность","2025-12-28 03:36"
"-3.80","","-6.90","58","747","997","","","","0.00","","S","Небольшая облачность","2025-12-28 03:37"
"-3.80","","-6.90","58","747","997","","","","0.00","","S","Небольшая облачность","2025-12-28 03:38"
"-3.80","","-6.90","58","747","997","","","","0.40","","S","Небольшая облачность","2025-12-28 03:39"
"-3.80","","-7.20","58","747","997","","","","0.40","","S","Небольшая облачность","2025-12-28 03:40"
"-3.80","","-7.20","58","747","997","","","","0.40","","S","Небольшая облачность","2025-12-28 03:41"
"-3.80","","-7.30","58","747","997","","","","0.50","","S","Небольшая облачность","2025-12-28 03:42"
"-3.80","","-7.30","58","747","997","","","","0.60","","S","Небольшая облачность","2025-12-28 03:43"
"-3.80","","-7.30","58","747","997","","","","0.60","","S","Небольшая облачность","2025-12-28 03:44"
"-3.80","","-7.30","58","747","997","","","","0.60","","S","Небольшая облачность","2025-12-28 03:45"
"-3.80","","-7.30","58","747","997","","","","1.10","","S","Небольшая облачность","2025-12-28 03:46"
"-3.80","","-7.30","58","747","997","","","","1.10","","S","Небольшая облачность","2025-12-28 03:47"
"-3.80","","-7.70","58","747","997","","","","1.00","","S","Небольшая облачность","2025-12-28 03:48"
"-3.80","","-7.40","58","747","997","","","","0.70","","S","Небольшая облачность","2025-12-28 03:49"
"-3.80","","-7.50","58","747","997","","","","0.50","","S","Небольшая облачность","2025-12-28 03:50"
"-3.80","","-7.30","58","748","998","","","","0.50","","S","Небольшая облачность","2025-12-28 03:51"
"-3.80","","-7.30","58","748","998","","","","0.50","","S","Небольшая облачность","2025-12-28 03:52"
"-3.80","","-7.30","58","748","998","","","","0.40","","S","Небольшая облачность","2025-12-28 03:53"
"-3.80","","-7.20","58","748","998","","","","0.40","","S","Небольшая облачность","2025-12-28 03:54"
"-3.80","","-7.40","58","748","998","","","","0.70","","S","Небольшая облачность","2025-12-28 03:55"
"-3.80","","-7.30","58","748","998","","","","0.60","","S","Небольшая облачность","2025-12-28 03:56"
"-3.80","","-6.90","58","748","998","","","","0.60","","S","Небольшая облачность","2025-12-28 03:57"
"-3.80","","-7.30","58","748","998","","","","0.60","","S","Небольшая облачность","2025-12-28 03:58"
"-3.80","","-7.20","58","748","998","","","","0.40","","S","Небольшая облачность","2025-12-28 03:59"
"-3.80","","-7.30","58","748","998","","","","0.60","","S","Небольшая облачность","2025-12-28 04:00"
"-3.80","","-7.30","58","748","998","","","","0.50","","S","Небольшая облачность","2025-12-28 04:01"
"-3.80","","-7.30","58","748","998","","","","0.50","","S","Небольшая облачность","2025-12-28 04:02"
"-3.80","","-6.90","58","748","998","","","","0.00","","S","Небольшая облачность","2025-12-28 04:03"
"-3.80","","-6.90","58","748","998","","","","0.50","","S","Небольшая облачность","2025-12-28 04:04"
"-3.80","","-7.30","58","748","998","","","","0.50","","S","Небольшая облачность","2025-12-28 04:05"
"-3.80","","-6.90","58","748","998","","","","0.00","","S","Ясно","2025-12-28 04:06"
"-3.80","","-6.90","58","748","998","","","","0.40","","S","Ясно","2025-12-28 04:07"
"-3.80","","-7.20","58","748","998","","","","0.40","","S","Ясно","2025-12-28 04:08"
"-3.80","","-7.30","58","748","998","","","","0.50","","S","Ясно","2025-12-28 04:09"
"-3.80","","-7.50","58","748","998","","","","0.90","","S","Ясно","2025-12-28 04:10"
"-3.80","","-7.40","58","748","998","","","","0.70","","S","Ясно","2025-12-28 04:11"
"-3.80","","-7.30","58","748","998","","","","0.50","","S","Ясно","2025-12-28 04:12"
"-3.80","","-7.80","58","748","998","","","","1.20","","S","Ясно","2025-12-28 04:13"
"-3.80","","-7.30","58","748","998","","","","0.50","","S","Ясно","2025-12-28 04:14"
"-3.80","","-7.30","58","748","998","","","","0.70","","S","Ясно","2025-12-28 04:15"
"-3.80","","-7.40","58","748","998","","","","0.70","","S","Ясно","2025-12-28 04:16"
"-3.80","","-7.40","58","748","998","","","","0.70","","S","Ясно","2025-12-28 04:17"
"-3.80","","-7.20","58","748","998","","","","0.40","","S","Ясно","2025-12-28 04:18"
"-3.80","","-7.20","58","748","998","","","","0.40","","S","Ясно","2025-12-28 04:19"
"-3.80","","-7.30","58","748","998","","","","0.50","","S","Ясно","2025-12-28 04:20"
"-3.80","","-7.30","58","748","998","","","","0.70","","S","Ясно","2025-12-28 04:21"
"-3.80","","-7.40","58","748","998","","","","0.70","","S","Ясно","2025-12-28 04:22"
"-3.80","","-7.60","58","748","998","","","","1.00","","S","Ясно","2025-12-28 04:23"
"-3.80","","-7.40","58","748","998","","","","0.70","","S","Ясно","2025-12-28 04:24"
"-3.80","","-7.40","58","748","998","","","","0.70","","S","Ясно","2025-12-28 04:25"
"-3.80","","-7.40","58","748","998","","","","0.70","","S","Ясно","2025-12-28 04:26"
"-3.80","","-7.30","58","748","998","","","","0.50","","S","Ясно","2025-12-28 04:27"
"-3.80","","-7.30","58","748","998","","","","0.00","","S","Ясно","2025-12-28 04:28"
"-3.80","","-6.90","58","748","998","","","","0.00","","S","Ясно","2025-12-28 04:29"
"-3.80","","-6.90","58","748","998","","","","0.00","","S","Ясно","2025-12-28 04:30"
"-3.80","","-7.80","58","748","998","","","","0.60","","S","Ясно","2025-12-28 04:31"
"-3.80","","-7.30","58","748","998","","","","0.60","","S","Ясно","2025-12-28 04:32"
"-3.80","","-7.30","58","748","998","","","","0.60","","S","Ясно","2025-12-28 04:33"
"-3.90","","-7.30","58","748","998","","","","0.60","","S","Ясно","2025-12-28 04:34"
"-3.90","","-7.40","58","748","998","","","","0.90","","S","Ясно","2025-12-28 04:35"
"-3.90","","-7.70","58","748","998","","","","0.50","","S","Ясно","2025-12-28 04:36"
"-3.90","","-7.40","58","748","998","","","","0.50","","S","Ясно","2025-12-28 04:37"
"-3.90","","-7.40","58","748","998","","","","0.50","","S","Ясно","2025-12-28 04:38"
"-3.90","","-7.40","58","748","998","","","","0.60","","S","Ясно","2025-12-28 04:39"
"-3.90","","-7.40","58","748","998","","","","0.00","","S","Ясно","2025-12-28 04:40"
"-3.90","","-7.40","58","748","998","","","","0.50","","S","Ясно","2025-12-28 04:41"
"-3.90","","-7.40","58","748","998","","","","0.60","","S","Ясно","2025-12-28 04:42"
"-3.90","","-7.40","58","748","998","","","","0.60","","S","Ясно","2025-12-28 04:43"
"-3.90","","-7.50","58","748","998","","","","0.70","","S","Ясно","2025-12-28 04:44"
"-3.90","","-7.90","58","748","998","","","","1.20","","S","Ясно","2025-12-28 04:45"
"-3.90","","-7.90","58","748","998","","","","1.10","","S","Ясно","2025-12-28 04:46"
"-3.90","","-7.80","58","748","998","","","","1.10","","S","Ясно","2025-12-28 04:47"
"-3.90","","-7.80","58","748","998","","","","1.10","","S","Ясно","2025-12-28 04:48"
"-3.90","","-7.70","58","748","998","","","","0.70","","S","Ясно","2025-12-28 04:49"
"-3.90","","-7.50","58","748","998","","","","0.60","","S","Ясно","2025-12-28 04:50"
"-3.90","","-7.40","58","748","998","","","","0.60","","S","Ясно","2025-12-28 04:51"
"-4.00","","-7.10","58","748","998","","","","0.00","","S","Ясно","2025-12-28 04:52"
"-4.00","","-7.10","58","748","998","","","","0.00","","S","Ясно","2025-12-28 04:53"
"-4.00","","-7.10","58","748","998","","","","0.00","","S","Ясно","2025-12-28 04:54"
"-4.00","","-7.50","58","748","998","","","","0.50","","S","Ясно","2025-12-28 04:56"
"-4.00","","-7.50","58","748","998","","","","0.50","","S","Ясно","2025-12-28 04:57"
"-4.00","","-7.50","58","748","998","","","","0.50","","S","Ясно","2025-12-28 04:58"
"-4.00","","-7.40","58","748","998","","","","0.40","","S","Ясно","2025-12-28 04:59"
"-4.00","","-7.40","58","748","998","","","","0.40","","S","Ясно","2025-12-28 05:00"
"-4.00","","-7.40","58","748","998","","","","0.40","","S","Ясно","2025-12-28 05:01"
"-4.00","","-7.40","58","748","998","","","","0.40","","S","Ясно","2025-12-28 05:02"
"-4.00","","-7.40","58","748","998","","","","0.40","","S","Ясно","2025-12-28 05:03"
"-4.00","","-7.40","58","748","998","","","","0.40","","S","Ясно","2025-12-28 05:04"
"-4.00","","-7.40","58","748","998","","","","0.00","","S","Ясно","2025-12-28 05:05"
"-4.00","","-7.10","58","747","997","","","","0.00","","S","Ясно","2025-12-28 05:06"
"-4.00","","-7.10","58","747","997","","","","0.00","","S","Ясно","2025-12-28 05:07"
"-4.00","","-7.40","58","747","997","","","","0.40","","S","Ясно","2025-12-28 05:08"
"-4.00","","-7.40","58","747","997","","","","0.70","","S","Ясно","2025-12-28 05:09"
"-4.00","","-7.60","58","747","997","","","","0.70","","S","Ясно","2025-12-28 05:10"
"-4.00","","-7.60","58","747","997","","","","0.70","","S","Ясно","2025-12-28 05:11"
"-4.00","","-7.40","58","747","997","","","","0.40","","S","Ясно","2025-12-28 05:12"
"-4.00","","-7.40","58","747","997","","","","0.90","","S","Ясно","2025-12-28 05:13"
"-4.00","","-7.80","58","747","997","","","","1.00","","S","Ясно","2025-12-28 05:14"
"-4.00","","-7.80","58","747","997","","","","1.00","","S","Ясно","2025-12-28 05:15"
"-4.00","","-7.50","58","747","997","","","","0.60","","S","Ясно","2025-12-28 05:16"
"-4.00","","-7.50","58","747","997","","","","0.60","","S","Ясно","2025-12-28 05:17"
"-4.00","","-7.90","58","747","997","","","","1.10","","S","Ясно","2025-12-28 05:18"
"-4.00","","-7.80","58","747","997","","","","1.00","","S","Ясно","2025-12-28 05:19"
"-4.00","","-7.40","58","747","997","","","","0.40","","S","Ясно","2025-12-28 05:20"
"-4.00","","-7.40","58","748","998","","","","0.60","","S","Ясно","2025-12-28 05:21"
"-4.00","","-7.50","58","748","998","","","","0.60","","S","Ясно","2025-12-28 05:22"
"-4.00","","-7.50","58","748","998","","","","1.00","","S","Ясно","2025-12-28 05:23"
"-4.00","","-7.80","58","748","998","","","","1.00","","S","Ясно","2025-12-28 05:24"
"-4.00","","-7.80","58","748","998","","","","1.00","","S","Ясно","2025-12-28 05:25"
"-4.10","","-7.70","58","748","998","","","","1.10","","S","Ясно","2025-12-28 05:26"
"-4.10","","-8.00","58","748","998","","","","1.00","","S","Ясно","2025-12-28 05:27"
"-4.10","","-7.90","58","748","998","","","","1.00","","S","Ясно","2025-12-28 05:28"
"-4.10","","-7.90","58","748","998","","","","1.00","","S","Ясно","2025-12-28 05:29"
"-4.10","","-8.20","58","748","998","","","","0.90","","S","Ясно","2025-12-28 05:30"
"-4.10","","-7.90","58","748","998","","","","1.10","","S","Ясно","2025-12-28 05:31"
"-4.10","","-8.00","58","748","998","","","","1.10","","S","Ясно","2025-12-28 05:32"
"-4.10","","-8.00","58","748","998","","","","1.10","","S","Ясно","2025-12-28 05:33"
"-4.10","","-7.20","58","748","998","","","","0.50","","S","Ясно","2025-12-28 05:34"
"-4.10","","-7.60","58","748","998","","","","0.50","","S","Ясно","2025-12-28 05:35"
"-4.10","","-7.60","58","748","998","","","","0.50","","S","Ясно","2025-12-28 05:36"
"-4.10","","-7.60","59","748","998","","","","0.50","","S","Ясно","2025-12-28 05:37"
"-4.10","","-7.50","59","748","998","","","","0.60","","S","Ясно","2025-12-28 05:38"
"-4.10","","-7.50","59","748","998","","","","0.60","","S","Ясно","2025-12-28 05:39"
"-4.10","","-7.60","59","748","998","","","","0.60","","S","Ясно","2025-12-28 05:40"
"-4.10","","-7.70","59","748","998","","","","0.70","","S","Ясно","2025-12-28 05:41"
"-4.10","","-7.70","59","748","998","","","","1.30","","S","Ясно","2025-12-28 05:42"
"-4.10","","-7.90","59","748","998","","","","0.90","","S","Ясно","2025-12-28 05:43"
"-4.00","","-7.50","59","748","998","","","","0.50","","S","Ясно","2025-12-28 05:44"
"-4.00","","-7.50","59","748","998","","","","0.50","","S","Ясно","2025-12-28 05:45"
"-4.00","","-7.50","59","748","998","","","","0.50","","S","Ясно","2025-12-28 05:46"
"-4.00","","-7.50","59","748","998","","","","0.40","","S","Ясно","2025-12-28 05:47"
"-4.00","","-7.40","59","748","998","","","","0.40","","S","Ясно","2025-12-28 05:48"
"-4.00","","-7.40","59","748","998","","","","0.40","","S","Ясно","2025-12-28 05:49"
"-4.00","","-7.40","59","748","998","","","","0.40","","S","Ясно","2025-12-28 05:50"
"-4.00","","-7.10","59","748","998","","","","0.40","","S","Ясно","2025-12-28 05:51"
"-4.00","","-7.40","59","748","998","","","","0.40","","S","Ясно","2025-12-28 05:52"
"-4.00","","-7.40","59","748","998","","","","0.40","","S","Ясно","2025-12-28 05:53"
"-4.00","","-7.40","59","748","998","","","","0.40","","S","Ясно","2025-12-28 05:54"
"-3.90","","-7.30","59","748","998","","","","0.00","","S","Ясно","2025-12-28 05:55"
"-3.90","","-7.00","59","748","998","","","","0.00","","S","Ясно","2025-12-28 05:56"
"-3.90","","-7.50","59","748","998","","","","0.70","","S","Ясно","2025-12-28 05:57"
"-3.90","","-7.60","59","748","998","","","","0.60","","S","Ясно","2025-12-28 05:58"
"-3.90","","-7.70","59","748","998","","","","1.00","","S","Ясно","2025-12-28 05:59"
"-3.90","","-7.70","59","748","998","","","","1.00","","S","Ясно","2025-12-28 06:00"
"-3.90","","-7.40","59","748","998","","","","0.50","","S","Ясно","2025-12-28 06:01"
"-3.90","","-7.40","59","748","998","","","","0.50","","S","Ясно","2025-12-28 06:02"
"-3.90","","-8.30","59","748","998","","","","1.50","","S","Ясно","2025-12-28 06:03"
"-3.90","","-8.30","59","748","998","","","","1.50","","S","Ясно","2025-12-28 06:04"
"-3.90","","-8.10","59","748","998","","","","1.80","","S","Ясно","2025-12-28 06:05"
"-3.90","","-8.30","59","747","997","","","","1.20","","S","Несущественная облачность","2025-12-28 06:06"
"-3.90","","-7.40","59","747","997","","","","0.60","","S","Несущественная облачность","2025-12-28 06:07"
"-3.90","","-7.40","59","747","997","","","","0.60","","S","Несущественная облачность","2025-12-28 06:08"
"-3.90","","-7.60","59","747","997","","","","0.90","","S","Несущественная облачность","2025-12-28 06:09"
"-3.90","","-7.60","59","747","997","","","","1.80","","S","Несущественная облачность","2025-12-28 06:10"
"-3.90","","-8.30","59","747","997","","","","1.00","","S","Несущественная облачность","2025-12-28 06:11"
"-3.90","","-8.30","59","747","997","","","","1.00","","S","Несущественная облачность","2025-12-28 06:12"
"-3.90","","-8.30","59","747","997","","","","1.00","","S","Несущественная облачность","2025-12-28 06:13"
"-3.90","","-8.10","59","747","997","","","","1.50","","S","Несущественная облачность","2025-12-28 06:14"
"-3.90","","-8.10","59","747","997","","","","1.40","","S","Несущественная облачность","2025-12-28 06:15"
"-3.90","","-8.10","59","747","997","","","","1.40","","S","Несущественная облачность","2025-12-28 06:16"
"-3.90","","-8.10","59","747","997","","","","1.20","","S","Несущественная облачность","2025-12-28 06:17"
"-3.90","","-8.10","59","747","997","","","","1.20","","S","Несущественная облачность","2025-12-28 06:18"
"-3.80","","-7.40","59","747","997","","","","0.70","","S","Несущественная облачность","2025-12-28 06:19"
"-3.80","","-7.40","59","747","997","","","","0.70","","S","Несущественная облачность","2025-12-28 06:20"
"-3.80","","-8.10","59","748","998","","","","2.00","","S","Несущественная облачность","2025-12-28 06:21"
"-3.80","","-8.30","59","748","998","","","","1.60","","S","Несущественная облачность","2025-12-28 06:22"
"-3.80","","-8.30","59","748","998","","","","1.60","","S","Несущественная облачность","2025-12-28 06:23"
"-3.80","","-7.40","59","748","998","","","","1.10","","S","Несущественная облачность","2025-12-28 06:24"
"-3.80","","-7.40","59","748","998","","","","0.70","","S","Несущественная облачность","2025-12-28 06:25"
"-3.80","","-7.40","59","748","998","","","","0.50","","S","Несущественная облачность","2025-12-28 06:26"
"-3.80","","-7.40","59","748","998","","","","0.50","","S","Несущественная облачность","2025-12-28 06:27"
"-3.80","","-7.30","59","748","998","","","","1.20","","S","Несущественная облачность","2025-12-28 06:28"
"-3.80","","-7.70","60","748","998","","","","1.10","","S","Несущественная облачность","2025-12-28 06:29"
"-3.80","","-7.40","60","748","998","","","","0.70","","S","Несущественная облачность","2025-12-28 06:30"
"-3.80","","-7.40","60","748","998","","","","0.40","","S","Несущественная облачность","2025-12-28 06:31"
"-3.80","","-7.20","60","748","998","","","","0.00","","S","Несущественная облачность","2025-12-28 06:32"
"-3.80","","-6.90","60","748","998","","","","0.00","","S","Несущественная облачность","2025-12-28 06:33"
"-3.80","","-6.90","60","748","998","","","","0.00","","S","Несущественная облачность","2025-12-28 06:34"
"-3.80","","-7.30","60","748","998","","","","0.00","","S","Несущественная облачность","2025-12-28 06:35"
"-3.80","","-6.90","60","747","997","","","","0.40","","S","Несущественная облачность","2025-12-28 06:36"
"-3.70","","-7.10","60","747","997","","","","0.40","","S","Несущественная облачность","2025-12-28 06:37"
"-3.70","","-6.80","60","747","997","","","","0.00","","S","Несущественная облачность","2025-12-28 06:38"
"-3.70","","-6.80","60","747","997","","","","0.00","","S","Несущественная облачность","2025-12-28 06:39"
"-3.60","","-6.70","60","747","997","","","","0.00","","S","Несущественная облачность","2025-12-28 06:40"
"-3.60","","-6.70","60","747","997","","","","0.00","","S","Несущественная облачность","2025-12-28 06:41"
"-3.60","","-6.70","60","747","997","","","","0.50","","S","Несущественная облачность","2025-12-28 06:42"
"-3.60","","-7.00","60","747","997","","","","0.60","","S","Несущественная облачность","2025-12-28 06:43"
"-3.60","","-7.10","60","747","997","","","","0.00","","S","Несущественная облачность","2025-12-28 06:44"
"-3.60","","-6.70","60","747","997","","","","0.00","","S","Несущественная облачность","2025-12-28 06:45"
"-3.50","","-6.60","60","747","997","","","","0.60","","S","Несущественная облачность","2025-12-28 06:46"
"-3.50","","-7.00","60","747","997","","","","0.40","","S","Несущественная облачность","2025-12-28 06:47"
"-3.50","","-6.80","60","747","997","","","","0.40","","S","Несущественная облачность","2025-12-28 06:48"
"-3.50","","-6.80","60","747","997","","","","0.00","","S","Несущественная облачность","2025-12-28 06:49"
"-3.50","","-6.60","60","747","997","","","","0.00","","S","Несущественная облачность","2025-12-28 06:50"
"-3.50","","-6.60","60","748","998","","","","0.00","","S","Несущественная облачность","2025-12-28 06:51"
"-3.50","","-6.60","60","748","998","","","","0.00","","S","Несущественная облачность","2025-12-28 06:52"
"-3.50","","-6.90","60","748","998","","","","0.50","","S","Несущественная облачность","2025-12-28 06:53"
"-3.50","","-6.90","60","748","998","","","","0.60","","S","Несущественная облачность","2025-12-28 06:54"
"-3.50","","-6.90","60","748","998","","","","0.60","","S","Несущественная облачность","2025-12-28 06:55"
"-3.50","","-6.90","60","748","998","","","","0.40","","S","Несущественная облачность","2025-12-28 06:56"
"-3.50","","-6.80","60","748","998","","","","0.40","","S","Несущественная облачность","2025-12-28 06:57"
"-3.50","","-6.80","60","748","998","","","","0.40","","S","Несущественная облачность","2025-12-28 06:58"
"-3.40","","-6.80","60","748","998","","","","0.50","","S","Несущественная облачность","2025-12-28 06:59"
"-3.40","","-6.90","60","748","998","","","","0.90","","S","Несущественная облачность","2025-12-28 07:00"
"-3.40","","-7.10","60","748","998","","","","0.90","","S","Несущественная облачность","2025-12-28 07:01"
"-3.40","","-6.90","60","748","998","","","","0.70","","S","Несущественная облачность","2025-12-28 07:02"
"-3.40","","-6.90","60","748","998","","","","0.50","","S","Несущественная облачность","2025-12-28 07:03"
"-3.40","","-6.80","60","748","998","","","","0.50","","S","Несущественная облачность","2025-12-28 07:04"
"-3.40","","-6.80","60","748","998","","","","0.70","","S","Несущественная облачность","2025-12-28 07:05"
"-3.40","","-6.90","60","748","998","","","","0.70","","S","Несущественная облачность","2025-12-28 07:06"
"-3.40","","-6.90","60","748","998","","","","0.70","","S","Несущественная облачность","2025-12-28 07:07"
"-3.30","","-6.70","60","748","998","","","","0.50","","S","Несущественная облачность","2025-12-28 07:08"
"-3.30","","-6.70","60","748","998","","","","0.90","","S","Несущественная облачность","2025-12-28 07:09"
"-3.30","","-7.00","60","748","998","","","","0.90","","S","Несущественная облачность","2025-12-28 07:10"
"-3.30","","-7.10","60","748","998","","","","1.10","","S","Несущественная облачность","2025-12-28 07:11"
"-3.30","","-7.10","60","748","998","","","","1.20","","S","Несущественная облачность","2025-12-28 07:12"
"-3.30","","-7.10","60","748","998","","","","1.20","","S","Несущественная облачность","2025-12-28 07:13"
"-3.30","","-7.20","60","748","998","","","","0.70","","S","Несущественная облачность","2025-12-28 07:14"
"-3.30","","-6.80","60","748","998","","","","0.70","","S","Несущественная облачность","2025-12-28 07:15"
"-3.30","","-6.80","60","748","998","","","","0.60","","S","Несущественная облачность","2025-12-28 07:16"
"-3.30","","-6.80","60","748","998","","","","0.60","","S","Несущественная облачность","2025-12-28 07:17"
"-3.30","","-6.80","60","748","998","","","","0.50","","S","Несущественная облачность","2025-12-28 07:18"
"-3.30","","-6.40","60","748","998","","","","0.00","","S","Несущественная облачность","2025-12-28 07:19"
"-3.30","","-6.40","60","748","998","","","","0.00","","S","Несущественная облачность","2025-12-28 07:20"
"-3.30","","-6.40","60","747","997","","","","0.00","","S","Несущественная облачность","2025-12-28 07:21"
"-3.30","","-6.40","60","747","997","","","","0.00","","S","Несущественная облачность","2025-12-28 07:22"
"-3.20","","-6.60","60","747","997","","","","0.90","","S","Несущественная облачность","2025-12-28 07:23"
"-3.20","","-6.60","60","747","997","","","","0.90","","S","Несущественная облачность","2025-12-28 07:24"
"-3.20","","-7.20","60","747","997","","","","1.30","","S","Несущественная облачность","2025-12-28 07:25"
"-3.20","","-6.90","60","747","997","","","","0.40","","S","Несущественная облачность","2025-12-28 07:26"
"-3.20","","-6.90","60","747","997","","","","0.40","","S","Несущественная облачность","2025-12-28 07:27"
"-3.20","","-6.90","60","747","997","","","","0.40","","S","Несущественная облачность","2025-12-28 07:28"
"-3.20","","-6.20","60","747","997","","","","0.00","","S","Несущественная облачность","2025-12-28 07:29"
"-3.10","","-6.40","60","747","997","","","","0.40","","S","Несущественная облачность","2025-12-28 07:30"
"-3.10","","-6.50","60","747","997","","","","0.50","","S","Несущественная облачность","2025-12-28 07:31"
"-3.10","","-6.50","60","747","997","","","","0.50","","S","Несущественная облачность","2025-12-28 07:32"
"-3.10","","-6.50","60","747","997","","","","0.50","","S","Несущественная облачность","2025-12-28 07:33"
"-3.10","","-6.50","60","747","997","","","","0.60","","S","Несущественная облачность","2025-12-28 07:34"
"-3.10","","-6.60","60","747","997","","","","0.50","","S","Несущественная облачность","2025-12-28 07:35"
"-3.10","","-6.50","60","748","998","","","","0.50","","S","Несущественная облачность","2025-12-28 07:36"
"-3.10","","-6.50","60","748","998","","","","0.50","","S","Несущественная облачность","2025-12-28 07:37"
"-3.10","","-6.50","60","748","998","","","","0.00","","S","Несущественная облачность","2025-12-28 07:38"
"-3.00","","-6.00","61","748","998","","","","0.00","","S","Несущественная облачность","2025-12-28 07:39"
"-3.00","","-6.00","61","748","998","","","","0.00","","S","Несущественная облачность","2025-12-28 07:40"
"-3.00","","-6.30","61","748","998","","","","0.40","","S","Несущественная облачность","2025-12-28 07:41"
"-3.00","","-6.30","61","748","998","","","","0.40","","S","Несущественная облачность","2025-12-28 07:42"
"-3.00","","-6.40","61","748","998","","","","0.50","","S","Несущественная облачность","2025-12-28 07:43"
"-3.00","","-6.40","61","748","998","","","","0.70","","S","Несущественная облачность","2025-12-28 07:44"
"-3.00","","-6.40","60","748","998","","","","0.60","","S","Несущественная облачность","2025-12-28 07:45"
"-3.00","","-6.40","60","748","998","","","","0.60","","S","Несущественная облачность","2025-12-28 07:46"
"-3.00","","-6.40","60","748","998","","","","0.60","","S","Несущественная облачность","2025-12-28 07:47"
"-2.90","","-6.20","61","748","998","","","","0.40","","S","Несущественная облачность","2025-12-28 07:48"
"-2.90","","-6.20","61","748","998","","","","0.70","","S","Несущественная облачность","2025-12-28 07:49"
"-2.90","","-6.40","61","748","998","","","","0.40","","S","Несущественная облачность","2025-12-28 07:50"
"-2.90","","-6.20","61","747","997","","","","0.70","","S","Несущественная облачность","2025-12-28 07:51"
"-2.90","","-6.40","61","747","997","","","","0.70","","S","Несущественная облачность","2025-12-28 07:52"
"-2.80","","-6.30","61","747","997","","","","0.70","","S","Несущественная облачность","2025-12-28 07:53"
"-2.80","","-6.10","61","747","997","","","","0.60","","S","Несущественная облачность","2025-12-28 07:54"
"-2.80","","-6.20","61","747","997","","","","0.00","","S","Несущественная облачность","2025-12-28 07:55"
"-2.80","","-6.20","61","747","997","","","","0.00","","S","Несущественная облачность","2025-12-28 07:56"
"-2.80","","-5.80","61","747","997","","","","0.00","","S","Несущественная облачность","2025-12-28 07:57"
"-2.80","","-6.10","61","747","997","","","","1.30","","S","Несущественная облачность","2025-12-28 07:58"
"-2.80","","-6.10","61","747","997","","","","1.30","","S","Несущественная облачность","2025-12-28 07:59"
"-2.80","","-6.60","61","747","997","","","","1.10","","S","Несущественная облачность","2025-12-28 08:00"
"-2.80","","-6.60","61","747","997","","","","0.70","","S","Несущественная облачность","2025-12-28 08:01"
"-2.80","","-6.30","61","747","997","","","","0.70","","S","Несущественная облачность","2025-12-28 08:02"
"-2.80","","-6.10","61","747","997","","","","0.50","","S","Несущественная облачность","2025-12-28 08:03"
"-2.80","","-6.10","61","747","997","","","","0.40","","S","Несущественная облачность","2025-12-28 08:04"
"-2.80","","-6.10","61","747","997","","","","0.40","","S","Несущественная облачность","2025-12-28 08:05"
"-2.70","","-6.00","61","748","998","","","","0.40","","S","Несущественная облачность","2025-12-28 08:06"
"-2.70","","-6.00","61","748","998","","","","0.70","","S","Несущественная облачность","2025-12-28 08:07"
"-2.60","","-6.10","61","748","998","","","","0.70","","S","Несущественная облачность","2025-12-28 08:08"
"-2.60","","-6.10","61","748","998","","","","0.90","","S","Несущественная облачность","2025-12-28 08:09"
"-2.60","","-6.20","61","748","998","","","","1.10","","S","Несущественная облачность","2025-12-28 08:10"
"-2.60","","-6.20","61","748","998","","","","1.10","","S","Несущественная облачность","2025-12-28 08:11"
"-2.60","","-5.90","61","748","998","","","","0.60","","S","Несущественная облачность","2025-12-28 08:12"
"-2.60","","-6.00","61","748","998","","","","0.60","","S","Несущественная облачность","2025-12-28 08:13"
"-2.60","","-6.00","61","748","998","","","","0.60","","S","Несущественная облачность","2025-12-28 08:14"
"-2.50","","-5.50","61","748","998","","","","0.00","","S","Несущественная облачность","2025-12-28 08:15"
"-2.50","","-5.50","61","748","998","","","","0.00","","S","Несущественная облачность","2025-12-28 08:16"
"-2.50","","-5.80","61","748","998","","","","0.50","","S","Несущественная облачность","2025-12-28 08:17"
"-2.50","","-5.80","61","748","998","","","","0.00","","S","Несущественная облачность","2025-12-28 08:18"
"-2.50","","-5.50","61","748","998","","","","0.00","","S","Несущественная облачность","2025-12-28 08:19"
"-2.50","","-5.50","61","748","998","","","","0.50","","S","Несущественная облачность","2025-12-28 08:20"
"-2.50","","-5.50","61","748","998","","","","0.50","","S","Несущественная облачность","2025-12-28 08:21"
"-2.50","","-5.90","61","748","998","","","","0.70","","S","Несущественная облачность","2025-12-28 08:22"
"-2.50","","-6.00","61","748","998","","","","0.70","","S","Несущественная облачность","2025-12-28 08:23"
"-2.50","","-5.90","61","748","998","","","","0.50","","S","Несущественная облачность","2025-12-28 08:24"
"-2.50","","-5.80","61","748","998","","","","0.50","","S","Несущественная облачность","2025-12-28 08:25"
"-2.50","","-5.80","61","748","998","","","","0.00","","S","Несущественная облачность","2025-12-28 08:26"
"-2.40","","-5.40","60","748","998","","","","0.50","","S","Несущественная облачность","2025-12-28 08:27"
"-2.40","","-5.70","60","748","998","","","","0.50","","S","Несущественная облачность","2025-12-28 08:28"
"-2.50","","-5.80","60","748","998","","","","0.50","","S","Несущественная облачность","2025-12-28 08:29"
"-2.40","","-5.70","60","748","998","","","","0.50","","S","Несущественная облачность","2025-12-28 08:30"
"-2.40","","-5.90","60","748","998","","","","0.50","","S","Несущественная облачность","2025-12-28 08:31"
"-2.40","","-5.70","60","748","998","","","","0.00","","S","Несущественная облачность","2025-12-28 08:32"
"-2.40","","-5.40","60","748","998","","","","0.00","","S","Несущественная облачность","2025-12-28 08:33"
"-2.40","","-5.40","60","748","998","","","","0.00","","S","Несущественная облачность","2025-12-28 08:34"
"-2.40","","-5.40","60","748","998","","","","0.00","","S","Несущественная облачность","2025-12-28 08:35"
"-2.40","","-5.90","60","747","997","","","","0.00","","S","Несущественная облачность","2025-12-28 08:36"
"-2.40","","-5.40","60","747","997","","","","0.50","","S","Несущественная облачность","2025-12-28 08:37"
"-2.40","","-5.70","60","747","997","","","","0.60","","S","Несущественная облачность","2025-12-28 08:38"
"-2.40","","-5.70","60","747","997","","","","0.60","","S","Несущественная облачность","2025-12-28 08:39"
"-2.40","","-5.70","60","747","997","","","","0.40","","S","Несущественная облачность","2025-12-28 08:40"
"-2.40","","-5.90","60","747","997","","","","0.70","","S","Несущественная облачность","2025-12-28 08:41"
"-2.40","","-6.00","60","747","997","","","","0.90","","S","Несущественная облачность","2025-12-28 08:42"
"-2.40","","-6.20","60","747","997","","","","1.10","","S","Несущественная облачность","2025-12-28 08:43"
"-2.40","","-6.20","60","747","997","","","","1.30","","S","Несущественная облачность","2025-12-28 08:44"
"-2.40","","-6.30","60","747","997","","","","1.30","","S","Несущественная облачность","2025-12-28 08:45"
"-2.40","","-6.30","60","747","997","","","","1.30","","S","Несущественная облачность","2025-12-28 08:46"
"-2.40","","-6.00","60","747","997","","","","0.90","","S","Несущественная облачность","2025-12-28 08:47"
"-2.40","","-5.90","60","747","997","","","","1.70","","S","Несущественная облачность","2025-12-28 08:48"
"-2.40","","-6.60","60","747","997","","","","0.70","","S","Несущественная облачность","2025-12-28 08:49"
"-2.40","","-5.90","60","747","997","","","","1.20","","S","Несущественная облачность","2025-12-28 08:50"
"-2.40","","-6.20","59","747","996","","","","1.20","","S","Несущественная облачность","2025-12-28 08:51"
"-2.40","","-6.20","59","747","996","","","","0.00","","S","Несущественная облачность","2025-12-28 08:52"
"-2.30","","-5.60","59","747","996","","","","0.50","","S","Несущественная облачность","2025-12-28 08:53"
"-2.30","","-5.60","59","747","996","","","","0.50","","S","Несущественная облачность","2025-12-28 08:54"
"-2.30","","-5.90","59","747","996","","","","0.90","","S","Несущественная облачность","2025-12-28 08:55"
"-2.30","","-5.90","59","747","996","","","","0.90","","S","Несущественная облачность","2025-12-28 08:56"
"-2.30","","-5.90","59","747","996","","","","0.90","","S","Несущественная облачность","2025-12-28 08:57"
"-2.30","","-6.10","59","747","996","","","","1.20","","S","Несущественная облачность","2025-12-28 08:58"
"-2.30","","-6.10","59","747","996","","","","0.60","","S","Несущественная облачность","2025-12-28 08:59"
"-2.30","","-5.70","59","747","996","","","","1.30","","S","Несущественная облачность","2025-12-28 09:00"
"-2.30","","-6.20","59","747","996","","","","1.30","","S","Несущественная облачность","2025-12-28 09:01"
"-2.30","","-6.20","59","747","996","","","","1.40","","S","Несущественная облачность","2025-12-28 09:02"
"-2.30","","-5.60","59","747","996","","","","0.40","","S","Несущественная облачность","2025-12-28 09:03"
"-2.20","","-5.20","59","747","996","","","","0.00","","S","Несущественная облачность","2025-12-28 09:04"
"-2.20","","-5.20","59","747","996","","","","1.00","","S","Несущественная облачность","2025-12-28 09:05"
"-2.30","","-6.00","59","747","996","","","","1.00","","S","Переменная облачность","2025-12-28 09:06"
"-2.30","","-6.00","59","747","996","","","","1.00","","S","Переменная облачность","2025-12-28 09:07"
"-2.30","","-6.10","59","747","996","","","","1.10","","S","Переменная облачность","2025-12-28 09:08"
"-2.30","","-6.10","59","747","996","","","","1.10","","S","Переменная облачность","2025-12-28 09:09"
"-2.30","","-6.10","59","747","996","","","","1.10","","S","Переменная облачность","2025-12-28 09:10"
"-2.30","","-6.10","59","747","996","","","","1.10","","S","Переменная облачность","2025-12-28 09:11"
"-2.30","","-6.10","59","747","996","","","","1.10","","S","Переменная облачность","2025-12-28 09:12"
"-2.30","","-6.10","59","747","996","","","","1.10","","S","Переменная облачность","2025-12-28 09:13"
"-2.30","","-5.80","59","747","996","","","","0.70","","S","Переменная облачность","2025-12-28 09:14"
"-2.20","","-5.70","59","747","996","","","","0.70","","S","Переменная облачность","2025-12-28 09:15"
"-2.20","","-5.70","59","747","996","","","","0.70","","S","Переменная облачность","2025-12-28 09:16"
"-2.20","","-5.70","59","747","996","","","","0.70","","S","Переменная облачность","2025-12-28 09:17"
"-2.20","","-5.70","59","747","996","","","","0.70","","S","Переменная облачность","2025-12-28 09:18"
"-2.20","","-5.70","59","747","996","","","","0.70","","S","Переменная облачность","2025-12-28 09:19"
"-2.20","","-5.70","59","747","996","","","","0.70","","S","Переменная облачность","2025-12-28 09:20"
"-2.20","","-5.70","59","747","996","","","","0.70","","S","Переменная облачность","2025-12-28 09:21"
"-2.20","","-5.70","59","747","996","","","","0.70","","S","Переменная облачность","2025-12-28 09:22"
"-2.20","","-5.70","59","747","996","","","","0.70","","S","Переменная облачность","2025-12-28 09:23"
"-2.20","","-5.70","59","747","996","","","","0.70","","S","Переменная облачность","2025-12-28 09:24"
"-2.20","","-5.70","59","747","996","","","","0.70","","S","Переменная облачность","2025-12-28 09:25"
"-2.10","","-5.60","59","747","996","","","","0.70","","S","Переменная облачность","2025-12-28 09:26"
"-2.10","","-5.60","59","747","996","","","","0.70","","S","Переменная облачность","2025-12-28 09:27"
"-2.10","","-5.60","59","747","996","","","","0.70","","S","Переменная облачность","2025-12-28 09:28"
"-2.10","","-5.60","59","747","996","","","","0.70","","S","Переменная облачность","2025-12-28 09:29"
"-2.10","","-5.60","59","747","996","","","","0.70","","S","Переменная облачность","2025-12-28 09:30"
"-2.10","","-5.60","59","747","996","","","","0.70","","S","Переменная облачность","2025-12-28 09:31"
"-2.10","","-5.60","59","747","996","","","","0.70","","S","Переменная облачность","2025-12-28 09:32"
"-2.10","","-5.60","58","747","996","","","","0.70","","S","Переменная облачность","2025-12-28 09:33"
"-2.10","","-5.60","58","747","996","","","","0.70","","S","Переменная облачность","2025-12-28 09:34"
"-2.10","","-5.60","58","747","996","","","","0.70","","S","Переменная облачность","2025-12-28 09:35"
"-2.10","","-5.60","58","747","996","","","","0.70","","S","Переменная облачность","2025-12-28 09:36"
"-2.10","","-5.60","58","747","996","","","","0.70","","S","Переменная облачность","2025-12-28 09:37"
"-2.10","","-5.60","58","747","996","","","","0.70","","S","Переменная облачность","2025-12-28 09:38"
"-2.10","","-5.60","58","747","996","","","","0.70","","S","Переменная облачность","2025-12-28 09:39"
"-2.10","","-5.60","58","747","996","","","","0.70","","S","Переменная облачность","2025-12-28 09:40"
"-2.10","","-5.60","58","747","996","","","","0.70","","S","Переменная облачность","2025-12-28 09:41"
"-2.20","","-5.70","58","747","996","","","","0.70","","S","Переменная облачность","2025-12-28 09:42"
"-2.20","","-5.70","58","747","996","","","","0.70","","S","Переменная облачность","2025-12-28 09:43"
"-2.10","","-5.60","58","747","996","","","","0.70","","S","Переменная облачность","2025-12-28 09:44"
"-2.10","","-5.60","58","747","996","","","","0.70","","S","Переменная облачность","2025-12-28 09:45"
"-2.10","","-5.60","58","747","996","","","","0.70","","S","Несущественная облачность","2025-12-28 09:46"
"-2.10","","-5.60","58","747","996","","","","0.70","","S","Несущественная облачность","2025-12-28 09:47"
"-2.20","","-5.70","58","747","996","","","","0.70","","S","Несущественная облачность","2025-12-28 09:48"
"-2.20","","-5.70","58","747","996","","","","0.70","","S","Несущественная облачность","2025-12-28 09:49"
"-2.10","","-5.60","58","747","996","","","","0.70","","S","Несущественная облачность","2025-12-28 09:50"
"-2.10","","-5.60","58","747","996","","","","0.70","","S","Несущественная облачность","2025-12-28 09:51"
"-2.10","","-5.60","58","747","996","","","","0.70","","S","Несущественная облачность","2025-12-28 09:52"
"-2.10","","-5.60","57","747","996","","","","0.70","","S","Несущественная облачность","2025-12-28 09:53"
"-2.10","","-5.60","57","747","996","","","","0.70","","S","Несущественная облачность","2025-12-28 09:54"
"-2.10","","-5.60","57","747","996","","","","0.70","","S","Несущественная облачность","2025-12-28 09:55"
"-2.10","","-5.60","57","747","996","","","","0.70","","S","Несущественная облачность","2025-12-28 09:56"
"-2.10","","-5.60","57","747","996","","","","0.70","","S","Несущественная облачность","2025-12-28 09:57"
"-2.10","","-5.60","57","747","996","","","","0.70","","S","Несущественная облачность","2025-12-28 09:58"
"-2.10","","-5.60","57","747","996","","","","0.70","","S","Несущественная облачность","2025-12-28 09:59"
"-2.10","","-5.60","57","747","996","","","","0.70","","S","Несущественная облачность","2025-12-28 10:00"
"-2.10","","-5.60","57","747","996","","","","0.70","","S","Несущественная облачность","2025-12-28 10:01"
"-2.10","","-5.60","57","747","996","","","","0.70","","S","Несущественная облачность","2025-12-28 10:02"
"-2.10","","-5.60","57","747","996","","","","0.70","","S","Несущественная облачность","2025-12-28 10:03"
"-2.10","","-5.60","57","747","996","","","","0.70","","S","Несущественная облачность","2025-12-28 10:04"
"-2.10","","-5.60","57","747","996","","","","0.70","","S","Несущественная облачность","2025-12-28 10:05"
"-2.10","","-5.60","57","747","996","","","","0.70","","S","Переменная облачность","2025-12-28 10:06"
"-2.10","","-5.60","57","747","996","","","","0.70","","S","Переменная облачность","2025-12-28 10:07"
"-2.10","","-5.60","57","747","996","","","","0.70","","S","Переменная облачность","2025-12-28 10:08"
"-2.10","","-5.60","57","747","996","","","","0.70","","S","Переменная облачность","2025-12-28 10:09"
"-2.10","","-5.60","57","747","996","","","","0.70","","S","Переменная облачность","2025-12-28 10:10"
"-2.10","","-5.60","57","747","996","","","","0.70","","S","Переменная облачность","2025-12-28 10:11"
"-2.10","","-5.60","57","747","996","","","","0.70","","S","Переменная облачность","2025-12-28 10:12"
"-2.10","","-5.60","57","747","996","","","","0.70","","S","Переменная облачность","2025-12-28 10:13"
"-2.10","","-5.60","57","747","996","","","","0.70","","S","Переменная облачность","2025-12-28 10:14"
"-2.10","","-5.60","57","747","996","","","","0.70","","S","Переменная облачность","2025-12-28 10:15"
"-2.10","","-5.60","57","747","996","","","","0.70","","S","Переменная облачность","2025-12-28 10:16"
"-2.10","","-5.60","57","747","996","","","","0.70","","S","Переменная облачность","2025-12-28 10:17"
"-2.10","","-5.60","57","747","996","","","","0.70","","S","Переменная облачность","2025-12-28 10:18"
"-2.10","","-5.60","57","747","996","","","","0.70","","S","Переменная облачность","2025-12-28 10:19"
"-2.10","","-5.60","57","747","996","","","","0.70","","S","Переменная облачность","2025-12-28 10:20"
"-2.10","","-5.60","57","747","996","","","","0.70","","S","Переменная облачность","2025-12-28 10:21"
"-2.10","","-5.60","57","747","996","","","","0.70","","S","Переменная облачность","2025-12-28 10:22"
"-2.10","","-5.60","57","747","996","","","","0.70","","S","Переменная облачность","2025-12-28 10:23"
"-2.10","","-5.60","56","747","996","","","","0.70","","S","Переменная облачность","2025-12-28 10:24"
"-2.10","","-5.60","56","747","996","","","","0.70","","S","Переменная облачность","2025-12-28 10:25"
"-2.10","","-5.60","56","747","996","","","","0.70","","S","Переменная облачность","2025-12-28 10:26"
"-2.10","","-5.60","56","747","996","","","","0.70","","S","Переменная облачность","2025-12-28 10:27"
"-2.10","","-5.60","56","747","996","","","","0.70","","S","Переменная облачность","2025-12-28 10:28"
"-2.10","","-5.60","56","747","996","","","","0.70","","S","Переменная облачность","2025-12-28 10:29"
"-2.10","","-5.60","56","747","996","","","","0.70","","S","Переменная облачность","2025-12-28 10:30"
"-2.10","","-5.60","56","747","996","","","","0.70","","S","Переменная облачность","2025-12-28 10:31"
"-2.10","","-5.60","56","747","996","","","","0.70","","S","Переменная облачность","2025-12-28 10:32"
"-2.00","","-5.50","56","747","996","","","","0.70","","S","Переменная облачность","2025-12-28 10:33"
"-2.00","","-5.50","56","747","996","","","","0.70","","S","Переменная облачность","2025-12-28 10:34"
"-2.00","","-5.50","56","747","996","","","","0.70","","S","Переменная облачность","2025-12-28 10:35"
"-2.00","","-5.50","56","747","996","","","","0.70","","S","Переменная облачность","2025-12-28 10:36"
"-2.00","","-5.50","56","747","996","","","","0.70","","S","Переменная облачность","2025-12-28 10:37"
"-2.00","","-5.50","56","747","996","","","","0.70","","S","Переменная облачность","2025-12-28 10:38"
"-2.00","","-5.50","56","747","996","","","","0.70","","S","Переменная облачность","2025-12-28 10:39"
"-2.00","","-5.50","56","747","996","","","","0.70","","S","Переменная облачность","2025-12-28 10:40"
"-2.00","","-5.50","56","747","996","","","","0.70","","S","Переменная облачность","2025-12-28 10:41"
"-2.00","","-5.50","56","747","996","","","","0.70","","S","Переменная облачность","2025-12-28 10:42"
"-2.00","","-5.50","56","747","996","","","","0.70","","S","Переменная облачность","2025-12-28 10:43"
"-2.00","","-5.50","56","747","996","","","","0.70","","S","Переменная облачность","2025-12-28 10:44"
"-2.00","","-5.50","56","747","996","","","","0.70","","S","Переменная облачность","2025-12-28 10:45"
"-2.00","","-5.50","56","747","996","","","","0.70","","S","Переменная облачность","2025-12-28 10:46"
"-2.00","","-5.50","56","747","996","","","","0.70","","S","Переменная облачность","2025-12-28 10:47"
"-2.00","","-5.50","56","747","996","","","","0.70","","S","Переменная облачность","2025-12-28 10:48"
"-1.80","","-5.30","56","747","996","","","","0.70","","S","Переменная облачность","2025-12-28 10:49"
"-1.80","","-5.30","56","747","996","","","","0.70","","S","Переменная облачность","2025-12-28 10:50"
"-1.80","","-5.30","56","747","996","","","","0.70","","S","Переменная облачность","2025-12-28 10:51"
"-1.80","","-5.30","56","747","996","","","","0.70","","S","Переменная облачность","2025-12-28 10:52"
"-1.80","","-5.30","56","747","996","","","","0.70","","S","Переменная облачность","2025-12-28 10:53"
"-1.90","","-5.40","56","747","996","","","","0.70","","S","Переменная облачность","2025-12-28 10:54"
"-1.90","","-5.40","56","747","996","","","","0.70","","S","Переменная облачность","2025-12-28 10:55"
"-1.90","","-5.40","56","747","996","","","","0.70","","S","Переменная облачность","2025-12-28 10:56"
"-1.90","","-5.40","56","747","996","","","","0.70","","S","Переменная облачность","2025-12-28 10:57"
"-1.90","","-5.40","56","747","996","","","","0.70","","S","Переменная облачность","2025-12-28 10:58"
"-1.90","","-5.40","56","747","996","","","","0.70","","S","Переменная облачность","2025-12-28 10:59"
"-1.90","","-5.40","56","747","996","","","","0.70","","S","Переменная облачность","2025-12-28 11:00"
"-1.90","","-5.40","56","747","996","","","","0.70","","S","Переменная облачность","2025-12-28 11:01"
"-1.90","","-5.40","56","747","996","","","","0.70","","S","Переменная облачность","2025-12-28 11:02"
"-1.90","","-5.40","56","747","996","","","","0.70","","S","Переменная облачность","2025-12-28 11:03"
"-1.90","","-5.40","56","747","996","","","","0.70","","S","Переменная облачность","2025-12-28 11:04"
"-1.90","","-5.40","56","747","996","","","","0.70","","S","Переменная облачность","2025-12-28 11:05"
"-1.90","","-5.40","56","747","996","","","","0.70","","S","Переменная облачность","2025-12-28 11:06"
"-1.90","","-5.40","56","747","996","","","","0.70","","S","Переменная облачность","2025-12-28 11:07"
"-1.90","","-5.40","56","747","996","","","","0.70","","S","Переменная облачность","2025-12-28 11:08"
"-1.90","","-5.40","56","747","996","","","","0.70","","S","Переменная облачность","2025-12-28 11:09"
"-1.90","","-5.40","56","747","996","","","","0.70","","S","Переменная облачность","2025-12-28 11:10"
"-1.90","","-5.40","56","747","996","","","","0.70","","S","Переменная облачность","2025-12-28 11:11"
"-1.90","","-5.40","56","747","996","","","","0.70","","S","Переменная облачность","2025-12-28 11:12"
"-1.90","","-5.40","56","747","996","","","","0.70","","S","Переменная облачность","2025-12-28 11:13"
"-1.90","","-5.40","56","747","996","","","","0.70","","S","Переменная облачность","2025-12-28 11:14"
"-1.90","","-5.40","56","747","996","","","","0.70","","S","Переменная облачность","2025-12-28 11:15"
"-1.90","","-5.40","56","747","996","","","","0.70","","S","Переменная облачность","2025-12-28 11:16"
"-1.90","","-5.40","56","747","996","","","","0.70","","S","Переменная облачность","2025-12-28 11:17"
"-1.90","","-5.40","56","747","996","","","","0.70","","S","Переменная облачность","2025-12-28 11:18"
"-1.90","","-5.40","56","747","996","","","","0.70","","S","Переменная облачность","2025-12-28 11:19"
"-1.90","","-5.40","56","747","996","","","","0.70","","S","Переменная облачность","2025-12-28 11:20"
"-1.90","","-5.40","56","747","996","","","","0.70","","S","Переменная облачность","2025-12-28 11:21"
"-1.90","","-5.40","56","747","997","","","","0.70","","S","Переменная облачность","2025-12-28 11:22"
"-1.90","","-5.40","56","747","997","","","","0.70","","S","Переменная облачность","2025-12-28 11:23"
"-1.90","","-5.40","56","747","997","","","","0.70","","S","Переменная облачность","2025-12-28 11:24"
"-1.90","","-5.40","56","747","997","","","","0.70","","S","Переменная облачность","2025-12-28 11:25"
"-1.90","","-5.40","56","747","997","","","","0.70","","S","Переменная облачность","2025-12-28 11:26"
"-1.90","","-5.40","56","747","997","","","","0.70","","S","Переменная облачность","2025-12-28 11:27"
"-1.90","","-5.40","56","747","997","","","","0.70","","S","Переменная облачность","2025-12-28 11:28"
"-1.90","","-5.40","56","747","997","","","","0.70","","S","Переменная облачность","2025-12-28 11:29"
"-1.90","","-5.40","56","747","997","","","","0.70","","S","Переменная облачность","2025-12-28 11:30"
"-1.90","","-5.40","56","747","997","","","","0.70","","S","Переменная облачность","2025-12-28 11:31"
"-1.90","","-5.40","56","747","997","","","","0.70","","S","Переменная облачность","2025-12-28 11:32"
"-1.90","","-5.40","56","747","997","","","","0.70","","S","Переменная облачность","2025-12-28 11:33"
"-1.90","","-5.40","56","747","997","","","","0.70","","S","Переменная облачность","2025-12-28 11:34"
"-1.90","","-5.40","56","747","997","","","","0.70","","S","Переменная облачность","2025-12-28 11:35"
"-1.90","","-5.40","56","747","996","","","","0.70","","S","Переменная облачность","2025-12-28 11:36"
"-1.90","","-5.40","56","747","996","","","","0.70","","S","Переменная облачность","2025-12-28 11:37"
"-1.90","","-5.40","56","747","996","","","","0.70","","S","Переменная облачность","2025-12-28 11:38"
"-1.90","","-5.40","56","747","996","","","","0.70","","S","Переменная облачность","2025-12-28 11:39"
"-1.90","","-5.40","56","747","996","","","","0.70","","S","Переменная облачность","2025-12-28 11:40"
"-1.90","","-5.40","56","747","996","","","","0.70","","S","Переменная облачность","2025-12-28 11:41"
"-1.90","","-5.40","56","747","996","","","","0.70","","S","Переменная облачность","2025-12-28 11:42"
"-1.90","","-5.40","56","747","996","","","","0.70","","S","Переменная облачность","2025-12-28 11:43"
"-1.90","","-5.40","56","747","996","","","","0.70","","S","Переменная облачность","2025-12-28 11:44"
"-1.90","","-5.40","56","747","996","","","","0.70","","S","Переменная облачность","2025-12-28 11:45"
"-1.90","","-5.40","56","747","996","","","","0.70","","S","Переменная облачность","2025-12-28 11:46"
"-1.90","","-5.40","56","747","996","","","","0.70","","S","Переменная облачность","2025-12-28 11:47"
"-1.90","","-5.40","56","747","996","","","","0.70","","S","Переменная облачность","2025-12-28 11:48"
"-1.90","","-5.40","56","747","996","","","","0.70","","S","Переменная облачность","2025-12-28 11:49"
"-1.90","","-5.40","56","747","996","","","","0.70","","S","Переменная облачность","2025-12-28 11:50"
"-1.90","","-5.40","56","747","996","","","","0.70","","S","Переменная облачность","2025-12-28 11:51"
"-1.90","","-5.40","56","747","996","","","","0.70","","S","Переменная облачность","2025-12-28 11:52"
"-1.90","","-5.40","56","747","996","","","","0.70","","S","Переменная облачность","2025-12-28 11:53"
"-1.90","","-5.40","56","747","996","","","","0.70","","S","Переменная облачность","2025-12-28 11:54"
"-1.90","","-5.40","56","747","996","","","","0.70","","S","Переменная облачность","2025-12-28 11:55"
"-1.90","","-5.40","56","747","996","","","","0.70","","S","Переменная облачность","2025-12-28 11:56"
"-1.90","","-5.40","56","747","996","","","","0.70","","S","Переменная облачность","2025-12-28 11:57"
"-1.90","","-5.40","56","747","996","","","","0.70","","S","Переменная облачность","2025-12-28 11:58"
"-1.90","","-5.40","56","747","996","","","","0.70","","S","Переменная облачность","2025-12-28 11:59"
"-1.90","","-5.40","56","747","996","","","","0.70","","S","Переменная облачность","2025-12-28 12:00"
"-1.90","","-5.40","56","747","996","","","","0.70","","S","Переменная облачность","2025-12-28 12:01"
"-1.90","","-5.40","56","747","996","","","","0.70","","S","Переменная облачность","2025-12-28 12:02"
"-1.90","","-5.40","56","747","996","","","","0.70","","S","Переменная облачность","2025-12-28 12:03"
"-1.90","","-5.40","56","747","996","","","","0.70","","S","Переменная облачность","2025-12-28 12:04"
"-1.90","","-5.40","56","747","996","","","","0.70","","S","Переменная облачность","2025-12-28 12:05"
"-1.90","","-5.40","56","747","997","","","","0.70","","S","Переменная облачность","2025-12-28 12:06"
"-1.90","","-5.40","56","747","997","","","","0.70","","S","Переменная облачность","2025-12-28 12:07"
"-1.90","","-5.40","56","747","997","","","","0.70","","S","Переменная облачность","2025-12-28 12:08"
"-1.90","","-5.40","56","747","997","","","","0.70","","S","Переменная облачность","2025-12-28 12:09"
"-1.90","","-5.40","56","747","997","","","","0.70","","S","Переменная облачность","2025-12-28 12:10"
"-1.90","","-5.40","56","747","997","","","","0.70","","S","Переменная облачность","2025-12-28 12:11"
"-1.90","","-5.40","56","747","997","","","","0.70","","S","Переменная облачность","2025-12-28 12:12"
"-1.90","","-5.40","56","747","997","","","","0.70","","S","Переменная облачность","2025-12-28 12:13"
"-1.90","","-5.40","56","747","997","","","","0.70","","S","Переменная облачность","2025-12-28 12:14"
"-1.90","","-5.40","56","747","997","","","","0.70","","S","Переменная облачность","2025-12-28 12:15"
"-1.90","","-5.40","56","747","997","","","","0.70","","S","Переменная облачность","2025-12-28 12:16"
"-1.90","","-5.40","56","747","997","","","","0.70","","S","Переменная облачность","2025-12-28 12:17"
"-1.90","","-5.40","56","747","997","","","","0.70","","S","Переменная облачность","2025-12-28 12:18"
"-1.90","","-5.40","56","747","997","","","","0.70","","S","Переменная облачность","2025-12-28 12:19"
"-1.90","","-5.40","56","747","997","","","","0.70","","S","Переменная облачность","2025-12-28 12:20"
"-1.90","","-5.40","56","747","997","","","","0.70","","S","Переменная облачность","2025-12-28 12:21"
"-1.90","","-5.40","56","747","997","","","","0.70","","S","Переменная облачность","2025-12-28 12:22"
"-1.90","","-5.40","56","747","997","","","","0.70","","S","Переменная облачность","2025-12-28 12:23"
"-1.90","","-5.40","56","747","997","","","","0.70","","S","Переменная облачность","2025-12-28 12:24"
"-1.90","","-5.40","56","747","997","","","","0.70","","S","Переменная облачность","2025-12-28 12:25"
"-1.90","","-5.40","56","747","997","","","","0.70","","S","Переменная облачность","2025-12-28 12:26"
"-1.90","","-5.40","56","747","997","","","","0.70","","S","Переменная облачность","2025-12-28 12:27"
"-1.90","","-5.40","56","747","997","","","","0.70","","S","Переменная облачность","2025-12-28 12:28"
"-1.90","","-5.40","56","747","997","","","","0.70","","S","Переменная облачность","2025-12-28 12:29"
"-1.90","","-5.40","56","747","997","","","","0.70","","S","Переменная облачность","2025-12-28 12:30"
"-1.90","","-5.40","56","747","997","","","","0.70","","S","Переменная облачность","2025-12-28 12:31"
"-1.90","","-5.40","56","747","997","","","","0.70","","S","Переменная облачность","2025-12-28 12:32"
"-1.90","","-5.40","56","747","997","","","","0.70","","S","Переменная облачность","2025-12-28 12:33"
"-1.90","","-5.40","56","747","997","","","","0.70","","S","Переменная облачность","2025-12-28 12:34"
"-2.40","","-6.00","55","747","997","","","","0.70","","S","Переменная облачность","2025-12-28 12:35"
"-2.40","","-6.00","55","747","997","","","","0.70","","S","Переменная облачность","2025-12-28 12:36"
"-2.40","","-6.00","55","747","997","","","","0.70","","S","Переменная облачность","2025-12-28 12:37"
"-2.40","","-6.00","55","747","997","","","","0.70","","S","Переменная облачность","2025-12-28 12:38"
"-2.40","","-6.00","55","747","997","","","","1.70","","S","Переменная облачность","2025-12-28 12:39"
"-2.40","","-6.70","55","747","997","","","","1.70","","S","Переменная облачность","2025-12-28 12:40"
"-2.40","","-6.60","55","747","997","","","","1.60","","S","Переменная облачность","2025-12-28 12:41"
"-2.40","","-6.60","55","747","997","","","","1.60","","S","Переменная облачность","2025-12-28 12:42"
"-2.40","","-6.70","55","747","997","","","","1.80","","S","Переменная облачность","2025-12-28 12:43"
"-2.40","","-6.70","55","747","997","","","","1.80","","S","Переменная облачность","2025-12-28 12:44"
"-2.40","","-6.70","55","747","997","","","","1.20","","S","Переменная облачность","2025-12-28 12:45"
"-2.40","","-6.30","54","747","997","","","","1.20","","S","Переменная облачность","2025-12-28 12:46"
"-2.40","","-6.00","54","747","997","","","","0.70","","S","Переменная облачность","2025-12-28 12:47"
"-2.40","","-6.00","54","747","997","","","","1.60","","S","Переменная облачность","2025-12-28 12:48"
"-2.50","","-6.70","55","747","997","","","","1.60","","S","Переменная облачность","2025-12-28 12:49"
"-2.50","","-6.70","55","747","997","","","","1.60","","S","Переменная облачность","2025-12-28 12:50"
"-2.50","","-6.70","55","748","998","","","","1.60","","S","Переменная облачность","2025-12-28 12:51"
"-2.50","","-6.70","55","748","998","","","","1.60","","S","Переменная облачность","2025-12-28 12:52"
"-2.50","","-6.70","55","748","998","","","","1.60","","S","Переменная облачность","2025-12-28 12:53"
"-2.50","","-6.30","55","748","998","","","","1.10","","S","Переменная облачность","2025-12-28 12:54"
"-2.50","","-6.20","55","748","998","","","","0.90","","S","Переменная облачность","2025-12-28 12:55"
"-2.50","","-6.20","55","748","998","","","","0.90","","S","Переменная облачность","2025-12-28 12:56"
"-2.50","","-6.20","55","748","998","","","","0.90","","S","Переменная облачность","2025-12-28 12:57"
"-2.50","","-6.20","55","748","998","","","","0.90","","S","Переменная облачность","2025-12-28 12:58"
"-2.50","","-6.20","55","748","998","","","","0.90","","S","Переменная облачность","2025-12-28 12:59"
"-2.60","","-6.90","55","748","998","","","","1.80","","S","Переменная облачность","2025-12-28 13:00"
"-2.60","","-6.90","55","748","998","","","","1.40","","S","Небольшая облачность","2025-12-28 13:01"
"-2.60","","-6.70","55","748","998","","","","1.30","","S","Небольшая облачность","2025-12-28 13:02"
"-2.60","","-6.60","55","748","998","","","","1.00","","S","Небольшая облачность","2025-12-28 13:03"
"-2.60","","-6.60","55","748","998","","","","1.00","","S","Небольшая облачность","2025-12-28 13:04"
"-2.70","","-6.40","55","748","998","","","","0.90","","S","Небольшая облачность","2025-12-28 13:05"
"-2.70","","-6.40","55","747","997","","","","0.50","","S","Небольшая облачность","2025-12-28 13:06"
"-2.70","","-6.30","55","747","997","","","","0.70","","S","Небольшая облачность","2025-12-28 13:07"
"-2.70","","-6.60","55","747","997","","","","1.20","","S","Небольшая облачность","2025-12-28 13:08"
"-2.70","","-6.60","55","747","997","","","","1.20","","S","Небольшая облачность","2025-12-28 13:09"
"-2.70","","-6.60","55","747","997","","","","1.20","","S","Небольшая облачность","2025-12-28 13:10"
"-2.70","","-6.60","55","747","997","","","","1.10","","S","Небольшая облачность","2025-12-28 13:11"
"-2.70","","-6.60","55","747","997","","","","1.20","","S","Небольшая облачность","2025-12-28 13:12"
"-2.70","","-6.60","55","747","997","","","","1.20","","S","Небольшая облачность","2025-12-28 13:13"
"-2.70","","-6.40","55","747","997","","","","0.90","","S","Небольшая облачность","2025-12-28 13:14"
"-2.70","","-6.40","55","747","997","","","","0.90","","S","Небольшая облачность","2025-12-28 13:15"
"-2.70","","-6.10","55","747","997","","","","0.50","","S","Небольшая облачность","2025-12-28 13:16"
"-2.80","","-6.40","55","747","997","","","","0.70","","S","Небольшая облачность","2025-12-28 13:17"
"-2.80","","-6.20","55","747","997","","","","0.50","","S","Небольшая облачность","2025-12-28 13:18"
"-2.80","","-6.20","55","747","997","","","","0.50","","S","Небольшая облачность","2025-12-28 13:19"
"-2.80","","-6.20","55","747","997","","","","0.50","","S","Небольшая облачность","2025-12-28 13:20"
"-2.80","","-6.20","55","747","997","","","","1.10","","S","Небольшая облачность","2025-12-28 13:21"
"-2.80","","-6.70","55","747","997","","","","1.10","","S","Небольшая облачность","2025-12-28 13:22"
"-2.80","","-6.70","55","747","997","","","","1.10","","S","Небольшая облачность","2025-12-28 13:23"
"-2.80","","-6.70","55","747","997","","","","0.40","","S","Небольшая облачность","2025-12-28 13:24"
"-2.80","","-6.70","55","747","997","","","","0.40","","S","Небольшая облачность","2025-12-28 13:25"
"-2.80","","-6.20","55","747","997","","","","0.50","","S","Небольшая облачность","2025-12-28 13:26"
"-2.80","","-6.20","55","747","997","","","","0.50","","S","Небольшая облачность","2025-12-28 13:27"
"-2.80","","-6.20","55","747","997","","","","0.70","","S","Небольшая облачность","2025-12-28 13:28"
"-2.80","","-6.40","55","747","997","","","","0.70","","S","Небольшая облачность","2025-12-28 13:29"
"-2.80","","-6.50","55","747","997","","","","0.90","","S","Небольшая облачность","2025-12-28 13:30"
"-2.80","","-6.50","55","747","997","","","","0.70","","S","Небольшая облачность","2025-12-28 13:31"
"-2.80","","-6.50","55","747","997","","","","0.70","","S","Небольшая облачность","2025-12-28 13:32"
"-2.80","","-6.70","55","747","997","","","","0.70","","S","Небольшая облачность","2025-12-28 13:33"
"-2.80","","-6.40","55","747","997","","","","0.70","","S","Небольшая облачность","2025-12-28 13:34"
"-2.80","","-6.50","55","747","997","","","","0.90","","S","Небольшая облачность","2025-12-28 13:35"
"-2.80","","-6.50","55","747","997","","","","0.90","","S","Несущественная облачность","2025-12-28 13:36"
"-2.90","","-6.80","55","747","997","","","","1.00","","S","Несущественная облачность","2025-12-28 13:37"
"-2.90","","-6.70","55","747","997","","","","0.50","","S","Несущественная облачность","2025-12-28 13:38"
"-2.90","","-6.40","55","747","997","","","","0.50","","S","Несущественная облачность","2025-12-28 13:39"
"-2.90","","-6.00","55","747","997","","","","0.00","","S","Несущественная облачность","2025-12-28 13:40"
"-2.90","","-6.00","55","747","997","","","","0.40","","S","Несущественная облачность","2025-12-28 13:41"
"-2.90","","-6.00","55","747","997","","","","0.40","","S","Несущественная облачность","2025-12-28 13:42"
"-2.90","","-6.30","55","747","997","","","","0.70","","S","Несущественная облачность","2025-12-28 13:43"
"-2.90","","-6.50","55","747","997","","","","0.70","","S","Несущественная облачность","2025-12-28 13:44"
"-2.90","","-6.60","56","747","997","","","","0.40","","S","Несущественная облачность","2025-12-28 13:45"
"-2.90","","-6.30","56","747","997","","","","0.40","","S","Несущественная облачность","2025-12-28 13:46"
"-2.90","","-6.70","56","747","997","","","","1.00","","S","Несущественная облачность","2025-12-28 13:47"
"-2.90","","-6.70","56","747","997","","","","0.60","","S","Несущественная облачность","2025-12-28 13:48"
"-2.90","","-6.40","56","747","997","","","","0.60","","S","Несущественная облачность","2025-12-28 13:49"
"-2.90","","-6.70","56","747","997","","","","1.00","","S","Несущественная облачность","2025-12-28 13:50"
"-2.90","","-7.20","56","747","997","","","","1.70","","S","Несущественная облачность","2025-12-28 13:51"
"-2.90","","-6.80","56","747","997","","","","1.20","","S","Несущественная облачность","2025-12-28 13:52"
"-2.90","","-6.80","56","747","997","","","","1.20","","S","Несущественная облачность","2025-12-28 13:53"
"-2.90","","-6.80","56","747","997","","","","1.20","","S","Несущественная облачность","2025-12-28 13:54"
"-2.90","","-6.70","56","747","997","","","","1.20","","S","Несущественная облачность","2025-12-28 13:55"
"-2.90","","-6.80","56","747","997","","","","1.80","","S","Несущественная облачность","2025-12-28 13:56"
"-2.90","","-6.80","56","747","997","","","","1.80","","S","Несущественная облачность","2025-12-28 13:57"
"-2.90","","-7.20","56","747","997","","","","1.80","","S","Несущественная облачность","2025-12-28 13:58"
"-2.90","","-6.90","56","747","997","","","","1.30","","S","Несущественная облачность","2025-12-28 13:59"
"-2.90","","-7.10","56","747","997","","","","1.60","","S","Несущественная облачность","2025-12-28 14:00"
"-2.90","","-7.10","56","747","997","","","","0.90","","S","Несущественная облачность","2025-12-28 14:01"
"-2.90","","-6.60","56","747","997","","","","0.90","","S","Несущественная облачность","2025-12-28 14:02"
"-2.90","","-6.60","56","747","997","","","","1.30","","S","Несущественная облачность","2025-12-28 14:03"
"-2.90","","-6.90","56","747","997","","","","1.30","","S","Несущественная облачность","2025-12-28 14:04"
"-2.90","","-6.90","56","747","997","","","","1.30","","S","Несущественная облачность","2025-12-28 14:05"
"-2.90","","-6.80","56","747","997","","","","1.10","","S","Несущественная облачность","2025-12-28 14:06"
"-2.90","","-6.60","56","747","997","","","","0.90","","S","Несущественная облачность","2025-12-28 14:07"
"-2.90","","-6.60","56","747","997","","","","0.90","","S","Несущественная облачность","2025-12-28 14:08"
"-2.90","","-6.80","56","747","997","","","","1.20","","S","Несущественная облачность","2025-12-28 14:09"
"-2.90","","-6.80","56","747","997","","","","1.10","","S","Несущественная облачность","2025-12-28 14:10"
"-2.90","","-6.80","56","747","997","","","","1.10","","S","Несущественная облачность","2025-12-28 14:11"
"-3.00","","-6.90","56","747","997","","","","1.10","","S","Несущественная облачность","2025-12-28 14:12"
"-3.00","","-6.90","56","747","997","","","","1.20","","S","Несущественная облачность","2025-12-28 14:13"
"-3.00","","-6.90","56","747","997","","","","1.20","","S","Несущественная облачность","2025-12-28 14:14"
"-3.00","","-6.80","56","747","997","","","","1.00","","S","Несущественная облачность","2025-12-28 14:15"
"-3.00","","-6.40","56","747","997","","","","0.60","","S","Несущественная облачность","2025-12-28 14:16"
"-3.00","","-6.50","56","747","997","","","","0.60","","S","Несущественная облачность","2025-12-28 14:17"
"-3.00","","-7.10","56","747","997","","","","1.40","","S","Несущественная облачность","2025-12-28 14:18"
"-3.00","","-6.70","56","747","997","","","","0.90","","S","Несущественная облачность","2025-12-28 14:19"
"-3.00","","-6.80","56","747","997","","","","1.00","","S","Несущественная облачность","2025-12-28 14:20"
"-3.00","","-6.80","56","747","997","","","","1.00","","S","Несущественная облачность","2025-12-28 14:21"
"-3.00","","-6.80","56","747","997","","","","1.00","","S","Несущественная облачность","2025-12-28 14:22"
"-3.00","","-7.00","56","747","997","","","","1.30","","S","Несущественная облачность","2025-12-28 14:23"
"-3.00","","-7.00","56","747","997","","","","1.30","","S","Несущественная облачность","2025-12-28 14:24"
"-3.00","","-7.00","56","747","997","","","","2.10","","S","Несущественная облачность","2025-12-28 14:25"
"-3.00","","-7.00","56","747","997","","","","2.10","","S","Несущественная облачность","2025-12-28 14:26"
"-3.00","","-7.60","56","747","997","","","","2.10","","S","Несущественная облачность","2025-12-28 14:27"
"-3.00","","-7.10","56","747","997","","","","1.40","","S","Несущественная облачность","2025-12-28 14:28"
"-3.10","","-7.20","56","747","997","","","","1.30","","S","Несущественная облачность","2025-12-28 14:29"
"-3.10","","-7.10","56","747","997","","","","1.30","","S","Несущественная облачность","2025-12-28 14:30"
"-3.10","","-7.00","56","747","997","","","","1.20","","S","Несущественная облачность","2025-12-28 14:31"
"-3.10","","-6.80","56","747","997","","","","0.90","","S","Несущественная облачность","2025-12-28 14:32"
"-3.10","","-6.60","56","747","997","","","","0.00","","S","Несущественная облачность","2025-12-28 14:33"
"-3.00","","-6.10","57","747","997","","","","0.00","","S","Несущественная облачность","2025-12-28 14:34"
"-3.00","","-6.10","57","747","997","","","","0.00","","S","Несущественная облачность","2025-12-28 14:35"
"-3.00","","-6.10","57","747","996","","","","0.50","","S","Переменная облачность","2025-12-28 14:36"
"-3.00","","-6.40","57","747","996","","","","0.50","","S","Переменная облачность","2025-12-28 14:37"
"-3.00","","-6.40","57","747","996","","","","0.90","","S","Переменная облачность","2025-12-28 14:38"
"-3.00","","-6.70","57","747","996","","","","1.50","","S","Переменная облачность","2025-12-28 14:39"
"-3.10","","-7.20","57","747","996","","","","1.50","","S","Переменная облачность","2025-12-28 14:40"
"-3.10","","-7.20","57","747","996","","","","1.50","","S","Переменная облачность","2025-12-28 14:41"
"-3.10","","-7.40","57","747","996","","","","1.80","","S","Переменная облачность","2025-12-28 14:42"
"-3.10","","-7.40","57","747","996","","","","1.80","","S","Переменная облачность","2025-12-28 14:43"
"-3.10","","-6.60","57","747","996","","","","0.60","","S","Переменная облачность","2025-12-28 14:44"
"-3.10","","-6.60","57","747","996","","","","0.60","","S","Переменная облачность","2025-12-28 14:45"
"-3.10","","-6.60","57","747","996","","","","0.50","","S","Переменная облачность","2025-12-28 14:46"
"-3.10","","-6.50","57","747","996","","","","0.50","","S","Переменная облачность","2025-12-28 14:47"
"-3.00","","-6.40","57","747","996","","","","0.40","","S","Переменная облачность","2025-12-28 14:48"
"-3.00","","-6.40","57","747","996","","","","0.40","","S","Переменная облачность","2025-12-28 14:49"
"-3.00","","-6.40","57","747","996","","","","0.70","","S","Переменная облачность","2025-12-28 14:50"
"-3.00","","-6.60","57","748","998","","","","0.70","","S","Переменная облачность","2025-12-28 14:51"
"-3.00","","-6.60","57","748","998","","","","1.10","","S","Переменная облачность","2025-12-28 14:52"
"-3.00","","-6.60","57","748","998","","","","1.10","","S","Переменная облачность","2025-12-28 14:53"
"-3.10","","-7.00","57","748","998","","","","0.50","","S","Переменная облачность","2025-12-28 14:54"
"-3.10","","-6.50","57","748","998","","","","0.40","","S","Переменная облачность","2025-12-28 14:55"
"-3.10","","-6.50","57","748","998","","","","0.00","","S","Переменная облачность","2025-12-28 14:56"
"-3.10","","-6.50","57","748","998","","","","0.00","","S","Переменная облачность","2025-12-28 14:57"
"-3.10","","-6.50","57","748","998","","","","0.00","","S","Переменная облачность","2025-12-28 14:58"
"-3.10","","-6.20","57","748","998","","","","0.00","","S","Переменная облачность","2025-12-28 14:59"
"-3.10","","-6.70","57","748","998","","","","0.50","","S","Переменная облачность","2025-12-28 15:00"
"-3.10","","-6.50","57","748","998","","","","0.00","","S","Переменная облачность","2025-12-28 15:01"
"-3.10","","-6.20","57","748","998","","","","0.00","","S","Переменная облачность","2025-12-28 15:02"
"-3.10","","-6.20","57","748","998","","","","0.00","","S","Переменная облачность","2025-12-28 15:03"
"-3.10","","-6.20","57","748","998","","","","0.00","","S","Переменная облачность","2025-12-28 15:04"
"-3.10","","-7.00","57","748","998","","","","1.10","","S","Переменная облачность","2025-12-28 15:05"
"-3.10","","-7.00","57","748","998","","","","1.10","","S","Переменная облачность","2025-12-28 15:06"
"-3.10","","-7.00","57","747","997","","","","1.00","","S","Переменная облачность","2025-12-28 15:07"
"-3.10","","-7.00","57","747","997","","","","1.00","","S","Переменная облачность","2025-12-28 15:08"
"-3.20","","-6.60","57","747","997","","","","0.40","","S","Переменная облачность","2025-12-28 15:09"
"-3.20","","-6.60","57","747","997","","","","0.40","","S","Переменная облачность","2025-12-28 15:10"
"-3.20","","-6.60","57","747","997","","","","0.50","","S","Переменная облачность","2025-12-28 15:11"
"-3.20","","-6.60","57","747","997","","","","0.40","","S","Переменная облачность","2025-12-28 15:12"
"-3.20","","-6.60","57","747","997","","","","0.40","","S","Переменная облачность","2025-12-28 15:13"
"-3.20","","-6.60","57","747","997","","","","0.50","","S","Переменная облачность","2025-12-28 15:14"
"-3.20","","-7.10","57","747","997","","","","1.10","","S","Переменная облачность","2025-12-28 15:15"
"-3.20","","-7.10","57","747","997","","","","1.10","","S","Переменная облачность","2025-12-28 15:16"
"-3.20","","-7.10","57","747","997","","","","1.10","","S","Переменная облачность","2025-12-28 15:17"
"-3.20","","-7.10","57","747","997","","","","0.50","","S","Переменная облачность","2025-12-28 15:18"
"-3.30","","-6.70","57","747","997","","","","0.50","","S","Переменная облачность","2025-12-28 15:19"
"-3.30","","-6.70","57","747","997","","","","0.50","","S","Переменная облачность","2025-12-28 15:20"
"-3.30","","-7.20","57","747","997","","","","1.20","","S","Переменная облачность","2025-12-28 15:21"
"-3.30","","-7.20","57","747","997","","","","1.20","","S","Переменная облачность","2025-12-28 15:22"
"-3.30","","-7.20","57","747","997","","","","0.60","","S","Переменная облачность","2025-12-28 15:23"
"-3.30","","-6.70","57","747","997","","","","0.40","","S","Переменная облачность","2025-12-28 15:24"
"-3.30","","-6.90","57","747","997","","","","0.70","","S","Переменная облачность","2025-12-28 15:25"
"-3.30","","-7.00","57","747","997","","","","0.70","","S","Переменная облачность","2025-12-28 15:26"
"-3.30","","-7.00","57","747","997","","","","0.70","","S","Переменная облачность","2025-12-28 15:27"
"-3.30","","-6.70","57","747","997","","","","0.70","","S","Переменная облачность","2025-12-28 15:28"
"-3.30","","-6.90","57","747","997","","","","0.90","","S","Переменная облачность","2025-12-28 15:29"
"-3.30","","-7.00","57","747","997","","","","0.50","","S","Переменная облачность","2025-12-28 15:30"
"-3.30","","-6.70","57","747","997","","","","0.50","","S","Переменная облачность","2025-12-28 15:31"
"-3.30","","-6.70","57","747","997","","","","0.90","","S","Переменная облачность","2025-12-28 15:32"
"-3.30","","-7.00","57","747","997","","","","0.90","","S","Переменная облачность","2025-12-28 15:33"
"-3.30","","-7.00","57","747","997","","","","0.70","","S","Переменная облачность","2025-12-28 15:34"
"-3.30","","-6.90","57","747","997","","","","0.50","","S","Переменная облачность","2025-12-28 15:35"
"-3.30","","-6.70","57","747","997","","","","0.00","","S","Переменная облачность","2025-12-28 15:36"
"-3.30","","-6.40","57","747","997","","","","0.60","","S","Переменная облачность","2025-12-28 15:37"
"-3.30","","-6.80","57","747","997","","","","0.60","","S","Переменная облачность","2025-12-28 15:38"
"-3.30","","-6.80","57","747","997","","","","0.40","","S","Переменная облачность","2025-12-28 15:39"
"-3.30","","-6.70","57","747","997","","","","0.40","","S","Переменная облачность","2025-12-28 15:40"
"-3.30","","-6.70","57","747","997","","","","0.40","","S","Переменная облачность","2025-12-28 15:41"
"-3.30","","-6.80","57","747","997","","","","0.60","","S","Переменная облачность","2025-12-28 15:42"
"-3.30","","-6.80","57","747","997","","","","0.60","","S","Переменная облачность","2025-12-28 15:43"
"-3.30","","-7.20","57","747","997","","","","1.10","","S","Переменная облачность","2025-12-28 15:44"
"-3.30","","-7.20","57","747","997","","","","1.10","","S","Переменная облачность","2025-12-28 15:45"
"-3.30","","-7.20","57","747","997","","","","0.50","","S","Переменная облачность","2025-12-28 15:46"
"-3.30","","-6.70","57","747","997","","","","0.70","","S","Переменная облачность","2025-12-28 15:47"
"-3.30","","-6.90","57","747","997","","","","0.70","","S","Переменная облачность","2025-12-28 15:48"
"-3.30","","-6.90","57","747","997","","","","0.50","","S","Переменная облачность","2025-12-28 15:49"
"-3.30","","-6.80","57","747","997","","","","0.60","","S","Переменная облачность","2025-12-28 15:50"
"-3.30","","-6.80","57","747","997","","","","0.60","","S","Переменная облачность","2025-12-28 15:51"
"-3.30","","-6.90","57","747","997","","","","1.20","","S","Переменная облачность","2025-12-28 15:52"
"-3.30","","-7.20","57","747","997","","","","1.20","","S","Переменная облачность","2025-12-28 15:53"
"-3.30","","-6.70","58","747","997","","","","0.50","","S","Переменная облачность","2025-12-28 15:54"
"-3.30","","-6.70","58","747","997","","","","0.50","","S","Переменная облачность","2025-12-28 15:55"
"-3.30","","-6.70","58","747","997","","","","0.60","","S","Переменная облачность","2025-12-28 15:56"
"-3.30","","-6.70","58","747","997","","","","0.40","","S","Переменная облачность","2025-12-28 15:57"
"-3.30","","-6.70","58","747","997","","","","0.40","","S","Переменная облачность","2025-12-28 15:58"
"-3.30","","-6.70","58","747","997","","","","0.40","","S","Переменная облачность","2025-12-28 15:59"
"-3.30","","-6.80","58","747","997","","","","0.60","","S","Переменная облачность","2025-12-28 16:00"
"-3.30","","-6.80","58","747","997","","","","0.60","","S","Переменная облачность","2025-12-28 16:01"
"-3.30","","-6.80","58","747","997","","","","0.60","","S","Переменная облачность","2025-12-28 16:02"
"-3.30","","-6.70","58","747","997","","","","0.50","","S","Переменная облачность","2025-12-28 16:03"
"-3.30","","-6.70","58","747","997","","","","0.50","","S","Переменная облачность","2025-12-28 16:04"
"-3.30","","-6.70","58","747","997","","","","0.60","","S","Переменная облачность","2025-12-28 16:05"
"-3.30","","-6.70","58","747","996","","","","0.50","","S","Переменная облачность","2025-12-28 16:06"
"-3.30","","-6.70","58","747","996","","","","0.60","","S","Переменная облачность","2025-12-28 16:07"
"-3.30","","-6.80","58","747","996","","","","0.60","","S","Переменная облачность","2025-12-28 16:08"
"-3.30","","-7.00","58","747","996","","","","1.10","","S","Переменная облачность","2025-12-28 16:09"
"-3.30","","-7.00","58","747","996","","","","1.10","","S","Переменная облачность","2025-12-28 16:10"
"-3.30","","-7.20","58","747","996","","","","1.20","","S","Переменная облачность","2025-12-28 16:11"
"-3.30","","-7.20","58","747","996","","","","1.20","","S","Переменная облачность","2025-12-28 16:12"
"-3.30","","-7.10","58","747","996","","","","1.00","","S","Переменная облачность","2025-12-28 16:13"
"-3.40","","-7.30","58","747","996","","","","1.20","","S","Переменная облачность","2025-12-28 16:14"
"-3.40","","-7.30","58","747","996","","","","1.00","","S","Переменная облачность","2025-12-28 16:15"
"-3.40","","-7.30","58","747","996","","","","1.00","","S","Переменная облачность","2025-12-28 16:16"
"-3.40","","-6.90","58","747","996","","","","0.60","","S","Переменная облачность","2025-12-28 16:17"
"-3.40","","-6.90","58","747","996","","","","0.60","","S","Переменная облачность","2025-12-28 16:18"
"-3.40","","-6.80","58","747","996","","","","0.00","","S","Переменная облачность","2025-12-28 16:19"
"-3.40","","-6.50","58","747","996","","","","0.00","","S","Переменная облачность","2025-12-28 16:20"
"-3.40","","-6.50","58","748","998","","","","0.40","","S","Переменная облачность","2025-12-28 16:21"
"-3.40","","-6.50","58","748","998","","","","0.00","","S","Переменная облачность","2025-12-28 16:22"
"-3.40","","-6.50","58","748","998","","","","0.00","","S","Переменная облачность","2025-12-28 16:23"
"-3.40","","-6.50","58","748","998","","","","0.00","","S","Переменная облачность","2025-12-28 16:24"
"-3.40","","-6.50","58","748","998","","","","0.00","","S","Переменная облачность","2025-12-28 16:25"
"-3.50","","-6.60","58","748","998","","","","0.00","","S","Переменная облачность","2025-12-28 16:26"
"-3.40","","-6.50","58","748","998","","","","0.00","","S","Переменная облачность","2025-12-28 16:27"
"-3.40","","-6.50","58","748","998","","","","0.00","","S","Переменная облачность","2025-12-28 16:28"
"-3.40","","-6.50","58","748","998","","","","0.00","","S","Переменная облачность","2025-12-28 16:29"
"-3.40","","-6.50","58","748","998","","","","0.00","","S","Переменная облачность","2025-12-28 16:30"
"-3.40","","-6.50","58","748","998","","","","0.00","","S","Переменная облачность","2025-12-28 16:31"
"-3.40","","-6.50","58","748","998","","","","0.00","","S","Переменная облачность","2025-12-28 16:32"
"-3.40","","-6.50","58","748","998","","","","0.00","","S","Переменная облачность","2025-12-28 16:33"
"-3.50","","-6.60","58","748","998","","","","0.40","","S","Переменная облачность","2025-12-28 16:34"
"-3.50","","-6.60","58","748","998","","","","0.00","","S","Переменная облачность","2025-12-28 16:35"
"-3.50","","-6.60","58","748","998","","","","0.00","","S","Переменная облачность","2025-12-28 16:36"
"-3.50","","-6.90","58","748","998","","","","0.40","","S","Переменная облачность","2025-12-28 16:37"
"-3.50","","-6.90","58","748","998","","","","0.40","","S","Переменная облачность","2025-12-28 16:38"
"-3.50","","-6.90","58","748","998","","","","0.40","","S","Переменная облачность","2025-12-28 16:39"
"-3.50","","-6.90","58","748","998","","","","0.40","","S","Переменная облачность","2025-12-28 16:40"
"-3.50","","-6.90","58","748","998","","","","0.50","","S","Переменная облачность","2025-12-28 16:41"
"-3.50","","-6.90","58","748","998","","","","0.50","","S","Переменная облачность","2025-12-28 16:42"
"-3.50","","-6.90","58","748","998","","","","0.50","","S","Переменная облачность","2025-12-28 16:43"
"-3.50","","-6.90","58","748","998","","","","0.50","","S","Переменная облачность","2025-12-28 16:44"
"-3.50","","-6.90","58","748","998","","","","0.40","","S","Переменная облачность","2025-12-28 16:45"
"-3.50","","-6.90","58","748","998","","","","0.40","","S","Переменная облачность","2025-12-28 16:46"
"-3.50","","-6.90","58","748","998","","","","1.00","","S","Переменная облачность","2025-12-28 16:47"
"-3.50","","-6.90","58","748","998","","","","1.00","","S","Переменная облачность","2025-12-28 16:48"
"-3.50","","-7.30","58","748","998","","","","0.60","","S","Переменная облачность","2025-12-28 16:49"
"-3.50","","-6.90","58","748","998","","","","0.50","","S","Переменная облачность","2025-12-28 16:50"
"-3.50","","-6.90","58","748","998","","","","0.50","","S","Переменная облачность","2025-12-28 16:51"
"-3.50","","-6.90","58","748","998","","","","0.50","","S","Переменная облачность","2025-12-28 16:52"
"-3.50","","-6.90","58","748","998","","","","0.90","","S","Переменная облачность","2025-12-28 16:53"
"-3.50","","-7.20","58","748","998","","","","0.70","","S","Переменная облачность","2025-12-28 16:54"
"-3.50","","-7.10","58","748","998","","","","0.70","","S","Переменная облачность","2025-12-28 16:55"
"-3.50","","-7.10","58","748","998","","","","0.70","","S","Переменная облачность","2025-12-28 16:56"
"-3.60","","-7.20","58","748","998","","","","0.00","","S","Переменная облачность","2025-12-28 16:57"
"-3.60","","-6.70","58","748","998","","","","0.00","","S","Переменная облачность","2025-12-28 16:58"
"-3.60","","-6.70","58","748","998","","","","0.40","","S","Переменная облачность","2025-12-28 16:59"
"-3.60","","-6.70","58","748","998","","","","0.00","","S","Переменная облачность","2025-12-28 17:00"
"-3.60","","-6.70","58","748","998","","","","0.00","","S","Переменная облачность","2025-12-28 17:01"
"-3.60","","-6.70","58","748","998","","","","0.00","","S","Переменная облачность","2025-12-28 17:02"
"-3.60","","-6.70","58","748","998","","","","0.00","","S","Переменная облачность","2025-12-28 17:03"
"-3.60","","-6.70","58","748","998","","","","0.00","","S","Переменная облачность","2025-12-28 17:04"
"-3.60","","-6.70","58","748","998","","","","0.00","","S","Переменная облачность","2025-12-28 17:05"
"-3.60","","-7.00","58","747","997","","","","0.40","","S","Переменная облачность","2025-12-28 17:06"
"-3.60","","-7.00","58","747","997","","","","0.70","","S","Переменная облачность","2025-12-28 17:07"
"-3.60","","-7.20","58","747","997","","","","0.70","","S","Переменная облачность","2025-12-28 17:08"
"-3.60","","-7.10","58","747","997","","","","0.40","","S","Переменная облачность","2025-12-28 17:09"
"-3.60","","-7.00","59","747","997","","","","0.70","","S","Переменная облачность","2025-12-28 17:10"
"-3.60","","-7.20","59","747","997","","","","0.90","","S","Переменная облачность","2025-12-28 17:11"
"-3.60","","-7.30","59","747","997","","","","0.50","","S","Переменная облачность","2025-12-28 17:12"
"-3.60","","-7.00","59","747","997","","","","0.00","","S","Переменная облачность","2025-12-28 17:13"
"-3.60","","-6.70","59","747","997","","","","0.00","","S","Переменная облачность","2025-12-28 17:14"
"-3.60","","-6.70","59","747","997","","","","0.00","","S","Переменная облачность","2025-12-28 17:15"
"-3.60","","-6.70","59","747","997","","","","0.00","","S","Переменная облачность","2025-12-28 17:16"
"-3.60","","-6.70","58","747","997","","","","0.00","","S","Переменная облачность","2025-12-28 17:17"
"-3.60","","-6.70","58","747","997","","","","0.00","","S","Переменная облачность","2025-12-28 17:18"
"-3.60","","-6.70","58","747","997","","","","0.00","","S","Переменная облачность","2025-12-28 17:19"
"-3.70","","-6.80","58","747","997","","","","0.00","","S","Переменная облачность","2025-12-28 17:20"
"-3.70","","-6.80","58","748","998","","","","0.00","","S","Переменная облачность","2025-12-28 17:21"
"-3.70","","-6.80","58","748","998","","","","0.00","","S","Переменная облачность","2025-12-28 17:22"
"-3.70","","-6.80","58","748","998","","","","0.00","","S","Переменная облачность","2025-12-28 17:23"
"-3.70","","-6.80","58","748","998","","","","0.40","","S","Переменная облачность","2025-12-28 17:24"
"-3.70","","-6.80","58","748","998","","","","0.40","","S","Переменная облачность","2025-12-28 17:25"
"-3.70","","-6.80","59","748","998","","","","0.40","","S","Переменная облачность","2025-12-28 17:26"
"-3.70","","-6.80","59","748","998","","","","0.40","","S","Переменная облачность","2025-12-28 17:27"
"-3.70","","-6.80","59","748","998","","","","0.40","","S","Переменная облачность","2025-12-28 17:28"
"-3.70","","-7.30","59","748","998","","","","0.70","","S","Переменная облачность","2025-12-28 17:29"
"-3.70","","-7.30","59","748","998","","","","0.50","","S","Переменная облачность","2025-12-28 17:30"
"-3.70","","-7.10","59","748","998","","","","0.50","","S","Переменная облачность","2025-12-28 17:31"
"-3.70","","-7.30","59","748","998","","","","0.70","","S","Переменная облачность","2025-12-28 17:32"
"-3.70","","-7.50","59","748","998","","","","1.00","","S","Переменная облачность","2025-12-28 17:33"
"-3.70","","-7.50","59","748","998","","","","0.60","","S","Переменная облачность","2025-12-28 17:34"
"-3.70","","-7.10","59","748","998","","","","0.50","","S","Переменная облачность","2025-12-28 17:35"
"-3.70","","-7.10","59","748","998","","","","0.50","","S","Переменная облачность","2025-12-28 17:36"
"-3.70","","-7.10","59","747","997","","","","0.40","","S","Переменная облачность","2025-12-28 17:37"
"-3.70","","-7.10","59","747","997","","","","0.40","","S","Переменная облачность","2025-12-28 17:38"
"-3.70","","-7.10","59","747","997","","","","0.40","","S","Переменная облачность","2025-12-28 17:39"
"-3.70","","-7.10","59","747","997","","","","0.40","","S","Переменная облачность","2025-12-28 17:40"
"-3.70","","-7.10","59","747","997","","","","0.40","","S","Переменная облачность","2025-12-28 17:41"
"-3.70","","-7.10","59","747","997","","","","0.00","","S","Переменная облачность","2025-12-28 17:42"
"-3.70","","-7.10","59","747","997","","","","0.00","","S","Переменная облачность","2025-12-28 17:43"
"-3.70","","-7.10","59","747","997","","","","0.00","","S","Переменная облачность","2025-12-28 17:44"
"-3.70","","-7.10","59","747","997","","","","0.40","","S","Переменная облачность","2025-12-28 17:45"
"-3.70","","-7.10","59","747","997","","","","0.40","","S","Небольшая облачность","2025-12-28 17:46"
"-3.70","","-6.80","59","747","997","","","","0.00","","S","Небольшая облачность","2025-12-28 17:47"
"-3.70","","-6.80","59","747","997","","","","0.00","","S","Небольшая облачность","2025-12-28 17:48"
"-3.80","","-6.90","59","747","997","","","","0.00","","S","Небольшая облачность","2025-12-28 17:49"
"-3.80","","-7.20","59","747","997","","","","0.40","","S","Небольшая облачность","2025-12-28 17:50"
"-3.80","","-7.20","59","748","998","","","","0.50","","S","Небольшая облачность","2025-12-28 17:51"
"-3.80","","-7.30","59","748","998","","","","0.40","","S","Небольшая облачность","2025-12-28 17:52"
"-3.80","","-6.90","59","748","998","","","","0.00","","S","Небольшая облачность","2025-12-28 17:53"
"-3.80","","-6.90","59","748","998","","","","0.00","","S","Небольшая облачность","2025-12-28 17:54"
"-3.80","","-6.90","59","748","998","","","","0.00","","S","Небольшая облачность","2025-12-28 17:55"
"-3.80","","-6.90","59","748","998","","","","0.00","","S","Небольшая облачность","2025-12-28 17:56"
"-3.80","","-6.90","59","748","998","","","","0.00","","S","Небольшая облачность","2025-12-28 17:57"
"-3.80","","-6.90","59","748","998","","","","0.00","","S","Небольшая облачность","2025-12-28 17:58"
"-3.80","","-6.90","59","748","998","","","","0.00","","S","Небольшая облачность","2025-12-28 17:59"
"-3.80","","-6.90","59","748","998","","","","0.00","","S","Небольшая облачность","2025-12-28 18:00"
"-3.80","","-6.90","59","748","998","","","","0.00","","S","Небольшая облачность","2025-12-28 18:01"
"-3.80","","-6.90","59","748","998","","","","0.00","","S","Небольшая облачность","2025-12-28 18:02"
"-3.80","","-6.90","59","748","998","","","","0.00","","S","Небольшая облачность","2025-12-28 18:03"
"-3.80","","-6.90","59","748","998","","","","0.00","","S","Небольшая облачность","2025-12-28 18:04"
"-3.80","","-6.90","59","748","998","","","","0.00","","S","Небольшая облачность","2025-12-28 18:05"
"-3.80","","-6.90","59","748","998","","","","0.00","","S","Облачно","2025-12-28 18:06"
"-3.80","","-6.90","59","748","998","","","","0.00","","S","Облачно","2025-12-28 18:07"
"-3.80","","-6.90","59","748","998","","","","0.40","","S","Облачно","2025-12-28 18:08"
"-3.70","","-7.10","59","748","998","","","","0.40","","S","Облачно","2025-12-28 18:09"
"-3.70","","-6.80","59","748","998","","","","0.00","","S","Облачно","2025-12-28 18:10"
"-3.70","","-6.80","59","748","998","","","","0.00","","S","Облачно","2025-12-28 18:11"
"-3.70","","-6.80","59","748","998","","","","0.00","","S","Облачно","2025-12-28 18:12"
"-3.70","","-6.80","59","748","998","","","","0.00","","S","Облачно","2025-12-28 18:13"
"-3.70","","-6.80","59","748","998","","","","0.00","","S","Облачно","2025-12-28 18:14"
"-3.70","","-6.80","59","748","998","","","","0.00","","S","Облачно","2025-12-28 18:15"
"-3.70","","-6.80","59","748","998","","","","0.00","","S","Облачно","2025-12-28 18:16"
"-3.70","","-6.80","59","748","998","","","","0.00","","S","Облачно","2025-12-28 18:17"
"-3.70","","-6.80","59","748","998","","","","0.00","","S","Облачно","2025-12-28 18:18"
"-3.70","","-6.80","59","748","998","","","","0.00","","S","Облачно","2025-12-28 18:19"
"-3.70","","-6.80","59","748","998","","","","0.00","","S","Облачно","2025-12-28 18:20"
"-3.70","","-6.80","59","748","998","","","","0.00","","S","Облачно","2025-12-28 18:21"
"-3.70","","-6.80","59","748","998","","","","0.00","","S","Облачно","2025-12-28 18:22"
"-3.60","","-7.00","59","748","998","","","","0.40","","S","Облачно","2025-12-28 18:23"
"-3.60","","-7.00","59","748","998","","","","0.50","","S","Облачно","2025-12-28 18:24"
"-3.60","","-7.00","59","748","998","","","","0.50","","S","Облачно","2025-12-28 18:25"
"-3.60","","-6.70","59","748","998","","","","0.00","","S","Облачно","2025-12-28 18:26"
"-3.60","","-7.00","59","748","998","","","","0.40","","S","Облачно","2025-12-28 18:27"
"-3.60","","-7.00","59","748","998","","","","0.50","","S","Облачно","2025-12-28 18:28"
"-3.60","","-7.10","59","748","998","","","","0.60","","S","Облачно","2025-12-28 18:29"
"-3.60","","-7.00","60","748","998","","","","0.50","","S","Облачно","2025-12-28 18:30"
"-3.60","","-7.10","60","748","998","","","","0.60","","S","Облачно","2025-12-28 18:31"
"-3.60","","-7.00","60","748","998","","","","0.40","","S","Облачно","2025-12-28 18:32"
"-3.60","","-7.00","60","748","998","","","","0.40","","S","Облачно","2025-12-28 18:33"
"-3.60","","-6.70","60","748","998","","","","0.00","","S","Облачно","2025-12-28 18:34"
"-3.60","","-6.70","60","748","998","","","","0.00","","S","Облачно","2025-12-28 18:35"
"-3.60","","-6.70","60","748","998","","","","0.00","","S","Небольшая облачность","2025-12-28 18:36"
"-3.60","","-7.00","60","748","998","","","","0.40","","S","Небольшая облачность","2025-12-28 18:37"
"-3.60","","-6.70","60","748","998","","","","0.00","","S","Небольшая облачность","2025-12-28 18:38"
"-3.60","","-6.70","60","748","998","","","","0.00","","S","Небольшая облачность","2025-12-28 18:39"
"-3.60","","-6.70","60","748","998","","","","0.00","","S","Небольшая облачность","2025-12-28 18:40"
"-3.60","","-6.70","60","748","998","","","","0.00","","S","Небольшая облачность","2025-12-28 18:41"
"-3.60","","-6.70","60","748","998","","","","0.00","","S","Небольшая облачность","2025-12-28 18:42"
"-3.60","","-6.70","60","748","998","","","","0.40","","S","Небольшая облачность","2025-12-28 18:43"
"-3.60","","-7.00","60","748","998","","","","0.40","","S","Небольшая облачность","2025-12-28 18:44"
"-3.60","","-6.70","60","748","998","","","","0.00","","S","Небольшая облачность","2025-12-28 18:45"
"-3.60","","-6.70","60","748","998","","","","0.40","","S","Небольшая облачность","2025-12-28 18:46"
"-3.60","","-7.00","60","748","998","","","","0.40","","S","Небольшая облачность","2025-12-28 18:47"
"-3.60","","-7.00","60","748","998","","","","0.40","","S","Небольшая облачность","2025-12-28 18:48"
"-3.60","","-7.00","60","748","998","","","","0.50","","S","Небольшая облачность","2025-12-28 18:49"
"-3.60","","-7.00","60","748","998","","","","0.50","","S","Небольшая облачность","2025-12-28 18:50"
"-3.60","","-7.00","60","748","998","","","","0.50","","S","Небольшая облачность","2025-12-28 18:51"
"-3.60","","-7.00","60","748","998","","","","0.40","","S","Небольшая облачность","2025-12-28 18:52"
"-3.60","","-7.00","60","748","998","","","","0.40","","S","Небольшая облачность","2025-12-28 18:53"
"-3.60","","-7.10","60","748","998","","","","0.60","","S","Небольшая облачность","2025-12-28 18:54"
"-3.60","","-7.00","60","748","998","","","","0.40","","S","Небольшая облачность","2025-12-28 18:55"
"-3.60","","-7.00","60","748","998","","","","0.40","","S","Небольшая облачность","2025-12-28 18:56"
"-3.60","","-6.70","60","748","998","","","","0.00","","S","Небольшая облачность","2025-12-28 18:57"
"-3.60","","-6.70","60","748","998","","","","0.00","","S","Небольшая облачность","2025-12-28 18:58"
"-3.60","","-7.10","60","748","998","","","","0.60","","S","Небольшая облачность","2025-12-28 18:59"
"-3.60","","-7.00","60","748","998","","","","0.50","","S","Небольшая облачность","2025-12-28 19:00"
"-3.60","","-7.10","60","748","998","","","","0.60","","S","Небольшая облачность","2025-12-28 19:01"
"-3.60","","-7.20","60","748","998","","","","0.70","","S","Небольшая облачность","2025-12-28 19:02"
"-3.60","","-7.20","60","748","998","","","","0.90","","S","Небольшая облачность","2025-12-28 19:03"
"-3.60","","-7.30","60","748","998","","","","0.70","","S","Небольшая облачность","2025-12-28 19:04"
"-3.60","","-7.30","60","748","998","","","","0.70","","S","Небольшая облачность","2025-12-28 19:05"
"-3.60","","-7.00","60","747","997","","","","0.40","","S","Небольшая облачность","2025-12-28 19:06"
"-3.60","","-7.00","60","747","997","","","","0.40","","S","Небольшая облачность","2025-12-28 19:07"
"-3.60","","-7.10","60","747","997","","","","0.60","","S","Небольшая облачность","2025-12-28 19:08"
"-3.70","","-7.40","60","747","997","","","","0.90","","S","Небольшая облачность","2025-12-28 19:09"
"-3.70","","-7.10","60","747","997","","","","0.50","","S","Небольшая облачность","2025-12-28 19:10"
"-3.70","","-7.10","60","747","997","","","","0.50","","S","Небольшая облачность","2025-12-28 19:11"
"-3.70","","-7.30","60","747","997","","","","0.70","","S","Небольшая облачность","2025-12-28 19:12"
"-3.70","","-6.80","60","747","997","","","","0.00","","S","Небольшая облачность","2025-12-28 19:13"
"-3.70","","-7.20","60","747","997","","","","0.40","","S","Небольшая облачность","2025-12-28 19:14"
"-3.70","","-7.10","60","747","997","","","","0.40","","S","Небольшая облачность","2025-12-28 19:15"
"-3.70","","-6.80","60","747","997","","","","0.00","","S","Небольшая облачность","2025-12-28 19:16"
"-3.70","","-6.80","60","747","997","","","","0.00","","S","Небольшая облачность","2025-12-28 19:17"
"-3.70","","-6.80","60","747","997","","","","0.00","","S","Небольшая облачность","2025-12-28 19:18"
"-3.70","","-6.80","60","747","997","","","","0.00","","S","Небольшая облачность","2025-12-28 19:19"
"-3.70","","-6.80","60","747","997","","","","0.50","","S","Небольшая облачность","2025-12-28 19:20"
"-3.70","","-6.80","60","748","998","","","","0.00","","S","Небольшая облачность","2025-12-28 19:21"
"-3.70","","-6.80","60","748","998","","","","0.00","","S","Небольшая облачность","2025-12-28 19:22"
"-3.70","","-6.80","60","748","998","","","","0.00","","S","Небольшая облачность","2025-12-28 19:23"
"-3.70","","-6.80","60","748","998","","","","0.00","","S","Небольшая облачность","2025-12-28 19:24"
"-3.70","","-6.80","60","748","998","","","","0.00","","S","Небольшая облачность","2025-12-28 19:25"
"-3.70","","-6.80","60","748","998","","","","0.00","","S","Небольшая облачность","2025-12-28 19:26"
"-3.80","","-6.90","59","748","998","","","","0.00","","S","Небольшая облачность","2025-12-28 19:27"
"-3.80","","-6.90","59","748","998","","","","0.00","","S","Небольшая облачность","2025-12-28 19:28"
"-3.80","","-6.90","60","748","998","","","","0.00","","S","Небольшая облачность","2025-12-28 19:29"
"-3.80","","-6.90","60","748","998","","","","0.00","","S","Небольшая облачность","2025-12-28 19:30"
"-3.80","","-6.90","60","748","998","","","","0.00","","S","Небольшая облачность","2025-12-28 19:31"
"-3.80","","-6.90","60","748","998","","","","0.00","","S","Небольшая облачность","2025-12-28 19:32"
"-3.80","","-6.90","60","748","998","","","","0.00","","S","Небольшая облачность","2025-12-28 19:33"
"-3.80","","-6.90","60","748","998","","","","0.00","","S","Небольшая облачность","2025-12-28 19:34"
"-3.80","","-6.90","60","748","998","","","","0.00","","S","Небольшая облачность","2025-12-28 19:35"
"-3.80","","-6.90","60","747","997","","","","0.00","","S","Небольшая облачность","2025-12-28 19:36"
"-3.80","","-6.90","60","747","997","","","","0.00","","S","Небольшая облачность","2025-12-28 19:37"
"-3.80","","-6.90","60","747","997","","","","0.00","","S","Небольшая облачность","2025-12-28 19:38"
"-3.80","","-6.90","60","747","997","","","","0.00","","S","Небольшая облачность","2025-12-28 19:39"
"-3.80","","-6.90","60","747","997","","","","0.00","","S","Небольшая облачность","2025-12-28 19:40"
"-3.80","","-6.90","60","747","997","","","","0.00","","S","Небольшая облачность","2025-12-28 19:41"
"-3.80","","-6.90","60","747","997","","","","0.00","","S","Небольшая облачность","2025-12-28 19:42"
"-3.80","","-6.90","60","747","997","","","","0.60","","S","Небольшая облачность","2025-12-28 19:43"
"-3.80","","-6.90","60","747","997","","","","0.60","","S","Небольшая облачность","2025-12-28 19:44"
"-3.80","","-7.60","60","747","997","","","","0.70","","S","Небольшая облачность","2025-12-28 19:45"
"-3.80","","-7.40","60","747","997","","","","0.40","","S","Небольшая облачность","2025-12-28 19:46"
"-3.80","","-7.20","60","747","997","","","","0.40","","S","Небольшая облачность","2025-12-28 19:47"
"-3.80","","-7.20","60","747","997","","","","0.50","","S","Небольшая облачность","2025-12-28 19:48"
"-3.80","","-7.20","60","747","997","","","","0.50","","S","Небольшая облачность","2025-12-28 19:49"
"-3.80","","-7.20","60","747","997","","","","0.50","","S","Небольшая облачность","2025-12-28 19:50"
"-3.80","","-7.20","60","747","997","","","","0.50","","S","Небольшая облачность","2025-12-28 19:51"
"-3.80","","-7.50","60","747","997","","","","0.90","","S","Небольшая облачность","2025-12-28 19:52"
"-3.80","","-7.30","60","747","997","","","","0.60","","S","Небольшая облачность","2025-12-28 19:53"
"-3.80","","-7.30","60","747","997","","","","0.60","","S","Небольшая облачность","2025-12-28 19:54"
"-3.80","","-7.20","60","747","997","","","","0.40","","S","Небольшая облачность","2025-12-28 19:55"
"-3.80","","-7.20","60","747","997","","","","0.40","","S","Небольшая облачность","2025-12-28 19:56"
"-3.70","","-6.80","60","747","997","","","","0.00","","S","Небольшая облачность","2025-12-28 19:57"
"-3.70","","-6.80","60","747","997","","","","0.00","","S","Небольшая облачность","2025-12-28 19:58"
"-3.70","","-7.40","60","747","997","","","","0.40","","S","Небольшая облачность","2025-12-28 19:59"
"-3.70","","-7.10","60","747","997","","","","0.40","","S","Небольшая облачность","2025-12-28 20:00"
"-3.70","","-6.80","60","747","997","","","","0.00","","N","Небольшая облачность","2025-12-28 20:01"
"-3.70","","-6.80","60","747","997","","","","0.00","","N","Небольшая облачность","2025-12-28 20:02"
"-3.70","","-7.10","60","747","997","","","","0.40","","SSE","Небольшая облачность","2025-12-28 20:03"
"-3.70","","-7.10","60","747","997","","","","0.60","","SSE","Небольшая облачность","2025-12-28 20:04"
"-3.70","","-6.80","60","747","997","","","","0.00","","SSE","Небольшая облачность","2025-12-28 20:05"
"-3.70","","-6.80","60","748","998","","","","0.00","","SSE","Небольшая облачность","2025-12-28 20:06"
"-3.70","","-6.80","60","748","998","","","","0.00","","SSE","Небольшая облачность","2025-12-28 20:07"
"-3.70","","-6.80","60","748","998","","","","0.00","","SSE","Небольшая облачность","2025-12-28 20:08"
"-3.70","","-7.10","60","748","998","","","","0.50","","SSE","Небольшая облачность","2025-12-28 20:09"
"-3.70","","-7.30","60","748","998","","","","0.70","","SSE","Небольшая облачность","2025-12-28 20:10"
"-3.70","","-7.10","60","748","998","","","","0.50","","SSE","Небольшая облачность","2025-12-28 20:11"
"-3.70","","-7.10","60","748","998","","","","0.40","","SSE","Небольшая облачность","2025-12-28 20:12"
"-3.70","","-7.10","60","748","998","","","","0.40","","SSE","Небольшая облачность","2025-12-28 20:13"
"-3.70","","-6.80","60","748","998","","","","0.00","","SSE","Небольшая облачность","2025-12-28 20:14"
"-3.70","","-7.10","60","748","998","","","","0.40","","SSE","Небольшая облачность","2025-12-28 20:15"
"-3.70","","-7.10","60","748","998","","","","0.00","","SSE","Небольшая облачность","2025-12-28 20:16"
"-3.70","","-7.10","60","748","998","","","","0.00","","SSE","Небольшая облачность","2025-12-28 20:17"
"-3.70","","-7.10","60","748","998","","","","0.50","","SSE","Небольшая облачность","2025-12-28 20:18"
"-3.70","","-7.40","60","748","998","","","","0.90","","S","Небольшая облачность","2025-12-28 20:19"
"-3.70","","-7.10","60","748","998","","","","0.50","","S","Небольшая облачность","2025-12-28 20:20"
"-3.70","","-7.10","60","748","998","","","","0.50","","S","Небольшая облачность","2025-12-28 20:21"
"-3.70","","-7.10","60","747","997","","","","0.50","","S","Небольшая облачность","2025-12-28 20:22"
"-3.70","","-7.20","60","747","997","","","","0.60","","S","Небольшая облачность","2025-12-28 20:23"
"-3.70","","-7.20","60","747","997","","","","0.50","","S","Небольшая облачность","2025-12-28 20:24"
"-3.70","","-7.10","60","747","997","","","","0.50","","S","Небольшая облачность","2025-12-28 20:25"
"-3.70","","-7.10","60","747","997","","","","0.40","","S","Небольшая облачность","2025-12-28 20:26"
"-3.70","","-7.10","60","747","997","","","","0.70","","S","Небольшая облачность","2025-12-28 20:27"
"-3.70","","-7.10","60","747","997","","","","0.70","","S","Небольшая облачность","2025-12-28 20:28"
"-3.70","","-7.10","60","747","997","","","","0.40","","S","Небольшая облачность","2025-12-28 20:29"
"-3.70","","-7.10","60","747","997","","","","0.40","","S","Небольшая облачность","2025-12-28 20:30"
"-3.70","","-7.10","60","747","997","","","","0.40","","S","Небольшая облачность","2025-12-28 20:31"
"-3.70","","-7.10","60","747","997","","","","0.40","","S","Небольшая облачность","2025-12-28 20:32"
"-3.70","","-7.20","60","747","997","","","","0.60","","S","Небольшая облачность","2025-12-28 20:33"
"-3.70","","-7.20","60","747","997","","","","0.50","","S","Небольшая облачность","2025-12-28 20:34"
"-3.70","","-7.10","60","747","997","","","","0.60","","S","Небольшая облачность","2025-12-28 20:35"
"-3.70","","-7.20","60","748","998","","","","0.60","","S","Небольшая облачность","2025-12-28 20:36"
"-3.70","","-7.30","60","748","998","","","","0.70","","S","Небольшая облачность","2025-12-28 20:37"
"-3.70","","-7.30","60","748","998","","","","0.70","","S","Небольшая облачность","2025-12-28 20:38"
"-3.70","","-7.30","60","748","998","","","","0.70","","S","Небольшая облачность","2025-12-28 20:39"
"-3.70","","-7.30","60","748","998","","","","0.70","","S","Небольшая облачность","2025-12-28 20:40"
"-3.70","","-7.30","60","748","998","","","","1.20","","S","Небольшая облачность","2025-12-28 20:41"
"-3.70","","-7.30","60","748","998","","","","1.20","","S","Небольшая облачность","2025-12-28 20:42"
"-3.60","","-7.30","60","748","998","","","","0.50","","S","Небольшая облачность","2025-12-28 20:43"
"-3.70","","-6.80","60","748","998","","","","0.00","","S","Небольшая облачность","2025-12-28 20:44"
"-3.70","","-6.80","60","748","998","","","","0.40","","S","Небольшая облачность","2025-12-28 20:45"
"-3.70","","-6.80","60","748","998","","","","0.40","","S","Облачно","2025-12-28 20:46"
"-3.70","","-6.80","60","748","998","","","","0.00","","S","Облачно","2025-12-28 20:47"
"-3.70","","-6.80","60","748","998","","","","0.00","","S","Облачно","2025-12-28 20:48"
"-3.70","","-6.80","60","748","998","","","","0.00","","S","Облачно","2025-12-28 20:49"
"-3.70","","-6.80","60","748","998","","","","0.00","","S","Облачно","2025-12-28 20:50"
"-3.70","","-6.80","60","748","998","","","","0.40","","S","Облачно","2025-12-28 20:51"
"-3.70","","-7.10","60","748","998","","","","0.40","","S","Облачно","2025-12-28 20:52"
"-3.70","","-7.10","60","748","998","","","","0.60","","S","Облачно","2025-12-28 20:53"
"-3.70","","-7.10","60","748","998","","","","0.40","","S","Облачно","2025-12-28 20:54"
"-3.70","","-6.80","60","748","998","","","","0.00","","S","Облачно","2025-12-28 20:55"
"-3.70","","-6.80","60","748","998","","","","0.00","","S","Облачно","2025-12-28 20:56"
"-3.70","","-7.20","60","748","998","","","","0.60","","S","Облачно","2025-12-28 20:57"
"-3.70","","-6.80","60","748","998","","","","0.00","","S","Облачно","2025-12-28 20:58"
"-3.70","","-6.80","60","748","998","","","","0.00","","S","Облачно","2025-12-28 20:59"
"-3.70","","-6.80","60","748","998","","","","0.00","","S","Облачно","2025-12-28 21:00"
"-3.70","","-6.80","60","748","998","","","","0.00","","S","Облачно","2025-12-28 21:01"
"-3.70","","-6.80","60","748","998","","","","0.00","","S","Облачно","2025-12-28 21:02"
"-3.70","","-6.80","60","748","998","","","","0.00","","S","Облачно","2025-12-28 21:03"
"-3.70","","-6.80","60","748","998","","","","0.00","","S","Облачно","2025-12-28 21:04"
"-3.70","","-6.80","60","748","998","","","","0.00","","S","Облачно","2025-12-28 21:05"
"-3.70","","-6.80","60","748","998","","","","0.00","","S","Облачно","2025-12-28 21:06"
"-3.70","","-6.80","60","748","998","","","","0.00","","S","Облачно","2025-12-28 21:07"
"-3.70","","-6.80","60","748","998","","","","0.00","","S","Облачно","2025-12-28 21:08"
"-3.70","","-7.10","60","748","998","","","","0.00","","S","Облачно","2025-12-28 21:09"
"-3.70","","-6.80","60","748","998","","","","0.00","","S","Облачно","2025-12-28 21:10"
"-3.70","","-6.80","60","748","998","","","","0.00","","S","Облачно","2025-12-28 21:11"
"-3.70","","-6.80","61","748","998","","","","0.00","","S","Облачно","2025-12-28 21:12"
"-3.70","","-6.80","61","748","998","","","","0.00","","S","Облачно","2025-12-28 21:13"
"-3.70","","-7.00","61","748","998","","","","0.40","","S","Облачно","2025-12-28 21:14"
"-3.70","","-7.00","61","748","998","","","","0.40","","S","Облачно","2025-12-28 21:15"
"-3.70","","-7.00","61","748","998","","","","0.40","","S","Облачно","2025-12-28 21:16"
"-3.70","","-7.10","60","748","998","","","","0.40","","S","Облачно","2025-12-28 21:17"
"-3.70","","-7.10","60","748","998","","","","0.40","","S","Облачно","2025-12-28 21:18"
"-3.70","","-7.10","60","748","998","","","","0.40","","S","Облачно","2025-12-28 21:19"
"-3.70","","-7.30","60","748","998","","","","0.70","","S","Облачно","2025-12-28 21:20"
"-3.70","","-7.10","60","748","998","","","","0.50","","S","Облачно","2025-12-28 21:21"
"-3.70","","-7.00","61","748","998","","","","0.40","","S","Облачно","2025-12-28 21:22"
"-3.70","","-7.00","61","748","998","","","","0.40","","S","Облачно","2025-12-28 21:23"
"-3.70","","-7.00","61","748","998","","","","0.00","","S","Облачно","2025-12-28 21:24"
"-3.70","","-6.80","61","748","998","","","","0.00","","S","Облачно","2025-12-28 21:25"
"-3.70","","-6.80","61","748","998","","","","0.00","","S","Облачно","2025-12-28 21:26"
"-3.70","","-7.40","61","748","998","","","","0.90","","S","Облачно","2025-12-28 21:27"
"-3.70","","-7.40","61","748","998","","","","0.90","","S","Облачно","2025-12-28 21:28"
"-3.70","","-7.40","61","748","998","","","","0.90","","S","Облачно","2025-12-28 21:29"
"-3.70","","-7.00","61","748","998","","","","0.60","","S","Облачно","2025-12-28 21:30"
"-3.70","","-7.00","61","748","998","","","","0.40","","S","Облачно","2025-12-28 21:31"
"-3.70","","-7.00","61","748","998","","","","0.40","","S","Облачно","2025-12-28 21:32"
"-3.70","","-7.20","61","748","998","","","","0.00","","S","Облачно","2025-12-28 21:33"
"-3.70","","-6.80","61","748","998","","","","0.00","","S","Облачно","2025-12-28 21:34"
"-3.70","","-6.80","61","748","998","","","","0.00","","S","Облачно","2025-12-28 21:35"
"-3.70","","-6.80","61","748","998","","","","0.00","","S","Небольшая облачность","2025-12-28 21:36"
"-3.70","","-6.80","61","748","998","","","","0.00","","S","Небольшая облачность","2025-12-28 21:37"
"-3.70","","-6.80","61","748","998","","","","0.00","","S","Небольшая облачность","2025-12-28 21:38"
"-3.70","","-6.80","61","748","998","","","","0.00","","S","Небольшая облачность","2025-12-28 21:39"
"-3.70","","-6.80","61","748","998","","","","0.00","","S","Небольшая облачность","2025-12-28 21:40"
"-3.70","","-6.80","61","748","998","","","","0.00","","S","Небольшая облачность","2025-12-28 21:41"
"-3.70","","-6.80","61","748","998","","","","0.00","","S","Небольшая облачность","2025-12-28 21:42"
"-3.70","","-7.20","61","748","998","","","","0.40","","S","Небольшая облачность","2025-12-28 21:43"
"-3.70","","-7.20","61","748","998","","","","0.00","","S","Небольшая облачность","2025-12-28 21:44"
"-3.60","","-6.70","61","748","998","","","","0.00","","S","Небольшая облачность","2025-12-28 21:45"
"-3.60","","-6.70","61","748","998","","","","0.00","","S","Небольшая облачность","2025-12-28 21:46"
"-3.60","","-6.70","61","748","998","","","","0.00","","S","Небольшая облачность","2025-12-28 21:47"
"-3.60","","-6.70","61","748","998","","","","0.00","","S","Небольшая облачность","2025-12-28 21:48"
"-3.60","","-6.70","61","748","998","","","","0.00","","S","Небольшая облачность","2025-12-28 21:49"
"-3.60","","-6.70","61","748","998","","","","0.00","","S","Небольшая облачность","2025-12-28 21:50"
"-3.60","","-6.70","61","748","998","","","","0.00","","S","Небольшая облачность","2025-12-28 21:51"
"-3.60","","-6.70","61","748","998","","","","0.00","","S","Небольшая облачность","2025-12-28 21:52"
"-3.60","","-6.70","61","748","998","","","","0.00","","S","Небольшая облачность","2025-12-28 21:53"
"-3.60","","-6.70","61","748","998","","","","0.40","","S","Небольшая облачность","2025-12-28 21:54"
"-3.60","","-6.70","61","748","998","","","","0.40","","S","Небольшая облачность","2025-12-28 21:55"
"-3.60","","-6.90","61","748","998","","","","0.40","","S","Небольшая облачность","2025-12-28 21:56"
"-3.60","","-6.70","61","748","998","","","","0.00","","S","Небольшая облачность","2025-12-28 21:57"
"-3.60","","-6.70","61","748","998","","","","0.00","","S","Небольшая облачность","2025-12-28 21:58"
"-3.50","","-6.50","61","748","998","","","","0.00","","S","Небольшая облачность","2025-12-28 21:59"
"-3.50","","-6.50","61","748","998","","","","0.00","","S","Небольшая облачность","2025-12-28 22:00"
"-3.50","","-6.80","61","748","998","","","","0.40","","S","Небольшая облачность","2025-12-28 22:01"
"-3.50","","-6.50","61","748","998","","","","0.40","","S","Небольшая облачность","2025-12-28 22:02"
"-3.50","","-6.80","61","748","998","","","","0.40","","S","Небольшая облачность","2025-12-28 22:03"
"-3.50","","-6.50","61","748","998","","","","0.00","","S","Небольшая облачность","2025-12-28 22:04"
"-3.50","","-6.50","61","748","998","","","","0.00","","S","Небольшая облачность","2025-12-28 22:05"
"-3.50","","-6.90","61","748","998","","","","0.00","","S","Небольшая облачность","2025-12-28 22:06"
"-3.50","","-6.90","61","748","998","","","","0.00","","S","Небольшая облачность","2025-12-28 22:07"
"-3.60","","-6.70","61","748","998","","","","0.00","","S","Небольшая облачность","2025-12-28 22:08"
"-3.60","","-6.70","61","748","998","","","","0.00","","S","Небольшая облачность","2025-12-28 22:09"
"-3.60","","-6.70","61","748","998","","","","0.00","","S","Небольшая облачность","2025-12-28 22:10"
"-3.60","","-6.70","61","748","998","","","","0.00","","S","Небольшая облачность","2025-12-28 22:11"
"-3.50","","-6.50","61","748","998","","","","0.00","","S","Небольшая облачность","2025-12-28 22:12"
"-3.50","","-6.50","61","748","998","","","","0.00","","S","Небольшая облачность","2025-12-28 22:13"
"-3.50","","-6.50","61","748","998","","","","0.00","","S","Небольшая облачность","2025-12-28 22:14"
"-3.50","","-6.50","61","748","998","","","","0.00","","S","Небольшая облачность","2025-12-28 22:15"
"-3.50","","-6.50","61","748","998","","","","0.00","","S","Небольшая облачность","2025-12-28 22:16"
"-3.50","","-6.50","61","748","998","","","","0.00","","S","Небольшая облачность","2025-12-28 22:17"
"-3.50","","-6.50","61","748","998","","","","0.00","","S","Небольшая облачность","2025-12-28 22:18"
"-3.50","","-6.50","61","748","998","","","","0.00","","S","Небольшая облачность","2025-12-28 22:19"
"-3.50","","-6.80","61","748","998","","","","0.50","","S","Небольшая облачность","2025-12-28 22:20"
"-3.50","","-6.90","61","748","998","","","","0.50","","S","Небольшая облачность","2025-12-28 22:21"
"-3.50","","-6.90","61","748","998","","","","0.50","","S","Небольшая облачность","2025-12-28 22:22"
"-3.50","","-6.90","61","748","998","","","","0.40","","S","Небольшая облачность","2025-12-28 22:23"
"-3.50","","-6.90","61","748","998","","","","0.40","","S","Небольшая облачность","2025-12-28 22:24"
"-3.50","","-6.50","61","748","998","","","","0.00","","S","Небольшая облачность","2025-12-28 22:25"
"-3.50","","-6.50","61","748","998","","","","0.00","","S","Небольшая облачность","2025-12-28 22:26"
"-3.50","","-6.50","61","748","998","","","","0.00","","S","Небольшая облачность","2025-12-28 22:27"
"-3.50","","-6.50","61","748","998","","","","0.00","","S","Небольшая облачность","2025-12-28 22:28"
"-3.50","","-6.50","61","748","998","","","","0.00","","S","Небольшая облачность","2025-12-28 22:29"
"-3.50","","-6.50","61","748","998","","","","0.00","","S","Небольшая облачность","2025-12-28 22:30"
"-3.50","","-6.50","61","748","998","","","","0.00","","S","Небольшая облачность","2025-12-28 22:31"
"-3.50","","-6.50","61","748","998","","","","0.00","","S","Небольшая облачность","2025-12-28 22:32"
"-3.50","","-6.50","61","748","998","","","","0.00","","S","Небольшая облачность","2025-12-28 22:33"
"-3.50","","-6.50","61","748","998","","","","0.00","","S","Небольшая облачность","2025-12-28 22:34"
"-3.50","","-6.50","61","748","998","","","","0.00","","S","Небольшая облачность","2025-12-28 22:35"
"-3.50","","-6.50","62","748","998","","","","0.00","","S","Небольшая облачность","2025-12-28 22:36"
"-3.50","","-6.50","62","748","998","","","","0.00","","S","Небольшая облачность","2025-12-28 22:37"
"-3.50","","-6.50","62","748","998","","","","0.00","","S","Небольшая облачность","2025-12-28 22:38"
"-3.50","","-6.50","62","748","998","","","","0.00","","S","Небольшая облачность","2025-12-28 22:39"
"-3.50","","-6.80","61","748","998","","","","0.00","","S","Небольшая облачность","2025-12-28 22:40"
"-3.50","","-6.80","61","748","998","","","","0.00","","S","Небольшая облачность","2025-12-28 22:41"
"-3.50","","-6.50","61","748","998","","","","0.40","","S","Небольшая облачность","2025-12-28 22:42"
"-3.50","","-6.50","61","748","998","","","","0.40","","S","Небольшая облачность","2025-12-28 22:43"
"-3.50","","-6.50","61","748","998","","","","0.40","","S","Небольшая облачность","2025-12-28 22:44"
"-3.50","","-6.50","62","748","998","","","","0.00","","S","Небольшая облачность","2025-12-28 22:45"
"-3.50","","-6.50","62","748","998","","","","0.00","","S","Небольшая облачность","2025-12-28 22:46"
"-3.50","","-6.50","62","748","998","","","","0.00","","S","Небольшая облачность","2025-12-28 22:47"
"-3.50","","-6.50","62","748","998","","","","0.00","","S","Небольшая облачность","2025-12-28 22:48"
"-3.50","","-6.50","62","748","998","","","","0.00","","S","Небольшая облачность","2025-12-28 22:49"
"-3.50","","-7.00","62","748","998","","","","0.70","","S","Небольшая облачность","2025-12-28 22:50"
"-3.50","","-7.00","62","748","998","","","","0.90","","S","Небольшая облачность","2025-12-28 22:51"
"-3.50","","-7.00","62","748","998","","","","0.90","","S","Небольшая облачность","2025-12-28 22:52"
"-3.50","","-7.20","61","748","998","","","","1.00","","S","Небольшая облачность","2025-12-28 22:53"
"-3.50","","-6.50","61","748","998","","","","0.00","","S","Небольшая облачность","2025-12-28 22:54"
"-3.50","","-6.50","61","748","998","","","","0.00","","S","Небольшая облачность","2025-12-28 22:55"
"-3.50","","-7.00","61","748","998","","","","0.70","","S","Небольшая облачность","2025-12-28 22:56"
"-3.50","","-7.00","61","748","998","","","","0.70","","S","Небольшая облачность","2025-12-28 22:57"
"-3.50","","-7.00","61","748","998","","","","0.70","","S","Небольшая облачность","2025-12-28 22:58"
"-3.50","","-7.20","61","748","998","","","","1.10","","S","Небольшая облачность","2025-12-28 22:59"
"-3.50","","-7.00","61","748","998","","","","0.60","","S","Небольшая облачность","2025-12-28 23:00"
"-3.50","","-7.00","61","748","998","","","","0.60","","S","Небольшая облачность","2025-12-28 23:01"
"-3.60","","-7.10","61","748","998","","","","0.40","","S","Небольшая облачность","2025-12-28 23:02"
"-3.60","","-7.10","61","748","998","","","","0.50","","S","Небольшая облачность","2025-12-28 23:03"
"-3.60","","-7.10","61","748","998","","","","0.50","","S","Небольшая облачность","2025-12-28 23:04"
"-3.60","","-7.00","61","748","998","","","","0.50","","S","Небольшая облачность","2025-12-28 23:05"
"-3.60","","-7.10","61","748","998","","","","0.70","","S","Облачно","2025-12-28 23:06"
"-3.60","","-7.10","61","748","998","","","","0.50","","S","Облачно","2025-12-28 23:07"
"-3.60","","-7.00","61","748","998","","","","0.50","","S","Облачно","2025-12-28 23:08"
"-3.60","","-6.70","61","748","998","","","","0.00","","S","Облачно","2025-12-28 23:09"
"-3.60","","-6.90","61","748","998","","","","0.40","","S","Облачно","2025-12-28 23:10"
"-3.60","","-6.70","61","748","998","","","","0.00","","S","Облачно","2025-12-28 23:11"
"-3.60","","-6.70","61","748","998","","","","0.00","","S","Облачно","2025-12-28 23:12"
"-3.60","","-6.70","61","748","998","","","","0.00","","S","Облачно","2025-12-28 23:13"
"-3.60","","-6.60","62","748","998","","","","0.00","","S","Облачно","2025-12-28 23:14"
"-3.60","","-6.60","62","748","998","","","","0.00","","S","Облачно","2025-12-28 23:15"
"-3.60","","-6.60","62","748","998","","","","0.00","","S","Облачно","2025-12-28 23:16"
"-3.60","","-6.70","61","748","998","","","","0.00","","S","Облачно","2025-12-28 23:17"
"-3.60","","-6.70","61","748","998","","","","0.00","","S","Облачно","2025-12-28 23:18"
"-3.70","","-7.00","61","748","998","","","","0.40","","S","Облачно","2025-12-28 23:19"
"-3.60","","-6.90","61","748","998","","","","0.40","","S","Облачно","2025-12-28 23:20"
"-3.60","","-6.90","61","748","998","","","","0.40","","S","Облачно","2025-12-28 23:21"
"-3.60","","-6.90","61","748","998","","","","0.40","","S","Облачно","2025-12-28 23:22"
"-3.60","","-6.90","61","748","998","","","","0.00","","S","Облачно","2025-12-28 23:23"
"-3.60","","-6.60","62","748","998","","","","0.00","","S","Облачно","2025-12-28 23:24"
"-3.60","","-6.60","62","748","998","","","","0.00","","S","Облачно","2025-12-28 23:25"
"-3.60","","-6.60","62","748","998","","","","0.00","","S","Облачно","2025-12-28 23:26"
"-3.60","","-6.60","62","748","998","","","","0.00","","S","Облачно","2025-12-28 23:27"
"-3.60","","-6.60","62","748","998","","","","0.00","","S","Облачно","2025-12-28 23:28"
"-3.60","","-6.60","62","748","998","","","","0.00","","S","Облачно","2025-12-28 23:29"
"-3.60","","-6.60","62","748","998","","","","0.00","","S","Облачно","2025-12-28 23:30"
"-3.70","","-6.70","62","748","998","","","","0.00","","S","Облачно","2025-12-28 23:31"
"-3.70","","-6.70","62","748","998","","","","0.00","","S","Облачно","2025-12-28 23:32"
"-3.70","","-6.80","61","748","998","","","","0.00","","S","Облачно","2025-12-28 23:33"
"-3.70","","-6.80","61","748","998","","","","0.00","","S","Облачно","2025-12-28 23:34"
"-3.70","","-7.00","61","748","998","","","","0.40","","S","Облачно","2025-12-28 23:35"
"-3.70","","-7.00","61","748","998","","","","0.70","","S","Небольшая облачность","2025-12-28 23:36"
"-3.70","","-7.20","62","748","998","","","","0.70","","S","Небольшая облачность","2025-12-28 23:37"
"-3.70","","-7.20","62","748","998","","","","0.00","","S","Небольшая облачность","2025-12-28 23:38"
"-3.60","","-6.60","62","748","998","","","","0.00","","S","Небольшая облачность","2025-12-28 23:39"
"-3.60","","-6.60","62","748","998","","","","0.00","","S","Небольшая облачность","2025-12-28 23:40"
"-3.60","","-6.60","62","748","998","","","","0.00","","S","Небольшая облачность","2025-12-28 23:41"
"-3.60","","-6.60","62","748","998","","","","0.40","","S","Небольшая облачность","2025-12-28 23:42"
"-3.60","","-6.90","62","748","998","","","","0.50","","S","Небольшая облачность","2025-12-28 23:43"
"-3.60","","-7.00","62","748","998","","","","0.50","","S","Небольшая облачность","2025-12-28 23:44"
"-3.60","","-7.00","62","748","998","","","","0.50","","S","Небольшая облачность","2025-12-28 23:45"
"-3.60","","-7.00","62","748","998","","","","1.00","","S","Небольшая облачность","2025-12-28 23:46"
"-3.70","","-7.20","62","748","998","","","","0.60","","S","Небольшая облачность","2025-12-28 23:47"
"-3.70","","-7.20","62","748","998","","","","0.70","","S","Небольшая облачность","2025-12-28 23:48"
"-3.70","","-7.20","62","748","998","","","","0.00","","S","Небольшая облачность","2025-12-28 23:49"
"-3.60","","-6.60","62","748","998","","","","0.60","","S","Небольшая облачность","2025-12-28 23:50"
"-3.60","","-6.60","62","748","998","","","","0.60","","S","Небольшая облачность","2025-12-28 23:51"
"-3.60","","-7.10","62","748","998","","","","0.50","","S","Небольшая облачность","2025-12-28 23:52"
"-3.60","","-6.90","62","748","998","","","","0.40","","S","Небольшая облачность","2025-12-28 23:53"
"-3.60","","-7.50","62","748","998","","","","1.20","","S","Небольшая облачность","2025-12-28 23:54"
"-3.60","","-7.50","62","748","998","","","","1.00","","S","Небольшая облачность","2025-12-28 23:55"
"-3.60","","-7.30","62","748","998","","","","0.60","","S","Небольшая облачность","2025-12-28 23:56"
"-3.60","","-7.30","62","748","998","","","","0.60","","S","Небольшая облачность","2025-12-28 23:57"
"-3.60","","-7.50","62","748","998","","","","1.20","","S","Небольшая облачность","2025-12-28 23:58"
"-3.60","","-7.50","62","748","998","","","","1.20","","S","Небольшая облачность","2025-12-28 23:59"