"Temp","Temp Water","Temp Feels Like","Humidity","Pressure Mm","Pressure Hpa","Precip Mm","Precip Type","Precip Intensity","Wind Speed Ms","Wind Gust Speed Ms","Wind Dir","Condition","Created At"
"-3.70","","-10.60","73","771","1028","","","","5.70","","S","Облачно","2025-12-10 00:00"
"-3.70","","-9.10","73","771","1028","","","","3.60","","S","Облачно","2025-12-10 00:01"
"-3.70","","-9.10","73","771","1028","","","","3.60","","S","Облачно","2025-12-10 00:02"
"-3.70","","-9.10","73","771","1028","","","","3.60","","S","Облачно","2025-12-10 00:03"
"-3.70","","-9.10","73","771","1028","","","","5.00","","S","Облачно","2025-12-10 00:04"
"-3.70","","-9.10","73","771","1028","","","","2.60","","S","Облачно","2025-12-10 00:05"
"-3.70","","-8.40","73","771","1028","","","","2.60","","S","Облачно","2025-12-10 00:06"
"-3.70","","-8.40","73","771","1028","","","","4.00","","S","Облачно","2025-12-10 00:07"
"-3.70","","-9.40","73","771","1028","","","","4.00","","S","Облачно","2025-12-10 00:08"
"-3.70","","-9.40","73","771","1028","","","","4.00","","S","Облачно","2025-12-10 00:09"
"-3.70","","-9.40","73","771","1028","","","","4.00","","S","Облачно","2025-12-10 00:10"
"-3.70","","-9.40","73","771","1028","","","","4.00","","S","Облачно","2025-12-10 00:11"
"-3.70","","-9.40","73","771","1028","","","","4.00","","S","Облачно","2025-12-10 00:12"
"-3.70","","-9.40","73","771","1028","","","","4.00","","S","Облачно","2025-12-10 00:13"
"-3.70","","-9.40","73","771","1028","","","","6.60","","S","Облачно","2025-12-10 00:14"
"-3.70","","-11.20","73","771","1028","","","","6.60","","S","Облачно","2025-12-10 00:15"
"-3.70","","-11.20","73","771","1028","","","","6.60","","S","Облачно","2025-12-10 00:16"
"-3.70","","-11.20","73","771","1028","","","","6.60","","S","Облачно","2025-12-10 00:17"
"-3.70","","-11.20","73","771","1028","","","","6.60","","S","Облачно","2025-12-10 00:18"
"-3.70","","-10.90","73","771","1028","","","","6.20","","S","Облачно","2025-12-10 00:19"
"-3.70","","-10.90","73","771","1028","","","","6.20","","S","Облачно","2025-12-10 00:20"
"-3.70","","-10.90","73","771","1028","","","","6.20","","S","Облачно","2025-12-10 00:21"
"-3.70","","-10.90","73","771","1028","","","","6.20","","S","Облачно","2025-12-10 00:22"
"-3.70","","-10.90","73","771","1028","","","","4.80","","S","Облачно","2025-12-10 00:23"
"-3.70","","-9.90","73","771","1028","","","","4.80","","S","Облачно","2025-12-10 00:24"
"-3.70","","-9.90","73","771","1028","","","","4.80","","S","Облачно","2025-12-10 00:25"
"-3.60","","-9.80","73","771","1028","","","","4.80","","S","Облачно","2025-12-10 00:26"
"-3.60","","-9.80","73","771","1028","","","","4.40","","S","Облачно","2025-12-10 00:27"
"-3.60","","-9.80","73","771","1028","","","","4.40","","S","Облачно","2025-12-10 00:28"
"-3.60","","-9.60","73","771","1028","","","","4.40","","S","Облачно","2025-12-10 00:29"
"-3.60","","-9.60","73","771","1028","","","","4.40","","S","Облачно","2025-12-10 00:30"
"-3.60","","-9.60","73","771","1028","","","","4.40","","S","Облачно","2025-12-10 00:31"
"-3.60","","-9.60","73","771","1028","","","","4.40","","S","Облачно","2025-12-10 00:32"
"-3.70","","-9.70","73","771","1028","","","","4.40","","S","Облачно","2025-12-10 00:33"
"-3.70","","-9.70","73","771","1028","","","","4.40","","S","Облачно","2025-12-10 00:34"
"-3.70","","-11.70","73","771","1028","","","","7.30","","S","Облачно","2025-12-10 00:35"
"-3.60","","-11.60","73","771","1028","","","","7.30","","S","Облачно","2025-12-10 00:36"
"-3.60","","-11.60","73","771","1028","","","","7.30","","S","Облачно","2025-12-10 00:37"
"-3.60","","-11.60","73","771","1028","","","","7.30","","S","Облачно","2025-12-10 00:38"
"-3.60","","-11.60","73","771","1028","","","","7.30","","S","Облачно","2025-12-10 00:39"
"-3.60","","-8.70","73","771","1028","","","","3.20","","S","Облачно","2025-12-10 00:40"
"-3.60","","-7.40","73","771","1028","","","","1.30","","S","Облачно","2025-12-10 00:41"
"-3.60","","-8.20","73","771","1028","","","","2.50","","S","Облачно","2025-12-10 00:42"
"-3.60","","-8.20","73","771","1028","","","","2.50","","S","Облачно","2025-12-10 00:43"
"-3.60","","-8.20","73","771","1028","","","","2.50","","S","Облачно","2025-12-10 00:44"
"-3.60","","-8.20","73","771","1028","","","","3.10","","S","Облачно","2025-12-10 00:45"
"-3.60","","-8.20","73","771","1028","","","","3.10","","S","Облачно","2025-12-10 00:46"
"-3.70","","-8.60","73","771","1028","","","","2.90","","S","Облачно","2025-12-10 00:47"
"-3.70","","-8.60","73","771","1028","","","","3.20","","S","Облачно","2025-12-10 00:48"
"-3.60","","-8.70","73","771","1028","","","","3.20","","S","Облачно","2025-12-10 00:49"
"-3.60","","-9.20","73","771","1028","","","","3.90","","S","Облачно","2025-12-10 00:50"
"-3.60","","-9.20","73","771","1028","","","","3.90","","S","Облачно","2025-12-10 00:51"
"-3.60","","-9.20","73","771","1028","","","","4.10","","S","Облачно","2025-12-10 00:52"
"-3.60","","-9.30","73","771","1028","","","","4.10","","S","Облачно","2025-12-10 00:53"
"-3.60","","-9.30","73","771","1028","","","","4.10","","S","Облачно","2025-12-10 00:54"
"-3.70","","-9.40","73","771","1028","","","","4.10","","S","Облачно","2025-12-10 00:55"
"-3.70","","-9.50","72","771","1028","","","","4.10","","S","Облачно","2025-12-10 00:56"
"-3.70","","-9.50","72","771","1028","","","","4.10","","S","Облачно","2025-12-10 00:57"
"-3.70","","-9.50","72","771","1028","","","","4.10","","S","Облачно","2025-12-10 00:58"
"-3.70","","-9.50","72","771","1028","","","","5.90","","S","Облачно","2025-12-10 00:59"
"-3.70","","-10.70","72","771","1028","","","","5.90","","S","Облачно","2025-12-10 01:00"
"-3.70","","-10.70","72","771","1028","","","","5.90","","S","Облачно","2025-12-10 01:01"
"-3.70","","-10.70","72","771","1028","","","","5.90","","S","Облачно","2025-12-10 01:02"
"-3.70","","-10.70","72","771","1028","","","","5.60","","S","Облачно","2025-12-10 01:03"
"-3.70","","-10.50","72","771","1028","","","","1.40","","S","Облачно","2025-12-10 01:04"
"-3.70","","-7.60","72","771","1028","","","","4.10","","S","Облачно","2025-12-10 01:05"
"-3.70","","-10.10","72","771","1028","","","","5.00","","S","Облачно","2025-12-10 01:06"
"-3.70","","-10.10","72","771","1028","","","","1.60","","S","Облачно","2025-12-10 01:07"
"-3.70","","-7.70","72","771","1028","","","","1.60","","S","Облачно","2025-12-10 01:08"
"-3.70","","-7.70","72","771","1028","","","","1.60","","S","Облачно","2025-12-10 01:09"
"-3.70","","-7.70","72","771","1028","","","","1.60","","S","Облачно","2025-12-10 01:10"
"-3.70","","-7.70","72","771","1028","","","","1.60","","S","Облачно","2025-12-10 01:11"
"-3.70","","-7.70","72","771","1028","","","","1.60","","S","Облачно","2025-12-10 01:12"
"-3.70","","-7.70","72","771","1028","","","","3.90","","S","Облачно","2025-12-10 01:13"
"-3.70","","-9.30","72","771","1028","","","","3.90","","S","Облачно","2025-12-10 01:14"
"-3.70","","-9.30","72","771","1028","","","","3.90","","S","Облачно","2025-12-10 01:15"
"-3.70","","-9.30","72","771","1028","","","","3.90","","S","Облачно","2025-12-10 01:16"
"-3.70","","-9.30","72","771","1028","","","","3.90","","S","Облачно","2025-12-10 01:17"
"-3.70","","-9.30","72","771","1028","","","","3.90","","S","Облачно","2025-12-10 01:18"
"-3.70","","-10.20","72","771","1028","","","","5.10","","S","Облачно","2025-12-10 01:19"
"-3.70","","-10.20","72","771","1028","","","","5.10","","S","Облачно","2025-12-10 01:20"
"-3.70","","-10.20","72","771","1028","","","","5.10","","S","Облачно","2025-12-10 01:21"
"-3.70","","-10.20","72","771","1028","","","","5.10","","S","Облачно","2025-12-10 01:22"
"-3.70","","-9.00","72","771","1028","","","","3.40","","S","Облачно","2025-12-10 01:23"
"-3.70","","-9.60","72","771","1028","","","","3.90","","S","Облачно","2025-12-10 01:24"
"-3.70","","-7.50","72","771","1028","","","","1.30","","S","Облачно","2025-12-10 01:25"
"-3.70","","-7.50","72","771","1028","","","","1.30","","S","Облачно","2025-12-10 01:26"
"-3.70","","-7.50","72","771","1028","","","","4.80","","S","Облачно","2025-12-10 01:27"
"-3.70","","-10.00","72","771","1028","","","","4.80","","S","Облачно","2025-12-10 01:28"
"-3.70","","-10.00","72","771","1028","","","","4.80","","S","Облачно","2025-12-10 01:29"
"-3.70","","-10.00","72","771","1028","","","","4.80","","S","Облачно","2025-12-10 01:30"
"-3.70","","-10.00","72","771","1028","","","","4.80","","S","Облачно","2025-12-10 01:31"
"-3.70","","-10.00","71","771","1028","","","","4.80","","S","Облачно","2025-12-10 01:32"
"-3.70","","-10.00","71","771","1028","","","","4.80","","S","Облачно","2025-12-10 01:33"
"-3.70","","-10.00","71","771","1028","","","","4.80","","S","Облачно","2025-12-10 01:34"
"-3.70","","-9.80","71","771","1028","","","","4.60","","S","Облачно","2025-12-10 01:35"
"-3.70","","-9.80","71","770","1027","","","","4.60","","S","Облачно","2025-12-10 01:36"
"-3.70","","-9.80","71","770","1027","","","","4.60","","S","Облачно","2025-12-10 01:37"
"-3.70","","-9.80","71","770","1027","","","","4.60","","S","Облачно","2025-12-10 01:38"
"-3.70","","-9.80","71","770","1027","","","","4.60","","S","Облачно","2025-12-10 01:39"
"-3.70","","-9.80","71","770","1027","","","","4.60","","S","Облачно","2025-12-10 01:40"
"-3.70","","-9.80","71","770","1027","","","","4.60","","S","Облачно","2025-12-10 01:41"
"-3.80","","-9.90","71","770","1027","","","","4.60","","S","Облачно","2025-12-10 01:42"
"-3.70","","-9.80","71","770","1027","","","","4.10","","S","Облачно","2025-12-10 01:43"
"-3.70","","-9.50","71","770","1027","","","","4.10","","S","Облачно","2025-12-10 01:44"
"-3.70","","-9.50","71","770","1027","","","","4.10","","S","Облачно","2025-12-10 01:45"
"-3.70","","-9.50","71","770","1027","","","","5.00","","S","Облачно","2025-12-10 01:46"
"-3.70","","-10.10","71","770","1027","","","","5.00","","S","Облачно","2025-12-10 01:47"
"-3.70","","-10.10","71","770","1027","","","","5.00","","S","Облачно","2025-12-10 01:48"
"-3.70","","-10.10","71","770","1027","","","","5.00","","S","Облачно","2025-12-10 01:49"
"-3.70","","-10.10","71","770","1027","","","","4.10","","S","Облачно","2025-12-10 01:50"
"-3.70","","-9.50","71","771","1028","","","","4.10","","S","Облачно","2025-12-10 01:51"
"-3.70","","-9.50","71","771","1028","","","","5.30","","S","Облачно","2025-12-10 01:52"
"-3.70","","-10.30","71","771","1028","","","","5.30","","S","Облачно","2025-12-10 01:53"
"-3.70","","-10.30","71","771","1028","","","","5.30","","S","Облачно","2025-12-10 01:54"
"-3.70","","-10.30","71","771","1028","","","","5.30","","S","Облачно","2025-12-10 01:55"
"-3.70","","-10.30","71","771","1028","","","","5.30","","S","Облачно","2025-12-10 01:56"
"-3.70","","-10.30","71","771","1028","","","","5.30","","S","Облачно","2025-12-10 01:57"
"-3.70","","-10.30","71","771","1028","","","","5.30","","S","Облачно","2025-12-10 01:58"
"-3.70","","-10.30","71","771","1028","","","","5.30","","S","Облачно","2025-12-10 01:59"
"-3.70","","-10.30","71","771","1028","","","","5.30","","S","Облачно","2025-12-10 02:00"
"-3.70","","-10.30","71","771","1028","","","","5.30","","S","Облачно","2025-12-10 02:01"
"-3.70","","-10.40","71","771","1028","","","","5.40","","S","Облачно","2025-12-10 02:02"
"-3.70","","-10.40","71","771","1028","","","","5.40","","S","Облачно","2025-12-10 02:03"
"-3.70","","-10.40","71","771","1028","","","","5.40","","S","Облачно","2025-12-10 02:04"
"-3.70","","-10.40","71","771","1028","","","","5.40","","S","Облачно","2025-12-10 02:05"
"-3.70","","-10.40","71","771","1028","","","","5.40","","S","Облачно","2025-12-10 02:06"
"-3.70","","-10.40","71","771","1028","","","","5.40","","S","Облачно","2025-12-10 02:07"
"-3.70","","-10.40","71","771","1028","","","","5.40","","S","Облачно","2025-12-10 02:08"
"-3.70","","-10.40","70","771","1028","","","","5.40","","S","Облачно","2025-12-10 02:09"
"-3.70","","-10.40","70","771","1028","","","","5.90","","S","Облачно","2025-12-10 02:10"
"-3.70","","-10.80","70","771","1028","","","","5.90","","S","Облачно","2025-12-10 02:11"
"-3.70","","-10.80","70","771","1028","","","","4.40","","S","Облачно","2025-12-10 02:12"
"-3.60","","-9.60","70","771","1028","","","","4.40","","S","Облачно","2025-12-10 02:13"
"-3.60","","-9.60","70","771","1028","","","","4.40","","S","Облачно","2025-12-10 02:14"
"-3.60","","-9.60","70","771","1028","","","","4.40","","S","Облачно","2025-12-10 02:15"
"-3.60","","-9.60","70","771","1028","","","","4.40","","S","Облачно","2025-12-10 02:16"
"-3.60","","-9.60","70","771","1028","","","","4.40","","S","Облачно","2025-12-10 02:17"
"-3.60","","-9.60","70","771","1028","","","","4.40","","S","Облачно","2025-12-10 02:18"
"-3.60","","-9.60","70","771","1028","","","","7.30","","S","Облачно","2025-12-10 02:19"
"-3.60","","-11.60","70","771","1028","","","","7.30","","S","Облачно","2025-12-10 02:20"
"-3.60","","-11.60","70","771","1028","","","","7.30","","S","Облачно","2025-12-10 02:21"
"-3.60","","-7.80","70","771","1028","","","","1.80","","S","Облачно","2025-12-10 02:22"
"-3.60","","-7.80","70","771","1028","","","","1.80","","S","Облачно","2025-12-10 02:23"
"-3.60","","-7.80","70","771","1028","","","","1.80","","S","Облачно","2025-12-10 02:24"
"-3.60","","-9.60","70","771","1028","","","","4.40","","S","Облачно","2025-12-10 02:25"
"-3.60","","-9.60","70","771","1028","","","","4.40","","S","Облачно","2025-12-10 02:26"
"-3.60","","-9.60","70","771","1028","","","","5.30","","S","Облачно","2025-12-10 02:27"
"-3.60","","-9.60","70","771","1028","","","","5.30","","S","Облачно","2025-12-10 02:28"
"-3.60","","-10.20","70","771","1028","","","","3.10","","S","Облачно","2025-12-10 02:29"
"-3.60","","-8.70","70","771","1028","","","","3.10","","S","Облачно","2025-12-10 02:30"
"-3.60","","-8.70","70","771","1028","","","","3.10","","S","Облачно","2025-12-10 02:31"
"-3.50","","-10.30","70","771","1028","","","","5.50","","S","Облачно","2025-12-10 02:32"
"-3.50","","-10.30","70","771","1028","","","","5.50","","S","Облачно","2025-12-10 02:33"
"-3.50","","-8.20","70","771","1028","","","","2.60","","S","Облачно","2025-12-10 02:34"
"-3.50","","-10.10","70","771","1028","","","","5.30","","S","Облачно","2025-12-10 02:35"
"-3.50","","-10.10","70","770","1027","","","","5.30","","S","Облачно","2025-12-10 02:36"
"-3.50","","-10.10","70","770","1027","","","","5.30","","S","Облачно","2025-12-10 02:37"
"-3.50","","-10.10","70","770","1027","","","","5.30","","S","Облачно","2025-12-10 02:38"
"-3.50","","-10.10","70","770","1027","","","","5.30","","S","Облачно","2025-12-10 02:39"
"-3.50","","-10.10","70","770","1027","","","","5.30","","S","Облачно","2025-12-10 02:40"
"-3.50","","-10.10","70","770","1027","","","","5.30","","S","Облачно","2025-12-10 02:41"
"-3.50","","-10.10","70","770","1027","","","","5.30","","S","Облачно","2025-12-10 02:42"
"-3.50","","-10.10","70","770","1027","","","","5.30","","S","Облачно","2025-12-10 02:43"
"-3.50","","-10.10","70","770","1027","","","","5.30","","S","Облачно","2025-12-10 02:44"
"-3.50","","-10.10","70","770","1027","","","","5.30","","S","Облачно","2025-12-10 02:45"
"-3.50","","-10.10","70","770","1027","","","","4.20","","S","Облачно","2025-12-10 02:46"
"-3.50","","-9.40","69","770","1027","","","","4.20","","S","Облачно","2025-12-10 02:47"
"-3.50","","-10.80","69","770","1027","","","","6.30","","S","Облачно","2025-12-10 02:48"
"-3.50","","-10.80","69","770","1027","","","","6.30","","S","Облачно","2025-12-10 02:49"
"-3.50","","-10.80","69","770","1027","","","","6.30","","S","Облачно","2025-12-10 02:50"
"-3.50","","-10.80","69","770","1027","","","","6.30","","S","Облачно","2025-12-10 02:51"
"-3.50","","-10.80","69","770","1027","","","","6.30","","S","Облачно","2025-12-10 02:52"
"-3.50","","-10.80","69","770","1027","","","","6.30","","S","Облачно","2025-12-10 02:53"
"-3.50","","-10.80","69","770","1027","","","","6.30","","S","Облачно","2025-12-10 02:54"
"-3.50","","-9.20","69","770","1027","","","","3.90","","S","Облачно","2025-12-10 02:55"
"-3.50","","-9.20","69","770","1027","","","","3.90","","S","Облачно","2025-12-10 02:56"
"-3.50","","-9.20","69","770","1027","","","","5.90","","S","Облачно","2025-12-10 02:57"
"-3.50","","-10.60","69","770","1027","","","","5.90","","S","Облачно","2025-12-10 02:58"
"-3.50","","-9.90","69","770","1027","","","","4.90","","S","Облачно","2025-12-10 02:59"
"-3.50","","-9.90","69","770","1027","","","","3.50","","S","Облачно","2025-12-10 03:00"
"-3.40","","-8.80","69","770","1027","","","","2.60","","S","Облачно","2025-12-10 03:01"
"-3.40","","-8.10","69","770","1027","","","","2.60","","S","Облачно","2025-12-10 03:02"
"-3.40","","-8.10","69","770","1027","","","","2.60","","S","Облачно","2025-12-10 03:03"
"-3.40","","-8.10","69","770","1027","","","","2.60","","S","Облачно","2025-12-10 03:04"
"-3.40","","-8.10","69","770","1027","","","","2.60","","S","Облачно","2025-12-10 03:05"
"-3.40","","-8.10","69","770","1027","","","","2.60","","S","Облачно","2025-12-10 03:06"
"-3.40","","-8.10","69","770","1027","","","","2.60","","S","Облачно","2025-12-10 03:07"
"-3.40","","-8.10","69","770","1027","","","","6.10","","S","Облачно","2025-12-10 03:08"
"-3.40","","-9.50","69","770","1027","","","","4.50","","S","Облачно","2025-12-10 03:09"
"-3.40","","-9.50","69","770","1027","","","","4.50","","S","Облачно","2025-12-10 03:10"
"-3.40","","-9.50","69","770","1027","","","","4.50","","S","Облачно","2025-12-10 03:11"
"-3.40","","-9.50","69","770","1027","","","","5.50","","S","Облачно","2025-12-10 03:12"
"-3.40","","-9.50","69","770","1027","","","","5.50","","S","Облачно","2025-12-10 03:13"
"-3.40","","-10.20","69","770","1027","","","","5.50","","S","Облачно","2025-12-10 03:14"
"-3.40","","-10.20","69","770","1027","","","","5.50","","S","Облачно","2025-12-10 03:15"
"-3.40","","-10.20","69","770","1027","","","","6.90","","S","Облачно","2025-12-10 03:16"
"-3.40","","-10.70","69","770","1027","","","","6.20","","S","Облачно","2025-12-10 03:17"
"-3.40","","-10.70","69","770","1027","","","","6.20","","S","Облачно","2025-12-10 03:18"
"-3.40","","-10.70","69","770","1027","","","","6.20","","S","Облачно","2025-12-10 03:19"
"-3.40","","-10.70","69","770","1027","","","","6.20","","S","Облачно","2025-12-10 03:20"
"-3.30","","-10.50","69","770","1027","","","","6.20","","S","Облачно","2025-12-10 03:21"
"-3.30","","-10.50","69","770","1027","","","","3.80","","S","Облачно","2025-12-10 03:22"
"-3.30","","-10.50","69","770","1027","","","","3.20","","S","Облачно","2025-12-10 03:23"
"-3.30","","-10.50","69","770","1027","","","","3.20","","S","Облачно","2025-12-10 03:24"
"-3.30","","-8.40","69","770","1027","","","","3.20","","S","Облачно","2025-12-10 03:25"
"-3.30","","-8.90","69","770","1027","","","","3.90","","S","Облачно","2025-12-10 03:26"
"-3.30","","-8.90","69","770","1027","","","","3.90","","S","Облачно","2025-12-10 03:27"
"-3.30","","-9.90","69","770","1027","","","","5.30","","S","Облачно","2025-12-10 03:28"
"-3.30","","-9.90","69","770","1027","","","","5.30","","S","Облачно","2025-12-10 03:29"
"-3.30","","-9.90","69","770","1027","","","","2.00","","S","Облачно","2025-12-10 03:30"
"-3.30","","-9.90","69","770","1027","","","","2.00","","S","Облачно","2025-12-10 03:31"
"-3.30","","-7.60","69","770","1027","","","","2.00","","S","Облачно","2025-12-10 03:32"
"-3.30","","-8.50","68","770","1027","","","","3.30","","S","Облачно","2025-12-10 03:33"
"-3.30","","-8.00","68","770","1027","","","","2.60","","S","Облачно","2025-12-10 03:34"
"-3.30","","-8.00","68","770","1027","","","","2.60","","S","Облачно","2025-12-10 03:35"
"-3.30","","-8.00","68","770","1027","","","","2.60","","S","Облачно","2025-12-10 03:36"
"-3.30","","-8.90","68","770","1027","","","","3.80","","S","Облачно","2025-12-10 03:37"
"-3.30","","-8.20","69","770","1027","","","","1.60","","S","Облачно","2025-12-10 03:38"
"-3.30","","-7.30","68","770","1027","","","","1.60","","S","Облачно","2025-12-10 03:39"
"-3.30","","-7.30","68","770","1027","","","","1.60","","S","Облачно","2025-12-10 03:40"
"-3.30","","-7.30","68","770","1027","","","","1.60","","S","Облачно","2025-12-10 03:41"
"-3.20","","-8.60","68","770","1027","","","","3.60","","S","Облачно","2025-12-10 03:42"
"-3.20","","-7.90","68","770","1027","","","","2.50","","S","Облачно","2025-12-10 03:43"
"-3.20","","-7.90","68","770","1027","","","","2.50","","S","Облачно","2025-12-10 03:44"
"-3.20","","-6.40","69","770","1027","","","","0.50","","S","Облачно","2025-12-10 03:45"
"-3.20","","-6.40","69","770","1027","","","","0.50","","S","Облачно","2025-12-10 03:46"
"-3.20","","-6.40","69","770","1027","","","","0.50","","S","Облачно","2025-12-10 03:47"
"-3.20","","-6.40","69","770","1027","","","","0.50","","S","Облачно","2025-12-10 03:48"
"-3.20","","-6.40","69","770","1027","","","","0.50","","S","Облачно","2025-12-10 03:49"
"-3.20","","-6.40","69","770","1027","","","","0.50","","S","Облачно","2025-12-10 03:50"
"-3.20","","-6.50","68","770","1027","","","","0.50","","S","Облачно","2025-12-10 03:51"
"-3.20","","-6.50","68","770","1027","","","","4.90","","S","Облачно","2025-12-10 03:52"
"-3.20","","-9.50","68","770","1027","","","","4.90","","S","Облачно","2025-12-10 03:53"
"-3.20","","-9.50","68","770","1027","","","","4.90","","S","Облачно","2025-12-10 03:54"
"-3.20","","-10.00","68","770","1027","","","","5.60","","S","Облачно","2025-12-10 03:55"
"-3.20","","-8.40","68","770","1027","","","","3.20","","S","Облачно","2025-12-10 03:56"
"-3.20","","-8.40","68","770","1027","","","","3.20","","S","Облачно","2025-12-10 03:57"
"-3.20","","-8.40","68","770","1027","","","","3.20","","S","Облачно","2025-12-10 03:58"
"-3.10","","-8.50","68","770","1027","","","","3.50","","S","Облачно","2025-12-10 03:59"
"-3.10","","-8.50","68","770","1027","","","","3.50","","S","Облачно","2025-12-10 04:00"
"-3.10","","-8.40","69","770","1027","","","","3.50","","S","Облачно","2025-12-10 04:01"
"-3.10","","-8.40","69","770","1027","","","","3.50","","S","Облачно","2025-12-10 04:02"
"-3.10","","-9.20","68","770","1027","","","","4.50","","S","Облачно","2025-12-10 04:03"
"-3.10","","-9.20","68","770","1027","","","","4.50","","S","Облачно","2025-12-10 04:04"
"-3.10","","-9.20","68","770","1027","","","","4.50","","S","Облачно","2025-12-10 04:05"
"-3.10","","-9.20","68","769","1026","","","","4.50","","S","Облачно","2025-12-10 04:06"
"-3.10","","-9.20","68","769","1026","","","","4.50","","S","Облачно","2025-12-10 04:07"
"-3.10","","-9.20","68","769","1026","","","","3.80","","S","Облачно","2025-12-10 04:08"
"-3.10","","-7.50","68","769","1026","","","","2.20","","S","Облачно","2025-12-10 04:09"
"-3.10","","-7.50","68","769","1026","","","","2.20","","S","Облачно","2025-12-10 04:10"
"-3.10","","-7.50","68","769","1026","","","","2.20","","S","Небольшая облачность","2025-12-10 04:11"
"-3.00","","-9.30","68","769","1026","","","","4.80","","S","Небольшая облачность","2025-12-10 04:12"
"-3.00","","-9.30","68","769","1026","","","","4.80","","S","Небольшая облачность","2025-12-10 04:13"
"-3.00","","-9.30","68","769","1026","","","","4.80","","S","Небольшая облачность","2025-12-10 04:14"
"-3.00","","-9.30","68","769","1026","","","","4.80","","S","Небольшая облачность","2025-12-10 04:15"
"-3.00","","-9.30","68","769","1026","","","","4.80","","S","Небольшая облачность","2025-12-10 04:16"
"-3.00","","-9.30","68","769","1026","","","","4.80","","S","Небольшая облачность","2025-12-10 04:17"
"-3.00","","-9.30","68","769","1026","","","","4.80","","S","Небольшая облачность","2025-12-10 04:18"
"-3.00","","-9.30","68","769","1026","","","","4.80","","S","Небольшая облачность","2025-12-10 04:19"
"-3.00","","-9.30","68","769","1026","","","","5.90","","S","Небольшая облачность","2025-12-10 04:20"
"-3.00","","-10.00","68","769","1026","","","","5.90","","S","Небольшая облачность","2025-12-10 04:21"
"-3.00","","-7.90","68","769","1026","","","","2.90","","S","Небольшая облачность","2025-12-10 04:22"
"-3.00","","-7.90","68","769","1026","","","","2.90","","S","Небольшая облачность","2025-12-10 04:23"
"-3.00","","-7.90","68","769","1026","","","","2.90","","S","Небольшая облачность","2025-12-10 04:24"
"-3.00","","-7.90","68","769","1026","","","","2.90","","S","Небольшая облачность","2025-12-10 04:25"
"-3.00","","-7.90","68","769","1026","","","","2.90","","S","Небольшая облачность","2025-12-10 04:26"
"-2.90","","-7.80","68","769","1026","","","","2.90","","S","Небольшая облачность","2025-12-10 04:27"
"-2.90","","-7.80","68","769","1026","","","","2.90","","S","Небольшая облачность","2025-12-10 04:28"
"-2.90","","-7.80","68","769","1026","","","","2.90","","S","Небольшая облачность","2025-12-10 04:29"
"-2.90","","-7.80","68","769","1026","","","","8.30","","S","Небольшая облачность","2025-12-10 04:30"
"-2.90","","-7.80","68","769","1026","","","","8.30","","S","Небольшая облачность","2025-12-10 04:31"
"-2.90","","-11.60","68","769","1026","","","","8.30","","S","Небольшая облачность","2025-12-10 04:32"
"-2.90","","-8.90","68","769","1026","","","","4.50","","S","Небольшая облачность","2025-12-10 04:33"
"-2.90","","-8.90","68","769","1026","","","","4.50","","S","Небольшая облачность","2025-12-10 04:34"
"-2.90","","-9.90","68","769","1026","","","","5.90","","S","Небольшая облачность","2025-12-10 04:35"
"-2.90","","-9.90","68","769","1026","","","","5.90","","S","Небольшая облачность","2025-12-10 04:36"
"-2.90","","-9.90","68","769","1026","","","","5.90","","S","Небольшая облачность","2025-12-10 04:37"
"-2.90","","-9.90","68","769","1026","","","","5.90","","S","Небольшая облачность","2025-12-10 04:38"
"-2.90","","-10.20","68","769","1026","","","","6.30","","S","Небольшая облачность","2025-12-10 04:39"
"-2.90","","-10.20","68","769","1026","","","","4.10","","S","Небольшая облачность","2025-12-10 04:40"
"-2.90","","-8.70","68","769","1026","","","","4.10","","S","Небольшая облачность","2025-12-10 04:41"
"-2.90","","-8.70","68","769","1026","","","","4.10","","S","Небольшая облачность","2025-12-10 04:42"
"-2.90","","-8.70","68","769","1026","","","","4.10","","S","Небольшая облачность","2025-12-10 04:43"
"-2.90","","-8.70","68","769","1026","","","","4.10","","S","Небольшая облачность","2025-12-10 04:44"
"-2.90","","-8.70","68","769","1026","","","","4.10","","S","Небольшая облачность","2025-12-10 04:45"
"-2.90","","-8.70","68","769","1026","","","","4.10","","S","Небольшая облачность","2025-12-10 04:46"
"-2.90","","-8.70","68","769","1026","","","","4.10","","S","Небольшая облачность","2025-12-10 04:47"
"-2.90","","-8.70","68","769","1026","","","","4.10","","S","Небольшая облачность","2025-12-10 04:48"
"-2.90","","-8.70","68","769","1026","","","","4.10","","S","Небольшая облачность","2025-12-10 04:49"
"-2.90","","-8.70","68","769","1026","","","","4.10","","S","Небольшая облачность","2025-12-10 04:50"
"-2.80","","-8.60","68","769","1026","","","","4.10","","S","Небольшая облачность","2025-12-10 04:51"
"-2.80","","-8.60","68","769","1026","","","","4.10","","S","Небольшая облачность","2025-12-10 04:52"
"-2.80","","-8.60","68","769","1026","","","","4.10","","S","Небольшая облачность","2025-12-10 04:53"
"-2.80","","-8.60","68","769","1026","","","","4.10","","S","Небольшая облачность","2025-12-10 04:54"
"-2.80","","-8.60","68","769","1026","","","","4.10","","S","Небольшая облачность","2025-12-10 04:55"
"-2.80","","-8.60","68","769","1026","","","","4.10","","S","Небольшая облачность","2025-12-10 04:56"
"-2.80","","-8.60","68","769","1026","","","","4.10","","S","Небольшая облачность","2025-12-10 04:57"
"-2.80","","-8.60","68","769","1026","","","","4.10","","S","Небольшая облачность","2025-12-10 04:58"
"-2.80","","-8.60","68","769","1026","","","","4.10","","S","Небольшая облачность","2025-12-10 04:59"
"-2.80","","-8.60","68","769","1026","","","","4.10","13.00","S","Небольшая облачность","2025-12-10 05:00"
"-2.80","","-8.60","68","769","1026","","","","4.10","13.00","S","Небольшая облачность","2025-12-10 05:01"
"-2.80","","-10.00","68","769","1026","","","","6.10","13.00","S","Небольшая облачность","2025-12-10 05:02"
"-2.80","","-10.00","68","769","1026","","","","6.10","13.00","S","Небольшая облачность","2025-12-10 05:03"
"-2.80","","-10.00","68","769","1026","","","","6.10","13.00","S","Небольшая облачность","2025-12-10 05:04"
"-2.80","","-10.00","68","769","1026","","","","6.10","13.00","S","Небольшая облачность","2025-12-10 05:05"
"-2.80","","-10.00","68","769","1026","","","","6.10","","S","Небольшая облачность","2025-12-10 05:06"
"-2.80","","-10.00","68","769","1026","","","","6.10","","S","Небольшая облачность","2025-12-10 05:07"
"-2.80","","-10.70","68","769","1026","","","","7.10","","S","Небольшая облачность","2025-12-10 05:08"
"-2.80","","-10.70","68","769","1026","","","","7.10","","S","Небольшая облачность","2025-12-10 05:09"
"-2.80","","-10.70","68","769","1026","","","","7.10","","S","Небольшая облачность","2025-12-10 05:10"
"-2.80","","-10.70","68","769","1026","","","","7.10","","S","Небольшая облачность","2025-12-10 05:11"
"-2.80","","-10.70","68","769","1026","","","","7.10","","S","Небольшая облачность","2025-12-10 05:12"
"-2.80","","-10.70","68","769","1026","","","","7.50","","S","Небольшая облачность","2025-12-10 05:13"
"-2.80","","-10.90","68","769","1026","","","","7.50","","S","Небольшая облачность","2025-12-10 05:14"
"-2.80","","-10.90","68","769","1026","","","","7.50","","S","Небольшая облачность","2025-12-10 05:15"
"-2.80","","-10.90","68","769","1026","","","","7.50","","S","Небольшая облачность","2025-12-10 05:16"
"-2.80","","-10.90","68","769","1026","","","","7.50","","S","Небольшая облачность","2025-12-10 05:17"
"-2.80","","-10.90","68","769","1026","","","","7.50","","S","Небольшая облачность","2025-12-10 05:18"
"-2.80","","-10.90","67","769","1026","","","","7.50","","S","Небольшая облачность","2025-12-10 05:19"
"-2.80","","-10.00","67","769","1026","","","","6.10","","S","Небольшая облачность","2025-12-10 05:20"
"-2.80","","-10.00","67","769","1026","","","","6.10","13.00","S","Небольшая облачность","2025-12-10 05:21"
"-2.80","","-10.00","67","769","1026","","","","6.10","13.00","S","Небольшая облачность","2025-12-10 05:22"
"-2.80","","-10.00","67","769","1026","","","","6.10","13.00","S","Небольшая облачность","2025-12-10 05:23"
"-2.80","","-10.00","67","769","1026","","","","6.10","13.00","S","Небольшая облачность","2025-12-10 05:24"
"-2.80","","-10.00","67","769","1026","","","","6.10","13.00","S","Небольшая облачность","2025-12-10 05:25"
"-2.80","","-10.00","67","769","1026","","","","6.10","13.00","S","Небольшая облачность","2025-12-10 05:26"
"-2.80","","-10.00","67","769","1026","","","","6.10","13.00","S","Небольшая облачность","2025-12-10 05:27"
"-2.80","","-10.00","67","769","1026","","","","6.10","13.00","S","Небольшая облачность","2025-12-10 05:28"
"-2.80","","-10.00","67","769","1026","","","","6.10","13.00","S","Небольшая облачность","2025-12-10 05:29"
"-2.80","","-11.80","67","769","1026","","","","8.70","13.00","S","Небольшая облачность","2025-12-10 05:30"
"-2.80","","-11.80","67","769","1026","","","","8.70","13.00","S","Небольшая облачность","2025-12-10 05:31"
"-2.80","","-11.80","67","769","1026","","","","8.70","13.00","S","Небольшая облачность","2025-12-10 05:32"
"-2.70","","-11.70","68","769","1026","","","","8.70","13.00","S","Небольшая облачность","2025-12-10 05:33"
"-2.80","","-11.80","67","769","1026","","","","8.70","13.00","S","Небольшая облачность","2025-12-10 05:34"
"-2.80","","-11.80","67","769","1026","","","","8.70","13.00","S","Небольшая облачность","2025-12-10 05:35"
"-2.80","","-11.80","67","769","1026","","","","8.70","","S","Небольшая облачность","2025-12-10 05:36"
"-2.80","","-11.80","67","769","1026","","","","8.70","","S","Небольшая облачность","2025-12-10 05:37"
"-2.70","","-11.70","67","769","1026","","","","8.70","","S","Небольшая облачность","2025-12-10 05:38"
"-2.70","","-11.70","67","769","1026","","","","8.70","","S","Небольшая облачность","2025-12-10 05:39"
"-2.70","","-11.70","67","769","1026","","","","8.70","","S","Небольшая облачность","2025-12-10 05:40"
"-2.70","","-11.70","67","769","1026","","","","8.70","","S","Небольшая облачность","2025-12-10 05:41"
"-2.70","","-11.70","67","769","1026","","","","8.70","","S","Небольшая облачность","2025-12-10 05:42"
"-2.70","","-8.50","67","769","1026","","","","4.10","","S","Небольшая облачность","2025-12-10 05:43"
"-2.70","","-8.50","67","769","1026","","","","4.10","","S","Небольшая облачность","2025-12-10 05:44"
"-2.70","","-8.50","67","769","1026","","","","4.10","","S","Небольшая облачность","2025-12-10 05:45"
"-2.80","","-8.60","67","769","1026","","","","4.10","","S","Небольшая облачность","2025-12-10 05:46"
"-2.80","","-8.60","67","769","1026","","","","4.10","","S","Небольшая облачность","2025-12-10 05:47"
"-2.80","","-8.60","67","769","1026","","","","4.10","","S","Небольшая облачность","2025-12-10 05:48"
"-2.80","","-8.60","67","769","1026","","","","4.10","","S","Небольшая облачность","2025-12-10 05:49"
"-2.70","","-10.70","67","769","1026","","","","7.30","","S","Небольшая облачность","2025-12-10 05:50"
"-2.70","","-10.70","67","769","1026","","","","7.30","","S","Небольшая облачность","2025-12-10 05:51"
"-2.70","","-10.70","67","769","1026","","","","7.30","","S","Небольшая облачность","2025-12-10 05:52"
"-2.70","","-9.70","67","769","1026","","","","5.80","","S","Небольшая облачность","2025-12-10 05:53"
"-2.70","","-9.70","67","769","1026","","","","5.80","","S","Небольшая облачность","2025-12-10 05:54"
"-2.70","","-9.70","67","769","1026","","","","5.80","","S","Небольшая облачность","2025-12-10 05:55"
"-2.70","","-9.70","67","769","1026","","","","5.80","","S","Небольшая облачность","2025-12-10 05:56"
"-2.70","","-10.10","67","769","1026","","","","6.40","","S","Небольшая облачность","2025-12-10 05:57"
"-2.70","","-11.70","67","769","1026","","","","8.70","","S","Небольшая облачность","2025-12-10 05:58"
"-2.70","","-11.70","67","769","1026","","","","8.70","","S","Небольшая облачность","2025-12-10 05:59"
"-2.70","","-11.70","67","769","1026","","","","8.70","","S","Небольшая облачность","2025-12-10 06:00"
"-2.70","","-11.50","67","769","1026","","","","8.50","","S","Небольшая облачность","2025-12-10 06:01"
"-2.70","","-11.50","67","769","1026","","","","8.50","","S","Небольшая облачность","2025-12-10 06:02"
"-2.70","","-11.50","67","769","1026","","","","8.50","","S","Небольшая облачность","2025-12-10 06:03"
"-2.70","","-11.50","68","769","1026","","","","8.50","","S","Небольшая облачность","2025-12-10 06:04"
"-2.70","","-10.10","68","769","1026","","","","6.40","","S","Небольшая облачность","2025-12-10 06:05"
"-2.70","","-10.10","68","769","1026","","","","6.40","","S","Небольшая облачность","2025-12-10 06:06"
"-2.70","","-10.10","68","769","1026","","","","6.40","","S","Небольшая облачность","2025-12-10 06:07"
"-2.70","","-10.10","67","769","1026","","","","5.30","","S","Небольшая облачность","2025-12-10 06:08"
"-2.70","","-9.30","67","769","1026","","","","5.30","","S","Небольшая облачность","2025-12-10 06:09"
"-2.70","","-9.30","67","769","1026","","","","5.30","","S","Небольшая облачность","2025-12-10 06:10"
"-2.70","","-9.30","67","769","1026","","","","5.30","","S","Небольшая облачность","2025-12-10 06:11"
"-2.70","","-9.30","68","769","1026","","","","5.30","","S","Небольшая облачность","2025-12-10 06:12"
"-2.70","","-8.60","68","769","1026","","","","4.30","","S","Небольшая облачность","2025-12-10 06:13"
"-2.70","","-8.60","68","769","1026","","","","4.30","","S","Небольшая облачность","2025-12-10 06:14"
"-2.60","","-8.50","68","769","1026","","","","4.30","","S","Небольшая облачность","2025-12-10 06:15"
"-2.60","","-8.50","68","769","1026","","","","4.30","","S","Небольшая облачность","2025-12-10 06:16"
"-2.60","","-8.50","68","769","1026","","","","4.30","","S","Небольшая облачность","2025-12-10 06:17"
"-2.60","","-8.50","68","769","1026","","","","4.30","","S","Небольшая облачность","2025-12-10 06:18"
"-2.70","","-8.60","68","769","1026","","","","4.30","","S","Небольшая облачность","2025-12-10 06:19"
"-2.60","","-8.60","68","769","1026","","","","4.50","","S","Небольшая облачность","2025-12-10 06:20"
"-2.60","","-8.60","68","769","1026","","","","4.50","","S","Небольшая облачность","2025-12-10 06:21"
"-2.60","","-7.80","68","769","1026","","","","3.30","","S","Небольшая облачность","2025-12-10 06:22"
"-2.60","","-7.80","68","769","1026","","","","3.30","","S","Небольшая облачность","2025-12-10 06:23"
"-2.60","","-7.80","68","769","1026","","","","5.00","","S","Небольшая облачность","2025-12-10 06:24"
"-2.60","","-9.00","68","769","1026","","","","3.30","","S","Небольшая облачность","2025-12-10 06:25"
"-2.60","","-7.80","68","769","1026","","","","3.30","","S","Небольшая облачность","2025-12-10 06:26"
"-2.60","","-7.80","68","769","1026","","","","3.30","","S","Небольшая облачность","2025-12-10 06:27"
"-2.60","","-7.80","68","769","1026","","","","3.30","","S","Небольшая облачность","2025-12-10 06:28"
"-2.60","","-7.80","68","769","1026","","","","3.30","","S","Небольшая облачность","2025-12-10 06:29"
"-2.60","","-7.80","68","769","1026","","","","3.30","","S","Небольшая облачность","2025-12-10 06:30"
"-2.60","","-7.80","68","769","1026","","","","3.30","","S","Небольшая облачность","2025-12-10 06:31"
"-2.60","","-7.80","68","769","1026","","","","3.30","","S","Небольшая облачность","2025-12-10 06:32"
"-2.50","","-7.70","68","769","1026","","","","3.30","","S","Небольшая облачность","2025-12-10 06:33"
"-2.50","","-7.70","68","769","1026","","","","3.30","","S","Небольшая облачность","2025-12-10 06:34"
"-2.50","","-8.40","68","769","1026","","","","4.30","","S","Небольшая облачность","2025-12-10 06:35"
"-2.50","","-7.70","68","769","1026","","","","3.40","","S","Небольшая облачность","2025-12-10 06:36"
"-2.50","","-7.70","68","769","1026","","","","3.40","","S","Небольшая облачность","2025-12-10 06:37"
"-2.50","","-7.70","68","769","1026","","","","3.40","","S","Небольшая облачность","2025-12-10 06:38"
"-2.50","","-7.70","68","769","1026","","","","3.40","","S","Небольшая облачность","2025-12-10 06:39"
"-2.50","","-7.70","68","769","1026","","","","4.50","","S","Небольшая облачность","2025-12-10 06:40"
"-2.50","","-8.50","68","769","1026","","","","4.50","","S","Небольшая облачность","2025-12-10 06:41"
"-2.50","","-8.50","68","769","1026","","","","4.50","","S","Небольшая облачность","2025-12-10 06:42"
"-2.50","","-8.50","68","769","1026","","","","4.50","","S","Небольшая облачность","2025-12-10 06:43"
"-2.50","","-8.50","68","769","1026","","","","4.50","","S","Небольшая облачность","2025-12-10 06:44"
"-2.40","","-8.40","68","769","1026","","","","4.50","","S","Небольшая облачность","2025-12-10 06:45"
"-2.40","","-8.40","68","769","1026","","","","4.50","","S","Небольшая облачность","2025-12-10 06:46"
"-2.40","","-8.40","68","769","1026","","","","4.50","","S","Небольшая облачность","2025-12-10 06:47"
"-2.50","","-8.50","68","769","1026","","","","3.90","","S","Небольшая облачность","2025-12-10 06:48"
"-2.40","","-8.00","68","769","1026","","","","3.90","","S","Небольшая облачность","2025-12-10 06:49"
"-2.50","","-8.10","68","769","1026","","","","3.90","","S","Небольшая облачность","2025-12-10 06:50"
"-2.40","","-8.00","68","769","1026","","","","3.90","","S","Небольшая облачность","2025-12-10 06:51"
"-2.40","","-8.00","68","769","1026","","","","3.90","","S","Небольшая облачность","2025-12-10 06:52"
"-2.40","","-8.00","68","769","1026","","","","3.90","","S","Небольшая облачность","2025-12-10 06:53"
"-2.40","","-8.00","68","769","1026","","","","3.90","","S","Небольшая облачность","2025-12-10 06:54"
"-2.40","","-8.00","68","769","1026","","","","3.90","","S","Небольшая облачность","2025-12-10 06:55"
"-2.40","","-8.00","68","769","1026","","","","3.90","","S","Небольшая облачность","2025-12-10 06:56"
"-2.40","","-8.00","68","769","1026","","","","3.90","","S","Небольшая облачность","2025-12-10 06:57"
"-2.40","","-8.00","68","769","1026","","","","3.90","","S","Небольшая облачность","2025-12-10 06:58"
"-2.40","","-8.00","68","769","1026","","","","3.90","","S","Небольшая облачность","2025-12-10 06:59"
"-2.40","","-8.00","68","769","1026","","","","3.90","","S","Небольшая облачность","2025-12-10 07:00"
"-2.40","","-11.10","68","769","1026","","","","8.40","","S","Небольшая облачность","2025-12-10 07:01"
"-2.40","","-11.10","68","769","1026","","","","8.40","","S","Небольшая облачность","2025-12-10 07:02"
"-2.40","","-11.10","68","769","1026","","","","8.40","","S","Небольшая облачность","2025-12-10 07:03"
"-2.40","","-11.10","68","769","1026","","","","7.80","","S","Небольшая облачность","2025-12-10 07:04"
"-2.40","","-10.70","68","769","1026","","","","7.80","","S","Небольшая облачность","2025-12-10 07:05"
"-2.40","","-10.40","68","769","1026","","","","7.30","13.00","S","Небольшая облачность","2025-12-10 07:06"
"-2.40","","-10.40","68","769","1026","","","","7.30","13.00","S","Небольшая облачность","2025-12-10 07:07"
"-2.40","","-10.40","68","769","1026","","","","7.30","13.00","S","Небольшая облачность","2025-12-10 07:08"
"-2.30","","-10.30","68","769","1026","","","","7.30","13.00","S","Небольшая облачность","2025-12-10 07:09"
"-2.30","","-10.30","68","769","1026","","","","7.30","13.00","S","Небольшая облачность","2025-12-10 07:10"
"-2.30","","-10.30","68","769","1026","","","","7.30","13.00","S","Небольшая облачность","2025-12-10 07:11"
"-2.30","","-10.30","68","769","1026","","","","7.30","13.00","S","Небольшая облачность","2025-12-10 07:12"
"-2.30","","-10.30","68","769","1026","","","","7.30","13.00","S","Небольшая облачность","2025-12-10 07:13"
"-2.30","","-10.30","68","769","1026","","","","7.30","13.00","S","Небольшая облачность","2025-12-10 07:14"
"-2.30","","-10.30","68","769","1026","","","","7.30","13.00","S","Небольшая облачность","2025-12-10 07:15"
"-2.30","","-10.30","68","769","1026","","","","7.30","13.00","S","Небольшая облачность","2025-12-10 07:16"
"-2.30","","-10.30","68","769","1026","","","","7.80","13.00","S","Небольшая облачность","2025-12-10 07:17"
"-2.30","","-10.60","68","769","1026","","","","7.80","13.00","S","Небольшая облачность","2025-12-10 07:18"
"-2.30","","-10.60","68","769","1026","","","","7.80","13.00","S","Небольшая облачность","2025-12-10 07:19"
"-2.30","","-9.70","68","769","1026","","","","6.50","13.00","S","Небольшая облачность","2025-12-10 07:20"
"-2.30","","-9.70","68","769","1026","","","","6.50","13.00","S","Небольшая облачность","2025-12-10 07:21"
"-2.30","","-9.70","68","769","1026","","","","6.50","13.00","S","Небольшая облачность","2025-12-10 07:22"
"-2.30","","-9.70","68","769","1026","","","","6.50","13.00","S","Небольшая облачность","2025-12-10 07:23"
"-2.30","","-9.70","68","769","1026","","","","4.30","13.00","S","Небольшая облачность","2025-12-10 07:24"
"-2.30","","-8.20","68","769","1026","","","","4.30","13.00","S","Небольшая облачность","2025-12-10 07:25"
"-2.30","","-8.20","68","769","1026","","","","9.00","13.00","S","Небольшая облачность","2025-12-10 07:26"
"-2.30","","-11.40","68","769","1026","","","","9.00","13.00","S","Небольшая облачность","2025-12-10 07:27"
"-2.30","","-11.40","68","769","1026","","","","9.00","13.00","S","Небольшая облачность","2025-12-10 07:28"
"-2.30","","-11.40","68","769","1026","","","","9.00","13.00","S","Небольшая облачность","2025-12-10 07:29"
"-2.30","","-11.40","68","769","1026","","","","9.00","13.00","S","Небольшая облачность","2025-12-10 07:30"
"-2.30","","-11.40","68","769","1026","","","","9.00","13.00","S","Небольшая облачность","2025-12-10 07:31"
"-2.30","","-11.40","68","769","1026","","","","9.00","13.00","S","Небольшая облачность","2025-12-10 07:32"
"-2.20","","-11.30","68","769","1026","","","","9.00","13.00","S","Небольшая облачность","2025-12-10 07:33"
"-2.20","","-11.30","68","769","1026","","","","9.00","13.00","S","Небольшая облачность","2025-12-10 07:34"
"-2.20","","-11.30","68","769","1026","","","","9.00","13.00","S","Небольшая облачность","2025-12-10 07:35"
"-2.20","","-11.30","68","769","1026","","","","9.00","","S","Небольшая облачность","2025-12-10 07:36"
"-2.20","","-11.30","68","769","1026","","","","9.00","","S","Небольшая облачность","2025-12-10 07:37"
"-2.20","","-11.30","68","769","1026","","","","9.00","","S","Небольшая облачность","2025-12-10 07:38"
"-2.20","","-11.30","68","769","1026","","","","9.00","","S","Небольшая облачность","2025-12-10 07:39"
"-2.20","","-11.30","68","769","1026","","","","9.00","","S","Небольшая облачность","2025-12-10 07:40"
"-2.20","","-11.30","68","769","1026","","","","9.00","","S","Небольшая облачность","2025-12-10 07:41"
"-2.20","","-11.30","68","769","1026","","","","9.00","","S","Небольшая облачность","2025-12-10 07:42"
"-2.20","","-11.30","68","769","1026","","","","9.00","","S","Небольшая облачность","2025-12-10 07:43"
"-2.20","","-11.30","68","769","1026","","","","9.00","","S","Небольшая облачность","2025-12-10 07:44"
"-2.20","","-11.30","68","769","1026","","","","9.00","","S","Небольшая облачность","2025-12-10 07:45"
"-2.20","","-11.30","68","769","1026","","","","9.00","","S","Небольшая облачность","2025-12-10 07:46"
"-2.20","","-11.30","68","769","1026","","","","9.00","","S","Небольшая облачность","2025-12-10 07:47"
"-2.20","","-11.30","68","769","1026","","","","9.00","","S","Небольшая облачность","2025-12-10 07:48"
"-2.20","","-11.30","68","769","1026","","","","9.00","","S","Небольшая облачность","2025-12-10 07:49"
"-2.20","","-11.30","68","769","1026","","","","9.00","","S","Небольшая облачность","2025-12-10 07:50"
"-2.20","","-11.30","68","769","1026","","","","9.00","","S","Небольшая облачность","2025-12-10 07:51"
"-2.20","","-11.30","68","769","1026","","","","9.00","","S","Небольшая облачность","2025-12-10 07:52"
"-2.20","","-11.30","68","769","1026","","","","5.00","","S","Небольшая облачность","2025-12-10 07:53"
"-2.20","","-11.30","68","769","1026","","","","5.00","","S","Небольшая облачность","2025-12-10 07:54"
"-2.20","","-8.50","68","769","1026","","","","5.00","","S","Небольшая облачность","2025-12-10 07:55"
"-2.20","","-8.50","68","769","1026","","","","5.00","","S","Небольшая облачность","2025-12-10 07:56"
"-2.20","","-8.50","68","769","1026","","","","5.00","","S","Небольшая облачность","2025-12-10 07:57"
"-2.20","","-9.20","68","769","1026","","","","6.00","","S","Небольшая облачность","2025-12-10 07:58"
"-2.20","","-9.20","68","769","1026","","","","6.00","","S","Небольшая облачность","2025-12-10 07:59"
"-2.20","","-8.70","69","769","1026","","","","5.30","","S","Небольшая облачность","2025-12-10 08:00"
"-2.20","","-8.70","69","769","1026","","","","5.30","","S","Небольшая облачность","2025-12-10 08:01"
"-2.20","","-8.70","69","769","1026","","","","5.30","","S","Небольшая облачность","2025-12-10 08:02"
"-2.20","","-8.70","69","769","1026","","","","5.30","","S","Небольшая облачность","2025-12-10 08:03"
"-2.20","","-8.70","69","769","1026","","","","3.50","","S","Небольшая облачность","2025-12-10 08:04"
"-2.10","","-7.40","69","769","1026","","","","3.50","","S","Небольшая облачность","2025-12-10 08:05"
"-2.10","","-7.40","69","769","1026","","","","3.50","","S","Небольшая облачность","2025-12-10 08:06"
"-2.10","","-7.40","69","769","1026","","","","3.50","","S","Небольшая облачность","2025-12-10 08:07"
"-2.10","","-7.40","69","769","1026","","","","4.60","","S","Небольшая облачность","2025-12-10 08:08"
"-2.10","","-7.40","69","769","1026","","","","4.60","","S","Небольшая облачность","2025-12-10 08:09"
"-2.10","","-7.10","69","769","1026","","","","3.20","","S","Небольшая облачность","2025-12-10 08:10"
"-2.10","","-7.10","69","769","1026","","","","3.20","","S","Небольшая облачность","2025-12-10 08:11"
"-2.10","","-9.30","69","769","1026","","","","6.30","","S","Небольшая облачность","2025-12-10 08:12"
"-2.10","","-9.30","69","769","1026","","","","6.30","","S","Небольшая облачность","2025-12-10 08:13"
"-2.10","","-9.30","69","769","1026","","","","5.40","","S","Небольшая облачность","2025-12-10 08:14"
"-2.00","","-7.70","69","769","1026","","","","4.10","","S","Небольшая облачность","2025-12-10 08:15"
"-2.00","","-7.70","69","769","1026","","","","2.60","","S","Небольшая облачность","2025-12-10 08:16"
"-2.00","","-6.60","70","769","1026","","","","2.60","","S","Небольшая облачность","2025-12-10 08:17"
"-2.00","","-6.60","70","769","1026","","","","2.60","","S","Небольшая облачность","2025-12-10 08:18"
"-2.00","","-6.60","70","769","1026","","","","2.60","","S","Небольшая облачность","2025-12-10 08:19"
"-2.00","","-9.20","70","769","1026","","","","6.30","","S","Небольшая облачность","2025-12-10 08:20"
"-2.00","","-9.20","70","768","1025","","","","6.30","","S","Небольшая облачность","2025-12-10 08:21"
"-2.00","","-9.20","70","768","1025","","","","6.30","","S","Небольшая облачность","2025-12-10 08:22"
"-2.00","","-9.20","70","768","1025","","","","6.30","","S","Небольшая облачность","2025-12-10 08:23"
"-1.90","","-8.10","70","768","1025","","","","2.60","","S","Небольшая облачность","2025-12-10 08:24"
"-1.90","","-6.50","70","768","1025","","","","3.20","","S","Небольшая облачность","2025-12-10 08:25"
"-1.90","","-6.90","70","768","1025","","","","3.20","","S","Небольшая облачность","2025-12-10 08:26"
"-1.90","","-6.90","70","768","1025","","","","3.20","","S","Небольшая облачность","2025-12-10 08:27"
"-1.90","","-6.90","70","768","1025","","","","3.20","","S","Небольшая облачность","2025-12-10 08:28"
"-1.90","","-6.90","70","768","1025","","","","3.20","","S","Небольшая облачность","2025-12-10 08:29"
"-1.90","","-6.90","70","768","1025","","","","3.20","","S","Небольшая облачность","2025-12-10 08:30"
"-1.90","","-6.90","70","768","1025","","","","3.20","","S","Небольшая облачность","2025-12-10 08:31"
"-1.90","","-6.90","70","768","1025","","","","3.20","","S","Небольшая облачность","2025-12-10 08:32"
"-1.90","","-6.90","70","768","1025","","","","3.20","","S","Небольшая облачность","2025-12-10 08:33"
"-1.90","","-6.90","70","768","1025","","","","3.20","","S","Небольшая облачность","2025-12-10 08:34"
"-1.90","","-6.90","71","768","1025","","","","3.20","","S","Небольшая облачность","2025-12-10 08:35"
"-1.90","","-6.90","71","768","1024","","","","3.20","","S","Небольшая облачность","2025-12-10 08:36"
"-1.80","","-6.80","71","768","1024","","","","3.20","","S","Небольшая облачность","2025-12-10 08:37"
"-1.80","","-8.50","71","768","1024","","","","5.70","","S","Небольшая облачность","2025-12-10 08:38"
"-1.80","","-8.50","71","768","1024","","","","4.40","","S","Небольшая облачность","2025-12-10 08:39"
"-1.80","","-7.60","71","768","1024","","","","4.40","","S","Небольшая облачность","2025-12-10 08:40"
"-1.80","","-7.60","71","768","1024","","","","4.40","","S","Небольшая облачность","2025-12-10 08:41"
"-1.80","","-7.60","71","768","1024","","","","7.10","","S","Небольшая облачность","2025-12-10 08:42"
"-1.80","","-9.50","71","768","1024","","","","7.10","","S","Небольшая облачность","2025-12-10 08:43"
"-1.80","","-9.50","71","768","1024","","","","7.10","","S","Небольшая облачность","2025-12-10 08:44"
"-1.80","","-9.50","71","768","1024","","","","7.10","","S","Небольшая облачность","2025-12-10 08:45"
"-1.80","","-9.50","71","768","1024","","","","7.10","","S","Небольшая облачность","2025-12-10 08:46"
"-1.70","","-9.40","71","768","1024","","","","7.10","","S","Небольшая облачность","2025-12-10 08:47"
"-1.70","","-9.40","71","768","1024","","","","7.10","","S","Небольшая облачность","2025-12-10 08:48"
"-1.70","","-9.40","71","768","1024","","","","7.10","","S","Небольшая облачность","2025-12-10 08:49"
"-1.70","","-9.40","71","768","1024","","","","7.10","","S","Небольшая облачность","2025-12-10 08:50"
"-1.70","","-9.40","71","768","1025","","","","7.10","","S","Небольшая облачность","2025-12-10 08:51"
"-1.70","","-9.40","71","768","1025","","","","7.10","","S","Небольшая облачность","2025-12-10 08:52"
"-1.70","","-9.40","71","768","1025","","","","7.10","","S","Небольшая облачность","2025-12-10 08:53"
"-1.70","","-9.40","71","768","1025","","","","7.10","","S","Небольшая облачность","2025-12-10 08:54"
"-1.70","","-8.00","71","768","1025","","","","5.10","","S","Небольшая облачность","2025-12-10 08:55"
"-1.70","","-8.00","71","768","1025","","","","5.10","","S","Небольшая облачность","2025-12-10 08:56"
"-1.70","","-8.00","71","768","1025","","","","5.10","","S","Небольшая облачность","2025-12-10 08:57"
"-1.70","","-8.00","71","768","1025","","","","5.10","","S","Небольшая облачность","2025-12-10 08:58"
"-1.70","","-8.10","71","768","1025","","","","5.30","","S","Небольшая облачность","2025-12-10 08:59"
"-1.70","","-8.10","71","768","1025","","","","5.30","","S","Небольшая облачность","2025-12-10 09:00"
"-1.70","","-5.90","71","768","1025","","","","2.10","","S","Небольшая облачность","2025-12-10 09:01"
"-1.70","","-5.90","71","768","1025","","","","2.10","","S","Небольшая облачность","2025-12-10 09:02"
"-1.70","","-5.90","71","768","1025","","","","2.10","","S","Небольшая облачность","2025-12-10 09:03"
"-1.70","","-5.90","71","768","1025","","","","2.10","","S","Небольшая облачность","2025-12-10 09:04"
"-1.70","","-5.90","71","768","1025","","","","2.10","","S","Небольшая облачность","2025-12-10 09:05"
"-1.70","","-5.90","71","768","1025","","","","4.10","","S","Небольшая облачность","2025-12-10 09:06"
"-1.70","","-7.30","71","768","1025","","","","4.10","","S","Небольшая облачность","2025-12-10 09:07"
"-1.70","","-7.30","71","768","1025","","","","4.10","","S","Небольшая облачность","2025-12-10 09:08"
"-1.70","","-7.30","71","768","1025","","","","4.10","","S","Небольшая облачность","2025-12-10 09:09"
"-1.70","","-7.30","71","768","1025","","","","4.10","","S","Небольшая облачность","2025-12-10 09:10"
"-1.70","","-7.30","71","768","1025","","","","4.10","","S","Небольшая облачность","2025-12-10 09:11"
"-1.70","","-8.40","71","768","1025","","","","5.70","","S","Небольшая облачность","2025-12-10 09:12"
"-1.70","","-8.40","71","768","1025","","","","5.70","","S","Небольшая облачность","2025-12-10 09:13"
"-1.70","","-6.50","71","768","1025","","","","2.90","","S","Небольшая облачность","2025-12-10 09:14"
"-1.60","","-6.40","71","768","1025","","","","2.90","","S","Небольшая облачность","2025-12-10 09:15"
"-1.60","","-6.30","72","768","1025","","","","4.20","","S","Небольшая облачность","2025-12-10 09:16"
"-1.60","","-7.20","72","768","1025","","","","4.20","","S","Небольшая облачность","2025-12-10 09:17"
"-1.60","","-7.20","72","768","1025","","","","4.20","","S","Небольшая облачность","2025-12-10 09:18"
"-1.60","","-7.20","72","768","1025","","","","4.20","","S","Небольшая облачность","2025-12-10 09:19"
"-1.60","","-7.20","72","768","1025","","","","4.20","","S","Небольшая облачность","2025-12-10 09:20"
"-1.60","","-7.20","72","768","1024","","","","4.20","","S","Небольшая облачность","2025-12-10 09:21"
"-1.60","","-7.20","72","768","1024","","","","4.20","","S","Небольшая облачность","2025-12-10 09:22"
"-1.60","","-6.80","72","768","1024","","","","3.50","","S","Небольшая облачность","2025-12-10 09:23"
"-1.60","","-6.80","72","768","1024","","","","1.20","","S","Небольшая облачность","2025-12-10 09:24"
"-1.60","","-5.10","72","768","1024","","","","1.20","","S","Небольшая облачность","2025-12-10 09:25"
"-1.50","","-5.00","72","768","1024","","","","1.20","","S","Небольшая облачность","2025-12-10 09:26"
"-1.50","","-5.00","72","768","1024","","","","3.50","","S","Небольшая облачность","2025-12-10 09:27"
"-1.50","","-6.60","72","768","1024","","","","3.50","","S","Небольшая облачность","2025-12-10 09:28"
"-1.50","","-6.60","72","768","1024","","","","3.50","","S","Небольшая облачность","2025-12-10 09:29"
"-1.50","","-6.60","72","768","1024","","","","3.50","","S","Небольшая облачность","2025-12-10 09:30"
"-1.50","","-6.60","72","768","1024","","","","7.00","","S","Небольшая облачность","2025-12-10 09:31"
"-1.50","","-9.10","72","768","1024","","","","7.00","","S","Небольшая облачность","2025-12-10 09:32"
"-1.50","","-9.10","72","768","1024","","","","7.00","","S","Небольшая облачность","2025-12-10 09:33"
"-1.50","","-9.10","72","768","1024","","","","7.00","","S","Небольшая облачность","2025-12-10 09:34"
"-1.50","","-8.30","72","768","1024","","","","5.90","","S","Небольшая облачность","2025-12-10 09:35"
"-1.50","","-8.30","72","768","1024","","","","5.90","","S","Облачно","2025-12-10 09:36"
"-1.50","","-8.30","72","768","1024","","","","5.90","","S","Облачно","2025-12-10 09:37"
"-1.50","","-8.30","71","768","1024","","","","5.90","","S","Облачно","2025-12-10 09:38"
"-1.60","","-8.50","71","768","1024","","","","6.10","","S","Облачно","2025-12-10 09:39"
"-1.60","","-8.60","71","768","1024","","","","6.10","","S","Облачно","2025-12-10 09:40"
"-1.60","","-7.40","71","768","1024","","","","4.40","","S","Облачно","2025-12-10 09:41"
"-1.60","","-7.40","71","768","1024","","","","4.40","","S","Облачно","2025-12-10 09:42"
"-1.50","","-7.30","71","768","1024","","","","4.40","","S","Облачно","2025-12-10 09:43"
"-1.50","","-7.30","71","768","1024","","","","4.40","","S","Облачно","2025-12-10 09:44"
"-1.50","","-7.30","71","768","1024","","","","4.40","","S","Облачно","2025-12-10 09:45"
"-1.60","","-7.40","71","768","1024","","","","4.40","","S","Облачно","2025-12-10 09:46"
"-1.60","","-7.40","71","768","1024","","","","4.40","","S","Облачно","2025-12-10 09:47"
"-1.60","","-7.40","71","768","1024","","","","4.40","","S","Облачно","2025-12-10 09:48"
"-1.60","","-7.40","71","768","1024","","","","4.40","","S","Облачно","2025-12-10 09:49"
"-1.60","","-7.40","71","768","1024","","","","4.40","","S","Облачно","2025-12-10 09:50"
"-1.60","","-7.40","71","768","1024","","","","4.40","","S","Облачно","2025-12-10 09:51"
"-1.60","","-7.40","71","768","1024","","","","4.40","","S","Облачно","2025-12-10 09:52"
"-1.60","","-7.80","71","768","1024","","","","4.90","","S","Облачно","2025-12-10 09:53"
"-1.60","","-7.80","71","768","1024","","","","4.90","","S","Облачно","2025-12-10 09:54"
"-1.60","","-5.70","71","768","1024","","","","2.00","","S","Облачно","2025-12-10 09:55"
"-1.60","","-5.70","71","768","1024","","","","2.00","","S","Облачно","2025-12-10 09:56"
"-1.60","","-5.70","71","768","1024","","","","2.00","","S","Облачно","2025-12-10 09:57"
"-1.60","","-5.70","71","768","1024","","","","2.00","","S","Облачно","2025-12-10 09:58"
"-1.60","","-5.70","71","768","1024","","","","2.00","","S","Облачно","2025-12-10 09:59"
"-1.60","","-5.70","71","768","1024","","","","2.00","","S","Облачно","2025-12-10 10:00"
"-1.60","","-5.70","71","768","1024","","","","2.00","","S","Облачно","2025-12-10 10:01"
"-1.60","","-5.70","71","768","1024","","","","5.00","","S","Облачно","2025-12-10 10:02"
"-1.60","","-5.70","71","768","1024","","","","5.00","","S","Облачно","2025-12-10 10:03"
"-1.60","","-7.80","70","768","1024","","","","5.00","","S","Облачно","2025-12-10 10:04"
"-1.60","","-7.80","70","768","1024","","","","5.00","","S","Облачно","2025-12-10 10:05"
"-1.60","","-6.80","70","768","1024","","","","3.50","","S","Облачно","2025-12-10 10:06"
"-1.60","","-6.20","70","768","1024","","","","2.60","","S","Облачно","2025-12-10 10:07"
"-1.60","","-8.50","70","768","1024","","","","5.90","","S","Облачно","2025-12-10 10:08"
"-1.60","","-8.50","70","768","1024","","","","5.90","","S","Облачно","2025-12-10 10:09"
"-1.60","","-8.50","70","768","1024","","","","5.90","","S","Облачно","2025-12-10 10:10"
"-1.60","","-8.50","70","768","1024","","","","5.80","","S","Облачно","2025-12-10 10:11"
"-1.60","","-8.50","70","768","1024","","","","5.80","","S","Облачно","2025-12-10 10:12"
"-1.70","","-8.50","70","768","1024","","","","5.80","","S","Облачно","2025-12-10 10:13"
"-1.70","","-8.50","70","768","1024","","","","5.80","","S","Облачно","2025-12-10 10:14"
"-1.70","","-8.50","70","768","1024","","","","5.80","","S","Облачно","2025-12-10 10:15"
"-1.70","","-8.50","70","768","1024","","","","5.80","","S","Облачно","2025-12-10 10:16"
"-1.70","","-8.50","70","768","1024","","","","5.80","","S","Облачно","2025-12-10 10:17"
"-1.70","","-8.50","70","768","1024","","","","5.80","","S","Облачно","2025-12-10 10:18"
"-1.70","","-8.50","70","768","1024","","","","5.80","","S","Облачно","2025-12-10 10:19"
"-1.70","","-8.50","70","768","1024","","","","5.70","","S","Облачно","2025-12-10 10:20"
"-1.70","","-8.50","70","768","1024","","","","5.70","","S","Облачно","2025-12-10 10:21"
"-1.70","","-8.40","70","768","1024","","","","5.70","","S","Облачно","2025-12-10 10:22"
"-1.70","","-8.40","70","768","1024","","","","5.70","","S","Облачно","2025-12-10 10:23"
"-1.70","","-8.40","70","768","1024","","","","5.70","","S","Облачно","2025-12-10 10:24"
"-1.70","","-8.40","70","768","1024","","","","5.70","","S","Облачно","2025-12-10 10:25"
"-1.70","","-8.40","70","768","1024","","","","5.70","","S","Облачно","2025-12-10 10:26"
"-1.70","","-8.50","69","768","1024","","","","5.70","","S","Облачно","2025-12-10 10:27"
"-1.70","","-8.50","69","768","1024","","","","5.70","","S","Облачно","2025-12-10 10:28"
"-1.70","","-8.50","69","768","1024","","","","5.70","","S","Облачно","2025-12-10 10:29"
"-1.70","","-8.50","69","768","1024","","","","5.70","","S","Облачно","2025-12-10 10:30"
"-1.70","","-9.40","69","768","1024","","","","7.10","","S","Облачно","2025-12-10 10:31"
"-1.70","","-9.40","69","768","1024","","","","7.10","","S","Облачно","2025-12-10 10:32"
"-1.70","","-9.40","69","768","1024","","","","7.10","","S","Облачно","2025-12-10 10:33"
"-1.70","","-9.40","69","768","1024","","","","7.10","","S","Облачно","2025-12-10 10:34"
"-1.80","","-9.50","69","768","1024","","","","7.10","","S","Облачно","2025-12-10 10:35"
"-1.80","","-9.50","69","767","1023","","","","7.10","","S","Облачно","2025-12-10 10:36"
"-1.80","","-9.50","69","767","1023","","","","5.40","","S","Облачно","2025-12-10 10:37"
"-1.80","","-8.40","69","767","1023","","","","5.40","","S","Облачно","2025-12-10 10:38"
"-1.80","","-8.40","69","767","1023","","","","5.40","","S","Облачно","2025-12-10 10:39"
"-1.80","","-8.40","69","767","1023","","","","7.00","","S","Облачно","2025-12-10 10:40"
"-1.80","","-9.50","69","767","1023","","","","7.00","","S","Облачно","2025-12-10 10:41"
"-1.80","","-9.50","69","767","1023","","","","7.00","","S","Облачно","2025-12-10 10:42"
"-1.80","","-8.40","68","767","1023","","","","5.50","","S","Облачно","2025-12-10 10:43"
"-1.80","","-8.40","68","767","1023","","","","5.50","","S","Облачно","2025-12-10 10:44"
"-1.90","","-8.60","68","767","1023","","","","5.50","","S","Облачно","2025-12-10 10:45"
"-1.90","","-8.60","68","767","1023","","","","6.80","","S","Облачно","2025-12-10 10:46"
"-1.90","","-8.60","68","767","1023","","","","6.80","","S","Облачно","2025-12-10 10:47"
"-1.90","","-9.50","68","767","1023","","","","6.80","","S","Облачно","2025-12-10 10:48"
"-1.90","","-9.50","68","767","1023","","","","6.80","","S","Облачно","2025-12-10 10:49"
"-1.90","","-9.50","68","767","1023","","","","6.80","","S","Облачно","2025-12-10 10:50"
"-1.90","","-9.50","68","768","1024","","","","6.80","","S","Облачно","2025-12-10 10:51"
"-1.90","","-9.00","68","768","1024","","","","6.10","","S","Облачно","2025-12-10 10:52"
"-1.90","","-9.00","68","768","1024","","","","6.10","","S","Облачно","2025-12-10 10:53"
"-1.90","","-9.00","68","768","1024","","","","6.10","","S","Облачно","2025-12-10 10:54"
"-1.90","","-9.00","68","768","1024","","","","6.10","","S","Облачно","2025-12-10 10:55"
"-1.90","","-9.00","68","768","1024","","","","6.10","","S","Облачно","2025-12-10 10:56"
"-1.90","","-9.00","68","768","1024","","","","6.10","","S","Облачно","2025-12-10 10:57"
"-2.00","","-9.10","68","768","1024","","","","6.10","","S","Облачно","2025-12-10 10:58"
"-2.00","","-9.10","68","768","1024","","","","6.10","","S","Облачно","2025-12-10 10:59"
"-2.00","","-9.10","68","768","1024","","","","6.10","","S","Облачно","2025-12-10 11:00"
"-2.00","","-9.10","68","768","1024","","","","4.40","","S","Облачно","2025-12-10 11:01"
"-2.00","","-9.10","68","768","1024","","","","4.40","","S","Облачно","2025-12-10 11:02"
"-2.00","","-7.90","68","768","1024","","","","4.40","","S","Облачно","2025-12-10 11:03"
"-2.00","","-7.90","68","768","1024","","","","4.40","","S","Облачно","2025-12-10 11:04"
"-2.00","","-7.90","68","768","1024","","","","4.40","","S","Облачно","2025-12-10 11:05"
"-2.00","","-7.90","68","768","1024","","","","4.40","","S","Облачно","2025-12-10 11:06"
"-2.00","","-7.90","68","768","1024","","","","4.40","","S","Облачно","2025-12-10 11:07"
"-2.00","","-7.90","68","768","1024","","","","4.40","","S","Облачно","2025-12-10 11:08"
"-2.00","","-7.90","68","768","1024","","","","6.30","","S","Облачно","2025-12-10 11:09"
"-2.00","","-9.20","68","768","1024","","","","6.30","","S","Облачно","2025-12-10 11:10"
"-2.00","","-9.20","68","768","1024","","","","6.30","","S","Облачно","2025-12-10 11:11"
"-2.10","","-9.30","68","768","1024","","","","6.30","","S","Облачно","2025-12-10 11:12"
"-2.10","","-9.40","67","768","1024","","","","6.30","","S","Облачно","2025-12-10 11:13"
"-2.10","","-9.40","67","768","1024","","","","6.30","","S","Облачно","2025-12-10 11:14"
"-2.10","","-9.40","67","768","1024","","","","6.90","","S","Облачно","2025-12-10 11:15"
"-2.10","","-9.40","67","768","1024","","","","6.90","","S","Облачно","2025-12-10 11:16"
"-2.10","","-9.80","67","768","1024","","","","7.40","","S","Облачно","2025-12-10 11:17"
"-2.10","","-9.80","67","768","1024","","","","7.40","","S","Облачно","2025-12-10 11:18"
"-2.10","","-8.70","67","768","1024","","","","5.40","","S","Облачно","2025-12-10 11:19"
"-2.20","","-8.80","67","768","1024","","","","5.40","","S","Облачно","2025-12-10 11:20"
"-2.20","","-8.80","67","768","1024","","","","5.40","","S","Облачно","2025-12-10 11:21"
"-2.20","","-8.80","67","768","1024","","","","5.40","","S","Облачно","2025-12-10 11:22"
"-2.20","","-8.80","67","768","1024","","","","5.40","","S","Облачно","2025-12-10 11:23"
"-2.20","","-8.80","67","768","1024","","","","5.40","","S","Облачно","2025-12-10 11:24"
"-2.20","","-9.70","67","768","1024","","","","6.60","","S","Облачно","2025-12-10 11:25"
"-2.20","","-9.70","67","768","1024","","","","6.60","","S","Облачно","2025-12-10 11:26"
"-2.30","","-8.90","67","768","1024","","","","5.30","","S","Облачно","2025-12-10 11:27"
"-2.30","","-8.90","67","768","1024","","","","5.30","","S","Облачно","2025-12-10 11:28"
"-2.30","","-8.90","67","768","1024","","","","5.30","","S","Облачно","2025-12-10 11:29"
"-2.30","","-8.90","67","768","1024","","","","5.30","","S","Облачно","2025-12-10 11:30"
"-2.30","","-8.90","67","768","1024","","","","5.30","","S","Облачно","2025-12-10 11:31"
"-2.30","","-8.90","67","768","1024","","","","5.30","","S","Облачно","2025-12-10 11:32"
"-2.30","","-8.90","67","768","1024","","","","5.30","","S","Облачно","2025-12-10 11:33"
"-2.30","","-8.90","67","768","1024","","","","5.30","","S","Облачно","2025-12-10 11:34"
"-2.40","","-9.00","67","768","1024","","","","5.30","","S","Облачно","2025-12-10 11:35"
"-2.40","","-9.00","67","768","1024","","","","5.30","","S","Облачно","2025-12-10 11:36"
"-2.40","","-9.00","67","768","1024","","","","4.50","","S","Облачно","2025-12-10 11:37"
"-2.40","","-8.40","67","768","1024","","","","4.50","","S","Облачно","2025-12-10 11:38"
"-2.40","","-8.40","67","768","1024","","","","4.50","","S","Облачно","2025-12-10 11:39"
"-2.40","","-8.40","67","768","1024","","","","4.50","","S","Облачно","2025-12-10 11:40"
"-2.40","","-8.40","67","768","1024","","","","4.50","","S","Облачно","2025-12-10 11:41"
"-2.40","","-9.00","67","768","1024","","","","5.40","","S","Облачно","2025-12-10 11:42"
"-2.40","","-9.00","67","768","1024","","","","5.40","","S","Облачно","2025-12-10 11:43"
"-2.40","","-9.00","67","768","1024","","","","5.40","","S","Облачно","2025-12-10 11:44"
"-2.40","","-9.00","67","768","1024","","","","5.40","","S","Облачно","2025-12-10 11:45"
"-2.40","","-9.00","67","768","1024","","","","5.40","","S","Облачно","2025-12-10 11:46"
"-2.40","","-9.00","68","768","1024","","","","5.40","","S","Облачно","2025-12-10 11:47"
"-2.40","","-9.00","68","768","1024","","","","5.40","","S","Облачно","2025-12-10 11:48"
"-2.40","","-9.00","68","768","1024","","","","5.40","","S","Облачно","2025-12-10 11:49"
"-2.40","","-9.00","67","768","1024","","","","5.40","","S","Облачно","2025-12-10 11:50"
"-2.40","","-9.00","68","768","1024","","","","5.40","","S","Облачно","2025-12-10 11:51"
"-2.40","","-9.00","68","768","1024","","","","5.40","","S","Облачно","2025-12-10 11:52"
"-2.40","","-9.00","68","768","1024","","","","5.40","","S","Облачно","2025-12-10 11:53"
"-2.40","","-9.00","68","768","1024","","","","5.40","","S","Облачно","2025-12-10 11:54"
"-2.40","","-9.00","68","768","1024","","","","5.40","","S","Облачно","2025-12-10 11:55"
"-2.40","","-9.00","68","768","1024","","","","5.40","","S","Облачно","2025-12-10 11:56"
"-2.40","","-9.00","68","768","1024","","","","5.40","","S","Облачно","2025-12-10 11:57"
"-2.40","","-9.00","68","768","1024","","","","7.20","","S","Облачно","2025-12-10 11:58"
"-2.50","","-10.40","68","768","1024","","","","7.20","","S","Облачно","2025-12-10 11:59"
"-2.50","","-10.40","68","768","1024","","","","7.20","","S","Облачно","2025-12-10 12:00"
"-2.50","","-10.90","68","768","1024","","","","7.90","","S","Облачно","2025-12-10 12:01"
"-2.50","","-10.90","68","768","1024","","","","7.90","","S","Облачно","2025-12-10 12:02"
"-2.50","","-10.90","68","768","1024","","","","7.90","","S","Облачно","2025-12-10 12:03"
"-2.50","","-8.50","68","768","1024","","","","4.50","","S","Облачно","2025-12-10 12:04"
"-2.50","","-8.50","68","768","1024","","","","4.50","","S","Облачно","2025-12-10 12:05"
"-2.50","","-8.50","68","768","1024","","","","4.50","","S","Переменная облачность","2025-12-10 12:06"
"-2.50","","-8.50","68","768","1024","","","","4.50","","S","Переменная облачность","2025-12-10 12:07"
"-2.50","","-8.50","68","768","1024","","","","4.50","","S","Переменная облачность","2025-12-10 12:08"
"-2.50","","-8.50","68","768","1024","","","","6.10","","S","Переменная облачность","2025-12-10 12:09"
"-2.50","","-9.60","68","768","1024","","","","6.10","","S","Переменная облачность","2025-12-10 12:10"
"-2.50","","-9.60","68","768","1024","","","","6.10","","S","Переменная облачность","2025-12-10 12:11"
"-2.50","","-9.60","68","768","1024","","","","6.10","","S","Переменная облачность","2025-12-10 12:12"
"-2.50","","-9.60","69","768","1024","","","","6.10","","S","Переменная облачность","2025-12-10 12:13"
"-2.50","","-9.60","69","768","1024","","","","6.10","","S","Переменная облачность","2025-12-10 12:14"
"-2.50","","-9.60","69","768","1024","","","","6.10","","S","Переменная облачность","2025-12-10 12:15"
"-2.50","","-9.60","69","768","1024","","","","6.10","","S","Переменная облачность","2025-12-10 12:16"
"-2.50","","-9.60","69","768","1024","","","","6.10","","S","Переменная облачность","2025-12-10 12:17"
"-2.50","","-9.60","69","768","1024","","","","6.10","","S","Переменная облачность","2025-12-10 12:18"
"-2.50","","-9.20","69","768","1024","","","","5.50","","S","Переменная облачность","2025-12-10 12:19"
"-2.50","","-9.20","69","768","1024","","","","5.50","","S","Переменная облачность","2025-12-10 12:20"
"-2.50","","-9.20","69","768","1024","","","","5.50","","S","Облачно","2025-12-10 12:21"
"-2.50","","-9.20","69","768","1024","","","","5.50","","S","Облачно","2025-12-10 12:22"
"-2.50","","-9.20","69","768","1024","","","","5.50","","S","Облачно","2025-12-10 12:23"
"-2.60","","-9.30","68","768","1024","","","","5.50","","S","Облачно","2025-12-10 12:24"
"-2.60","","-10.90","68","768","1024","","","","7.70","","S","Облачно","2025-12-10 12:25"
"-2.60","","-10.90","68","768","1024","","","","7.70","","S","Облачно","2025-12-10 12:26"
"-2.60","","-10.90","68","768","1024","","","","7.70","","S","Облачно","2025-12-10 12:27"
"-2.60","","-10.90","68","768","1024","","","","7.70","","S","Облачно","2025-12-10 12:28"
"-2.70","","-11.00","68","768","1024","","","","7.70","","S","Облачно","2025-12-10 12:29"
"-2.70","","-11.00","68","768","1024","","","","7.70","","S","Облачно","2025-12-10 12:30"
"-2.70","","-9.10","68","768","1024","","","","5.00","","S","Облачно","2025-12-10 12:31"
"-2.70","","-9.10","68","768","1024","","","","5.00","","S","Облачно","2025-12-10 12:32"
"-2.70","","-9.10","68","768","1024","","","","5.00","","S","Облачно","2025-12-10 12:33"
"-2.70","","-9.10","68","768","1024","","","","5.00","","S","Облачно","2025-12-10 12:34"
"-2.80","","-9.20","68","768","1024","","","","5.00","","S","Облачно","2025-12-10 12:35"
"-2.80","","-9.20","68","768","1024","","","","5.00","","S","Облачно","2025-12-10 12:36"
"-2.80","","-9.20","68","768","1024","","","","5.00","","S","Облачно","2025-12-10 12:37"
"-2.80","","-9.20","68","768","1024","","","","5.00","","S","Облачно","2025-12-10 12:38"
"-2.80","","-9.20","68","768","1024","","","","5.00","","S","Облачно","2025-12-10 12:39"
"-2.80","","-9.20","68","768","1024","","","","5.00","","S","Облачно","2025-12-10 12:40"
"-2.80","","-9.20","68","768","1024","","","","5.00","","S","Облачно","2025-12-10 12:41"
"-2.80","","-9.20","68","768","1024","","","","5.00","","S","Облачно","2025-12-10 12:42"
"-2.80","","-9.20","68","768","1024","","","","5.00","","S","Облачно","2025-12-10 12:43"
"-2.80","","-9.20","68","768","1024","","","","5.00","","S","Облачно","2025-12-10 12:44"
"-2.80","","-9.20","68","768","1024","","","","5.00","","S","Облачно","2025-12-10 12:45"
"-2.80","","-9.20","68","768","1024","","","","5.00","","S","Облачно","2025-12-10 12:46"
"-2.80","","-9.20","68","768","1024","","","","5.00","","S","Облачно","2025-12-10 12:47"
"-2.80","","-9.20","68","768","1024","","","","5.00","","S","Облачно","2025-12-10 12:48"
"-2.80","","-9.20","68","768","1024","","","","5.00","","S","Облачно","2025-12-10 12:49"
"-2.80","","-9.20","68","768","1024","","","","5.50","","S","Облачно","2025-12-10 12:50"
"-2.80","","-9.50","68","767","1023","","","","5.50","","S","Облачно","2025-12-10 12:51"
"-2.80","","-9.50","68","767","1023","","","","5.50","","S","Облачно","2025-12-10 12:52"
"-2.80","","-9.50","68","767","1023","","","","5.50","","S","Облачно","2025-12-10 12:53"
"-2.80","","-9.50","68","767","1023","","","","5.50","","S","Облачно","2025-12-10 12:54"
"-2.80","","-9.50","68","767","1023","","","","5.50","","S","Облачно","2025-12-10 12:55"
"-2.90","","-9.60","68","767","1023","","","","5.50","","S","Облачно","2025-12-10 12:56"
"-2.90","","-9.60","68","767","1023","","","","5.50","","S","Облачно","2025-12-10 12:57"
"-2.90","","-9.60","68","767","1023","","","","5.50","","S","Облачно","2025-12-10 12:58"
"-2.90","","-9.60","68","767","1023","","","","5.50","","S","Облачно","2025-12-10 12:59"
"-2.90","","-9.60","68","767","1023","","","","5.50","","S","Облачно","2025-12-10 13:00"
"-2.90","","-9.60","68","767","1023","","","","5.50","","S","Облачно","2025-12-10 13:01"
"-3.00","","-9.70","68","767","1023","","","","5.50","","S","Облачно","2025-12-10 13:02"
"-3.00","","-9.70","68","767","1023","","","","5.50","","S","Облачно","2025-12-10 13:03"
"-3.00","","-9.70","68","767","1023","","","","5.50","","S","Облачно","2025-12-10 13:04"
"-3.00","","-9.70","68","767","1023","","","","5.50","","S","Облачно","2025-12-10 13:05"
"-3.00","","-9.70","68","768","1024","","","","5.50","","S","Облачно","2025-12-10 13:06"
"-3.00","","-9.70","68","768","1024","","","","5.50","","S","Облачно","2025-12-10 13:07"
"-3.00","","-9.70","68","768","1024","","","","5.50","","S","Облачно","2025-12-10 13:08"
"-3.10","","-9.90","68","768","1024","","","","5.50","","S","Облачно","2025-12-10 13:09"
"-3.10","","-9.90","68","768","1024","","","","5.50","","S","Облачно","2025-12-10 13:10"
"-3.10","","-9.90","68","768","1024","","","","5.50","","S","Облачно","2025-12-10 13:11"
"-3.10","","-9.90","68","768","1024","","","","5.50","","S","Облачно","2025-12-10 13:12"
"-3.10","","-9.90","68","768","1024","","","","5.50","","S","Облачно","2025-12-10 13:13"
"-3.10","","-9.90","68","768","1024","","","","5.50","","S","Облачно","2025-12-10 13:14"
"-3.10","","-9.90","68","768","1024","","","","5.50","","S","Облачно","2025-12-10 13:15"
"-3.20","","-10.00","68","768","1024","","","","5.50","","S","Облачно","2025-12-10 13:16"
"-3.20","","-10.00","68","768","1024","","","","5.50","","S","Облачно","2025-12-10 13:17"
"-3.20","","-10.00","68","768","1024","","","","5.50","","S","Облачно","2025-12-10 13:18"
"-3.20","","-10.00","68","768","1024","","","","5.50","","S","Облачно","2025-12-10 13:19"
"-3.20","","-10.00","68","768","1024","","","","6.20","","S","Облачно","2025-12-10 13:20"
"-3.20","","-10.50","68","768","1024","","","","6.20","","S","Облачно","2025-12-10 13:21"
"-3.20","","-10.50","68","768","1024","","","","7.40","","S","Облачно","2025-12-10 13:22"
"-3.20","","-11.30","68","768","1024","","","","7.40","","S","Облачно","2025-12-10 13:23"
"-3.20","","-11.30","68","768","1024","","","","7.40","","S","Облачно","2025-12-10 13:24"
"-3.20","","-11.30","68","768","1024","","","","7.40","","S","Облачно","2025-12-10 13:25"
"-3.20","","-11.30","68","768","1024","","","","7.40","","S","Облачно","2025-12-10 13:26"
"-3.20","","-11.30","68","768","1024","","","","7.40","","S","Облачно","2025-12-10 13:27"
"-3.20","","-11.30","68","768","1024","","","","7.40","","S","Облачно","2025-12-10 13:28"
"-3.20","","-11.30","68","768","1024","","","","7.70","","S","Облачно","2025-12-10 13:29"
"-3.20","","-11.50","68","768","1024","","","","7.70","","S","Облачно","2025-12-10 13:30"
"-3.30","","-11.60","68","768","1024","","","","7.70","","S","Облачно","2025-12-10 13:31"
"-3.30","","-11.60","68","768","1024","","","","7.70","","S","Облачно","2025-12-10 13:32"
"-3.30","","-9.70","68","768","1024","","","","4.90","","S","Облачно","2025-12-10 13:33"
"-3.30","","-11.20","68","768","1024","","","","7.10","","S","Облачно","2025-12-10 13:34"
"-3.30","","-11.20","68","768","1024","","","","7.10","","S","Облачно","2025-12-10 13:35"
"-3.30","","-11.20","68","767","1023","","","","7.10","","S","Облачно","2025-12-10 13:36"
"-3.30","","-11.20","68","767","1023","","","","7.10","","S","Облачно","2025-12-10 13:37"
"-3.30","","-11.20","68","767","1023","","","","7.10","","S","Облачно","2025-12-10 13:38"
"-3.30","","-11.20","68","767","1023","","","","7.10","","S","Облачно","2025-12-10 13:39"
"-3.30","","-11.20","68","767","1023","","","","7.10","","S","Облачно","2025-12-10 13:40"
"-3.30","","-11.20","68","767","1023","","","","7.10","","S","Облачно","2025-12-10 13:41"
"-3.30","","-11.20","68","767","1023","","","","7.00","","S","Облачно","2025-12-10 13:42"
"-3.40","","-11.20","68","767","1023","","","","7.00","","S","Облачно","2025-12-10 13:43"
"-3.40","","-11.20","68","767","1023","","","","6.50","","S","Облачно","2025-12-10 13:44"
"-3.40","","-10.90","68","767","1023","","","","2.70","","S","Облачно","2025-12-10 13:45"
"-3.30","","-8.10","68","767","1023","","","","2.70","","S","Облачно","2025-12-10 13:46"
"-3.40","","-8.20","68","767","1023","","","","2.70","","S","Облачно","2025-12-10 13:47"
"-3.40","","-8.20","68","767","1023","","","","2.70","","S","Облачно","2025-12-10 13:48"
"-3.40","","-8.20","68","767","1023","","","","2.70","","S","Облачно","2025-12-10 13:49"
"-3.40","","-8.20","68","767","1023","","","","2.70","","S","Облачно","2025-12-10 13:50"
"-3.40","","-8.20","68","768","1024","","","","2.70","","S","Облачно","2025-12-10 13:51"
"-3.40","","-8.20","68","768","1024","","","","2.70","","S","Облачно","2025-12-10 13:52"
"-3.40","","-8.20","68","768","1024","","","","2.70","","S","Облачно","2025-12-10 13:53"
"-3.40","","-8.20","68","768","1024","","","","2.70","","S","Облачно","2025-12-10 13:54"
"-3.40","","-8.20","68","768","1024","","","","2.70","","S","Облачно","2025-12-10 13:55"
"-3.50","","-8.30","68","768","1024","","","","2.70","","S","Облачно","2025-12-10 13:56"
"-3.40","","-8.20","68","768","1024","","","","2.70","","S","Облачно","2025-12-10 13:57"
"-3.50","","-8.30","68","768","1024","","","","2.70","","S","Облачно","2025-12-10 13:58"
"-3.50","","-8.30","68","768","1024","","","","2.70","","S","Облачно","2025-12-10 13:59"
"-3.50","","-8.30","68","768","1024","","","","2.70","","S","Облачно","2025-12-10 14:00"
"-3.50","","-8.30","68","768","1024","","","","2.70","","S","Облачно","2025-12-10 14:01"
"-3.50","","-8.30","68","768","1024","","","","2.70","","S","Облачно","2025-12-10 14:02"
"-3.50","","-8.30","68","768","1024","","","","2.70","","S","Облачно","2025-12-10 14:03"
"-3.50","","-8.30","68","768","1024","","","","2.70","","S","Облачно","2025-12-10 14:04"
"-3.50","","-8.30","68","768","1024","","","","2.70","","S","Облачно","2025-12-10 14:05"
"-3.50","","-9.30","68","768","1024","","","","4.10","","S","Облачно","2025-12-10 14:06"
"-3.50","","-7.80","68","768","1024","","","","2.00","","S","Облачно","2025-12-10 14:07"
"-3.50","","-7.80","68","768","1024","","","","2.00","","S","Облачно","2025-12-10 14:08"
"-3.50","","-7.80","68","768","1024","","","","2.00","","S","Облачно","2025-12-10 14:09"
"-3.50","","-7.80","68","768","1024","","","","4.80","","S","Облачно","2025-12-10 14:10"
"-3.60","","-9.90","68","768","1024","","","","4.80","","S","Облачно","2025-12-10 14:11"
"-3.60","","-9.90","68","768","1024","","","","4.80","","S","Облачно","2025-12-10 14:12"
"-3.60","","-9.90","68","768","1024","","","","4.80","","S","Облачно","2025-12-10 14:13"
"-3.60","","-9.90","68","768","1024","","","","4.80","","S","Облачно","2025-12-10 14:14"
"-3.60","","-9.90","68","768","1024","","","","4.80","","S","Облачно","2025-12-10 14:15"
"-3.60","","-8.30","68","768","1024","","","","2.50","","S","Облачно","2025-12-10 14:16"
"-3.60","","-8.30","68","768","1024","","","","2.50","","S","Облачно","2025-12-10 14:17"
"-3.50","","-8.20","68","768","1024","","","","2.50","","S","Облачно","2025-12-10 14:18"
"-3.50","","-8.20","68","768","1024","","","","2.50","","S","Облачно","2025-12-10 14:19"
"-3.50","","-8.20","68","768","1024","","","","2.50","","S","Облачно","2025-12-10 14:20"
"-3.50","","-8.20","68","767","1023","","","","2.50","","S","Облачно","2025-12-10 14:21"
"-3.50","","-8.20","68","767","1023","","","","2.50","","S","Облачно","2025-12-10 14:22"
"-3.50","","-9.70","68","767","1023","","","","4.60","","S","Облачно","2025-12-10 14:23"
"-3.60","","-9.80","68","767","1023","","","","4.60","","S","Облачно","2025-12-10 14:24"
"-3.60","","-9.80","68","767","1023","","","","4.60","","S","Облачно","2025-12-10 14:25"
"-3.60","","-9.80","68","767","1023","","","","4.60","","S","Облачно","2025-12-10 14:26"
"-3.70","","-11.80","68","767","1023","","","","7.40","","S","Облачно","2025-12-10 14:27"
"-3.70","","-11.80","68","767","1023","","","","7.40","","S","Облачно","2025-12-10 14:28"
"-3.70","","-11.80","68","767","1023","","","","7.40","","S","Облачно","2025-12-10 14:29"
"-3.70","","-11.60","67","767","1023","","","","7.00","","S","Облачно","2025-12-10 14:30"
"-3.70","","-11.60","67","767","1023","","","","7.00","","S","Облачно","2025-12-10 14:31"
"-3.70","","-11.60","67","767","1023","","","","7.00","","S","Облачно","2025-12-10 14:32"
"-3.70","","-11.60","67","767","1023","","","","7.00","","S","Облачно","2025-12-10 14:33"
"-3.80","","-11.70","67","767","1023","","","","7.00","","S","Облачно","2025-12-10 14:34"
"-3.80","","-11.70","67","767","1023","","","","7.00","","S","Облачно","2025-12-10 14:35"
"-3.80","","-11.70","67","768","1024","","","","7.00","","S","Облачно","2025-12-10 14:36"
"-3.80","","-11.70","67","768","1024","","","","7.00","","S","Облачно","2025-12-10 14:37"
"-3.80","","-11.70","67","768","1024","","","","4.00","","S","Облачно","2025-12-10 14:38"
"-3.70","","-9.50","68","768","1024","","","","4.00","","S","Облачно","2025-12-10 14:39"
"-3.80","","-9.60","68","768","1024","","","","4.00","","S","Облачно","2025-12-10 14:40"
"-3.80","","-9.60","68","768","1024","","","","4.00","","S","Облачно","2025-12-10 14:41"
"-3.80","","-9.60","68","768","1024","","","","4.00","","S","Облачно","2025-12-10 14:42"
"-3.80","","-10.70","68","768","1024","","","","3.60","","S","Облачно","2025-12-10 14:43"
"-3.80","","-8.10","68","768","1024","","","","1.90","","S","Облачно","2025-12-10 14:44"
"-3.80","","-8.10","68","768","1024","","","","2.60","","S","Облачно","2025-12-10 14:45"
"-3.80","","-10.30","68","768","1024","","","","5.10","","S","Облачно","2025-12-10 14:46"
"-3.80","","-8.20","68","768","1024","","","","2.10","","S","Облачно","2025-12-10 14:47"
"-3.80","","-8.20","68","768","1024","","","","2.10","","S","Облачно","2025-12-10 14:48"
"-3.80","","-8.20","68","768","1024","","","","4.70","","S","Облачно","2025-12-10 14:49"
"-3.80","","-10.10","68","768","1024","","","","4.70","","S","Облачно","2025-12-10 14:50"
"-3.80","","-10.10","68","768","1024","","","","4.70","","S","Облачно","2025-12-10 14:51"
"-3.80","","-10.10","68","768","1024","","","","4.70","","S","Облачно","2025-12-10 14:52"
"-3.80","","-10.10","68","768","1024","","","","1.50","","S","Облачно","2025-12-10 14:53"
"-3.80","","-8.90","68","768","1024","","","","3.10","","S","Облачно","2025-12-10 14:54"
"-3.80","","-8.90","68","768","1024","","","","3.10","","S","Облачно","2025-12-10 14:55"
"-3.80","","-8.90","68","768","1024","","","","3.10","","S","Облачно","2025-12-10 14:56"
"-3.80","","-8.90","68","768","1024","","","","3.10","","S","Облачно","2025-12-10 14:57"
"-3.80","","-8.90","68","768","1024","","","","4.00","","S","Облачно","2025-12-10 14:58"
"-3.80","","-9.60","68","768","1024","","","","4.00","","S","Облачно","2025-12-10 14:59"
"-3.80","","-9.60","68","768","1024","","","","4.00","","S","Облачно","2025-12-10 15:00"
"-3.80","","-9.90","68","768","1024","","","","4.50","","S","Облачно","2025-12-10 15:01"
"-3.80","","-9.90","68","768","1024","","","","4.50","","S","Облачно","2025-12-10 15:02"
"-3.80","","-9.90","68","768","1024","","","","4.50","","S","Облачно","2025-12-10 15:03"
"-3.80","","-11.60","68","768","1024","","","","6.90","","S","Облачно","2025-12-10 15:04"
"-3.80","","-10.00","68","768","1024","","","","4.60","","S","Облачно","2025-12-10 15:05"
"-3.80","","-10.00","68","768","1024","","","","4.60","","S","Облачно","2025-12-10 15:06"
"-3.80","","-10.00","68","768","1024","","","","4.60","","S","Облачно","2025-12-10 15:07"
"-3.90","","-10.10","67","768","1024","","","","4.60","","S","Облачно","2025-12-10 15:08"
"-3.90","","-10.10","67","768","1024","","","","4.60","","S","Облачно","2025-12-10 15:09"
"-3.90","","-10.10","67","768","1024","","","","4.60","","S","Облачно","2025-12-10 15:10"
"-3.90","","-10.10","67","768","1024","","","","4.60","","S","Облачно","2025-12-10 15:11"
"-3.90","","-11.80","67","768","1024","","","","7.00","","S","Облачно","2025-12-10 15:12"
"-3.90","","-11.80","67","768","1024","","","","7.00","","S","Облачно","2025-12-10 15:13"
"-3.90","","-11.80","67","768","1024","","","","7.00","","S","Облачно","2025-12-10 15:14"
"-3.90","","-11.80","67","768","1024","","","","7.00","","S","Облачно","2025-12-10 15:15"
"-3.90","","-11.80","67","768","1024","","","","7.00","","S","Облачно","2025-12-10 15:16"
"-3.90","","-11.80","67","768","1024","","","","7.00","","S","Облачно","2025-12-10 15:17"
"-3.90","","-11.80","67","768","1024","","","","7.00","","S","Облачно","2025-12-10 15:18"
"-3.90","","-10.20","67","768","1024","","","","4.70","","S","Облачно","2025-12-10 15:19"
"-3.90","","-10.20","68","768","1024","","","","2.10","","S","Облачно","2025-12-10 15:20"
"-3.90","","-10.20","68","767","1023","","","","2.10","","S","Облачно","2025-12-10 15:21"
"-3.90","","-10.20","68","767","1023","","","","2.10","","S","Облачно","2025-12-10 15:22"
"-3.90","","-8.30","68","767","1023","","","","2.10","","S","Облачно","2025-12-10 15:23"
"-4.00","","-8.50","67","767","1023","","","","2.10","","S","Облачно","2025-12-10 15:24"
"-4.00","","-8.50","67","767","1023","","","","2.10","","S","Облачно","2025-12-10 15:25"
"-4.00","","-8.50","67","767","1023","","","","2.10","","S","Облачно","2025-12-10 15:26"
"-4.00","","-8.50","67","767","1023","","","","2.10","","S","Облачно","2025-12-10 15:27"
"-4.00","","-8.50","67","767","1023","","","","2.10","","S","Облачно","2025-12-10 15:28"
"-4.00","","-8.50","67","767","1023","","","","5.90","","S","Облачно","2025-12-10 15:29"
"-4.00","","-11.10","67","767","1023","","","","5.90","","S","Облачно","2025-12-10 15:30"
"-4.00","","-9.90","67","767","1023","","","","4.20","","S","Облачно","2025-12-10 15:31"
"-4.00","","-9.90","67","767","1023","","","","4.20","","S","Облачно","2025-12-10 15:32"
"-4.00","","-9.90","67","767","1023","","","","4.20","","S","Облачно","2025-12-10 15:33"
"-4.00","","-9.90","67","767","1023","","","","4.20","","S","Облачно","2025-12-10 15:34"
"-4.00","","-9.90","67","767","1023","","","","5.80","","S","Облачно","2025-12-10 15:35"
"-4.00","","-8.80","67","767","1023","","","","2.60","","S","Облачно","2025-12-10 15:36"
"-4.00","","-8.80","68","767","1023","","","","2.60","","S","Облачно","2025-12-10 15:37"
"-4.00","","-8.80","68","767","1023","","","","2.60","","S","Облачно","2025-12-10 15:38"
"-4.00","","-11.10","67","767","1023","","","","5.90","","S","Облачно","2025-12-10 15:39"
"-3.90","","-8.80","68","767","1023","","","","2.70","","S","Облачно","2025-12-10 15:40"
"-3.90","","-8.80","68","767","1023","","","","2.70","","S","Облачно","2025-12-10 15:41"
"-4.00","","-8.90","68","767","1023","","","","2.70","","S","Облачно","2025-12-10 15:42"
"-4.00","","-8.90","68","767","1023","","","","2.70","","S","Облачно","2025-12-10 15:43"
"-4.00","","-8.90","68","767","1023","","","","2.70","","S","Облачно","2025-12-10 15:44"
"-4.00","","-10.40","67","767","1023","","","","3.40","","S","Облачно","2025-12-10 15:45"
"-4.00","","-9.40","67","767","1023","","","","4.00","","S","Облачно","2025-12-10 15:46"
"-4.00","","-9.80","67","767","1023","","","","4.00","","S","Облачно","2025-12-10 15:47"
"-4.00","","-9.80","67","767","1023","","","","4.00","","S","Облачно","2025-12-10 15:48"
"-4.00","","-9.80","67","767","1023","","","","4.00","","S","Облачно","2025-12-10 15:49"
"-4.00","","-9.80","67","767","1023","","","","4.00","","S","Облачно","2025-12-10 15:50"
"-4.00","","-9.80","67","767","1023","","","","4.00","","S","Облачно","2025-12-10 15:51"
"-4.00","","-9.80","67","767","1023","","","","4.00","","S","Облачно","2025-12-10 15:52"
"-4.00","","-12.50","67","767","1023","","","","7.80","","S","Облачно","2025-12-10 15:53"
"-4.00","","-9.70","67","767","1023","","","","3.90","","S","Облачно","2025-12-10 15:54"
"-4.00","","-9.70","67","767","1023","","","","3.90","","S","Облачно","2025-12-10 15:55"
"-4.00","","-9.70","67","767","1023","","","","3.90","","S","Облачно","2025-12-10 15:56"
"-4.00","","-9.70","67","767","1023","","","","3.90","","S","Облачно","2025-12-10 15:57"
"-4.00","","-9.70","67","767","1023","","","","3.90","","S","Облачно","2025-12-10 15:58"
"-4.00","","-9.70","67","767","1023","","","","3.90","","S","Облачно","2025-12-10 15:59"
"-4.00","","-9.70","67","767","1023","","","","3.20","","S","Облачно","2025-12-10 16:00"
"-4.00","","-9.00","67","767","1023","","","","2.90","","S","Облачно","2025-12-10 16:01"
"-4.00","","-9.00","67","767","1023","","","","2.90","","S","Облачно","2025-12-10 16:02"
"-4.10","","-9.10","67","767","1023","","","","2.90","","S","Облачно","2025-12-10 16:03"
"-4.10","","-9.10","67","767","1023","","","","2.90","","S","Облачно","2025-12-10 16:04"
"-4.10","","-9.10","67","767","1023","","","","2.90","","S","Облачно","2025-12-10 16:05"
"-4.10","","-9.10","67","767","1023","","","","2.90","","S","Облачно","2025-12-10 16:06"
"-4.10","","-9.10","67","768","1024","","","","2.90","","S","Облачно","2025-12-10 16:07"
"-4.10","","-9.10","67","768","1024","","","","2.90","","S","Облачно","2025-12-10 16:08"
"-4.10","","-9.10","67","768","1024","","","","2.90","","S","Облачно","2025-12-10 16:09"
"-4.10","","-9.10","67","768","1024","","","","2.90","","S","Облачно","2025-12-10 16:10"
"-4.10","","-9.10","67","768","1024","","","","5.60","","S","Облачно","2025-12-10 16:11"
"-4.10","","-11.00","67","768","1024","","","","5.60","","S","Облачно","2025-12-10 16:12"
"-4.10","","-11.00","67","768","1024","","","","5.10","","S","Облачно","2025-12-10 16:13"
"-4.10","","-11.00","67","768","1024","","","","5.10","","S","Облачно","2025-12-10 16:14"
"-4.00","","-8.70","67","768","1024","","","","2.40","","S","Облачно","2025-12-10 16:15"
"-4.00","","-8.70","67","768","1024","","","","6.10","","S","Облачно","2025-12-10 16:16"
"-4.00","","-11.30","67","768","1024","","","","6.10","","S","Облачно","2025-12-10 16:17"
"-4.00","","-11.30","67","768","1024","","","","4.60","","S","Облачно","2025-12-10 16:18"
"-4.00","","-10.20","67","768","1024","","","","4.60","","S","Облачно","2025-12-10 16:19"
"-4.00","","-10.20","67","768","1024","","","","4.60","","S","Облачно","2025-12-10 16:20"
"-4.00","","-10.20","67","767","1023","","","","4.60","","S","Облачно","2025-12-10 16:21"
"-4.00","","-10.20","67","767","1023","","","","6.60","","S","Облачно","2025-12-10 16:22"
"-4.00","","-11.60","67","767","1023","","","","1.90","","S","Облачно","2025-12-10 16:23"
"-4.00","","-11.60","67","767","1023","","","","1.90","","S","Облачно","2025-12-10 16:24"
"-4.00","","-8.30","67","767","1023","","","","1.90","","S","Облачно","2025-12-10 16:25"
"-4.00","","-8.30","67","767","1023","","","","1.90","","S","Облачно","2025-12-10 16:26"
"-4.00","","-8.30","67","767","1023","","","","1.90","","S","Облачно","2025-12-10 16:27"
"-4.00","","-8.30","67","767","1023","","","","1.90","","S","Облачно","2025-12-10 16:28"
"-4.00","","-8.30","67","767","1023","","","","1.90","","S","Облачно","2025-12-10 16:29"
"-4.10","","-8.40","67","767","1023","","","","1.90","","S","Облачно","2025-12-10 16:30"
"-4.10","","-8.40","67","767","1023","","","","1.90","","S","Облачно","2025-12-10 16:31"
"-4.10","","-11.50","67","767","1023","","","","6.30","","S","Облачно","2025-12-10 16:32"
"-4.10","","-11.50","67","767","1023","","","","6.30","","S","Облачно","2025-12-10 16:33"
"-4.10","","-11.50","67","767","1023","","","","6.30","","S","Облачно","2025-12-10 16:34"
"-4.10","","-11.50","67","767","1023","","","","6.30","","S","Облачно","2025-12-10 16:35"
"-4.10","","-10.50","67","768","1024","","","","4.90","","S","Небольшая облачность","2025-12-10 16:36"
"-4.10","","-10.50","67","768","1024","","","","4.00","","S","Небольшая облачность","2025-12-10 16:37"
"-4.10","","-9.90","67","768","1024","","","","4.40","","S","Небольшая облачность","2025-12-10 16:38"
"-4.10","","-9.90","67","768","1024","","","","4.40","","S","Небольшая облачность","2025-12-10 16:39"
"-4.10","","-10.80","67","768","1024","","","","5.30","","S","Небольшая облачность","2025-12-10 16:40"
"-4.10","","-9.30","67","768","1024","","","","3.10","","S","Небольшая облачность","2025-12-10 16:41"
"-4.10","","-8.20","67","768","1024","","","","1.60","","S","Небольшая облачность","2025-12-10 16:42"
"-4.10","","-9.10","67","768","1024","","","","2.90","","S","Небольшая облачность","2025-12-10 16:43"
"-4.00","","-9.00","67","768","1024","","","","2.90","","S","Небольшая облачность","2025-12-10 16:44"
"-4.10","","-9.10","67","768","1024","","","","4.90","","S","Небольшая облачность","2025-12-10 16:45"
"-4.10","","-10.50","67","768","1024","","","","4.90","","S","Небольшая облачность","2025-12-10 16:46"
"-4.10","","-10.50","67","768","1024","","","","4.90","","S","Небольшая облачность","2025-12-10 16:47"
"-4.10","","-10.50","67","768","1024","","","","4.90","","S","Небольшая облачность","2025-12-10 16:48"
"-4.10","","-10.50","67","768","1024","","","","4.90","","S","Небольшая облачность","2025-12-10 16:49"
"-4.10","","-10.50","67","768","1024","","","","4.90","","S","Небольшая облачность","2025-12-10 16:50"
"-4.10","","-10.50","67","768","1024","","","","3.50","","S","Небольшая облачность","2025-12-10 16:51"
"-4.10","","-8.30","67","768","1024","","","","1.70","","S","Небольшая облачность","2025-12-10 16:52"
"-4.10","","-8.30","67","768","1024","","","","1.70","","S","Небольшая облачность","2025-12-10 16:53"
"-4.00","","-9.80","67","768","1024","","","","4.00","","S","Небольшая облачность","2025-12-10 16:54"
"-4.10","","-9.90","67","768","1024","","","","4.00","","S","Небольшая облачность","2025-12-10 16:55"
"-4.10","","-9.90","67","768","1024","","","","4.00","","S","Небольшая облачность","2025-12-10 16:56"
"-4.10","","-9.90","67","768","1024","","","","4.00","","S","Небольшая облачность","2025-12-10 16:57"
"-4.10","","-9.90","67","768","1024","","","","4.00","","S","Небольшая облачность","2025-12-10 16:58"
"-4.10","","-9.90","67","768","1024","","","","4.00","","S","Небольшая облачность","2025-12-10 16:59"
"-4.10","","-9.90","67","768","1024","","","","4.00","","S","Небольшая облачность","2025-12-10 17:00"
"-4.10","","-9.90","67","768","1024","","","","4.00","","S","Небольшая облачность","2025-12-10 17:01"
"-4.10","","-9.10","67","768","1024","","","","2.80","","S","Небольшая облачность","2025-12-10 17:02"
"-4.10","","-8.90","67","768","1024","","","","2.60","","S","Небольшая облачность","2025-12-10 17:03"
"-4.10","","-8.90","67","768","1024","","","","2.60","","S","Небольшая облачность","2025-12-10 17:04"
"-4.10","","-8.90","67","768","1024","","","","2.60","","S","Небольшая облачность","2025-12-10 17:05"
"-4.10","","-8.90","67","767","1023","","","","2.60","","S","Небольшая облачность","2025-12-10 17:06"
"-4.10","","-8.90","67","767","1023","","","","2.60","","S","Небольшая облачность","2025-12-10 17:07"
"-4.10","","-8.90","67","767","1023","","","","2.60","","S","Небольшая облачность","2025-12-10 17:08"
"-4.10","","-8.90","67","767","1023","","","","4.70","","S","Небольшая облачность","2025-12-10 17:09"
"-4.10","","-10.40","67","767","1023","","","","4.70","","S","Небольшая облачность","2025-12-10 17:10"
"-4.10","","-10.40","67","767","1023","","","","2.10","","S","Небольшая облачность","2025-12-10 17:11"
"-4.00","","-8.50","67","767","1023","","","","2.10","","S","Небольшая облачность","2025-12-10 17:12"
"-4.00","","-9.40","68","767","1023","","","","3.50","","S","Небольшая облачность","2025-12-10 17:13"
"-4.00","","-9.40","68","767","1023","","","","3.50","","S","Небольшая облачность","2025-12-10 17:14"
"-4.00","","-8.90","68","767","1023","","","","2.70","","S","Небольшая облачность","2025-12-10 17:15"
"-4.00","","-8.90","68","767","1023","","","","2.70","","S","Небольшая облачность","2025-12-10 17:16"
"-4.10","","-9.00","67","767","1023","","","","2.70","","S","Небольшая облачность","2025-12-10 17:17"
"-4.10","","-9.00","67","767","1023","","","","2.70","","S","Небольшая облачность","2025-12-10 17:18"
"-4.10","","-9.00","67","767","1023","","","","2.70","","S","Небольшая облачность","2025-12-10 17:19"
"-4.10","","-9.00","67","767","1023","","","","2.70","","S","Небольшая облачность","2025-12-10 17:20"
"-4.10","","-9.00","67","767","1023","","","","2.70","","S","Небольшая облачность","2025-12-10 17:21"
"-4.10","","-9.00","67","767","1023","","","","2.70","","S","Небольшая облачность","2025-12-10 17:22"
"-4.10","","-9.00","67","767","1023","","","","2.70","","S","Небольшая облачность","2025-12-10 17:23"
"-4.10","","-11.40","67","767","1023","","","","6.20","","S","Небольшая облачность","2025-12-10 17:24"
"-4.10","","-11.40","67","767","1023","","","","6.20","","S","Небольшая облачность","2025-12-10 17:25"
"-4.10","","-11.40","67","767","1023","","","","6.20","","S","Небольшая облачность","2025-12-10 17:26"
"-4.10","","-11.40","67","767","1023","","","","6.20","","S","Небольшая облачность","2025-12-10 17:27"
"-4.10","","-11.40","67","767","1023","","","","6.20","","S","Небольшая облачность","2025-12-10 17:28"
"-4.10","","-11.40","67","767","1023","","","","6.20","","S","Небольшая облачность","2025-12-10 17:29"
"-4.10","","-11.40","67","767","1023","","","","6.20","","S","Небольшая облачность","2025-12-10 17:30"
"-4.10","","-11.40","67","767","1023","","","","2.80","","S","Небольшая облачность","2025-12-10 17:31"
"-4.10","","-9.00","68","767","1023","","","","2.80","","S","Небольшая облачность","2025-12-10 17:32"
"-4.00","","-7.70","68","767","1023","","","","1.00","","S","Небольшая облачность","2025-12-10 17:33"
"-4.00","","-7.70","68","767","1023","","","","1.00","","S","Небольшая облачность","2025-12-10 17:34"
"-4.00","","-7.70","68","767","1023","","","","1.00","","S","Небольшая облачность","2025-12-10 17:35"
"-4.00","","-7.70","68","767","1023","","","","1.00","","S","Небольшая облачность","2025-12-10 17:36"
"-4.00","","-7.70","68","767","1023","","","","1.00","","S","Небольшая облачность","2025-12-10 17:37"
"-4.00","","-7.70","68","767","1023","","","","5.00","","S","Небольшая облачность","2025-12-10 17:38"
"-4.00","","-8.90","68","767","1023","","","","2.80","","S","Небольшая облачность","2025-12-10 17:39"
"-4.00","","-8.90","68","767","1023","","","","2.70","","S","Небольшая облачность","2025-12-10 17:40"
"-4.00","","-8.20","68","767","1023","","","","1.70","","S","Небольшая облачность","2025-12-10 17:42"
"-4.00","","-8.20","68","767","1023","","","","1.70","","S","Небольшая облачность","2025-12-10 17:43"
"-4.00","","-8.20","68","767","1023","","","","1.70","","S","Небольшая облачность","2025-12-10 17:44"
"-4.00","","-8.20","68","767","1023","","","","1.70","","S","Небольшая облачность","2025-12-10 17:45"
"-4.00","","-8.20","68","767","1023","","","","1.70","","S","Небольшая облачность","2025-12-10 17:46"
"-4.00","","-8.20","68","767","1023","","","","1.70","","S","Небольшая облачность","2025-12-10 17:47"
"-4.00","","-8.20","68","767","1023","","","","1.70","","S","Небольшая облачность","2025-12-10 17:48"
"-4.00","","-8.20","68","767","1023","","","","1.70","","S","Небольшая облачность","2025-12-10 17:49"
"-4.00","","-8.20","68","767","1023","","","","1.70","","S","Небольшая облачность","2025-12-10 17:50"
"-4.00","","-8.20","68","767","1023","","","","1.70","","S","Небольшая облачность","2025-12-10 17:51"
"-4.00","","-8.20","68","767","1023","","","","1.70","","S","Небольшая облачность","2025-12-10 17:52"
"-4.00","","-8.70","68","767","1023","","","","2.50","","S","Небольшая облачность","2025-12-10 17:53"
"-4.00","","-8.70","68","767","1023","","","","2.20","","S","Небольшая облачность","2025-12-10 17:54"
"-4.00","","-8.50","68","767","1023","","","","2.20","","S","Небольшая облачность","2025-12-10 17:55"
"-4.00","","-8.50","68","767","1023","","","","2.20","","S","Небольшая облачность","2025-12-10 17:56"
"-4.00","","-8.50","68","767","1023","","","","2.20","","S","Небольшая облачность","2025-12-10 17:57"
"-4.00","","-8.50","68","767","1023","","","","2.20","","S","Небольшая облачность","2025-12-10 17:58"
"-4.10","","-8.60","68","767","1023","","","","6.30","","S","Небольшая облачность","2025-12-10 17:59"
"-4.10","","-11.50","67","767","1023","","","","6.30","","S","Небольшая облачность","2025-12-10 18:00"
"-4.10","","-11.50","67","767","1023","","","","6.30","","S","Небольшая облачность","2025-12-10 18:01"
"-4.10","","-11.00","67","767","1023","","","","5.50","","S","Небольшая облачность","2025-12-10 18:02"
"-4.10","","-11.00","67","767","1023","","","","5.50","","S","Небольшая облачность","2025-12-10 18:03"
"-4.10","","-11.00","67","767","1023","","","","5.50","","S","Небольшая облачность","2025-12-10 18:04"
"-4.10","","-11.00","67","767","1023","","","","5.50","","S","Небольшая облачность","2025-12-10 18:05"
"-4.10","","-11.00","67","768","1024","","","","5.50","","S","Небольшая облачность","2025-12-10 18:06"
"-4.10","","-11.00","67","768","1024","","","","5.50","","S","Небольшая облачность","2025-12-10 18:07"
"-4.10","","-11.00","67","768","1024","","","","5.50","","S","Небольшая облачность","2025-12-10 18:08"
"-4.10","","-11.00","67","768","1024","","","","5.50","","S","Небольшая облачность","2025-12-10 18:09"
"-4.10","","-11.00","67","768","1024","","","","5.50","","S","Небольшая облачность","2025-12-10 18:10"
"-4.10","","-11.00","67","768","1024","","","","7.80","","S","Небольшая облачность","2025-12-10 18:11"
"-4.10","","-12.60","67","768","1024","","","","7.80","","S","Небольшая облачность","2025-12-10 18:12"
"-4.10","","-12.60","67","768","1024","","","","7.80","","S","Небольшая облачность","2025-12-10 18:13"
"-4.10","","-10.20","67","768","1024","","","","4.40","","S","Небольшая облачность","2025-12-10 18:14"
"-4.10","","-10.20","67","768","1024","","","","4.40","","S","Небольшая облачность","2025-12-10 18:15"
"-4.10","","-10.20","67","768","1024","","","","4.40","","S","Небольшая облачность","2025-12-10 18:16"
"-4.10","","-7.90","67","768","1024","","","","1.10","","S","Небольшая облачность","2025-12-10 18:17"
"-4.10","","-7.90","67","768","1024","","","","1.10","","S","Небольшая облачность","2025-12-10 18:18"
"-4.10","","-10.90","67","768","1024","","","","5.40","","S","Небольшая облачность","2025-12-10 18:19"
"-4.10","","-10.90","67","768","1024","","","","5.40","","S","Небольшая облачность","2025-12-10 18:20"
"-4.10","","-10.90","67","768","1024","","","","5.40","","S","Небольшая облачность","2025-12-10 18:21"
"-4.10","","-10.90","67","768","1024","","","","5.40","","S","Небольшая облачность","2025-12-10 18:22"
"-4.10","","-10.90","67","768","1024","","","","5.40","","S","Небольшая облачность","2025-12-10 18:23"
"-4.10","","-10.90","67","768","1024","","","","5.40","","S","Небольшая облачность","2025-12-10 18:24"
"-4.10","","-10.90","67","768","1024","","","","5.40","","S","Небольшая облачность","2025-12-10 18:25"
"-4.10","","-10.60","67","768","1024","","","","5.00","","S","Небольшая облачность","2025-12-10 18:26"
"-4.10","","-10.30","67","768","1024","","","","4.60","","S","Небольшая облачность","2025-12-10 18:27"
"-4.10","","-10.30","67","768","1024","","","","4.60","","S","Небольшая облачность","2025-12-10 18:28"
"-4.10","","-10.30","67","768","1024","","","","4.60","","S","Небольшая облачность","2025-12-10 18:29"
"-4.20","","-10.40","67","768","1024","","","","4.60","","S","Небольшая облачность","2025-12-10 18:30"
"-4.20","","-10.40","67","768","1024","","","","4.60","","S","Небольшая облачность","2025-12-10 18:31"
"-4.20","","-10.40","67","768","1024","","","","4.60","","S","Небольшая облачность","2025-12-10 18:32"
"-4.20","","-10.40","67","768","1024","","","","6.00","","S","Небольшая облачность","2025-12-10 18:33"
"-4.20","","-9.60","67","768","1024","","","","3.40","","S","Небольшая облачность","2025-12-10 18:34"
"-4.20","","-9.60","67","768","1024","","","","3.40","","S","Небольшая облачность","2025-12-10 18:35"
"-4.20","","-9.00","67","768","1024","","","","2.50","","S","Небольшая облачность","2025-12-10 18:36"
"-4.20","","-9.00","67","768","1024","","","","4.80","","S","Небольшая облачность","2025-12-10 18:37"
"-4.20","","-10.60","67","768","1024","","","","4.80","","S","Небольшая облачность","2025-12-10 18:38"
"-4.20","","-10.60","67","768","1024","","","","4.80","","S","Небольшая облачность","2025-12-10 18:39"
"-4.20","","-10.60","67","768","1024","","","","4.80","","S","Небольшая облачность","2025-12-10 18:40"
"-4.20","","-10.60","67","768","1024","","","","4.80","","S","Небольшая облачность","2025-12-10 18:41"
"-4.20","","-10.60","67","768","1024","","","","4.80","","S","Небольшая облачность","2025-12-10 18:42"
"-4.20","","-10.70","67","768","1024","","","","5.00","","S","Небольшая облачность","2025-12-10 18:43"
"-4.20","","-10.70","67","768","1024","","","","5.00","","S","Небольшая облачность","2025-12-10 18:44"
"-4.20","","-10.20","67","768","1024","","","","4.30","","S","Небольшая облачность","2025-12-10 18:45"
"-4.20","","-10.20","67","768","1024","","","","4.30","","S","Небольшая облачность","2025-12-10 18:46"
"-4.20","","-10.20","67","768","1024","","","","4.30","","S","Небольшая облачность","2025-12-10 18:47"
"-4.20","","-10.20","66","768","1024","","","","4.30","","S","Небольшая облачность","2025-12-10 18:48"
"-4.20","","-10.20","66","768","1024","","","","4.30","","S","Небольшая облачность","2025-12-10 18:49"
"-4.20","","-9.40","66","768","1024","","","","3.10","","S","Небольшая облачность","2025-12-10 18:50"
"-4.20","","-9.40","66","768","1024","","","","2.20","","S","Небольшая облачность","2025-12-10 18:51"
"-4.20","","-8.80","66","768","1024","","","","2.20","","S","Небольшая облачность","2025-12-10 18:52"
"-4.20","","-8.80","66","768","1024","","","","2.20","","S","Небольшая облачность","2025-12-10 18:53"
"-4.20","","-10.20","66","768","1024","","","","4.00","","S","Небольшая облачность","2025-12-10 18:54"
"-4.20","","-7.90","66","768","1024","","","","0.90","","S","Небольшая облачность","2025-12-10 18:55"
"-4.20","","-7.90","66","768","1024","","","","1.30","","S","Небольшая облачность","2025-12-10 18:56"
"-4.10","","-8.00","67","768","1024","","","","1.30","","S","Небольшая облачность","2025-12-10 18:57"
"-4.10","","-8.60","67","768","1024","","","","2.10","","S","Небольшая облачность","2025-12-10 18:58"
"-4.10","","-8.60","67","768","1024","","","","2.10","","S","Небольшая облачность","2025-12-10 18:59"
"-4.10","","-8.50","67","768","1024","","","","2.00","","S","Небольшая облачность","2025-12-10 19:00"
"-4.10","","-8.50","67","768","1024","","","","2.00","","S","Небольшая облачность","2025-12-10 19:01"
"-4.10","","-8.50","67","768","1024","","","","2.00","","S","Небольшая облачность","2025-12-10 19:02"
"-4.10","","-8.50","67","768","1024","","","","2.00","","S","Небольшая облачность","2025-12-10 19:03"
"-4.20","","-8.60","66","768","1024","","","","2.00","","S","Небольшая облачность","2025-12-10 19:04"
"-4.20","","-8.60","66","768","1024","","","","2.00","","S","Небольшая облачность","2025-12-10 19:05"
"-4.10","","-8.90","66","768","1024","","","","2.60","","S","Небольшая облачность","2025-12-10 19:06"
"-4.10","","-8.90","66","768","1024","","","","2.60","","S","Небольшая облачность","2025-12-10 19:07"
"-4.10","","-8.20","66","768","1024","","","","2.00","","S","Небольшая облачность","2025-12-10 19:08"
"-4.10","","-8.20","66","768","1024","","","","2.00","","S","Небольшая облачность","2025-12-10 19:09"
"-4.10","","-9.20","66","768","1024","","","","3.00","","S","Небольшая облачность","2025-12-10 19:10"
"-4.10","","-9.20","66","768","1024","","","","3.00","","S","Небольшая облачность","2025-12-10 19:11"
"-4.20","","-9.30","66","768","1024","","","","3.00","","S","Небольшая облачность","2025-12-10 19:12"
"-4.20","","-9.30","66","768","1024","","","","3.00","","S","Небольшая облачность","2025-12-10 19:13"
"-4.20","","-9.30","66","768","1024","","","","3.00","","S","Небольшая облачность","2025-12-10 19:14"
"-4.20","","-9.30","66","768","1024","","","","3.00","","S","Небольшая облачность","2025-12-10 19:15"
"-4.20","","-9.30","66","768","1024","","","","3.00","","S","Небольшая облачность","2025-12-10 19:16"
"-4.20","","-9.30","66","768","1024","","","","4.00","","S","Небольшая облачность","2025-12-10 19:17"
"-4.10","","-9.90","66","768","1024","","","","4.00","","S","Небольшая облачность","2025-12-10 19:18"
"-4.20","","-10.00","66","768","1024","","","","4.00","","S","Небольшая облачность","2025-12-10 19:19"
"-4.20","","-10.00","66","768","1024","","","","3.40","","S","Небольшая облачность","2025-12-10 19:20"
"-4.20","","-9.60","66","767","1023","","","","3.40","","S","Небольшая облачность","2025-12-10 19:21"
"-4.20","","-9.60","66","767","1023","","","","3.40","","S","Небольшая облачность","2025-12-10 19:22"
"-4.20","","-9.60","66","767","1023","","","","3.40","","S","Небольшая облачность","2025-12-10 19:23"
"-4.20","","-9.60","66","767","1023","","","","3.40","","S","Небольшая облачность","2025-12-10 19:24"
"-4.20","","-9.60","66","767","1023","","","","3.60","","S","Небольшая облачность","2025-12-10 19:25"
"-4.20","","-9.70","66","767","1023","","","","3.60","","S","Небольшая облачность","2025-12-10 19:26"
"-4.20","","-9.70","66","767","1023","","","","3.60","","S","Небольшая облачность","2025-12-10 19:27"
"-4.20","","-10.20","66","767","1023","","","","4.20","","S","Небольшая облачность","2025-12-10 19:28"
"-4.20","","-10.20","66","767","1023","","","","4.20","","S","Небольшая облачность","2025-12-10 19:29"
"-4.20","","-10.20","66","767","1023","","","","4.20","","S","Небольшая облачность","2025-12-10 19:30"
"-4.20","","-10.20","66","767","1023","","","","3.90","","S","Небольшая облачность","2025-12-10 19:31"
"-4.20","","-10.00","66","767","1023","","","","3.90","","S","Небольшая облачность","2025-12-10 19:32"
"-4.20","","-10.00","66","767","1023","","","","4.00","","S","Небольшая облачность","2025-12-10 19:33"
"-4.10","","-9.90","66","767","1023","","","","3.50","","S","Небольшая облачность","2025-12-10 19:34"
"-4.10","","-9.30","66","767","1023","","","","3.10","","S","Небольшая облачность","2025-12-10 19:35"
"-4.10","","-9.30","66","767","1023","","","","3.10","","S","Небольшая облачность","2025-12-10 19:36"
"-4.10","","-9.30","66","767","1023","","","","3.10","","S","Небольшая облачность","2025-12-10 19:37"
"-4.10","","-9.30","66","767","1023","","","","3.10","","S","Небольшая облачность","2025-12-10 19:38"
"-4.10","","-9.30","66","767","1023","","","","3.10","","S","Небольшая облачность","2025-12-10 19:39"
"-4.10","","-9.30","65","767","1023","","","","4.30","","S","Небольшая облачность","2025-12-10 19:40"
"-4.10","","-10.10","65","767","1023","","","","4.30","","S","Небольшая облачность","2025-12-10 19:41"
"-4.10","","-9.10","66","767","1023","","","","2.80","","S","Небольшая облачность","2025-12-10 19:42"
"-4.10","","-9.10","66","767","1023","","","","2.80","","S","Небольшая облачность","2025-12-10 19:43"
"-4.10","","-9.10","66","767","1023","","","","2.80","","S","Небольшая облачность","2025-12-10 19:44"
"-4.10","","-10.60","65","767","1023","","","","5.00","","S","Небольшая облачность","2025-12-10 19:45"
"-4.10","","-10.60","65","767","1023","","","","3.60","","S","Небольшая облачность","2025-12-10 19:46"
"-4.10","","-10.60","65","767","1023","","","","3.60","","S","Небольшая облачность","2025-12-10 19:47"
"-4.10","","-9.70","65","767","1023","","","","3.60","","S","Небольшая облачность","2025-12-10 19:48"
"-4.10","","-9.70","65","767","1023","","","","5.10","","S","Небольшая облачность","2025-12-10 19:49"
"-4.20","","-10.80","65","767","1023","","","","5.10","","S","Небольшая облачность","2025-12-10 19:50"
"-4.10","","-10.70","65","768","1024","","","","5.10","","S","Небольшая облачность","2025-12-10 19:51"
"-4.10","","-10.70","65","768","1024","","","","5.10","","S","Небольшая облачность","2025-12-10 19:52"
"-4.10","","-10.70","65","768","1024","","","","2.70","","S","Небольшая облачность","2025-12-10 19:53"
"-4.10","","-9.00","65","768","1024","","","","2.50","","S","Небольшая облачность","2025-12-10 19:54"
"-4.10","","-8.90","65","768","1024","","","","3.20","","S","Небольшая облачность","2025-12-10 19:55"
"-4.10","","-8.90","65","768","1024","","","","2.00","","S","Небольшая облачность","2025-12-10 19:56"
"-4.10","","-7.80","65","768","1024","","","","1.00","","S","Небольшая облачность","2025-12-10 19:57"
"-4.10","","-8.70","65","768","1024","","","","2.20","","S","Небольшая облачность","2025-12-10 19:58"
"-4.10","","-8.30","65","768","1024","","","","1.60","","S","Небольшая облачность","2025-12-10 19:59"
"-4.00","","-8.10","65","768","1024","","","","1.60","","S","Небольшая облачность","2025-12-10 20:00"
"-4.00","","-8.10","65","768","1024","","","","1.60","","S","Небольшая облачность","2025-12-10 20:01"
"-4.10","","-8.30","65","768","1024","","","","1.60","","S","Небольшая облачность","2025-12-10 20:02"
"-4.10","","-8.30","65","768","1024","","","","1.60","","S","Небольшая облачность","2025-12-10 20:03"
"-4.10","","-8.30","65","768","1024","","","","4.90","","SSW","Небольшая облачность","2025-12-10 20:04"
"-4.10","","-10.60","65","768","1024","","","","4.90","","SSW","Небольшая облачность","2025-12-10 20:05"
"-4.10","","-10.60","65","768","1024","","","","4.90","","SSW","Небольшая облачность","2025-12-10 20:06"
"-4.10","","-8.20","65","768","1024","","","","1.50","","S","Небольшая облачность","2025-12-10 20:07"
"-4.10","","-8.60","65","768","1024","","","","2.10","","S","Небольшая облачность","2025-12-10 20:08"
"-4.10","","-8.60","65","768","1024","","","","2.10","","S","Небольшая облачность","2025-12-10 20:09"
"-4.10","","-8.30","65","768","1024","","","","1.70","","SSW","Небольшая облачность","2025-12-10 20:10"
"-4.10","","-8.30","65","768","1024","","","","1.70","","SSW","Небольшая облачность","2025-12-10 20:11"
"-4.10","","-8.30","65","768","1024","","","","1.70","","SSW","Небольшая облачность","2025-12-10 20:12"
"-4.10","","-8.30","65","768","1024","","","","1.70","","SSW","Небольшая облачность","2025-12-10 20:13"
"-4.10","","-8.30","65","768","1024","","","","1.70","","SSW","Небольшая облачность","2025-12-10 20:14"
"-4.10","","-8.30","64","768","1024","","","","5.10","","SSW","Небольшая облачность","2025-12-10 20:15"
"-4.10","","-10.70","64","768","1024","","","","5.10","","SSW","Небольшая облачность","2025-12-10 20:16"
"-4.10","","-10.70","64","768","1024","","","","3.30","","SSW","Небольшая облачность","2025-12-10 20:17"
"-4.10","","-9.50","64","768","1024","","","","3.30","","SSW","Небольшая облачность","2025-12-10 20:18"
"-4.10","","-9.50","64","768","1024","","","","3.30","","SSW","Небольшая облачность","2025-12-10 20:19"
"-4.10","","-10.70","64","768","1024","","","","5.10","","SSW","Небольшая облачность","2025-12-10 20:20"
"-4.10","","-10.70","64","768","1024","","","","5.10","","SSW","Небольшая облачность","2025-12-10 20:21"
"-4.10","","-8.80","64","768","1024","","","","2.40","","SSW","Небольшая облачность","2025-12-10 20:22"
"-4.10","","-9.20","65","768","1024","","","","2.90","","SSW","Небольшая облачность","2025-12-10 20:23"
"-4.00","","-7.70","65","768","1024","","","","0.90","","SSW","Небольшая облачность","2025-12-10 20:24"
"-4.00","","-7.70","65","768","1024","","","","0.90","","SSW","Небольшая облачность","2025-12-10 20:25"
"-4.00","","-7.70","65","768","1024","","","","0.90","","SSW","Небольшая облачность","2025-12-10 20:26"
"-4.00","","-10.30","65","768","1024","","","","4.70","","SSW","Небольшая облачность","2025-12-10 20:27"
"-4.10","","-10.40","64","768","1024","","","","4.70","","SSW","Небольшая облачность","2025-12-10 20:28"
"-4.10","","-10.40","64","768","1024","","","","4.70","","SSW","Небольшая облачность","2025-12-10 20:29"
"-4.00","","-10.30","64","768","1024","","","","5.40","","SSW","Небольшая облачность","2025-12-10 20:30"
"-4.00","","-10.30","64","768","1024","","","","5.40","","SSW","Небольшая облачность","2025-12-10 20:31"
"-4.00","","-10.80","64","768","1024","","","","5.40","","SSW","Небольшая облачность","2025-12-10 20:32"
"-4.00","","-10.80","64","768","1024","","","","4.70","","SSW","Небольшая облачность","2025-12-10 20:33"
"-4.00","","-10.80","64","768","1024","","","","4.70","","SSW","Небольшая облачность","2025-12-10 20:34"
"-4.00","","-8.20","64","768","1024","","","","1.60","","SSW","Небольшая облачность","2025-12-10 20:35"
"-4.00","","-9.30","64","768","1024","","","","3.20","","S","Небольшая облачность","2025-12-10 20:36"
"-4.00","","-9.30","64","768","1024","","","","3.20","","S","Небольшая облачность","2025-12-10 20:37"
"-4.00","","-9.30","64","768","1024","","","","3.20","","S","Небольшая облачность","2025-12-10 20:38"
"-4.00","","-9.30","64","768","1024","","","","3.20","","S","Небольшая облачность","2025-12-10 20:39"
"-4.00","","-9.30","64","768","1024","","","","2.90","","S","Небольшая облачность","2025-12-10 20:40"
"-4.00","","-9.30","64","768","1024","","","","2.90","","S","Небольшая облачность","2025-12-10 20:41"
"-3.90","","-7.80","64","768","1024","","","","1.20","","S","Небольшая облачность","2025-12-10 20:42"
"-3.90","","-7.80","64","768","1024","","","","1.20","","S","Небольшая облачность","2025-12-10 20:43"
"-3.90","","-7.80","64","768","1024","","","","1.20","","S","Небольшая облачность","2025-12-10 20:44"
"-3.90","","-7.80","64","768","1024","","","","1.20","","S","Небольшая облачность","2025-12-10 20:45"
"-3.90","","-10.70","64","768","1024","","","","5.40","","S","Небольшая облачность","2025-12-10 20:46"
"-4.00","","-10.80","64","768","1024","","","","2.70","","S","Небольшая облачность","2025-12-10 20:47"
"-4.00","","-10.80","64","768","1024","","","","1.10","","S","Небольшая облачность","2025-12-10 20:48"
"-3.90","","-7.70","64","768","1024","","","","1.60","","S","Небольшая облачность","2025-12-10 20:49"
"-3.90","","-8.10","64","768","1024","","","","1.60","","S","Небольшая облачность","2025-12-10 20:50"
"-3.90","","-8.10","64","768","1024","","","","1.60","","S","Небольшая облачность","2025-12-10 20:51"
"-3.90","","-8.10","64","767","1023","","","","1.60","","S","Небольшая облачность","2025-12-10 20:52"
"-3.90","","-8.10","64","767","1023","","","","1.60","","S","Небольшая облачность","2025-12-10 20:53"
"-3.90","","-8.10","64","767","1023","","","","1.60","","S","Небольшая облачность","2025-12-10 20:54"
"-3.90","","-9.20","64","767","1023","","","","3.20","","S","Небольшая облачность","2025-12-10 20:55"
"-3.90","","-8.10","64","767","1023","","","","2.60","","S","Небольшая облачность","2025-12-10 20:56"
"-3.90","","-8.90","64","767","1023","","","","2.80","","S","Небольшая облачность","2025-12-10 20:57"
"-3.90","","-9.00","64","767","1023","","","","3.00","","S","Небольшая облачность","2025-12-10 20:58"
"-3.90","","-9.00","64","767","1023","","","","2.80","","S","Небольшая облачность","2025-12-10 20:59"
"-3.90","","-8.90","64","767","1023","","","","2.80","","S","Небольшая облачность","2025-12-10 21:00"
"-3.90","","-8.90","64","767","1023","","","","2.80","","S","Небольшая облачность","2025-12-10 21:01"
"-3.90","","-8.90","64","767","1023","","","","2.80","","S","Небольшая облачность","2025-12-10 21:02"
"-3.90","","-8.90","64","767","1023","","","","2.80","","S","Небольшая облачность","2025-12-10 21:03"
"-3.90","","-8.90","64","767","1023","","","","4.40","","S","Небольшая облачность","2025-12-10 21:04"
"-3.90","","-7.90","64","767","1023","","","","1.40","","S","Небольшая облачность","2025-12-10 21:05"
"-3.90","","-7.90","64","767","1023","","","","1.40","","S","Небольшая облачность","2025-12-10 21:06"
"-3.90","","-8.20","64","768","1024","","","","1.80","","S","Небольшая облачность","2025-12-10 21:07"
"-3.90","","-8.20","64","768","1024","","","","1.80","","S","Небольшая облачность","2025-12-10 21:08"
"-3.90","","-8.20","63","768","1024","","","","1.80","","S","Небольшая облачность","2025-12-10 21:09"
"-3.90","","-8.20","63","768","1024","","","","1.80","","S","Небольшая облачность","2025-12-10 21:10"
"-3.90","","-8.20","63","768","1024","","","","4.10","","S","Небольшая облачность","2025-12-10 21:11"
"-3.90","","-9.80","63","768","1024","","","","4.10","","S","Небольшая облачность","2025-12-10 21:12"
"-3.90","","-9.80","63","768","1024","","","","4.10","","S","Небольшая облачность","2025-12-10 21:13"
"-3.90","","-9.80","63","768","1024","","","","4.10","","S","Небольшая облачность","2025-12-10 21:14"
"-3.90","","-9.80","63","768","1024","","","","4.10","","S","Небольшая облачность","2025-12-10 21:15"
"-3.90","","-9.80","63","768","1024","","","","4.10","","S","Небольшая облачность","2025-12-10 21:16"
"-3.90","","-8.90","63","768","1024","","","","2.80","","S","Небольшая облачность","2025-12-10 21:17"
"-3.90","","-8.90","63","768","1024","","","","2.80","","S","Небольшая облачность","2025-12-10 21:18"
"-3.90","","-8.90","63","768","1024","","","","6.00","","S","Небольшая облачность","2025-12-10 21:19"
"-3.90","","-11.10","63","768","1024","","","","2.90","","S","Небольшая облачность","2025-12-10 21:20"
"-3.90","","-9.00","63","768","1024","","","","2.90","","S","Небольшая облачность","2025-12-10 21:21"
"-3.90","","-9.00","63","768","1024","","","","2.90","","S","Небольшая облачность","2025-12-10 21:22"
"-3.90","","-9.00","63","768","1024","","","","2.90","","S","Небольшая облачность","2025-12-10 21:23"
"-3.90","","-9.00","63","768","1024","","","","4.60","","S","Небольшая облачность","2025-12-10 21:24"
"-3.90","","-10.20","63","768","1024","","","","2.40","","S","Небольшая облачность","2025-12-10 21:25"
"-3.90","","-8.60","63","768","1024","","","","2.40","","S","Небольшая облачность","2025-12-10 21:26"
"-3.90","","-8.60","63","768","1024","","","","2.40","","S","Небольшая облачность","2025-12-10 21:27"
"-3.90","","-8.60","63","768","1024","","","","2.40","","S","Небольшая облачность","2025-12-10 21:28"
"-3.90","","-9.00","63","768","1024","","","","2.90","","S","Небольшая облачность","2025-12-10 21:29"
"-3.90","","-9.00","62","768","1024","","","","2.90","","S","Небольшая облачность","2025-12-10 21:30"
"-3.90","","-9.00","62","768","1024","","","","2.90","","S","Небольшая облачность","2025-12-10 21:31"
"-3.90","","-9.00","62","768","1024","","","","2.60","","S","Небольшая облачность","2025-12-10 21:32"
"-3.90","","-8.80","62","768","1024","","","","2.60","","S","Небольшая облачность","2025-12-10 21:33"
"-3.90","","-8.80","62","768","1024","","","","2.60","","S","Небольшая облачность","2025-12-10 21:34"
"-3.90","","-10.30","62","768","1024","","","","4.70","","S","Небольшая облачность","2025-12-10 21:35"
"-3.90","","-9.80","62","768","1024","","","","4.00","","S","Облачно","2025-12-10 21:36"
"-3.90","","-9.10","62","768","1024","","","","3.00","","S","Облачно","2025-12-10 21:37"
"-3.90","","-9.30","62","768","1024","","","","3.30","","S","Облачно","2025-12-10 21:38"
"-3.90","","-9.30","62","768","1024","","","","3.30","","S","Облачно","2025-12-10 21:39"
"-3.90","","-9.30","62","768","1024","","","","3.30","","S","Облачно","2025-12-10 21:40"
"-3.90","","-9.30","62","768","1024","","","","3.30","","S","Облачно","2025-12-10 21:41"
"-3.90","","-9.30","62","768","1024","","","","4.60","","S","Облачно","2025-12-10 21:42"
"-3.90","","-10.10","62","768","1024","","","","4.50","","S","Облачно","2025-12-10 21:43"
"-3.90","","-9.10","62","768","1024","","","","3.00","","S","Облачно","2025-12-10 21:44"
"-3.90","","-9.10","62","768","1024","","","","3.00","","S","Облачно","2025-12-10 21:45"
"-3.90","","-9.10","62","768","1024","","","","2.40","","S","Облачно","2025-12-10 21:46"
"-3.90","","-8.20","62","768","1024","","","","1.80","","S","Облачно","2025-12-10 21:47"
"-3.90","","-8.20","62","768","1024","","","","1.80","","S","Облачно","2025-12-10 21:48"
"-3.80","","-7.60","62","768","1024","","","","1.00","","S","Облачно","2025-12-10 21:49"
"-3.80","","-9.30","62","768","1024","","","","3.50","","S","Облачно","2025-12-10 21:50"
"-3.80","","-9.30","62","767","1023","","","","3.50","","S","Облачно","2025-12-10 21:51"
"-3.80","","-9.10","62","767","1023","","","","3.20","","S","Облачно","2025-12-10 21:52"
"-3.80","","-7.80","62","767","1023","","","","1.30","","S","Облачно","2025-12-10 21:53"
"-3.80","","-7.80","62","767","1023","","","","1.40","","S","Облачно","2025-12-10 21:54"
"-3.80","","-7.80","62","767","1023","","","","2.00","","S","Облачно","2025-12-10 21:55"
"-3.80","","-8.30","62","767","1023","","","","2.00","","S","Облачно","2025-12-10 21:56"
"-3.80","","-8.30","62","767","1023","","","","2.00","","S","Облачно","2025-12-10 21:57"
"-3.80","","-8.30","62","767","1023","","","","2.00","","S","Облачно","2025-12-10 21:58"
"-3.80","","-8.30","62","767","1023","","","","4.10","","S","Облачно","2025-12-10 21:59"
"-3.80","","-9.70","62","767","1023","","","","4.10","","S","Облачно","2025-12-10 22:00"
"-3.80","","-9.70","62","767","1023","","","","3.80","","S","Облачно","2025-12-10 22:01"
"-3.80","","-9.50","61","767","1023","","","","3.80","","S","Облачно","2025-12-10 22:02"
"-3.80","","-9.50","61","767","1023","","","","3.80","","S","Облачно","2025-12-10 22:03"
"-3.80","","-9.50","61","767","1023","","","","3.80","","S","Облачно","2025-12-10 22:04"
"-3.80","","-9.50","61","767","1023","","","","3.80","","S","Облачно","2025-12-10 22:05"
"-3.80","","-9.00","61","767","1023","","","","3.10","","S","Облачно","2025-12-10 22:06"
"-3.80","","-9.00","61","767","1023","","","","1.40","","S","Облачно","2025-12-10 22:07"
"-3.80","","-7.80","61","767","1023","","","","1.40","","S","Облачно","2025-12-10 22:08"
"-3.80","","-7.80","61","767","1023","","","","1.40","","S","Облачно","2025-12-10 22:09"
"-3.80","","-10.10","61","767","1023","","","","4.60","","S","Облачно","2025-12-10 22:10"
"-3.80","","-10.10","61","767","1023","","","","4.60","","S","Облачно","2025-12-10 22:11"
"-3.80","","-10.10","61","767","1023","","","","4.60","","S","Облачно","2025-12-10 22:12"
"-3.80","","-10.80","61","767","1023","","","","5.60","","S","Облачно","2025-12-10 22:13"
"-3.80","","-10.80","61","767","1023","","","","5.60","","S","Облачно","2025-12-10 22:14"
"-3.80","","-10.80","61","767","1023","","","","5.10","","S","Облачно","2025-12-10 22:15"
"-3.80","","-10.80","61","767","1023","","","","5.10","","S","Облачно","2025-12-10 22:16"
"-3.80","","-10.40","61","767","1023","","","","4.70","","S","Облачно","2025-12-10 22:17"
"-3.80","","-10.20","61","767","1023","","","","4.70","","S","Облачно","2025-12-10 22:18"
"-3.80","","-10.20","61","767","1023","","","","3.60","","S","Облачно","2025-12-10 22:19"
"-3.80","","-8.70","61","767","1023","","","","2.60","","S","Облачно","2025-12-10 22:20"
"-3.80","","-8.70","61","767","1023","","","","2.60","","S","Облачно","2025-12-10 22:21"
"-3.80","","-8.70","61","767","1023","","","","2.60","","S","Облачно","2025-12-10 22:22"
"-3.80","","-8.70","61","767","1023","","","","2.60","","S","Облачно","2025-12-10 22:23"
"-3.80","","-9.70","61","767","1023","","","","4.00","","S","Облачно","2025-12-10 22:24"
"-3.80","","-9.70","61","767","1023","","","","3.10","","S","Облачно","2025-12-10 22:25"
"-3.80","","-9.00","61","767","1023","","","","1.80","","S","Облачно","2025-12-10 22:26"
"-3.80","","-8.10","61","767","1023","","","","1.80","","S","Облачно","2025-12-10 22:27"
"-3.80","","-8.10","61","767","1023","","","","1.80","","S","Облачно","2025-12-10 22:28"
"-3.80","","-9.90","61","767","1023","","","","4.30","","S","Облачно","2025-12-10 22:29"
"-3.80","","-9.90","61","767","1023","","","","4.30","","S","Облачно","2025-12-10 22:30"
"-3.80","","-8.30","61","767","1023","","","","2.10","","S","Облачно","2025-12-10 22:31"
"-3.80","","-8.30","61","767","1023","","","","2.10","","S","Облачно","2025-12-10 22:32"
"-3.80","","-8.40","60","767","1023","","","","2.10","","S","Облачно","2025-12-10 22:33"
"-3.80","","-8.40","60","767","1023","","","","2.10","","S","Облачно","2025-12-10 22:34"
"-3.80","","-8.40","60","767","1023","","","","2.10","","S","Облачно","2025-12-10 22:35"
"-3.80","","-8.40","60","767","1023","","","","2.10","","S","Облачно","2025-12-10 22:36"
"-3.80","","-8.40","60","767","1023","","","","2.10","","S","Облачно","2025-12-10 22:37"
"-3.80","","-8.40","60","767","1023","","","","2.10","","S","Облачно","2025-12-10 22:38"
"-3.80","","-8.40","60","767","1023","","","","2.10","","S","Облачно","2025-12-10 22:39"
"-3.80","","-9.40","60","767","1023","","","","3.60","","S","Облачно","2025-12-10 22:40"
"-3.80","","-9.40","60","767","1023","","","","3.60","","S","Облачно","2025-12-10 22:41"
"-3.80","","-9.40","60","767","1023","","","","3.60","","S","Облачно","2025-12-10 22:42"
"-3.80","","-9.40","60","767","1023","","","","3.60","","S","Облачно","2025-12-10 22:43"
"-3.80","","-9.40","60","767","1023","","","","4.00","","S","Облачно","2025-12-10 22:44"
"-3.80","","-9.00","60","767","1023","","","","3.00","","S","Облачно","2025-12-10 22:45"
"-3.80","","-9.00","60","767","1023","","","","3.00","","S","Облачно","2025-12-10 22:46"
"-3.80","","-9.00","60","767","1023","","","","2.10","","S","Облачно","2025-12-10 22:47"
"-3.80","","-8.40","60","767","1023","","","","3.40","","S","Облачно","2025-12-10 22:48"
"-3.80","","-8.40","60","767","1023","","","","2.80","","S","Облачно","2025-12-10 22:49"
"-3.80","","-8.00","60","767","1023","","","","1.60","","S","Облачно","2025-12-10 22:50"
"-3.80","","-8.20","60","767","1023","","","","1.90","","S","Облачно","2025-12-10 22:51"
"-3.80","","-7.60","60","767","1023","","","","1.00","","S","Облачно","2025-12-10 22:52"
"-3.80","","-8.00","60","767","1023","","","","1.60","","S","Облачно","2025-12-10 22:53"
"-3.80","","-7.20","60","767","1023","","","","0.50","","S","Облачно","2025-12-10 22:54"
"-3.80","","-7.20","60","767","1023","","","","0.50","","S","Облачно","2025-12-10 22:55"
"-3.80","","-7.20","60","767","1023","","","","0.50","","S","Облачно","2025-12-10 22:56"
"-3.80","","-7.20","60","767","1023","","","","0.50","","S","Облачно","2025-12-10 22:57"
"-3.80","","-7.20","60","767","1023","","","","0.50","","S","Облачно","2025-12-10 22:58"
"-3.80","","-8.80","60","767","1023","","","","2.70","","S","Облачно","2025-12-10 22:59"
"-3.80","","-8.80","60","767","1023","","","","2.70","","S","Облачно","2025-12-10 23:00"
"-3.80","","-8.80","60","767","1023","","","","2.70","","S","Облачно","2025-12-10 23:01"
"-3.80","","-8.80","60","767","1023","","","","2.70","","S","Облачно","2025-12-10 23:02"
"-3.80","","-8.80","60","767","1023","","","","2.70","","S","Облачно","2025-12-10 23:03"
"-3.80","","-8.80","60","767","1023","","","","2.70","","S","Облачно","2025-12-10 23:04"
"-3.80","","-8.80","60","767","1023","","","","2.70","","S","Облачно","2025-12-10 23:05"
"-3.80","","-8.80","59","767","1023","","","","2.70","","S","Облачно","2025-12-10 23:06"
"-3.80","","-8.80","59","767","1023","","","","2.70","","S","Облачно","2025-12-10 23:07"
"-3.80","","-8.80","59","767","1023","","","","2.70","","S","Облачно","2025-12-10 23:08"
"-3.80","","-9.40","59","767","1023","","","","3.50","","S","Облачно","2025-12-10 23:09"
"-3.80","","-8.40","59","767","1023","","","","2.20","","S","Облачно","2025-12-10 23:10"
"-3.80","","-8.40","59","767","1023","","","","2.20","","S","Облачно","2025-12-10 23:11"
"-3.80","","-8.40","59","767","1023","","","","2.20","","S","Облачно","2025-12-10 23:12"
"-3.80","","-9.00","59","767","1023","","","","3.00","","S","Облачно","2025-12-10 23:13"
"-3.80","","-9.00","59","767","1023","","","","3.00","","S","Облачно","2025-12-10 23:14"
"-3.80","","-10.10","59","767","1023","","","","4.50","","S","Облачно","2025-12-10 23:15"
"-3.80","","-10.10","59","767","1023","","","","3.40","","S","Облачно","2025-12-10 23:16"
"-3.80","","-9.30","59","767","1023","","","","3.40","","S","Облачно","2025-12-10 23:17"
"-3.90","","-10.30","59","767","1023","","","","4.70","","S","Облачно","2025-12-10 23:18"
"-3.90","","-10.30","59","767","1023","","","","4.70","","S","Облачно","2025-12-10 23:19"
"-3.90","","-10.30","59","767","1023","","","","4.70","","S","Облачно","2025-12-10 23:20"
"-3.90","","-10.30","59","767","1023","","","","4.70","","SSE","Облачно","2025-12-10 23:21"
"-3.90","","-10.30","59","767","1023","","","","4.70","","SSE","Облачно","2025-12-10 23:22"
"-3.90","","-10.30","59","767","1023","","","","4.70","","SSE","Облачно","2025-12-10 23:23"
"-3.90","","-10.30","59","767","1023","","","","4.70","","SSE","Облачно","2025-12-10 23:24"
"-3.90","","-10.30","59","767","1023","","","","4.70","","SSE","Облачно","2025-12-10 23:25"
"-3.80","","-10.20","59","767","1023","","","","4.70","","SSE","Облачно","2025-12-10 23:26"
"-3.80","","-10.20","59","767","1023","","","","4.70","","SSE","Облачно","2025-12-10 23:27"
"-3.80","","-10.90","59","767","1023","","","","5.70","","SSE","Облачно","2025-12-10 23:28"
"-3.80","","-10.90","59","767","1023","","","","5.70","","SSE","Облачно","2025-12-10 23:29"
"-3.90","","-11.00","59","767","1023","","","","5.70","","SSE","Облачно","2025-12-10 23:30"
"-3.90","","-11.00","59","767","1023","","","","5.70","","SSE","Облачно","2025-12-10 23:31"
"-3.90","","-11.00","59","767","1023","","","","5.70","","SSE","Облачно","2025-12-10 23:32"
"-3.90","","-11.00","59","767","1023","","","","5.70","","SSE","Облачно","2025-12-10 23:33"
"-3.90","","-11.00","59","767","1023","","","","3.30","","SSE","Облачно","2025-12-10 23:34"
"-3.90","","-11.00","59","767","1023","","","","1.50","","SSE","Облачно","2025-12-10 23:35"
"-3.90","","-8.10","59","768","1024","","","","1.50","","SSE","Облачно","2025-12-10 23:36"
"-3.90","","-8.10","59","768","1024","","","","1.50","","SSE","Облачно","2025-12-10 23:37"
"-3.90","","-8.10","59","768","1024","","","","1.50","","SSE","Облачно","2025-12-10 23:38"
"-3.90","","-8.10","59","768","1024","","","","4.80","","SSE","Облачно","2025-12-10 23:39"
"-3.90","","-10.40","59","768","1024","","","","4.80","","SSE","Облачно","2025-12-10 23:40"
"-3.90","","-10.40","59","768","1024","","","","4.80","","SSE","Облачно","2025-12-10 23:41"
"-3.90","","-10.40","59","768","1024","","","","4.80","","SSE","Облачно","2025-12-10 23:42"
"-3.90","","-10.40","58","768","1024","","","","4.80","","SSE","Облачно","2025-12-10 23:43"
"-3.90","","-10.40","58","768","1024","","","","4.80","","SSE","Облачно","2025-12-10 23:44"
"-3.90","","-9.30","58","768","1024","","","","3.20","","SSE","Облачно","2025-12-10 23:45"
"-3.90","","-9.30","58","768","1024","","","","3.20","","SSE","Облачно","2025-12-10 23:46"
"-3.90","","-9.30","58","768","1024","","","","3.20","","SSE","Облачно","2025-12-10 23:47"
"-3.90","","-9.30","58","768","1024","","","","3.20","","SSE","Облачно","2025-12-10 23:48"
"-3.90","","-7.90","58","768","1024","","","","1.30","","SSE","Облачно","2025-12-10 23:49"
"-3.90","","-7.90","58","768","1024","","","","1.30","","SSE","Облачно","2025-12-10 23:50"
"-3.90","","-7.90","58","767","1023","","","","1.30","","SSE","Облачно","2025-12-10 23:51"
"-3.90","","-7.90","58","767","1023","","","","1.30","","SSE","Облачно","2025-12-10 23:52"
"-3.90","","-10.50","58","767","1023","","","","1.80","","SSE","Облачно","2025-12-10 23:53"
"-3.90","","-8.10","58","767","1023","","","","1.60","","SSE","Облачно","2025-12-10 23:54"
"-3.90","","-8.10","58","767","1023","","","","1.60","","SSE","Облачно","2025-12-10 23:55"
"-3.90","","-8.10","58","767","1023","","","","1.60","","SSE","Облачно","2025-12-10 23:56"
"-3.90","","-8.10","58","767","1023","","","","1.60","","SSE","Облачно","2025-12-10 23:57"
"-3.90","","-8.10","58","767","1023","","","","1.60","","SSE","Облачно","2025-12-10 23:58"
"-3.90","","-10.50","58","767","1023","","","","5.00","","SSE","Облачно","2025-12-10 23:59"