"Temp","Temp Water","Temp Feels Like","Humidity","Pressure Mm","Pressure Hpa","Precip Mm","Precip Type","Precip Intensity","Wind Speed Ms","Wind Gust Speed Ms","Wind Dir","Condition","Created At"
"-10.80","","-15.20","48","765","1021","","","","1.10","","ENE","Небольшая облачность","2026-01-22 00:00"
"-10.80","","-15.10","48","765","1021","","","","1.20","","ENE","Небольшая облачность","2026-01-22 00:01"
"-10.80","","-15.10","48","765","1021","","","","1.20","","ENE","Небольшая облачность","2026-01-22 00:02"
"-10.80","","-14.70","48","765","1021","","","","0.40","","ENE","Небольшая облачность","2026-01-22 00:03"
"-10.80","","-14.40","48","765","1021","","","","0.00","","ENE","Небольшая облачность","2026-01-22 00:04"
"-10.80","","-14.90","48","765","1021","","","","0.70","","ENE","Небольшая облачность","2026-01-22 00:05"
"-10.80","","-15.10","48","765","1021","","","","1.10","","ENE","Небольшая облачность","2026-01-22 00:06"
"-10.80","","-15.10","48","765","1021","","","","1.40","","ENE","Небольшая облачность","2026-01-22 00:07"
"-10.80","","-15.40","48","765","1021","","","","1.50","","E","Небольшая облачность","2026-01-22 00:08"
"-10.80","","-15.40","48","765","1021","","","","1.20","","E","Небольшая облачность","2026-01-22 00:09"
"-10.80","","-15.40","48","765","1021","","","","1.40","","E","Небольшая облачность","2026-01-22 00:10"
"-10.80","","-15.40","48","765","1021","","","","1.40","","E","Небольшая облачность","2026-01-22 00:11"
"-10.80","","-15.40","48","765","1021","","","","1.40","","E","Небольшая облачность","2026-01-22 00:12"
"-10.80","","-14.40","48","765","1021","","","","0.00","","E","Небольшая облачность","2026-01-22 00:13"
"-10.80","","-14.40","48","765","1021","","","","0.00","","E","Небольшая облачность","2026-01-22 00:14"
"-10.80","","-14.70","48","765","1021","","","","0.50","","E","Небольшая облачность","2026-01-22 00:15"
"-10.80","","-14.70","48","765","1021","","","","1.30","","E","Небольшая облачность","2026-01-22 00:16"
"-10.90","","-15.40","48","765","1021","","","","1.30","","E","Небольшая облачность","2026-01-22 00:17"
"-10.90","","-15.90","48","765","1021","","","","2.10","","E","Небольшая облачность","2026-01-22 00:18"
"-10.90","","-15.90","48","765","1021","","","","2.10","","E","Небольшая облачность","2026-01-22 00:19"
"-10.90","","-15.70","48","765","1021","","","","1.70","","E","Небольшая облачность","2026-01-22 00:20"
"-10.90","","-15.70","48","765","1021","","","","1.70","","E","Небольшая облачность","2026-01-22 00:21"
"-10.90","","-15.70","48","765","1021","","","","1.70","","E","Небольшая облачность","2026-01-22 00:22"
"-11.00","","-16.30","48","765","1021","","","","2.60","","E","Небольшая облачность","2026-01-22 00:23"
"-11.00","","-16.30","48","765","1021","","","","2.60","","E","Небольшая облачность","2026-01-22 00:24"
"-11.00","","-16.00","48","765","1021","","","","2.00","","E","Небольшая облачность","2026-01-22 00:25"
"-11.00","","-15.20","48","765","1021","","","","0.90","","E","Небольшая облачность","2026-01-22 00:26"
"-11.00","","-15.20","48","765","1021","","","","0.90","","E","Небольшая облачность","2026-01-22 00:27"
"-11.10","","-15.30","48","765","1021","","","","2.70","","E","Небольшая облачность","2026-01-22 00:28"
"-11.10","","-15.30","48","765","1021","","","","2.70","","E","Небольшая облачность","2026-01-22 00:29"
"-11.10","","-16.60","48","765","1021","","","","2.90","","E","Небольшая облачность","2026-01-22 00:30"
"-11.10","","-16.70","48","765","1021","","","","2.90","","E","Небольшая облачность","2026-01-22 00:31"
"-11.20","","-16.00","48","765","1021","","","","1.80","","E","Небольшая облачность","2026-01-22 00:32"
"-11.20","","-16.00","48","765","1021","","","","1.80","","E","Небольшая облачность","2026-01-22 00:33"
"-11.20","","-16.00","48","765","1021","","","","2.60","","E","Небольшая облачность","2026-01-22 00:34"
"-11.20","","-16.50","48","765","1021","","","","2.40","","E","Небольшая облачность","2026-01-22 00:35"
"-11.20","","-16.50","48","765","1021","","","","2.40","","E","Небольшая облачность","2026-01-22 00:36"
"-11.30","","-16.60","48","766","1022","","","","2.50","","E","Небольшая облачность","2026-01-22 00:37"
"-11.30","","-16.60","48","766","1022","","","","2.50","","E","Небольшая облачность","2026-01-22 00:38"
"-11.30","","-16.60","48","766","1022","","","","2.40","","ESE","Небольшая облачность","2026-01-22 00:39"
"-11.30","","-16.40","48","766","1022","","","","2.20","","ESE","Небольшая облачность","2026-01-22 00:40"
"-11.40","","-16.70","48","766","1022","","","","2.50","","ESE","Небольшая облачность","2026-01-22 00:41"
"-11.40","","-16.70","48","766","1022","","","","2.50","","ESE","Небольшая облачность","2026-01-22 00:42"
"-11.40","","-16.70","48","766","1022","","","","2.50","","ESE","Небольшая облачность","2026-01-22 00:43"
"-11.50","","-16.20","48","766","1022","","","","1.60","","ESE","Небольшая облачность","2026-01-22 00:44"
"-11.50","","-16.60","48","766","1022","","","","2.20","","ESE","Небольшая облачность","2026-01-22 00:45"
"-11.50","","-16.60","48","766","1022","","","","2.80","","ESE","Небольшая облачность","2026-01-22 00:46"
"-11.50","","-16.20","48","766","1022","","","","1.60","","ESE","Небольшая облачность","2026-01-22 00:47"
"-11.50","","-16.60","48","766","1022","","","","2.20","","ESE","Небольшая облачность","2026-01-22 00:48"
"-11.60","","-16.70","48","766","1022","","","","2.20","","ESE","Небольшая облачность","2026-01-22 00:49"
"-11.60","","-16.70","48","766","1022","","","","2.20","","ESE","Небольшая облачность","2026-01-22 00:50"
"-11.60","","-16.70","48","766","1022","","","","2.20","","ESE","Небольшая облачность","2026-01-22 00:51"
"-11.60","","-16.40","48","766","1022","","","","1.00","","ESE","Небольшая облачность","2026-01-22 00:52"
"-11.60","","-15.90","48","766","1022","","","","1.00","","ESE","Небольшая облачность","2026-01-22 00:53"
"-11.70","","-16.00","48","766","1022","","","","1.90","","ESE","Небольшая облачность","2026-01-22 00:54"
"-11.70","","-16.20","48","766","1022","","","","1.30","","ESE","Небольшая облачность","2026-01-22 00:55"
"-11.70","","-16.20","48","766","1022","","","","1.30","","ESE","Небольшая облачность","2026-01-22 00:56"
"-11.70","","-16.20","48","766","1022","","","","1.60","","ESE","Небольшая облачность","2026-01-22 00:57"
"-11.70","","-16.20","48","766","1022","","","","1.60","","ESE","Небольшая облачность","2026-01-22 00:58"
"-11.70","","-16.40","48","766","1022","","","","2.00","","ESE","Небольшая облачность","2026-01-22 00:59"
"-11.80","","-17.10","48","766","1022","","","","2.40","","ESE","Небольшая облачность","2026-01-22 01:00"
"-11.80","","-17.10","48","766","1022","","","","2.00","","ESE","Небольшая облачность","2026-01-22 01:01"
"-11.80","","-16.80","48","766","1022","","","","1.90","","ESE","Небольшая облачность","2026-01-22 01:02"
"-11.90","","-16.40","48","766","1022","","","","1.30","","ESE","Небольшая облачность","2026-01-22 01:03"
"-11.90","","-16.40","48","766","1022","","","","1.30","","ESE","Небольшая облачность","2026-01-22 01:04"
"-11.90","","-15.50","48","766","1022","","","","0.00","","ESE","Небольшая облачность","2026-01-22 01:05"
"-11.90","","-15.50","48","766","1022","","","","0.40","","ESE","Небольшая облачность","2026-01-22 01:06"
"-11.90","","-15.50","48","766","1022","","","","0.00","","ESE","Небольшая облачность","2026-01-22 01:07"
"-11.90","","-15.50","48","766","1022","","","","0.00","","ESE","Небольшая облачность","2026-01-22 01:08"
"-11.90","","-15.50","48","766","1022","","","","0.00","","ESE","Небольшая облачность","2026-01-22 01:09"
"-12.00","","-15.90","48","766","1022","","","","0.40","","ESE","Небольшая облачность","2026-01-22 01:10"
"-12.00","","-16.00","48","766","1022","","","","0.50","","ESE","Небольшая облачность","2026-01-22 01:11"
"-12.00","","-15.90","48","766","1022","","","","0.40","","ESE","Небольшая облачность","2026-01-22 01:12"
"-12.00","","-15.60","48","766","1022","","","","0.00","","ESE","Небольшая облачность","2026-01-22 01:13"
"-12.00","","-15.60","48","766","1022","","","","0.00","","ESE","Небольшая облачность","2026-01-22 01:14"
"-12.00","","-15.60","48","766","1022","","","","0.50","","ESE","Небольшая облачность","2026-01-22 01:15"
"-12.00","","-16.00","48","766","1022","","","","0.60","","ESE","Небольшая облачность","2026-01-22 01:16"
"-12.00","","-16.00","48","766","1022","","","","0.00","","ESE","Небольшая облачность","2026-01-22 01:17"
"-12.00","","-16.00","48","766","1022","","","","0.00","","ESE","Небольшая облачность","2026-01-22 01:18"
"-12.10","","-16.00","48","766","1022","","","","0.40","","ESE","Небольшая облачность","2026-01-22 01:19"
"-12.10","","-15.70","48","766","1022","","","","0.00","","ESE","Небольшая облачность","2026-01-22 01:20"
"-12.10","","-15.70","48","766","1022","","","","0.00","","ESE","Небольшая облачность","2026-01-22 01:21"
"-12.10","","-15.70","48","766","1022","","","","0.00","","ESE","Небольшая облачность","2026-01-22 01:22"
"-12.10","","-16.00","48","766","1022","","","","0.40","","ESE","Небольшая облачность","2026-01-22 01:23"
"-12.10","","-16.00","48","766","1022","","","","0.50","","ESE","Небольшая облачность","2026-01-22 01:24"
"-12.10","","-16.10","48","766","1022","","","","0.40","","ESE","Небольшая облачность","2026-01-22 01:25"
"-12.10","","-16.10","48","766","1022","","","","0.40","","ESE","Небольшая облачность","2026-01-22 01:26"
"-12.10","","-15.70","48","766","1022","","","","0.00","","ESE","Небольшая облачность","2026-01-22 01:27"
"-12.10","","-16.10","48","766","1022","","","","0.50","","ESE","Небольшая облачность","2026-01-22 01:28"
"-12.10","","-16.10","48","766","1022","","","","0.50","","ESE","Небольшая облачность","2026-01-22 01:29"
"-12.10","","-16.00","48","766","1022","","","","0.40","","ESE","Небольшая облачность","2026-01-22 01:30"
"-12.10","","-16.00","48","766","1022","","","","0.40","","ESE","Небольшая облачность","2026-01-22 01:31"
"-12.20","","-15.80","48","766","1022","","","","0.00","","ESE","Небольшая облачность","2026-01-22 01:32"
"-12.20","","-15.80","48","766","1022","","","","0.00","","ESE","Небольшая облачность","2026-01-22 01:33"
"-12.20","","-15.80","48","766","1022","","","","0.00","","ESE","Небольшая облачность","2026-01-22 01:34"
"-12.20","","-15.80","48","766","1022","","","","0.00","","ESE","Небольшая облачность","2026-01-22 01:35"
"-12.20","","-15.80","48","766","1022","","","","0.00","","ESE","Переменная облачность","2026-01-22 01:36"
"-12.20","","-15.80","48","766","1022","","","","0.40","","ESE","Переменная облачность","2026-01-22 01:37"
"-12.20","","-16.20","48","766","1022","","","","0.50","","ESE","Переменная облачность","2026-01-22 01:38"
"-12.20","","-16.20","48","766","1022","","","","0.50","","ESE","Переменная облачность","2026-01-22 01:39"
"-12.30","","-16.20","48","766","1022","","","","0.00","","ESE","Переменная облачность","2026-01-22 01:40"
"-12.20","","-15.80","48","766","1022","","","","0.00","","ESE","Переменная облачность","2026-01-22 01:41"
"-12.20","","-15.80","48","766","1022","","","","0.00","","ESE","Переменная облачность","2026-01-22 01:42"
"-12.30","","-15.90","48","766","1022","","","","0.00","","ESE","Переменная облачность","2026-01-22 01:43"
"-12.30","","-16.20","48","766","1022","","","","0.40","","ESE","Переменная облачность","2026-01-22 01:44"
"-12.30","","-15.90","48","766","1022","","","","0.00","","ESE","Переменная облачность","2026-01-22 01:45"
"-12.30","","-15.90","48","766","1022","","","","0.00","","ESE","Переменная облачность","2026-01-22 01:46"
"-12.30","","-15.90","48","766","1022","","","","0.00","","ESE","Переменная облачность","2026-01-22 01:47"
"-12.30","","-15.90","48","766","1022","","","","0.00","","ESE","Переменная облачность","2026-01-22 01:48"
"-12.20","","-15.80","48","766","1022","","","","0.00","","ESE","Переменная облачность","2026-01-22 01:49"
"-12.20","","-16.10","48","766","1022","","","","0.40","","ESE","Переменная облачность","2026-01-22 01:50"
"-12.20","","-16.10","48","766","1022","","","","0.40","","ESE","Переменная облачность","2026-01-22 01:51"
"-12.20","","-15.80","48","766","1022","","","","0.00","","ESE","Переменная облачность","2026-01-22 01:52"
"-12.20","","-15.80","48","766","1022","","","","0.40","","ESE","Переменная облачность","2026-01-22 01:53"
"-12.20","","-16.10","48","766","1022","","","","0.40","","ESE","Переменная облачность","2026-01-22 01:54"
"-12.20","","-16.10","48","766","1022","","","","1.20","","ESE","Переменная облачность","2026-01-22 01:55"
"-12.20","","-16.60","48","766","1022","","","","1.10","","ESE","Переменная облачность","2026-01-22 01:56"
"-12.20","","-16.30","48","766","1022","","","","0.70","","ESE","Переменная облачность","2026-01-22 01:57"
"-12.30","","-16.60","48","766","1022","","","","1.00","","ESE","Переменная облачность","2026-01-22 01:58"
"-12.30","","-16.60","48","766","1022","","","","0.90","","ESE","Переменная облачность","2026-01-22 01:59"
"-12.30","","-16.20","48","766","1022","","","","0.40","","ESE","Переменная облачность","2026-01-22 02:00"
"-12.30","","-16.20","48","766","1022","","","","0.40","","ESE","Переменная облачность","2026-01-22 02:01"
"-12.30","","-16.20","48","766","1022","","","","0.70","","ESE","Переменная облачность","2026-01-22 02:02"
"-12.30","","-15.90","48","766","1022","","","","0.00","","ESE","Переменная облачность","2026-01-22 02:03"
"-12.30","","-15.90","48","766","1022","","","","0.00","","ESE","Переменная облачность","2026-01-22 02:04"
"-12.30","","-16.20","48","766","1022","","","","0.40","","ESE","Переменная облачность","2026-01-22 02:05"
"-12.30","","-16.30","48","766","1022","","","","0.60","","ESE","Переменная облачность","2026-01-22 02:06"
"-12.30","","-16.30","48","766","1022","","","","0.50","","ESE","Переменная облачность","2026-01-22 02:07"
"-12.30","","-16.30","48","766","1022","","","","0.50","","ESE","Переменная облачность","2026-01-22 02:08"
"-12.30","","-15.90","48","766","1022","","","","0.00","","ESE","Переменная облачность","2026-01-22 02:09"
"-12.30","","-15.90","48","766","1022","","","","0.00","","ESE","Переменная облачность","2026-01-22 02:10"
"-12.30","","-15.90","48","766","1022","","","","0.00","","ESE","Переменная облачность","2026-01-22 02:11"
"-12.30","","-15.90","48","766","1022","","","","0.00","","ESE","Переменная облачность","2026-01-22 02:12"
"-12.30","","-15.90","48","766","1022","","","","0.00","","ESE","Переменная облачность","2026-01-22 02:13"
"-12.30","","-15.90","48","766","1022","","","","0.00","","ESE","Переменная облачность","2026-01-22 02:14"
"-12.30","","-15.90","48","766","1022","","","","0.00","","ESE","Переменная облачность","2026-01-22 02:15"
"-12.30","","-15.90","48","766","1022","","","","0.00","","ESE","Переменная облачность","2026-01-22 02:16"
"-12.20","","-15.80","48","766","1022","","","","0.00","","ESE","Переменная облачность","2026-01-22 02:17"
"-12.20","","-15.80","48","766","1022","","","","0.00","","ESE","Переменная облачность","2026-01-22 02:18"
"-12.20","","-16.10","48","766","1022","","","","0.00","","ESE","Переменная облачность","2026-01-22 02:19"
"-12.20","","-15.80","48","766","1022","","","","0.00","","ESE","Переменная облачность","2026-01-22 02:20"
"-12.20","","-16.30","48","766","1022","","","","0.70","","ESE","Переменная облачность","2026-01-22 02:21"
"-12.20","","-16.30","48","766","1022","","","","0.40","","ESE","Переменная облачность","2026-01-22 02:22"
"-12.30","","-16.20","48","766","1022","","","","0.00","","ESE","Переменная облачность","2026-01-22 02:23"
"-12.30","","-16.20","48","766","1022","","","","0.00","","ESE","Переменная облачность","2026-01-22 02:24"
"-12.30","","-16.20","48","766","1022","","","","0.00","","ESE","Переменная облачность","2026-01-22 02:25"
"-12.20","","-15.80","48","766","1022","","","","0.00","","ESE","Переменная облачность","2026-01-22 02:26"
"-12.20","","-15.80","48","766","1022","","","","0.00","","ESE","Переменная облачность","2026-01-22 02:27"
"-12.20","","-16.10","48","766","1022","","","","0.40","","ESE","Переменная облачность","2026-01-22 02:28"
"-12.20","","-16.20","48","766","1022","","","","0.50","","ESE","Переменная облачность","2026-01-22 02:29"
"-12.20","","-16.20","48","766","1022","","","","0.60","","ESE","Переменная облачность","2026-01-22 02:30"
"-12.20","","-15.80","48","766","1022","","","","0.00","","ESE","Переменная облачность","2026-01-22 02:31"
"-12.30","","-15.90","48","766","1022","","","","0.50","","ESE","Переменная облачность","2026-01-22 02:32"
"-12.30","","-16.30","48","766","1022","","","","0.40","","ESE","Переменная облачность","2026-01-22 02:33"
"-12.20","","-16.20","48","766","1022","","","","0.50","","ESE","Переменная облачность","2026-01-22 02:34"
"-12.20","","-15.80","48","766","1022","","","","0.00","","ESE","Переменная облачность","2026-01-22 02:35"
"-12.20","","-16.20","48","766","1022","","","","0.60","","ESE","Небольшая облачность","2026-01-22 02:36"
"-12.20","","-16.20","48","766","1022","","","","0.50","","ESE","Небольшая облачность","2026-01-22 02:37"
"-12.20","","-16.20","48","766","1022","","","","0.00","","ESE","Небольшая облачность","2026-01-22 02:38"
"-12.20","","-15.80","48","766","1022","","","","0.00","","ESE","Небольшая облачность","2026-01-22 02:39"
"-12.20","","-15.80","48","766","1022","","","","0.00","","ESE","Небольшая облачность","2026-01-22 02:40"
"-12.20","","-16.10","48","766","1022","","","","0.40","","ESE","Небольшая облачность","2026-01-22 02:41"
"-12.20","","-16.10","48","766","1022","","","","0.00","","ESE","Небольшая облачность","2026-01-22 02:42"
"-12.20","","-16.10","48","766","1022","","","","0.00","","ESE","Небольшая облачность","2026-01-22 02:43"
"-12.20","","-15.80","48","766","1022","","","","0.00","","ESE","Небольшая облачность","2026-01-22 02:44"
"-12.30","","-15.90","48","766","1022","","","","0.00","","ESE","Небольшая облачность","2026-01-22 02:45"
"-12.30","","-15.90","48","766","1022","","","","0.00","","ESE","Небольшая облачность","2026-01-22 02:46"
"-12.30","","-15.90","48","766","1022","","","","0.00","","ESE","Небольшая облачность","2026-01-22 02:47"
"-12.30","","-15.90","48","766","1022","","","","0.00","","ESE","Небольшая облачность","2026-01-22 02:48"
"-12.30","","-16.20","48","766","1022","","","","0.40","","ESE","Небольшая облачность","2026-01-22 02:49"
"-12.40","","-16.30","48","766","1022","","","","0.40","","ESE","Небольшая облачность","2026-01-22 02:50"
"-12.40","","-16.30","48","766","1022","","","","0.40","","ESE","Небольшая облачность","2026-01-22 02:51"
"-12.40","","-16.40","48","766","1022","","","","0.50","","ESE","Небольшая облачность","2026-01-22 02:52"
"-12.40","","-16.40","48","766","1022","","","","0.90","","ESE","Небольшая облачность","2026-01-22 02:53"
"-12.40","","-16.70","48","766","1022","","","","0.90","","ESE","Небольшая облачность","2026-01-22 02:54"
"-12.40","","-16.70","48","766","1022","","","","1.30","","ESE","Небольшая облачность","2026-01-22 02:55"
"-12.50","","-17.00","48","766","1022","","","","1.30","","ESE","Небольшая облачность","2026-01-22 02:56"
"-12.50","","-17.00","48","766","1022","","","","1.30","","ESE","Небольшая облачность","2026-01-22 02:57"
"-12.50","","-17.10","48","766","1022","","","","1.40","","ESE","Небольшая облачность","2026-01-22 02:58"
"-12.50","","-17.10","48","766","1022","","","","1.40","","ESE","Небольшая облачность","2026-01-22 02:59"
"-12.50","","-16.60","48","766","1022","","","","0.70","","ESE","Небольшая облачность","2026-01-22 03:00"
"-12.60","","-16.70","48","766","1022","","","","0.70","","ESE","Небольшая облачность","2026-01-22 03:01"
"-12.60","","-16.70","48","766","1022","","","","0.70","","ESE","Небольшая облачность","2026-01-22 03:02"
"-12.60","","-17.10","48","766","1022","","","","1.30","","ESE","Небольшая облачность","2026-01-22 03:03"
"-12.60","","-17.00","48","766","1022","","","","1.10","","ESE","Небольшая облачность","2026-01-22 03:04"
"-12.60","","-17.00","48","766","1022","","","","1.10","","ESE","Небольшая облачность","2026-01-22 03:05"
"-12.60","","-17.00","48","766","1022","","","","1.30","","ESE","Переменная облачность","2026-01-22 03:06"
"-12.60","","-17.20","48","766","1022","","","","1.40","","ESE","Переменная облачность","2026-01-22 03:07"
"-12.60","","-17.20","48","766","1022","","","","1.70","","ESE","Переменная облачность","2026-01-22 03:08"
"-12.60","","-16.90","48","766","1022","","","","1.00","","ESE","Переменная облачность","2026-01-22 03:09"
"-12.60","","-16.90","48","766","1022","","","","1.00","","ESE","Переменная облачность","2026-01-22 03:10"
"-12.70","","-17.00","48","766","1022","","","","1.00","","ESE","Переменная облачность","2026-01-22 03:11"
"-12.70","","-17.20","48","766","1022","","","","1.30","","ESE","Переменная облачность","2026-01-22 03:12"
"-12.70","","-16.70","48","766","1022","","","","0.50","","ESE","Переменная облачность","2026-01-22 03:13"
"-12.70","","-16.80","48","766","1022","","","","0.70","","ESE","Переменная облачность","2026-01-22 03:14"
"-12.70","","-17.00","48","766","1022","","","","1.00","","ESE","Переменная облачность","2026-01-22 03:15"
"-12.70","","-17.00","48","766","1022","","","","0.90","","ESE","Переменная облачность","2026-01-22 03:16"
"-12.70","","-17.00","48","766","1022","","","","0.50","","ESE","Переменная облачность","2026-01-22 03:17"
"-12.70","","-16.70","48","766","1022","","","","0.50","","ESE","Переменная облачность","2026-01-22 03:18"
"-12.70","","-16.70","48","766","1022","","","","0.50","","ESE","Переменная облачность","2026-01-22 03:19"
"-12.70","","-16.60","48","766","1022","","","","0.40","","ESE","Переменная облачность","2026-01-22 03:20"
"-12.70","","-16.60","48","766","1022","","","","0.40","","ESE","Переменная облачность","2026-01-22 03:21"
"-12.60","","-16.20","48","766","1022","","","","0.00","","ESE","Переменная облачность","2026-01-22 03:22"
"-12.60","","-16.20","48","766","1022","","","","0.00","","ESE","Переменная облачность","2026-01-22 03:23"
"-12.60","","-16.70","48","766","1022","","","","0.70","","ESE","Переменная облачность","2026-01-22 03:24"
"-12.60","","-16.70","48","766","1022","","","","0.90","","ESE","Переменная облачность","2026-01-22 03:25"
"-12.60","","-16.90","48","766","1022","","","","0.60","","ESE","Переменная облачность","2026-01-22 03:26"
"-12.60","","-16.70","48","766","1022","","","","0.70","","ESE","Переменная облачность","2026-01-22 03:27"
"-12.60","","-16.70","48","766","1022","","","","0.60","","ESE","Переменная облачность","2026-01-22 03:28"
"-12.60","","-16.70","48","766","1022","","","","0.60","","ESE","Переменная облачность","2026-01-22 03:29"
"-12.60","","-16.70","48","766","1022","","","","0.50","","ESE","Переменная облачность","2026-01-22 03:30"
"-12.60","","-16.70","48","766","1022","","","","0.70","","ESE","Переменная облачность","2026-01-22 03:31"
"-12.60","","-16.70","48","766","1022","","","","0.70","","ESE","Переменная облачность","2026-01-22 03:32"
"-12.60","","-17.00","48","766","1022","","","","1.10","","ESE","Переменная облачность","2026-01-22 03:33"
"-12.60","","-17.00","48","766","1022","","","","1.10","","ESE","Переменная облачность","2026-01-22 03:34"
"-12.60","","-17.00","48","766","1022","","","","1.10","","ESE","Переменная облачность","2026-01-22 03:35"
"-12.70","","-17.00","48","766","1022","","","","0.90","","ESE","Переменная облачность","2026-01-22 03:36"
"-12.70","","-17.00","48","766","1022","","","","0.90","","ESE","Переменная облачность","2026-01-22 03:37"
"-12.70","","-17.00","48","766","1022","","","","0.90","","ESE","Переменная облачность","2026-01-22 03:38"
"-12.70","","-16.80","48","766","1022","","","","0.70","","E","Переменная облачность","2026-01-22 03:39"
"-12.70","","-16.80","48","766","1022","","","","0.50","","E","Переменная облачность","2026-01-22 03:40"
"-12.70","","-16.70","48","766","1022","","","","0.50","","E","Переменная облачность","2026-01-22 03:41"
"-12.70","","-17.00","48","766","1022","","","","1.00","","E","Переменная облачность","2026-01-22 03:42"
"-12.70","","-17.00","48","766","1022","","","","1.00","","E","Переменная облачность","2026-01-22 03:43"
"-12.70","","-17.20","48","766","1022","","","","1.20","","E","Переменная облачность","2026-01-22 03:44"
"-12.70","","-17.20","48","766","1022","","","","1.30","","E","Переменная облачность","2026-01-22 03:45"
"-12.70","","-17.20","48","766","1022","","","","1.40","","E","Переменная облачность","2026-01-22 03:46"
"-12.80","","-17.40","48","766","1022","","","","1.10","","E","Переменная облачность","2026-01-22 03:47"
"-12.80","","-17.40","48","766","1022","","","","1.10","","E","Переменная облачность","2026-01-22 03:48"
"-12.80","","-17.30","48","766","1022","","","","1.20","","E","Переменная облачность","2026-01-22 03:49"
"-12.90","","-17.70","48","766","1022","","","","1.70","","E","Переменная облачность","2026-01-22 03:50"
"-12.90","","-17.70","48","766","1022","","","","1.40","","E","Переменная облачность","2026-01-22 03:51"
"-12.90","","-17.50","48","766","1022","","","","1.40","","E","Переменная облачность","2026-01-22 03:52"
"-12.90","","-17.90","48","766","1022","","","","1.90","","E","Переменная облачность","2026-01-22 03:53"
"-12.90","","-17.90","48","766","1022","","","","2.10","","E","Переменная облачность","2026-01-22 03:54"
"-12.90","","-18.00","48","766","1022","","","","2.10","","E","Переменная облачность","2026-01-22 03:55"
"-13.00","","-18.10","48","766","1022","","","","2.10","","E","Переменная облачность","2026-01-22 03:56"
"-13.00","","-18.10","48","766","1022","","","","2.10","","E","Переменная облачность","2026-01-22 03:57"
"-13.00","","-18.50","48","766","1022","","","","2.70","","E","Переменная облачность","2026-01-22 03:58"
"-13.10","","-17.40","48","766","1022","","","","1.00","","E","Переменная облачность","2026-01-22 03:59"
"-13.10","","-17.40","48","766","1022","","","","1.00","","E","Переменная облачность","2026-01-22 04:00"
"-13.10","","-17.90","48","766","1022","","","","1.60","","E","Переменная облачность","2026-01-22 04:01"
"-13.10","","-17.90","48","766","1022","","","","0.70","","E","Переменная облачность","2026-01-22 04:02"
"-13.10","","-17.90","48","766","1022","","","","0.70","","E","Переменная облачность","2026-01-22 04:03"
"-13.20","","-18.40","48","766","1022","","","","2.20","","E","Переменная облачность","2026-01-22 04:04"
"-13.20","","-18.40","48","766","1022","","","","2.20","","E","Переменная облачность","2026-01-22 04:05"
"-13.20","","-18.10","48","766","1022","","","","1.80","","E","Переменная облачность","2026-01-22 04:06"
"-13.20","","-17.50","48","766","1022","","","","0.90","","E","Переменная облачность","2026-01-22 04:07"
"-13.20","","-17.50","48","766","1022","","","","0.90","","E","Переменная облачность","2026-01-22 04:08"
"-13.20","","-17.50","48","766","1022","","","","0.60","","E","Переменная облачность","2026-01-22 04:09"
"-13.20","","-17.50","48","766","1022","","","","0.70","","E","Переменная облачность","2026-01-22 04:10"
"-13.20","","-17.50","48","766","1022","","","","0.70","","E","Переменная облачность","2026-01-22 04:11"
"-13.30","","-17.60","48","766","1022","","","","0.90","","E","Переменная облачность","2026-01-22 04:12"
"-13.30","","-17.60","48","766","1022","","","","0.90","","E","Переменная облачность","2026-01-22 04:13"
"-13.30","","-17.70","48","766","1022","","","","1.00","","E","Переменная облачность","2026-01-22 04:14"
"-13.30","","-17.70","48","766","1022","","","","1.40","","E","Переменная облачность","2026-01-22 04:15"
"-13.40","","-18.00","48","766","1022","","","","1.30","","E","Переменная облачность","2026-01-22 04:16"
"-13.40","","-18.00","48","766","1022","","","","1.20","","E","Переменная облачность","2026-01-22 04:17"
"-13.40","","-18.00","48","766","1022","","","","1.30","","E","Переменная облачность","2026-01-22 04:18"
"-13.40","","-18.00","48","766","1022","","","","1.30","","E","Переменная облачность","2026-01-22 04:19"
"-13.40","","-17.90","48","766","1022","","","","1.20","","E","Переменная облачность","2026-01-22 04:20"
"-13.40","","-18.00","48","766","1022","","","","1.30","","E","Переменная облачность","2026-01-22 04:21"
"-13.40","","-18.00","48","766","1022","","","","1.30","","E","Переменная облачность","2026-01-22 04:22"
"-13.50","","-18.10","48","766","1022","","","","1.40","","E","Переменная облачность","2026-01-22 04:23"
"-13.50","","-18.10","48","766","1022","","","","1.40","","E","Переменная облачность","2026-01-22 04:24"
"-13.50","","-18.10","48","766","1022","","","","0.90","","E","Переменная облачность","2026-01-22 04:25"
"-13.50","","-18.00","48","766","1022","","","","1.20","","E","Переменная облачность","2026-01-22 04:26"
"-13.60","","-18.20","48","766","1022","","","","1.30","","E","Переменная облачность","2026-01-22 04:27"
"-13.60","","-18.20","48","766","1022","","","","1.30","","E","Переменная облачность","2026-01-22 04:28"
"-13.60","","-18.10","48","766","1022","","","","0.90","","E","Переменная облачность","2026-01-22 04:29"
"-13.60","","-17.90","48","766","1022","","","","1.30","","E","Переменная облачность","2026-01-22 04:30"
"-13.60","","-17.70","48","766","1022","","","","0.70","","E","Переменная облачность","2026-01-22 04:31"
"-13.60","","-17.70","48","766","1022","","","","2.00","","E","Переменная облачность","2026-01-22 04:32"
"-13.60","","-18.70","48","766","1022","","","","2.00","","E","Переменная облачность","2026-01-22 04:33"
"-13.60","","-18.70","48","766","1022","","","","2.00","","E","Переменная облачность","2026-01-22 04:34"
"-13.70","","-18.40","48","766","1022","","","","1.50","","E","Переменная облачность","2026-01-22 04:35"
"-13.70","","-18.10","48","766","1022","","","","1.00","","E","Переменная облачность","2026-01-22 04:36"
"-13.70","","-18.10","48","766","1022","","","","1.10","","E","Переменная облачность","2026-01-22 04:37"
"-13.70","","-18.10","48","766","1022","","","","1.10","","E","Переменная облачность","2026-01-22 04:38"
"-13.80","","-18.20","48","766","1022","","","","1.00","","E","Переменная облачность","2026-01-22 04:39"
"-13.80","","-18.20","48","766","1022","","","","1.20","","E","Переменная облачность","2026-01-22 04:40"
"-13.80","","-18.30","48","766","1022","","","","1.20","","E","Переменная облачность","2026-01-22 04:41"
"-13.90","","-19.00","48","766","1022","","","","2.10","","E","Переменная облачность","2026-01-22 04:42"
"-13.90","","-18.30","48","766","1022","","","","1.10","","E","Переменная облачность","2026-01-22 04:43"
"-13.90","","-18.30","48","766","1022","","","","1.10","","E","Переменная облачность","2026-01-22 04:44"
"-13.90","","-17.90","48","766","1022","","","","1.50","","E","Переменная облачность","2026-01-22 04:45"
"-13.90","","-18.40","48","766","1022","","","","1.20","","E","Переменная облачность","2026-01-22 04:46"
"-13.90","","-18.40","48","766","1022","","","","1.20","","E","Переменная облачность","2026-01-22 04:47"
"-13.90","","-18.40","48","766","1022","","","","1.20","","E","Переменная облачность","2026-01-22 04:48"
"-14.00","","-18.30","48","766","1022","","","","0.90","","E","Переменная облачность","2026-01-22 04:49"
"-14.00","","-18.30","48","766","1022","","","","0.60","","E","Переменная облачность","2026-01-22 04:50"
"-14.00","","-18.30","48","766","1022","","","","0.60","","E","Переменная облачность","2026-01-22 04:51"
"-14.00","","-18.40","48","766","1022","","","","1.00","","E","Переменная облачность","2026-01-22 04:52"
"-14.00","","-18.10","48","766","1022","","","","0.60","","E","Переменная облачность","2026-01-22 04:53"
"-14.00","","-18.10","48","766","1022","","","","0.40","","E","Переменная облачность","2026-01-22 04:54"
"-14.00","","-18.00","48","766","1022","","","","0.90","","E","Переменная облачность","2026-01-22 04:55"
"-14.10","","-18.30","48","766","1022","","","","0.70","","E","Переменная облачность","2026-01-22 04:56"
"-14.10","","-18.30","48","766","1022","","","","0.60","","E","Переменная облачность","2026-01-22 04:57"
"-14.10","","-18.30","48","766","1022","","","","0.60","","E","Переменная облачность","2026-01-22 04:58"
"-14.10","","-18.20","48","766","1022","","","","0.40","","E","Переменная облачность","2026-01-22 04:59"
"-14.10","","-18.30","48","766","1022","","","","0.70","","E","Переменная облачность","2026-01-22 05:00"
"-14.10","","-18.30","48","766","1022","","","","0.70","","E","Переменная облачность","2026-01-22 05:01"
"-14.10","","-18.30","48","766","1022","","","","0.60","","E","Переменная облачность","2026-01-22 05:02"
"-14.10","","-18.30","48","766","1022","","","","0.40","","E","Переменная облачность","2026-01-22 05:03"
"-14.10","","-18.30","48","766","1022","","","","0.40","","E","Переменная облачность","2026-01-22 05:04"
"-14.10","","-18.20","48","766","1022","","","","0.60","","E","Переменная облачность","2026-01-22 05:05"
"-14.10","","-18.10","48","766","1022","","","","0.40","","E","Переменная облачность","2026-01-22 05:06"
"-14.20","","-18.30","48","766","1022","","","","0.60","","E","Переменная облачность","2026-01-22 05:07"
"-14.20","","-18.30","48","766","1022","","","","1.10","","E","Переменная облачность","2026-01-22 05:08"
"-14.20","","-18.60","48","766","1022","","","","1.10","","E","Переменная облачность","2026-01-22 05:09"
"-14.20","","-18.60","48","766","1022","","","","1.10","","E","Переменная облачность","2026-01-22 05:10"
"-14.30","","-19.10","48","766","1022","","","","1.60","","E","Переменная облачность","2026-01-22 05:11"
"-14.30","","-19.10","48","766","1022","","","","1.60","","E","Переменная облачность","2026-01-22 05:12"
"-14.20","","-18.20","48","766","1022","","","","0.40","","ENE","Переменная облачность","2026-01-22 05:13"
"-14.20","","-18.20","48","766","1022","","","","0.40","","ENE","Переменная облачность","2026-01-22 05:14"
"-14.20","","-18.20","48","766","1022","","","","0.50","","ENE","Переменная облачность","2026-01-22 05:15"
"-14.20","","-18.40","48","766","1022","","","","0.70","","ENE","Переменная облачность","2026-01-22 05:16"
"-14.20","","-18.40","48","766","1022","","","","0.50","","ENE","Переменная облачность","2026-01-22 05:17"
"-14.20","","-18.20","48","766","1022","","","","0.00","","ENE","Переменная облачность","2026-01-22 05:18"
"-14.10","","-17.80","48","766","1022","","","","0.00","","ENE","Переменная облачность","2026-01-22 05:19"
"-14.10","","-18.10","48","766","1022","","","","0.40","","ENE","Переменная облачность","2026-01-22 05:20"
"-14.20","","-18.40","48","766","1022","","","","0.70","","ENE","Переменная облачность","2026-01-22 05:21"
"-14.20","","-18.50","48","766","1022","","","","0.90","","ENE","Переменная облачность","2026-01-22 05:22"
"-14.20","","-18.50","48","766","1022","","","","0.90","","ENE","Переменная облачность","2026-01-22 05:23"
"-14.20","","-18.50","48","766","1022","","","","1.20","","ENE","Переменная облачность","2026-01-22 05:24"
"-14.20","","-18.40","48","766","1022","","","","0.70","","ENE","Переменная облачность","2026-01-22 05:25"
"-14.20","","-18.40","48","766","1022","","","","0.60","","ENE","Переменная облачность","2026-01-22 05:26"
"-14.10","","-18.10","48","766","1022","","","","0.40","","ENE","Переменная облачность","2026-01-22 05:27"
"-14.10","","-18.10","48","766","1022","","","","0.50","","ENE","Переменная облачность","2026-01-22 05:28"
"-14.10","","-17.80","48","766","1022","","","","0.00","","ENE","Переменная облачность","2026-01-22 05:29"
"-14.10","","-18.70","48","766","1022","","","","1.30","","ENE","Переменная облачность","2026-01-22 05:30"
"-14.10","","-18.50","48","766","1022","","","","1.10","","ENE","Переменная облачность","2026-01-22 05:31"
"-14.10","","-17.80","48","766","1022","","","","0.00","","ENE","Переменная облачность","2026-01-22 05:32"
"-14.10","","-17.80","48","766","1022","","","","0.00","","ENE","Переменная облачность","2026-01-22 05:33"
"-14.10","","-18.50","48","766","1022","","","","1.10","","ENE","Переменная облачность","2026-01-22 05:34"
"-14.10","","-18.60","48","766","1022","","","","1.20","","ENE","Переменная облачность","2026-01-22 05:35"
"-14.10","","-18.60","48","766","1022","","","","1.20","","ENE","Переменная облачность","2026-01-22 05:36"
"-14.20","","-18.90","48","766","1022","","","","1.50","","ENE","Переменная облачность","2026-01-22 05:37"
"-14.20","","-18.60","48","766","1022","","","","1.10","","ENE","Переменная облачность","2026-01-22 05:38"
"-14.20","","-19.10","48","766","1022","","","","1.70","","ENE","Переменная облачность","2026-01-22 05:39"
"-14.20","","-18.90","48","766","1022","","","","1.40","","ENE","Переменная облачность","2026-01-22 05:40"
"-14.20","","-18.90","48","766","1022","","","","0.90","","ENE","Переменная облачность","2026-01-22 05:41"
"-14.20","","-18.90","48","766","1022","","","","0.90","","ENE","Переменная облачность","2026-01-22 05:42"
"-14.10","","-18.30","48","766","1022","","","","0.70","","ENE","Переменная облачность","2026-01-22 05:43"
"-14.10","","-18.50","48","766","1022","","","","1.00","","ENE","Переменная облачность","2026-01-22 05:44"
"-14.10","","-18.70","48","766","1022","","","","1.30","","ENE","Переменная облачность","2026-01-22 05:45"
"-14.10","","-18.70","48","766","1022","","","","1.30","","ENE","Переменная облачность","2026-01-22 05:46"
"-14.10","","-18.70","48","766","1022","","","","1.20","","ENE","Переменная облачность","2026-01-22 05:47"
"-14.10","","-18.60","48","766","1022","","","","1.20","","ENE","Переменная облачность","2026-01-22 05:48"
"-14.10","","-18.80","48","766","1022","","","","1.50","","ENE","Переменная облачность","2026-01-22 05:49"
"-14.10","","-18.80","48","766","1022","","","","1.60","","ENE","Переменная облачность","2026-01-22 05:50"
"-14.10","","-18.80","48","766","1022","","","","1.60","","ENE","Переменная облачность","2026-01-22 05:51"
"-14.10","","-19.00","48","767","1023","","","","1.80","","ENE","Переменная облачность","2026-01-22 05:52"
"-14.10","","-19.00","48","767","1023","","","","1.30","","ENE","Переменная облачность","2026-01-22 05:53"
"-14.20","","-19.00","48","767","1023","","","","1.60","","ENE","Переменная облачность","2026-01-22 05:54"
"-14.20","","-19.00","48","767","1023","","","","1.20","","ENE","Переменная облачность","2026-01-22 05:55"
"-14.20","","-19.00","48","767","1023","","","","1.20","","ENE","Переменная облачность","2026-01-22 05:56"
"-14.20","","-19.10","48","767","1023","","","","1.70","","ENE","Переменная облачность","2026-01-22 05:57"
"-14.20","","-19.10","48","767","1023","","","","1.50","","ENE","Переменная облачность","2026-01-22 05:58"
"-14.20","","-18.90","48","767","1023","","","","1.50","","ENE","Переменная облачность","2026-01-22 05:59"
"-14.20","","-18.60","48","767","1023","","","","1.00","","ENE","Переменная облачность","2026-01-22 06:00"
"-14.20","","-18.80","48","767","1023","","","","1.30","","ENE","Переменная облачность","2026-01-22 06:01"
"-14.20","","-18.80","48","767","1023","","","","1.30","","ENE","Переменная облачность","2026-01-22 06:02"
"-14.20","","-18.80","48","767","1023","","","","1.30","","ENE","Переменная облачность","2026-01-22 06:03"
"-14.20","","-18.40","48","767","1023","","","","0.70","","ENE","Переменная облачность","2026-01-22 06:04"
"-14.20","","-18.40","48","767","1023","","","","0.70","","ENE","Переменная облачность","2026-01-22 06:05"
"-14.20","","-18.40","48","767","1023","","","","0.70","","ENE","Переменная облачность","2026-01-22 06:06"
"-14.20","","-18.40","48","767","1023","","","","0.70","","ENE","Переменная облачность","2026-01-22 06:07"
"-14.20","","-18.90","48","767","1023","","","","1.40","","ENE","Переменная облачность","2026-01-22 06:08"
"-14.20","","-18.90","48","767","1023","","","","1.40","","ENE","Переменная облачность","2026-01-22 06:09"
"-14.20","","-18.40","48","767","1023","","","","0.60","","ENE","Переменная облачность","2026-01-22 06:10"
"-14.20","","-18.40","48","767","1023","","","","0.60","","ENE","Переменная облачность","2026-01-22 06:11"
"-14.30","","-18.80","48","767","1023","","","","1.20","","ENE","Переменная облачность","2026-01-22 06:12"
"-14.30","","-18.80","48","767","1023","","","","1.20","","ENE","Переменная облачность","2026-01-22 06:13"
"-14.30","","-18.80","48","767","1023","","","","1.20","","ENE","Переменная облачность","2026-01-22 06:14"
"-14.30","","-18.70","48","767","1023","","","","1.10","","ENE","Переменная облачность","2026-01-22 06:15"
"-14.30","","-18.70","48","767","1023","","","","1.20","","ENE","Переменная облачность","2026-01-22 06:16"
"-14.30","","-18.80","48","767","1023","","","","1.20","","ENE","Переменная облачность","2026-01-22 06:17"
"-14.30","","-18.80","48","767","1023","","","","1.20","","ENE","Переменная облачность","2026-01-22 06:18"
"-14.20","","-18.90","48","767","1023","","","","1.50","","ENE","Переменная облачность","2026-01-22 06:19"
"-14.20","","-18.90","48","767","1023","","","","1.60","","ENE","Переменная облачность","2026-01-22 06:20"
"-14.20","","-18.90","48","767","1023","","","","1.10","","ENE","Переменная облачность","2026-01-22 06:21"
"-14.20","","-18.90","48","767","1023","","","","1.10","","ENE","Переменная облачность","2026-01-22 06:22"
"-14.20","","-18.90","48","767","1023","","","","1.10","","ENE","Переменная облачность","2026-01-22 06:23"
"-14.20","","-18.70","48","767","1023","","","","1.20","","ENE","Переменная облачность","2026-01-22 06:24"
"-14.20","","-18.70","48","767","1023","","","","1.20","","ENE","Переменная облачность","2026-01-22 06:25"
"-14.10","","-18.10","48","767","1023","","","","0.50","","ENE","Переменная облачность","2026-01-22 06:26"
"-14.10","","-18.10","48","767","1023","","","","0.50","","ENE","Переменная облачность","2026-01-22 06:27"
"-14.10","","-18.10","48","767","1023","","","","0.90","","ENE","Переменная облачность","2026-01-22 06:28"
"-14.10","","-18.10","48","767","1023","","","","0.60","","ENE","Переменная облачность","2026-01-22 06:29"
"-14.10","","-18.80","48","767","1023","","","","0.90","","ENE","Переменная облачность","2026-01-22 06:30"
"-14.10","","-18.80","48","767","1023","","","","0.90","","ENE","Переменная облачность","2026-01-22 06:31"
"-14.10","","-18.80","48","767","1023","","","","0.90","","ENE","Переменная облачность","2026-01-22 06:32"
"-14.10","","-18.40","48","767","1023","","","","0.40","","ENE","Переменная облачность","2026-01-22 06:33"
"-14.00","","-18.00","48","767","1023","","","","0.40","","ENE","Переменная облачность","2026-01-22 06:34"
"-14.00","","-18.00","48","767","1023","","","","0.60","","ENE","Переменная облачность","2026-01-22 06:35"
"-13.90","","-17.80","48","767","1023","","","","0.40","","ENE","Переменная облачность","2026-01-22 06:36"
"-13.90","","-17.80","48","767","1023","","","","1.70","","ENE","Переменная облачность","2026-01-22 06:37"
"-13.90","","-17.80","48","767","1023","","","","1.70","","ENE","Переменная облачность","2026-01-22 06:38"
"-13.90","","-17.80","48","767","1023","","","","1.10","","ENE","Переменная облачность","2026-01-22 06:39"
"-13.90","","-17.80","48","767","1023","","","","1.20","","ENE","Переменная облачность","2026-01-22 06:40"
"-13.90","","-17.80","48","767","1023","","","","1.20","","ENE","Переменная облачность","2026-01-22 06:41"
"-13.90","","-18.30","48","767","1023","","","","1.00","","ENE","Переменная облачность","2026-01-22 06:42"
"-13.90","","-18.30","48","767","1023","","","","1.00","","ENE","Переменная облачность","2026-01-22 06:43"
"-13.90","","-18.10","48","767","1023","","","","0.70","","ENE","Переменная облачность","2026-01-22 06:44"
"-13.80","","-17.70","48","767","1023","","","","0.40","","ENE","Переменная облачность","2026-01-22 06:45"
"-13.80","","-17.70","48","767","1023","","","","0.60","","ENE","Переменная облачность","2026-01-22 06:46"
"-13.80","","-17.70","48","767","1023","","","","0.60","","ENE","Переменная облачность","2026-01-22 06:47"
"-13.80","","-17.70","48","767","1023","","","","0.60","","ENE","Переменная облачность","2026-01-22 06:48"
"-13.80","","-17.70","48","767","1023","","","","0.50","","ENE","Переменная облачность","2026-01-22 06:49"
"-13.70","","-17.80","48","767","1023","","","","0.60","","ENE","Переменная облачность","2026-01-22 06:50"
"-13.70","","-18.30","48","767","1023","","","","0.70","","ENE","Переменная облачность","2026-01-22 06:51"
"-13.70","","-18.30","48","767","1023","","","","0.70","","ENE","Переменная облачность","2026-01-22 06:52"
"-13.70","","-18.30","48","767","1023","","","","1.20","","ENE","Переменная облачность","2026-01-22 06:53"
"-13.60","","-18.10","48","767","1023","","","","1.00","","ENE","Переменная облачность","2026-01-22 06:54"
"-13.60","","-18.10","48","767","1023","","","","1.90","","ENE","Переменная облачность","2026-01-22 06:55"
"-13.60","","-18.10","48","767","1023","","","","1.90","","ENE","Переменная облачность","2026-01-22 06:56"
"-13.60","","-17.70","48","767","1023","","","","0.70","","ENE","Переменная облачность","2026-01-22 06:57"
"-13.70","","-18.30","48","767","1023","","","","1.30","","ENE","Переменная облачность","2026-01-22 06:58"
"-13.70","","-18.30","48","767","1023","","","","2.40","","ENE","Переменная облачность","2026-01-22 06:59"
"-13.70","","-18.30","48","767","1023","","","","1.20","","ENE","Переменная облачность","2026-01-22 07:00"
"-13.70","","-18.50","48","767","1023","","","","1.60","","ENE","Переменная облачность","2026-01-22 07:01"
"-13.60","","-18.00","48","767","1023","","","","1.00","","ENE","Переменная облачность","2026-01-22 07:02"
"-13.60","","-18.00","48","767","1023","","","","1.20","","ENE","Переменная облачность","2026-01-22 07:03"
"-13.60","","-18.00","48","767","1023","","","","1.20","","ENE","Переменная облачность","2026-01-22 07:04"
"-13.60","","-18.20","48","767","1023","","","","1.30","","ENE","Переменная облачность","2026-01-22 07:05"
"-13.60","","-18.20","48","767","1023","","","","1.30","","ENE","Переменная облачность","2026-01-22 07:06"
"-13.60","","-18.20","48","767","1023","","","","1.30","","ENE","Переменная облачность","2026-01-22 07:07"
"-13.60","","-18.80","48","767","1023","","","","2.20","","ENE","Переменная облачность","2026-01-22 07:08"
"-13.60","","-18.80","48","767","1023","","","","2.20","","ENE","Переменная облачность","2026-01-22 07:09"
"-13.60","","-18.30","48","767","1023","","","","1.50","","ENE","Переменная облачность","2026-01-22 07:10"
"-13.60","","-18.30","48","767","1023","","","","1.50","","ENE","Переменная облачность","2026-01-22 07:11"
"-13.60","","-17.50","48","767","1023","","","","0.40","","ENE","Переменная облачность","2026-01-22 07:12"
"-13.50","","-17.40","48","767","1023","","","","0.40","","ENE","Переменная облачность","2026-01-22 07:13"
"-13.50","","-18.00","48","767","1023","","","","1.20","","ENE","Переменная облачность","2026-01-22 07:14"
"-13.50","","-17.50","48","767","1023","","","","0.50","","ENE","Переменная облачность","2026-01-22 07:15"
"-13.50","","-17.50","48","767","1023","","","","0.50","","ENE","Переменная облачность","2026-01-22 07:16"
"-13.40","","-17.40","48","767","1023","","","","1.20","","ENE","Переменная облачность","2026-01-22 07:17"
"-13.40","","-17.70","48","767","1023","","","","0.90","","ENE","Переменная облачность","2026-01-22 07:18"
"-13.40","","-17.40","48","767","1023","","","","0.70","","NE","Переменная облачность","2026-01-22 07:19"
"-13.40","","-17.40","48","767","1023","","","","0.70","","NE","Переменная облачность","2026-01-22 07:20"
"-13.20","","-17.50","48","767","1023","","","","1.00","","NE","Переменная облачность","2026-01-22 07:21"
"-13.20","","-17.50","48","767","1023","","","","1.00","","NE","Переменная облачность","2026-01-22 07:22"
"-13.20","","-17.70","48","767","1023","","","","1.20","","NE","Переменная облачность","2026-01-22 07:23"
"-13.20","","-17.70","48","767","1023","","","","1.30","","NE","Переменная облачность","2026-01-22 07:24"
"-13.20","","-17.70","48","767","1023","","","","1.80","","NE","Переменная облачность","2026-01-22 07:25"
"-13.20","","-18.10","48","767","1023","","","","0.50","","NE","Переменная облачность","2026-01-22 07:26"
"-13.20","","-17.20","48","767","1023","","","","0.50","","NE","Переменная облачность","2026-01-22 07:27"
"-13.20","","-17.20","48","767","1023","","","","0.50","","NE","Переменная облачность","2026-01-22 07:28"
"-13.20","","-17.10","48","767","1023","","","","0.40","","NE","Переменная облачность","2026-01-22 07:29"
"-13.20","","-17.10","48","767","1023","","","","1.30","","NE","Переменная облачность","2026-01-22 07:30"
"-13.20","","-17.10","48","767","1023","","","","1.00","","NE","Переменная облачность","2026-01-22 07:31"
"-13.20","","-17.70","48","767","1023","","","","1.20","","NE","Переменная облачность","2026-01-22 07:32"
"-13.10","","-17.10","48","767","1023","","","","0.50","","NE","Переменная облачность","2026-01-22 07:33"
"-13.10","","-17.10","48","767","1023","","","","1.00","","NE","Переменная облачность","2026-01-22 07:34"
"-13.10","","-17.10","48","767","1023","","","","1.40","","NE","Переменная облачность","2026-01-22 07:35"
"-13.10","","-17.10","48","767","1023","","","","1.40","","NE","Переменная облачность","2026-01-22 07:36"
"-13.10","","-17.70","48","767","1023","","","","1.30","","NE","Переменная облачность","2026-01-22 07:37"
"-13.10","","-17.70","48","767","1023","","","","1.30","","NE","Переменная облачность","2026-01-22 07:38"
"-13.10","","-17.70","48","767","1023","","","","1.20","","NE","Переменная облачность","2026-01-22 07:39"
"-13.10","","-17.40","48","767","1023","","","","0.90","","NE","Переменная облачность","2026-01-22 07:40"
"-13.10","","-17.20","48","767","1023","","","","0.70","","NE","Переменная облачность","2026-01-22 07:41"
"-13.10","","-17.20","48","767","1023","","","","0.70","","NE","Переменная облачность","2026-01-22 07:42"
"-13.10","","-17.20","48","767","1023","","","","1.00","","NE","Переменная облачность","2026-01-22 07:43"
"-12.90","","-17.20","48","767","1023","","","","1.00","","NE","Переменная облачность","2026-01-22 07:44"
"-12.80","","-17.10","48","767","1023","","","","1.00","","NE","Переменная облачность","2026-01-22 07:45"
"-12.80","","-17.50","48","767","1023","","","","1.50","","NE","Переменная облачность","2026-01-22 07:46"
"-12.70","","-17.20","48","767","1023","","","","1.20","","NE","Переменная облачность","2026-01-22 07:47"
"-12.70","","-17.20","48","767","1023","","","","1.20","","NE","Переменная облачность","2026-01-22 07:48"
"-12.70","","-17.20","48","767","1023","","","","1.20","","NE","Переменная облачность","2026-01-22 07:49"
"-12.70","","-17.60","48","767","1023","","","","1.80","","NE","Переменная облачность","2026-01-22 07:50"
"-12.80","","-17.70","48","767","1023","","","","1.40","","NE","Переменная облачность","2026-01-22 07:51"
"-12.70","","-17.30","48","767","1023","","","","1.20","","NE","Переменная облачность","2026-01-22 07:52"
"-12.70","","-17.20","48","767","1023","","","","1.20","","NE","Переменная облачность","2026-01-22 07:53"
"-12.70","","-17.20","48","767","1023","","","","1.20","","NE","Переменная облачность","2026-01-22 07:54"
"-12.80","","-17.70","48","767","1023","","","","1.80","","NE","Переменная облачность","2026-01-22 07:55"
"-12.80","","-17.70","48","767","1023","","","","1.50","","NE","Переменная облачность","2026-01-22 07:56"
"-12.80","","-17.70","48","767","1023","","","","2.00","","NE","Переменная облачность","2026-01-22 07:57"
"-12.80","","-17.80","48","767","1023","","","","2.40","","NE","Переменная облачность","2026-01-22 07:58"
"-12.80","","-18.10","48","767","1023","","","","2.40","","NE","Переменная облачность","2026-01-22 07:59"
"-12.80","","-17.80","48","767","1023","","","","1.90","","NE","Переменная облачность","2026-01-22 08:00"
"-12.80","","-17.80","48","767","1023","","","","1.90","","NE","Переменная облачность","2026-01-22 08:01"
"-12.80","","-17.60","48","767","1023","","","","1.70","","NE","Переменная облачность","2026-01-22 08:02"
"-12.80","","-17.60","48","767","1023","","","","2.50","","NE","Переменная облачность","2026-01-22 08:03"
"-12.80","","-17.60","48","767","1023","","","","2.50","","NE","Переменная облачность","2026-01-22 08:04"
"-12.80","","-17.60","48","767","1023","","","","2.50","","NE","Переменная облачность","2026-01-22 08:05"
"-12.80","","-17.60","48","767","1023","","","","2.80","","NE","Переменная облачность","2026-01-22 08:06"
"-12.90","","-18.40","48","767","1023","","","","2.70","","NE","Переменная облачность","2026-01-22 08:07"
"-12.90","","-17.60","48","767","1023","","","","1.50","","NE","Переменная облачность","2026-01-22 08:08"
"-12.90","","-17.60","48","767","1023","","","","1.50","","NE","Переменная облачность","2026-01-22 08:09"
"-12.90","","-18.30","48","767","1023","","","","2.50","","NE","Переменная облачность","2026-01-22 08:10"
"-12.90","","-18.30","48","767","1023","","","","2.50","","NE","Переменная облачность","2026-01-22 08:11"
"-12.90","","-17.40","48","767","1023","","","","1.30","","NE","Переменная облачность","2026-01-22 08:12"
"-12.90","","-17.40","48","767","1023","","","","1.30","","NE","Переменная облачность","2026-01-22 08:13"
"-12.90","","-18.60","48","767","1023","","","","2.40","","NE","Переменная облачность","2026-01-22 08:14"
"-12.90","","-18.60","48","767","1023","","","","2.00","","NE","Переменная облачность","2026-01-22 08:15"
"-12.80","","-17.50","48","767","1023","","","","1.50","","NE","Переменная облачность","2026-01-22 08:16"
"-12.80","","-17.50","48","767","1023","","","","1.50","","NE","Переменная облачность","2026-01-22 08:17"
"-12.80","","-17.20","48","767","1023","","","","0.90","","NE","Переменная облачность","2026-01-22 08:18"
"-12.70","","-17.00","48","767","1023","","","","1.80","","NE","Переменная облачность","2026-01-22 08:19"
"-12.70","","-17.00","48","767","1023","","","","1.80","","NE","Переменная облачность","2026-01-22 08:20"
"-12.70","","-17.00","48","767","1023","","","","1.80","","NE","Переменная облачность","2026-01-22 08:21"
"-12.70","","-17.70","48","767","1023","","","","1.90","","NE","Переменная облачность","2026-01-22 08:22"
"-12.70","","-17.70","48","767","1023","","","","1.90","","NE","Переменная облачность","2026-01-22 08:23"
"-12.70","","-17.70","48","767","1023","","","","1.90","","NE","Переменная облачность","2026-01-22 08:24"
"-12.70","","-17.20","48","767","1023","","","","1.20","","NE","Переменная облачность","2026-01-22 08:25"
"-12.70","","-17.20","48","767","1023","","","","1.20","","NE","Переменная облачность","2026-01-22 08:26"
"-12.70","","-17.60","48","767","1023","","","","1.80","","NE","Переменная облачность","2026-01-22 08:27"
"-12.70","","-17.20","48","767","1023","","","","1.20","","NE","Переменная облачность","2026-01-22 08:28"
"-12.70","","-17.20","48","767","1023","","","","1.40","","NE","Переменная облачность","2026-01-22 08:29"
"-12.60","","-16.70","48","767","1023","","","","0.70","","NE","Переменная облачность","2026-01-22 08:30"
"-12.50","","-16.60","48","767","1023","","","","0.70","","NE","Переменная облачность","2026-01-22 08:31"
"-12.50","","-16.60","48","767","1023","","","","0.70","","NE","Переменная облачность","2026-01-22 08:32"
"-12.40","","-16.50","48","767","1023","","","","0.70","","NE","Переменная облачность","2026-01-22 08:33"
"-12.30","","-16.40","48","767","1023","","","","0.70","","NE","Переменная облачность","2026-01-22 08:34"
"-12.30","","-16.40","48","767","1023","","","","0.70","","NE","Переменная облачность","2026-01-22 08:35"
"-12.30","","-16.40","48","767","1023","","","","0.70","","NE","Переменная облачность","2026-01-22 08:36"
"-12.30","","-17.20","48","767","1023","","","","1.80","","NE","Переменная облачность","2026-01-22 08:37"
"-12.30","","-17.20","48","767","1023","","","","1.80","","NE","Переменная облачность","2026-01-22 08:38"
"-12.30","","-17.20","48","767","1023","","","","1.80","","NE","Переменная облачность","2026-01-22 08:39"
"-12.30","","-17.20","48","767","1023","","","","1.80","","NE","Переменная облачность","2026-01-22 08:40"
"-12.30","","-17.20","48","767","1023","","","","1.80","","NE","Переменная облачность","2026-01-22 08:41"
"-12.30","","-17.20","48","767","1023","","","","1.80","","NE","Переменная облачность","2026-01-22 08:42"
"-12.40","","-17.30","48","767","1023","","","","1.80","","NE","Переменная облачность","2026-01-22 08:43"
"-12.40","","-17.30","48","767","1023","","","","1.80","","NE","Переменная облачность","2026-01-22 08:44"
"-12.50","","-17.40","48","767","1023","","","","1.80","","NE","Переменная облачность","2026-01-22 08:45"
"-12.50","","-17.40","48","767","1023","","","","1.80","","NE","Переменная облачность","2026-01-22 08:46"
"-12.50","","-17.40","48","767","1023","","","","1.80","","NE","Переменная облачность","2026-01-22 08:47"
"-12.50","","-17.40","48","767","1023","","","","1.80","","NE","Переменная облачность","2026-01-22 08:48"
"-12.50","","-17.40","48","767","1023","","","","1.80","","NE","Переменная облачность","2026-01-22 08:49"
"-12.50","","-17.40","48","767","1023","","","","1.80","","NE","Переменная облачность","2026-01-22 08:50"
"-12.50","","-17.40","48","767","1023","","","","1.80","","NE","Переменная облачность","2026-01-22 08:51"
"-12.50","","-17.40","48","767","1023","","","","1.80","","NE","Переменная облачность","2026-01-22 08:52"
"-12.50","","-17.40","48","767","1023","","","","1.80","","NE","Переменная облачность","2026-01-22 08:53"
"-12.50","","-17.40","48","767","1023","","","","1.80","","NE","Переменная облачность","2026-01-22 08:54"
"-12.50","","-17.40","48","767","1023","","","","1.80","","NE","Переменная облачность","2026-01-22 08:55"
"-12.50","","-17.40","48","767","1023","","","","1.80","","NE","Переменная облачность","2026-01-22 08:56"
"-12.50","","-17.40","48","767","1023","","","","1.80","","NE","Переменная облачность","2026-01-22 08:57"
"-12.50","","-17.40","48","767","1023","","","","1.80","","NE","Переменная облачность","2026-01-22 08:58"
"-12.50","","-17.40","48","767","1023","","","","1.80","","NE","Переменная облачность","2026-01-22 08:59"
"-12.50","","-17.40","48","767","1023","","","","1.80","","NE","Переменная облачность","2026-01-22 09:00"
"-12.50","","-17.40","48","767","1023","","","","1.80","","NE","Переменная облачность","2026-01-22 09:01"
"-12.50","","-17.40","48","767","1023","","","","1.80","","NE","Переменная облачность","2026-01-22 09:02"
"-12.50","","-17.40","48","767","1023","","","","1.80","","NE","Переменная облачность","2026-01-22 09:03"
"-12.50","","-17.40","48","767","1023","","","","1.80","","NE","Переменная облачность","2026-01-22 09:04"
"-12.50","","-17.40","48","767","1023","","","","1.80","","NE","Переменная облачность","2026-01-22 09:05"
"-12.50","","-17.40","48","767","1023","","","","1.80","","NE","Переменная облачность","2026-01-22 09:06"
"-12.50","","-17.40","48","767","1023","","","","1.80","","NE","Переменная облачность","2026-01-22 09:07"
"-12.50","","-17.40","48","767","1023","","","","1.80","","NE","Переменная облачность","2026-01-22 09:08"
"-12.50","","-17.40","48","767","1023","","","","1.80","","NE","Переменная облачность","2026-01-22 09:09"
"-12.50","","-17.40","48","767","1023","","","","1.80","","NE","Переменная облачность","2026-01-22 09:10"
"-12.40","","-16.50","48","767","1023","","","","0.70","","NE","Переменная облачность","2026-01-22 09:11"
"-12.30","","-16.40","48","767","1023","","","","0.70","","NE","Переменная облачность","2026-01-22 09:12"
"-12.30","","-16.40","48","767","1023","","","","0.70","","NE","Переменная облачность","2026-01-22 09:13"
"-12.30","","-16.40","48","767","1023","","","","0.70","","NE","Переменная облачность","2026-01-22 09:14"
"-12.30","","-16.40","48","767","1023","","","","0.70","","NE","Переменная облачность","2026-01-22 09:15"
"-12.30","","-16.40","48","767","1023","","","","0.70","","NE","Переменная облачность","2026-01-22 09:16"
"-12.30","","-16.40","48","767","1023","","","","0.70","","NE","Переменная облачность","2026-01-22 09:17"
"-12.30","","-16.40","48","767","1023","","","","0.70","","NE","Переменная облачность","2026-01-22 09:18"
"-12.40","","-16.50","48","767","1023","","","","0.70","","NE","Переменная облачность","2026-01-22 09:19"
"-12.40","","-16.50","48","767","1023","","","","0.70","","NE","Переменная облачность","2026-01-22 09:20"
"-12.50","","-16.60","48","766","1022","","","","0.70","","NE","Переменная облачность","2026-01-22 09:21"
"-12.50","","-16.60","48","766","1022","","","","0.70","","NE","Переменная облачность","2026-01-22 09:22"
"-12.50","","-16.60","48","766","1022","","","","0.70","","NE","Переменная облачность","2026-01-22 09:23"
"-12.50","","-16.60","48","766","1022","","","","0.70","","NE","Переменная облачность","2026-01-22 09:24"
"-12.50","","-16.60","48","766","1022","","","","0.70","","NE","Переменная облачность","2026-01-22 09:25"
"-12.50","","-16.60","48","766","1022","","","","0.70","","NE","Переменная облачность","2026-01-22 09:26"
"-12.50","","-16.60","48","766","1022","","","","0.70","","NE","Переменная облачность","2026-01-22 09:27"
"-12.60","","-16.70","48","766","1022","","","","0.70","","NE","Переменная облачность","2026-01-22 09:28"
"-12.60","","-16.70","48","766","1022","","","","0.70","","NE","Переменная облачность","2026-01-22 09:29"
"-12.60","","-16.70","48","766","1022","","","","0.70","","NE","Переменная облачность","2026-01-22 09:30"
"-12.60","","-16.70","48","766","1022","","","","0.70","","NE","Переменная облачность","2026-01-22 09:31"
"-12.60","","-16.70","48","766","1022","","","","0.70","","NE","Переменная облачность","2026-01-22 09:32"
"-12.60","","-16.70","48","766","1022","","","","0.70","","NE","Переменная облачность","2026-01-22 09:33"
"-12.60","","-16.70","48","766","1022","","","","0.70","","NE","Переменная облачность","2026-01-22 09:34"
"-12.60","","-16.70","48","766","1022","","","","0.70","","NE","Переменная облачность","2026-01-22 09:35"
"-12.60","","-16.70","48","766","1022","","","","0.70","","NE","Переменная облачность","2026-01-22 09:36"
"-12.60","","-16.70","48","766","1022","","","","0.70","","NE","Переменная облачность","2026-01-22 09:37"
"-12.50","","-16.60","48","766","1022","","","","0.70","","NE","Переменная облачность","2026-01-22 09:38"
"-12.50","","-16.60","48","766","1022","","","","0.70","","NE","Переменная облачность","2026-01-22 09:39"
"-12.50","","-16.60","48","766","1022","","","","0.70","","NE","Переменная облачность","2026-01-22 09:40"
"-12.50","","-16.60","48","766","1022","","","","0.70","","NE","Переменная облачность","2026-01-22 09:41"
"-12.50","","-16.60","48","766","1022","","","","0.70","","NE","Переменная облачность","2026-01-22 09:42"
"-12.50","","-16.60","48","766","1022","","","","0.70","","NE","Переменная облачность","2026-01-22 09:43"
"-12.50","","-16.60","48","766","1022","","","","0.70","","NE","Переменная облачность","2026-01-22 09:44"
"-12.40","","-16.50","48","766","1022","","","","0.70","","NE","Переменная облачность","2026-01-22 09:45"
"-12.40","","-16.50","48","766","1022","","","","0.70","","NE","Переменная облачность","2026-01-22 09:46"
"-12.40","","-16.50","48","766","1022","","","","0.70","","NE","Переменная облачность","2026-01-22 09:47"
"-12.40","","-16.50","48","766","1022","","","","0.70","","NE","Переменная облачность","2026-01-22 09:48"
"-12.40","","-16.50","48","766","1022","","","","0.70","","NE","Переменная облачность","2026-01-22 09:49"
"-12.30","","-16.40","48","766","1022","","","","0.70","","NE","Переменная облачность","2026-01-22 09:50"
"-12.30","","-16.40","48","767","1023","","","","0.70","","NE","Переменная облачность","2026-01-22 09:51"
"-12.30","","-16.40","48","767","1023","","","","0.70","","NE","Переменная облачность","2026-01-22 09:52"
"-12.30","","-16.40","48","767","1023","","","","0.70","","NE","Переменная облачность","2026-01-22 09:53"
"-12.30","","-16.40","48","767","1023","","","","0.70","","NE","Переменная облачность","2026-01-22 09:54"
"-12.30","","-16.40","48","767","1023","","","","0.70","","NE","Переменная облачность","2026-01-22 09:55"
"-12.30","","-16.40","48","767","1023","","","","0.70","","NE","Переменная облачность","2026-01-22 09:56"
"-12.30","","-16.40","48","767","1023","","","","0.70","","NE","Переменная облачность","2026-01-22 09:57"
"-12.10","","-16.20","48","767","1023","","","","0.70","","NE","Переменная облачность","2026-01-22 09:58"
"-12.10","","-16.20","48","767","1023","","","","0.70","","NE","Переменная облачность","2026-01-22 09:59"
"-12.10","","-16.20","48","767","1023","","","","0.70","","NE","Переменная облачность","2026-01-22 10:00"
"-12.10","","-16.20","48","767","1023","","","","0.70","","NE","Переменная облачность","2026-01-22 10:01"
"-12.10","","-16.20","48","767","1023","","","","0.70","","NE","Переменная облачность","2026-01-22 10:02"
"-12.10","","-16.20","48","767","1023","","","","0.70","","NE","Переменная облачность","2026-01-22 10:03"
"-12.10","","-16.20","48","767","1023","","","","0.70","","NE","Переменная облачность","2026-01-22 10:04"
"-12.10","","-16.80","48","767","1023","","","","1.60","","NE","Переменная облачность","2026-01-22 10:05"
"-12.10","","-16.80","48","767","1023","","","","1.60","","NE","Переменная облачность","2026-01-22 10:06"
"-12.00","","-16.70","48","766","1022","","","","1.60","","NE","Переменная облачность","2026-01-22 10:07"
"-12.10","","-16.80","48","766","1022","","","","1.60","","NE","Переменная облачность","2026-01-22 10:08"
"-12.10","","-16.80","48","766","1022","","","","1.60","","NE","Переменная облачность","2026-01-22 10:09"
"-12.10","","-16.80","48","766","1022","","","","1.60","","NE","Переменная облачность","2026-01-22 10:10"
"-12.10","","-16.80","48","766","1022","","","","1.60","","NE","Переменная облачность","2026-01-22 10:11"
"-12.10","","-16.80","48","766","1022","","","","1.60","","NE","Переменная облачность","2026-01-22 10:12"
"-12.10","","-16.80","48","766","1022","","","","1.60","","NE","Переменная облачность","2026-01-22 10:13"
"-12.30","","-17.00","48","766","1022","","","","2.10","","NE","Переменная облачность","2026-01-22 10:14"
"-12.30","","-17.40","48","766","1022","","","","2.10","","NE","Переменная облачность","2026-01-22 10:15"
"-12.30","","-17.40","48","766","1022","","","","2.10","","NE","Переменная облачность","2026-01-22 10:16"
"-12.30","","-17.40","48","766","1022","","","","2.10","","NE","Переменная облачность","2026-01-22 10:17"
"-12.30","","-17.40","48","766","1022","","","","2.10","","NE","Переменная облачность","2026-01-22 10:18"
"-12.30","","-17.40","48","766","1022","","","","2.10","","NE","Переменная облачность","2026-01-22 10:19"
"-12.50","","-17.60","48","766","1022","","","","2.10","","NE","Переменная облачность","2026-01-22 10:20"
"-12.50","","-17.60","48","766","1022","","","","2.10","","NE","Переменная облачность","2026-01-22 10:21"
"-12.50","","-17.60","48","766","1022","","","","2.10","","NE","Переменная облачность","2026-01-22 10:22"
"-12.60","","-17.70","48","766","1022","","","","2.10","","NE","Переменная облачность","2026-01-22 10:23"
"-12.50","","-17.60","48","766","1022","","","","2.10","","NE","Переменная облачность","2026-01-22 10:24"
"-12.50","","-17.60","48","766","1022","","","","2.10","","NE","Переменная облачность","2026-01-22 10:25"
"-12.50","","-17.60","48","766","1022","","","","2.10","","NE","Переменная облачность","2026-01-22 10:26"
"-12.50","","-17.60","48","766","1022","","","","2.10","","NE","Переменная облачность","2026-01-22 10:27"
"-12.40","","-17.50","48","766","1022","","","","2.10","","NE","Переменная облачность","2026-01-22 10:28"
"-12.40","","-17.50","48","766","1022","","","","2.10","","NE","Переменная облачность","2026-01-22 10:29"
"-12.40","","-17.50","48","766","1022","","","","2.10","","NE","Переменная облачность","2026-01-22 10:30"
"-12.40","","-17.50","48","766","1022","","","","2.10","","NE","Переменная облачность","2026-01-22 10:31"
"-12.50","","-17.60","48","766","1022","","","","2.10","","NE","Переменная облачность","2026-01-22 10:32"
"-12.50","","-17.60","48","766","1022","","","","2.10","","NE","Переменная облачность","2026-01-22 10:33"
"-12.50","","-17.60","48","766","1022","","","","2.10","","NE","Переменная облачность","2026-01-22 10:34"
"-12.60","","-17.70","48","766","1022","","","","2.10","","NE","Переменная облачность","2026-01-22 10:35"
"-12.60","","-17.70","48","766","1022","","","","2.10","","NE","Переменная облачность","2026-01-22 10:36"
"-12.60","","-17.70","48","766","1022","","","","2.10","","NE","Переменная облачность","2026-01-22 10:37"
"-12.60","","-17.70","48","766","1022","","","","2.10","","NE","Переменная облачность","2026-01-22 10:38"
"-12.70","","-17.80","48","766","1022","","","","2.10","","NE","Переменная облачность","2026-01-22 10:39"
"-12.70","","-17.80","48","766","1022","","","","2.10","","NE","Переменная облачность","2026-01-22 10:40"
"-12.70","","-17.80","48","766","1022","","","","2.10","","NE","Переменная облачность","2026-01-22 10:41"
"-12.70","","-17.80","48","766","1022","","","","2.10","","NE","Переменная облачность","2026-01-22 10:42"
"-12.60","","-17.70","48","766","1022","","","","2.10","","NE","Переменная облачность","2026-01-22 10:43"
"-12.60","","-17.70","48","766","1022","","","","2.10","","NE","Переменная облачность","2026-01-22 10:44"
"-12.70","","-17.80","48","766","1022","","","","2.10","","NE","Переменная облачность","2026-01-22 10:45"
"-12.70","","-17.80","48","766","1022","","","","2.10","","NE","Переменная облачность","2026-01-22 10:46"
"-12.70","","-17.80","48","766","1022","","","","2.10","","NE","Переменная облачность","2026-01-22 10:47"
"-12.70","","-17.80","48","766","1022","","","","2.10","","NE","Переменная облачность","2026-01-22 10:48"
"-12.70","","-17.80","48","766","1022","","","","2.10","","NE","Переменная облачность","2026-01-22 10:49"
"-12.70","","-17.80","48","766","1022","","","","2.10","","NE","Переменная облачность","2026-01-22 10:50"
"-12.70","","-17.80","48","767","1023","","","","2.10","","NE","Переменная облачность","2026-01-22 10:51"
"-12.70","","-17.80","48","767","1023","","","","2.10","","NE","Переменная облачность","2026-01-22 10:52"
"-12.60","","-16.70","48","767","1023","","","","0.60","","NE","Переменная облачность","2026-01-22 10:53"
"-12.60","","-16.70","48","767","1023","","","","0.60","","NE","Переменная облачность","2026-01-22 10:54"
"-12.60","","-16.70","48","767","1023","","","","0.60","","NE","Переменная облачность","2026-01-22 10:55"
"-12.60","","-16.70","48","767","1023","","","","1.40","","NE","Переменная облачность","2026-01-22 10:56"
"-12.50","","-17.10","48","767","1023","","","","1.40","","NE","Переменная облачность","2026-01-22 10:57"
"-12.50","","-17.10","48","767","1023","","","","1.40","","NE","Переменная облачность","2026-01-22 10:58"
"-12.50","","-17.10","48","767","1023","","","","1.40","","NE","Переменная облачность","2026-01-22 10:59"
"-12.60","","-17.20","48","767","1023","","","","1.40","","NE","Переменная облачность","2026-01-22 11:00"
"-12.60","","-17.20","48","767","1023","","","","1.40","","NE","Переменная облачность","2026-01-22 11:01"
"-12.60","","-17.60","48","767","1023","","","","1.90","","NE","Переменная облачность","2026-01-22 11:02"
"-12.60","","-17.60","48","767","1023","","","","1.90","","NE","Переменная облачность","2026-01-22 11:03"
"-12.60","","-16.90","48","767","1023","","","","0.90","","NE","Переменная облачность","2026-01-22 11:04"
"-12.60","","-16.90","48","767","1023","","","","0.90","","NE","Переменная облачность","2026-01-22 11:05"
"-12.60","","-16.90","48","767","1023","","","","0.90","","NE","Переменная облачность","2026-01-22 11:06"
"-12.50","","-16.80","48","767","1023","","","","0.90","","NE","Переменная облачность","2026-01-22 11:07"
"-12.60","","-17.10","48","767","1023","","","","1.20","","NE","Переменная облачность","2026-01-22 11:08"
"-12.60","","-17.10","48","767","1023","","","","1.20","","NE","Переменная облачность","2026-01-22 11:09"
"-12.60","","-17.10","48","767","1023","","","","1.20","","NE","Переменная облачность","2026-01-22 11:10"
"-12.60","","-17.10","48","767","1023","","","","1.20","","NE","Переменная облачность","2026-01-22 11:11"
"-12.60","","-17.10","48","767","1023","","","","1.20","","NE","Переменная облачность","2026-01-22 11:12"
"-12.60","","-17.10","48","767","1023","","","","1.60","","NE","Переменная облачность","2026-01-22 11:13"
"-12.60","","-17.40","48","767","1023","","","","1.60","","NE","Переменная облачность","2026-01-22 11:14"
"-12.60","","-17.40","48","767","1023","","","","1.50","","NE","Переменная облачность","2026-01-22 11:15"
"-12.60","","-17.10","48","767","1023","","","","1.30","","NE","Переменная облачность","2026-01-22 11:16"
"-12.60","","-17.10","48","767","1023","","","","1.30","","NE","Переменная облачность","2026-01-22 11:17"
"-12.60","","-17.20","48","767","1023","","","","1.40","","NE","Переменная облачность","2026-01-22 11:18"
"-12.60","","-17.20","48","767","1023","","","","1.00","","NE","Переменная облачность","2026-01-22 11:19"
"-12.60","","-17.20","48","767","1023","","","","1.80","","NE","Переменная облачность","2026-01-22 11:20"
"-12.60","","-17.50","48","766","1022","","","","1.80","","NE","Переменная облачность","2026-01-22 11:21"
"-12.60","","-17.10","48","766","1022","","","","1.30","","NE","Переменная облачность","2026-01-22 11:22"
"-12.60","","-16.60","48","766","1022","","","","0.50","","NE","Переменная облачность","2026-01-22 11:23"
"-12.50","","-16.10","48","766","1022","","","","0.00","","NE","Переменная облачность","2026-01-22 11:24"
"-12.50","","-16.10","48","766","1022","","","","0.90","","NE","Переменная облачность","2026-01-22 11:25"
"-12.50","","-16.80","48","766","1022","","","","0.90","","NE","Переменная облачность","2026-01-22 11:26"
"-12.40","","-16.40","48","766","1022","","","","0.50","","NE","Переменная облачность","2026-01-22 11:27"
"-12.40","","-16.80","48","766","1022","","","","1.10","","NE","Переменная облачность","2026-01-22 11:28"
"-12.40","","-16.80","48","766","1022","","","","1.70","","NE","Переменная облачность","2026-01-22 11:29"
"-12.50","","-17.30","48","766","1022","","","","1.50","","NE","Переменная облачность","2026-01-22 11:30"
"-12.60","","-16.60","48","766","1022","","","","0.50","","NE","Переменная облачность","2026-01-22 11:31"
"-12.60","","-17.40","48","766","1022","","","","1.70","","NE","Переменная облачность","2026-01-22 11:32"
"-12.60","","-17.40","48","766","1022","","","","1.70","","NE","Переменная облачность","2026-01-22 11:33"
"-12.60","","-16.90","48","766","1022","","","","0.90","","NE","Переменная облачность","2026-01-22 11:34"
"-12.60","","-17.10","48","766","1022","","","","1.20","","NE","Переменная облачность","2026-01-22 11:35"
"-12.60","","-17.10","48","766","1022","","","","1.20","","NE","Небольшая облачность","2026-01-22 11:36"
"-12.60","","-17.30","48","767","1023","","","","1.20","","NE","Небольшая облачность","2026-01-22 11:37"
"-12.60","","-17.30","48","767","1023","","","","1.20","","NE","Небольшая облачность","2026-01-22 11:38"
"-12.60","","-17.60","48","767","1023","","","","1.90","","NE","Небольшая облачность","2026-01-22 11:39"
"-12.60","","-16.70","48","767","1023","","","","0.70","","NE","Небольшая облачность","2026-01-22 11:40"
"-12.60","","-16.70","48","767","1023","","","","0.70","","NE","Небольшая облачность","2026-01-22 11:41"
"-12.60","","-16.70","48","767","1023","","","","0.90","","NE","Небольшая облачность","2026-01-22 11:42"
"-12.60","","-17.00","48","767","1023","","","","1.60","","NE","Небольшая облачность","2026-01-22 11:43"
"-12.60","","-17.00","48","767","1023","","","","1.60","","NE","Небольшая облачность","2026-01-22 11:44"
"-12.60","","-16.70","48","767","1023","","","","1.30","","NE","Небольшая облачность","2026-01-22 11:45"
"-12.70","","-17.20","48","767","1023","","","","1.20","","NE","Небольшая облачность","2026-01-22 11:46"
"-12.70","","-17.20","48","767","1023","","","","1.50","","NE","Небольшая облачность","2026-01-22 11:47"
"-12.70","","-17.20","48","767","1023","","","","1.50","","NE","Небольшая облачность","2026-01-22 11:48"
"-12.70","","-17.10","48","767","1023","","","","1.10","","NE","Небольшая облачность","2026-01-22 11:49"
"-12.70","","-17.10","48","767","1023","","","","2.10","","NE","Небольшая облачность","2026-01-22 11:50"
"-12.70","","-16.80","48","766","1022","","","","0.60","","NE","Небольшая облачность","2026-01-22 11:51"
"-12.70","","-16.80","48","766","1022","","","","0.90","","NE","Небольшая облачность","2026-01-22 11:52"
"-12.70","","-17.00","48","766","1022","","","","0.70","","NE","Небольшая облачность","2026-01-22 11:53"
"-12.70","","-17.00","48","766","1022","","","","0.70","","NE","Небольшая облачность","2026-01-22 11:54"
"-12.70","","-17.10","48","766","1022","","","","1.10","","NE","Небольшая облачность","2026-01-22 11:55"
"-12.70","","-17.10","48","766","1022","","","","1.10","","NE","Небольшая облачность","2026-01-22 11:56"
"-12.70","","-16.80","48","766","1022","","","","0.60","","NE","Небольшая облачность","2026-01-22 11:57"
"-12.70","","-16.80","48","766","1022","","","","0.40","","NE","Небольшая облачность","2026-01-22 11:58"
"-12.70","","-17.00","48","766","1022","","","","1.00","","NE","Небольшая облачность","2026-01-22 11:59"
"-12.70","","-17.00","48","766","1022","","","","1.20","","NE","Небольшая облачность","2026-01-22 12:00"
"-12.70","","-17.00","48","766","1022","","","","0.90","","NE","Небольшая облачность","2026-01-22 12:01"
"-12.70","","-17.00","48","766","1022","","","","2.10","","NE","Небольшая облачность","2026-01-22 12:02"
"-12.70","","-17.00","48","766","1022","","","","1.10","","NE","Небольшая облачность","2026-01-22 12:03"
"-12.70","","-17.00","48","766","1022","","","","1.20","","NE","Небольшая облачность","2026-01-22 12:04"
"-12.70","","-17.00","48","766","1022","","","","1.20","","NE","Небольшая облачность","2026-01-22 12:05"
"-12.70","","-17.00","48","766","1022","","","","0.90","","NE","Переменная облачность","2026-01-22 12:06"
"-12.70","","-17.00","48","766","1022","","","","0.60","","NE","Переменная облачность","2026-01-22 12:07"
"-12.70","","-17.00","48","766","1022","","","","0.60","","NE","Переменная облачность","2026-01-22 12:08"
"-12.90","","-18.00","48","766","1022","","","","2.20","","NE","Переменная облачность","2026-01-22 12:09"
"-13.00","","-18.20","48","766","1022","","","","2.20","","NE","Переменная облачность","2026-01-22 12:10"
"-13.00","","-18.50","48","766","1022","","","","2.60","","NE","Переменная облачность","2026-01-22 12:11"
"-13.00","","-18.50","48","766","1022","","","","2.60","","NE","Переменная облачность","2026-01-22 12:12"
"-13.00","","-18.50","48","766","1022","","","","1.30","","NE","Переменная облачность","2026-01-22 12:13"
"-13.00","","-18.50","48","766","1022","","","","1.30","","NE","Переменная облачность","2026-01-22 12:14"
"-13.00","","-17.30","48","766","1022","","","","0.50","","NE","Переменная облачность","2026-01-22 12:15"
"-13.00","","-17.00","48","766","1022","","","","2.00","","NE","Переменная облачность","2026-01-22 12:16"
"-13.00","","-18.00","48","766","1022","","","","2.00","","NE","Переменная облачность","2026-01-22 12:17"
"-13.00","","-18.00","48","766","1022","","","","2.00","","NE","Переменная облачность","2026-01-22 12:18"
"-13.10","","-18.30","48","766","1022","","","","2.40","","NE","Переменная облачность","2026-01-22 12:19"
"-13.10","","-18.30","48","766","1022","","","","1.10","","NE","Переменная облачность","2026-01-22 12:20"
"-13.10","","-18.30","48","767","1023","","","","1.20","","NE","Переменная облачность","2026-01-22 12:21"
"-13.10","","-17.60","48","767","1023","","","","1.30","","NE","Переменная облачность","2026-01-22 12:22"
"-13.10","","-17.70","48","767","1023","","","","0.70","","NE","Переменная облачность","2026-01-22 12:23"
"-13.00","","-17.30","48","767","1023","","","","1.00","","NE","Переменная облачность","2026-01-22 12:24"
"-13.00","","-17.30","48","767","1023","","","","1.40","","NE","Переменная облачность","2026-01-22 12:25"
"-13.00","","-17.30","48","767","1023","","","","1.70","","NE","Переменная облачность","2026-01-22 12:26"
"-13.10","","-17.50","48","767","1023","","","","1.10","","NE","Переменная облачность","2026-01-22 12:27"
"-13.10","","-17.50","48","767","1023","","","","1.10","","NE","Переменная облачность","2026-01-22 12:28"
"-13.10","","-17.50","48","767","1023","","","","1.10","","NE","Переменная облачность","2026-01-22 12:29"
"-13.10","","-17.50","48","767","1023","","","","1.10","","NE","Переменная облачность","2026-01-22 12:30"
"-13.10","","-17.50","48","767","1023","","","","1.20","","NE","Переменная облачность","2026-01-22 12:31"
"-13.10","","-17.50","48","767","1023","","","","1.20","","NE","Переменная облачность","2026-01-22 12:32"
"-13.10","","-17.50","48","767","1023","","","","1.40","","NE","Переменная облачность","2026-01-22 12:33"
"-13.10","","-17.70","48","767","1023","","","","1.30","","NE","Переменная облачность","2026-01-22 12:34"
"-13.10","","-17.70","48","767","1023","","","","1.00","","NE","Переменная облачность","2026-01-22 12:35"
"-13.10","","-17.40","48","767","1023","","","","0.90","","NE","Переменная облачность","2026-01-22 12:36"
"-13.10","","-17.40","48","767","1023","","","","0.60","","NE","Переменная облачность","2026-01-22 12:37"
"-13.10","","-17.20","48","767","1023","","","","1.10","","NE","Переменная облачность","2026-01-22 12:38"
"-13.10","","-17.70","48","767","1023","","","","1.40","","NE","Переменная облачность","2026-01-22 12:39"
"-13.10","","-17.40","48","767","1023","","","","1.00","","NE","Переменная облачность","2026-01-22 12:40"
"-13.10","","-17.40","48","767","1023","","","","1.00","","NE","Переменная облачность","2026-01-22 12:41"
"-13.10","","-17.70","48","767","1023","","","","1.30","","NE","Переменная облачность","2026-01-22 12:42"
"-13.10","","-17.60","48","767","1023","","","","1.20","","NE","Переменная облачность","2026-01-22 12:43"
"-13.10","","-17.60","48","767","1023","","","","1.30","","NE","Переменная облачность","2026-01-22 12:44"
"-13.10","","-17.70","48","767","1023","","","","1.30","","NE","Переменная облачность","2026-01-22 12:45"
"-13.10","","-17.70","48","767","1023","","","","1.30","","NE","Переменная облачность","2026-01-22 12:46"
"-13.10","","-17.40","48","767","1023","","","","1.20","","NE","Переменная облачность","2026-01-22 12:47"
"-13.10","","-17.40","48","767","1023","","","","1.10","","NE","Переменная облачность","2026-01-22 12:48"
"-13.10","","-17.20","48","767","1023","","","","0.70","","NE","Переменная облачность","2026-01-22 12:49"
"-13.10","","-17.80","48","767","1023","","","","1.50","","NE","Переменная облачность","2026-01-22 12:50"
"-13.10","","-17.80","48","767","1023","","","","1.50","","NE","Переменная облачность","2026-01-22 12:51"
"-13.10","","-17.80","48","766","1022","","","","1.50","","NE","Переменная облачность","2026-01-22 12:52"
"-13.10","","-17.80","48","766","1022","","","","1.50","","NE","Переменная облачность","2026-01-22 12:53"
"-13.20","","-18.00","48","766","1022","","","","1.50","","NE","Переменная облачность","2026-01-22 12:54"
"-13.10","","-17.40","48","766","1022","","","","0.90","","NE","Переменная облачность","2026-01-22 12:55"
"-13.10","","-17.40","48","766","1022","","","","1.00","","NE","Переменная облачность","2026-01-22 12:56"
"-13.10","","-17.40","48","766","1022","","","","1.00","","NE","Переменная облачность","2026-01-22 12:57"
"-13.10","","-17.40","48","766","1022","","","","1.40","","NE","Переменная облачность","2026-01-22 12:58"
"-13.10","","-17.20","48","766","1022","","","","0.60","","NE","Переменная облачность","2026-01-22 12:59"
"-13.10","","-17.20","48","766","1022","","","","0.60","","NE","Переменная облачность","2026-01-22 13:00"
"-13.20","","-18.20","48","766","1022","","","","2.00","","NE","Переменная облачность","2026-01-22 13:01"
"-13.20","","-18.50","48","766","1022","","","","2.40","","NE","Переменная облачность","2026-01-22 13:02"
"-13.20","","-18.50","48","766","1022","","","","1.30","","NE","Переменная облачность","2026-01-22 13:03"
"-13.20","","-17.80","48","766","1022","","","","1.30","","NE","Переменная облачность","2026-01-22 13:04"
"-13.20","","-17.80","48","766","1022","","","","1.10","","NE","Переменная облачность","2026-01-22 13:05"
"-13.20","","-17.80","48","766","1022","","","","1.10","","NE","Переменная облачность","2026-01-22 13:06"
"-13.20","","-17.80","48","767","1023","","","","1.30","","NE","Переменная облачность","2026-01-22 13:07"
"-13.20","","-17.80","48","767","1023","","","","1.30","","NE","Переменная облачность","2026-01-22 13:08"
"-13.20","","-17.20","48","767","1023","","","","0.50","","NE","Переменная облачность","2026-01-22 13:09"
"-13.20","","-17.20","48","767","1023","","","","1.20","","NE","Переменная облачность","2026-01-22 13:10"
"-13.20","","-17.50","48","767","1023","","","","1.00","","NE","Переменная облачность","2026-01-22 13:11"
"-13.20","","-17.70","48","767","1023","","","","1.20","","NE","Переменная облачность","2026-01-22 13:12"
"-13.20","","-17.30","48","767","1023","","","","0.70","","NE","Переменная облачность","2026-01-22 13:13"
"-13.20","","-17.20","48","767","1023","","","","0.50","","NE","Переменная облачность","2026-01-22 13:14"
"-13.20","","-17.30","48","767","1023","","","","0.60","","NE","Переменная облачность","2026-01-22 13:15"
"-13.20","","-17.50","48","767","1023","","","","1.00","","NE","Переменная облачность","2026-01-22 13:16"
"-13.20","","-17.30","48","767","1023","","","","0.60","","NE","Переменная облачность","2026-01-22 13:17"
"-13.20","","-17.30","48","767","1023","","","","0.60","","NE","Переменная облачность","2026-01-22 13:18"
"-13.20","","-17.80","48","767","1023","","","","1.30","","NE","Переменная облачность","2026-01-22 13:19"
"-13.20","","-17.20","48","767","1023","","","","0.50","","NE","Переменная облачность","2026-01-22 13:20"
"-13.20","","-17.20","48","766","1022","","","","0.00","","NE","Переменная облачность","2026-01-22 13:21"
"-13.20","","-18.10","48","766","1022","","","","1.80","","NE","Переменная облачность","2026-01-22 13:22"
"-13.20","","-18.10","48","766","1022","","","","1.80","","NE","Переменная облачность","2026-01-22 13:23"
"-13.20","","-17.50","48","766","1022","","","","0.90","","NE","Переменная облачность","2026-01-22 13:24"
"-13.20","","-17.60","48","766","1022","","","","1.10","","NE","Переменная облачность","2026-01-22 13:25"
"-13.20","","-17.10","48","766","1022","","","","0.40","","NE","Переменная облачность","2026-01-22 13:26"
"-13.20","","-17.10","48","766","1022","","","","0.40","","NE","Переменная облачность","2026-01-22 13:27"
"-13.20","","-17.50","48","766","1022","","","","0.90","","NE","Переменная облачность","2026-01-22 13:28"
"-13.20","","-17.50","48","766","1022","","","","0.90","","NE","Переменная облачность","2026-01-22 13:29"
"-13.20","","-17.50","48","766","1022","","","","1.10","","NE","Переменная облачность","2026-01-22 13:30"
"-13.20","","-17.50","48","766","1022","","","","1.10","","NE","Переменная облачность","2026-01-22 13:31"
"-13.30","","-17.80","48","766","1022","","","","1.20","","NE","Переменная облачность","2026-01-22 13:32"
"-13.30","","-18.20","48","766","1022","","","","1.80","","NE","Переменная облачность","2026-01-22 13:33"
"-13.30","","-17.40","48","766","1022","","","","0.60","","NE","Переменная облачность","2026-01-22 13:34"
"-13.40","","-17.50","48","766","1022","","","","1.20","","NE","Переменная облачность","2026-01-22 13:35"
"-13.40","","-17.50","48","766","1022","","","","1.20","","NE","Переменная облачность","2026-01-22 13:36"
"-13.40","","-17.90","48","767","1023","","","","2.20","","NE","Переменная облачность","2026-01-22 13:37"
"-13.40","","-18.60","48","767","1023","","","","1.50","","NE","Переменная облачность","2026-01-22 13:38"
"-13.40","","-17.80","48","767","1023","","","","1.00","","NE","Переменная облачность","2026-01-22 13:39"
"-13.40","","-17.80","48","767","1023","","","","1.50","","NE","Переменная облачность","2026-01-22 13:40"
"-13.40","","-17.50","48","767","1023","","","","0.60","","NE","Переменная облачность","2026-01-22 13:41"
"-13.40","","-17.50","48","767","1023","","","","0.60","","NE","Переменная облачность","2026-01-22 13:42"
"-13.40","","-18.00","48","767","1023","","","","1.30","","NE","Переменная облачность","2026-01-22 13:43"
"-13.40","","-17.90","48","767","1023","","","","1.20","","NE","Переменная облачность","2026-01-22 13:44"
"-13.40","","-17.90","48","767","1023","","","","1.20","","NE","Переменная облачность","2026-01-22 13:45"
"-13.40","","-17.50","48","767","1023","","","","0.60","","NE","Переменная облачность","2026-01-22 13:46"
"-13.40","","-17.30","48","767","1023","","","","0.40","","NE","Переменная облачность","2026-01-22 13:47"
"-13.40","","-17.50","48","767","1023","","","","0.60","","NE","Переменная облачность","2026-01-22 13:48"
"-13.40","","-17.50","48","767","1023","","","","0.50","","NE","Переменная облачность","2026-01-22 13:49"
"-13.40","","-17.40","48","767","1023","","","","0.50","","NE","Переменная облачность","2026-01-22 13:50"
"-13.40","","-17.40","48","767","1023","","","","0.50","","NE","Переменная облачность","2026-01-22 13:51"
"-13.40","","-17.80","48","767","1023","","","","1.10","","NE","Переменная облачность","2026-01-22 13:52"
"-13.40","","-17.80","48","767","1023","","","","0.90","","NE","Переменная облачность","2026-01-22 13:53"
"-13.40","","-17.80","48","767","1023","","","","0.90","","NE","Переменная облачность","2026-01-22 13:54"
"-13.40","","-17.50","48","767","1023","","","","0.70","","NE","Переменная облачность","2026-01-22 13:55"
"-13.40","","-17.50","48","767","1023","","","","0.70","","NE","Переменная облачность","2026-01-22 13:56"
"-13.40","","-17.50","48","767","1023","","","","0.90","","NE","Переменная облачность","2026-01-22 13:57"
"-13.40","","-18.00","48","767","1023","","","","1.30","","NE","Переменная облачность","2026-01-22 13:58"
"-13.40","","-18.00","48","767","1023","","","","1.30","","NE","Переменная облачность","2026-01-22 13:59"
"-13.40","","-17.50","48","767","1023","","","","1.10","","NE","Переменная облачность","2026-01-22 14:00"
"-13.40","","-18.50","48","767","1023","","","","2.10","","NE","Переменная облачность","2026-01-22 14:01"
"-13.40","","-18.00","48","767","1023","","","","1.30","","NE","Переменная облачность","2026-01-22 14:02"
"-13.40","","-17.40","48","767","1023","","","","0.50","","NE","Переменная облачность","2026-01-22 14:03"
"-13.40","","-17.40","48","767","1023","","","","0.50","","NE","Переменная облачность","2026-01-22 14:04"
"-13.40","","-17.50","48","767","1023","","","","0.60","","NE","Переменная облачность","2026-01-22 14:05"
"-13.40","","-17.50","48","767","1023","","","","0.70","","NE","Переменная облачность","2026-01-22 14:06"
"-13.30","","-17.00","48","767","1023","","","","0.00","","NE","Переменная облачность","2026-01-22 14:07"
"-13.30","","-17.70","48","767","1023","","","","1.00","","NE","Переменная облачность","2026-01-22 14:08"
"-13.30","","-17.70","48","767","1023","","","","1.00","","NE","Переменная облачность","2026-01-22 14:09"
"-13.30","","-17.70","48","767","1023","","","","1.00","","NE","Переменная облачность","2026-01-22 14:10"
"-13.30","","-17.70","48","767","1023","","","","1.00","","NE","Переменная облачность","2026-01-22 14:11"
"-13.40","","-17.80","48","767","1023","","","","1.00","","NE","Переменная облачность","2026-01-22 14:12"
"-13.40","","-17.80","48","767","1023","","","","1.00","","NE","Переменная облачность","2026-01-22 14:13"
"-13.40","","-17.80","48","767","1023","","","","1.00","","NE","Переменная облачность","2026-01-22 14:14"
"-13.40","","-17.80","48","767","1023","","","","0.40","","NE","Переменная облачность","2026-01-22 14:15"
"-13.40","","-17.80","48","767","1023","","","","0.40","","NE","Переменная облачность","2026-01-22 14:16"
"-13.40","","-17.50","48","767","1023","","","","0.40","","NE","Переменная облачность","2026-01-22 14:17"
"-13.40","","-18.20","48","767","1023","","","","1.60","","NE","Переменная облачность","2026-01-22 14:18"
"-13.40","","-17.80","48","767","1023","","","","1.10","","NE","Переменная облачность","2026-01-22 14:19"
"-13.40","","-17.70","48","767","1023","","","","0.90","","NE","Переменная облачность","2026-01-22 14:20"
"-13.40","","-17.50","48","767","1023","","","","0.60","","NE","Переменная облачность","2026-01-22 14:21"
"-13.40","","-17.40","48","767","1023","","","","0.50","","NE","Переменная облачность","2026-01-22 14:22"
"-13.40","","-17.40","48","767","1023","","","","0.50","","NE","Переменная облачность","2026-01-22 14:23"
"-13.40","","-17.80","48","767","1023","","","","1.10","","NE","Переменная облачность","2026-01-22 14:24"
"-13.40","","-17.80","48","767","1023","","","","1.10","","NE","Переменная облачность","2026-01-22 14:25"
"-13.40","","-17.80","48","767","1023","","","","1.30","","NE","Переменная облачность","2026-01-22 14:26"
"-13.40","","-18.70","48","767","1023","","","","2.40","","NE","Переменная облачность","2026-01-22 14:27"
"-13.40","","-18.10","48","767","1023","","","","1.50","","NE","Переменная облачность","2026-01-22 14:28"
"-13.40","","-18.20","48","767","1023","","","","1.60","","NE","Переменная облачность","2026-01-22 14:29"
"-13.40","","-18.00","48","767","1023","","","","1.30","","NE","Переменная облачность","2026-01-22 14:30"
"-13.40","","-18.00","48","767","1023","","","","0.50","","NE","Переменная облачность","2026-01-22 14:31"
"-13.40","","-17.50","48","767","1023","","","","0.70","","NE","Переменная облачность","2026-01-22 14:32"
"-13.40","","-17.50","48","767","1023","","","","0.70","","NE","Переменная облачность","2026-01-22 14:33"
"-13.40","","-17.80","48","767","1023","","","","1.10","","NE","Переменная облачность","2026-01-22 14:34"
"-13.40","","-17.80","48","767","1023","","","","1.10","","NE","Переменная облачность","2026-01-22 14:35"
"-13.40","","-18.30","48","767","1023","","","","1.80","","NE","Переменная облачность","2026-01-22 14:36"
"-13.40","","-18.30","48","767","1023","","","","1.80","","NE","Переменная облачность","2026-01-22 14:37"
"-13.40","","-18.30","48","767","1023","","","","1.00","","NE","Переменная облачность","2026-01-22 14:38"
"-13.40","","-17.70","48","767","1023","","","","0.90","","NE","Переменная облачность","2026-01-22 14:39"
"-13.40","","-17.50","48","767","1023","","","","0.60","","NE","Переменная облачность","2026-01-22 14:40"
"-13.40","","-17.90","48","767","1023","","","","1.20","","NE","Переменная облачность","2026-01-22 14:41"
"-13.40","","-17.90","48","767","1023","","","","0.70","","NE","Переменная облачность","2026-01-22 14:42"
"-13.40","","-17.70","48","767","1023","","","","0.90","","NE","Переменная облачность","2026-01-22 14:43"
"-13.40","","-17.80","48","767","1023","","","","1.10","","NE","Переменная облачность","2026-01-22 14:44"
"-13.40","","-17.40","48","767","1023","","","","0.50","","NE","Переменная облачность","2026-01-22 14:45"
"-13.40","","-17.70","48","767","1023","","","","0.90","","NE","Переменная облачность","2026-01-22 14:46"
"-13.40","","-18.10","48","767","1023","","","","1.50","","NE","Переменная облачность","2026-01-22 14:47"
"-13.40","","-18.10","48","767","1023","","","","1.50","","NE","Переменная облачность","2026-01-22 14:48"
"-13.40","","-17.80","48","767","1023","","","","1.00","","NE","Переменная облачность","2026-01-22 14:49"
"-13.40","","-17.70","48","767","1023","","","","0.90","","NE","Переменная облачность","2026-01-22 14:50"
"-13.40","","-17.70","48","767","1023","","","","0.50","","NE","Переменная облачность","2026-01-22 14:51"
"-13.30","","-17.30","48","767","1023","","","","0.40","","NE","Переменная облачность","2026-01-22 14:52"
"-13.30","","-17.90","48","767","1023","","","","1.30","","NE","Переменная облачность","2026-01-22 14:53"
"-13.40","","-17.90","48","767","1023","","","","1.20","","NE","Переменная облачность","2026-01-22 14:54"
"-13.40","","-17.80","48","767","1023","","","","1.10","","NE","Переменная облачность","2026-01-22 14:55"
"-13.40","","-17.80","48","767","1023","","","","1.10","","NE","Переменная облачность","2026-01-22 14:56"
"-13.40","","-17.90","48","767","1023","","","","1.40","","NE","Переменная облачность","2026-01-22 14:57"
"-13.40","","-17.90","48","767","1023","","","","1.40","","NE","Переменная облачность","2026-01-22 14:58"
"-13.40","","-18.00","48","767","1023","","","","1.40","","NE","Переменная облачность","2026-01-22 14:59"
"-13.40","","-18.00","48","767","1023","","","","1.20","","NE","Переменная облачность","2026-01-22 15:00"
"-13.40","","-18.00","48","767","1023","","","","1.50","","NE","Переменная облачность","2026-01-22 15:01"
"-13.40","","-18.00","48","767","1023","","","","1.50","","NE","Переменная облачность","2026-01-22 15:02"
"-13.40","","-17.50","48","767","1023","","","","0.60","","NE","Переменная облачность","2026-01-22 15:03"
"-13.40","","-18.20","48","767","1023","","","","1.70","","NE","Переменная облачность","2026-01-22 15:04"
"-13.40","","-18.60","48","767","1023","","","","2.20","","NE","Переменная облачность","2026-01-22 15:05"
"-13.40","","-18.60","48","767","1023","","","","1.70","","NE","Переменная облачность","2026-01-22 15:06"
"-13.40","","-18.20","48","767","1023","","","","1.40","","NE","Переменная облачность","2026-01-22 15:07"
"-13.40","","-18.20","48","767","1023","","","","1.30","","NE","Переменная облачность","2026-01-22 15:08"
"-13.40","","-18.20","48","767","1023","","","","1.60","","NE","Переменная облачность","2026-01-22 15:09"
"-13.40","","-17.90","48","767","1023","","","","1.20","","NE","Переменная облачность","2026-01-22 15:10"
"-13.40","","-17.80","48","767","1023","","","","1.10","","NE","Переменная облачность","2026-01-22 15:11"
"-13.40","","-18.00","48","767","1023","","","","1.30","","NE","Переменная облачность","2026-01-22 15:12"
"-13.40","","-18.00","48","767","1023","","","","1.30","","NE","Переменная облачность","2026-01-22 15:13"
"-13.40","","-18.00","48","767","1023","","","","2.70","","NE","Переменная облачность","2026-01-22 15:14"
"-13.40","","-18.90","48","767","1023","","","","1.10","","NE","Переменная облачность","2026-01-22 15:15"
"-13.30","","-17.70","48","767","1023","","","","1.10","","NE","Переменная облачность","2026-01-22 15:16"
"-13.30","","-17.70","48","767","1023","","","","1.00","","NE","Переменная облачность","2026-01-22 15:17"
"-13.20","","-17.30","48","767","1023","","","","0.60","","NE","Переменная облачность","2026-01-22 15:18"
"-13.20","","-17.50","48","767","1023","","","","1.00","","NE","Переменная облачность","2026-01-22 15:19"
"-13.20","","-17.50","48","767","1023","","","","1.20","","NE","Переменная облачность","2026-01-22 15:20"
"-13.20","","-17.70","48","767","1023","","","","1.70","","NE","Переменная облачность","2026-01-22 15:21"
"-13.20","","-17.60","48","767","1023","","","","1.10","","NE","Переменная облачность","2026-01-22 15:22"
"-13.20","","-17.60","48","767","1023","","","","1.10","","NE","Переменная облачность","2026-01-22 15:23"
"-13.30","","-18.20","48","767","1023","","","","1.80","","NE","Переменная облачность","2026-01-22 15:24"
"-13.30","","-18.80","48","767","1023","","","","2.60","","NE","Переменная облачность","2026-01-22 15:25"
"-13.30","","-18.20","48","767","1023","","","","1.80","","NE","Переменная облачность","2026-01-22 15:26"
"-13.30","","-17.40","48","767","1023","","","","0.60","","NE","Переменная облачность","2026-01-22 15:27"
"-13.30","","-17.60","48","767","1023","","","","0.90","","NE","Переменная облачность","2026-01-22 15:28"
"-13.30","","-17.60","48","767","1023","","","","1.40","","NE","Переменная облачность","2026-01-22 15:29"
"-13.30","","-17.90","48","767","1023","","","","1.40","","NE","Переменная облачность","2026-01-22 15:30"
"-13.30","","-17.90","48","767","1023","","","","2.20","","NE","Переменная облачность","2026-01-22 15:31"
"-13.40","","-18.60","48","767","1023","","","","2.20","","NE","Переменная облачность","2026-01-22 15:32"
"-13.40","","-18.50","48","767","1023","","","","2.00","","NE","Переменная облачность","2026-01-22 15:33"
"-13.40","","-18.50","48","767","1023","","","","2.00","","NE","Переменная облачность","2026-01-22 15:34"
"-13.40","","-18.50","48","767","1023","","","","3.10","","NE","Переменная облачность","2026-01-22 15:35"
"-13.40","","-19.20","48","767","1023","","","","3.00","","NE","Переменная облачность","2026-01-22 15:36"
"-13.40","","-19.20","48","767","1023","","","","2.60","","NE","Переменная облачность","2026-01-22 15:37"
"-13.40","","-18.90","48","767","1023","","","","1.40","","NE","Переменная облачность","2026-01-22 15:38"
"-13.40","","-18.90","48","767","1023","","","","1.40","","NE","Переменная облачность","2026-01-22 15:39"
"-13.40","","-18.20","48","767","1023","","","","1.60","","NE","Переменная облачность","2026-01-22 15:40"
"-13.40","","-18.20","48","767","1023","","","","1.60","","NE","Переменная облачность","2026-01-22 15:41"
"-13.40","","-18.20","48","767","1023","","","","1.60","","NE","Переменная облачность","2026-01-22 15:42"
"-13.40","","-18.20","48","767","1023","","","","1.60","","NE","Переменная облачность","2026-01-22 15:43"
"-13.50","","-18.30","48","767","1023","","","","3.20","","NE","Переменная облачность","2026-01-22 15:44"
"-13.50","","-18.30","48","767","1023","","","","1.60","","NE","Переменная облачность","2026-01-22 15:45"
"-13.50","","-18.20","48","767","1023","","","","1.50","","NE","Переменная облачность","2026-01-22 15:46"
"-13.50","","-18.20","48","767","1023","","","","1.80","","NE","Переменная облачность","2026-01-22 15:47"
"-13.50","","-18.20","48","767","1023","","","","2.50","","NE","Переменная облачность","2026-01-22 15:48"
"-13.50","","-18.90","48","767","1023","","","","1.70","","NE","Переменная облачность","2026-01-22 15:49"
"-13.50","","-18.90","48","767","1023","","","","2.10","","NE","Переменная облачность","2026-01-22 15:50"
"-13.50","","-18.60","48","767","1023","","","","2.10","","NE","Переменная облачность","2026-01-22 15:51"
"-13.50","","-18.60","48","767","1023","","","","1.90","","NE","Переменная облачность","2026-01-22 15:52"
"-13.50","","-18.50","48","767","1023","","","","2.20","","NE","Переменная облачность","2026-01-22 15:53"
"-13.50","","-18.50","48","767","1023","","","","2.20","","NE","Переменная облачность","2026-01-22 15:54"
"-13.50","","-18.70","48","767","1023","","","","2.20","","NE","Переменная облачность","2026-01-22 15:55"
"-13.50","","-17.60","48","767","1023","","","","0.70","","NE","Переменная облачность","2026-01-22 15:56"
"-13.50","","-17.60","48","767","1023","","","","1.30","","NE","Переменная облачность","2026-01-22 15:57"
"-13.50","","-18.10","48","767","1023","","","","1.30","","NE","Переменная облачность","2026-01-22 15:58"
"-13.50","","-17.80","48","767","1023","","","","0.90","","NE","Переменная облачность","2026-01-22 15:59"
"-13.50","","-17.90","48","767","1023","","","","1.10","","NE","Переменная облачность","2026-01-22 16:00"
"-13.50","","-17.90","48","767","1023","","","","1.00","","NE","Переменная облачность","2026-01-22 16:01"
"-13.50","","-17.90","48","767","1023","","","","0.90","","NE","Переменная облачность","2026-01-22 16:02"
"-13.50","","-17.90","48","767","1023","","","","0.90","","NE","Переменная облачность","2026-01-22 16:03"
"-13.60","","-18.00","48","767","1023","","","","1.10","","NE","Переменная облачность","2026-01-22 16:04"
"-13.60","","-18.50","48","767","1023","","","","1.80","","NE","Переменная облачность","2026-01-22 16:05"
"-13.60","","-19.00","48","767","1023","","","","2.50","","NE","Облачно","2026-01-22 16:06"
"-13.60","","-18.60","48","767","1023","","","","1.90","","NE","Облачно","2026-01-22 16:07"
"-13.60","","-18.60","48","767","1023","","","","2.70","","NE","Облачно","2026-01-22 16:08"
"-13.60","","-19.10","48","767","1023","","","","2.90","","NE","Облачно","2026-01-22 16:09"
"-13.60","","-19.30","48","767","1023","","","","1.80","","NE","Облачно","2026-01-22 16:10"
"-13.60","","-19.30","48","767","1023","","","","1.50","","NE","Облачно","2026-01-22 16:11"
"-13.60","","-18.20","48","767","1023","","","","1.40","","NE","Облачно","2026-01-22 16:12"
"-13.60","","-18.50","48","767","1023","","","","1.80","","NE","Облачно","2026-01-22 16:13"
"-13.60","","-18.50","48","767","1023","","","","1.80","","NE","Облачно","2026-01-22 16:14"
"-13.60","","-18.40","48","767","1023","","","","1.60","","NE","Облачно","2026-01-22 16:15"
"-13.60","","-18.40","48","767","1023","","","","1.60","","NE","Облачно","2026-01-22 16:16"
"-13.70","","-18.80","48","767","1023","","","","2.50","","NE","Облачно","2026-01-22 16:17"
"-13.70","","-18.80","48","767","1023","","","","2.50","","NE","Облачно","2026-01-22 16:18"
"-13.70","","-18.90","48","767","1023","","","","2.20","","NE","Облачно","2026-01-22 16:19"
"-13.80","","-19.00","48","767","1023","","","","2.20","","NE","Облачно","2026-01-22 16:20"
"-13.80","","-19.00","48","767","1023","","","","2.20","","NE","Облачно","2026-01-22 16:21"
"-13.80","","-19.00","48","767","1023","","","","2.20","","NE","Облачно","2026-01-22 16:22"
"-13.80","","-20.00","48","767","1023","","","","3.60","","NE","Облачно","2026-01-22 16:23"
"-13.80","","-20.00","48","767","1023","","","","3.60","","NE","Облачно","2026-01-22 16:24"
"-13.80","","-20.00","48","767","1023","","","","3.50","","NE","Облачно","2026-01-22 16:25"
"-13.80","","-19.90","48","767","1023","","","","3.50","","NE","Облачно","2026-01-22 16:26"
"-13.80","","-19.90","48","767","1023","","","","3.50","","NE","Облачно","2026-01-22 16:27"
"-13.90","","-18.90","48","767","1023","","","","1.90","","NE","Облачно","2026-01-22 16:28"
"-13.90","","-19.20","48","767","1023","","","","2.40","","NE","Облачно","2026-01-22 16:29"
"-13.90","","-19.20","48","767","1023","","","","2.40","","NE","Облачно","2026-01-22 16:30"
"-13.90","","-19.20","48","767","1023","","","","2.40","","NE","Облачно","2026-01-22 16:31"
"-13.90","","-19.20","48","767","1023","","","","2.40","","NE","Облачно","2026-01-22 16:32"
"-13.90","","-19.20","48","767","1023","","","","2.40","","NE","Облачно","2026-01-22 16:33"
"-13.90","","-18.70","48","767","1023","","","","1.60","","NE","Облачно","2026-01-22 16:34"
"-13.90","","-18.70","48","767","1023","","","","1.60","","NE","Облачно","2026-01-22 16:35"
"-13.90","","-19.70","48","767","1023","","","","3.10","","NE","Облачно","2026-01-22 16:36"
"-13.90","","-19.70","48","767","1023","","","","3.10","","NE","Облачно","2026-01-22 16:37"
"-13.90","","-18.80","48","767","1023","","","","1.70","","NE","Облачно","2026-01-22 16:38"
"-13.90","","-18.80","48","767","1023","","","","1.70","","NE","Облачно","2026-01-22 16:39"
"-13.90","","-18.60","48","767","1023","","","","1.50","","NE","Облачно","2026-01-22 16:40"
"-13.90","","-18.60","48","767","1023","","","","1.50","","NE","Облачно","2026-01-22 16:41"
"-13.90","","-18.90","48","767","1023","","","","1.90","","NE","Облачно","2026-01-22 16:42"
"-13.90","","-18.90","48","767","1023","","","","1.90","","NE","Облачно","2026-01-22 16:43"
"-13.90","","-18.50","48","767","1023","","","","1.40","","NE","Облачно","2026-01-22 16:44"
"-13.90","","-19.00","48","767","1023","","","","2.00","","NE","Облачно","2026-01-22 16:45"
"-14.00","","-19.10","48","767","1023","","","","2.00","","NE","Облачно","2026-01-22 16:46"
"-14.00","","-19.10","48","767","1023","","","","2.00","","NE","Облачно","2026-01-22 16:47"
"-14.00","","-19.60","48","767","1023","","","","2.70","","NE","Облачно","2026-01-22 16:48"
"-14.00","","-19.60","48","767","1023","","","","3.00","","NE","Облачно","2026-01-22 16:49"
"-14.00","","-18.90","48","767","1023","","","","1.70","","NE","Облачно","2026-01-22 16:50"
"-14.00","","-18.90","48","767","1023","","","","1.00","","NE","Облачно","2026-01-22 16:51"
"-14.00","","-18.90","48","767","1023","","","","1.00","","NE","Облачно","2026-01-22 16:52"
"-14.00","","-18.40","48","767","1023","","","","1.00","","NE","Облачно","2026-01-22 16:53"
"-14.00","","-18.40","48","767","1023","","","","1.00","","NE","Облачно","2026-01-22 16:54"
"-14.00","","-19.50","48","767","1023","","","","2.60","","NE","Облачно","2026-01-22 16:55"
"-14.00","","-19.50","48","767","1023","","","","2.60","","NE","Облачно","2026-01-22 16:56"
"-14.00","","-19.50","48","767","1023","","","","2.60","","NE","Облачно","2026-01-22 16:57"
"-14.00","","-19.10","48","767","1023","","","","2.00","","NE","Облачно","2026-01-22 16:58"
"-14.00","","-19.10","48","767","1023","","","","2.00","","NE","Облачно","2026-01-22 16:59"
"-14.00","","-19.10","48","767","1023","","","","2.00","","NE","Облачно","2026-01-22 17:00"
"-14.10","","-19.30","48","767","1023","","","","2.20","","NE","Облачно","2026-01-22 17:01"
"-14.10","","-19.00","48","767","1023","","","","1.80","","NE","Облачно","2026-01-22 17:02"
"-14.10","","-19.00","48","767","1023","","","","1.40","","NE","Облачно","2026-01-22 17:03"
"-14.10","","-18.80","48","767","1023","","","","1.40","","NE","Облачно","2026-01-22 17:04"
"-14.10","","-18.80","48","767","1023","","","","1.40","","NE","Облачно","2026-01-22 17:05"
"-14.10","","-18.80","48","767","1023","","","","1.40","","NE","Переменная облачность","2026-01-22 17:06"
"-14.10","","-19.90","48","767","1023","","","","2.50","","NE","Переменная облачность","2026-01-22 17:07"
"-14.10","","-19.50","48","767","1023","","","","1.60","","NE","Переменная облачность","2026-01-22 17:08"
"-14.10","","-18.80","48","767","1023","","","","1.40","","NE","Переменная облачность","2026-01-22 17:09"
"-14.20","","-19.10","48","767","1023","","","","1.70","","NE","Переменная облачность","2026-01-22 17:10"
"-14.20","","-19.10","48","767","1023","","","","1.40","","NE","Переменная облачность","2026-01-22 17:11"
"-14.20","","-19.10","48","767","1023","","","","1.40","","NE","Переменная облачность","2026-01-22 17:12"
"-14.20","","-19.70","48","767","1023","","","","2.60","","NE","Переменная облачность","2026-01-22 17:13"
"-14.20","","-19.70","48","767","1023","","","","2.60","","NE","Переменная облачность","2026-01-22 17:14"
"-14.30","","-19.80","48","767","1023","","","","2.60","","NE","Переменная облачность","2026-01-22 17:15"
"-14.30","","-19.80","48","767","1023","","","","2.20","","NE","Переменная облачность","2026-01-22 17:16"
"-14.30","","-19.50","48","767","1023","","","","1.00","","NE","Переменная облачность","2026-01-22 17:17"
"-14.30","","-18.70","48","767","1023","","","","1.60","","NE","Переменная облачность","2026-01-22 17:18"
"-14.30","","-19.10","48","767","1023","","","","1.60","","NE","Переменная облачность","2026-01-22 17:19"
"-14.30","","-19.50","48","767","1023","","","","2.20","","NE","Переменная облачность","2026-01-22 17:20"
"-14.30","","-18.80","48","766","1022","","","","1.20","","NE","Переменная облачность","2026-01-22 17:21"
"-14.30","","-18.70","48","766","1022","","","","1.00","","NE","Переменная облачность","2026-01-22 17:22"
"-14.30","","-19.40","48","766","1022","","","","2.00","","NE","Переменная облачность","2026-01-22 17:23"
"-14.30","","-19.40","48","766","1022","","","","2.00","","NE","Переменная облачность","2026-01-22 17:24"
"-14.40","","-20.30","48","766","1022","","","","3.40","","NE","Переменная облачность","2026-01-22 17:25"
"-14.40","","-20.50","48","766","1022","","","","3.40","","NE","Переменная облачность","2026-01-22 17:26"
"-14.40","","-20.50","48","766","1022","","","","3.40","","NE","Переменная облачность","2026-01-22 17:27"
"-14.40","","-20.50","48","766","1022","","","","3.40","","NE","Переменная облачность","2026-01-22 17:28"
"-14.40","","-20.50","48","766","1022","","","","3.40","","NE","Переменная облачность","2026-01-22 17:29"
"-14.40","","-20.50","48","766","1022","","","","3.40","","NE","Переменная облачность","2026-01-22 17:30"
"-14.40","","-20.60","48","766","1022","","","","3.60","","NE","Переменная облачность","2026-01-22 17:31"
"-14.40","","-20.60","48","766","1022","","","","3.60","","NE","Переменная облачность","2026-01-22 17:32"
"-14.50","","-20.70","48","766","1022","","","","2.20","","NE","Переменная облачность","2026-01-22 17:33"
"-14.50","","-20.70","48","766","1022","","","","2.20","","NE","Переменная облачность","2026-01-22 17:34"
"-14.50","","-19.40","48","766","1022","","","","1.70","","NE","Переменная облачность","2026-01-22 17:35"
"-14.50","","-19.40","48","767","1023","","","","1.30","","NE","Переменная облачность","2026-01-22 17:36"
"-14.50","","-19.40","48","767","1023","","","","1.30","","NE","Переменная облачность","2026-01-22 17:37"
"-14.50","","-19.90","48","767","1023","","","","2.50","","NE","Переменная облачность","2026-01-22 17:38"
"-14.50","","-19.90","48","767","1023","","","","2.50","","NE","Переменная облачность","2026-01-22 17:39"
"-14.50","","-19.90","48","767","1023","","","","3.80","","NE","Переменная облачность","2026-01-22 17:40"
"-14.50","","-20.80","48","767","1023","","","","2.70","","NE","Переменная облачность","2026-01-22 17:41"
"-14.50","","-19.60","48","767","1023","","","","2.00","","NE","Переменная облачность","2026-01-22 17:42"
"-14.50","","-19.60","48","767","1023","","","","2.00","","NE","Переменная облачность","2026-01-22 17:43"
"-14.50","","-19.60","48","767","1023","","","","2.70","","NE","Переменная облачность","2026-01-22 17:44"
"-14.50","","-20.10","48","767","1023","","","","2.70","","NE","Переменная облачность","2026-01-22 17:45"
"-14.50","","-20.10","48","767","1023","","","","2.70","","NE","Переменная облачность","2026-01-22 17:46"
"-14.50","","-20.10","48","767","1023","","","","2.70","","NE","Переменная облачность","2026-01-22 17:47"
"-14.50","","-20.10","48","767","1023","","","","2.70","","NE","Переменная облачность","2026-01-22 17:48"
"-14.50","","-20.10","48","767","1023","","","","1.70","","NE","Переменная облачность","2026-01-22 17:49"
"-14.50","","-19.50","48","767","1023","","","","1.90","","NE","Переменная облачность","2026-01-22 17:50"
"-14.50","","-19.30","48","767","1023","","","","1.60","","NE","Переменная облачность","2026-01-22 17:51"
"-14.50","","-19.30","48","767","1023","","","","1.60","","NE","Переменная облачность","2026-01-22 17:52"
"-14.50","","-18.90","48","767","1023","","","","1.00","","NE","Переменная облачность","2026-01-22 17:53"
"-14.50","","-18.90","48","767","1023","","","","1.00","","NE","Переменная облачность","2026-01-22 17:54"
"-14.50","","-19.90","48","767","1023","","","","3.60","","NE","Переменная облачность","2026-01-22 17:55"
"-14.50","","-19.90","48","767","1023","","","","2.00","","NE","Переменная облачность","2026-01-22 17:56"
"-14.50","","-19.90","48","767","1023","","","","2.00","","NE","Переменная облачность","2026-01-22 17:57"
"-14.60","","-19.10","48","767","1023","","","","1.10","","NE","Переменная облачность","2026-01-22 17:58"
"-14.60","","-20.20","48","767","1023","","","","2.80","","NE","Переменная облачность","2026-01-22 17:59"
"-14.60","","-19.50","48","767","1023","","","","1.80","","NE","Переменная облачность","2026-01-22 18:00"
"-14.60","","-19.20","48","767","1023","","","","1.30","","NE","Переменная облачность","2026-01-22 18:01"
"-14.60","","-19.20","48","767","1023","","","","0.70","","NE","Переменная облачность","2026-01-22 18:02"
"-14.60","","-18.80","48","767","1023","","","","0.60","","NE","Переменная облачность","2026-01-22 18:03"
"-14.60","","-18.80","48","767","1023","","","","0.60","","NE","Переменная облачность","2026-01-22 18:04"
"-14.50","","-18.90","48","767","1023","","","","1.00","","NE","Переменная облачность","2026-01-22 18:05"
"-14.50","","-18.90","48","767","1023","","","","1.00","","NE","Небольшая облачность","2026-01-22 18:06"
"-14.50","","-18.90","48","767","1023","","","","1.30","","NE","Небольшая облачность","2026-01-22 18:07"
"-14.50","","-19.10","48","767","1023","","","","1.30","","NE","Небольшая облачность","2026-01-22 18:08"
"-14.50","","-19.10","48","767","1023","","","","1.90","","NE","Небольшая облачность","2026-01-22 18:09"
"-14.50","","-19.10","48","767","1023","","","","1.90","","NE","Небольшая облачность","2026-01-22 18:10"
"-14.60","","-18.70","48","767","1023","","","","0.60","","NE","Небольшая облачность","2026-01-22 18:14"
"-14.50","","-18.60","48","767","1023","","","","0.60","","NE","Небольшая облачность","2026-01-22 18:15"
"-14.50","","-18.60","48","767","1023","","","","0.70","","NE","Небольшая облачность","2026-01-22 18:16"
"-14.50","","-18.70","48","767","1023","","","","1.70","","NE","Небольшая облачность","2026-01-22 18:17"
"-14.50","","-18.70","48","767","1023","","","","1.10","","NE","Небольшая облачность","2026-01-22 18:18"
"-14.50","","-18.70","48","767","1023","","","","1.00","","NE","Небольшая облачность","2026-01-22 18:19"
"-14.50","","-19.00","48","767","1023","","","","1.20","","NE","Небольшая облачность","2026-01-22 18:20"
"-14.50","","-19.10","48","767","1023","","","","1.30","","NE","Небольшая облачность","2026-01-22 18:21"
"-14.50","","-19.00","48","767","1023","","","","1.20","","NE","Небольшая облачность","2026-01-22 18:22"
"-14.50","","-19.00","48","767","1023","","","","1.20","","NE","Небольшая облачность","2026-01-22 18:23"
"-14.50","","-18.70","48","767","1023","","","","0.00","","NE","Небольшая облачность","2026-01-22 18:24"
"-14.50","","-18.20","48","767","1023","","","","0.40","","NE","Небольшая облачность","2026-01-22 18:25"
"-14.50","","-18.50","48","767","1023","","","","0.40","","NE","Небольшая облачность","2026-01-22 18:26"
"-14.50","","-18.50","48","767","1023","","","","0.40","","NE","Небольшая облачность","2026-01-22 18:27"
"-14.50","","-18.90","48","767","1023","","","","1.70","","NE","Небольшая облачность","2026-01-22 18:28"
"-14.50","","-18.70","48","767","1023","","","","0.70","","NE","Небольшая облачность","2026-01-22 18:29"
"-14.50","","-18.50","48","767","1023","","","","0.40","","NE","Небольшая облачность","2026-01-22 18:30"
"-14.50","","-19.00","48","767","1023","","","","1.10","","NE","Небольшая облачность","2026-01-22 18:31"
"-14.50","","-19.00","48","767","1023","","","","1.10","","NE","Небольшая облачность","2026-01-22 18:32"
"-14.50","","-19.00","48","767","1023","","","","2.10","","NE","Небольшая облачность","2026-01-22 18:33"
"-14.50","","-19.00","48","767","1023","","","","1.40","","NE","Небольшая облачность","2026-01-22 18:34"
"-14.50","","-19.00","48","767","1023","","","","1.10","","NE","Небольшая облачность","2026-01-22 18:35"
"-14.50","","-19.00","48","767","1023","","","","1.10","","NE","Небольшая облачность","2026-01-22 18:36"
"-14.50","","-19.00","48","767","1023","","","","1.10","","NE","Небольшая облачность","2026-01-22 18:37"
"-14.50","","-19.00","48","767","1023","","","","1.10","","NE","Небольшая облачность","2026-01-22 18:38"
"-14.50","","-19.00","48","767","1023","","","","1.10","","NE","Небольшая облачность","2026-01-22 18:39"
"-14.50","","-19.00","48","767","1023","","","","1.10","","NE","Небольшая облачность","2026-01-22 18:40"
"-14.50","","-19.00","48","767","1023","","","","2.00","","NE","Небольшая облачность","2026-01-22 18:41"
"-14.50","","-19.60","48","767","1023","","","","3.20","","NE","Небольшая облачность","2026-01-22 18:42"
"-14.50","","-20.40","48","767","1023","","","","2.10","","NE","Небольшая облачность","2026-01-22 18:43"
"-14.50","","-19.70","48","767","1023","","","","2.10","","NE","Небольшая облачность","2026-01-22 18:44"
"-14.50","","-19.70","48","767","1023","","","","2.10","","NE","Небольшая облачность","2026-01-22 18:45"
"-14.50","","-18.50","48","767","1023","","","","0.50","","NE","Небольшая облачность","2026-01-22 18:46"
"-14.50","","-18.50","48","767","1023","","","","1.20","","NE","Небольшая облачность","2026-01-22 18:47"
"-14.50","","-18.50","48","767","1023","","","","1.20","","NE","Небольшая облачность","2026-01-22 18:48"
"-14.50","","-18.50","48","767","1023","","","","0.40","","NE","Небольшая облачность","2026-01-22 18:49"
"-14.40","","-18.10","48","767","1023","","","","0.90","","NE","Небольшая облачность","2026-01-22 18:50"
"-14.40","","-18.70","48","767","1023","","","","0.90","","NE","Небольшая облачность","2026-01-22 18:51"
"-14.40","","-18.70","48","767","1023","","","","1.10","","NE","Небольшая облачность","2026-01-22 18:52"
"-14.40","","-18.70","48","767","1023","","","","1.10","","NE","Небольшая облачность","2026-01-22 18:53"
"-14.40","","-18.70","48","767","1023","","","","1.40","","NE","Небольшая облачность","2026-01-22 18:54"
"-14.40","","-18.70","48","767","1023","","","","0.90","","NE","Небольшая облачность","2026-01-22 18:55"
"-14.40","","-18.70","48","767","1023","","","","0.90","","NE","Небольшая облачность","2026-01-22 18:56"
"-14.40","","-18.50","48","767","1023","","","","1.60","","NE","Небольшая облачность","2026-01-22 18:57"
"-14.40","","-19.20","48","767","1023","","","","1.60","","NE","Небольшая облачность","2026-01-22 18:58"
"-14.40","","-20.30","48","767","1023","","","","3.20","","NE","Небольшая облачность","2026-01-22 18:59"
"-14.40","","-19.10","48","767","1023","","","","1.40","","NE","Небольшая облачность","2026-01-22 19:00"
"-14.40","","-18.70","48","767","1023","","","","0.90","","NE","Небольшая облачность","2026-01-22 19:01"
"-14.40","","-18.40","48","767","1023","","","","0.50","","NE","Небольшая облачность","2026-01-22 19:02"
"-14.40","","-18.40","48","767","1023","","","","1.00","","NE","Небольшая облачность","2026-01-22 19:03"
"-14.40","","-18.80","48","767","1023","","","","1.80","","NE","Небольшая облачность","2026-01-22 19:04"
"-14.40","","-18.90","48","767","1023","","","","1.10","","NE","Небольшая облачность","2026-01-22 19:05"
"-14.40","","-18.80","48","767","1023","","","","1.00","","NE","Небольшая облачность","2026-01-22 19:06"
"-14.40","","-18.80","48","767","1023","","","","1.00","","NE","Небольшая облачность","2026-01-22 19:07"
"-14.40","","-18.50","48","767","1023","","","","0.60","","NE","Небольшая облачность","2026-01-22 19:08"
"-14.40","","-19.00","48","767","1023","","","","1.30","","NE","Небольшая облачность","2026-01-22 19:09"
"-14.50","","-19.70","48","767","1023","","","","2.10","","NE","Небольшая облачность","2026-01-22 19:10"
"-14.50","","-19.70","48","767","1023","","","","1.30","","NE","Небольшая облачность","2026-01-22 19:11"
"-14.40","","-19.00","48","767","1023","","","","0.90","","NE","Небольшая облачность","2026-01-22 19:12"
"-14.40","","-19.00","48","767","1023","","","","1.30","","NE","Небольшая облачность","2026-01-22 19:13"
"-14.40","","-19.00","48","767","1023","","","","1.10","","NE","Небольшая облачность","2026-01-22 19:14"
"-14.40","","-18.90","48","767","1023","","","","1.60","","NE","Небольшая облачность","2026-01-22 19:15"
"-14.50","","-19.10","48","767","1023","","","","1.30","","NE","Небольшая облачность","2026-01-22 19:16"
"-14.50","","-19.10","48","767","1023","","","","1.10","","NE","Небольшая облачность","2026-01-22 19:17"
"-14.50","","-19.20","48","767","1023","","","","1.40","","NE","Небольшая облачность","2026-01-22 19:18"
"-14.50","","-19.20","48","767","1023","","","","1.30","","NE","Небольшая облачность","2026-01-22 19:19"
"-14.50","","-18.60","48","767","1023","","","","0.60","","NE","Небольшая облачность","2026-01-22 19:20"
"-14.50","","-18.50","48","767","1023","","","","0.40","","NE","Небольшая облачность","2026-01-22 19:21"
"-14.50","","-18.70","48","767","1023","","","","0.70","","NE","Небольшая облачность","2026-01-22 19:22"
"-14.50","","-18.70","48","767","1023","","","","0.70","","NE","Небольшая облачность","2026-01-22 19:23"
"-14.50","","-19.20","48","767","1023","","","","1.40","","NE","Небольшая облачность","2026-01-22 19:24"
"-14.50","","-19.20","48","767","1023","","","","1.20","","NE","Небольшая облачность","2026-01-22 19:25"
"-14.50","","-19.00","48","767","1023","","","","1.70","","NE","Небольшая облачность","2026-01-22 19:26"
"-14.50","","-19.40","48","767","1023","","","","1.20","","NE","Небольшая облачность","2026-01-22 19:27"
"-14.50","","-19.00","48","767","1023","","","","1.50","","NE","Небольшая облачность","2026-01-22 19:28"
"-14.50","","-18.90","48","767","1023","","","","1.00","","NE","Небольшая облачность","2026-01-22 19:29"
"-14.50","","-19.20","48","767","1023","","","","1.50","","NE","Небольшая облачность","2026-01-22 19:30"
"-14.50","","-18.90","48","767","1023","","","","1.00","","NE","Небольшая облачность","2026-01-22 19:31"
"-14.50","","-18.90","48","767","1023","","","","1.00","","NE","Небольшая облачность","2026-01-22 19:32"
"-14.50","","-19.20","48","767","1023","","","","1.40","","NE","Небольшая облачность","2026-01-22 19:33"
"-14.50","","-19.20","48","767","1023","","","","0.70","","NE","Небольшая облачность","2026-01-22 19:34"
"-14.50","","-18.70","48","767","1023","","","","0.70","","NE","Небольшая облачность","2026-01-22 19:35"
"-14.60","","-18.80","48","766","1022","","","","0.70","","NE","Переменная облачность","2026-01-22 19:36"
"-14.60","","-18.80","48","766","1022","","","","0.70","","NE","Переменная облачность","2026-01-22 19:37"
"-14.60","","-19.50","48","766","1022","","","","1.70","","NE","Переменная облачность","2026-01-22 19:38"
"-14.60","","-19.00","48","766","1022","","","","1.00","","NE","Переменная облачность","2026-01-22 19:39"
"-14.60","","-19.00","48","766","1022","","","","1.30","","NE","Переменная облачность","2026-01-22 19:40"
"-14.60","","-19.20","48","766","1022","","","","1.00","","NE","Переменная облачность","2026-01-22 19:41"
"-14.60","","-19.00","48","766","1022","","","","0.50","","NE","Переменная облачность","2026-01-22 19:42"
"-14.60","","-18.60","48","766","1022","","","","0.50","","NE","Переменная облачность","2026-01-22 19:43"
"-14.60","","-18.60","48","766","1022","","","","0.50","","NE","Переменная облачность","2026-01-22 19:44"
"-14.60","","-19.10","48","766","1022","","","","1.20","","NE","Переменная облачность","2026-01-22 19:45"
"-14.70","","-19.40","48","766","1022","","","","1.40","","NE","Переменная облачность","2026-01-22 19:46"
"-14.70","","-19.40","48","766","1022","","","","1.40","","NE","Переменная облачность","2026-01-22 19:47"
"-14.60","","-18.60","48","766","1022","","","","0.50","","NE","Переменная облачность","2026-01-22 19:48"
"-14.60","","-18.60","48","766","1022","","","","0.40","","NE","Переменная облачность","2026-01-22 19:49"
"-14.60","","-18.60","48","766","1022","","","","1.00","","NE","Переменная облачность","2026-01-22 19:50"
"-14.60","","-18.60","48","767","1023","","","","0.50","","NE","Переменная облачность","2026-01-22 19:51"
"-14.60","","-18.60","48","767","1023","","","","1.00","","NE","Переменная облачность","2026-01-22 19:52"
"-14.60","","-18.70","48","767","1023","","","","0.60","","NE","Переменная облачность","2026-01-22 19:53"
"-14.60","","-18.70","48","767","1023","","","","1.10","","NE","Переменная облачность","2026-01-22 19:54"
"-14.60","","-18.70","48","767","1023","","","","1.10","","NE","Переменная облачность","2026-01-22 19:55"
"-14.60","","-18.70","48","767","1023","","","","1.10","","NE","Переменная облачность","2026-01-22 19:56"
"-14.70","","-19.20","48","767","1023","","","","1.20","","NE","Переменная облачность","2026-01-22 19:57"
"-14.70","","-18.80","48","767","1023","","","","0.60","","NE","Переменная облачность","2026-01-22 19:58"
"-14.70","","-19.30","48","767","1023","","","","1.30","","NE","Переменная облачность","2026-01-22 19:59"
"-14.70","","-19.30","48","767","1023","","","","1.30","","NE","Переменная облачность","2026-01-22 20:00"
"-14.70","","-19.30","48","767","1023","","","","1.30","","NE","Переменная облачность","2026-01-22 20:01"
"-14.70","","-19.30","48","767","1023","","","","1.30","","NE","Переменная облачность","2026-01-22 20:02"
"-14.70","","-19.30","48","767","1023","","","","1.30","","NE","Переменная облачность","2026-01-22 20:03"
"-14.70","","-19.90","48","767","1023","","","","1.30","","NE","Переменная облачность","2026-01-22 20:04"
"-14.80","","-19.40","48","767","1023","","","","1.50","","NE","Переменная облачность","2026-01-22 20:05"
"-14.80","","-19.30","48","766","1022","","","","1.20","","NE","Переменная облачность","2026-01-22 20:06"
"-14.80","","-19.40","48","766","1022","","","","1.30","","NE","Переменная облачность","2026-01-22 20:07"
"-14.80","","-19.40","48","766","1022","","","","1.30","","NE","Переменная облачность","2026-01-22 20:08"
"-14.80","","-19.60","48","766","1022","","","","1.60","","NE","Переменная облачность","2026-01-22 20:09"
"-14.80","","-19.80","48","766","1022","","","","0.60","","NE","Переменная облачность","2026-01-22 20:10"
"-14.80","","-18.90","48","766","1022","","","","1.10","","NE","Переменная облачность","2026-01-22 20:11"
"-14.80","","-19.30","48","766","1022","","","","1.00","","NE","Переменная облачность","2026-01-22 20:12"
"-14.80","","-19.20","48","766","1022","","","","1.00","","NE","Переменная облачность","2026-01-22 20:13"
"-14.90","","-19.30","48","766","1022","","","","1.00","","NE","Переменная облачность","2026-01-22 20:14"
"-14.90","","-19.30","48","766","1022","","","","1.30","","NE","Переменная облачность","2026-01-22 20:15"
"-14.90","","-19.30","48","766","1022","","","","1.40","","NE","Переменная облачность","2026-01-22 20:16"
"-14.90","","-19.10","48","766","1022","","","","0.70","","NE","Переменная облачность","2026-01-22 20:17"
"-14.90","","-19.10","48","766","1022","","","","0.70","","NE","Переменная облачность","2026-01-22 20:18"
"-14.90","","-19.10","48","766","1022","","","","1.90","","NE","Переменная облачность","2026-01-22 20:19"
"-14.90","","-19.00","48","766","1022","","","","0.60","","NE","Переменная облачность","2026-01-22 20:20"
"-14.90","","-18.90","48","767","1023","","","","0.50","","NE","Переменная облачность","2026-01-22 20:21"
"-14.90","","-18.90","48","767","1023","","","","0.50","","NE","Переменная облачность","2026-01-22 20:22"
"-15.00","","-19.50","48","767","1023","","","","1.10","","NE","Переменная облачность","2026-01-22 20:23"
"-15.00","","-19.50","48","767","1023","","","","2.00","","NE","Переменная облачность","2026-01-22 20:24"
"-15.00","","-19.30","48","767","1023","","","","0.90","","NE","Переменная облачность","2026-01-22 20:25"
"-15.00","","-19.30","48","767","1023","","","","0.60","","NE","Переменная облачность","2026-01-22 20:26"
"-15.00","","-19.30","48","767","1023","","","","0.60","","NE","Переменная облачность","2026-01-22 20:27"
"-15.00","","-19.50","48","767","1023","","","","1.20","","NE","Переменная облачность","2026-01-22 20:28"
"-15.00","","-19.50","48","767","1023","","","","1.10","","NE","Переменная облачность","2026-01-22 20:29"
"-15.00","","-19.50","48","767","1023","","","","1.30","","NE","Переменная облачность","2026-01-22 20:30"
"-15.00","","-19.50","48","767","1023","","","","1.30","","NE","Переменная облачность","2026-01-22 20:31"
"-15.00","","-19.60","48","767","1023","","","","1.30","","NE","Переменная облачность","2026-01-22 20:32"
"-15.00","","-19.50","48","767","1023","","","","1.20","","NE","Переменная облачность","2026-01-22 20:33"
"-15.00","","-19.70","48","767","1023","","","","1.50","","NE","Переменная облачность","2026-01-22 20:34"
"-15.00","","-19.70","48","767","1023","","","","1.50","","NE","Переменная облачность","2026-01-22 20:35"
"-15.00","","-19.50","48","767","1023","","","","1.20","","NE","Переменная облачность","2026-01-22 20:36"
"-15.00","","-19.50","48","767","1023","","","","1.20","","NE","Переменная облачность","2026-01-22 20:37"
"-15.00","","-19.30","48","767","1023","","","","0.90","","NE","Переменная облачность","2026-01-22 20:38"
"-15.00","","-19.50","48","767","1023","","","","1.20","","NE","Переменная облачность","2026-01-22 20:39"
"-15.00","","-19.50","48","767","1023","","","","1.20","","NE","Переменная облачность","2026-01-22 20:40"
"-15.10","","-19.60","48","767","1023","","","","1.00","","NE","Переменная облачность","2026-01-22 20:41"
"-15.10","","-19.50","48","767","1023","","","","0.70","","NE","Переменная облачность","2026-01-22 20:42"
"-15.10","","-19.50","48","767","1023","","","","0.70","","NE","Переменная облачность","2026-01-22 20:43"
"-15.00","","-19.10","48","767","1023","","","","0.60","","NE","Переменная облачность","2026-01-22 20:44"
"-15.00","","-19.10","48","767","1023","","","","1.40","","NE","Переменная облачность","2026-01-22 20:45"
"-15.00","","-19.10","48","767","1023","","","","0.60","","NE","Переменная облачность","2026-01-22 20:46"
"-15.10","","-19.30","48","767","1023","","","","0.70","","NE","Переменная облачность","2026-01-22 20:47"
"-15.00","","-19.20","48","767","1023","","","","0.50","","NE","Переменная облачность","2026-01-22 20:48"
"-15.00","","-19.20","48","767","1023","","","","0.50","","NE","Переменная облачность","2026-01-22 20:49"
"-15.00","","-19.50","48","767","1023","","","","1.10","","NE","Переменная облачность","2026-01-22 20:50"
"-15.00","","-19.80","48","767","1023","","","","1.60","","NE","Переменная облачность","2026-01-22 20:51"
"-15.00","","-19.50","48","767","1023","","","","1.10","","NE","Переменная облачность","2026-01-22 20:52"
"-15.00","","-19.10","48","767","1023","","","","0.60","","NE","Переменная облачность","2026-01-22 20:53"
"-15.00","","-19.30","48","767","1023","","","","0.90","","NE","Переменная облачность","2026-01-22 20:54"
"-15.00","","-19.30","48","767","1023","","","","0.90","","NE","Переменная облачность","2026-01-22 20:55"
"-15.00","","-19.30","48","767","1023","","","","0.70","","NE","Переменная облачность","2026-01-22 20:56"
"-15.00","","-19.30","48","767","1023","","","","0.70","","NE","Переменная облачность","2026-01-22 20:57"
"-15.00","","-19.40","48","767","1023","","","","1.00","","NE","Переменная облачность","2026-01-22 20:58"
"-15.00","","-19.40","48","767","1023","","","","1.00","","NE","Переменная облачность","2026-01-22 20:59"
"-15.00","","-19.20","48","767","1023","","","","0.70","","NE","Переменная облачность","2026-01-22 21:00"
"-15.00","","-19.20","48","767","1023","","","","0.70","","NE","Переменная облачность","2026-01-22 21:01"
"-15.00","","-19.00","48","767","1023","","","","0.50","","NNE","Переменная облачность","2026-01-22 21:02"
"-15.00","","-19.00","48","767","1023","","","","0.50","","NNE","Переменная облачность","2026-01-22 21:03"
"-15.00","","-19.00","48","767","1023","","","","0.40","","NNE","Переменная облачность","2026-01-22 21:04"
"-15.00","","-19.00","48","767","1023","","","","0.50","","NNE","Переменная облачность","2026-01-22 21:05"
"-15.00","","-19.20","48","767","1023","","","","0.70","","NNE","Облачно","2026-01-22 21:06"
"-15.00","","-19.20","48","767","1023","","","","0.70","","NNE","Облачно","2026-01-22 21:07"
"-15.00","","-19.80","48","767","1023","","","","1.60","","NNE","Облачно","2026-01-22 21:08"
"-15.00","","-19.80","48","767","1023","","","","1.60","","NNE","Облачно","2026-01-22 21:09"
"-15.00","","-19.40","48","767","1023","","","","1.10","","NNE","Облачно","2026-01-22 21:10"
"-15.00","","-19.50","48","767","1023","","","","1.10","","NNE","Облачно","2026-01-22 21:11"
"-15.00","","-18.70","48","767","1023","","","","0.00","","NNE","Облачно","2026-01-22 21:12"
"-15.00","","-18.70","48","767","1023","","","","0.70","","NNE","Облачно","2026-01-22 21:13"
"-15.00","","-19.20","48","767","1023","","","","0.70","","NNE","Облачно","2026-01-22 21:14"
"-15.00","","-19.00","48","767","1023","","","","0.50","","NNE","Облачно","2026-01-22 21:15"
"-15.00","","-19.50","48","767","1023","","","","1.20","","NNE","Облачно","2026-01-22 21:16"
"-15.00","","-19.50","48","767","1023","","","","1.20","","NNE","Облачно","2026-01-22 21:17"
"-15.00","","-19.20","48","767","1023","","","","0.50","","NNE","Облачно","2026-01-22 21:18"
"-15.00","","-19.50","48","767","1023","","","","1.10","","NNE","Облачно","2026-01-22 21:19"
"-15.00","","-19.50","48","767","1023","","","","0.50","","NNE","Облачно","2026-01-22 21:20"
"-15.00","","-19.50","48","767","1023","","","","1.10","","NNE","Облачно","2026-01-22 21:21"
"-15.00","","-19.90","48","767","1023","","","","1.70","","NNE","Облачно","2026-01-22 21:22"
"-15.00","","-19.90","48","767","1023","","","","1.70","","NNE","Облачно","2026-01-22 21:23"
"-15.00","","-19.60","48","767","1023","","","","1.30","","NNE","Облачно","2026-01-22 21:24"
"-15.00","","-19.60","48","767","1023","","","","0.50","","NNE","Облачно","2026-01-22 21:25"
"-15.00","","-19.60","48","767","1023","","","","0.70","","NNE","Облачно","2026-01-22 21:26"
"-15.00","","-19.20","48","767","1023","","","","0.90","","NNE","Облачно","2026-01-22 21:27"
"-15.00","","-19.30","48","767","1023","","","","0.90","","NNE","Облачно","2026-01-22 21:28"
"-15.00","","-19.30","48","767","1023","","","","0.50","","NNE","Облачно","2026-01-22 21:29"
"-15.00","","-19.10","48","767","1023","","","","0.60","","NNE","Облачно","2026-01-22 21:30"
"-15.00","","-19.10","48","767","1023","","","","0.60","","NNE","Облачно","2026-01-22 21:31"
"-15.00","","-19.10","48","767","1023","","","","0.60","","NNE","Облачно","2026-01-22 21:32"
"-15.00","","-20.00","48","767","1023","","","","1.30","","NNE","Облачно","2026-01-22 21:33"
"-15.00","","-19.60","48","767","1023","","","","1.50","","NNE","Облачно","2026-01-22 21:34"
"-15.00","","-19.70","48","767","1023","","","","1.20","","NNE","Облачно","2026-01-22 21:35"
"-15.00","","-19.50","48","767","1023","","","","1.20","","NNE","Облачно","2026-01-22 21:36"
"-15.00","","-19.50","48","767","1023","","","","1.30","","NNE","Облачно","2026-01-22 21:37"
"-15.00","","-19.30","48","767","1023","","","","0.90","","NNE","Облачно","2026-01-22 21:38"
"-15.00","","-19.30","48","767","1023","","","","1.30","","NNE","Облачно","2026-01-22 21:39"
"-15.00","","-20.00","48","767","1023","","","","1.90","","NNE","Облачно","2026-01-22 21:40"
"-15.00","","-19.30","48","767","1023","","","","0.90","","NNE","Облачно","2026-01-22 21:41"
"-15.00","","-19.30","48","767","1023","","","","0.90","","NNE","Облачно","2026-01-22 21:42"
"-15.00","","-19.30","48","767","1023","","","","1.70","","NNE","Облачно","2026-01-22 21:43"
"-15.00","","-20.00","48","767","1023","","","","1.80","","NNE","Облачно","2026-01-22 21:44"
"-15.00","","-19.50","48","767","1023","","","","1.10","","NNE","Облачно","2026-01-22 21:45"
"-15.00","","-19.20","48","767","1023","","","","0.70","","NNE","Облачно","2026-01-22 21:46"
"-15.00","","-19.40","48","767","1023","","","","1.00","","NNE","Облачно","2026-01-22 21:47"
"-15.00","","-19.30","48","767","1023","","","","0.90","","NNE","Облачно","2026-01-22 21:48"
"-15.00","","-19.70","48","767","1023","","","","1.50","","NNE","Облачно","2026-01-22 21:49"
"-15.00","","-19.70","48","767","1023","","","","1.20","","NNE","Облачно","2026-01-22 21:50"
"-15.00","","-19.70","48","767","1023","","","","1.20","","NNE","Облачно","2026-01-22 21:51"
"-15.00","","-19.50","48","766","1022","","","","1.10","","NNE","Облачно","2026-01-22 21:52"
"-15.00","","-19.50","48","766","1022","","","","1.40","","NNE","Облачно","2026-01-22 21:53"
"-15.00","","-19.20","48","766","1022","","","","0.70","","NNE","Облачно","2026-01-22 21:54"
"-15.00","","-19.20","48","766","1022","","","","0.70","","NNE","Облачно","2026-01-22 21:55"
"-15.00","","-19.20","48","766","1022","","","","1.20","","NNE","Облачно","2026-01-22 21:56"
"-15.00","","-19.50","48","766","1022","","","","1.20","","NNE","Облачно","2026-01-22 21:57"
"-15.00","","-19.50","48","766","1022","","","","2.20","","NNE","Облачно","2026-01-22 21:58"
"-15.00","","-19.70","48","766","1022","","","","1.40","","NNE","Облачно","2026-01-22 21:59"
"-15.00","","-19.60","48","766","1022","","","","1.30","","NNE","Облачно","2026-01-22 22:00"
"-15.00","","-19.60","48","766","1022","","","","1.20","","NNE","Облачно","2026-01-22 22:01"
"-15.00","","-19.60","48","766","1022","","","","1.20","","NNE","Облачно","2026-01-22 22:02"
"-15.00","","-19.90","48","766","1022","","","","1.70","","NNE","Облачно","2026-01-22 22:03"
"-15.00","","-19.90","48","766","1022","","","","1.70","","NNE","Облачно","2026-01-22 22:04"
"-15.00","","-19.70","48","766","1022","","","","1.50","","NNE","Облачно","2026-01-22 22:05"
"-15.00","","-19.70","48","767","1023","","","","0.50","","NNE","Облачно","2026-01-22 22:06"
"-15.00","","-19.70","48","767","1023","","","","0.70","","NNE","Облачно","2026-01-22 22:07"
"-15.00","","-19.70","48","767","1023","","","","0.70","","NNE","Облачно","2026-01-22 22:08"
"-15.00","","-20.20","48","767","1023","","","","2.20","","NNE","Облачно","2026-01-22 22:09"
"-15.00","","-19.60","48","767","1023","","","","1.30","","NNE","Облачно","2026-01-22 22:10"
"-15.00","","-19.60","48","767","1023","","","","0.70","","NNE","Облачно","2026-01-22 22:11"
"-15.00","","-19.20","48","767","1023","","","","0.90","","NNE","Облачно","2026-01-22 22:12"
"-15.00","","-19.20","48","767","1023","","","","1.50","","NNE","Облачно","2026-01-22 22:13"
"-15.00","","-19.20","48","767","1023","","","","1.50","","NNE","Облачно","2026-01-22 22:14"
"-15.00","","-19.70","48","767","1023","","","","1.50","","NNE","Облачно","2026-01-22 22:15"
"-15.00","","-19.20","48","767","1023","","","","0.70","","NNE","Облачно","2026-01-22 22:16"
"-15.00","","-19.20","48","767","1023","","","","0.70","","NNE","Облачно","2026-01-22 22:17"
"-15.00","","-20.90","48","767","1023","","","","3.10","","NNE","Облачно","2026-01-22 22:18"
"-15.00","","-20.90","48","767","1023","","","","0.50","","NNE","Облачно","2026-01-22 22:19"
"-15.00","","-19.00","48","767","1023","","","","1.80","","NNE","Облачно","2026-01-22 22:20"
"-15.00","","-19.00","48","767","1023","","","","1.80","","NNE","Облачно","2026-01-22 22:21"
"-15.00","","-19.20","48","767","1023","","","","0.70","","NNE","Облачно","2026-01-22 22:22"
"-15.00","","-19.80","48","767","1023","","","","1.60","","NNE","Облачно","2026-01-22 22:23"
"-15.00","","-19.80","48","767","1023","","","","1.60","","NNE","Облачно","2026-01-22 22:24"
"-15.00","","-19.80","48","767","1023","","","","2.20","","NNE","Облачно","2026-01-22 22:25"
"-15.00","","-20.10","48","767","1023","","","","2.00","","NNE","Облачно","2026-01-22 22:26"
"-15.00","","-20.10","48","767","1023","","","","1.40","","NNE","Облачно","2026-01-22 22:27"
"-15.00","","-19.70","48","767","1023","","","","1.90","","NNE","Облачно","2026-01-22 22:28"
"-15.00","","-19.70","48","767","1023","","","","1.90","","NNE","Облачно","2026-01-22 22:29"
"-15.00","","-20.00","48","767","1023","","","","1.90","","NNE","Облачно","2026-01-22 22:30"
"-15.00","","-19.50","48","767","1023","","","","1.20","","NNE","Облачно","2026-01-22 22:31"
"-15.00","","-19.50","48","767","1023","","","","1.90","","NNE","Облачно","2026-01-22 22:32"
"-15.00","","-20.00","48","767","1023","","","","1.90","","NNE","Облачно","2026-01-22 22:33"
"-15.00","","-19.60","48","767","1023","","","","1.30","","NNE","Облачно","2026-01-22 22:34"
"-15.00","","-19.60","48","767","1023","","","","1.90","","NNE","Облачно","2026-01-22 22:35"
"-15.00","","-19.60","48","766","1022","","","","1.30","","NNE","Облачно","2026-01-22 22:36"
"-15.00","","-19.60","48","766","1022","","","","1.30","","NNE","Облачно","2026-01-22 22:37"
"-15.00","","-19.50","48","766","1022","","","","1.20","","NNE","Облачно","2026-01-22 22:38"
"-15.00","","-19.50","48","766","1022","","","","1.20","","NNE","Облачно","2026-01-22 22:39"
"-15.00","","-20.40","48","766","1022","","","","2.50","","NNE","Облачно","2026-01-22 22:40"
"-15.00","","-19.60","48","766","1022","","","","1.30","","NNE","Облачно","2026-01-22 22:41"
"-15.00","","-19.60","48","766","1022","","","","1.30","","NNE","Облачно","2026-01-22 22:42"
"-15.00","","-19.60","48","766","1022","","","","1.30","","NNE","Облачно","2026-01-22 22:43"
"-15.00","","-19.60","48","766","1022","","","","1.30","","NNE","Облачно","2026-01-22 22:44"
"-15.00","","-19.50","48","766","1022","","","","1.20","","NNE","Облачно","2026-01-22 22:45"
"-15.00","","-19.50","48","766","1022","","","","1.20","","NNE","Облачно","2026-01-22 22:46"
"-15.00","","-19.70","48","766","1022","","","","1.50","","NNE","Облачно","2026-01-22 22:47"
"-15.00","","-19.70","48","766","1022","","","","1.50","","NNE","Облачно","2026-01-22 22:48"
"-15.00","","-19.40","48","766","1022","","","","1.00","","NNE","Облачно","2026-01-22 22:49"
"-15.00","","-19.40","48","766","1022","","","","1.50","","NNE","Облачно","2026-01-22 22:50"
"-15.00","","-20.00","48","766","1022","","","","1.90","","NNE","Облачно","2026-01-22 22:51"
"-15.00","","-20.00","48","766","1022","","","","1.90","","NNE","Облачно","2026-01-22 22:52"
"-15.00","","-19.50","48","766","1022","","","","1.20","","NNE","Облачно","2026-01-22 22:53"
"-15.00","","-19.70","48","766","1022","","","","1.50","","NNE","Облачно","2026-01-22 22:54"
"-15.00","","-19.90","48","766","1022","","","","1.70","","NNE","Облачно","2026-01-22 22:55"
"-15.00","","-19.90","48","766","1022","","","","1.10","","NNE","Облачно","2026-01-22 22:56"
"-15.00","","-19.50","48","766","1022","","","","1.10","","NNE","Облачно","2026-01-22 22:57"
"-15.00","","-19.50","48","766","1022","","","","1.30","","NNE","Облачно","2026-01-22 22:58"
"-15.00","","-19.60","48","766","1022","","","","1.30","","NNE","Облачно","2026-01-22 22:59"
"-15.00","","-19.80","48","766","1022","","","","1.60","","NNE","Облачно","2026-01-22 23:00"
"-15.00","","-19.80","48","766","1022","","","","1.60","","NNE","Облачно","2026-01-22 23:01"
"-15.00","","-19.80","48","766","1022","","","","1.60","","NNE","Облачно","2026-01-22 23:02"
"-15.00","","-19.70","48","766","1022","","","","1.40","","NNE","Облачно","2026-01-22 23:03"
"-15.00","","-19.70","48","766","1022","","","","1.40","","NNE","Облачно","2026-01-22 23:04"
"-15.00","","-19.50","48","766","1022","","","","1.40","","NNE","Облачно","2026-01-22 23:05"
"-15.00","","-19.70","48","766","1022","","","","2.00","","NNE","Облачно","2026-01-22 23:06"
"-15.00","","-20.00","48","766","1022","","","","1.80","","NNE","Облачно","2026-01-22 23:07"
"-15.00","","-19.70","48","766","1022","","","","1.50","","NNE","Облачно","2026-01-22 23:08"
"-15.00","","-19.20","48","766","1022","","","","0.70","","NNE","Облачно","2026-01-22 23:09"
"-15.00","","-19.50","48","766","1022","","","","1.20","","NNE","Облачно","2026-01-22 23:10"
"-15.00","","-19.50","48","766","1022","","","","1.20","","NNE","Облачно","2026-01-22 23:11"
"-15.00","","-19.50","48","766","1022","","","","1.40","","NNE","Облачно","2026-01-22 23:12"
"-15.00","","-19.50","48","766","1022","","","","1.10","","NNE","Облачно","2026-01-22 23:13"
"-15.00","","-19.50","48","766","1022","","","","1.20","","NNE","Облачно","2026-01-22 23:14"
"-15.00","","-19.50","48","766","1022","","","","1.20","","NNE","Облачно","2026-01-22 23:15"
"-15.00","","-19.20","48","766","1022","","","","0.70","","NNE","Облачно","2026-01-22 23:17"
"-15.00","","-19.00","48","766","1022","","","","0.50","","NNE","Облачно","2026-01-22 23:18"
"-15.00","","-19.00","48","766","1022","","","","0.50","","NNE","Облачно","2026-01-22 23:19"
"-15.00","","-19.00","48","766","1022","","","","0.90","","NNE","Облачно","2026-01-22 23:20"
"-15.00","","-19.30","48","766","1022","","","","1.50","","NNE","Облачно","2026-01-22 23:21"
"-15.00","","-19.70","48","766","1022","","","","1.40","","NNE","Облачно","2026-01-22 23:22"
"-15.00","","-19.50","48","766","1022","","","","1.10","","NNE","Облачно","2026-01-22 23:23"
"-15.10","","-19.50","48","766","1022","","","","1.00","","NNE","Облачно","2026-01-22 23:24"
"-15.00","","-19.30","48","766","1022","","","","0.90","","NNE","Облачно","2026-01-22 23:25"
"-15.00","","-19.30","48","766","1022","","","","0.90","","NNE","Облачно","2026-01-22 23:26"
"-15.00","","-19.10","48","766","1022","","","","0.60","","NNE","Облачно","2026-01-22 23:27"
"-15.00","","-19.10","48","766","1022","","","","0.60","","NNE","Облачно","2026-01-22 23:28"
"-15.00","","-19.10","48","766","1022","","","","0.60","","NNE","Облачно","2026-01-22 23:29"
"-15.10","","-20.00","48","766","1022","","","","1.70","","NNE","Облачно","2026-01-22 23:30"
"-15.10","","-20.00","48","766","1022","","","","1.70","","NNE","Облачно","2026-01-22 23:31"
"-15.10","","-20.10","48","766","1022","","","","1.90","","NNE","Облачно","2026-01-22 23:32"
"-15.10","","-19.80","48","766","1022","","","","1.40","","NNE","Облачно","2026-01-22 23:33"
"-15.10","","-19.80","48","766","1022","","","","1.50","","NNE","Облачно","2026-01-22 23:34"
"-15.10","","-19.80","48","766","1022","","","","1.50","","NNE","Облачно","2026-01-22 23:35"
"-15.10","","-20.60","48","766","1022","","","","2.60","","NNE","Облачно","2026-01-22 23:36"
"-15.10","","-20.60","48","766","1022","","","","2.60","","NNE","Облачно","2026-01-22 23:37"
"-15.10","","-19.80","48","766","1022","","","","1.40","","NNE","Облачно","2026-01-22 23:38"
"-15.10","","-20.30","48","766","1022","","","","2.20","","NNE","Облачно","2026-01-22 23:39"
"-15.10","","-20.20","48","766","1022","","","","2.00","","NNE","Облачно","2026-01-22 23:40"
"-15.10","","-20.00","48","766","1022","","","","1.70","","NNE","Облачно","2026-01-22 23:41"
"-15.10","","-20.30","48","766","1022","","","","2.10","","NNE","Облачно","2026-01-22 23:42"
"-15.10","","-20.30","48","766","1022","","","","1.80","","NNE","Облачно","2026-01-22 23:43"
"-15.20","","-20.00","48","766","1022","","","","1.60","","NNE","Облачно","2026-01-22 23:44"
"-15.20","","-20.00","48","766","1022","","","","1.60","","NNE","Облачно","2026-01-22 23:45"
"-15.20","","-20.00","48","766","1022","","","","1.60","","NNE","Облачно","2026-01-22 23:46"
"-15.20","","-20.00","48","766","1022","","","","1.50","","NNE","Облачно","2026-01-22 23:47"
"-15.20","","-20.00","48","766","1022","","","","1.50","","NNE","Облачно","2026-01-22 23:48"
"-15.20","","-20.00","48","766","1022","","","","1.50","","NNE","Облачно","2026-01-22 23:49"
"-15.20","","-20.90","48","766","1022","","","","2.80","","NNE","Облачно","2026-01-22 23:50"
"-15.20","","-20.90","48","766","1022","","","","1.40","","NNE","Облачно","2026-01-22 23:51"
"-15.20","","-20.90","48","766","1022","","","","2.20","","NNE","Облачно","2026-01-22 23:52"
"-15.20","","-20.20","48","766","1022","","","","1.80","","NNE","Облачно","2026-01-22 23:53"
"-15.20","","-20.20","48","766","1022","","","","1.70","","NNE","Облачно","2026-01-22 23:54"
"-15.20","","-20.10","48","766","1022","","","","1.70","","NNE","Облачно","2026-01-22 23:55"
"-15.20","","-20.10","48","766","1022","","","","1.70","","NNE","Облачно","2026-01-22 23:56"
"-15.20","","-20.00","48","766","1022","","","","1.70","","NNE","Облачно","2026-01-22 23:57"
"-15.20","","-20.00","48","766","1022","","","","1.70","","NNE","Облачно","2026-01-22 23:58"
"-15.20","","-19.60","48","766","1022","","","","1.00","","NNE","Облачно","2026-01-22 23:59"