"Temp","Temp Water","Temp Feels Like","Humidity","Pressure Mm","Pressure Hpa","Precip Mm","Precip Type","Precip Intensity","Wind Speed Ms","Wind Gust Speed Ms","Wind Dir","Condition","Created At"
"-19.00","","-23.10","48","770","1027","","","","0.40","","NE","Несущественная облачность","2026-01-25 00:00"
"-19.00","","-23.20","48","770","1027","","","","0.60","","NE","Несущественная облачность","2026-01-25 00:01"
"-19.00","","-23.20","48","770","1027","","","","0.60","","NE","Несущественная облачность","2026-01-25 00:02"
"-19.00","","-23.20","48","770","1027","","","","0.60","","NE","Несущественная облачность","2026-01-25 00:03"
"-19.00","","-23.20","48","770","1027","","","","0.60","","NE","Несущественная облачность","2026-01-25 00:04"
"-19.00","","-23.10","48","770","1027","","","","0.40","","NE","Несущественная облачность","2026-01-25 00:05"
"-19.00","","-22.80","48","771","1028","","","","0.00","","NE","Несущественная облачность","2026-01-25 00:06"
"-19.00","","-23.10","48","771","1028","","","","0.40","","NE","Несущественная облачность","2026-01-25 00:07"
"-19.00","","-23.10","48","771","1028","","","","0.40","","NE","Несущественная облачность","2026-01-25 00:08"
"-19.00","","-23.20","48","771","1028","","","","0.60","","NE","Несущественная облачность","2026-01-25 00:09"
"-19.00","","-23.10","48","771","1028","","","","0.40","","NE","Несущественная облачность","2026-01-25 00:10"
"-19.00","","-23.10","48","771","1028","","","","0.40","","NE","Несущественная облачность","2026-01-25 00:11"
"-19.00","","-23.10","48","771","1028","","","","0.50","","NE","Несущественная облачность","2026-01-25 00:12"
"-19.00","","-23.10","48","771","1028","","","","0.50","","NE","Несущественная облачность","2026-01-25 00:13"
"-19.00","","-23.10","48","771","1028","","","","0.00","","NE","Несущественная облачность","2026-01-25 00:14"
"-19.00","","-23.10","48","771","1028","","","","0.40","","NE","Несущественная облачность","2026-01-25 00:15"
"-19.00","","-22.80","48","771","1028","","","","0.00","","NE","Несущественная облачность","2026-01-25 00:16"
"-19.00","","-22.80","48","771","1028","","","","0.00","","NE","Несущественная облачность","2026-01-25 00:17"
"-19.00","","-23.10","48","771","1028","","","","0.40","","NE","Несущественная облачность","2026-01-25 00:18"
"-19.00","","-23.10","48","771","1028","","","","0.40","","NE","Несущественная облачность","2026-01-25 00:19"
"-19.00","","-23.10","48","771","1028","","","","0.00","","NE","Несущественная облачность","2026-01-25 00:20"
"-19.00","","-23.10","48","770","1027","","","","0.60","","NE","Несущественная облачность","2026-01-25 00:21"
"-19.00","","-22.80","48","770","1027","","","","0.00","","NE","Несущественная облачность","2026-01-25 00:22"
"-19.00","","-22.80","48","770","1027","","","","0.00","","NE","Несущественная облачность","2026-01-25 00:23"
"-19.00","","-22.80","48","770","1027","","","","0.00","","NE","Несущественная облачность","2026-01-25 00:24"
"-19.00","","-22.80","48","770","1027","","","","0.00","","NE","Несущественная облачность","2026-01-25 00:25"
"-19.00","","-22.80","48","770","1027","","","","0.00","","NE","Несущественная облачность","2026-01-25 00:26"
"-19.00","","-22.80","48","770","1027","","","","0.00","","NE","Несущественная облачность","2026-01-25 00:27"
"-19.00","","-22.80","48","770","1027","","","","0.00","","NE","Несущественная облачность","2026-01-25 00:28"
"-19.00","","-22.80","48","770","1027","","","","0.00","","NE","Несущественная облачность","2026-01-25 00:29"
"-19.00","","-23.10","48","770","1027","","","","0.40","","NE","Несущественная облачность","2026-01-25 00:30"
"-19.00","","-22.80","48","770","1027","","","","0.00","","NE","Несущественная облачность","2026-01-25 00:31"
"-19.00","","-22.80","48","770","1027","","","","0.00","","NE","Несущественная облачность","2026-01-25 00:32"
"-19.00","","-22.80","48","770","1027","","","","0.00","","NE","Несущественная облачность","2026-01-25 00:33"
"-19.00","","-22.80","48","770","1027","","","","0.00","","NE","Несущественная облачность","2026-01-25 00:34"
"-19.00","","-22.80","48","770","1027","","","","0.00","","NE","Несущественная облачность","2026-01-25 00:35"
"-19.00","","-22.80","48","771","1028","","","","0.40","","NE","Несущественная облачность","2026-01-25 00:36"
"-19.00","","-23.10","48","771","1028","","","","0.40","","NE","Несущественная облачность","2026-01-25 00:37"
"-19.00","","-22.80","48","771","1028","","","","0.00","","NE","Несущественная облачность","2026-01-25 00:38"
"-19.00","","-23.10","48","771","1028","","","","0.50","","NE","Несущественная облачность","2026-01-25 00:39"
"-19.00","","-23.10","48","771","1028","","","","0.40","","NE","Несущественная облачность","2026-01-25 00:40"
"-19.00","","-23.10","48","771","1028","","","","0.40","","NE","Несущественная облачность","2026-01-25 00:41"
"-19.00","","-23.10","48","771","1028","","","","0.00","","NE","Несущественная облачность","2026-01-25 00:42"
"-19.00","","-22.80","48","771","1028","","","","0.40","","NE","Несущественная облачность","2026-01-25 00:43"
"-19.00","","-23.10","48","771","1028","","","","0.00","","NE","Несущественная облачность","2026-01-25 00:44"
"-19.00","","-23.10","48","771","1028","","","","0.40","","NE","Несущественная облачность","2026-01-25 00:45"
"-19.00","","-22.80","48","771","1028","","","","0.00","","NE","Несущественная облачность","2026-01-25 00:46"
"-19.00","","-23.20","48","771","1028","","","","0.60","","NE","Несущественная облачность","2026-01-25 00:47"
"-19.00","","-23.20","48","771","1028","","","","0.40","","NE","Несущественная облачность","2026-01-25 00:48"
"-19.00","","-23.20","48","771","1028","","","","0.40","","NE","Несущественная облачность","2026-01-25 00:49"
"-19.00","","-23.10","48","771","1028","","","","0.50","","NE","Несущественная облачность","2026-01-25 00:50"
"-19.00","","-23.10","48","770","1027","","","","0.60","","NE","Несущественная облачность","2026-01-25 00:51"
"-19.00","","-23.10","48","770","1027","","","","0.50","","NE","Несущественная облачность","2026-01-25 00:52"
"-19.00","","-23.10","48","770","1027","","","","0.50","","NE","Несущественная облачность","2026-01-25 00:53"
"-19.00","","-22.80","48","770","1027","","","","0.00","","NE","Несущественная облачность","2026-01-25 00:54"
"-19.00","","-22.80","48","770","1027","","","","0.00","","NE","Несущественная облачность","2026-01-25 00:55"
"-19.00","","-22.80","48","770","1027","","","","0.00","","NE","Несущественная облачность","2026-01-25 00:56"
"-19.00","","-22.80","48","770","1027","","","","0.40","","NE","Несущественная облачность","2026-01-25 00:57"
"-19.00","","-23.10","48","770","1027","","","","0.40","","NE","Несущественная облачность","2026-01-25 00:58"
"-19.00","","-23.10","48","770","1027","","","","0.50","","NE","Несущественная облачность","2026-01-25 00:59"
"-19.00","","-22.80","48","770","1027","","","","0.00","","NE","Несущественная облачность","2026-01-25 01:00"
"-19.00","","-22.80","48","770","1027","","","","0.00","","NE","Несущественная облачность","2026-01-25 01:01"
"-19.00","","-22.80","48","770","1027","","","","0.00","","NE","Несущественная облачность","2026-01-25 01:02"
"-19.00","","-22.80","48","770","1027","","","","0.00","","NE","Несущественная облачность","2026-01-25 01:03"
"-19.00","","-22.80","48","770","1027","","","","0.00","","NE","Несущественная облачность","2026-01-25 01:04"
"-19.00","","-22.80","48","770","1027","","","","0.00","","NE","Несущественная облачность","2026-01-25 01:05"
"-19.00","","-22.80","48","770","1027","","","","0.00","","NE","Несущественная облачность","2026-01-25 01:06"
"-19.00","","-22.80","48","770","1027","","","","0.00","","NE","Несущественная облачность","2026-01-25 01:07"
"-19.00","","-22.80","48","770","1027","","","","0.00","","NE","Несущественная облачность","2026-01-25 01:08"
"-19.00","","-22.80","48","770","1027","","","","0.00","","NE","Несущественная облачность","2026-01-25 01:09"
"-19.00","","-22.80","48","770","1027","","","","0.00","","NE","Несущественная облачность","2026-01-25 01:10"
"-19.00","","-22.80","48","770","1027","","","","0.00","","NE","Несущественная облачность","2026-01-25 01:11"
"-19.00","","-22.80","48","770","1027","","","","0.00","","NE","Несущественная облачность","2026-01-25 01:12"
"-19.00","","-22.80","48","770","1027","","","","0.00","","NE","Несущественная облачность","2026-01-25 01:13"
"-19.00","","-22.80","48","770","1027","","","","0.00","","NE","Несущественная облачность","2026-01-25 01:14"
"-19.00","","-22.80","48","770","1027","","","","0.00","","NE","Несущественная облачность","2026-01-25 01:15"
"-19.00","","-22.80","48","770","1027","","","","0.00","","NE","Несущественная облачность","2026-01-25 01:16"
"-19.00","","-23.10","48","770","1027","","","","0.40","","NE","Несущественная облачность","2026-01-25 01:17"
"-19.00","","-23.10","48","770","1027","","","","0.50","","NE","Несущественная облачность","2026-01-25 01:18"
"-19.00","","-23.10","48","770","1027","","","","0.00","","NE","Несущественная облачность","2026-01-25 01:19"
"-19.00","","-22.80","48","770","1027","","","","0.00","","NE","Несущественная облачность","2026-01-25 01:20"
"-19.00","","-22.80","48","770","1027","","","","0.00","","NE","Несущественная облачность","2026-01-25 01:21"
"-19.00","","-23.10","48","771","1028","","","","0.00","","NE","Несущественная облачность","2026-01-25 01:22"
"-19.00","","-22.80","48","771","1028","","","","0.00","","NE","Несущественная облачность","2026-01-25 01:23"
"-19.00","","-22.80","48","771","1028","","","","0.50","","NE","Несущественная облачность","2026-01-25 01:24"
"-19.00","","-22.80","48","771","1028","","","","0.00","","NE","Несущественная облачность","2026-01-25 01:25"
"-19.00","","-22.80","48","771","1028","","","","0.00","","NE","Несущественная облачность","2026-01-25 01:26"
"-19.00","","-22.80","48","771","1028","","","","0.00","","NE","Несущественная облачность","2026-01-25 01:27"
"-19.10","","-22.90","48","771","1028","","","","0.00","","NE","Несущественная облачность","2026-01-25 01:28"
"-19.10","","-22.90","48","771","1028","","","","0.00","","NE","Несущественная облачность","2026-01-25 01:29"
"-19.10","","-22.90","48","771","1028","","","","0.00","","NE","Несущественная облачность","2026-01-25 01:30"
"-19.10","","-22.90","48","771","1028","","","","0.00","","NE","Несущественная облачность","2026-01-25 01:31"
"-19.10","","-22.90","48","771","1028","","","","0.00","","NE","Несущественная облачность","2026-01-25 01:32"
"-19.10","","-22.90","48","771","1028","","","","0.00","","NE","Несущественная облачность","2026-01-25 01:33"
"-19.10","","-22.90","48","771","1028","","","","0.00","","NE","Несущественная облачность","2026-01-25 01:34"
"-19.10","","-22.90","48","771","1028","","","","0.40","","NE","Несущественная облачность","2026-01-25 01:35"
"-19.10","","-22.90","48","771","1028","","","","0.40","","NE","Несущественная облачность","2026-01-25 01:36"
"-19.10","","-23.20","48","771","1028","","","","0.00","","NE","Несущественная облачность","2026-01-25 01:37"
"-19.10","","-22.90","48","771","1028","","","","0.00","","NE","Несущественная облачность","2026-01-25 01:38"
"-19.10","","-22.90","48","771","1028","","","","0.00","","NE","Несущественная облачность","2026-01-25 01:39"
"-19.10","","-22.90","48","771","1028","","","","0.00","","NE","Несущественная облачность","2026-01-25 01:40"
"-19.10","","-22.90","48","771","1028","","","","0.00","","NE","Несущественная облачность","2026-01-25 01:41"
"-19.10","","-22.90","48","771","1028","","","","0.00","","NE","Несущественная облачность","2026-01-25 01:42"
"-19.10","","-22.90","48","771","1028","","","","0.00","","NE","Несущественная облачность","2026-01-25 01:43"
"-19.10","","-22.90","48","771","1028","","","","0.00","","NE","Несущественная облачность","2026-01-25 01:44"
"-19.10","","-22.90","48","771","1028","","","","0.00","","NE","Несущественная облачность","2026-01-25 01:45"
"-19.10","","-22.90","48","771","1028","","","","0.00","","NE","Несущественная облачность","2026-01-25 01:46"
"-19.10","","-22.90","48","771","1028","","","","0.00","","NE","Несущественная облачность","2026-01-25 01:47"
"-19.10","","-22.90","48","771","1028","","","","0.00","","NE","Несущественная облачность","2026-01-25 01:48"
"-19.10","","-22.90","48","771","1028","","","","0.00","","NE","Несущественная облачность","2026-01-25 01:49"
"-19.20","","-23.00","48","771","1028","","","","0.00","","NE","Несущественная облачность","2026-01-25 01:50"
"-19.20","","-23.00","48","770","1027","","","","0.50","","NE","Несущественная облачность","2026-01-25 01:51"
"-19.20","","-23.30","48","770","1027","","","","0.40","","NE","Несущественная облачность","2026-01-25 01:52"
"-19.20","","-23.00","48","770","1027","","","","0.00","","NE","Несущественная облачность","2026-01-25 01:53"
"-19.20","","-23.00","48","770","1027","","","","0.00","","NE","Несущественная облачность","2026-01-25 01:54"
"-19.30","","-23.40","48","770","1027","","","","0.40","","NE","Несущественная облачность","2026-01-25 01:55"
"-19.30","","-23.40","48","770","1027","","","","0.00","","NE","Несущественная облачность","2026-01-25 01:56"
"-19.30","","-23.40","48","770","1027","","","","0.40","","NE","Несущественная облачность","2026-01-25 01:57"
"-19.30","","-23.40","48","770","1027","","","","0.40","","NE","Несущественная облачность","2026-01-25 01:58"
"-19.30","","-23.40","48","770","1027","","","","0.00","","NE","Несущественная облачность","2026-01-25 01:59"
"-19.30","","-23.40","48","770","1027","","","","0.40","","NE","Несущественная облачность","2026-01-25 02:00"
"-19.30","","-23.10","48","770","1027","","","","0.00","","NE","Несущественная облачность","2026-01-25 02:01"
"-19.30","","-23.10","48","770","1027","","","","0.00","","NE","Несущественная облачность","2026-01-25 02:02"
"-19.30","","-23.40","48","770","1027","","","","0.40","","NE","Несущественная облачность","2026-01-25 02:03"
"-19.30","","-23.40","48","770","1027","","","","0.40","","NE","Несущественная облачность","2026-01-25 02:04"
"-19.30","","-23.10","48","770","1027","","","","0.00","","NE","Несущественная облачность","2026-01-25 02:05"
"-19.30","","-23.10","48","771","1028","","","","0.00","","NE","Несущественная облачность","2026-01-25 02:06"
"-19.30","","-23.10","48","771","1028","","","","0.00","","NE","Несущественная облачность","2026-01-25 02:07"
"-19.30","","-23.10","48","771","1028","","","","0.00","","NE","Несущественная облачность","2026-01-25 02:08"
"-19.30","","-23.10","48","771","1028","","","","0.00","","NE","Несущественная облачность","2026-01-25 02:09"
"-19.30","","-23.40","48","771","1028","","","","0.00","","NE","Несущественная облачность","2026-01-25 02:10"
"-19.30","","-23.10","48","771","1028","","","","0.00","","NE","Несущественная облачность","2026-01-25 02:11"
"-19.30","","-23.10","48","771","1028","","","","0.00","","NE","Несущественная облачность","2026-01-25 02:12"
"-19.40","","-23.20","48","771","1028","","","","0.00","","NE","Несущественная облачность","2026-01-25 02:13"
"-19.40","","-23.20","48","771","1028","","","","0.00","","NE","Несущественная облачность","2026-01-25 02:14"
"-19.40","","-23.20","48","771","1028","","","","0.00","","NE","Несущественная облачность","2026-01-25 02:15"
"-19.40","","-23.20","48","771","1028","","","","0.00","","NE","Несущественная облачность","2026-01-25 02:16"
"-19.40","","-23.20","48","771","1028","","","","0.00","","NE","Несущественная облачность","2026-01-25 02:17"
"-19.40","","-23.20","48","771","1028","","","","0.00","","NE","Несущественная облачность","2026-01-25 02:18"
"-19.40","","-23.20","48","771","1028","","","","0.00","","NE","Несущественная облачность","2026-01-25 02:19"
"-19.40","","-23.20","48","771","1028","","","","0.00","","NE","Несущественная облачность","2026-01-25 02:20"
"-19.40","","-23.20","48","771","1028","","","","0.00","","NE","Несущественная облачность","2026-01-25 02:21"
"-19.40","","-23.20","48","771","1028","","","","0.00","","NE","Несущественная облачность","2026-01-25 02:22"
"-19.40","","-23.20","48","771","1028","","","","0.00","","NE","Несущественная облачность","2026-01-25 02:23"
"-19.40","","-23.20","48","771","1028","","","","0.00","","NE","Несущественная облачность","2026-01-25 02:24"
"-19.40","","-23.20","48","771","1028","","","","0.00","","NE","Несущественная облачность","2026-01-25 02:25"
"-19.40","","-23.20","48","771","1028","","","","0.00","","NE","Несущественная облачность","2026-01-25 02:26"
"-19.40","","-23.20","48","771","1028","","","","0.00","","NE","Несущественная облачность","2026-01-25 02:27"
"-19.40","","-23.20","48","771","1028","","","","0.00","","NE","Несущественная облачность","2026-01-25 02:28"
"-19.40","","-23.20","48","771","1028","","","","0.00","","NE","Несущественная облачность","2026-01-25 02:29"
"-19.40","","-23.20","48","771","1028","","","","0.00","","NE","Несущественная облачность","2026-01-25 02:30"
"-19.40","","-23.20","48","771","1028","","","","0.00","","NE","Несущественная облачность","2026-01-25 02:31"
"-19.50","","-23.30","48","771","1028","","","","0.00","","NE","Несущественная облачность","2026-01-25 02:32"
"-19.50","","-23.30","48","771","1028","","","","0.00","","NE","Несущественная облачность","2026-01-25 02:33"
"-19.50","","-23.30","48","771","1028","","","","0.00","","NE","Несущественная облачность","2026-01-25 02:34"
"-19.50","","-23.30","48","771","1028","","","","0.00","","NE","Несущественная облачность","2026-01-25 02:35"
"-19.50","","-23.30","48","771","1028","","","","0.00","","NE","Несущественная облачность","2026-01-25 02:36"
"-19.50","","-23.30","48","771","1028","","","","0.00","","NE","Несущественная облачность","2026-01-25 02:37"
"-19.50","","-23.30","48","771","1028","","","","0.00","","NE","Несущественная облачность","2026-01-25 02:38"
"-19.50","","-23.30","48","771","1028","","","","0.00","","NE","Несущественная облачность","2026-01-25 02:39"
"-19.50","","-23.30","48","771","1028","","","","0.00","","NE","Несущественная облачность","2026-01-25 02:40"
"-19.50","","-23.30","48","771","1028","","","","0.00","","NE","Несущественная облачность","2026-01-25 02:41"
"-19.50","","-23.30","48","771","1028","","","","0.00","","NE","Несущественная облачность","2026-01-25 02:42"
"-19.50","","-23.30","48","771","1028","","","","0.00","","NE","Несущественная облачность","2026-01-25 02:43"
"-19.50","","-23.30","48","771","1028","","","","0.00","","NE","Несущественная облачность","2026-01-25 02:44"
"-19.50","","-23.30","48","771","1028","","","","0.00","","NE","Несущественная облачность","2026-01-25 02:45"
"-19.50","","-23.30","48","771","1028","","","","0.00","","NE","Несущественная облачность","2026-01-25 02:46"
"-19.50","","-23.30","48","771","1028","","","","0.00","","NE","Несущественная облачность","2026-01-25 02:47"
"-19.50","","-23.30","48","771","1028","","","","0.00","","NE","Несущественная облачность","2026-01-25 02:48"
"-19.50","","-23.30","48","771","1028","","","","0.00","","NE","Несущественная облачность","2026-01-25 02:49"
"-19.50","","-23.30","48","771","1028","","","","0.00","","NE","Несущественная облачность","2026-01-25 02:50"
"-19.50","","-23.30","48","771","1028","","","","0.00","","NE","Несущественная облачность","2026-01-25 02:51"
"-19.50","","-23.30","48","771","1028","","","","0.00","","NE","Несущественная облачность","2026-01-25 02:52"
"-19.50","","-23.30","48","771","1028","","","","0.00","","NE","Несущественная облачность","2026-01-25 02:53"
"-19.50","","-23.30","48","771","1028","","","","0.00","","NE","Несущественная облачность","2026-01-25 02:54"
"-19.50","","-23.30","48","771","1028","","","","0.00","","NE","Несущественная облачность","2026-01-25 02:55"
"-19.50","","-23.30","48","771","1028","","","","0.00","","NE","Несущественная облачность","2026-01-25 02:56"
"-19.60","","-23.40","48","771","1028","","","","0.00","","NE","Несущественная облачность","2026-01-25 02:57"
"-19.60","","-23.40","48","771","1028","","","","0.00","","NE","Несущественная облачность","2026-01-25 02:58"
"-19.60","","-23.40","48","771","1028","","","","0.00","","NE","Несущественная облачность","2026-01-25 02:59"
"-19.60","","-23.40","48","771","1028","","","","0.00","","NE","Несущественная облачность","2026-01-25 03:00"
"-19.60","","-23.40","48","771","1028","","","","0.00","","NE","Несущественная облачность","2026-01-25 03:01"
"-19.70","","-23.50","48","771","1028","","","","0.00","","NE","Несущественная облачность","2026-01-25 03:02"
"-19.70","","-23.50","48","771","1028","","","","0.00","","NE","Несущественная облачность","2026-01-25 03:03"
"-19.70","","-23.50","48","771","1028","","","","0.00","","NE","Несущественная облачность","2026-01-25 03:04"
"-19.70","","-23.80","48","771","1028","","","","0.40","","NE","Несущественная облачность","2026-01-25 03:05"
"-19.70","","-23.80","48","770","1027","","","","0.00","","NE","Несущественная облачность","2026-01-25 03:06"
"-19.70","","-23.80","48","770","1027","","","","0.00","","NE","Несущественная облачность","2026-01-25 03:07"
"-19.70","","-23.50","48","770","1027","","","","0.00","","NE","Несущественная облачность","2026-01-25 03:08"
"-19.70","","-23.50","48","770","1027","","","","0.00","","NE","Несущественная облачность","2026-01-25 03:09"
"-19.70","","-23.50","48","770","1027","","","","0.00","","NE","Несущественная облачность","2026-01-25 03:10"
"-19.70","","-23.50","48","770","1027","","","","0.00","","NE","Несущественная облачность","2026-01-25 03:11"
"-19.70","","-23.50","48","770","1027","","","","0.00","","NE","Несущественная облачность","2026-01-25 03:12"
"-19.70","","-23.50","48","770","1027","","","","0.00","","NE","Несущественная облачность","2026-01-25 03:13"
"-19.70","","-23.50","48","770","1027","","","","0.00","","NE","Несущественная облачность","2026-01-25 03:14"
"-19.70","","-23.50","48","770","1027","","","","0.00","","NE","Несущественная облачность","2026-01-25 03:15"
"-19.70","","-23.50","48","770","1027","","","","0.00","","NE","Несущественная облачность","2026-01-25 03:16"
"-19.70","","-23.50","48","770","1027","","","","0.00","","NE","Несущественная облачность","2026-01-25 03:17"
"-19.80","","-23.60","48","770","1027","","","","0.00","","NE","Несущественная облачность","2026-01-25 03:18"
"-19.80","","-23.60","48","770","1027","","","","0.00","","NE","Несущественная облачность","2026-01-25 03:19"
"-19.90","","-23.70","48","770","1027","","","","0.00","","NE","Несущественная облачность","2026-01-25 03:20"
"-19.90","","-23.70","48","771","1028","","","","0.00","","NE","Несущественная облачность","2026-01-25 03:21"
"-19.90","","-23.70","48","771","1028","","","","0.00","","NE","Несущественная облачность","2026-01-25 03:22"
"-20.10","","-23.90","48","771","1028","","","","0.00","","NE","Несущественная облачность","2026-01-25 03:23"
"-20.10","","-23.90","48","771","1028","","","","0.00","","NE","Несущественная облачность","2026-01-25 03:24"
"-20.20","","-24.00","48","771","1028","","","","0.00","","NE","Несущественная облачность","2026-01-25 03:25"
"-20.20","","-24.00","48","771","1028","","","","0.00","","NE","Несущественная облачность","2026-01-25 03:26"
"-20.20","","-24.00","48","771","1028","","","","0.00","","NE","Несущественная облачность","2026-01-25 03:27"
"-20.20","","-24.00","48","771","1028","","","","0.00","","NE","Несущественная облачность","2026-01-25 03:28"
"-20.20","","-24.00","48","771","1028","","","","0.00","","NE","Несущественная облачность","2026-01-25 03:29"
"-20.20","","-24.00","48","771","1028","","","","0.00","","NE","Несущественная облачность","2026-01-25 03:30"
"-20.30","","-24.10","48","771","1028","","","","0.00","","NE","Несущественная облачность","2026-01-25 03:31"
"-20.40","","-24.20","48","771","1028","","","","0.00","","NE","Несущественная облачность","2026-01-25 03:32"
"-20.40","","-24.20","48","771","1028","","","","0.00","","NE","Несущественная облачность","2026-01-25 03:33"
"-20.40","","-24.20","48","771","1028","","","","0.00","","NE","Несущественная облачность","2026-01-25 03:34"
"-20.40","","-24.20","48","771","1028","","","","0.00","","NE","Несущественная облачность","2026-01-25 03:35"
"-20.50","","-24.30","48","771","1028","","","","0.00","","NE","Несущественная облачность","2026-01-25 03:36"
"-20.60","","-24.40","48","771","1028","","","","0.00","","NE","Несущественная облачность","2026-01-25 03:37"
"-20.60","","-24.40","48","771","1028","","","","0.00","","NE","Несущественная облачность","2026-01-25 03:38"
"-20.90","","-24.70","48","771","1028","","","","0.00","","NE","Несущественная облачность","2026-01-25 03:39"
"-20.90","","-24.70","48","771","1028","","","","0.00","","NE","Несущественная облачность","2026-01-25 03:40"
"-21.00","","-24.80","48","771","1028","","","","0.00","","NE","Несущественная облачность","2026-01-25 03:41"
"-21.10","","-24.90","48","771","1028","","","","0.00","","NE","Несущественная облачность","2026-01-25 03:42"
"-21.10","","-24.90","48","771","1028","","","","0.00","","NE","Несущественная облачность","2026-01-25 03:43"
"-21.20","","-25.00","48","771","1028","","","","0.00","","NE","Несущественная облачность","2026-01-25 03:44"
"-21.30","","-25.10","48","771","1028","","","","0.00","","NE","Несущественная облачность","2026-01-25 03:45"
"-21.40","","-25.20","48","771","1028","","","","0.00","","NE","Несущественная облачность","2026-01-25 03:46"
"-21.60","","-25.40","48","771","1028","","","","0.00","","NE","Несущественная облачность","2026-01-25 03:47"
"-21.60","","-25.40","48","771","1028","","","","0.00","","NE","Несущественная облачность","2026-01-25 03:48"
"-21.70","","-25.50","48","771","1028","","","","0.00","","NE","Несущественная облачность","2026-01-25 03:49"
"-21.80","","-25.60","48","771","1028","","","","0.00","","NE","Несущественная облачность","2026-01-25 03:50"
"-21.80","","-25.60","48","771","1028","","","","0.00","","NE","Несущественная облачность","2026-01-25 03:51"
"-21.80","","-25.60","48","771","1028","","","","0.00","","NE","Несущественная облачность","2026-01-25 03:52"
"-22.00","","-25.80","48","771","1028","","","","0.00","","NE","Несущественная облачность","2026-01-25 03:53"
"-22.10","","-25.90","48","771","1028","","","","0.00","","NE","Несущественная облачность","2026-01-25 03:54"
"-22.10","","-25.90","48","771","1028","","","","0.00","","NE","Несущественная облачность","2026-01-25 03:55"
"-22.10","","-25.90","48","771","1028","","","","0.00","","NE","Несущественная облачность","2026-01-25 03:56"
"-22.10","","-25.90","48","771","1028","","","","0.00","","NE","Несущественная облачность","2026-01-25 03:57"
"-22.40","","-26.20","48","771","1028","","","","0.00","","NE","Несущественная облачность","2026-01-25 03:58"
"-22.50","","-26.30","48","771","1028","","","","0.00","","NE","Несущественная облачность","2026-01-25 03:59"
"-22.50","","-26.30","48","771","1028","","","","0.00","","NE","Несущественная облачность","2026-01-25 04:00"
"-22.60","","-26.40","48","771","1028","","","","0.00","","NE","Несущественная облачность","2026-01-25 04:01"
"-22.70","","-26.50","48","771","1028","","","","0.00","","NE","Несущественная облачность","2026-01-25 04:02"
"-22.70","","-26.50","48","771","1028","","","","0.00","","NE","Несущественная облачность","2026-01-25 04:03"
"-22.70","","-26.50","48","771","1028","","","","0.00","","NE","Несущественная облачность","2026-01-25 04:04"
"-22.70","","-26.50","48","771","1028","","","","0.00","","NE","Несущественная облачность","2026-01-25 04:05"
"-22.70","","-26.50","48","771","1028","","","","0.00","","NE","Несущественная облачность","2026-01-25 04:06"
"-22.80","","-26.60","48","771","1028","","","","0.00","","NE","Несущественная облачность","2026-01-25 04:07"
"-22.80","","-26.60","48","771","1028","","","","0.00","","NE","Несущественная облачность","2026-01-25 04:08"
"-22.80","","-26.60","48","771","1028","","","","0.00","","NE","Несущественная облачность","2026-01-25 04:09"
"-22.80","","-26.60","48","771","1028","","","","0.00","","NE","Несущественная облачность","2026-01-25 04:10"
"-22.80","","-26.60","48","771","1028","","","","0.00","","NE","Несущественная облачность","2026-01-25 04:11"
"-22.90","","-26.70","48","771","1028","","","","0.00","","NE","Несущественная облачность","2026-01-25 04:12"
"-22.90","","-26.70","48","771","1028","","","","0.00","","NE","Несущественная облачность","2026-01-25 04:13"
"-22.90","","-26.70","48","771","1028","","","","0.00","","NE","Несущественная облачность","2026-01-25 04:14"
"-22.90","","-26.70","48","771","1028","","","","0.00","","NE","Несущественная облачность","2026-01-25 04:15"
"-22.90","","-26.70","48","771","1028","","","","0.00","","NE","Несущественная облачность","2026-01-25 04:16"
"-22.90","","-26.70","48","771","1028","","","","0.00","","NE","Несущественная облачность","2026-01-25 04:17"
"-22.90","","-26.70","48","771","1028","","","","0.00","","NE","Несущественная облачность","2026-01-25 04:18"
"-23.00","","-26.80","48","771","1028","","","","0.00","","NE","Несущественная облачность","2026-01-25 04:19"
"-23.00","","-26.80","48","771","1028","","","","0.00","","NE","Несущественная облачность","2026-01-25 04:20"
"-23.00","","-26.80","48","771","1028","","","","0.00","","NE","Несущественная облачность","2026-01-25 04:21"
"-23.00","","-26.80","48","771","1028","","","","0.00","","NE","Несущественная облачность","2026-01-25 04:22"
"-23.00","","-26.80","48","771","1028","","","","0.00","","NE","Несущественная облачность","2026-01-25 04:23"
"-23.00","","-26.80","48","771","1028","","","","0.00","","NE","Несущественная облачность","2026-01-25 04:24"
"-23.00","","-26.80","48","771","1028","","","","0.00","","NE","Несущественная облачность","2026-01-25 04:25"
"-23.00","","-26.80","48","771","1028","","","","0.00","","NE","Несущественная облачность","2026-01-25 04:26"
"-23.10","","-26.90","48","771","1028","","","","0.00","","NE","Несущественная облачность","2026-01-25 04:27"
"-23.10","","-26.90","48","771","1028","","","","0.00","","NE","Несущественная облачность","2026-01-25 04:28"
"-23.10","","-26.90","48","771","1028","","","","0.00","","NE","Несущественная облачность","2026-01-25 04:29"
"-23.10","","-26.90","48","771","1028","","","","0.00","","NE","Несущественная облачность","2026-01-25 04:30"
"-23.10","","-26.90","48","771","1028","","","","0.00","","NE","Несущественная облачность","2026-01-25 04:31"
"-23.10","","-26.90","48","771","1028","","","","0.00","","NE","Несущественная облачность","2026-01-25 04:32"
"-23.10","","-26.90","48","771","1028","","","","0.00","","NE","Несущественная облачность","2026-01-25 04:33"
"-23.10","","-26.90","48","771","1028","","","","0.00","","NE","Несущественная облачность","2026-01-25 04:34"
"-23.10","","-26.90","48","771","1028","","","","0.00","","NE","Несущественная облачность","2026-01-25 04:35"
"-23.10","","-26.90","48","771","1028","","","","0.00","","NE","Несущественная облачность","2026-01-25 04:36"
"-23.10","","-26.90","48","771","1028","","","","0.00","","NE","Несущественная облачность","2026-01-25 04:37"
"-23.10","","-26.90","48","771","1028","","","","0.00","","NE","Несущественная облачность","2026-01-25 04:38"
"-23.00","","-26.80","48","771","1028","","","","0.00","","NE","Несущественная облачность","2026-01-25 04:39"
"-23.00","","-26.80","48","771","1028","","","","0.00","","NE","Несущественная облачность","2026-01-25 04:40"
"-23.00","","-26.80","48","771","1028","","","","0.00","","NE","Несущественная облачность","2026-01-25 04:41"
"-23.00","","-26.80","48","771","1028","","","","0.00","","NE","Несущественная облачность","2026-01-25 04:42"
"-23.00","","-26.80","48","771","1028","","","","0.00","","NE","Несущественная облачность","2026-01-25 04:43"
"-23.00","","-26.80","48","771","1028","","","","0.00","","NE","Несущественная облачность","2026-01-25 04:44"
"-23.00","","-26.80","48","771","1028","","","","0.00","","NE","Несущественная облачность","2026-01-25 04:45"
"-22.90","","-26.70","48","771","1028","","","","0.00","","NE","Несущественная облачность","2026-01-25 04:46"
"-22.90","","-26.70","48","771","1028","","","","0.00","","NE","Несущественная облачность","2026-01-25 04:47"
"-22.90","","-26.70","48","771","1028","","","","0.00","","NE","Несущественная облачность","2026-01-25 04:48"
"-22.80","","-26.60","48","771","1028","","","","0.00","","NE","Несущественная облачность","2026-01-25 04:49"
"-22.80","","-26.60","48","771","1028","","","","0.00","","NE","Несущественная облачность","2026-01-25 04:50"
"-22.70","","-26.50","48","771","1028","","","","0.00","","NE","Несущественная облачность","2026-01-25 04:51"
"-22.70","","-26.50","48","771","1028","","","","0.00","","NE","Несущественная облачность","2026-01-25 04:52"
"-22.70","","-26.50","48","771","1028","","","","0.00","","NE","Несущественная облачность","2026-01-25 04:53"
"-22.70","","-26.50","48","771","1028","","","","0.00","","NE","Несущественная облачность","2026-01-25 04:54"
"-22.70","","-26.50","48","771","1028","","","","0.00","","NE","Несущественная облачность","2026-01-25 04:55"
"-22.70","","-26.50","48","771","1028","","","","0.00","","NE","Несущественная облачность","2026-01-25 04:56"
"-22.70","","-26.50","48","771","1028","","","","0.00","","NE","Несущественная облачность","2026-01-25 04:57"
"-22.70","","-26.50","48","771","1028","","","","0.00","","NE","Несущественная облачность","2026-01-25 04:58"
"-22.50","","-26.30","48","771","1028","","","","0.00","","NE","Несущественная облачность","2026-01-25 04:59"
"-22.50","","-26.30","48","771","1028","","","","0.00","","NE","Несущественная облачность","2026-01-25 05:00"
"-22.30","","-26.10","48","771","1028","","","","0.00","","NE","Несущественная облачность","2026-01-25 05:01"
"-22.30","","-26.10","48","771","1028","","","","0.00","","NE","Несущественная облачность","2026-01-25 05:02"
"-22.20","","-26.00","48","771","1028","","","","0.00","","NE","Несущественная облачность","2026-01-25 05:03"
"-22.20","","-26.00","48","771","1028","","","","0.00","","NE","Несущественная облачность","2026-01-25 05:04"
"-22.20","","-26.00","48","771","1028","","","","0.00","","NE","Несущественная облачность","2026-01-25 05:05"
"-22.20","","-26.00","48","771","1028","","","","0.00","","NE","Несущественная облачность","2026-01-25 05:06"
"-22.10","","-25.90","48","771","1029","","","","0.00","","NE","Несущественная облачность","2026-01-25 05:07"
"-22.10","","-25.90","48","771","1029","","","","0.00","","NE","Несущественная облачность","2026-01-25 05:08"
"-22.10","","-25.90","48","771","1029","","","","0.00","","NE","Несущественная облачность","2026-01-25 05:09"
"-22.10","","-25.90","48","771","1029","","","","0.00","","NE","Несущественная облачность","2026-01-25 05:10"
"-22.10","","-25.90","48","771","1029","","","","0.00","","NE","Несущественная облачность","2026-01-25 05:11"
"-22.10","","-25.90","48","771","1029","","","","0.00","","NE","Несущественная облачность","2026-01-25 05:12"
"-22.10","","-25.90","48","771","1029","","","","0.00","","NE","Несущественная облачность","2026-01-25 05:13"
"-22.10","","-25.90","48","771","1029","","","","0.00","","NE","Несущественная облачность","2026-01-25 05:14"
"-22.10","","-25.90","48","771","1029","","","","0.00","","NE","Несущественная облачность","2026-01-25 05:15"
"-22.00","","-25.80","48","771","1029","","","","0.00","","NE","Несущественная облачность","2026-01-25 05:16"
"-22.00","","-25.80","48","771","1029","","","","0.00","","NE","Несущественная облачность","2026-01-25 05:17"
"-21.90","","-25.70","48","771","1029","","","","0.00","","NE","Несущественная облачность","2026-01-25 05:18"
"-21.90","","-25.70","48","771","1029","","","","0.00","","NE","Несущественная облачность","2026-01-25 05:19"
"-21.80","","-25.60","48","771","1029","","","","0.00","","NE","Несущественная облачность","2026-01-25 05:20"
"-21.80","","-25.60","48","771","1028","","","","0.00","","NE","Несущественная облачность","2026-01-25 05:21"
"-21.80","","-25.60","48","771","1028","","","","0.00","","NE","Несущественная облачность","2026-01-25 05:22"
"-21.80","","-25.60","48","771","1028","","","","0.00","","NE","Несущественная облачность","2026-01-25 05:23"
"-21.80","","-25.60","48","771","1028","","","","0.00","","NE","Несущественная облачность","2026-01-25 05:24"
"-21.80","","-25.60","48","771","1028","","","","0.00","","NE","Несущественная облачность","2026-01-25 05:25"
"-21.80","","-25.60","48","771","1028","","","","0.00","","NE","Несущественная облачность","2026-01-25 05:26"
"-21.70","","-25.50","48","771","1028","","","","0.00","","NE","Несущественная облачность","2026-01-25 05:27"
"-21.60","","-25.40","48","771","1028","","","","0.00","","NE","Несущественная облачность","2026-01-25 05:28"
"-21.60","","-25.40","48","771","1028","","","","0.00","","NE","Несущественная облачность","2026-01-25 05:29"
"-21.50","","-25.30","48","771","1028","","","","0.00","","NE","Несущественная облачность","2026-01-25 05:30"
"-21.40","","-25.20","48","771","1028","","","","0.00","","NE","Несущественная облачность","2026-01-25 05:31"
"-21.40","","-25.20","48","771","1028","","","","0.00","","NE","Несущественная облачность","2026-01-25 05:32"
"-21.30","","-25.10","48","771","1028","","","","0.00","","NE","Несущественная облачность","2026-01-25 05:33"
"-21.20","","-25.00","48","771","1028","","","","0.00","","NE","Несущественная облачность","2026-01-25 05:34"
"-21.20","","-25.00","48","771","1028","","","","0.00","","NE","Несущественная облачность","2026-01-25 05:35"
"-21.20","","-25.00","48","771","1028","","","","0.00","","NE","Несущественная облачность","2026-01-25 05:36"
"-21.20","","-25.00","48","771","1028","","","","0.00","","NE","Несущественная облачность","2026-01-25 05:37"
"-21.10","","-24.90","48","771","1028","","","","0.00","","NE","Несущественная облачность","2026-01-25 05:38"
"-21.10","","-24.90","48","771","1028","","","","0.00","","NE","Несущественная облачность","2026-01-25 05:39"
"-21.10","","-24.90","48","771","1028","","","","0.00","","NE","Несущественная облачность","2026-01-25 05:40"
"-21.10","","-24.90","48","771","1028","","","","0.00","","NE","Несущественная облачность","2026-01-25 05:41"
"-21.10","","-24.90","48","771","1028","","","","0.00","","NE","Несущественная облачность","2026-01-25 05:42"
"-21.00","","-24.80","48","771","1028","","","","0.00","","NE","Несущественная облачность","2026-01-25 05:43"
"-21.00","","-24.80","48","771","1028","","","","0.00","","NE","Несущественная облачность","2026-01-25 05:44"
"-20.90","","-24.70","48","771","1028","","","","0.00","","NE","Несущественная облачность","2026-01-25 05:45"
"-20.90","","-24.70","48","771","1028","","","","0.00","","NE","Несущественная облачность","2026-01-25 05:46"
"-20.90","","-24.70","48","771","1028","","","","0.00","","NE","Несущественная облачность","2026-01-25 05:47"
"-20.90","","-24.70","48","771","1028","","","","0.00","","NE","Несущественная облачность","2026-01-25 05:48"
"-20.90","","-24.70","48","771","1028","","","","0.00","","NE","Несущественная облачность","2026-01-25 05:49"
"-20.90","","-24.70","48","771","1028","","","","0.00","","NE","Несущественная облачность","2026-01-25 05:50"
"-20.90","","-24.70","48","771","1029","","","","0.00","","NE","Несущественная облачность","2026-01-25 05:51"
"-20.90","","-24.70","48","771","1029","","","","0.00","","NE","Несущественная облачность","2026-01-25 05:52"
"-20.80","","-24.60","48","771","1029","","","","0.00","","NE","Несущественная облачность","2026-01-25 05:53"
"-20.80","","-24.60","48","771","1029","","","","0.00","","NE","Несущественная облачность","2026-01-25 05:54"
"-20.80","","-24.60","48","771","1029","","","","0.00","","NE","Несущественная облачность","2026-01-25 05:55"
"-20.80","","-24.60","48","771","1029","","","","0.00","","NE","Несущественная облачность","2026-01-25 05:56"
"-20.80","","-24.60","48","771","1029","","","","0.00","","NE","Несущественная облачность","2026-01-25 05:57"
"-20.80","","-24.60","48","771","1029","","","","0.00","","NE","Несущественная облачность","2026-01-25 05:58"
"-20.60","","-24.40","48","771","1029","","","","0.00","","NE","Несущественная облачность","2026-01-25 05:59"
"-20.60","","-24.40","48","771","1029","","","","0.00","","NE","Несущественная облачность","2026-01-25 06:00"
"-20.60","","-24.40","48","771","1029","","","","0.00","","NE","Несущественная облачность","2026-01-25 06:01"
"-20.60","","-24.40","48","771","1029","","","","0.00","","NE","Несущественная облачность","2026-01-25 06:02"
"-20.60","","-24.40","48","771","1029","","","","0.00","","NE","Несущественная облачность","2026-01-25 06:03"
"-20.40","","-24.20","48","771","1029","","","","0.00","","NE","Несущественная облачность","2026-01-25 06:04"
"-20.40","","-24.20","48","771","1029","","","","0.00","","NE","Несущественная облачность","2026-01-25 06:05"
"-20.40","","-24.20","48","771","1029","","","","0.00","","NE","Несущественная облачность","2026-01-25 06:06"
"-20.40","","-24.20","48","771","1029","","","","0.00","","NE","Несущественная облачность","2026-01-25 06:07"
"-20.40","","-24.20","48","771","1029","","","","0.00","","NE","Несущественная облачность","2026-01-25 06:08"
"-20.40","","-24.20","48","771","1029","","","","0.00","","NE","Несущественная облачность","2026-01-25 06:09"
"-20.40","","-24.20","48","771","1029","","","","0.00","","NE","Несущественная облачность","2026-01-25 06:10"
"-20.30","","-24.10","48","771","1029","","","","0.00","","NE","Несущественная облачность","2026-01-25 06:11"
"-20.30","","-24.10","48","771","1029","","","","0.00","","NE","Несущественная облачность","2026-01-25 06:12"
"-20.30","","-24.10","48","771","1029","","","","0.00","","NE","Несущественная облачность","2026-01-25 06:13"
"-20.20","","-24.00","48","771","1029","","","","0.00","","NE","Несущественная облачность","2026-01-25 06:14"
"-20.20","","-24.00","48","771","1029","","","","0.00","","NE","Несущественная облачность","2026-01-25 06:15"
"-20.20","","-24.00","48","771","1029","","","","0.00","","NE","Несущественная облачность","2026-01-25 06:16"
"-20.20","","-24.00","48","771","1029","","","","0.00","","NE","Несущественная облачность","2026-01-25 06:17"
"-20.00","","-23.80","48","771","1029","","","","0.00","","NE","Несущественная облачность","2026-01-25 06:18"
"-20.00","","-23.80","48","771","1029","","","","0.00","","NE","Несущественная облачность","2026-01-25 06:19"
"-20.00","","-23.80","48","771","1029","","","","0.00","","NE","Несущественная облачность","2026-01-25 06:20"
"-20.00","","-23.80","48","771","1029","","","","0.00","","NE","Несущественная облачность","2026-01-25 06:21"
"-19.90","","-23.70","48","771","1029","","","","0.00","","NE","Несущественная облачность","2026-01-25 06:22"
"-19.90","","-23.70","48","771","1029","","","","0.00","","NE","Несущественная облачность","2026-01-25 06:23"
"-19.90","","-23.70","48","771","1029","","","","0.00","","NE","Несущественная облачность","2026-01-25 06:24"
"-19.90","","-23.70","48","771","1029","","","","0.00","","NE","Несущественная облачность","2026-01-25 06:25"
"-19.80","","-23.60","48","771","1029","","","","0.00","","NE","Несущественная облачность","2026-01-25 06:26"
"-19.80","","-23.60","48","771","1029","","","","0.00","","NE","Несущественная облачность","2026-01-25 06:27"
"-19.70","","-23.50","48","771","1029","","","","0.00","","NE","Несущественная облачность","2026-01-25 06:28"
"-19.70","","-23.50","48","771","1029","","","","0.00","","NE","Несущественная облачность","2026-01-25 06:29"
"-19.60","","-23.40","48","771","1029","","","","0.00","","NE","Несущественная облачность","2026-01-25 06:30"
"-19.60","","-23.40","48","771","1029","","","","0.00","","NE","Несущественная облачность","2026-01-25 06:31"
"-19.60","","-23.40","48","771","1029","","","","0.00","","NE","Несущественная облачность","2026-01-25 06:32"
"-19.60","","-23.40","48","771","1029","","","","0.00","","NE","Несущественная облачность","2026-01-25 06:33"
"-19.60","","-23.40","48","771","1029","","","","0.00","","NE","Несущественная облачность","2026-01-25 06:34"
"-19.50","","-23.30","48","771","1029","","","","0.00","","NE","Несущественная облачность","2026-01-25 06:35"
"-19.50","","-23.30","48","771","1028","","","","0.00","","NE","Несущественная облачность","2026-01-25 06:36"
"-19.50","","-23.30","48","771","1028","","","","0.00","","NE","Несущественная облачность","2026-01-25 06:37"
"-19.50","","-23.30","48","771","1028","","","","0.00","","NE","Несущественная облачность","2026-01-25 06:38"
"-19.50","","-23.30","48","771","1028","","","","0.00","","NE","Несущественная облачность","2026-01-25 06:39"
"-19.50","","-23.30","48","771","1028","","","","0.00","","NE","Несущественная облачность","2026-01-25 06:40"
"-19.50","","-23.30","48","771","1028","","","","0.00","","NE","Несущественная облачность","2026-01-25 06:41"
"-19.50","","-23.30","48","771","1028","","","","0.00","","NE","Несущественная облачность","2026-01-25 06:42"
"-19.50","","-23.30","48","771","1028","","","","0.00","","NE","Несущественная облачность","2026-01-25 06:43"
"-19.50","","-23.30","48","771","1028","","","","0.00","","NE","Несущественная облачность","2026-01-25 06:44"
"-19.50","","-23.30","48","771","1028","","","","0.00","","NE","Несущественная облачность","2026-01-25 06:45"
"-19.50","","-23.30","48","771","1028","","","","0.00","","NE","Несущественная облачность","2026-01-25 06:46"
"-19.50","","-23.30","48","771","1028","","","","0.00","","NE","Несущественная облачность","2026-01-25 06:47"
"-19.50","","-23.30","48","771","1028","","","","0.00","","NE","Несущественная облачность","2026-01-25 06:48"
"-19.50","","-23.30","48","771","1028","","","","0.00","","NE","Несущественная облачность","2026-01-25 06:49"
"-19.50","","-23.30","48","771","1028","","","","0.00","","NE","Несущественная облачность","2026-01-25 06:50"
"-19.50","","-23.30","48","771","1028","","","","0.00","","NE","Несущественная облачность","2026-01-25 06:51"
"-19.60","","-23.40","48","771","1028","","","","0.00","","NE","Несущественная облачность","2026-01-25 06:52"
"-19.60","","-23.40","48","771","1028","","","","0.00","","NE","Несущественная облачность","2026-01-25 06:53"
"-19.60","","-23.40","48","771","1028","","","","0.00","","NE","Несущественная облачность","2026-01-25 06:54"
"-19.60","","-23.40","48","771","1028","","","","0.00","","NE","Несущественная облачность","2026-01-25 06:55"
"-19.60","","-23.40","48","771","1028","","","","0.00","","NE","Несущественная облачность","2026-01-25 06:56"
"-19.70","","-23.50","48","771","1028","","","","0.00","","NE","Несущественная облачность","2026-01-25 06:57"
"-19.70","","-23.50","48","771","1028","","","","0.00","","NE","Несущественная облачность","2026-01-25 06:58"
"-19.70","","-23.50","48","771","1028","","","","0.00","","NE","Несущественная облачность","2026-01-25 06:59"
"-19.70","","-23.50","48","771","1028","","","","0.00","","NE","Несущественная облачность","2026-01-25 07:00"
"-19.70","","-23.50","48","771","1028","","","","0.00","","NE","Несущественная облачность","2026-01-25 07:01"
"-19.70","","-23.50","48","771","1028","","","","0.00","","NE","Несущественная облачность","2026-01-25 07:02"
"-19.80","","-23.60","48","771","1028","","","","0.00","","NE","Несущественная облачность","2026-01-25 07:03"
"-19.90","","-23.70","48","771","1028","","","","0.00","","NE","Несущественная облачность","2026-01-25 07:04"
"-19.90","","-23.70","48","771","1028","","","","0.00","","NE","Несущественная облачность","2026-01-25 07:05"
"-19.90","","-23.70","48","771","1028","","","","0.00","","NE","Несущественная облачность","2026-01-25 07:06"
"-19.90","","-23.70","48","771","1028","","","","0.00","","NE","Несущественная облачность","2026-01-25 07:07"
"-19.90","","-23.70","48","771","1028","","","","0.00","","NE","Несущественная облачность","2026-01-25 07:08"
"-19.90","","-23.70","48","771","1028","","","","0.00","","NE","Несущественная облачность","2026-01-25 07:09"
"-19.90","","-23.70","48","771","1028","","","","0.00","","NE","Несущественная облачность","2026-01-25 07:10"
"-19.90","","-23.70","48","771","1028","","","","0.00","","NE","Несущественная облачность","2026-01-25 07:11"
"-19.80","","-23.60","48","771","1028","","","","0.00","","NE","Несущественная облачность","2026-01-25 07:12"
"-19.80","","-23.60","48","771","1028","","","","0.00","","NE","Несущественная облачность","2026-01-25 07:13"
"-19.80","","-23.60","48","771","1028","","","","0.00","","NE","Несущественная облачность","2026-01-25 07:14"
"-19.80","","-23.60","48","771","1028","","","","0.00","","NE","Несущественная облачность","2026-01-25 07:15"
"-19.70","","-23.50","48","771","1028","","","","0.00","","NE","Несущественная облачность","2026-01-25 07:16"
"-19.70","","-23.50","48","771","1028","","","","0.00","","NE","Несущественная облачность","2026-01-25 07:17"
"-19.70","","-23.50","48","771","1028","","","","0.00","","NE","Несущественная облачность","2026-01-25 07:18"
"-19.70","","-23.50","48","771","1028","","","","0.00","","NE","Несущественная облачность","2026-01-25 07:19"
"-19.60","","-23.40","48","771","1028","","","","0.00","","NE","Несущественная облачность","2026-01-25 07:20"
"-19.60","","-23.40","48","771","1029","","","","0.00","","NE","Несущественная облачность","2026-01-25 07:21"
"-19.50","","-23.30","48","771","1029","","","","0.40","","NE","Несущественная облачность","2026-01-25 07:22"
"-19.50","","-23.60","48","771","1029","","","","0.00","","NE","Несущественная облачность","2026-01-25 07:23"
"-19.50","","-23.30","48","771","1029","","","","0.00","","NE","Несущественная облачность","2026-01-25 07:24"
"-19.40","","-23.20","48","771","1029","","","","0.00","","NE","Несущественная облачность","2026-01-25 07:25"
"-19.40","","-23.20","48","771","1029","","","","0.00","","NE","Несущественная облачность","2026-01-25 07:26"
"-19.30","","-23.10","48","771","1029","","","","0.00","","NE","Несущественная облачность","2026-01-25 07:27"
"-19.30","","-23.40","48","771","1029","","","","0.40","","NE","Несущественная облачность","2026-01-25 07:28"
"-19.30","","-23.40","48","771","1029","","","","0.40","","NE","Несущественная облачность","2026-01-25 07:29"
"-19.20","","-23.30","48","771","1029","","","","0.40","","NE","Несущественная облачность","2026-01-25 07:30"
"-19.20","","-23.30","48","771","1029","","","","0.00","","NE","Несущественная облачность","2026-01-25 07:31"
"-19.20","","-23.30","48","771","1029","","","","0.00","","NE","Несущественная облачность","2026-01-25 07:32"
"-19.10","","-22.90","48","771","1029","","","","0.40","","NE","Несущественная облачность","2026-01-25 07:33"
"-19.00","","-23.10","48","771","1029","","","","0.40","","NE","Несущественная облачность","2026-01-25 07:34"
"-19.00","","-22.80","48","771","1029","","","","0.00","","NE","Несущественная облачность","2026-01-25 07:35"
"-19.00","","-22.80","48","771","1028","","","","0.00","","NE","Несущественная облачность","2026-01-25 07:36"
"-18.90","","-22.70","48","771","1028","","","","0.40","","NE","Несущественная облачность","2026-01-25 07:37"
"-18.90","","-23.00","48","771","1028","","","","0.40","","NE","Несущественная облачность","2026-01-25 07:38"
"-18.80","","-22.90","48","771","1028","","","","0.40","","NE","Несущественная облачность","2026-01-25 07:39"
"-18.80","","-22.90","48","771","1028","","","","0.40","","NE","Несущественная облачность","2026-01-25 07:40"
"-18.80","","-22.90","48","771","1028","","","","0.40","","NE","Несущественная облачность","2026-01-25 07:41"
"-18.80","","-22.90","48","771","1028","","","","0.40","","NE","Несущественная облачность","2026-01-25 07:42"
"-18.70","","-22.80","48","771","1028","","","","0.00","","NE","Несущественная облачность","2026-01-25 07:43"
"-18.60","","-22.40","48","771","1028","","","","0.00","","NE","Несущественная облачность","2026-01-25 07:44"
"-18.60","","-22.40","48","771","1028","","","","0.00","","NE","Несущественная облачность","2026-01-25 07:45"
"-18.60","","-22.40","48","771","1028","","","","0.00","","NE","Несущественная облачность","2026-01-25 07:46"
"-18.60","","-22.40","48","771","1028","","","","0.00","","NE","Несущественная облачность","2026-01-25 07:47"
"-18.60","","-22.40","48","771","1028","","","","0.00","","NE","Несущественная облачность","2026-01-25 07:48"
"-18.60","","-22.40","48","771","1028","","","","0.00","","NE","Несущественная облачность","2026-01-25 07:49"
"-18.30","","-22.30","48","771","1028","","","","0.40","","NE","Несущественная облачность","2026-01-25 07:50"
"-18.30","","-22.30","48","771","1028","","","","0.40","","NE","Несущественная облачность","2026-01-25 07:51"
"-18.20","","-22.00","48","771","1028","","","","0.00","","NE","Несущественная облачность","2026-01-25 07:52"
"-18.20","","-22.00","48","771","1028","","","","0.00","","NE","Несущественная облачность","2026-01-25 07:53"
"-18.20","","-22.00","48","771","1028","","","","0.00","","NE","Несущественная облачность","2026-01-25 07:54"
"-18.20","","-22.00","48","771","1028","","","","0.00","","NE","Несущественная облачность","2026-01-25 07:55"
"-18.20","","-22.00","48","771","1028","","","","0.00","","NE","Несущественная облачность","2026-01-25 07:56"
"-18.20","","-22.00","48","771","1028","","","","0.00","","NE","Несущественная облачность","2026-01-25 07:57"
"-18.20","","-22.00","48","771","1028","","","","0.00","","NE","Несущественная облачность","2026-01-25 07:58"
"-18.20","","-22.00","48","771","1028","","","","0.00","","NE","Несущественная облачность","2026-01-25 07:59"
"-18.20","","-22.00","48","771","1028","","","","0.00","","NE","Несущественная облачность","2026-01-25 08:00"
"-18.20","","-22.00","48","771","1028","","","","0.00","","NE","Несущественная облачность","2026-01-25 08:01"
"-18.20","","-22.00","48","771","1028","","","","0.00","","NE","Несущественная облачность","2026-01-25 08:02"
"-18.20","","-22.00","48","771","1028","","","","0.00","","NE","Несущественная облачность","2026-01-25 08:03"
"-18.20","","-22.00","48","771","1028","","","","0.00","","NE","Несущественная облачность","2026-01-25 08:04"
"-18.20","","-22.00","48","771","1028","","","","0.00","","NE","Несущественная облачность","2026-01-25 08:05"
"-18.20","","-22.00","48","772","1030","","","","0.00","","NE","Несущественная облачность","2026-01-25 08:06"
"-18.20","","-22.00","48","772","1030","","","","0.00","","NE","Несущественная облачность","2026-01-25 08:07"
"-18.20","","-22.00","48","772","1030","","","","0.00","","NE","Несущественная облачность","2026-01-25 08:08"
"-18.20","","-22.00","48","772","1030","","","","0.00","","NE","Несущественная облачность","2026-01-25 08:09"
"-18.20","","-22.00","48","772","1030","","","","0.00","","NE","Несущественная облачность","2026-01-25 08:10"
"-18.20","","-22.00","48","772","1030","","","","0.00","","NE","Несущественная облачность","2026-01-25 08:11"
"-18.20","","-22.00","48","772","1030","","","","0.00","","NE","Несущественная облачность","2026-01-25 08:12"
"-18.20","","-22.00","48","772","1030","","","","0.00","","NE","Несущественная облачность","2026-01-25 08:13"
"-18.20","","-22.00","48","772","1030","","","","0.00","","NE","Несущественная облачность","2026-01-25 08:14"
"-18.20","","-22.00","48","772","1030","","","","0.00","","NE","Несущественная облачность","2026-01-25 08:15"
"-18.20","","-22.00","48","772","1030","","","","0.00","","NE","Несущественная облачность","2026-01-25 08:16"
"-18.20","","-22.00","48","772","1030","","","","0.00","","NE","Несущественная облачность","2026-01-25 08:17"
"-18.20","","-22.00","48","772","1030","","","","0.00","","NE","Несущественная облачность","2026-01-25 08:18"
"-18.20","","-22.00","48","772","1030","","","","0.00","","NE","Несущественная облачность","2026-01-25 08:19"
"-18.20","","-22.00","48","772","1030","","","","0.00","","NE","Несущественная облачность","2026-01-25 08:20"
"-18.20","","-22.00","48","772","1030","","","","0.00","","NE","Несущественная облачность","2026-01-25 08:21"
"-18.20","","-22.00","48","771","1029","","","","0.00","","NE","Несущественная облачность","2026-01-25 08:22"
"-18.20","","-22.00","48","771","1029","","","","0.00","","NE","Несущественная облачность","2026-01-25 08:23"
"-18.20","","-22.00","48","771","1029","","","","0.00","","NE","Несущественная облачность","2026-01-25 08:24"
"-18.20","","-22.00","48","771","1029","","","","0.00","","NE","Несущественная облачность","2026-01-25 08:25"
"-18.20","","-22.00","48","771","1029","","","","0.00","","NE","Несущественная облачность","2026-01-25 08:26"
"-18.20","","-22.00","48","771","1029","","","","0.00","","NE","Несущественная облачность","2026-01-25 08:27"
"-18.20","","-22.00","48","771","1029","","","","0.00","","NE","Несущественная облачность","2026-01-25 08:28"
"-18.20","","-22.00","48","771","1029","","","","0.00","","NE","Несущественная облачность","2026-01-25 08:29"
"-18.20","","-22.00","48","771","1029","","","","0.00","","NE","Несущественная облачность","2026-01-25 08:30"
"-18.20","","-22.00","48","771","1029","","","","0.00","","NE","Несущественная облачность","2026-01-25 08:31"
"-18.20","","-22.00","48","771","1029","","","","0.00","","NE","Несущественная облачность","2026-01-25 08:32"
"-18.20","","-22.00","48","771","1029","","","","0.00","","NE","Несущественная облачность","2026-01-25 08:33"
"-16.40","","-20.10","48","771","1029","","","","0.00","","NE","Несущественная облачность","2026-01-25 08:34"
"-16.40","","-20.10","48","771","1029","","","","0.00","","NE","Несущественная облачность","2026-01-25 08:35"
"-16.40","","-20.10","48","771","1029","","","","0.00","","NE","Несущественная облачность","2026-01-25 08:36"
"-16.30","","-20.00","48","771","1029","","","","0.00","","NE","Несущественная облачность","2026-01-25 08:37"
"-16.30","","-20.00","48","771","1029","","","","0.00","","NE","Несущественная облачность","2026-01-25 08:38"
"-16.30","","-20.00","48","771","1029","","","","0.40","","NE","Несущественная облачность","2026-01-25 08:39"
"-16.30","","-20.00","48","771","1029","","","","0.40","","NE","Несущественная облачность","2026-01-25 08:40"
"-16.20","","-20.20","48","771","1029","","","","0.40","","NE","Несущественная облачность","2026-01-25 08:41"
"-16.20","","-19.90","48","771","1029","","","","0.00","","NE","Несущественная облачность","2026-01-25 08:42"
"-16.20","","-19.90","48","771","1029","","","","0.00","","NE","Несущественная облачность","2026-01-25 08:43"
"-16.20","","-19.90","48","771","1029","","","","0.00","","NE","Несущественная облачность","2026-01-25 08:44"
"-16.20","","-19.90","48","771","1029","","","","0.00","","NE","Несущественная облачность","2026-01-25 08:45"
"-16.20","","-19.90","48","771","1029","","","","0.00","","NE","Несущественная облачность","2026-01-25 08:46"
"-16.20","","-19.90","48","771","1029","","","","0.00","","NE","Несущественная облачность","2026-01-25 08:47"
"-16.20","","-19.90","48","771","1029","","","","0.00","","NE","Несущественная облачность","2026-01-25 08:48"
"-16.20","","-19.90","48","771","1029","","","","0.00","","NE","Несущественная облачность","2026-01-25 08:49"
"-16.10","","-19.80","48","771","1029","","","","0.00","","NE","Несущественная облачность","2026-01-25 08:50"
"-16.10","","-19.80","48","771","1029","","","","0.00","","NE","Несущественная облачность","2026-01-25 08:51"
"-16.00","","-19.70","48","771","1029","","","","0.00","","NE","Несущественная облачность","2026-01-25 08:52"
"-16.00","","-19.70","48","771","1029","","","","0.00","","NE","Несущественная облачность","2026-01-25 08:53"
"-16.00","","-19.70","48","771","1029","","","","0.00","","NE","Несущественная облачность","2026-01-25 08:54"
"-16.10","","-19.80","48","771","1029","","","","0.00","","NE","Несущественная облачность","2026-01-25 08:55"
"-16.10","","-19.80","48","771","1029","","","","0.00","","NE","Несущественная облачность","2026-01-25 08:56"
"-16.20","","-19.90","48","771","1029","","","","0.00","","NE","Несущественная облачность","2026-01-25 08:57"
"-16.20","","-19.90","48","771","1029","","","","0.00","","NE","Несущественная облачность","2026-01-25 08:58"
"-16.10","","-19.80","48","771","1029","","","","0.00","","NE","Несущественная облачность","2026-01-25 08:59"
"-16.10","","-19.80","48","771","1029","","","","0.00","","NE","Несущественная облачность","2026-01-25 09:00"
"-16.10","","-19.80","48","771","1029","","","","0.00","","NE","Несущественная облачность","2026-01-25 09:01"
"-16.10","","-19.80","48","771","1029","","","","0.00","","NE","Несущественная облачность","2026-01-25 09:02"
"-16.00","","-19.70","48","771","1029","","","","0.00","","NE","Несущественная облачность","2026-01-25 09:03"
"-16.00","","-19.70","48","771","1029","","","","0.00","","NE","Несущественная облачность","2026-01-25 09:04"
"-16.00","","-19.70","48","771","1029","","","","0.00","","NE","Несущественная облачность","2026-01-25 09:05"
"-16.00","","-19.70","48","771","1029","","","","0.00","","NE","Несущественная облачность","2026-01-25 09:06"
"-16.00","","-19.70","48","771","1029","","","","0.00","","NE","Несущественная облачность","2026-01-25 09:07"
"-16.00","","-19.70","48","771","1029","","","","0.00","","NE","Несущественная облачность","2026-01-25 09:08"
"-16.00","","-19.70","48","771","1029","","","","0.00","","NE","Несущественная облачность","2026-01-25 09:09"
"-16.00","","-19.70","48","771","1029","","","","0.00","","NE","Несущественная облачность","2026-01-25 09:10"
"-16.00","","-19.70","48","771","1029","","","","0.00","","NE","Несущественная облачность","2026-01-25 09:11"
"-15.90","","-19.60","48","771","1029","","","","0.00","","NE","Несущественная облачность","2026-01-25 09:12"
"-15.80","","-19.50","48","771","1029","","","","0.00","","NE","Несущественная облачность","2026-01-25 09:13"
"-15.80","","-19.50","48","771","1029","","","","0.00","","NE","Несущественная облачность","2026-01-25 09:14"
"-15.80","","-19.50","48","771","1029","","","","0.00","","NE","Несущественная облачность","2026-01-25 09:15"
"-15.80","","-19.50","48","771","1029","","","","0.00","","NE","Несущественная облачность","2026-01-25 09:16"
"-15.80","","-19.50","48","771","1029","","","","0.00","","NE","Несущественная облачность","2026-01-25 09:17"
"-15.70","","-19.40","48","771","1029","","","","0.00","","NE","Несущественная облачность","2026-01-25 09:18"
"-15.70","","-19.40","48","771","1029","","","","0.00","","NE","Несущественная облачность","2026-01-25 09:19"
"-15.80","","-19.50","48","771","1029","","","","0.00","","NE","Несущественная облачность","2026-01-25 09:20"
"-15.80","","-19.50","48","771","1029","","","","0.00","","NE","Несущественная облачность","2026-01-25 09:21"
"-15.80","","-19.50","48","771","1029","","","","0.00","","NE","Несущественная облачность","2026-01-25 09:22"
"-15.80","","-19.50","48","771","1029","","","","0.00","","NE","Несущественная облачность","2026-01-25 09:23"
"-15.80","","-19.50","48","771","1029","","","","0.00","","NE","Несущественная облачность","2026-01-25 09:24"
"-15.80","","-19.50","48","771","1029","","","","0.00","","NE","Несущественная облачность","2026-01-25 09:25"
"-15.80","","-19.50","48","771","1029","","","","0.00","","NE","Несущественная облачность","2026-01-25 09:26"
"-15.70","","-19.40","48","771","1029","","","","0.00","","NE","Несущественная облачность","2026-01-25 09:27"
"-15.60","","-19.30","48","771","1029","","","","0.00","","NE","Несущественная облачность","2026-01-25 09:28"
"-15.60","","-19.30","48","771","1029","","","","0.00","","NE","Несущественная облачность","2026-01-25 09:29"
"-15.60","","-19.30","48","771","1029","","","","0.00","","NE","Несущественная облачность","2026-01-25 09:30"
"-15.50","","-19.20","48","771","1029","","","","0.00","","NE","Несущественная облачность","2026-01-25 09:31"
"-15.50","","-19.20","48","771","1029","","","","0.40","","NE","Несущественная облачность","2026-01-25 09:32"
"-15.50","","-19.50","48","771","1029","","","","0.00","","NE","Несущественная облачность","2026-01-25 09:33"
"-15.50","","-19.50","48","771","1029","","","","0.00","","NE","Несущественная облачность","2026-01-25 09:34"
"-15.50","","-19.20","48","771","1029","","","","0.00","","NE","Несущественная облачность","2026-01-25 09:35"
"-15.50","","-19.20","48","771","1029","","","","0.00","","NE","Несущественная облачность","2026-01-25 09:36"
"-15.50","","-19.20","48","771","1029","","","","0.00","","NE","Несущественная облачность","2026-01-25 09:37"
"-15.50","","-19.50","48","771","1029","","","","0.40","","NE","Несущественная облачность","2026-01-25 09:38"
"-15.50","","-19.50","48","771","1029","","","","0.40","","NE","Несущественная облачность","2026-01-25 09:39"
"-15.40","","-19.40","48","771","1029","","","","0.40","","NE","Несущественная облачность","2026-01-25 09:40"
"-15.40","","-19.40","48","771","1029","","","","0.40","","NE","Несущественная облачность","2026-01-25 09:41"
"-15.30","","-19.30","48","771","1029","","","","0.50","","NE","Несущественная облачность","2026-01-25 09:42"
"-15.30","","-19.30","48","771","1029","","","","0.40","","NE","Несущественная облачность","2026-01-25 09:43"
"-15.30","","-19.40","48","771","1029","","","","0.50","","NE","Несущественная облачность","2026-01-25 09:44"
"-15.30","","-19.40","48","771","1029","","","","0.50","","NE","Несущественная облачность","2026-01-25 09:45"
"-15.30","","-19.40","48","771","1029","","","","0.50","","NE","Несущественная облачность","2026-01-25 09:46"
"-15.30","","-19.40","48","771","1029","","","","0.50","","NE","Несущественная облачность","2026-01-25 09:47"
"-15.30","","-19.40","48","771","1029","","","","0.50","","NE","Несущественная облачность","2026-01-25 09:48"
"-15.30","","-19.40","48","771","1029","","","","0.50","","NE","Несущественная облачность","2026-01-25 09:49"
"-15.20","","-19.30","48","771","1029","","","","0.50","","NE","Несущественная облачность","2026-01-25 09:50"
"-15.20","","-19.30","48","771","1029","","","","0.50","","NE","Несущественная облачность","2026-01-25 09:51"
"-15.20","","-19.30","48","771","1029","","","","0.50","","NE","Несущественная облачность","2026-01-25 09:52"
"-15.20","","-19.30","48","771","1029","","","","0.50","","NE","Несущественная облачность","2026-01-25 09:53"
"-15.20","","-19.30","48","771","1029","","","","0.50","","NE","Несущественная облачность","2026-01-25 09:54"
"-15.20","","-19.30","48","771","1029","","","","0.50","","NE","Несущественная облачность","2026-01-25 09:55"
"-15.20","","-19.30","48","771","1029","","","","0.50","","NE","Несущественная облачность","2026-01-25 09:56"
"-15.20","","-19.30","48","771","1029","","","","0.50","","NE","Несущественная облачность","2026-01-25 09:57"
"-15.20","","-19.30","48","771","1029","","","","0.50","","NE","Несущественная облачность","2026-01-25 09:58"
"-15.20","","-19.30","48","771","1029","","","","0.50","","NE","Несущественная облачность","2026-01-25 09:59"
"-15.20","","-19.30","48","771","1029","","","","0.50","","NE","Несущественная облачность","2026-01-25 10:00"
"-15.20","","-19.20","48","771","1029","","","","0.40","","NE","Несущественная облачность","2026-01-25 10:01"
"-15.20","","-19.20","48","771","1029","","","","0.00","","NE","Несущественная облачность","2026-01-25 10:02"
"-15.20","","-18.90","48","771","1029","","","","0.00","","NE","Несущественная облачность","2026-01-25 10:03"
"-15.20","","-18.90","48","771","1029","","","","0.00","","NE","Несущественная облачность","2026-01-25 10:04"
"-15.20","","-18.90","48","771","1029","","","","0.00","","NE","Несущественная облачность","2026-01-25 10:05"
"-15.20","","-18.90","48","771","1029","","","","0.00","","NE","Несущественная облачность","2026-01-25 10:06"
"-15.10","","-19.10","48","771","1029","","","","0.40","","NE","Несущественная облачность","2026-01-25 10:07"
"-15.10","","-18.80","48","771","1029","","","","0.00","","NE","Несущественная облачность","2026-01-25 10:08"
"-15.10","","-19.10","48","771","1029","","","","0.50","","NE","Несущественная облачность","2026-01-25 10:09"
"-15.10","","-19.10","48","771","1029","","","","0.50","","NE","Несущественная облачность","2026-01-25 10:10"
"-15.10","","-19.10","48","771","1029","","","","0.50","","NE","Несущественная облачность","2026-01-25 10:11"
"-15.20","","-19.30","48","771","1029","","","","0.50","","NE","Несущественная облачность","2026-01-25 10:12"
"-15.20","","-19.30","48","771","1029","","","","0.50","","NE","Несущественная облачность","2026-01-25 10:13"
"-15.10","","-19.10","48","771","1029","","","","0.50","","NE","Несущественная облачность","2026-01-25 10:14"
"-15.10","","-19.10","48","771","1029","","","","0.40","","NE","Несущественная облачность","2026-01-25 10:15"
"-15.10","","-19.10","48","771","1029","","","","0.40","","NE","Несущественная облачность","2026-01-25 10:16"
"-15.00","","-19.00","48","771","1029","","","","0.40","","NE","Несущественная облачность","2026-01-25 10:17"
"-15.00","","-19.00","48","771","1029","","","","0.40","","NE","Несущественная облачность","2026-01-25 10:18"
"-15.00","","-19.00","48","771","1029","","","","0.40","","NE","Несущественная облачность","2026-01-25 10:19"
"-15.10","","-19.10","48","771","1029","","","","0.40","","NE","Несущественная облачность","2026-01-25 10:20"
"-15.00","","-19.00","48","771","1029","","","","0.40","","NE","Несущественная облачность","2026-01-25 10:21"
"-15.00","","-19.00","48","771","1029","","","","0.40","","ENE","Несущественная облачность","2026-01-25 10:22"
"-15.00","","-19.00","48","771","1029","","","","0.40","","ENE","Несущественная облачность","2026-01-25 10:23"
"-15.00","","-19.00","48","771","1029","","","","0.40","","ENE","Несущественная облачность","2026-01-25 10:24"
"-15.00","","-19.00","48","771","1029","","","","0.40","","ENE","Несущественная облачность","2026-01-25 10:25"
"-15.00","","-19.00","48","771","1029","","","","0.40","","ENE","Несущественная облачность","2026-01-25 10:26"
"-15.00","","-19.00","48","771","1029","","","","0.40","","ENE","Несущественная облачность","2026-01-25 10:27"
"-15.00","","-19.00","48","771","1029","","","","0.40","","ENE","Несущественная облачность","2026-01-25 10:28"
"-15.00","","-19.00","48","771","1029","","","","0.40","","NE","Несущественная облачность","2026-01-25 10:29"
"-15.00","","-19.00","48","771","1029","","","","0.40","","NE","Несущественная облачность","2026-01-25 10:30"
"-15.00","","-19.00","48","771","1029","","","","0.40","","NE","Несущественная облачность","2026-01-25 10:31"
"-15.00","","-19.00","48","771","1029","","","","0.40","","NE","Несущественная облачность","2026-01-25 10:32"
"-15.00","","-19.00","48","771","1029","","","","0.40","","NE","Несущественная облачность","2026-01-25 10:33"
"-15.00","","-19.00","48","771","1029","","","","0.40","","NE","Несущественная облачность","2026-01-25 10:34"
"-14.90","","-18.90","48","771","1029","","","","0.40","","NE","Несущественная облачность","2026-01-25 10:35"
"-14.90","","-18.90","48","771","1028","","","","0.40","","NE","Несущественная облачность","2026-01-25 10:36"
"-15.00","","-19.00","48","771","1028","","","","0.40","","NE","Несущественная облачность","2026-01-25 10:37"
"-15.00","","-19.00","48","771","1028","","","","0.40","","NE","Несущественная облачность","2026-01-25 10:38"
"-15.10","","-19.10","48","771","1028","","","","0.40","","NE","Несущественная облачность","2026-01-25 10:39"
"-15.10","","-19.10","48","771","1028","","","","0.40","","NE","Несущественная облачность","2026-01-25 10:40"
"-15.20","","-19.20","48","771","1028","","","","0.40","","NE","Несущественная облачность","2026-01-25 10:41"
"-15.20","","-19.20","48","771","1028","","","","0.40","","NE","Несущественная облачность","2026-01-25 10:42"
"-15.20","","-19.20","48","771","1028","","","","0.40","","NE","Несущественная облачность","2026-01-25 10:43"
"-15.20","","-19.20","48","771","1028","","","","0.40","","NE","Несущественная облачность","2026-01-25 10:44"
"-15.20","","-19.20","48","771","1028","","","","0.40","","NE","Несущественная облачность","2026-01-25 10:45"
"-15.30","","-19.30","48","771","1028","","","","0.40","","NE","Несущественная облачность","2026-01-25 10:46"
"-15.30","","-19.30","48","771","1028","","","","0.40","","NE","Несущественная облачность","2026-01-25 10:47"
"-15.30","","-19.30","48","771","1028","","","","0.40","","NE","Несущественная облачность","2026-01-25 10:48"
"-15.30","","-19.30","48","771","1028","","","","0.40","","NE","Несущественная облачность","2026-01-25 10:49"
"-15.30","","-19.30","48","771","1028","","","","0.40","","NE","Несущественная облачность","2026-01-25 10:50"
"-15.30","","-19.30","48","771","1028","","","","0.40","","NE","Несущественная облачность","2026-01-25 10:51"
"-15.30","","-19.30","48","771","1029","","","","0.40","","NE","Несущественная облачность","2026-01-25 10:52"
"-15.40","","-19.40","48","771","1029","","","","0.40","","NE","Несущественная облачность","2026-01-25 10:53"
"-15.40","","-19.40","48","771","1029","","","","0.40","","NE","Несущественная облачность","2026-01-25 10:54"
"-15.30","","-19.30","48","771","1029","","","","0.40","","NE","Несущественная облачность","2026-01-25 10:55"
"-15.30","","-19.30","48","771","1029","","","","0.40","","NE","Несущественная облачность","2026-01-25 10:56"
"-15.30","","-19.30","48","771","1029","","","","0.40","","NE","Несущественная облачность","2026-01-25 10:57"
"-15.30","","-19.30","48","771","1029","","","","0.40","","NE","Несущественная облачность","2026-01-25 10:58"
"-15.20","","-19.20","48","771","1029","","","","0.40","","ENE","Несущественная облачность","2026-01-25 10:59"
"-15.20","","-19.20","48","771","1029","","","","0.40","","ENE","Несущественная облачность","2026-01-25 11:00"
"-15.30","","-19.30","48","771","1029","","","","0.40","","ENE","Несущественная облачность","2026-01-25 11:01"
"-15.20","","-19.20","48","771","1029","","","","0.40","","ENE","Несущественная облачность","2026-01-25 11:02"
"-15.20","","-19.20","48","771","1029","","","","0.50","","ENE","Несущественная облачность","2026-01-25 11:03"
"-15.20","","-19.30","48","771","1029","","","","0.50","","ENE","Несущественная облачность","2026-01-25 11:04"
"-15.30","","-19.40","48","771","1029","","","","0.50","","ENE","Несущественная облачность","2026-01-25 11:05"
"-15.30","","-19.40","48","771","1029","","","","0.50","","ENE","Несущественная облачность","2026-01-25 11:06"
"-15.30","","-19.30","48","771","1029","","","","0.40","","ENE","Несущественная облачность","2026-01-25 11:07"
"-15.30","","-19.30","48","771","1029","","","","0.40","","ENE","Несущественная облачность","2026-01-25 11:08"
"-15.20","","-19.20","48","771","1029","","","","0.50","","ENE","Несущественная облачность","2026-01-25 11:09"
"-15.30","","-19.40","48","771","1029","","","","0.50","","ENE","Несущественная облачность","2026-01-25 11:10"
"-15.30","","-19.40","48","771","1029","","","","0.50","","ENE","Несущественная облачность","2026-01-25 11:11"
"-15.30","","-19.40","48","771","1029","","","","0.50","","ENE","Несущественная облачность","2026-01-25 11:12"
"-15.40","","-19.50","48","771","1029","","","","0.50","","ENE","Несущественная облачность","2026-01-25 11:13"
"-15.40","","-19.40","48","771","1029","","","","0.40","","ENE","Несущественная облачность","2026-01-25 11:14"
"-15.30","","-19.30","48","771","1029","","","","0.40","","ENE","Несущественная облачность","2026-01-25 11:15"
"-15.30","","-19.30","48","771","1029","","","","0.40","","ENE","Несущественная облачность","2026-01-25 11:16"
"-15.30","","-19.30","48","771","1029","","","","0.40","","ENE","Несущественная облачность","2026-01-25 11:17"
"-15.30","","-19.30","48","771","1029","","","","0.40","","ENE","Несущественная облачность","2026-01-25 11:18"
"-15.30","","-19.30","48","771","1029","","","","0.40","","ENE","Несущественная облачность","2026-01-25 11:19"
"-15.30","","-19.30","48","771","1029","","","","0.00","","ENE","Несущественная облачность","2026-01-25 11:20"
"-15.30","","-19.00","48","771","1029","","","","0.00","","ENE","Несущественная облачность","2026-01-25 11:21"
"-15.30","","-19.00","48","771","1029","","","","0.00","","ENE","Несущественная облачность","2026-01-25 11:22"
"-15.20","","-18.90","48","771","1029","","","","0.00","","ENE","Несущественная облачность","2026-01-25 11:23"
"-15.20","","-18.90","48","771","1029","","","","0.00","","ENE","Несущественная облачность","2026-01-25 11:24"
"-15.20","","-18.90","48","771","1029","","","","0.00","","ENE","Несущественная облачность","2026-01-25 11:25"
"-15.30","","-19.00","48","771","1029","","","","0.00","","ENE","Несущественная облачность","2026-01-25 11:26"
"-15.20","","-18.90","48","771","1029","","","","0.00","","ENE","Несущественная облачность","2026-01-25 11:27"
"-15.20","","-18.90","48","771","1029","","","","0.00","","ENE","Несущественная облачность","2026-01-25 11:28"
"-15.20","","-18.90","48","771","1029","","","","0.00","","ENE","Несущественная облачность","2026-01-25 11:29"
"-15.20","","-18.90","48","771","1029","","","","0.00","","ENE","Несущественная облачность","2026-01-25 11:30"
"-15.20","","-18.90","48","771","1029","","","","0.00","","ENE","Несущественная облачность","2026-01-25 11:31"
"-15.30","","-19.00","48","771","1029","","","","0.40","","ENE","Несущественная облачность","2026-01-25 11:32"
"-15.30","","-19.00","48","771","1029","","","","0.40","","ENE","Несущественная облачность","2026-01-25 11:33"
"-15.20","","-18.90","48","771","1029","","","","0.00","","ENE","Несущественная облачность","2026-01-25 11:34"
"-15.20","","-18.90","48","771","1029","","","","0.00","","ENE","Несущественная облачность","2026-01-25 11:35"
"-15.20","","-18.90","48","771","1029","","","","0.00","","ENE","Несущественная облачность","2026-01-25 11:36"
"-15.20","","-18.90","48","771","1029","","","","0.00","","ENE","Несущественная облачность","2026-01-25 11:37"
"-15.20","","-18.90","48","771","1029","","","","0.00","","ENE","Несущественная облачность","2026-01-25 11:38"
"-15.20","","-18.90","48","771","1029","","","","0.00","","ENE","Несущественная облачность","2026-01-25 11:39"
"-15.20","","-18.90","48","771","1029","","","","0.00","","ENE","Несущественная облачность","2026-01-25 11:40"
"-15.10","","-18.80","48","771","1029","","","","0.00","","ENE","Несущественная облачность","2026-01-25 11:41"
"-15.10","","-18.80","48","771","1029","","","","0.00","","ENE","Несущественная облачность","2026-01-25 11:42"
"-15.10","","-18.80","48","771","1029","","","","0.00","","ENE","Несущественная облачность","2026-01-25 11:43"
"-15.10","","-18.80","48","771","1029","","","","0.00","","ENE","Несущественная облачность","2026-01-25 11:44"
"-15.10","","-18.80","48","771","1029","","","","0.00","","ENE","Несущественная облачность","2026-01-25 11:45"
"-15.10","","-18.80","48","771","1029","","","","0.00","","ENE","Несущественная облачность","2026-01-25 11:46"
"-15.20","","-18.90","48","771","1029","","","","0.00","","ENE","Несущественная облачность","2026-01-25 11:47"
"-15.20","","-18.90","48","771","1029","","","","0.00","","ENE","Несущественная облачность","2026-01-25 11:48"
"-15.20","","-19.20","48","771","1029","","","","0.40","","ENE","Несущественная облачность","2026-01-25 11:49"
"-15.20","","-19.20","48","771","1029","","","","0.40","","ENE","Несущественная облачность","2026-01-25 11:50"
"-15.20","","-19.20","48","772","1030","","","","0.40","","ENE","Несущественная облачность","2026-01-25 11:51"
"-15.20","","-19.20","48","772","1030","","","","0.40","","ENE","Несущественная облачность","2026-01-25 11:52"
"-15.20","","-19.20","48","772","1030","","","","0.40","","ENE","Несущественная облачность","2026-01-25 11:53"
"-15.20","","-19.20","48","772","1030","","","","0.00","","ENE","Несущественная облачность","2026-01-25 11:54"
"-15.20","","-19.20","48","772","1030","","","","0.00","","ENE","Несущественная облачность","2026-01-25 11:55"
"-15.30","","-19.00","48","772","1030","","","","0.00","","ENE","Несущественная облачность","2026-01-25 11:56"
"-15.30","","-19.00","48","772","1030","","","","0.00","","ENE","Несущественная облачность","2026-01-25 11:57"
"-15.40","","-19.10","48","772","1030","","","","0.00","","ENE","Несущественная облачность","2026-01-25 11:58"
"-15.40","","-19.10","48","772","1030","","","","0.00","","ENE","Несущественная облачность","2026-01-25 11:59"
"-15.50","","-19.50","48","772","1030","","","","0.40","","ENE","Несущественная облачность","2026-01-25 12:00"
"-15.50","","-19.50","48","772","1030","","","","0.40","","ENE","Несущественная облачность","2026-01-25 12:01"
"-15.50","","-19.20","48","772","1030","","","","0.00","","ENE","Несущественная облачность","2026-01-25 12:02"
"-15.50","","-19.20","48","772","1030","","","","0.00","","ENE","Несущественная облачность","2026-01-25 12:03"
"-15.50","","-19.20","48","772","1030","","","","0.00","","ENE","Несущественная облачность","2026-01-25 12:04"
"-15.50","","-19.20","48","772","1030","","","","0.00","","ENE","Несущественная облачность","2026-01-25 12:05"
"-15.50","","-19.20","48","771","1029","","","","0.00","","ENE","Несущественная облачность","2026-01-25 12:06"
"-15.50","","-19.20","48","771","1029","","","","0.40","","ENE","Несущественная облачность","2026-01-25 12:07"
"-15.50","","-19.20","48","771","1029","","","","0.40","","ENE","Несущественная облачность","2026-01-25 12:08"
"-15.50","","-19.20","48","771","1029","","","","0.00","","ENE","Несущественная облачность","2026-01-25 12:09"
"-15.60","","-19.30","48","771","1029","","","","0.00","","ENE","Несущественная облачность","2026-01-25 12:10"
"-15.60","","-19.30","48","771","1029","","","","0.00","","ENE","Несущественная облачность","2026-01-25 12:11"
"-15.60","","-19.30","48","771","1029","","","","0.00","","ENE","Несущественная облачность","2026-01-25 12:12"
"-15.70","","-19.40","48","771","1029","","","","0.00","","ENE","Несущественная облачность","2026-01-25 12:13"
"-15.70","","-19.40","48","771","1029","","","","0.00","","ENE","Несущественная облачность","2026-01-25 12:14"
"-15.80","","-19.50","48","771","1029","","","","0.00","","ENE","Несущественная облачность","2026-01-25 12:15"
"-15.80","","-19.50","48","771","1029","","","","0.00","","ENE","Несущественная облачность","2026-01-25 12:16"
"-15.80","","-19.50","48","771","1029","","","","0.00","","ENE","Несущественная облачность","2026-01-25 12:17"
"-15.80","","-19.50","48","771","1029","","","","0.00","","ENE","Несущественная облачность","2026-01-25 12:18"
"-15.80","","-19.50","48","771","1029","","","","0.00","","ENE","Несущественная облачность","2026-01-25 12:19"
"-15.80","","-19.80","48","771","1029","","","","0.40","","ENE","Несущественная облачность","2026-01-25 12:20"
"-15.80","","-19.80","48","771","1029","","","","0.40","","ENE","Несущественная облачность","2026-01-25 12:21"
"-15.80","","-19.80","48","771","1029","","","","0.40","","ENE","Несущественная облачность","2026-01-25 12:22"
"-16.00","","-19.70","48","771","1029","","","","0.40","","ENE","Несущественная облачность","2026-01-25 12:23"
"-16.00","","-20.00","48","771","1029","","","","0.60","","ENE","Несущественная облачность","2026-01-25 12:24"
"-16.00","","-20.10","48","771","1029","","","","0.60","","ENE","Несущественная облачность","2026-01-25 12:25"
"-16.10","","-20.20","48","771","1029","","","","0.50","","ENE","Несущественная облачность","2026-01-25 12:26"
"-16.20","","-20.30","48","771","1029","","","","0.60","","ENE","Несущественная облачность","2026-01-25 12:27"
"-16.10","","-20.20","48","771","1029","","","","0.00","","ENE","Несущественная облачность","2026-01-25 12:28"
"-16.10","","-20.20","48","771","1029","","","","0.00","","ENE","Несущественная облачность","2026-01-25 12:29"
"-16.20","","-19.90","48","771","1029","","","","0.00","","ENE","Несущественная облачность","2026-01-25 12:30"
"-16.20","","-19.90","48","771","1029","","","","0.00","","ENE","Несущественная облачность","2026-01-25 12:31"
"-16.20","","-19.90","48","771","1029","","","","0.00","","ENE","Несущественная облачность","2026-01-25 12:32"
"-16.20","","-19.90","48","771","1029","","","","0.00","","ENE","Несущественная облачность","2026-01-25 12:33"
"-16.20","","-19.90","48","771","1029","","","","0.00","","ENE","Несущественная облачность","2026-01-25 12:34"
"-16.40","","-20.10","48","771","1029","","","","0.40","","ENE","Несущественная облачность","2026-01-25 12:35"
"-16.50","","-20.20","48","772","1030","","","","0.00","","ENE","Несущественная облачность","2026-01-25 12:36"
"-16.50","","-20.20","48","772","1030","","","","0.00","","ENE","Несущественная облачность","2026-01-25 12:37"
"-16.50","","-20.20","48","772","1030","","","","0.00","","ENE","Несущественная облачность","2026-01-25 12:38"
"-16.50","","-20.20","48","772","1030","","","","0.00","","ENE","Несущественная облачность","2026-01-25 12:39"
"-16.50","","-20.20","48","772","1030","","","","0.00","","ENE","Несущественная облачность","2026-01-25 12:40"
"-16.50","","-20.20","48","772","1030","","","","0.00","","ENE","Несущественная облачность","2026-01-25 12:41"
"-16.50","","-20.20","48","772","1030","","","","0.00","","ENE","Несущественная облачность","2026-01-25 12:42"
"-16.50","","-20.20","48","772","1030","","","","0.00","","ENE","Несущественная облачность","2026-01-25 12:43"
"-16.60","","-20.30","48","772","1030","","","","0.00","","ENE","Несущественная облачность","2026-01-25 12:44"
"-16.60","","-20.30","48","772","1030","","","","0.00","","ENE","Несущественная облачность","2026-01-25 12:45"
"-16.60","","-20.30","48","772","1030","","","","0.00","","ENE","Несущественная облачность","2026-01-25 12:46"
"-16.60","","-20.30","48","772","1030","","","","0.00","","ENE","Несущественная облачность","2026-01-25 12:47"
"-16.60","","-20.30","48","772","1030","","","","0.00","","ENE","Несущественная облачность","2026-01-25 12:48"
"-16.60","","-20.30","48","772","1030","","","","0.00","","ENE","Несущественная облачность","2026-01-25 12:49"
"-16.80","","-20.50","48","772","1030","","","","0.00","","ENE","Несущественная облачность","2026-01-25 12:50"
"-16.80","","-20.50","48","772","1030","","","","0.00","","ENE","Несущественная облачность","2026-01-25 12:51"
"-16.80","","-20.80","48","772","1030","","","","0.40","","ENE","Несущественная облачность","2026-01-25 12:52"
"-16.80","","-20.80","48","772","1030","","","","0.40","","ENE","Несущественная облачность","2026-01-25 12:53"
"-16.90","","-20.60","48","772","1030","","","","0.00","","ENE","Несущественная облачность","2026-01-25 12:54"
"-16.90","","-20.60","48","772","1030","","","","0.00","","ENE","Несущественная облачность","2026-01-25 12:55"
"-16.90","","-20.60","48","772","1030","","","","0.00","","ENE","Несущественная облачность","2026-01-25 12:56"
"-16.90","","-20.60","48","772","1030","","","","0.00","","ENE","Несущественная облачность","2026-01-25 12:57"
"-16.90","","-20.60","48","772","1030","","","","0.00","","ENE","Несущественная облачность","2026-01-25 12:58"
"-17.00","","-20.70","48","772","1030","","","","0.00","","ENE","Несущественная облачность","2026-01-25 12:59"
"-17.00","","-20.70","48","772","1030","","","","0.00","","ENE","Несущественная облачность","2026-01-25 13:00"
"-17.00","","-20.70","48","772","1030","","","","0.00","","ENE","Несущественная облачность","2026-01-25 13:01"
"-17.00","","-20.70","48","772","1030","","","","0.00","","ENE","Несущественная облачность","2026-01-25 13:02"
"-17.00","","-20.70","48","772","1030","","","","0.00","","ENE","Несущественная облачность","2026-01-25 13:03"
"-17.10","","-20.80","48","772","1030","","","","0.00","","ENE","Несущественная облачность","2026-01-25 13:04"
"-17.20","","-20.90","48","772","1030","","","","0.00","","ENE","Несущественная облачность","2026-01-25 13:05"
"-17.20","","-20.90","48","772","1030","","","","0.00","","ENE","Несущественная облачность","2026-01-25 13:06"
"-17.20","","-20.90","48","772","1030","","","","0.00","","ENE","Несущественная облачность","2026-01-25 13:07"
"-17.20","","-20.90","48","772","1030","","","","0.00","","ENE","Несущественная облачность","2026-01-25 13:08"
"-17.20","","-20.90","48","772","1030","","","","0.00","","ENE","Несущественная облачность","2026-01-25 13:09"
"-17.20","","-20.90","48","772","1030","","","","0.00","","ENE","Несущественная облачность","2026-01-25 13:10"
"-17.20","","-20.90","48","772","1030","","","","0.00","","ENE","Несущественная облачность","2026-01-25 13:11"
"-17.30","","-21.00","48","772","1030","","","","0.00","","ENE","Несущественная облачность","2026-01-25 13:12"
"-17.40","","-21.20","48","772","1030","","","","0.00","","ENE","Несущественная облачность","2026-01-25 13:13"
"-17.40","","-21.20","48","772","1030","","","","0.00","","ENE","Несущественная облачность","2026-01-25 13:14"
"-17.40","","-21.20","48","772","1030","","","","0.00","","ENE","Несущественная облачность","2026-01-25 13:15"
"-17.40","","-21.20","48","772","1030","","","","0.00","","ENE","Несущественная облачность","2026-01-25 13:16"
"-17.40","","-21.20","48","772","1030","","","","0.00","","ENE","Несущественная облачность","2026-01-25 13:17"
"-17.40","","-21.20","48","772","1030","","","","0.00","","ENE","Несущественная облачность","2026-01-25 13:18"
"-17.40","","-21.20","48","772","1030","","","","0.00","","ENE","Несущественная облачность","2026-01-25 13:19"
"-17.40","","-21.20","48","772","1030","","","","0.00","","ENE","Несущественная облачность","2026-01-25 13:20"
"-17.40","","-21.20","48","771","1029","","","","0.00","","ENE","Несущественная облачность","2026-01-25 13:21"
"-17.40","","-21.20","48","771","1029","","","","0.00","","ENE","Несущественная облачность","2026-01-25 13:22"
"-17.40","","-21.20","48","771","1029","","","","0.00","","ENE","Несущественная облачность","2026-01-25 13:23"
"-17.40","","-21.20","48","771","1029","","","","0.00","","ENE","Несущественная облачность","2026-01-25 13:24"
"-17.40","","-21.20","48","771","1029","","","","0.00","","ENE","Несущественная облачность","2026-01-25 13:25"
"-17.50","","-21.30","48","771","1029","","","","0.00","","ENE","Несущественная облачность","2026-01-25 13:26"
"-17.50","","-21.30","48","771","1029","","","","0.00","","ENE","Несущественная облачность","2026-01-25 13:27"
"-17.50","","-21.30","48","771","1029","","","","0.00","","ENE","Несущественная облачность","2026-01-25 13:28"
"-17.60","","-21.40","48","771","1029","","","","0.00","","ENE","Несущественная облачность","2026-01-25 13:29"
"-17.60","","-21.40","48","771","1029","","","","0.00","","ENE","Несущественная облачность","2026-01-25 13:30"
"-17.60","","-21.40","48","771","1029","","","","0.00","","ENE","Несущественная облачность","2026-01-25 13:31"
"-17.70","","-21.50","48","771","1029","","","","0.00","","ENE","Несущественная облачность","2026-01-25 13:32"
"-17.70","","-21.50","48","771","1029","","","","0.00","","ENE","Несущественная облачность","2026-01-25 13:33"
"-17.70","","-21.50","48","771","1029","","","","0.00","","ENE","Несущественная облачность","2026-01-25 13:34"
"-17.70","","-21.50","48","771","1029","","","","0.00","","ENE","Несущественная облачность","2026-01-25 13:35"
"-17.80","","-21.60","48","772","1030","","","","0.00","","ENE","Несущественная облачность","2026-01-25 13:36"
"-17.80","","-21.60","48","772","1030","","","","0.00","","ENE","Несущественная облачность","2026-01-25 13:37"
"-17.80","","-21.60","48","772","1030","","","","0.00","","ENE","Несущественная облачность","2026-01-25 13:38"
"-17.90","","-21.70","48","772","1030","","","","0.00","","ENE","Несущественная облачность","2026-01-25 13:39"
"-17.90","","-21.70","48","772","1030","","","","0.00","","ENE","Несущественная облачность","2026-01-25 13:40"
"-17.90","","-21.70","48","772","1030","","","","0.00","","ENE","Несущественная облачность","2026-01-25 13:41"
"-17.90","","-21.70","48","772","1030","","","","0.00","","ENE","Несущественная облачность","2026-01-25 13:42"
"-17.90","","-21.70","48","772","1030","","","","0.00","","ENE","Несущественная облачность","2026-01-25 13:43"
"-17.90","","-21.70","48","772","1030","","","","0.00","","ENE","Несущественная облачность","2026-01-25 13:44"
"-17.90","","-21.70","48","772","1030","","","","0.00","","ENE","Несущественная облачность","2026-01-25 13:45"
"-17.90","","-21.70","48","772","1030","","","","0.00","","ENE","Несущественная облачность","2026-01-25 13:46"
"-17.90","","-21.70","48","772","1030","","","","0.00","","ENE","Несущественная облачность","2026-01-25 13:47"
"-17.90","","-21.70","48","772","1030","","","","0.00","","ENE","Несущественная облачность","2026-01-25 13:48"
"-17.90","","-21.70","48","772","1030","","","","0.00","","ENE","Несущественная облачность","2026-01-25 13:49"
"-18.00","","-21.80","48","772","1030","","","","0.00","","ENE","Несущественная облачность","2026-01-25 13:50"
"-18.00","","-21.80","48","772","1030","","","","0.00","","ENE","Несущественная облачность","2026-01-25 13:51"
"-18.00","","-21.80","48","772","1030","","","","0.00","","ENE","Несущественная облачность","2026-01-25 13:52"
"-18.10","","-21.90","48","772","1030","","","","0.00","","ENE","Несущественная облачность","2026-01-25 13:53"
"-18.10","","-21.90","48","772","1030","","","","0.00","","ENE","Несущественная облачность","2026-01-25 13:54"
"-18.10","","-21.90","48","772","1030","","","","0.00","","ENE","Несущественная облачность","2026-01-25 13:55"
"-18.10","","-21.90","48","772","1030","","","","0.00","","ENE","Несущественная облачность","2026-01-25 13:56"
"-18.10","","-21.90","48","772","1030","","","","0.00","","ENE","Несущественная облачность","2026-01-25 13:57"
"-18.10","","-21.90","48","772","1030","","","","0.00","","ENE","Несущественная облачность","2026-01-25 13:58"
"-18.10","","-21.90","48","772","1030","","","","0.00","","ENE","Несущественная облачность","2026-01-25 13:59"
"-18.20","","-22.00","48","772","1030","","","","0.00","","ENE","Несущественная облачность","2026-01-25 14:00"
"-18.20","","-22.00","48","772","1030","","","","0.00","","ENE","Несущественная облачность","2026-01-25 14:01"
"-18.20","","-22.00","48","772","1030","","","","0.00","","ENE","Несущественная облачность","2026-01-25 14:02"
"-18.20","","-22.00","48","772","1030","","","","0.00","","ENE","Несущественная облачность","2026-01-25 14:03"
"-18.20","","-22.00","48","772","1030","","","","0.00","","ENE","Несущественная облачность","2026-01-25 14:04"
"-18.20","","-22.00","48","772","1030","","","","0.00","","ENE","Несущественная облачность","2026-01-25 14:05"
"-18.30","","-22.10","48","772","1030","","","","0.00","","ENE","Несущественная облачность","2026-01-25 14:06"
"-18.20","","-22.00","48","772","1030","","","","0.00","","ENE","Несущественная облачность","2026-01-25 14:07"
"-18.20","","-22.00","48","772","1030","","","","0.00","","ENE","Несущественная облачность","2026-01-25 14:08"
"-18.20","","-22.00","48","772","1030","","","","0.00","","ENE","Несущественная облачность","2026-01-25 14:09"
"-18.30","","-22.10","48","772","1030","","","","0.00","","ENE","Несущественная облачность","2026-01-25 14:10"
"-18.30","","-22.10","48","772","1030","","","","0.00","","ENE","Несущественная облачность","2026-01-25 14:11"
"-18.30","","-22.10","48","772","1030","","","","0.00","","ENE","Несущественная облачность","2026-01-25 14:12"
"-18.30","","-22.10","48","772","1030","","","","0.00","","ENE","Несущественная облачность","2026-01-25 14:13"
"-18.30","","-22.10","48","772","1030","","","","0.00","","ENE","Несущественная облачность","2026-01-25 14:14"
"-18.30","","-22.10","48","772","1030","","","","0.00","","ENE","Несущественная облачность","2026-01-25 14:15"
"-18.30","","-22.10","48","772","1030","","","","0.00","","ENE","Несущественная облачность","2026-01-25 14:16"
"-18.30","","-22.10","48","772","1030","","","","0.00","","ENE","Несущественная облачность","2026-01-25 14:17"
"-18.30","","-22.10","48","772","1030","","","","0.00","","ENE","Несущественная облачность","2026-01-25 14:18"
"-18.30","","-22.10","48","772","1030","","","","0.00","","ENE","Несущественная облачность","2026-01-25 14:19"
"-18.30","","-22.10","48","772","1030","","","","0.00","","ENE","Несущественная облачность","2026-01-25 14:20"
"-18.40","","-22.20","48","772","1030","","","","0.00","","ENE","Несущественная облачность","2026-01-25 14:21"
"-18.40","","-22.20","48","772","1030","","","","0.00","","ENE","Несущественная облачность","2026-01-25 14:22"
"-18.50","","-22.30","48","772","1030","","","","0.00","","ENE","Несущественная облачность","2026-01-25 14:23"
"-18.50","","-22.30","48","772","1030","","","","0.00","","ENE","Несущественная облачность","2026-01-25 14:24"
"-18.50","","-22.30","48","772","1030","","","","0.00","","ENE","Несущественная облачность","2026-01-25 14:25"
"-18.50","","-22.30","48","772","1030","","","","0.00","","ENE","Несущественная облачность","2026-01-25 14:26"
"-18.50","","-22.30","48","772","1030","","","","0.00","","ENE","Несущественная облачность","2026-01-25 14:27"
"-18.50","","-22.30","48","772","1030","","","","0.00","","ENE","Несущественная облачность","2026-01-25 14:28"
"-18.50","","-22.30","48","772","1030","","","","0.00","","ENE","Несущественная облачность","2026-01-25 14:29"
"-18.50","","-22.30","48","772","1030","","","","0.00","","ENE","Несущественная облачность","2026-01-25 14:30"
"-18.50","","-22.30","48","772","1030","","","","0.00","","ENE","Несущественная облачность","2026-01-25 14:31"
"-18.50","","-22.30","48","772","1030","","","","0.00","","ENE","Несущественная облачность","2026-01-25 14:32"
"-18.50","","-22.30","48","772","1030","","","","0.00","","ENE","Несущественная облачность","2026-01-25 14:33"
"-18.60","","-22.40","48","772","1030","","","","0.00","","ENE","Несущественная облачность","2026-01-25 14:34"
"-18.60","","-22.40","48","772","1030","","","","0.00","","ENE","Несущественная облачность","2026-01-25 14:35"
"-18.60","","-22.40","48","772","1030","","","","0.00","","ENE","Несущественная облачность","2026-01-25 14:36"
"-18.60","","-22.40","48","772","1030","","","","0.00","","ENE","Несущественная облачность","2026-01-25 14:37"
"-18.60","","-22.40","48","772","1030","","","","0.00","","ENE","Несущественная облачность","2026-01-25 14:38"
"-18.60","","-22.40","48","772","1030","","","","0.00","","ENE","Несущественная облачность","2026-01-25 14:39"
"-18.60","","-22.40","48","772","1030","","","","0.00","","ENE","Несущественная облачность","2026-01-25 14:40"
"-18.60","","-22.40","48","772","1030","","","","0.00","","ENE","Несущественная облачность","2026-01-25 14:41"
"-18.60","","-22.40","48","772","1030","","","","0.00","","ENE","Несущественная облачность","2026-01-25 14:42"
"-18.60","","-22.40","48","772","1030","","","","0.00","","ENE","Несущественная облачность","2026-01-25 14:43"
"-18.60","","-22.40","48","772","1030","","","","0.00","","ENE","Несущественная облачность","2026-01-25 14:44"
"-18.60","","-22.40","48","772","1030","","","","0.00","","ENE","Несущественная облачность","2026-01-25 14:45"
"-18.60","","-22.40","48","772","1030","","","","0.00","","ENE","Несущественная облачность","2026-01-25 14:46"
"-18.60","","-22.40","48","772","1030","","","","0.00","","ENE","Несущественная облачность","2026-01-25 14:47"
"-18.60","","-22.40","48","772","1030","","","","0.00","","ENE","Несущественная облачность","2026-01-25 14:48"
"-18.60","","-22.40","48","772","1030","","","","0.00","","ENE","Несущественная облачность","2026-01-25 14:49"
"-18.60","","-22.40","48","772","1030","","","","0.00","","ENE","Несущественная облачность","2026-01-25 14:50"
"-18.60","","-22.40","48","772","1030","","","","0.00","","ENE","Несущественная облачность","2026-01-25 14:51"
"-18.60","","-22.40","48","772","1030","","","","0.00","","ENE","Несущественная облачность","2026-01-25 14:52"
"-18.60","","-22.40","48","772","1030","","","","0.00","","ENE","Несущественная облачность","2026-01-25 14:53"
"-18.60","","-22.40","48","772","1030","","","","0.00","","ENE","Несущественная облачность","2026-01-25 14:54"
"-18.60","","-22.40","48","772","1030","","","","0.00","","ENE","Несущественная облачность","2026-01-25 14:55"
"-18.60","","-22.40","48","772","1030","","","","0.00","","ENE","Несущественная облачность","2026-01-25 14:56"
"-18.70","","-22.50","48","772","1030","","","","0.00","","ENE","Несущественная облачность","2026-01-25 14:57"
"-18.70","","-22.50","48","772","1030","","","","0.00","","ENE","Несущественная облачность","2026-01-25 14:58"
"-18.70","","-22.50","48","772","1030","","","","0.00","","ENE","Несущественная облачность","2026-01-25 14:59"
"-18.70","","-22.50","48","772","1030","","","","0.00","","ENE","Несущественная облачность","2026-01-25 15:00"
"-18.70","","-22.50","48","772","1030","","","","0.00","","ENE","Несущественная облачность","2026-01-25 15:01"
"-18.70","","-22.50","48","772","1030","","","","0.00","","ENE","Несущественная облачность","2026-01-25 15:02"
"-18.70","","-22.50","48","772","1030","","","","0.00","","ENE","Несущественная облачность","2026-01-25 15:03"
"-18.70","","-22.50","48","772","1030","","","","0.00","","ENE","Несущественная облачность","2026-01-25 15:04"
"-18.60","","-22.40","48","772","1030","","","","0.00","","ENE","Несущественная облачность","2026-01-25 15:05"
"-18.60","","-22.40","48","772","1030","","","","0.00","","ENE","Несущественная облачность","2026-01-25 15:06"
"-18.60","","-22.40","48","772","1030","","","","0.00","","ENE","Несущественная облачность","2026-01-25 15:07"
"-18.60","","-22.40","48","772","1030","","","","0.00","","ENE","Несущественная облачность","2026-01-25 15:08"
"-18.60","","-22.40","48","772","1030","","","","0.00","","ENE","Несущественная облачность","2026-01-25 15:09"
"-18.60","","-22.40","48","772","1030","","","","0.00","","ENE","Несущественная облачность","2026-01-25 15:10"
"-18.70","","-22.50","48","772","1030","","","","0.00","","ENE","Несущественная облачность","2026-01-25 15:11"
"-18.70","","-22.50","48","772","1030","","","","0.00","","ENE","Несущественная облачность","2026-01-25 15:12"
"-18.70","","-22.50","48","772","1030","","","","0.00","","ENE","Несущественная облачность","2026-01-25 15:13"
"-18.70","","-22.50","48","772","1030","","","","0.00","","ENE","Несущественная облачность","2026-01-25 15:14"
"-18.70","","-22.50","48","772","1030","","","","0.00","","ENE","Несущественная облачность","2026-01-25 15:15"
"-18.70","","-22.50","48","772","1030","","","","0.00","","ENE","Несущественная облачность","2026-01-25 15:16"
"-18.70","","-22.50","48","772","1030","","","","0.00","","ENE","Несущественная облачность","2026-01-25 15:17"
"-18.70","","-22.50","48","772","1030","","","","0.00","","ENE","Несущественная облачность","2026-01-25 15:18"
"-18.70","","-22.50","48","772","1030","","","","0.00","","ENE","Несущественная облачность","2026-01-25 15:19"
"-18.70","","-22.50","48","772","1030","","","","0.00","","ENE","Несущественная облачность","2026-01-25 15:20"
"-18.70","","-22.50","48","772","1030","","","","0.00","","ENE","Несущественная облачность","2026-01-25 15:21"
"-18.70","","-22.50","48","772","1030","","","","0.00","","ENE","Несущественная облачность","2026-01-25 15:22"
"-18.60","","-22.40","48","772","1030","","","","0.00","","ENE","Несущественная облачность","2026-01-25 15:23"
"-18.60","","-22.40","48","772","1030","","","","0.00","","ENE","Несущественная облачность","2026-01-25 15:24"
"-18.60","","-22.40","48","772","1030","","","","0.00","","ENE","Несущественная облачность","2026-01-25 15:25"
"-18.60","","-22.40","48","772","1030","","","","0.00","","ENE","Несущественная облачность","2026-01-25 15:26"
"-18.60","","-22.40","48","772","1030","","","","0.00","","ENE","Несущественная облачность","2026-01-25 15:27"
"-18.60","","-22.40","48","772","1030","","","","0.00","","ENE","Несущественная облачность","2026-01-25 15:28"
"-18.60","","-22.40","48","772","1030","","","","0.00","","ENE","Несущественная облачность","2026-01-25 15:29"
"-18.60","","-22.40","48","772","1030","","","","0.00","","ENE","Несущественная облачность","2026-01-25 15:30"
"-18.60","","-22.40","48","772","1030","","","","0.00","","ENE","Несущественная облачность","2026-01-25 15:31"
"-18.60","","-22.40","48","772","1030","","","","0.00","","ENE","Несущественная облачность","2026-01-25 15:32"
"-18.60","","-22.40","48","772","1030","","","","0.00","","ENE","Несущественная облачность","2026-01-25 15:33"
"-18.60","","-22.40","48","772","1030","","","","0.00","","ENE","Несущественная облачность","2026-01-25 15:34"
"-18.60","","-22.40","48","772","1030","","","","0.00","","ENE","Несущественная облачность","2026-01-25 15:35"
"-18.60","","-22.40","48","771","1029","","","","0.00","","ENE","Несущественная облачность","2026-01-25 15:36"
"-18.60","","-22.40","48","771","1029","","","","0.00","","ENE","Несущественная облачность","2026-01-25 15:37"
"-18.60","","-22.40","48","771","1029","","","","0.00","","ENE","Несущественная облачность","2026-01-25 15:38"
"-18.70","","-22.50","48","771","1029","","","","0.00","","ENE","Несущественная облачность","2026-01-25 15:39"
"-18.70","","-22.50","48","771","1029","","","","0.00","","ENE","Несущественная облачность","2026-01-25 15:40"
"-18.70","","-22.50","48","771","1029","","","","0.00","","ENE","Несущественная облачность","2026-01-25 15:41"
"-18.70","","-22.50","48","771","1029","","","","0.00","","ENE","Несущественная облачность","2026-01-25 15:42"
"-18.70","","-22.50","48","771","1029","","","","0.00","","ENE","Несущественная облачность","2026-01-25 15:43"
"-18.70","","-22.50","48","771","1029","","","","0.00","","ENE","Несущественная облачность","2026-01-25 15:44"
"-18.70","","-22.50","48","771","1029","","","","0.00","","ENE","Несущественная облачность","2026-01-25 15:45"
"-18.80","","-22.60","48","771","1029","","","","0.00","","ENE","Несущественная облачность","2026-01-25 15:46"
"-18.80","","-22.60","48","771","1029","","","","0.00","","ENE","Несущественная облачность","2026-01-25 15:47"
"-18.80","","-22.60","48","771","1029","","","","0.00","","ENE","Несущественная облачность","2026-01-25 15:48"
"-18.80","","-22.60","48","771","1029","","","","0.00","","ENE","Несущественная облачность","2026-01-25 15:49"
"-18.80","","-22.60","48","771","1029","","","","0.00","","ENE","Несущественная облачность","2026-01-25 15:50"
"-18.80","","-22.60","48","771","1029","","","","0.00","","ENE","Несущественная облачность","2026-01-25 15:51"
"-18.80","","-22.60","48","771","1029","","","","0.00","","ENE","Несущественная облачность","2026-01-25 15:52"
"-18.80","","-22.60","48","771","1029","","","","0.00","","ENE","Несущественная облачность","2026-01-25 15:53"
"-18.80","","-22.60","48","771","1029","","","","0.00","","ENE","Несущественная облачность","2026-01-25 15:54"
"-18.80","","-22.60","48","771","1029","","","","0.00","","ENE","Несущественная облачность","2026-01-25 15:55"
"-18.80","","-22.60","48","771","1029","","","","0.00","","ENE","Несущественная облачность","2026-01-25 15:56"
"-18.80","","-22.60","48","771","1029","","","","0.00","","ENE","Несущественная облачность","2026-01-25 15:57"
"-18.80","","-22.60","48","771","1029","","","","0.00","","ENE","Несущественная облачность","2026-01-25 15:58"
"-18.80","","-22.60","48","771","1029","","","","0.00","","ENE","Несущественная облачность","2026-01-25 15:59"
"-18.80","","-22.60","48","771","1029","","","","0.00","","ENE","Несущественная облачность","2026-01-25 16:00"
"-18.80","","-22.60","48","771","1029","","","","0.00","","ENE","Несущественная облачность","2026-01-25 16:01"
"-18.80","","-22.60","48","771","1029","","","","0.00","","ENE","Несущественная облачность","2026-01-25 16:02"
"-18.80","","-22.60","48","771","1029","","","","0.00","","ENE","Несущественная облачность","2026-01-25 16:03"
"-18.80","","-22.60","48","771","1029","","","","0.00","","ENE","Несущественная облачность","2026-01-25 16:04"
"-18.90","","-22.70","48","771","1029","","","","0.00","","ENE","Несущественная облачность","2026-01-25 16:05"
"-18.90","","-22.70","48","771","1029","","","","0.00","","ENE","Несущественная облачность","2026-01-25 16:06"
"-18.90","","-22.70","48","772","1030","","","","0.00","","ENE","Несущественная облачность","2026-01-25 16:07"
"-18.90","","-22.70","48","772","1030","","","","0.00","","ENE","Несущественная облачность","2026-01-25 16:08"
"-18.90","","-22.70","48","772","1030","","","","0.00","","ENE","Несущественная облачность","2026-01-25 16:09"
"-18.90","","-22.70","48","772","1030","","","","0.00","","ENE","Несущественная облачность","2026-01-25 16:10"
"-18.90","","-22.70","48","772","1030","","","","0.00","","ENE","Несущественная облачность","2026-01-25 16:11"
"-19.00","","-22.80","48","772","1030","","","","0.00","","ENE","Несущественная облачность","2026-01-25 16:12"
"-19.00","","-22.80","48","772","1030","","","","0.00","","ENE","Несущественная облачность","2026-01-25 16:13"
"-19.00","","-22.80","48","772","1030","","","","0.00","","ENE","Несущественная облачность","2026-01-25 16:14"
"-19.00","","-22.80","48","772","1030","","","","0.00","","ENE","Несущественная облачность","2026-01-25 16:15"
"-19.00","","-22.80","48","772","1030","","","","0.00","","ENE","Несущественная облачность","2026-01-25 16:16"
"-19.00","","-22.80","48","772","1030","","","","0.00","","ENE","Несущественная облачность","2026-01-25 16:17"
"-19.00","","-22.80","48","772","1030","","","","0.00","","ENE","Несущественная облачность","2026-01-25 16:18"
"-19.00","","-22.80","48","772","1030","","","","0.40","","ENE","Несущественная облачность","2026-01-25 16:19"
"-19.00","","-23.10","48","772","1030","","","","0.40","","ENE","Несущественная облачность","2026-01-25 16:20"
"-19.00","","-23.10","48","772","1030","","","","0.40","","ENE","Несущественная облачность","2026-01-25 16:21"
"-19.00","","-23.10","48","772","1030","","","","0.00","","ENE","Несущественная облачность","2026-01-25 16:22"
"-19.00","","-22.80","48","772","1030","","","","0.00","","ENE","Несущественная облачность","2026-01-25 16:23"
"-19.00","","-22.80","48","772","1030","","","","0.00","","ENE","Несущественная облачность","2026-01-25 16:24"
"-19.00","","-23.10","48","772","1030","","","","0.40","","ENE","Несущественная облачность","2026-01-25 16:25"
"-19.00","","-23.10","48","772","1030","","","","0.40","","ENE","Несущественная облачность","2026-01-25 16:26"
"-19.00","","-23.10","48","772","1030","","","","0.00","","ENE","Несущественная облачность","2026-01-25 16:27"
"-19.00","","-22.80","48","772","1030","","","","0.00","","ENE","Несущественная облачность","2026-01-25 16:28"
"-19.00","","-22.80","48","772","1030","","","","0.00","","ENE","Несущественная облачность","2026-01-25 16:29"
"-19.10","","-22.90","48","772","1030","","","","0.00","","ENE","Несущественная облачность","2026-01-25 16:30"
"-19.10","","-22.90","48","772","1030","","","","0.00","","ENE","Несущественная облачность","2026-01-25 16:31"
"-19.10","","-22.90","48","772","1030","","","","0.00","","ENE","Несущественная облачность","2026-01-25 16:32"
"-19.10","","-22.90","48","772","1030","","","","0.00","","ENE","Несущественная облачность","2026-01-25 16:33"
"-19.10","","-22.90","48","772","1030","","","","0.00","","ENE","Несущественная облачность","2026-01-25 16:34"
"-19.10","","-22.90","48","772","1030","","","","0.00","","ENE","Несущественная облачность","2026-01-25 16:35"
"-19.10","","-22.90","48","772","1030","","","","0.00","","ENE","Несущественная облачность","2026-01-25 16:36"
"-19.10","","-22.90","48","772","1030","","","","0.00","","ENE","Несущественная облачность","2026-01-25 16:37"
"-19.10","","-22.90","48","772","1030","","","","0.00","","ENE","Несущественная облачность","2026-01-25 16:38"
"-19.10","","-22.90","48","772","1030","","","","0.00","","ENE","Несущественная облачность","2026-01-25 16:39"
"-19.00","","-22.80","48","772","1030","","","","0.00","","ENE","Несущественная облачность","2026-01-25 16:40"
"-19.00","","-22.80","48","772","1030","","","","0.00","","ENE","Несущественная облачность","2026-01-25 16:41"
"-19.00","","-22.80","48","772","1030","","","","0.00","","ENE","Несущественная облачность","2026-01-25 16:42"
"-19.00","","-22.80","48","772","1030","","","","0.00","","ENE","Несущественная облачность","2026-01-25 16:43"
"-19.00","","-22.80","48","772","1030","","","","0.00","","ENE","Несущественная облачность","2026-01-25 16:44"
"-19.00","","-22.80","48","772","1030","","","","0.00","","ENE","Несущественная облачность","2026-01-25 16:45"
"-19.00","","-22.80","48","772","1030","","","","0.00","","ENE","Несущественная облачность","2026-01-25 16:46"
"-19.00","","-22.80","48","772","1030","","","","0.00","","ENE","Несущественная облачность","2026-01-25 16:47"
"-19.00","","-22.80","48","772","1030","","","","0.00","","ENE","Несущественная облачность","2026-01-25 16:48"
"-19.00","","-22.80","48","772","1030","","","","0.00","","ENE","Несущественная облачность","2026-01-25 16:49"
"-19.00","","-22.80","48","772","1030","","","","0.00","","ENE","Несущественная облачность","2026-01-25 16:50"
"-19.00","","-22.80","48","772","1030","","","","0.00","","ENE","Несущественная облачность","2026-01-25 16:51"
"-19.00","","-22.80","48","772","1030","","","","0.00","","ENE","Несущественная облачность","2026-01-25 16:52"
"-19.00","","-22.80","48","772","1030","","","","0.00","","ENE","Несущественная облачность","2026-01-25 16:53"
"-19.00","","-22.80","48","772","1030","","","","0.00","","ENE","Несущественная облачность","2026-01-25 16:54"
"-19.00","","-22.80","48","772","1030","","","","0.00","","ENE","Несущественная облачность","2026-01-25 16:55"
"-19.00","","-22.80","48","772","1030","","","","0.00","","ENE","Несущественная облачность","2026-01-25 16:56"
"-19.00","","-22.80","48","772","1030","","","","0.00","","ENE","Несущественная облачность","2026-01-25 16:57"
"-19.00","","-22.80","48","772","1030","","","","0.00","","ENE","Несущественная облачность","2026-01-25 16:58"
"-19.00","","-22.80","48","772","1030","","","","0.00","","ENE","Несущественная облачность","2026-01-25 16:59"
"-19.00","","-22.80","48","772","1030","","","","0.00","","ENE","Несущественная облачность","2026-01-25 17:00"
"-19.00","","-22.80","48","772","1030","","","","0.00","","ENE","Несущественная облачность","2026-01-25 17:01"
"-18.90","","-22.70","48","772","1030","","","","0.00","","ENE","Несущественная облачность","2026-01-25 17:02"
"-18.90","","-22.70","48","772","1030","","","","0.00","","ENE","Несущественная облачность","2026-01-25 17:03"
"-18.90","","-22.70","48","772","1030","","","","0.00","","ENE","Несущественная облачность","2026-01-25 17:04"
"-18.90","","-22.70","48","772","1030","","","","0.00","","ENE","Несущественная облачность","2026-01-25 17:05"
"-18.90","","-22.70","48","772","1030","","","","0.00","","ENE","Несущественная облачность","2026-01-25 17:06"
"-18.90","","-22.70","48","772","1030","","","","0.00","","ENE","Несущественная облачность","2026-01-25 17:07"
"-18.90","","-22.70","48","772","1030","","","","0.00","","ENE","Несущественная облачность","2026-01-25 17:08"
"-18.90","","-22.70","48","772","1030","","","","0.00","","ENE","Несущественная облачность","2026-01-25 17:09"
"-18.80","","-22.60","48","772","1030","","","","0.00","","ENE","Несущественная облачность","2026-01-25 17:10"
"-18.80","","-22.60","48","772","1030","","","","0.00","","ENE","Несущественная облачность","2026-01-25 17:11"
"-18.80","","-22.60","48","772","1030","","","","0.00","","ENE","Несущественная облачность","2026-01-25 17:12"
"-18.80","","-22.60","48","772","1030","","","","0.00","","ENE","Несущественная облачность","2026-01-25 17:13"
"-18.80","","-22.60","48","772","1030","","","","0.00","","ENE","Несущественная облачность","2026-01-25 17:14"
"-18.70","","-22.50","48","772","1030","","","","0.00","","ENE","Несущественная облачность","2026-01-25 17:15"
"-18.70","","-22.50","48","772","1030","","","","0.00","","ENE","Несущественная облачность","2026-01-25 17:16"
"-18.70","","-22.50","48","772","1030","","","","0.00","","ENE","Несущественная облачность","2026-01-25 17:17"
"-18.70","","-22.50","48","772","1030","","","","0.00","","ENE","Несущественная облачность","2026-01-25 17:18"
"-18.70","","-22.50","48","772","1030","","","","0.00","","ENE","Несущественная облачность","2026-01-25 17:19"
"-18.70","","-22.50","48","772","1030","","","","0.00","","ENE","Несущественная облачность","2026-01-25 17:20"
"-18.70","","-22.50","48","772","1030","","","","0.00","","ENE","Несущественная облачность","2026-01-25 17:21"
"-18.70","","-22.50","48","772","1030","","","","0.00","","ENE","Несущественная облачность","2026-01-25 17:22"
"-18.70","","-22.50","48","772","1030","","","","0.00","","ENE","Несущественная облачность","2026-01-25 17:23"
"-18.70","","-22.50","48","772","1030","","","","0.00","","ENE","Несущественная облачность","2026-01-25 17:24"
"-18.70","","-22.50","48","772","1030","","","","0.00","","ENE","Несущественная облачность","2026-01-25 17:25"
"-18.70","","-22.50","48","772","1030","","","","0.00","","ENE","Несущественная облачность","2026-01-25 17:26"
"-18.70","","-22.50","48","772","1030","","","","0.00","","ENE","Несущественная облачность","2026-01-25 17:27"
"-18.60","","-22.40","48","772","1030","","","","0.00","","ENE","Несущественная облачность","2026-01-25 17:28"
"-18.60","","-22.40","48","772","1030","","","","0.00","","ENE","Несущественная облачность","2026-01-25 17:29"
"-18.60","","-22.40","48","772","1030","","","","0.00","","ENE","Несущественная облачность","2026-01-25 17:30"
"-18.60","","-22.40","48","772","1030","","","","0.00","","ENE","Несущественная облачность","2026-01-25 17:31"
"-18.60","","-22.40","48","772","1030","","","","0.00","","ENE","Несущественная облачность","2026-01-25 17:32"
"-18.60","","-22.40","48","772","1030","","","","0.00","","ENE","Несущественная облачность","2026-01-25 17:33"
"-18.60","","-22.40","48","772","1030","","","","0.00","","ENE","Несущественная облачность","2026-01-25 17:34"
"-18.60","","-22.40","48","772","1030","","","","0.00","","ENE","Несущественная облачность","2026-01-25 17:35"
"-18.60","","-22.40","48","772","1030","","","","0.00","","ENE","Несущественная облачность","2026-01-25 17:36"
"-18.60","","-22.40","48","772","1030","","","","0.00","","ENE","Несущественная облачность","2026-01-25 17:37"
"-18.60","","-22.40","48","772","1030","","","","0.00","","ENE","Несущественная облачность","2026-01-25 17:38"
"-18.60","","-22.40","48","772","1030","","","","0.00","","ENE","Несущественная облачность","2026-01-25 17:39"
"-18.60","","-22.40","48","772","1030","","","","0.00","","ENE","Несущественная облачность","2026-01-25 17:40"
"-18.60","","-22.40","48","772","1030","","","","0.00","","ENE","Несущественная облачность","2026-01-25 17:41"
"-18.70","","-22.50","48","772","1030","","","","0.00","","ENE","Несущественная облачность","2026-01-25 17:42"
"-18.70","","-22.50","48","772","1030","","","","0.00","","ENE","Несущественная облачность","2026-01-25 17:43"
"-18.80","","-22.60","48","772","1030","","","","0.00","","ENE","Несущественная облачность","2026-01-25 17:44"
"-18.80","","-22.60","48","772","1030","","","","0.00","","ENE","Несущественная облачность","2026-01-25 17:45"
"-18.80","","-22.60","48","772","1030","","","","0.00","","ENE","Несущественная облачность","2026-01-25 17:46"
"-18.80","","-22.60","48","772","1030","","","","0.00","","ENE","Несущественная облачность","2026-01-25 17:47"
"-18.80","","-22.60","48","772","1030","","","","0.00","","ENE","Несущественная облачность","2026-01-25 17:48"
"-18.80","","-22.60","48","772","1030","","","","0.00","","ENE","Несущественная облачность","2026-01-25 17:49"
"-18.80","","-22.60","48","772","1030","","","","0.00","","ENE","Несущественная облачность","2026-01-25 17:50"
"-18.80","","-22.60","48","772","1030","","","","0.00","","ENE","Несущественная облачность","2026-01-25 17:51"
"-18.80","","-22.60","48","772","1030","","","","0.00","","ENE","Несущественная облачность","2026-01-25 17:52"
"-18.80","","-22.60","48","772","1030","","","","0.00","","ENE","Несущественная облачность","2026-01-25 17:53"
"-18.80","","-22.60","48","772","1030","","","","0.00","","ENE","Несущественная облачность","2026-01-25 17:54"
"-18.90","","-22.70","48","772","1030","","","","0.00","","ENE","Несущественная облачность","2026-01-25 17:55"
"-18.90","","-22.70","48","772","1030","","","","0.00","","ENE","Несущественная облачность","2026-01-25 17:56"
"-18.90","","-22.70","48","772","1030","","","","0.00","","ENE","Несущественная облачность","2026-01-25 17:57"
"-18.90","","-22.70","48","772","1030","","","","0.00","","ENE","Несущественная облачность","2026-01-25 17:58"
"-18.90","","-22.70","48","772","1030","","","","0.00","","ENE","Несущественная облачность","2026-01-25 17:59"
"-19.00","","-22.80","48","772","1030","","","","0.00","","ENE","Несущественная облачность","2026-01-25 18:00"
"-19.00","","-22.80","48","772","1030","","","","0.00","","ENE","Несущественная облачность","2026-01-25 18:01"
"-19.00","","-22.80","48","772","1030","","","","0.00","","ENE","Несущественная облачность","2026-01-25 18:02"
"-19.00","","-22.80","48","772","1030","","","","0.00","","ENE","Несущественная облачность","2026-01-25 18:03"
"-19.00","","-22.80","48","772","1030","","","","0.00","","ENE","Несущественная облачность","2026-01-25 18:04"
"-19.00","","-22.80","48","772","1030","","","","0.00","","ENE","Несущественная облачность","2026-01-25 18:05"
"-19.00","","-22.80","48","772","1030","","","","0.00","","ENE","Несущественная облачность","2026-01-25 18:06"
"-19.00","","-22.80","48","772","1030","","","","0.00","","ENE","Несущественная облачность","2026-01-25 18:07"
"-19.00","","-22.80","48","772","1030","","","","0.00","","ENE","Несущественная облачность","2026-01-25 18:08"
"-19.00","","-22.80","48","772","1030","","","","0.00","","ENE","Несущественная облачность","2026-01-25 18:09"
"-19.00","","-22.80","48","772","1030","","","","0.00","","ENE","Несущественная облачность","2026-01-25 18:10"
"-19.00","","-22.80","48","772","1030","","","","0.00","","ENE","Несущественная облачность","2026-01-25 18:11"
"-19.00","","-22.80","48","772","1030","","","","0.00","","ENE","Несущественная облачность","2026-01-25 18:12"
"-19.00","","-22.80","48","772","1030","","","","0.00","","ENE","Несущественная облачность","2026-01-25 18:13"
"-19.00","","-22.80","48","772","1030","","","","0.00","","ENE","Несущественная облачность","2026-01-25 18:14"
"-19.00","","-22.80","48","772","1030","","","","0.00","","ENE","Несущественная облачность","2026-01-25 18:15"
"-19.00","","-22.80","48","772","1030","","","","0.00","","ENE","Несущественная облачность","2026-01-25 18:16"
"-19.00","","-22.80","48","772","1030","","","","0.00","","ENE","Несущественная облачность","2026-01-25 18:17"
"-19.10","","-22.90","48","772","1030","","","","0.00","","ENE","Несущественная облачность","2026-01-25 18:18"
"-19.10","","-22.90","48","772","1030","","","","0.00","","ENE","Несущественная облачность","2026-01-25 18:19"
"-19.10","","-22.90","48","772","1030","","","","0.00","","ENE","Несущественная облачность","2026-01-25 18:20"
"-19.10","","-22.90","48","772","1030","","","","0.00","","ENE","Несущественная облачность","2026-01-25 18:21"
"-19.10","","-22.90","48","772","1030","","","","0.00","","ENE","Несущественная облачность","2026-01-25 18:22"
"-19.10","","-22.90","48","772","1030","","","","0.00","","ENE","Несущественная облачность","2026-01-25 18:23"
"-19.10","","-22.90","48","772","1030","","","","0.00","","ENE","Несущественная облачность","2026-01-25 18:24"
"-19.10","","-22.90","48","772","1030","","","","0.00","","ENE","Несущественная облачность","2026-01-25 18:25"
"-19.10","","-22.90","48","772","1030","","","","0.00","","ENE","Несущественная облачность","2026-01-25 18:26"
"-19.10","","-22.90","48","772","1030","","","","0.00","","ENE","Несущественная облачность","2026-01-25 18:27"
"-19.10","","-22.90","48","772","1030","","","","0.00","","ENE","Несущественная облачность","2026-01-25 18:28"
"-19.20","","-23.00","48","772","1030","","","","0.00","","ENE","Несущественная облачность","2026-01-25 18:29"
"-19.20","","-23.00","48","772","1030","","","","0.00","","ENE","Несущественная облачность","2026-01-25 18:30"
"-19.20","","-23.00","48","772","1030","","","","0.00","","ENE","Несущественная облачность","2026-01-25 18:31"
"-19.20","","-23.00","48","772","1030","","","","0.00","","ENE","Несущественная облачность","2026-01-25 18:32"
"-19.30","","-23.10","48","772","1030","","","","0.00","","ENE","Несущественная облачность","2026-01-25 18:33"
"-19.30","","-23.10","48","772","1030","","","","0.00","","ENE","Несущественная облачность","2026-01-25 18:34"
"-19.30","","-23.10","48","772","1030","","","","0.00","","ENE","Несущественная облачность","2026-01-25 18:35"
"-19.30","","-23.10","48","772","1030","","","","0.00","","ENE","Несущественная облачность","2026-01-25 18:36"
"-19.30","","-23.10","48","772","1030","","","","0.00","","ENE","Несущественная облачность","2026-01-25 18:37"
"-19.30","","-23.10","48","772","1030","","","","0.00","","ENE","Несущественная облачность","2026-01-25 18:38"
"-19.30","","-23.10","48","772","1030","","","","0.00","","ENE","Несущественная облачность","2026-01-25 18:39"
"-19.40","","-23.20","48","772","1030","","","","0.00","","ENE","Несущественная облачность","2026-01-25 18:40"
"-19.40","","-23.20","48","772","1030","","","","0.00","","ENE","Несущественная облачность","2026-01-25 18:41"
"-19.40","","-23.20","48","772","1030","","","","0.00","","ENE","Несущественная облачность","2026-01-25 18:42"
"-19.40","","-23.20","48","772","1030","","","","0.00","","ENE","Несущественная облачность","2026-01-25 18:43"
"-19.50","","-23.30","48","772","1030","","","","0.00","","ENE","Несущественная облачность","2026-01-25 18:44"
"-19.50","","-23.30","48","772","1030","","","","0.00","","ENE","Несущественная облачность","2026-01-25 18:45"
"-19.50","","-23.30","48","772","1030","","","","0.00","","ENE","Несущественная облачность","2026-01-25 18:46"
"-19.50","","-23.30","48","772","1030","","","","0.00","","ENE","Несущественная облачность","2026-01-25 18:47"
"-19.50","","-23.30","48","772","1030","","","","0.00","","ENE","Несущественная облачность","2026-01-25 18:48"
"-19.50","","-23.30","48","772","1030","","","","0.00","","ENE","Несущественная облачность","2026-01-25 18:49"
"-19.50","","-23.30","48","772","1030","","","","0.00","","ENE","Несущественная облачность","2026-01-25 18:50"
"-19.60","","-23.40","48","772","1030","","","","0.00","","ENE","Несущественная облачность","2026-01-25 18:51"
"-19.60","","-23.40","48","772","1030","","","","0.00","","ENE","Несущественная облачность","2026-01-25 18:52"
"-19.60","","-23.40","48","772","1030","","","","0.00","","ENE","Несущественная облачность","2026-01-25 18:53"
"-19.60","","-23.40","48","772","1030","","","","0.00","","ENE","Несущественная облачность","2026-01-25 18:54"
"-19.60","","-23.40","48","772","1030","","","","0.00","","ENE","Несущественная облачность","2026-01-25 18:55"
"-19.60","","-23.40","48","772","1030","","","","0.00","","ENE","Несущественная облачность","2026-01-25 18:56"
"-19.60","","-23.40","48","772","1030","","","","0.00","","ENE","Несущественная облачность","2026-01-25 18:57"
"-19.70","","-23.50","48","772","1030","","","","0.00","","ENE","Несущественная облачность","2026-01-25 18:58"
"-19.70","","-23.50","48","772","1030","","","","0.00","","ENE","Несущественная облачность","2026-01-25 18:59"
"-19.70","","-23.50","48","772","1030","","","","0.00","","ENE","Несущественная облачность","2026-01-25 19:00"
"-19.70","","-23.50","48","772","1030","","","","0.00","","ENE","Несущественная облачность","2026-01-25 19:01"
"-19.70","","-23.50","48","772","1030","","","","0.00","","ENE","Несущественная облачность","2026-01-25 19:02"
"-19.70","","-23.50","48","772","1030","","","","0.00","","ENE","Несущественная облачность","2026-01-25 19:03"
"-19.70","","-23.50","48","772","1030","","","","0.00","","ENE","Несущественная облачность","2026-01-25 19:04"
"-19.70","","-23.50","48","772","1030","","","","0.00","","ENE","Несущественная облачность","2026-01-25 19:05"
"-19.70","","-23.50","48","772","1030","","","","0.00","","ENE","Несущественная облачность","2026-01-25 19:06"
"-19.80","","-23.60","48","772","1030","","","","0.00","","ENE","Несущественная облачность","2026-01-25 19:07"
"-19.80","","-23.60","48","772","1030","","","","0.00","","ENE","Несущественная облачность","2026-01-25 19:08"
"-19.80","","-23.60","48","772","1030","","","","0.00","","ENE","Несущественная облачность","2026-01-25 19:09"
"-19.90","","-23.70","48","772","1030","","","","0.00","","ENE","Несущественная облачность","2026-01-25 19:10"
"-19.90","","-23.70","48","772","1030","","","","0.00","","ENE","Несущественная облачность","2026-01-25 19:11"
"-19.90","","-23.70","48","772","1030","","","","0.00","","ENE","Несущественная облачность","2026-01-25 19:12"
"-19.90","","-23.70","48","772","1030","","","","0.00","","ENE","Несущественная облачность","2026-01-25 19:13"
"-20.00","","-23.80","48","772","1030","","","","0.00","","ENE","Несущественная облачность","2026-01-25 19:14"
"-20.00","","-23.80","48","772","1030","","","","0.00","","ENE","Несущественная облачность","2026-01-25 19:15"
"-20.00","","-23.80","48","772","1030","","","","0.00","","ENE","Несущественная облачность","2026-01-25 19:16"
"-20.00","","-23.80","48","772","1030","","","","0.00","","ENE","Несущественная облачность","2026-01-25 19:17"
"-20.10","","-23.90","48","772","1030","","","","0.00","","ENE","Несущественная облачность","2026-01-25 19:18"
"-20.10","","-23.90","48","772","1030","","","","0.00","","ENE","Несущественная облачность","2026-01-25 19:19"
"-20.10","","-23.90","48","772","1030","","","","0.00","","ENE","Несущественная облачность","2026-01-25 19:20"
"-20.20","","-24.00","48","773","1031","","","","0.00","","ENE","Несущественная облачность","2026-01-25 19:21"
"-20.20","","-24.00","48","773","1031","","","","0.00","","ENE","Несущественная облачность","2026-01-25 19:22"
"-20.20","","-24.00","48","773","1031","","","","0.00","","ENE","Несущественная облачность","2026-01-25 19:23"
"-20.20","","-24.00","48","773","1031","","","","0.00","","ENE","Несущественная облачность","2026-01-25 19:24"
"-20.20","","-24.00","48","773","1031","","","","0.00","","ENE","Несущественная облачность","2026-01-25 19:25"
"-20.20","","-24.00","48","773","1031","","","","0.00","","ENE","Несущественная облачность","2026-01-25 19:26"
"-20.20","","-24.00","48","773","1031","","","","0.00","","ENE","Несущественная облачность","2026-01-25 19:27"
"-20.20","","-24.00","48","773","1031","","","","0.00","","ENE","Несущественная облачность","2026-01-25 19:28"
"-20.30","","-24.10","48","773","1031","","","","0.00","","ENE","Несущественная облачность","2026-01-25 19:29"
"-20.30","","-24.10","48","773","1031","","","","0.00","","ENE","Несущественная облачность","2026-01-25 19:30"
"-20.30","","-24.10","48","773","1031","","","","0.00","","ENE","Несущественная облачность","2026-01-25 19:31"
"-20.30","","-24.10","48","773","1031","","","","0.00","","ENE","Несущественная облачность","2026-01-25 19:32"
"-20.30","","-24.10","48","773","1031","","","","0.00","","ENE","Несущественная облачность","2026-01-25 19:33"
"-20.30","","-24.10","48","773","1031","","","","0.00","","ENE","Несущественная облачность","2026-01-25 19:34"
"-20.30","","-24.10","48","773","1031","","","","0.00","","ENE","Несущественная облачность","2026-01-25 19:35"
"-20.20","","-24.00","48","772","1030","","","","0.00","","ENE","Несущественная облачность","2026-01-25 19:36"
"-20.20","","-24.00","48","772","1030","","","","0.00","","ENE","Несущественная облачность","2026-01-25 19:37"
"-20.20","","-24.00","48","772","1030","","","","0.00","","ENE","Несущественная облачность","2026-01-25 19:38"
"-20.20","","-24.00","48","772","1030","","","","0.00","","ENE","Несущественная облачность","2026-01-25 19:39"
"-20.20","","-24.00","48","772","1030","","","","0.00","","ENE","Несущественная облачность","2026-01-25 19:40"
"-20.20","","-24.00","48","772","1030","","","","0.00","","ENE","Несущественная облачность","2026-01-25 19:41"
"-20.20","","-24.00","48","772","1030","","","","0.00","","ENE","Несущественная облачность","2026-01-25 19:42"
"-20.20","","-24.00","48","772","1030","","","","0.00","","ENE","Несущественная облачность","2026-01-25 19:43"
"-20.20","","-24.00","48","772","1030","","","","0.00","","ENE","Несущественная облачность","2026-01-25 19:44"
"-20.10","","-23.90","48","772","1030","","","","0.00","","ENE","Несущественная облачность","2026-01-25 19:45"
"-20.10","","-23.90","48","772","1030","","","","0.00","","ENE","Несущественная облачность","2026-01-25 19:46"
"-20.10","","-23.90","48","772","1030","","","","0.00","","ENE","Несущественная облачность","2026-01-25 19:47"
"-20.10","","-23.90","48","772","1030","","","","0.00","","ENE","Несущественная облачность","2026-01-25 19:48"
"-20.10","","-23.90","48","772","1030","","","","0.00","","ENE","Несущественная облачность","2026-01-25 19:49"
"-20.10","","-23.90","48","772","1030","","","","0.00","","ENE","Несущественная облачность","2026-01-25 19:50"
"-20.10","","-23.90","48","772","1030","","","","0.00","","ENE","Несущественная облачность","2026-01-25 19:51"
"-20.10","","-23.90","48","772","1030","","","","0.00","","ENE","Несущественная облачность","2026-01-25 19:52"
"-20.10","","-23.90","48","772","1030","","","","0.00","","ENE","Несущественная облачность","2026-01-25 19:53"
"-20.10","","-23.90","48","772","1030","","","","0.00","","ENE","Несущественная облачность","2026-01-25 19:54"
"-20.10","","-23.90","48","772","1030","","","","0.00","","ENE","Несущественная облачность","2026-01-25 19:55"
"-20.20","","-24.00","48","772","1030","","","","0.00","","ENE","Несущественная облачность","2026-01-25 19:56"
"-20.20","","-24.00","48","772","1030","","","","0.00","","ENE","Несущественная облачность","2026-01-25 19:57"
"-20.10","","-23.90","48","772","1030","","","","0.00","","ENE","Несущественная облачность","2026-01-25 19:58"
"-20.10","","-23.90","48","772","1030","","","","0.00","","ENE","Несущественная облачность","2026-01-25 19:59"
"-20.10","","-23.90","48","772","1030","","","","0.00","","ENE","Несущественная облачность","2026-01-25 20:00"
"-20.10","","-23.90","48","772","1030","","","","0.00","","N","Несущественная облачность","2026-01-25 20:01"
"-20.10","","-23.90","48","772","1030","","","","0.00","","N","Несущественная облачность","2026-01-25 20:02"
"-20.00","","-23.80","48","772","1030","","","","0.00","","N","Несущественная облачность","2026-01-25 20:03"
"-20.00","","-23.80","48","772","1030","","","","0.00","","N","Несущественная облачность","2026-01-25 20:04"
"-20.00","","-23.80","48","772","1030","","","","0.00","","N","Несущественная облачность","2026-01-25 20:05"
"-20.00","","-23.80","48","773","1031","","","","0.00","","N","Несущественная облачность","2026-01-25 20:06"
"-20.10","","-23.90","48","773","1031","","","","0.00","","N","Несущественная облачность","2026-01-25 20:07"
"-20.10","","-23.90","48","773","1031","","","","0.00","","N","Несущественная облачность","2026-01-25 20:08"
"-20.10","","-23.90","48","773","1031","","","","0.00","","N","Несущественная облачность","2026-01-25 20:09"
"-20.10","","-23.90","48","773","1031","","","","0.00","","N","Несущественная облачность","2026-01-25 20:10"
"-20.10","","-23.90","48","773","1031","","","","0.00","","N","Несущественная облачность","2026-01-25 20:11"
"-20.00","","-23.80","48","773","1031","","","","0.00","","N","Несущественная облачность","2026-01-25 20:12"
"-20.00","","-23.80","48","773","1031","","","","0.00","","N","Несущественная облачность","2026-01-25 20:13"
"-20.00","","-23.80","48","773","1031","","","","0.00","","N","Несущественная облачность","2026-01-25 20:14"
"-20.00","","-23.80","48","773","1031","","","","0.00","","N","Несущественная облачность","2026-01-25 20:15"
"-20.00","","-23.80","48","773","1031","","","","0.00","","N","Несущественная облачность","2026-01-25 20:16"
"-20.00","","-23.80","48","773","1031","","","","0.00","","N","Несущественная облачность","2026-01-25 20:17"
"-20.00","","-23.80","48","773","1031","","","","0.00","","N","Несущественная облачность","2026-01-25 20:18"
"-20.00","","-23.80","48","773","1031","","","","0.00","","N","Несущественная облачность","2026-01-25 20:19"
"-20.00","","-23.80","48","773","1031","","","","0.00","","N","Несущественная облачность","2026-01-25 20:20"
"-20.00","","-23.80","48","773","1031","","","","0.00","","N","Несущественная облачность","2026-01-25 20:21"
"-20.00","","-23.80","48","772","1030","","","","0.00","","N","Несущественная облачность","2026-01-25 20:22"
"-20.00","","-23.80","48","772","1030","","","","0.00","","N","Несущественная облачность","2026-01-25 20:23"
"-20.00","","-23.80","48","772","1030","","","","0.00","","N","Несущественная облачность","2026-01-25 20:24"
"-20.00","","-23.80","48","772","1030","","","","0.00","","N","Несущественная облачность","2026-01-25 20:25"
"-20.00","","-23.80","48","772","1030","","","","0.00","","N","Несущественная облачность","2026-01-25 20:26"
"-20.00","","-23.80","48","772","1030","","","","0.00","","N","Несущественная облачность","2026-01-25 20:27"
"-20.00","","-23.80","48","772","1030","","","","0.00","","N","Несущественная облачность","2026-01-25 20:28"
"-20.00","","-23.80","48","772","1030","","","","0.00","","N","Несущественная облачность","2026-01-25 20:29"
"-20.00","","-23.80","48","772","1030","","","","0.00","","N","Несущественная облачность","2026-01-25 20:30"
"-20.10","","-23.90","48","772","1030","","","","0.00","","N","Несущественная облачность","2026-01-25 20:31"
"-20.10","","-23.90","48","772","1030","","","","0.00","","N","Несущественная облачность","2026-01-25 20:32"
"-20.10","","-23.90","48","772","1030","","","","0.00","","N","Несущественная облачность","2026-01-25 20:33"
"-20.10","","-23.90","48","772","1030","","","","0.00","","N","Несущественная облачность","2026-01-25 20:34"
"-20.10","","-23.90","48","772","1030","","","","0.00","","N","Несущественная облачность","2026-01-25 20:35"
"-20.20","","-24.00","48","772","1030","","","","0.00","","N","Ясно","2026-01-25 20:36"
"-20.20","","-24.00","48","772","1030","","","","0.00","","N","Ясно","2026-01-25 20:37"
"-20.20","","-24.00","48","772","1030","","","","0.00","","N","Ясно","2026-01-25 20:38"
"-20.20","","-24.00","48","772","1030","","","","0.00","","N","Ясно","2026-01-25 20:39"
"-20.20","","-24.00","48","772","1030","","","","0.00","","N","Ясно","2026-01-25 20:40"
"-20.20","","-24.00","48","772","1030","","","","0.00","","N","Ясно","2026-01-25 20:41"
"-20.30","","-24.10","48","772","1030","","","","0.00","","N","Ясно","2026-01-25 20:42"
"-20.30","","-24.10","48","772","1030","","","","0.00","","N","Ясно","2026-01-25 20:43"
"-20.30","","-24.10","48","772","1030","","","","0.00","","N","Ясно","2026-01-25 20:44"
"-20.30","","-24.10","48","772","1030","","","","0.00","","N","Ясно","2026-01-25 20:45"
"-20.40","","-24.20","48","772","1030","","","","0.00","","N","Ясно","2026-01-25 20:46"
"-20.40","","-24.20","48","772","1030","","","","0.00","","N","Ясно","2026-01-25 20:47"
"-20.40","","-24.20","48","772","1030","","","","0.00","","N","Ясно","2026-01-25 20:48"
"-20.40","","-24.20","48","772","1030","","","","0.00","","N","Ясно","2026-01-25 20:49"
"-20.40","","-24.20","48","772","1030","","","","0.00","","N","Ясно","2026-01-25 20:50"
"-20.40","","-24.20","48","773","1031","","","","0.00","","N","Ясно","2026-01-25 20:51"
"-20.40","","-24.20","48","773","1031","","","","0.00","","N","Ясно","2026-01-25 20:52"
"-20.40","","-24.20","48","773","1031","","","","0.00","","N","Ясно","2026-01-25 20:53"
"-20.40","","-24.20","48","773","1031","","","","0.00","","N","Ясно","2026-01-25 20:54"
"-20.40","","-24.20","48","773","1031","","","","0.00","","N","Ясно","2026-01-25 20:55"
"-20.30","","-24.10","48","773","1031","","","","0.00","","N","Ясно","2026-01-25 20:56"
"-20.30","","-24.10","48","773","1031","","","","0.00","","N","Ясно","2026-01-25 20:57"
"-20.30","","-24.10","48","773","1031","","","","0.00","","N","Ясно","2026-01-25 20:58"
"-20.30","","-24.10","48","773","1031","","","","0.00","","N","Ясно","2026-01-25 20:59"
"-20.30","","-24.10","48","773","1031","","","","0.00","","N","Ясно","2026-01-25 21:00"
"-20.30","","-24.10","48","773","1031","","","","0.00","","N","Ясно","2026-01-25 21:01"
"-20.30","","-24.10","48","773","1031","","","","0.00","","N","Ясно","2026-01-25 21:02"
"-20.30","","-24.10","48","773","1031","","","","0.00","","N","Ясно","2026-01-25 21:03"
"-20.30","","-24.10","48","773","1031","","","","0.00","","N","Ясно","2026-01-25 21:04"
"-20.30","","-24.10","48","773","1031","","","","0.00","","N","Ясно","2026-01-25 21:05"
"-20.30","","-24.10","48","773","1031","","","","0.00","","N","Несущественная облачность","2026-01-25 21:06"
"-20.40","","-24.20","48","772","1030","","","","0.00","","N","Несущественная облачность","2026-01-25 21:07"
"-20.40","","-24.20","48","772","1030","","","","0.00","","N","Несущественная облачность","2026-01-25 21:08"
"-20.40","","-24.20","48","772","1030","","","","0.00","","N","Несущественная облачность","2026-01-25 21:09"
"-20.40","","-24.20","48","772","1030","","","","0.00","","N","Несущественная облачность","2026-01-25 21:10"
"-20.40","","-24.20","48","772","1030","","","","0.00","","N","Несущественная облачность","2026-01-25 21:11"
"-20.40","","-24.20","48","772","1030","","","","0.00","","N","Несущественная облачность","2026-01-25 21:12"
"-20.50","","-24.30","48","772","1030","","","","0.00","","N","Несущественная облачность","2026-01-25 21:13"
"-20.50","","-24.30","48","772","1030","","","","0.00","","N","Несущественная облачность","2026-01-25 21:14"
"-20.50","","-24.30","48","772","1030","","","","0.00","","N","Несущественная облачность","2026-01-25 21:15"
"-20.50","","-24.30","48","772","1030","","","","0.00","","N","Несущественная облачность","2026-01-25 21:16"
"-20.60","","-24.40","48","772","1030","","","","0.00","","N","Несущественная облачность","2026-01-25 21:17"
"-20.60","","-24.40","48","772","1030","","","","0.00","","N","Несущественная облачность","2026-01-25 21:18"
"-20.60","","-24.40","48","772","1030","","","","0.00","","N","Несущественная облачность","2026-01-25 21:19"
"-20.70","","-24.50","48","772","1030","","","","0.00","","N","Несущественная облачность","2026-01-25 21:20"
"-20.70","","-24.50","48","773","1031","","","","0.00","","N","Несущественная облачность","2026-01-25 21:21"
"-20.70","","-24.50","48","773","1031","","","","0.00","","N","Несущественная облачность","2026-01-25 21:22"
"-20.70","","-24.50","48","773","1031","","","","0.00","","N","Несущественная облачность","2026-01-25 21:23"
"-20.70","","-24.50","48","773","1031","","","","0.00","","N","Несущественная облачность","2026-01-25 21:24"
"-20.70","","-24.50","48","773","1031","","","","0.00","","N","Несущественная облачность","2026-01-25 21:25"
"-20.70","","-24.50","48","773","1031","","","","0.00","","N","Несущественная облачность","2026-01-25 21:26"
"-20.70","","-24.50","48","773","1031","","","","0.00","","N","Несущественная облачность","2026-01-25 21:27"
"-20.70","","-24.50","48","773","1031","","","","0.00","","N","Несущественная облачность","2026-01-25 21:28"
"-20.70","","-24.50","48","773","1031","","","","0.00","","N","Несущественная облачность","2026-01-25 21:29"
"-20.70","","-24.50","48","773","1031","","","","0.00","","N","Несущественная облачность","2026-01-25 21:30"
"-20.80","","-24.60","48","773","1031","","","","0.00","","N","Несущественная облачность","2026-01-25 21:31"
"-20.80","","-24.60","48","773","1031","","","","0.00","","N","Несущественная облачность","2026-01-25 21:32"
"-20.90","","-24.70","48","773","1031","","","","0.00","","N","Несущественная облачность","2026-01-25 21:33"
"-20.90","","-24.70","48","773","1031","","","","0.00","","N","Несущественная облачность","2026-01-25 21:34"
"-20.90","","-24.70","48","773","1031","","","","0.00","","N","Несущественная облачность","2026-01-25 21:35"
"-20.90","","-24.70","48","772","1030","","","","0.00","","N","Несущественная облачность","2026-01-25 21:36"
"-20.90","","-24.70","48","772","1030","","","","0.00","","N","Несущественная облачность","2026-01-25 21:37"
"-20.90","","-24.70","48","772","1030","","","","0.00","","N","Несущественная облачность","2026-01-25 21:38"
"-21.00","","-24.80","48","772","1030","","","","0.00","","N","Несущественная облачность","2026-01-25 21:39"
"-21.00","","-24.80","48","772","1030","","","","0.00","","N","Несущественная облачность","2026-01-25 21:40"
"-21.00","","-24.80","48","772","1030","","","","0.00","","N","Несущественная облачность","2026-01-25 21:41"
"-21.10","","-24.90","48","772","1030","","","","0.00","","N","Несущественная облачность","2026-01-25 21:42"
"-21.10","","-24.90","48","772","1030","","","","0.00","","N","Несущественная облачность","2026-01-25 21:43"
"-21.10","","-24.90","48","772","1030","","","","0.00","","N","Несущественная облачность","2026-01-25 21:44"
"-21.10","","-24.90","48","772","1030","","","","0.00","","N","Несущественная облачность","2026-01-25 21:45"
"-21.10","","-24.90","48","772","1030","","","","0.00","","N","Несущественная облачность","2026-01-25 21:46"
"-21.10","","-24.90","48","772","1030","","","","0.00","","N","Несущественная облачность","2026-01-25 21:47"
"-21.10","","-24.90","48","772","1030","","","","0.00","","N","Несущественная облачность","2026-01-25 21:48"
"-21.20","","-25.00","48","772","1030","","","","0.00","","N","Несущественная облачность","2026-01-25 21:49"
"-21.30","","-25.10","48","772","1030","","","","0.00","","N","Несущественная облачность","2026-01-25 21:50"
"-21.30","","-25.10","48","772","1030","","","","0.00","","N","Несущественная облачность","2026-01-25 21:51"
"-21.30","","-25.10","48","773","1031","","","","0.00","","N","Несущественная облачность","2026-01-25 21:52"
"-21.30","","-25.10","48","773","1031","","","","0.00","","N","Несущественная облачность","2026-01-25 21:53"
"-21.30","","-25.10","48","773","1031","","","","0.00","","N","Несущественная облачность","2026-01-25 21:54"
"-21.30","","-25.10","48","773","1031","","","","0.00","","N","Несущественная облачность","2026-01-25 21:55"
"-21.30","","-25.10","48","773","1031","","","","0.00","","N","Несущественная облачность","2026-01-25 21:56"
"-21.30","","-25.10","48","773","1031","","","","0.00","","N","Несущественная облачность","2026-01-25 21:57"
"-21.30","","-25.10","48","773","1031","","","","0.00","","N","Несущественная облачность","2026-01-25 21:58"
"-21.30","","-25.10","48","773","1031","","","","0.00","","N","Несущественная облачность","2026-01-25 21:59"
"-21.30","","-25.10","48","773","1031","","","","0.00","","N","Несущественная облачность","2026-01-25 22:00"
"-21.30","","-25.10","48","773","1031","","","","0.00","","N","Несущественная облачность","2026-01-25 22:01"
"-21.30","","-25.10","48","773","1031","","","","0.00","","N","Несущественная облачность","2026-01-25 22:02"
"-21.30","","-25.10","48","773","1031","","","","0.00","","N","Несущественная облачность","2026-01-25 22:03"
"-21.30","","-25.10","48","773","1031","","","","0.00","","N","Несущественная облачность","2026-01-25 22:04"
"-21.30","","-25.10","48","773","1031","","","","0.00","","N","Несущественная облачность","2026-01-25 22:05"
"-21.30","","-25.10","48","773","1031","","","","0.00","","N","Ясно","2026-01-25 22:06"
"-21.30","","-25.10","48","773","1031","","","","0.00","","N","Ясно","2026-01-25 22:07"
"-21.30","","-25.10","48","773","1031","","","","0.00","","N","Ясно","2026-01-25 22:08"
"-21.30","","-25.10","48","773","1031","","","","0.00","","N","Ясно","2026-01-25 22:09"
"-21.30","","-25.10","48","773","1031","","","","0.00","","N","Ясно","2026-01-25 22:10"
"-21.30","","-25.10","48","773","1031","","","","0.00","","N","Ясно","2026-01-25 22:11"
"-21.40","","-25.20","48","773","1031","","","","0.00","","N","Ясно","2026-01-25 22:12"
"-21.40","","-25.20","48","773","1031","","","","0.00","","N","Ясно","2026-01-25 22:13"
"-21.40","","-25.20","48","773","1031","","","","0.00","","N","Ясно","2026-01-25 22:14"
"-21.40","","-25.20","48","773","1031","","","","0.00","","N","Ясно","2026-01-25 22:15"
"-21.40","","-25.20","48","773","1031","","","","0.00","","N","Ясно","2026-01-25 22:16"
"-21.40","","-25.20","48","773","1031","","","","0.00","","N","Ясно","2026-01-25 22:17"
"-21.40","","-25.20","48","773","1031","","","","0.00","","N","Ясно","2026-01-25 22:18"
"-21.40","","-25.20","48","773","1031","","","","0.00","","N","Ясно","2026-01-25 22:19"
"-21.40","","-25.20","48","773","1031","","","","0.00","","N","Ясно","2026-01-25 22:20"
"-21.40","","-25.20","48","773","1031","","","","0.00","","N","Ясно","2026-01-25 22:21"
"-21.30","","-25.10","48","773","1031","","","","0.00","","N","Ясно","2026-01-25 22:22"
"-21.30","","-25.10","48","773","1031","","","","0.00","","N","Ясно","2026-01-25 22:23"
"-21.30","","-25.10","48","773","1031","","","","0.00","","N","Ясно","2026-01-25 22:24"
"-21.30","","-25.10","48","773","1031","","","","0.00","","N","Ясно","2026-01-25 22:25"
"-21.30","","-25.10","48","773","1031","","","","0.00","","N","Ясно","2026-01-25 22:26"
"-21.30","","-25.10","48","773","1031","","","","0.00","","N","Ясно","2026-01-25 22:27"
"-21.30","","-25.10","48","773","1031","","","","0.00","","N","Ясно","2026-01-25 22:28"
"-21.30","","-25.10","48","773","1031","","","","0.00","","N","Ясно","2026-01-25 22:29"
"-21.30","","-25.10","48","773","1031","","","","0.00","","N","Ясно","2026-01-25 22:30"
"-21.20","","-25.00","48","773","1031","","","","0.00","","N","Ясно","2026-01-25 22:31"
"-21.20","","-25.00","48","773","1031","","","","0.00","","N","Ясно","2026-01-25 22:32"
"-21.20","","-25.00","48","773","1031","","","","0.00","","N","Ясно","2026-01-25 22:33"
"-21.20","","-25.00","48","773","1031","","","","0.00","","N","Ясно","2026-01-25 22:34"
"-21.10","","-24.90","48","773","1031","","","","0.00","","N","Ясно","2026-01-25 22:35"
"-21.10","","-24.90","48","773","1031","","","","0.00","","N","Несущественная облачность","2026-01-25 22:36"
"-21.10","","-24.90","48","773","1031","","","","0.00","","N","Несущественная облачность","2026-01-25 22:37"
"-21.10","","-24.90","48","773","1031","","","","0.00","","N","Несущественная облачность","2026-01-25 22:38"
"-21.00","","-24.80","48","773","1031","","","","0.00","","N","Несущественная облачность","2026-01-25 22:39"
"-21.00","","-24.80","48","773","1031","","","","0.00","","N","Несущественная облачность","2026-01-25 22:40"
"-20.90","","-24.70","48","773","1031","","","","0.00","","N","Несущественная облачность","2026-01-25 22:41"
"-20.90","","-24.70","48","773","1031","","","","0.00","","N","Несущественная облачность","2026-01-25 22:42"
"-20.90","","-24.70","48","773","1031","","","","0.00","","N","Несущественная облачность","2026-01-25 22:43"
"-20.90","","-24.70","48","773","1031","","","","0.00","","N","Несущественная облачность","2026-01-25 22:44"
"-20.80","","-24.60","48","773","1031","","","","0.00","","N","Несущественная облачность","2026-01-25 22:45"
"-20.70","","-24.50","48","773","1031","","","","0.00","","N","Несущественная облачность","2026-01-25 22:46"
"-20.70","","-24.50","48","773","1031","","","","0.00","","N","Несущественная облачность","2026-01-25 22:47"
"-20.70","","-24.50","48","773","1031","","","","0.00","","N","Несущественная облачность","2026-01-25 22:48"
"-20.70","","-24.50","48","773","1031","","","","0.00","","N","Несущественная облачность","2026-01-25 22:49"
"-20.70","","-24.50","48","773","1031","","","","0.00","","N","Несущественная облачность","2026-01-25 22:50"
"-20.70","","-24.50","48","774","1032","","","","0.00","","N","Несущественная облачность","2026-01-25 22:51"
"-20.70","","-24.50","48","774","1032","","","","0.00","","N","Несущественная облачность","2026-01-25 22:52"
"-20.70","","-24.50","48","774","1032","","","","0.00","","N","Несущественная облачность","2026-01-25 22:53"
"-20.70","","-24.50","48","774","1032","","","","0.00","","N","Несущественная облачность","2026-01-25 22:54"
"-20.70","","-24.50","48","774","1032","","","","0.00","","N","Несущественная облачность","2026-01-25 22:55"
"-20.70","","-24.50","48","774","1032","","","","0.00","","N","Несущественная облачность","2026-01-25 22:56"
"-20.70","","-24.50","48","774","1032","","","","0.00","","N","Несущественная облачность","2026-01-25 22:57"
"-20.60","","-24.40","48","774","1032","","","","0.00","","N","Несущественная облачность","2026-01-25 22:58"
"-20.60","","-24.40","48","774","1032","","","","0.00","","N","Несущественная облачность","2026-01-25 22:59"
"-20.60","","-24.40","48","774","1032","","","","0.00","","N","Несущественная облачность","2026-01-25 23:00"
"-20.60","","-24.40","48","774","1032","","","","0.00","","N","Несущественная облачность","2026-01-25 23:01"
"-20.60","","-24.40","48","774","1032","","","","0.00","","N","Несущественная облачность","2026-01-25 23:02"
"-20.60","","-24.40","48","774","1032","","","","0.00","","N","Несущественная облачность","2026-01-25 23:03"
"-20.60","","-24.40","48","774","1032","","","","0.00","","N","Несущественная облачность","2026-01-25 23:04"
"-20.60","","-24.40","48","774","1032","","","","0.00","","N","Несущественная облачность","2026-01-25 23:05"
"-20.60","","-24.40","48","774","1032","","","","0.00","","N","Несущественная облачность","2026-01-25 23:06"
"-20.60","","-24.40","48","772","1030","","","","0.00","","N","Несущественная облачность","2026-01-25 23:07"
"-20.60","","-24.40","48","772","1030","","","","0.00","","N","Несущественная облачность","2026-01-25 23:08"
"-20.60","","-24.40","48","772","1030","","","","0.00","","N","Несущественная облачность","2026-01-25 23:09"
"-20.60","","-24.40","48","772","1030","","","","0.00","","N","Несущественная облачность","2026-01-25 23:10"
"-20.60","","-24.40","48","772","1030","","","","0.00","","N","Несущественная облачность","2026-01-25 23:11"
"-20.60","","-24.40","48","772","1030","","","","0.00","","N","Несущественная облачность","2026-01-25 23:12"
"-20.60","","-24.40","48","772","1030","","","","0.00","","N","Несущественная облачность","2026-01-25 23:13"
"-20.60","","-24.40","48","772","1030","","","","0.00","","N","Несущественная облачность","2026-01-25 23:14"
"-20.60","","-24.40","48","772","1030","","","","0.00","","N","Несущественная облачность","2026-01-25 23:15"
"-20.60","","-24.40","48","772","1030","","","","0.00","","N","Несущественная облачность","2026-01-25 23:16"
"-20.60","","-24.40","48","772","1030","","","","0.00","","N","Несущественная облачность","2026-01-25 23:17"
"-20.70","","-24.50","48","772","1030","","","","0.00","","N","Несущественная облачность","2026-01-25 23:18"
"-20.70","","-24.50","48","772","1030","","","","0.00","","N","Несущественная облачность","2026-01-25 23:19"
"-20.70","","-24.50","48","772","1030","","","","0.00","","N","Несущественная облачность","2026-01-25 23:20"
"-20.70","","-24.50","48","772","1030","","","","0.00","","N","Несущественная облачность","2026-01-25 23:21"
"-20.70","","-24.50","48","773","1031","","","","0.00","","N","Несущественная облачность","2026-01-25 23:22"
"-20.70","","-24.50","48","773","1031","","","","0.00","","N","Несущественная облачность","2026-01-25 23:23"
"-20.70","","-24.50","48","773","1031","","","","0.00","","N","Несущественная облачность","2026-01-25 23:24"
"-20.70","","-24.50","48","773","1031","","","","0.00","","N","Несущественная облачность","2026-01-25 23:25"
"-20.70","","-24.50","48","773","1031","","","","0.00","","N","Несущественная облачность","2026-01-25 23:26"
"-20.80","","-24.60","48","773","1031","","","","0.00","","N","Несущественная облачность","2026-01-25 23:27"
"-20.80","","-24.60","48","773","1031","","","","0.00","","N","Несущественная облачность","2026-01-25 23:28"
"-20.80","","-24.60","48","773","1031","","","","0.00","","N","Несущественная облачность","2026-01-25 23:29"
"-20.80","","-24.60","48","773","1031","","","","0.00","","N","Несущественная облачность","2026-01-25 23:30"
"-20.80","","-24.60","48","773","1031","","","","0.00","","N","Несущественная облачность","2026-01-25 23:31"
"-20.90","","-24.70","48","773","1031","","","","0.00","","N","Несущественная облачность","2026-01-25 23:32"
"-20.90","","-24.70","48","773","1031","","","","0.00","","N","Несущественная облачность","2026-01-25 23:33"
"-21.00","","-24.80","48","773","1031","","","","0.00","","N","Несущественная облачность","2026-01-25 23:34"
"-21.00","","-24.80","48","773","1031","","","","0.00","","N","Несущественная облачность","2026-01-25 23:35"
"-21.00","","-24.80","48","773","1031","","","","0.00","","N","Ясно","2026-01-25 23:36"
"-21.00","","-24.80","48","773","1031","","","","0.00","","N","Ясно","2026-01-25 23:37"
"-21.10","","-24.90","48","773","1031","","","","0.00","","N","Ясно","2026-01-25 23:38"
"-21.10","","-24.90","48","773","1031","","","","0.00","","N","Ясно","2026-01-25 23:39"
"-21.10","","-24.90","48","773","1031","","","","0.00","","N","Ясно","2026-01-25 23:40"
"-21.10","","-24.90","48","773","1031","","","","0.00","","N","Ясно","2026-01-25 23:41"
"-21.10","","-24.90","48","773","1031","","","","0.00","","N","Ясно","2026-01-25 23:42"
"-21.10","","-24.90","48","773","1031","","","","0.00","","N","Ясно","2026-01-25 23:43"
"-21.10","","-24.90","48","773","1031","","","","0.00","","N","Ясно","2026-01-25 23:44"
"-21.20","","-25.00","48","773","1031","","","","0.00","","N","Ясно","2026-01-25 23:45"
"-21.20","","-25.00","48","773","1031","","","","0.00","","N","Ясно","2026-01-25 23:46"
"-21.20","","-25.00","48","773","1031","","","","0.00","","N","Ясно","2026-01-25 23:47"
"-21.30","","-25.10","48","773","1031","","","","0.00","","N","Ясно","2026-01-25 23:48"
"-21.30","","-25.10","48","773","1031","","","","0.00","","N","Ясно","2026-01-25 23:49"
"-21.30","","-25.10","48","773","1031","","","","0.00","","N","Ясно","2026-01-25 23:50"
"-21.30","","-25.10","48","773","1031","","","","0.00","","N","Ясно","2026-01-25 23:51"
"-21.30","","-25.10","48","773","1031","","","","0.00","","N","Ясно","2026-01-25 23:52"
"-21.40","","-25.20","48","773","1031","","","","0.00","","N","Ясно","2026-01-25 23:53"
"-21.40","","-25.20","48","773","1031","","","","0.00","","N","Ясно","2026-01-25 23:54"
"-21.40","","-25.20","48","773","1031","","","","0.00","","N","Ясно","2026-01-25 23:55"
"-21.40","","-25.20","48","773","1031","","","","0.00","","N","Ясно","2026-01-25 23:56"
"-21.40","","-25.20","48","773","1031","","","","0.00","","N","Ясно","2026-01-25 23:57"
"-21.40","","-25.20","48","773","1031","","","","0.00","","N","Ясно","2026-01-25 23:58"
"-21.40","","-25.20","48","773","1031","","","","0.00","","N","Ясно","2026-01-25 23:59"