"Temp","Temp Water","Temp Feels Like","Humidity","Pressure Mm","Pressure Hpa","Precip Mm","Precip Type","Precip Intensity","Wind Speed Ms","Wind Gust Speed Ms","Wind Dir","Condition","Created At"
"-2.60","","-7.60","79","757","1010","","","","3.30","","SSW","Облачно","2026-01-31 00:00"
"-2.60","","-7.60","79","757","1010","","","","3.30","","SSW","Облачно","2026-01-31 00:01"
"-2.60","","-7.60","79","757","1010","","","","3.30","","SSW","Облачно","2026-01-31 00:02"
"-2.60","","-7.60","79","757","1010","","","","3.30","","SSW","Облачно","2026-01-31 00:03"
"-2.60","","-7.60","79","757","1010","","","","3.30","","SSW","Облачно","2026-01-31 00:04"
"-2.60","","-7.60","79","757","1010","","","","3.30","","SSW","Облачно","2026-01-31 00:05"
"-2.60","","-7.60","79","757","1010","","","","3.30","","SSW","Облачно","2026-01-31 00:06"
"-2.60","","-7.60","79","757","1010","","","","3.30","","SSW","Облачно","2026-01-31 00:07"
"-2.60","","-7.60","79","757","1010","","","","3.30","","SSW","Облачно","2026-01-31 00:08"
"-2.60","","-7.60","79","757","1010","","","","3.30","","SSW","Облачно","2026-01-31 00:09"
"-2.60","","-7.60","79","757","1010","","","","3.30","","SSW","Облачно","2026-01-31 00:10"
"-2.60","","-7.60","79","757","1010","","","","3.30","","SSW","Облачно","2026-01-31 00:11"
"-2.60","","-7.60","79","757","1010","","","","3.30","","SSW","Облачно","2026-01-31 00:12"
"-2.60","","-7.60","79","757","1010","","","","3.30","","SSW","Облачно","2026-01-31 00:13"
"-2.60","","-7.60","79","757","1010","","","","3.30","","SSW","Облачно","2026-01-31 00:14"
"-2.60","","-7.60","79","757","1010","","","","3.30","","SSW","Облачно","2026-01-31 00:15"
"-2.60","","-7.60","79","757","1010","","","","3.30","","SSW","Облачно","2026-01-31 00:16"
"-2.60","","-7.60","79","757","1010","","","","3.30","","SSW","Облачно","2026-01-31 00:17"
"-2.60","","-7.60","79","757","1010","","","","3.30","","SSW","Облачно","2026-01-31 00:18"
"-2.60","","-7.60","79","757","1010","","","","3.30","","SSW","Облачно","2026-01-31 00:19"
"-2.60","","-7.60","79","757","1010","","","","3.30","","SSW","Облачно","2026-01-31 00:20"
"-2.60","","-7.60","79","757","1010","","","","3.30","","SSW","Облачно","2026-01-31 00:21"
"-2.60","","-7.60","79","757","1010","","","","3.30","","SSW","Облачно","2026-01-31 00:22"
"-2.60","","-7.60","79","757","1010","","","","3.30","","SSW","Облачно","2026-01-31 00:23"
"-2.90","","-7.90","79","757","1010","","","","3.30","","SSW","Облачно","2026-01-31 00:24"
"-2.90","","-7.90","79","757","1010","","","","3.30","","SSW","Облачно","2026-01-31 00:25"
"-2.90","","-7.90","79","757","1010","","","","3.30","","SSW","Облачно","2026-01-31 00:26"
"-2.90","","-7.90","79","757","1010","","","","3.30","","SSW","Облачно","2026-01-31 00:27"
"-2.90","","-7.90","79","757","1010","","","","3.30","","SSW","Облачно","2026-01-31 00:28"
"-2.90","","-7.90","79","757","1010","","","","3.30","","SSW","Облачно","2026-01-31 00:29"
"-2.90","","-7.90","79","757","1010","","","","3.30","","SSW","Облачно","2026-01-31 00:30"
"-2.90","","-7.90","79","757","1010","","","","3.30","","SSW","Облачно","2026-01-31 00:31"
"-2.90","","-7.90","79","757","1010","","","","3.30","","SSW","Облачно","2026-01-31 00:32"
"-2.90","","-7.90","79","757","1010","","","","3.30","","SSW","Облачно","2026-01-31 00:33"
"-2.90","","-7.90","79","757","1010","","","","3.30","","SSW","Облачно","2026-01-31 00:34"
"-2.90","","-7.90","79","757","1010","","","","3.30","","SSW","Облачно","2026-01-31 00:35"
"-2.90","","-7.90","79","757","1010","","","","3.30","","SSW","Облачно","2026-01-31 00:36"
"-2.90","","-7.90","79","757","1010","","","","3.30","","SSW","Облачно","2026-01-31 00:37"
"-2.90","","-7.90","79","757","1010","","","","3.30","","SSW","Облачно","2026-01-31 00:38"
"-2.90","","-7.90","79","757","1010","","","","3.30","","SSW","Облачно","2026-01-31 00:39"
"-2.90","","-7.90","79","757","1010","","","","3.30","","SSW","Облачно","2026-01-31 00:40"
"-2.90","","-7.90","79","757","1010","","","","3.30","","SSW","Облачно","2026-01-31 00:41"
"-2.90","","-7.90","79","757","1010","","","","3.30","","SSW","Облачно","2026-01-31 00:42"
"-2.90","","-7.90","79","757","1010","","","","3.30","","SSW","Облачно","2026-01-31 00:43"
"-2.90","","-7.90","79","757","1010","","","","3.30","","SSW","Облачно","2026-01-31 00:44"
"-2.90","","-7.90","79","757","1010","","","","3.30","","SSW","Облачно","2026-01-31 00:45"
"-2.90","","-7.90","79","757","1010","","","","3.30","","SSW","Облачно","2026-01-31 00:46"
"-2.90","","-7.90","79","757","1010","","","","3.30","","SSW","Облачно","2026-01-31 00:47"
"-2.90","","-7.90","79","757","1010","","","","3.30","","SSW","Облачно","2026-01-31 00:48"
"-2.90","","-7.90","79","757","1010","","","","3.30","","SSW","Облачно","2026-01-31 00:49"
"-2.90","","-7.90","79","757","1010","","","","3.30","","SSW","Облачно","2026-01-31 00:50"
"-2.90","","-7.90","79","757","1010","","","","3.30","","SSW","Облачно","2026-01-31 00:51"
"-2.90","","-7.90","79","757","1010","","","","3.30","","SSW","Облачно","2026-01-31 00:52"
"-2.90","","-7.90","79","757","1010","","","","3.30","","SSW","Облачно","2026-01-31 00:53"
"-2.90","","-7.90","79","757","1010","","","","3.30","","SSW","Облачно","2026-01-31 00:54"
"-2.90","","-7.90","79","757","1010","","","","3.30","","SSW","Облачно","2026-01-31 00:55"
"-2.90","","-7.90","79","757","1010","","","","3.30","","SSW","Облачно","2026-01-31 00:56"
"-2.90","","-7.90","79","757","1010","","","","3.30","","SSW","Облачно","2026-01-31 00:57"
"-2.90","","-7.90","79","757","1010","","","","3.30","","SSW","Облачно","2026-01-31 00:58"
"-2.90","","-7.90","79","757","1010","","","","3.30","","SSW","Облачно","2026-01-31 00:59"
"-2.90","","-7.90","79","757","1010","","","","3.30","","SSW","Облачно","2026-01-31 01:00"
"-2.90","","-7.90","79","757","1010","","","","3.30","","SSW","Облачно","2026-01-31 01:01"
"-2.90","","-7.90","79","757","1010","","","","3.30","","SSW","Облачно","2026-01-31 01:02"
"-2.90","","-7.90","79","757","1010","","","","3.30","","SSW","Облачно","2026-01-31 01:03"
"-2.90","","-7.90","79","757","1010","","","","3.30","","SSW","Облачно","2026-01-31 01:04"
"-2.90","","-7.90","79","757","1010","","","","3.30","","SSW","Облачно","2026-01-31 01:05"
"-2.90","","-7.90","79","756","1009","","","","3.30","","SSW","Облачно","2026-01-31 01:06"
"-2.90","","-7.90","79","756","1009","","","","3.30","","SSW","Облачно","2026-01-31 01:07"
"-2.90","","-7.90","79","756","1009","","","","3.30","","SSW","Облачно","2026-01-31 01:08"
"-2.90","","-7.90","79","756","1009","","","","3.30","","SSW","Облачно","2026-01-31 01:09"
"-2.90","","-7.90","79","756","1009","","","","3.30","","SSW","Облачно","2026-01-31 01:10"
"-2.90","","-7.90","79","756","1009","","","","3.30","","SSW","Облачно","2026-01-31 01:11"
"-2.90","","-7.90","79","756","1009","","","","3.30","","SSW","Облачно","2026-01-31 01:12"
"-2.90","","-7.90","79","756","1009","","","","3.30","","SSW","Облачно","2026-01-31 01:13"
"-2.90","","-7.90","79","756","1009","","","","3.30","","SSW","Облачно","2026-01-31 01:14"
"-2.90","","-7.90","79","756","1009","","","","3.30","","SSW","Облачно","2026-01-31 01:15"
"-2.90","","-7.90","79","756","1009","","","","3.30","","SSW","Облачно","2026-01-31 01:16"
"-2.90","","-7.90","79","756","1009","","","","3.30","","SSW","Облачно","2026-01-31 01:17"
"-2.90","","-7.90","79","756","1009","","","","3.30","","SSW","Облачно","2026-01-31 01:18"
"-2.90","","-7.90","79","756","1009","","","","3.30","","SSW","Облачно","2026-01-31 01:19"
"-2.90","","-7.90","79","756","1009","","","","3.30","","SSW","Облачно","2026-01-31 01:20"
"-2.90","","-7.90","79","757","1010","","","","3.30","","SSW","Облачно","2026-01-31 01:21"
"-2.90","","-7.90","79","757","1010","","","","3.30","","SSW","Облачно","2026-01-31 01:22"
"-2.90","","-7.90","79","757","1010","","","","3.30","","SSW","Облачно","2026-01-31 01:23"
"-2.90","","-7.90","79","757","1010","","","","3.30","","SSW","Облачно","2026-01-31 01:24"
"-2.90","","-7.90","79","757","1010","","","","3.30","","SSW","Облачно","2026-01-31 01:25"
"-2.90","","-7.90","79","757","1010","","","","3.30","","SSW","Облачно","2026-01-31 01:26"
"-2.90","","-7.90","79","757","1010","","","","3.30","","SSW","Облачно","2026-01-31 01:27"
"-2.90","","-7.90","79","757","1010","","","","3.30","","SSW","Облачно","2026-01-31 01:28"
"-2.90","","-7.90","79","757","1010","","","","3.30","","SSW","Облачно","2026-01-31 01:29"
"-2.90","","-7.90","79","757","1010","","","","3.30","","SSW","Облачно","2026-01-31 01:30"
"-2.90","","-7.90","79","757","1010","","","","3.30","","SSW","Облачно","2026-01-31 01:31"
"-2.90","","-7.90","79","757","1010","","","","3.30","","SSW","Облачно","2026-01-31 01:32"
"-2.90","","-7.90","79","757","1010","","","","3.30","","SSW","Облачно","2026-01-31 01:33"
"-2.90","","-7.90","79","757","1010","","","","3.30","","SSW","Облачно","2026-01-31 01:34"
"-2.90","","-7.90","79","757","1010","","","","3.30","","SSW","Облачно","2026-01-31 01:35"
"-2.90","","-7.90","79","757","1010","","","","3.30","","SSW","Облачно","2026-01-31 01:36"
"-2.90","","-7.90","79","757","1010","","","","3.30","","SSW","Облачно","2026-01-31 01:37"
"-2.90","","-7.90","79","757","1010","","","","3.30","","SSW","Облачно","2026-01-31 01:38"
"-2.90","","-7.90","79","757","1010","","","","3.30","","SSW","Облачно","2026-01-31 01:39"
"-2.90","","-7.90","79","757","1010","","","","3.30","","SSW","Облачно","2026-01-31 01:40"
"-2.90","","-7.90","79","757","1010","","","","3.30","","SSW","Облачно","2026-01-31 01:41"
"-2.90","","-7.90","79","757","1010","","","","3.30","","SSW","Облачно","2026-01-31 01:42"
"-2.90","","-7.90","79","757","1010","","","","3.30","","SSW","Облачно","2026-01-31 01:43"
"-2.90","","-7.90","79","757","1010","","","","3.30","","SSW","Облачно","2026-01-31 01:44"
"-2.90","","-7.90","79","757","1010","","","","3.30","","SSW","Облачно","2026-01-31 01:45"
"-2.90","","-7.90","79","757","1010","","","","3.30","","SSW","Облачно","2026-01-31 01:46"
"-2.90","","-7.90","79","757","1010","","","","3.30","","SSW","Облачно","2026-01-31 01:47"
"-2.90","","-7.90","79","757","1010","","","","3.30","","SSW","Облачно","2026-01-31 01:48"
"-2.90","","-7.90","79","757","1010","","","","3.30","","SSW","Облачно","2026-01-31 01:49"
"-2.90","","-7.90","79","757","1010","","","","3.30","","SSW","Облачно","2026-01-31 01:50"
"-2.90","","-7.90","79","757","1010","","","","3.30","","SSW","Облачно","2026-01-31 01:51"
"-2.90","","-7.90","79","757","1010","","","","3.30","","SSW","Облачно","2026-01-31 01:52"
"-2.90","","-7.90","79","757","1010","","","","3.30","","SSW","Облачно","2026-01-31 01:53"
"-2.90","","-7.90","79","757","1010","","","","3.30","","SSW","Облачно","2026-01-31 01:54"
"-2.90","","-7.90","79","757","1010","","","","3.30","","SSW","Облачно","2026-01-31 01:55"
"-2.90","","-7.90","79","757","1010","","","","3.30","","SSW","Облачно","2026-01-31 01:56"
"-2.90","","-7.90","79","757","1010","","","","3.30","","SSW","Облачно","2026-01-31 01:57"
"-2.90","","-7.90","79","757","1010","","","","3.30","","SSW","Облачно","2026-01-31 01:58"
"-2.90","","-7.90","79","757","1010","","","","3.30","","SSW","Облачно","2026-01-31 01:59"
"-2.90","","-7.90","79","757","1010","","","","3.30","","SSW","Облачно","2026-01-31 02:00"
"-2.90","","-7.90","79","757","1010","","","","3.30","","SSW","Облачно","2026-01-31 02:01"
"-2.90","","-7.90","79","757","1010","","","","3.30","","SSW","Облачно","2026-01-31 02:02"
"-2.90","","-7.90","79","757","1010","","","","3.30","","SSW","Облачно","2026-01-31 02:03"
"-2.90","","-7.90","79","757","1010","","","","3.30","","SSW","Облачно","2026-01-31 02:04"
"-2.90","","-7.90","79","757","1010","","","","3.30","","SSW","Облачно","2026-01-31 02:05"
"-2.90","","-7.90","79","757","1010","","","","3.30","","SSW","Облачно","2026-01-31 02:06"
"-2.90","","-7.90","79","757","1010","","","","3.30","","SSW","Облачно","2026-01-31 02:07"
"-2.90","","-7.90","79","757","1010","","","","3.30","","SSW","Облачно","2026-01-31 02:08"
"-2.90","","-7.90","79","757","1010","","","","3.30","","SSW","Облачно","2026-01-31 02:09"
"-2.90","","-7.90","79","757","1010","","","","3.30","","SSW","Облачно","2026-01-31 02:10"
"-2.90","","-7.90","79","757","1010","","","","3.30","","SSW","Облачно","2026-01-31 02:11"
"-2.90","","-7.90","79","757","1010","","","","3.30","","SSW","Облачно","2026-01-31 02:12"
"-2.90","","-7.90","79","757","1010","","","","3.30","","SSW","Облачно","2026-01-31 02:13"
"-2.90","","-7.90","79","757","1010","","","","3.30","","SSW","Облачно","2026-01-31 02:14"
"-2.90","","-7.90","79","757","1010","","","","3.30","","SSW","Облачно","2026-01-31 02:15"
"-2.90","","-7.90","79","757","1010","","","","3.30","","SSW","Облачно","2026-01-31 02:16"
"-2.90","","-7.90","79","757","1010","","","","3.30","","SSW","Облачно","2026-01-31 02:17"
"-2.90","","-7.90","79","757","1010","","","","3.30","","SSW","Облачно","2026-01-31 02:18"
"-2.90","","-7.90","79","757","1010","","","","3.30","","SSW","Облачно","2026-01-31 02:19"
"-2.90","","-7.90","79","757","1010","","","","3.30","","SSW","Облачно","2026-01-31 02:20"
"-2.90","","-7.90","79","757","1010","","","","3.30","","SSW","Облачно","2026-01-31 02:21"
"-2.90","","-7.90","79","757","1010","","","","3.30","","SSW","Облачно","2026-01-31 02:22"
"-2.90","","-7.90","79","757","1010","","","","3.30","","SSW","Облачно","2026-01-31 02:23"
"-2.90","","-7.90","79","757","1010","","","","3.30","","SSW","Облачно","2026-01-31 02:24"
"-2.90","","-7.90","79","757","1010","","","","3.30","","SSW","Облачно","2026-01-31 02:25"
"-2.90","","-7.90","79","757","1010","","","","3.30","","SSW","Облачно","2026-01-31 02:26"
"-2.90","","-7.90","79","757","1010","","","","3.30","","SSW","Облачно","2026-01-31 02:27"
"-2.90","","-7.90","79","757","1010","","","","3.30","","SSW","Облачно","2026-01-31 02:28"
"-2.90","","-7.90","79","757","1010","","","","3.30","","SSW","Облачно","2026-01-31 02:29"
"-2.90","","-7.90","79","757","1010","","","","3.30","","SSW","Облачно","2026-01-31 02:30"
"-2.90","","-7.90","79","757","1010","","","","3.30","","SSW","Облачно","2026-01-31 02:31"
"-2.90","","-7.90","79","757","1010","","","","3.30","","SSW","Облачно","2026-01-31 02:33"
"-2.90","","-7.90","79","757","1010","","","","3.30","","SSW","Облачно","2026-01-31 02:32"
"-2.90","","-7.90","79","757","1010","","","","3.30","","SSW","Облачно","2026-01-31 02:34"
"-2.90","","-7.90","79","757","1010","","","","3.30","","SSW","Облачно","2026-01-31 02:35"
"-2.90","","-7.90","79","757","1010","","","","3.30","","SSW","Облачно","2026-01-31 02:36"
"-2.90","","-7.90","79","757","1010","","","","3.30","","SSW","Облачно","2026-01-31 02:37"
"-2.90","","-7.90","79","757","1010","","","","3.30","","SSW","Облачно","2026-01-31 02:38"
"-2.90","","-7.90","79","757","1010","","","","3.30","","SSW","Облачно","2026-01-31 02:39"
"-2.90","","-7.90","79","757","1010","","","","3.30","","SSW","Облачно","2026-01-31 02:40"
"-2.90","","-7.90","79","757","1010","","","","3.30","","SSW","Облачно","2026-01-31 02:41"
"-2.90","","-7.90","79","757","1010","","","","3.30","","SSW","Облачно","2026-01-31 02:42"
"-2.90","","-7.90","79","757","1010","","","","3.30","","SSW","Облачно","2026-01-31 02:43"
"-2.90","","-7.90","79","757","1010","","","","3.30","","SSW","Облачно","2026-01-31 02:44"
"-2.90","","-7.90","79","757","1010","","","","3.30","","SSW","Облачно","2026-01-31 02:45"
"-2.90","","-7.90","79","757","1010","","","","3.30","","SSW","Облачно","2026-01-31 02:46"
"-2.90","","-7.90","79","757","1010","","","","3.30","","SSW","Облачно","2026-01-31 02:47"
"-2.90","","-7.90","79","757","1010","","","","3.30","","SSW","Облачно","2026-01-31 02:48"
"-2.90","","-7.90","79","757","1010","","","","3.30","","SSW","Облачно","2026-01-31 02:49"
"-2.90","","-7.90","79","757","1010","","","","3.30","","SSW","Облачно","2026-01-31 02:50"
"-2.90","","-7.90","79","756","1009","","","","3.30","","SSW","Облачно","2026-01-31 02:51"
"-2.90","","-7.90","79","756","1009","","","","3.30","","SSW","Облачно","2026-01-31 02:52"
"-2.90","","-7.90","79","756","1009","","","","3.30","","SSW","Облачно","2026-01-31 02:53"
"-2.90","","-7.90","79","756","1009","","","","3.30","","SSW","Облачно","2026-01-31 02:54"
"-2.90","","-7.90","79","756","1009","","","","3.30","","SSW","Облачно","2026-01-31 02:55"
"-2.90","","-7.90","79","756","1009","","","","3.30","","SSW","Облачно","2026-01-31 02:56"
"-2.90","","-7.90","79","756","1009","","","","3.30","","SSW","Облачно","2026-01-31 02:57"
"-2.90","","-7.90","79","756","1009","","","","3.30","","SSW","Облачно","2026-01-31 02:58"
"-2.90","","-7.90","79","756","1009","","","","3.30","","SSW","Облачно","2026-01-31 02:59"
"-2.90","","-7.90","79","756","1009","","","","3.30","","SSW","Облачно","2026-01-31 03:00"
"-2.90","","-7.90","79","756","1009","","","","3.30","","SSW","Облачно","2026-01-31 03:01"
"-2.90","","-7.90","79","756","1009","","","","3.30","","SSW","Облачно","2026-01-31 03:02"
"-2.90","","-7.90","79","756","1009","","","","3.30","","SSW","Облачно","2026-01-31 03:03"
"-2.90","","-7.90","79","756","1009","","","","3.30","","SSW","Облачно","2026-01-31 03:04"
"-2.90","","-7.90","79","756","1009","","","","3.30","","SSW","Облачно","2026-01-31 03:05"
"-2.90","","-7.90","79","757","1010","","","","3.30","","SSW","Облачно","2026-01-31 03:06"
"-2.90","","-7.90","79","757","1010","","","","3.30","","SSW","Облачно","2026-01-31 03:07"
"-2.90","","-7.90","79","757","1010","","","","3.30","","SSW","Облачно","2026-01-31 03:08"
"-2.90","","-7.90","79","757","1010","","","","3.30","","SSW","Облачно","2026-01-31 03:09"
"-2.90","","-7.90","79","757","1010","","","","3.30","","SSW","Облачно","2026-01-31 03:10"
"-2.90","","-7.90","79","757","1010","","","","3.30","","SSW","Облачно","2026-01-31 03:11"
"-2.90","","-7.90","79","757","1010","","","","3.30","","SSW","Облачно","2026-01-31 03:12"
"-2.90","","-7.90","79","757","1010","","","","3.30","","SSW","Облачно","2026-01-31 03:13"
"-2.90","","-7.90","79","757","1010","","","","3.30","","SSW","Облачно","2026-01-31 03:14"
"-2.90","","-7.90","79","757","1010","","","","3.30","","SSW","Облачно","2026-01-31 03:15"
"-2.90","","-7.90","79","757","1010","","","","3.30","","SSW","Облачно","2026-01-31 03:16"
"-2.90","","-7.90","79","757","1010","","","","3.30","","SSW","Облачно","2026-01-31 03:17"
"-2.90","","-7.90","79","757","1010","","","","3.30","","SSW","Облачно","2026-01-31 03:18"
"-2.90","","-7.90","79","757","1010","","","","3.30","","SSW","Облачно","2026-01-31 03:19"
"-2.90","","-7.90","79","757","1010","","","","3.30","","SSW","Облачно","2026-01-31 03:20"
"-2.90","","-7.90","79","757","1010","","","","3.30","","SSW","Облачно","2026-01-31 03:21"
"-2.90","","-7.90","79","757","1010","","","","3.30","","SSW","Облачно","2026-01-31 03:22"
"-2.90","","-7.90","79","757","1010","","","","3.30","","SSW","Облачно","2026-01-31 03:23"
"-2.90","","-7.90","79","757","1010","","","","3.30","","SSW","Облачно","2026-01-31 03:24"
"-2.90","","-7.90","79","757","1010","","","","3.30","","SSW","Облачно","2026-01-31 03:25"
"-2.90","","-7.90","79","757","1010","","","","3.30","","SSW","Облачно","2026-01-31 03:26"
"-2.90","","-7.90","79","757","1010","","","","3.30","","SSW","Облачно","2026-01-31 03:27"
"-2.90","","-7.90","79","757","1010","","","","3.30","","SSW","Облачно","2026-01-31 03:28"
"-2.90","","-7.90","79","757","1010","","","","3.30","","SSW","Облачно","2026-01-31 03:29"
"-2.90","","-7.90","79","757","1010","","","","3.30","","SSW","Облачно","2026-01-31 03:30"
"-2.90","","-7.90","79","757","1010","","","","3.30","","SSW","Облачно","2026-01-31 03:31"
"-2.90","","-7.90","79","757","1010","","","","3.30","","SSW","Облачно","2026-01-31 03:32"
"-2.90","","-7.90","79","757","1010","","","","3.30","","SSW","Облачно","2026-01-31 03:33"
"-2.90","","-7.90","79","757","1010","","","","3.30","","SSW","Облачно","2026-01-31 03:34"
"-2.90","","-7.90","79","757","1010","","","","3.30","","SSW","Облачно","2026-01-31 03:35"
"-2.90","","-7.90","79","757","1010","","","","3.30","","SSW","Облачно","2026-01-31 03:36"
"-2.90","","-7.90","79","757","1010","","","","3.30","","SSW","Облачно","2026-01-31 03:37"
"-2.90","","-7.90","79","757","1010","","","","3.30","","SSW","Облачно","2026-01-31 03:38"
"-2.90","","-7.90","79","757","1010","","","","3.30","","SSW","Облачно","2026-01-31 03:39"
"-2.90","","-7.90","79","757","1010","","","","3.30","","SSW","Облачно","2026-01-31 03:40"
"-2.90","","-7.90","79","757","1010","","","","3.30","","SSW","Облачно","2026-01-31 03:41"
"-2.90","","-7.90","79","757","1010","","","","3.30","","SSW","Облачно","2026-01-31 03:42"
"-2.90","","-7.90","79","757","1010","","","","3.30","","SSW","Облачно","2026-01-31 03:43"
"-2.90","","-7.90","79","757","1010","","","","3.30","","SSW","Облачно","2026-01-31 03:44"
"-2.90","","-7.90","79","757","1010","","","","3.30","","SSW","Облачно","2026-01-31 03:45"
"-2.90","","-7.90","79","757","1010","","","","3.30","","SSW","Облачно","2026-01-31 03:46"
"-2.90","","-7.90","79","757","1010","","","","3.30","","SSW","Облачно","2026-01-31 03:47"
"-2.90","","-7.90","79","757","1010","","","","3.30","","SSW","Облачно","2026-01-31 03:48"
"-2.90","","-7.90","79","757","1010","","","","3.30","","SSW","Облачно","2026-01-31 03:49"
"-2.90","","-7.90","79","757","1010","","","","3.30","","SSW","Облачно","2026-01-31 03:50"
"-2.90","","-7.90","79","757","1010","","","","3.30","","SSW","Облачно","2026-01-31 03:51"
"-2.90","","-7.90","79","757","1010","","","","3.30","","SSW","Облачно","2026-01-31 03:52"
"-2.90","","-7.90","79","757","1010","","","","3.30","","SSW","Облачно","2026-01-31 03:53"
"-2.90","","-7.90","79","757","1010","","","","3.30","","SSW","Облачно","2026-01-31 03:54"
"-4.00","","-9.10","78","757","1010","","","","3.30","","SSW","Облачно","2026-01-31 03:55"
"-4.00","","-9.10","78","757","1010","","","","3.30","","SSW","Облачно","2026-01-31 03:56"
"-4.00","","-9.10","78","757","1010","","","","3.30","","SSW","Облачно","2026-01-31 03:57"
"-4.10","","-9.20","78","757","1010","","","","3.30","","SSW","Облачно","2026-01-31 03:58"
"-4.10","","-9.20","78","757","1010","","","","3.30","","SSW","Облачно","2026-01-31 03:59"
"-4.10","","-9.20","78","757","1010","","","","3.30","","SSW","Облачно","2026-01-31 04:00"
"-4.10","","-9.20","78","757","1010","","","","3.30","","SSW","Облачно","2026-01-31 04:01"
"-4.10","","-9.20","78","757","1010","","","","3.30","","SSW","Облачно","2026-01-31 04:02"
"-4.10","","-9.20","78","757","1010","","","","3.30","","SSW","Облачно","2026-01-31 04:03"
"-4.10","","-9.20","78","757","1010","","","","3.30","","SSW","Облачно","2026-01-31 04:04"
"-4.10","","-9.20","78","757","1010","","","","3.30","","SSW","Облачно","2026-01-31 04:05"
"-4.10","","-9.20","78","757","1010","","","","3.30","","SSW","Облачно","2026-01-31 04:06"
"-4.10","","-9.20","78","757","1010","","","","3.30","","SSW","Облачно","2026-01-31 04:07"
"-4.10","","-9.20","78","757","1010","","","","3.30","","SSW","Облачно","2026-01-31 04:08"
"-4.10","","-9.20","78","757","1010","","","","3.30","","SSW","Облачно","2026-01-31 04:09"
"-4.10","","-9.20","78","757","1010","","","","3.30","","SSW","Облачно","2026-01-31 04:10"
"-4.10","","-9.20","78","757","1010","","","","3.30","","SSW","Облачно","2026-01-31 04:11"
"-4.10","","-9.20","78","757","1010","","","","3.30","","SSW","Облачно","2026-01-31 04:12"
"-4.10","","-9.20","78","757","1010","","","","3.30","","SSW","Облачно","2026-01-31 04:13"
"-4.10","","-9.20","78","757","1010","","","","3.30","","SSW","Облачно","2026-01-31 04:14"
"-4.10","","-9.20","78","757","1010","","","","3.30","","SSW","Облачно","2026-01-31 04:15"
"-4.10","","-9.20","78","757","1010","","","","3.30","","SSW","Облачно","2026-01-31 04:16"
"-4.10","","-9.20","78","757","1010","","","","3.30","","SSW","Облачно","2026-01-31 04:17"
"-4.10","","-9.20","78","757","1010","","","","3.30","","SSW","Облачно","2026-01-31 04:18"
"-4.10","","-9.20","78","757","1010","","","","3.30","","SSW","Облачно","2026-01-31 04:19"
"-4.10","","-9.20","78","757","1010","","","","3.30","","SSW","Облачно","2026-01-31 04:20"
"-4.10","","-9.20","78","757","1010","","","","3.30","","SSW","Облачно","2026-01-31 04:21"
"-4.10","","-9.20","78","757","1010","","","","3.30","","SSW","Облачно","2026-01-31 04:22"
"-4.10","","-9.20","78","757","1010","","","","3.30","","SSW","Облачно","2026-01-31 04:23"
"-4.10","","-9.20","78","757","1010","","","","3.30","","SSW","Облачно","2026-01-31 04:24"
"-4.10","","-9.20","78","757","1010","","","","3.30","","SSW","Облачно","2026-01-31 04:25"
"-4.10","","-9.20","78","757","1010","","","","3.30","","SSW","Облачно","2026-01-31 04:26"
"-4.10","","-9.20","78","757","1010","","","","3.30","","SSW","Облачно","2026-01-31 04:27"
"-4.10","","-9.20","78","757","1010","","","","3.30","","SSW","Облачно","2026-01-31 04:28"
"-4.10","","-9.20","78","757","1010","","","","3.30","","SSW","Облачно","2026-01-31 04:29"
"-4.10","","-9.20","78","757","1010","","","","3.30","","SSW","Облачно","2026-01-31 04:30"
"-4.10","","-9.20","78","757","1010","","","","3.30","","SSW","Облачно","2026-01-31 04:31"
"-4.10","","-9.20","78","757","1010","","","","3.30","","SSW","Облачно","2026-01-31 04:32"
"-4.10","","-9.20","78","757","1010","","","","3.30","","SSW","Облачно","2026-01-31 04:33"
"-4.10","","-9.20","78","757","1010","","","","3.30","","SSW","Облачно","2026-01-31 04:34"
"-4.10","","-9.20","78","757","1010","","","","3.30","","SSW","Облачно","2026-01-31 04:35"
"-4.10","","-9.20","78","757","1010","","","","3.30","","SSW","Облачно","2026-01-31 04:36"
"-4.10","","-9.20","78","757","1010","","","","3.30","","SSW","Облачно","2026-01-31 04:37"
"-4.10","","-9.20","78","757","1010","","","","3.30","","SSW","Облачно","2026-01-31 04:38"
"-4.10","","-9.20","78","757","1010","","","","3.30","","SSW","Облачно","2026-01-31 04:39"
"-4.10","","-9.20","78","757","1010","","","","3.30","","SSW","Облачно","2026-01-31 04:40"
"-4.10","","-9.20","78","757","1010","","","","3.30","","SSW","Облачно","2026-01-31 04:41"
"-4.10","","-9.20","78","757","1010","","","","3.30","","SSW","Облачно","2026-01-31 04:42"
"-4.10","","-9.20","78","757","1010","","","","3.30","","SSW","Облачно","2026-01-31 04:43"
"-4.10","","-9.20","78","757","1010","","","","3.30","","SSW","Облачно","2026-01-31 04:44"
"-4.10","","-9.20","78","757","1010","","","","3.30","","SSW","Облачно","2026-01-31 04:45"
"-4.10","","-9.20","78","757","1010","","","","3.30","","SSW","Облачно","2026-01-31 04:46"
"-4.10","","-9.20","78","757","1010","","","","3.30","","SSW","Облачно","2026-01-31 04:47"
"-4.10","","-9.20","78","757","1010","","","","3.30","","SSW","Облачно","2026-01-31 04:48"
"-4.10","","-9.20","78","757","1010","","","","3.30","","SSW","Облачно","2026-01-31 04:49"
"-4.10","","-9.20","78","757","1010","","","","3.30","","SSW","Облачно","2026-01-31 04:50"
"-4.10","","-9.20","78","756","1009","","","","3.30","","SSW","Облачно","2026-01-31 04:51"
"-4.10","","-9.20","78","756","1009","","","","3.30","","SSW","Облачно","2026-01-31 04:52"
"-4.10","","-9.20","78","756","1009","","","","3.30","","SSW","Облачно","2026-01-31 04:53"
"-4.10","","-9.20","78","756","1009","","","","3.30","","SSW","Облачно","2026-01-31 04:54"
"-4.10","","-9.20","78","756","1009","","","","3.30","","SSW","Облачно","2026-01-31 04:55"
"-4.10","","-9.20","78","756","1009","","","","3.30","","SSW","Облачно","2026-01-31 04:56"
"-4.10","","-9.20","78","756","1009","","","","3.30","","SSW","Облачно","2026-01-31 04:57"
"-4.10","","-9.20","78","756","1009","","","","3.30","","SSW","Облачно","2026-01-31 04:58"
"-4.10","","-9.20","78","756","1009","","","","3.30","","SSW","Облачно","2026-01-31 04:59"
"-4.10","","-9.20","78","756","1009","","","","3.30","","SSW","Облачно","2026-01-31 05:00"
"-4.10","","-9.20","78","756","1009","","","","3.30","","SSW","Облачно","2026-01-31 05:01"
"-4.10","","-9.20","78","756","1009","","","","3.30","","SSW","Облачно","2026-01-31 05:02"
"-4.10","","-9.20","78","756","1009","","","","3.30","","SSW","Облачно","2026-01-31 05:03"
"-4.10","","-9.20","78","756","1009","","","","3.30","","SSW","Облачно","2026-01-31 05:04"
"-4.10","","-9.20","78","756","1009","","","","3.30","","SSW","Облачно","2026-01-31 05:05"
"-4.10","","-9.20","78","757","1010","","","","3.30","","SSW","Облачно","2026-01-31 05:06"
"-4.10","","-9.20","78","757","1010","","","","3.30","","SSW","Облачно","2026-01-31 05:07"
"-4.10","","-9.20","78","757","1010","","","","3.30","","SSW","Облачно","2026-01-31 05:08"
"-4.10","","-9.20","78","757","1010","","","","3.30","","SSW","Облачно","2026-01-31 05:09"
"-4.80","","-10.00","76","757","1010","","","","3.30","","SSW","Облачно","2026-01-31 05:10"
"-4.80","","-10.00","76","757","1010","","","","3.30","","SSW","Облачно","2026-01-31 05:11"
"-4.80","","-10.00","76","757","1010","","","","3.30","","SSW","Облачно","2026-01-31 05:12"
"-4.80","","-10.00","76","757","1010","","","","3.30","","SSW","Облачно","2026-01-31 05:13"
"-4.80","","-10.00","76","757","1010","","","","3.30","","SSW","Облачно","2026-01-31 05:14"
"-4.80","","-10.00","76","757","1010","","","","3.30","","SSW","Облачно","2026-01-31 05:15"
"-4.80","","-10.00","76","757","1010","","","","3.30","","SSW","Облачно","2026-01-31 05:16"
"-4.80","","-10.00","76","757","1010","","","","3.30","","SSW","Облачно","2026-01-31 05:17"
"-4.80","","-10.00","76","757","1010","","","","3.30","","SSW","Облачно","2026-01-31 05:18"
"-4.80","","-10.00","76","757","1010","","","","3.30","","SSW","Облачно","2026-01-31 05:19"
"-4.80","","-10.00","76","757","1010","","","","3.30","","SSW","Облачно","2026-01-31 05:20"
"-4.80","","-10.00","76","757","1010","","","","3.30","","SSW","Облачно","2026-01-31 05:21"
"-4.80","","-10.00","76","757","1010","","","","3.30","","SSW","Облачно","2026-01-31 05:22"
"-4.80","","-10.00","76","757","1010","","","","3.30","","SSW","Облачно","2026-01-31 05:23"
"-4.80","","-10.00","76","757","1010","","","","3.30","","SSW","Облачно","2026-01-31 05:24"
"-4.80","","-10.00","76","757","1010","","","","3.30","","SSW","Облачно","2026-01-31 05:25"
"-4.80","","-10.00","76","757","1010","","","","3.30","","SSW","Облачно","2026-01-31 05:26"
"-4.80","","-10.00","76","757","1010","","","","3.30","","SSW","Облачно","2026-01-31 05:27"
"-4.80","","-10.00","76","757","1010","","","","3.30","","SSW","Облачно","2026-01-31 05:28"
"-4.80","","-10.00","76","757","1010","","","","3.30","","SSW","Облачно","2026-01-31 05:29"
"-4.80","","-10.00","76","757","1010","","","","3.30","","SSW","Облачно","2026-01-31 05:30"
"-4.80","","-10.00","76","757","1010","","","","3.30","","SSW","Облачно","2026-01-31 05:31"
"-4.80","","-10.00","76","757","1010","","","","3.30","","SSW","Облачно","2026-01-31 05:32"
"-4.80","","-10.00","76","757","1010","","","","3.30","","SSW","Облачно","2026-01-31 05:33"
"-4.80","","-10.00","76","757","1010","","","","3.30","","SSW","Облачно","2026-01-31 05:34"
"-4.80","","-10.00","76","757","1010","","","","3.30","","SSW","Облачно","2026-01-31 05:35"
"-4.80","","-10.00","76","757","1010","","","","3.30","","SSW","Облачно","2026-01-31 05:36"
"-4.80","","-10.00","76","757","1010","","","","3.30","","SSW","Облачно","2026-01-31 05:37"
"-4.80","","-10.00","76","757","1010","","","","3.30","","SSW","Облачно","2026-01-31 05:38"
"-4.80","","-10.00","76","757","1010","","","","3.30","","SSW","Облачно","2026-01-31 05:39"
"-4.80","","-10.00","76","757","1010","","","","3.30","","SSW","Облачно","2026-01-31 05:40"
"-4.80","","-10.00","76","757","1010","","","","3.30","","SSW","Облачно","2026-01-31 05:41"
"-4.80","","-10.00","76","757","1010","","","","3.30","","SSW","Облачно","2026-01-31 05:42"
"-4.80","","-10.00","76","757","1010","","","","3.30","","SSW","Облачно","2026-01-31 05:43"
"-4.80","","-10.00","76","757","1010","","","","3.30","","SSW","Облачно","2026-01-31 05:44"
"-4.80","","-10.00","76","757","1010","","","","3.30","","SSW","Облачно","2026-01-31 05:45"
"-4.80","","-10.00","76","757","1010","","","","3.30","","SSW","Облачно","2026-01-31 05:46"
"-4.80","","-10.00","76","757","1010","","","","3.30","","SSW","Облачно","2026-01-31 05:47"
"-4.80","","-10.00","76","757","1010","","","","3.30","","SSW","Облачно","2026-01-31 05:48"
"-4.80","","-10.00","76","757","1010","","","","3.30","","SSW","Облачно","2026-01-31 05:49"
"-4.80","","-10.00","76","757","1010","","","","3.30","","SSW","Облачно","2026-01-31 05:50"
"-4.80","","-10.00","76","756","1009","","","","3.30","","SSW","Облачно","2026-01-31 05:51"
"-4.80","","-10.00","76","756","1009","","","","3.30","","SSW","Облачно","2026-01-31 05:52"
"-4.80","","-10.00","76","756","1009","","","","3.30","","SSW","Облачно","2026-01-31 05:53"
"-4.80","","-10.00","76","756","1009","","","","3.30","","SSW","Облачно","2026-01-31 05:54"
"-4.80","","-10.00","76","756","1009","","","","3.30","","SSW","Облачно","2026-01-31 05:55"
"-4.80","","-10.00","76","756","1009","","","","3.30","","SSW","Облачно","2026-01-31 05:56"
"-4.80","","-10.00","76","756","1009","","","","3.30","","SSW","Облачно","2026-01-31 05:57"
"-4.80","","-10.00","76","756","1009","","","","3.30","","SSW","Облачно","2026-01-31 05:58"
"-4.80","","-10.00","76","756","1009","","","","3.30","","SSW","Облачно","2026-01-31 05:59"
"-4.80","","-10.00","76","756","1009","","","","3.30","","SSW","Облачно","2026-01-31 06:00"
"-4.80","","-10.00","76","756","1009","","","","3.30","","SSW","Облачно","2026-01-31 06:01"
"-4.80","","-10.00","76","756","1009","","","","3.30","","SSW","Облачно","2026-01-31 06:02"
"-4.80","","-10.00","76","756","1009","","","","3.30","","SSW","Облачно","2026-01-31 06:03"
"-4.80","","-10.00","76","756","1009","","","","3.30","","SSW","Облачно","2026-01-31 06:04"
"-4.80","","-10.00","76","756","1009","","","","3.30","","SSW","Облачно","2026-01-31 06:05"
"-4.80","","-10.00","76","757","1010","","","","3.30","","SSW","Облачно","2026-01-31 06:06"
"-4.80","","-10.00","76","757","1010","","","","3.30","","SSW","Облачно","2026-01-31 06:07"
"-4.80","","-10.00","76","757","1010","","","","3.30","","SSW","Облачно","2026-01-31 06:08"
"-4.80","","-10.00","76","757","1010","","","","3.30","","SSW","Облачно","2026-01-31 06:09"
"-4.80","","-10.00","76","757","1010","","","","3.30","","SSW","Облачно","2026-01-31 06:10"
"-4.80","","-10.00","76","757","1010","","","","3.30","","SSW","Облачно","2026-01-31 06:11"
"-4.80","","-10.00","76","757","1010","","","","3.30","","SSW","Облачно","2026-01-31 06:12"
"-4.80","","-10.00","76","757","1010","","","","3.30","","SSW","Облачно","2026-01-31 06:13"
"-4.80","","-10.00","76","757","1010","","","","3.30","","SSW","Облачно","2026-01-31 06:14"
"-4.80","","-10.00","76","757","1010","","","","3.30","","SSW","Облачно","2026-01-31 06:15"
"-4.80","","-10.00","76","757","1010","","","","3.30","","SSW","Облачно","2026-01-31 06:16"
"-4.80","","-10.00","76","757","1010","","","","3.30","","SSW","Облачно","2026-01-31 06:17"
"-4.80","","-10.00","76","757","1010","","","","3.30","","SSW","Облачно","2026-01-31 06:18"
"-4.80","","-10.00","76","757","1010","","","","3.30","","SSW","Облачно","2026-01-31 06:19"
"-4.80","","-10.00","76","757","1010","","","","3.30","","SSW","Облачно","2026-01-31 06:20"
"-4.80","","-10.00","76","757","1010","","","","3.30","","SSW","Облачно","2026-01-31 06:21"
"-4.80","","-10.00","76","757","1010","","","","3.30","","SSW","Облачно","2026-01-31 06:22"
"-4.80","","-10.00","76","757","1010","","","","3.30","","SSW","Облачно","2026-01-31 06:23"
"-4.80","","-10.00","76","757","1010","","","","3.30","","SSW","Облачно","2026-01-31 06:24"
"-4.80","","-10.00","76","757","1010","","","","3.30","","SSW","Облачно","2026-01-31 06:25"
"-4.80","","-10.00","76","757","1010","","","","3.30","","SSW","Облачно","2026-01-31 06:26"
"-4.80","","-10.00","76","757","1010","","","","3.30","","SSW","Облачно","2026-01-31 06:27"
"-4.80","","-10.00","76","757","1010","","","","3.30","","SSW","Облачно","2026-01-31 06:28"
"-4.80","","-10.00","76","757","1010","","","","3.30","","SSW","Облачно","2026-01-31 06:29"
"-4.80","","-10.00","76","757","1010","","","","3.30","","SSW","Облачно","2026-01-31 06:30"
"-4.80","","-10.00","76","757","1010","","","","3.30","","SSW","Облачно","2026-01-31 06:31"
"-4.80","","-10.00","76","757","1010","","","","3.30","","SSW","Облачно","2026-01-31 06:32"
"-4.80","","-10.00","76","757","1010","","","","3.30","","SSW","Облачно","2026-01-31 06:33"
"-4.80","","-10.00","76","757","1010","","","","3.30","","SSW","Облачно","2026-01-31 06:34"
"-4.80","","-10.00","76","757","1010","","","","3.30","","SSW","Облачно","2026-01-31 06:35"
"-4.80","","-10.00","76","757","1010","","","","3.30","","SSW","Небольшая облачность","2026-01-31 06:36"
"-4.80","","-10.00","76","757","1010","","","","3.30","","SSW","Небольшая облачность","2026-01-31 06:37"
"-4.80","","-10.00","76","757","1010","","","","3.30","","SSW","Небольшая облачность","2026-01-31 06:38"
"-4.80","","-10.00","76","757","1010","","","","3.30","","SSW","Небольшая облачность","2026-01-31 06:39"
"-4.80","","-10.00","76","757","1010","","","","3.30","","SSW","Небольшая облачность","2026-01-31 06:40"
"-4.80","","-10.00","76","757","1010","","","","3.30","","SSW","Небольшая облачность","2026-01-31 06:41"
"-4.80","","-10.00","76","757","1010","","","","3.30","","SSW","Небольшая облачность","2026-01-31 06:42"
"-4.80","","-10.00","76","757","1010","","","","3.30","","SSW","Небольшая облачность","2026-01-31 06:43"
"-4.80","","-10.00","76","757","1010","","","","3.30","","SSW","Небольшая облачность","2026-01-31 06:44"
"-4.80","","-10.00","76","757","1010","","","","3.30","","SSW","Небольшая облачность","2026-01-31 06:45"
"-4.80","","-10.00","76","757","1010","","","","3.30","","SSW","Небольшая облачность","2026-01-31 06:46"
"-4.80","","-10.00","76","757","1010","","","","3.30","","SSW","Небольшая облачность","2026-01-31 06:47"
"-4.80","","-10.00","76","757","1010","","","","3.30","","SSW","Небольшая облачность","2026-01-31 06:48"
"-4.80","","-10.00","76","757","1010","","","","3.30","","SSW","Небольшая облачность","2026-01-31 06:49"
"-4.80","","-10.00","76","757","1010","","","","3.30","","SSW","Небольшая облачность","2026-01-31 06:50"
"-4.80","","-10.00","76","757","1010","","","","3.30","","SSW","Небольшая облачность","2026-01-31 06:51"
"-4.80","","-10.00","76","757","1010","","","","3.30","","SSW","Небольшая облачность","2026-01-31 06:52"
"-4.80","","-10.00","76","757","1010","","","","3.30","","SSW","Небольшая облачность","2026-01-31 06:53"
"-4.80","","-10.00","76","757","1010","","","","3.30","","SSW","Небольшая облачность","2026-01-31 06:54"
"-4.80","","-10.00","76","757","1010","","","","3.30","","SSW","Небольшая облачность","2026-01-31 06:55"
"-4.80","","-10.00","76","757","1010","","","","3.30","","SSW","Небольшая облачность","2026-01-31 06:56"
"-4.80","","-10.00","76","757","1010","","","","3.30","","SSW","Небольшая облачность","2026-01-31 06:57"
"-4.80","","-10.00","76","757","1010","","","","3.30","","SSW","Небольшая облачность","2026-01-31 06:58"
"-4.80","","-10.00","76","757","1010","","","","3.30","","SSW","Небольшая облачность","2026-01-31 06:59"
"-4.80","","-10.00","76","757","1010","","","","3.30","","SSW","Небольшая облачность","2026-01-31 07:00"
"-4.80","","-10.00","76","757","1010","","","","3.30","","SSW","Небольшая облачность","2026-01-31 07:01"
"-4.80","","-10.00","76","757","1010","","","","3.30","","SSW","Небольшая облачность","2026-01-31 07:02"
"-4.80","","-10.00","76","757","1010","","","","3.30","","SSW","Небольшая облачность","2026-01-31 07:03"
"-4.80","","-10.00","76","757","1010","","","","3.30","","SSW","Небольшая облачность","2026-01-31 07:04"
"-4.80","","-10.00","76","757","1010","","","","3.30","","SSW","Небольшая облачность","2026-01-31 07:05"
"-4.80","","-10.00","76","756","1009","","","","3.30","","SSW","Небольшая облачность","2026-01-31 07:06"
"-4.80","","-10.00","76","756","1009","","","","3.30","","SSW","Небольшая облачность","2026-01-31 07:07"
"-4.80","","-10.00","76","756","1009","","","","3.30","","SSW","Небольшая облачность","2026-01-31 07:08"
"-4.80","","-10.00","76","756","1009","","","","3.30","","SSW","Небольшая облачность","2026-01-31 07:09"
"-4.80","","-10.00","76","756","1009","","","","3.30","","SSW","Небольшая облачность","2026-01-31 07:10"
"-4.80","","-10.00","76","756","1009","","","","3.30","","SSW","Небольшая облачность","2026-01-31 07:11"
"-4.80","","-10.00","76","756","1009","","","","3.30","","SSW","Небольшая облачность","2026-01-31 07:12"
"-4.80","","-10.00","76","756","1009","","","","3.30","","SSW","Небольшая облачность","2026-01-31 07:13"
"-4.80","","-10.00","76","756","1009","","","","3.30","","SSW","Небольшая облачность","2026-01-31 07:14"
"-4.80","","-10.00","76","756","1009","","","","3.30","","SSW","Небольшая облачность","2026-01-31 07:15"
"-4.80","","-10.00","76","756","1009","","","","3.30","","SSW","Небольшая облачность","2026-01-31 07:16"
"-4.80","","-10.00","76","756","1009","","","","3.30","","SSW","Небольшая облачность","2026-01-31 07:17"
"-4.80","","-10.00","76","756","1009","","","","3.30","","SSW","Небольшая облачность","2026-01-31 07:18"
"-4.80","","-10.00","76","756","1009","","","","3.30","","SSW","Небольшая облачность","2026-01-31 07:19"
"-4.80","","-10.00","76","756","1009","","","","3.30","","SSW","Небольшая облачность","2026-01-31 07:20"
"-4.80","","-10.00","76","758","1011","","","","3.30","","SSW","Небольшая облачность","2026-01-31 07:21"
"-4.80","","-10.00","76","758","1011","","","","3.30","","SSW","Небольшая облачность","2026-01-31 07:22"
"-4.80","","-10.00","76","758","1011","","","","3.30","","SSW","Небольшая облачность","2026-01-31 07:23"
"-4.80","","-10.00","76","758","1011","","","","3.30","","SSW","Небольшая облачность","2026-01-31 07:24"
"-4.80","","-10.00","76","758","1011","","","","3.30","","SSW","Небольшая облачность","2026-01-31 07:25"
"-4.80","","-10.00","76","758","1011","","","","3.30","","SSW","Небольшая облачность","2026-01-31 07:26"
"-4.80","","-10.00","76","758","1011","","","","3.30","","SSW","Небольшая облачность","2026-01-31 07:27"
"-4.80","","-10.00","76","758","1011","","","","3.30","","SSW","Небольшая облачность","2026-01-31 07:28"
"-4.80","","-10.00","76","758","1011","","","","3.30","","SSW","Небольшая облачность","2026-01-31 07:29"
"-4.80","","-10.00","76","758","1011","","","","3.30","","SSW","Небольшая облачность","2026-01-31 07:30"
"-4.80","","-10.00","76","758","1011","","","","3.30","","SSW","Небольшая облачность","2026-01-31 07:31"
"-4.80","","-10.00","76","758","1011","","","","3.30","","SSW","Небольшая облачность","2026-01-31 07:32"
"-4.80","","-10.00","76","758","1011","","","","3.30","","SSW","Небольшая облачность","2026-01-31 07:33"
"-4.80","","-10.00","76","758","1011","","","","3.30","","SSW","Небольшая облачность","2026-01-31 07:34"
"-4.80","","-10.00","76","758","1011","","","","3.30","","SSW","Небольшая облачность","2026-01-31 07:35"
"-4.80","","-10.00","76","757","1010","","","","3.30","","SSW","Облачно","2026-01-31 07:36"
"-4.80","","-10.00","76","757","1010","","","","3.30","","SSW","Облачно","2026-01-31 07:37"
"-4.80","","-10.00","76","757","1010","","","","3.30","","SSW","Облачно","2026-01-31 07:38"
"-4.80","","-10.00","76","757","1010","","","","3.30","","SSW","Облачно","2026-01-31 07:39"
"-4.80","","-10.00","76","757","1010","","","","3.30","","SSW","Облачно","2026-01-31 07:40"
"-4.80","","-10.00","76","757","1010","","","","3.30","","SSW","Облачно","2026-01-31 07:41"
"-4.80","","-10.00","76","757","1010","","","","3.30","","SSW","Облачно","2026-01-31 07:42"
"-4.80","","-10.00","76","757","1010","","","","3.30","","SSW","Облачно","2026-01-31 07:43"
"-4.80","","-10.00","76","757","1010","","","","3.30","","SSW","Облачно","2026-01-31 07:44"
"-4.80","","-10.00","76","757","1010","","","","3.30","","SSW","Облачно","2026-01-31 07:45"
"-4.80","","-10.00","76","757","1010","","","","3.30","","SSW","Облачно","2026-01-31 07:46"
"-4.80","","-10.00","76","757","1010","","","","3.30","","SSW","Облачно","2026-01-31 07:47"
"-4.80","","-10.00","76","757","1010","","","","3.30","","SSW","Облачно","2026-01-31 07:48"
"-4.80","","-10.00","76","757","1010","","","","3.30","","SSW","Облачно","2026-01-31 07:49"
"-4.80","","-10.00","76","757","1010","","","","3.30","","SSW","Облачно","2026-01-31 07:50"
"-4.80","","-10.00","76","756","1009","","","","3.30","","SSW","Облачно","2026-01-31 07:51"
"-4.80","","-10.00","76","756","1009","","","","3.30","","SSW","Облачно","2026-01-31 07:52"
"-4.80","","-10.00","76","756","1009","","","","3.30","","SSW","Облачно","2026-01-31 07:53"
"-4.80","","-10.00","76","756","1009","","","","3.30","","SSW","Облачно","2026-01-31 07:54"
"-4.80","","-10.00","76","756","1009","","","","3.30","","SSW","Облачно","2026-01-31 07:55"
"-4.80","","-10.00","76","756","1009","","","","3.30","","SSW","Облачно","2026-01-31 07:56"
"-4.80","","-10.00","76","756","1009","","","","3.30","","SSW","Облачно","2026-01-31 07:57"
"-4.80","","-10.00","76","756","1009","","","","3.30","","SSW","Облачно","2026-01-31 07:58"
"-4.80","","-10.00","76","756","1009","","","","3.30","","SSW","Облачно","2026-01-31 07:59"
"-4.80","","-10.00","76","756","1009","","","","3.30","","SSW","Облачно","2026-01-31 08:00"
"-4.80","","-10.00","76","756","1009","","","","3.30","","SSW","Облачно","2026-01-31 08:01"
"-4.80","","-10.00","76","756","1009","","","","3.30","","SSW","Облачно","2026-01-31 08:02"
"-4.80","","-10.00","76","756","1009","","","","3.30","","SSW","Облачно","2026-01-31 08:03"
"-4.80","","-10.00","76","756","1009","","","","3.30","","SSW","Облачно","2026-01-31 08:04"
"-4.80","","-10.00","76","756","1009","","","","3.30","","SSW","Облачно","2026-01-31 08:05"
"-4.80","","-10.00","76","756","1009","","","","3.30","","SSW","Облачно","2026-01-31 08:06"
"-4.80","","-10.00","76","756","1009","","","","3.30","","SSW","Облачно","2026-01-31 08:07"
"-4.80","","-10.00","76","756","1009","","","","3.30","","SSW","Облачно","2026-01-31 08:08"
"-4.80","","-10.00","76","756","1009","","","","3.30","","SSW","Облачно","2026-01-31 08:09"
"-4.80","","-10.00","76","756","1009","","","","3.30","","SSW","Облачно","2026-01-31 08:10"
"-4.80","","-10.00","76","756","1009","","","","3.30","","SSW","Облачно","2026-01-31 08:11"
"-4.80","","-10.00","76","756","1009","","","","3.30","","SSW","Облачно","2026-01-31 08:12"
"-4.80","","-10.00","76","756","1009","","","","3.30","","SSW","Облачно","2026-01-31 08:13"
"-4.80","","-10.00","76","756","1009","","","","3.30","","SSW","Облачно","2026-01-31 08:14"
"-4.80","","-10.00","76","756","1009","","","","3.30","","SSW","Облачно","2026-01-31 08:15"
"-4.80","","-10.00","76","756","1009","","","","3.30","","SSW","Облачно","2026-01-31 08:16"
"-4.80","","-10.00","76","756","1009","","","","3.30","","SSW","Облачно","2026-01-31 08:17"
"-4.80","","-10.00","76","756","1009","","","","3.30","","SSW","Облачно","2026-01-31 08:18"
"-4.80","","-10.00","76","756","1009","","","","3.30","","SSW","Облачно","2026-01-31 08:19"
"-4.80","","-10.00","76","756","1009","","","","3.30","","SSW","Облачно","2026-01-31 08:20"
"-4.80","","-10.00","76","756","1009","","","","3.30","","SSW","Облачно","2026-01-31 08:21"
"-4.80","","-10.00","76","756","1009","","","","3.30","","SSW","Облачно","2026-01-31 08:22"
"-4.80","","-10.00","76","756","1009","","","","3.30","","SSW","Облачно","2026-01-31 08:23"
"-4.80","","-10.00","76","756","1009","","","","3.30","","SSW","Облачно","2026-01-31 08:24"
"-4.80","","-10.00","76","756","1009","","","","3.30","","SSW","Облачно","2026-01-31 08:25"
"-4.80","","-10.00","76","756","1009","","","","3.30","","SSW","Облачно","2026-01-31 08:26"
"-4.80","","-10.00","76","756","1009","","","","3.30","","SSW","Облачно","2026-01-31 08:27"
"-4.80","","-10.00","76","756","1009","","","","3.30","","SSW","Облачно","2026-01-31 08:28"
"-4.80","","-10.00","76","756","1009","","","","3.30","","SSW","Облачно","2026-01-31 08:29"
"-4.80","","-10.00","76","756","1009","","","","3.30","","SSW","Облачно","2026-01-31 08:30"
"-4.80","","-10.00","76","756","1009","","","","3.30","","SSW","Облачно","2026-01-31 08:31"
"-4.80","","-10.00","76","756","1009","","","","3.30","","SSW","Облачно","2026-01-31 08:32"
"-4.80","","-10.00","76","756","1009","","","","3.30","","SSW","Облачно","2026-01-31 08:33"
"-4.80","","-10.00","76","756","1009","","","","3.30","","SSW","Облачно","2026-01-31 08:34"
"-4.80","","-10.00","76","756","1009","","","","3.30","","SSW","Облачно","2026-01-31 08:35"
"-4.80","","-10.00","76","756","1009","","","","3.30","","SSW","Облачно","2026-01-31 08:36"
"-4.80","","-10.00","76","756","1009","","","","3.30","","SSW","Облачно","2026-01-31 08:37"
"-4.80","","-10.00","76","756","1009","","","","3.30","","SSW","Облачно","2026-01-31 08:38"
"-4.80","","-10.00","76","756","1009","","","","3.30","","SSW","Облачно","2026-01-31 08:39"
"-4.80","","-10.00","76","756","1009","","","","3.30","","SSW","Облачно","2026-01-31 08:40"
"-4.80","","-10.00","76","756","1009","","","","3.30","","SSW","Облачно","2026-01-31 08:41"
"-4.80","","-10.00","76","756","1009","","","","3.30","","SSW","Облачно","2026-01-31 08:42"
"-4.80","","-10.00","76","756","1009","","","","3.30","","SSW","Облачно","2026-01-31 08:43"
"-4.80","","-10.00","76","756","1009","","","","3.30","","SSW","Облачно","2026-01-31 08:44"
"-4.80","","-10.00","76","756","1009","","","","3.30","","SSW","Облачно","2026-01-31 08:45"
"-4.80","","-10.00","76","756","1009","","","","3.30","","SSW","Облачно","2026-01-31 08:46"
"-4.80","","-10.00","76","756","1009","","","","3.30","","SSW","Облачно","2026-01-31 08:47"
"-4.80","","-10.00","76","756","1009","","","","3.30","","SSW","Облачно","2026-01-31 08:48"
"-4.80","","-10.00","76","756","1009","","","","3.30","","SSW","Облачно","2026-01-31 08:49"
"-4.80","","-10.00","76","756","1009","","","","3.30","","SSW","Облачно","2026-01-31 08:50"
"-4.80","","-10.00","76","757","1010","","","","3.30","","SSW","Облачно","2026-01-31 08:51"
"-4.80","","-10.00","76","757","1010","","","","3.30","","SSW","Облачно","2026-01-31 08:52"
"-4.80","","-10.00","76","757","1010","","","","3.30","","SSW","Облачно","2026-01-31 08:53"
"-4.80","","-10.00","76","757","1010","","","","3.30","","SSW","Облачно","2026-01-31 08:54"
"-4.80","","-10.00","76","757","1010","","","","3.30","","SSW","Облачно","2026-01-31 08:55"
"-4.80","","-10.00","76","757","1010","","","","3.30","","SSW","Облачно","2026-01-31 08:56"
"-4.80","","-10.00","76","757","1010","","","","3.30","","SSW","Облачно","2026-01-31 08:57"
"-4.80","","-10.00","76","757","1010","","","","3.30","","SSW","Облачно","2026-01-31 08:58"
"-4.80","","-10.00","76","757","1010","","","","3.30","","SSW","Облачно","2026-01-31 08:59"
"-4.80","","-10.00","76","757","1010","","","","3.30","","SSW","Облачно","2026-01-31 09:00"
"-4.80","","-10.00","76","757","1010","","","","3.30","","SSW","Облачно","2026-01-31 09:01"
"-4.80","","-10.00","76","757","1010","","","","3.30","","SSW","Облачно","2026-01-31 09:02"
"-4.80","","-10.00","76","757","1010","","","","3.30","","SSW","Облачно","2026-01-31 09:03"
"-4.80","","-10.00","76","757","1010","","","","3.30","","SSW","Облачно","2026-01-31 09:04"
"-4.80","","-10.00","76","757","1010","","","","3.30","","SSW","Облачно","2026-01-31 09:05"
"-4.80","","-10.00","76","756","1009","","","","3.30","","SSW","Облачно","2026-01-31 09:06"
"-4.80","","-10.00","76","756","1009","","","","3.30","","SSW","Облачно","2026-01-31 09:07"
"-4.80","","-10.00","76","756","1009","","","","3.30","","SSW","Облачно","2026-01-31 09:08"
"-4.80","","-10.00","76","756","1009","","","","3.30","","SSW","Облачно","2026-01-31 09:09"
"-4.80","","-10.00","76","756","1009","","","","3.30","","SSW","Облачно","2026-01-31 09:10"
"-4.80","","-10.00","76","756","1009","","","","3.30","","SSW","Облачно","2026-01-31 09:11"
"-4.80","","-10.00","76","756","1009","","","","3.30","","SSW","Облачно","2026-01-31 09:12"
"-4.80","","-10.00","76","756","1009","","","","3.30","","SSW","Облачно","2026-01-31 09:13"
"-4.80","","-10.00","76","756","1009","","","","3.30","","SSW","Облачно","2026-01-31 09:14"
"-4.80","","-10.00","76","756","1009","","","","3.30","","SSW","Облачно","2026-01-31 09:15"
"-4.80","","-10.00","76","756","1009","","","","3.30","","SSW","Облачно","2026-01-31 09:16"
"-4.80","","-10.00","76","756","1009","","","","3.30","","SSW","Облачно","2026-01-31 09:17"
"-4.80","","-10.00","76","756","1009","","","","3.30","","SSW","Облачно","2026-01-31 09:18"
"-4.80","","-10.00","76","756","1009","","","","3.30","","SSW","Облачно","2026-01-31 09:19"
"-4.80","","-10.00","76","756","1009","","","","3.30","","SSW","Облачно","2026-01-31 09:20"
"-4.80","","-10.00","76","756","1008","","","","3.30","","SSW","Облачно","2026-01-31 09:21"
"-4.80","","-10.00","76","756","1008","","","","3.30","","SSW","Облачно","2026-01-31 09:22"
"-4.80","","-10.00","76","756","1008","","","","3.30","","SSW","Облачно","2026-01-31 09:23"
"-4.80","","-10.00","76","756","1008","","","","3.30","","SSW","Облачно","2026-01-31 09:24"
"-4.80","","-10.00","76","756","1008","","","","3.30","","SSW","Облачно","2026-01-31 09:25"
"-4.80","","-10.00","76","756","1008","","","","3.30","","SSW","Облачно","2026-01-31 09:26"
"-4.80","","-10.00","76","756","1008","","","","3.30","","SSW","Облачно","2026-01-31 09:27"
"-4.80","","-10.00","76","756","1008","","","","3.30","","SSW","Облачно","2026-01-31 09:28"
"-4.80","","-10.00","76","756","1008","","","","3.30","","SSW","Облачно","2026-01-31 09:29"
"-4.80","","-10.00","76","756","1008","","","","3.30","","SSW","Облачно","2026-01-31 09:30"
"-4.80","","-10.00","76","756","1008","","","","3.30","","SSW","Облачно","2026-01-31 09:31"
"-4.80","","-10.00","76","756","1008","","","","3.30","","SSW","Облачно","2026-01-31 09:32"
"-4.80","","-10.00","76","756","1008","","","","3.30","","SSW","Облачно","2026-01-31 09:33"
"-4.80","","-10.00","76","756","1008","","","","3.30","","SSW","Облачно","2026-01-31 09:34"
"-4.80","","-10.00","76","756","1008","","","","3.30","","SSW","Облачно","2026-01-31 09:35"
"-4.80","","-10.00","76","756","1009","","","","3.30","","SSW","Облачно","2026-01-31 09:36"
"-4.80","","-10.00","76","756","1009","","","","3.30","","SSW","Облачно","2026-01-31 09:37"
"-4.80","","-10.00","76","756","1009","","","","3.30","","SSW","Облачно","2026-01-31 09:38"
"-4.80","","-10.00","76","756","1009","","","","3.30","","SSW","Облачно","2026-01-31 09:39"
"-4.80","","-10.00","76","756","1009","","","","3.30","","SSW","Облачно","2026-01-31 09:40"
"-4.80","","-10.00","76","756","1009","","","","3.30","","SSW","Облачно","2026-01-31 09:41"
"-4.80","","-10.00","76","756","1009","","","","3.30","","SSW","Облачно","2026-01-31 09:42"
"-4.80","","-10.00","76","756","1009","","","","3.30","","SSW","Облачно","2026-01-31 09:43"
"-4.80","","-10.00","76","756","1009","","","","3.30","","SSW","Облачно","2026-01-31 09:44"
"-4.80","","-10.00","76","756","1009","","","","3.30","","SSW","Облачно","2026-01-31 09:45"
"-4.80","","-10.00","76","756","1009","","","","3.30","","SSW","Облачно","2026-01-31 09:46"
"-4.80","","-10.00","76","756","1009","","","","3.30","","SSW","Облачно","2026-01-31 09:47"
"-4.80","","-10.00","76","756","1009","","","","3.30","","SSW","Облачно","2026-01-31 09:48"
"-4.80","","-10.00","76","756","1009","","","","3.30","","SSW","Облачно","2026-01-31 09:49"
"-4.80","","-10.00","76","756","1009","","","","3.30","","SSW","Облачно","2026-01-31 09:50"
"-4.80","","-10.00","76","756","1009","","","","3.30","","SSW","Облачно","2026-01-31 09:51"
"-4.80","","-10.00","76","756","1009","","","","3.30","","SSW","Облачно","2026-01-31 09:52"
"-4.80","","-10.00","76","756","1009","","","","3.30","","SSW","Облачно","2026-01-31 09:53"
"-4.70","","-9.90","75","756","1009","","","","3.30","","SSW","Облачно","2026-01-31 09:54"
"-4.70","","-9.90","75","756","1009","","","","3.30","","SSW","Облачно","2026-01-31 09:55"
"-4.70","","-9.90","75","756","1009","","","","3.30","","SSW","Облачно","2026-01-31 09:56"
"-4.70","","-9.90","75","756","1009","","","","3.30","","SSW","Облачно","2026-01-31 09:57"
"-4.70","","-9.90","75","756","1009","","","","3.30","","SSW","Облачно","2026-01-31 09:58"
"-4.70","","-9.90","75","756","1009","","","","3.30","","SSW","Облачно","2026-01-31 09:59"
"-4.70","","-9.90","75","756","1009","","","","3.30","","SSW","Облачно","2026-01-31 10:00"
"-4.70","","-9.90","75","756","1009","","","","3.30","","SSW","Облачно","2026-01-31 10:01"
"-4.70","","-9.90","75","756","1009","","","","3.30","","SSW","Облачно","2026-01-31 10:02"
"-4.70","","-9.90","75","756","1009","","","","3.30","","SSW","Облачно","2026-01-31 10:03"
"-4.70","","-9.90","75","756","1009","","","","3.30","","SSW","Облачно","2026-01-31 10:04"
"-4.70","","-9.90","75","756","1009","","","","3.30","","SSW","Облачно","2026-01-31 10:05"
"-4.70","","-9.90","75","756","1009","","","","3.30","","SSW","Небольшая облачность","2026-01-31 10:06"
"-4.70","","-9.90","75","756","1009","","","","3.30","","SSW","Небольшая облачность","2026-01-31 10:07"
"-4.70","","-9.90","75","756","1009","","","","3.30","","SSW","Небольшая облачность","2026-01-31 10:08"
"-4.70","","-9.90","75","756","1009","","","","3.30","","SSW","Небольшая облачность","2026-01-31 10:09"
"-4.70","","-9.90","75","756","1009","","","","3.30","","SSW","Небольшая облачность","2026-01-31 10:10"
"-4.70","","-9.90","75","756","1009","","","","3.30","","SSW","Небольшая облачность","2026-01-31 10:11"
"-4.70","","-9.90","75","756","1009","","","","3.30","","SSW","Небольшая облачность","2026-01-31 10:12"
"-4.70","","-9.90","75","756","1009","","","","3.30","","SSW","Небольшая облачность","2026-01-31 10:13"
"-4.70","","-9.90","75","756","1009","","","","3.30","","SSW","Небольшая облачность","2026-01-31 10:14"
"-4.70","","-9.90","75","756","1009","","","","3.30","","SSW","Небольшая облачность","2026-01-31 10:15"
"-4.70","","-9.90","75","756","1009","","","","3.30","","SSW","Небольшая облачность","2026-01-31 10:16"
"-4.70","","-9.90","75","756","1009","","","","3.30","","SSW","Небольшая облачность","2026-01-31 10:17"
"-4.70","","-9.90","75","756","1009","","","","3.30","","SSW","Небольшая облачность","2026-01-31 10:18"
"-4.70","","-9.90","75","756","1009","","","","3.30","","SSW","Небольшая облачность","2026-01-31 10:19"
"-4.70","","-9.90","75","756","1009","","","","3.30","","SSW","Небольшая облачность","2026-01-31 10:20"
"-4.70","","-9.90","75","756","1009","","","","3.30","","SSW","Небольшая облачность","2026-01-31 10:21"
"-4.70","","-9.90","75","756","1009","","","","3.30","","SSW","Небольшая облачность","2026-01-31 10:22"
"-4.70","","-9.90","75","756","1009","","","","3.30","","SSW","Небольшая облачность","2026-01-31 10:23"
"-4.70","","-9.90","75","756","1009","","","","3.30","","SSW","Небольшая облачность","2026-01-31 10:24"
"-4.70","","-9.90","75","756","1009","","","","3.30","","SSW","Небольшая облачность","2026-01-31 10:25"
"-4.70","","-9.90","75","756","1009","","","","3.30","","SSW","Небольшая облачность","2026-01-31 10:26"
"-4.70","","-9.90","75","756","1009","","","","3.30","","SSW","Небольшая облачность","2026-01-31 10:27"
"-4.70","","-9.90","75","756","1009","","","","3.30","","SSW","Небольшая облачность","2026-01-31 10:28"
"-4.70","","-9.90","75","756","1009","","","","3.30","","SSW","Небольшая облачность","2026-01-31 10:29"
"-4.70","","-9.90","75","756","1009","","","","3.30","","SSW","Небольшая облачность","2026-01-31 10:30"
"-4.70","","-9.90","75","756","1009","","","","3.30","","SSW","Небольшая облачность","2026-01-31 10:31"
"-4.70","","-9.90","75","756","1009","","","","3.30","","SSW","Небольшая облачность","2026-01-31 10:32"
"-4.70","","-9.90","75","756","1009","","","","3.30","","SSW","Небольшая облачность","2026-01-31 10:33"
"-4.70","","-9.90","75","756","1009","","","","3.30","","SSW","Небольшая облачность","2026-01-31 10:34"
"-4.70","","-9.90","75","756","1009","","","","3.30","","SSW","Небольшая облачность","2026-01-31 10:35"
"-4.70","","-9.90","75","756","1008","","","","3.30","","SSW","Небольшая облачность","2026-01-31 10:36"
"-4.70","","-9.90","75","756","1008","","","","3.30","","SSW","Небольшая облачность","2026-01-31 10:37"
"-4.70","","-9.90","75","756","1008","","","","3.30","","SSW","Небольшая облачность","2026-01-31 10:38"
"-4.70","","-9.90","75","756","1008","","","","3.30","","SSW","Небольшая облачность","2026-01-31 10:39"
"-4.70","","-9.90","75","756","1008","","","","3.30","","SSW","Небольшая облачность","2026-01-31 10:40"
"-4.70","","-9.90","75","756","1008","","","","3.30","","SSW","Небольшая облачность","2026-01-31 10:41"
"-4.70","","-9.90","75","756","1008","","","","3.30","","SSW","Небольшая облачность","2026-01-31 10:42"
"-4.70","","-9.90","75","756","1008","","","","3.30","","SSW","Небольшая облачность","2026-01-31 10:43"
"-4.70","","-9.90","75","756","1008","","","","3.30","","SSW","Небольшая облачность","2026-01-31 10:44"
"-4.70","","-9.90","75","756","1008","","","","3.30","","SSW","Небольшая облачность","2026-01-31 10:45"
"-4.70","","-9.90","75","756","1008","","","","3.30","","SSW","Небольшая облачность","2026-01-31 10:46"
"-4.70","","-9.90","75","756","1008","","","","3.30","","SSW","Небольшая облачность","2026-01-31 10:47"
"-4.70","","-9.90","75","756","1008","","","","3.30","","SSW","Небольшая облачность","2026-01-31 10:48"
"-4.70","","-9.90","75","756","1008","","","","3.30","","SSW","Небольшая облачность","2026-01-31 10:49"
"-4.70","","-9.90","75","756","1008","","","","3.30","","SSW","Небольшая облачность","2026-01-31 10:50"
"-4.70","","-9.90","75","756","1008","","","","3.30","","SSW","Небольшая облачность","2026-01-31 10:51"
"-4.70","","-9.90","75","756","1008","","","","3.30","","SSW","Небольшая облачность","2026-01-31 10:52"
"-4.70","","-9.90","75","756","1008","","","","3.30","","SSW","Небольшая облачность","2026-01-31 10:53"
"-4.70","","-9.90","75","756","1008","","","","3.30","","SSW","Небольшая облачность","2026-01-31 10:54"
"-4.70","","-9.90","75","756","1008","","","","3.30","","SSW","Небольшая облачность","2026-01-31 10:55"
"-4.70","","-9.90","75","756","1008","","","","3.30","","SSW","Небольшая облачность","2026-01-31 10:56"
"-4.70","","-9.90","75","756","1008","","","","3.30","","SSW","Небольшая облачность","2026-01-31 10:57"
"-4.70","","-9.90","75","756","1008","","","","3.30","","SSW","Небольшая облачность","2026-01-31 10:58"
"-4.70","","-9.90","75","756","1008","","","","3.30","","SSW","Небольшая облачность","2026-01-31 10:59"
"-4.70","","-9.90","75","756","1008","","","","3.30","","SSW","Небольшая облачность","2026-01-31 11:00"
"-4.70","","-9.90","75","756","1008","","","","3.30","","SSW","Небольшая облачность","2026-01-31 11:01"
"-4.70","","-9.90","75","756","1008","","","","3.30","","SSW","Небольшая облачность","2026-01-31 11:02"
"-4.70","","-9.90","75","756","1008","","","","3.30","","SSW","Небольшая облачность","2026-01-31 11:03"
"-4.70","","-9.90","75","756","1008","","","","3.30","","SSW","Небольшая облачность","2026-01-31 11:04"
"-4.70","","-9.90","75","756","1008","","","","3.30","","SSW","Небольшая облачность","2026-01-31 11:05"
"-4.70","","-9.90","75","756","1008","","","","3.30","","SSW","Облачно","2026-01-31 11:06"
"-4.70","","-9.90","75","756","1008","","","","3.30","","SSW","Облачно","2026-01-31 11:07"
"-4.70","","-9.90","75","756","1008","","","","3.30","","SSW","Облачно","2026-01-31 11:08"
"-4.70","","-9.90","75","756","1008","","","","3.30","","SSW","Облачно","2026-01-31 11:09"
"-4.70","","-9.90","75","756","1008","","","","3.30","","SSW","Облачно","2026-01-31 11:10"
"-4.70","","-9.90","75","756","1008","","","","3.30","","SSW","Облачно","2026-01-31 11:11"
"-4.70","","-9.90","75","756","1008","","","","3.30","","SSW","Облачно","2026-01-31 11:12"
"-4.70","","-9.90","75","756","1008","","","","3.30","","SSW","Облачно","2026-01-31 11:13"
"-4.70","","-9.90","75","756","1008","","","","3.30","","SSW","Облачно","2026-01-31 11:14"
"-4.70","","-9.90","75","756","1008","","","","3.30","","SSW","Облачно","2026-01-31 11:15"
"-4.70","","-9.90","75","756","1008","","","","3.30","","SSW","Облачно","2026-01-31 11:16"
"-4.70","","-9.90","75","756","1008","","","","3.30","","SSW","Облачно","2026-01-31 11:17"
"-4.70","","-9.90","75","756","1008","","","","3.30","","SSW","Облачно","2026-01-31 11:18"
"-4.70","","-9.90","75","756","1008","","","","3.30","","SSW","Облачно","2026-01-31 11:19"
"-4.70","","-9.90","75","756","1008","","","","3.30","","SSW","Облачно","2026-01-31 11:20"
"-4.70","","-9.90","75","756","1008","","","","3.30","","SSW","Облачно","2026-01-31 11:21"
"-4.70","","-9.90","75","756","1008","","","","3.30","","SSW","Облачно","2026-01-31 11:22"
"-4.70","","-9.90","75","756","1008","","","","3.30","","SSW","Облачно","2026-01-31 11:23"
"-4.70","","-9.90","75","756","1008","","","","3.30","","SSW","Облачно","2026-01-31 11:24"
"-4.70","","-9.90","75","756","1008","","","","3.30","","SSW","Облачно","2026-01-31 11:25"
"-4.70","","-9.90","75","756","1008","","","","3.30","","SSW","Облачно","2026-01-31 11:26"
"-4.70","","-9.90","75","756","1008","","","","3.30","","SSW","Облачно","2026-01-31 11:27"
"-4.70","","-9.90","75","756","1008","","","","3.30","","SSW","Облачно","2026-01-31 11:28"
"-4.70","","-9.90","75","756","1008","","","","3.30","","SSW","Облачно","2026-01-31 11:29"
"-4.70","","-9.90","75","756","1008","","","","3.30","","SSW","Облачно","2026-01-31 11:30"
"-4.70","","-9.90","75","756","1008","","","","3.30","","SSW","Облачно","2026-01-31 11:31"
"-4.70","","-9.90","75","756","1008","","","","3.30","","SSW","Облачно","2026-01-31 11:32"
"-4.70","","-9.90","75","756","1008","","","","3.30","","SSW","Облачно","2026-01-31 11:33"
"-4.70","","-9.90","75","756","1008","","","","3.30","","SSW","Облачно","2026-01-31 11:34"
"-4.70","","-9.90","75","756","1008","","","","3.30","","SSW","Облачно","2026-01-31 11:35"
"-4.70","","-9.90","75","756","1008","","","","3.30","","SSW","Небольшая облачность","2026-01-31 11:36"
"-4.70","","-9.90","75","756","1008","","","","3.30","","SSW","Небольшая облачность","2026-01-31 11:37"
"-4.70","","-9.90","75","756","1008","","","","3.30","","SSW","Небольшая облачность","2026-01-31 11:38"
"-4.70","","-9.90","75","756","1008","","","","3.30","","SSW","Небольшая облачность","2026-01-31 11:39"
"-4.70","","-9.90","75","756","1008","","","","3.30","","SSW","Небольшая облачность","2026-01-31 11:40"
"-4.70","","-9.90","75","756","1008","","","","3.30","","SSW","Небольшая облачность","2026-01-31 11:41"
"-4.70","","-9.90","75","756","1008","","","","3.30","","SSW","Небольшая облачность","2026-01-31 11:42"
"-4.70","","-9.90","75","756","1008","","","","3.30","","SSW","Небольшая облачность","2026-01-31 11:43"
"-4.70","","-9.90","75","756","1008","","","","3.30","","SSW","Небольшая облачность","2026-01-31 11:44"
"-4.70","","-9.90","75","756","1008","","","","3.30","","SSW","Небольшая облачность","2026-01-31 11:45"
"-4.70","","-9.90","75","756","1008","","","","3.30","","SSW","Небольшая облачность","2026-01-31 11:46"
"-4.70","","-9.90","75","756","1008","","","","3.30","","SSW","Небольшая облачность","2026-01-31 11:47"
"-4.70","","-9.90","75","756","1008","","","","3.30","","SSW","Небольшая облачность","2026-01-31 11:48"
"-4.70","","-9.90","75","756","1008","","","","3.30","","SSW","Небольшая облачность","2026-01-31 11:49"
"-4.70","","-9.90","75","756","1008","","","","3.30","","SSW","Небольшая облачность","2026-01-31 11:50"
"-4.70","","-9.90","75","756","1008","","","","3.30","","SSW","Небольшая облачность","2026-01-31 11:51"
"-4.70","","-9.90","75","755","1007","","","","3.30","","SSW","Небольшая облачность","2026-01-31 11:52"
"-4.70","","-9.90","75","755","1007","","","","3.30","","SSW","Небольшая облачность","2026-01-31 11:53"
"-4.70","","-9.90","75","755","1007","","","","3.30","","SSW","Небольшая облачность","2026-01-31 11:54"
"-4.70","","-9.90","75","755","1007","","","","3.30","","SSW","Небольшая облачность","2026-01-31 11:55"
"-4.70","","-9.90","75","755","1007","","","","3.30","","SSW","Небольшая облачность","2026-01-31 11:56"
"-4.70","","-9.90","75","755","1007","","","","3.30","","SSW","Небольшая облачность","2026-01-31 11:57"
"-4.70","","-9.90","75","755","1007","","","","3.30","","SSW","Небольшая облачность","2026-01-31 11:58"
"-4.70","","-9.90","75","755","1007","","","","3.30","","SSW","Небольшая облачность","2026-01-31 11:59"
"-4.70","","-9.90","75","755","1007","","","","3.30","","SSW","Небольшая облачность","2026-01-31 12:00"
"-4.70","","-9.90","75","755","1007","","","","3.30","","SSW","Небольшая облачность","2026-01-31 12:01"
"-4.70","","-9.90","75","755","1007","","","","3.30","","SSW","Небольшая облачность","2026-01-31 12:02"
"-4.70","","-9.90","75","755","1007","","","","3.30","","SSW","Небольшая облачность","2026-01-31 12:03"
"-4.70","","-9.90","75","755","1007","","","","3.30","","SSW","Небольшая облачность","2026-01-31 12:04"
"-4.70","","-9.90","75","755","1007","","","","3.30","","SSW","Небольшая облачность","2026-01-31 12:05"
"-4.70","","-9.90","75","756","1009","","","","3.30","","SSW","Небольшая облачность","2026-01-31 12:06"
"-4.70","","-9.90","75","756","1009","","","","3.30","","SSW","Небольшая облачность","2026-01-31 12:07"
"-4.70","","-9.90","75","756","1009","","","","3.30","","SSW","Небольшая облачность","2026-01-31 12:08"
"-4.70","","-9.90","75","756","1009","","","","3.30","","SSW","Небольшая облачность","2026-01-31 12:09"
"-4.70","","-9.90","75","756","1009","","","","3.30","","SSW","Небольшая облачность","2026-01-31 12:10"
"-4.70","","-9.90","75","756","1009","","","","3.30","","SSW","Небольшая облачность","2026-01-31 12:11"
"-4.70","","-9.90","75","756","1009","","","","3.30","","SSW","Небольшая облачность","2026-01-31 12:12"
"-4.70","","-9.90","75","756","1009","","","","3.30","","SSW","Небольшая облачность","2026-01-31 12:13"
"-4.70","","-9.90","75","756","1009","","","","3.30","","SSW","Небольшая облачность","2026-01-31 12:14"
"-4.70","","-9.90","75","756","1009","","","","3.30","","SSW","Небольшая облачность","2026-01-31 12:15"
"-4.70","","-9.90","75","756","1009","","","","3.30","","SSW","Небольшая облачность","2026-01-31 12:16"
"-4.70","","-9.90","75","756","1009","","","","3.30","","SSW","Небольшая облачность","2026-01-31 12:17"
"-4.70","","-9.90","75","756","1009","","","","3.30","","SSW","Небольшая облачность","2026-01-31 12:18"
"-4.70","","-9.90","75","756","1009","","","","3.30","","SSW","Небольшая облачность","2026-01-31 12:19"
"-4.70","","-9.90","75","756","1009","","","","3.30","","SSW","Небольшая облачность","2026-01-31 12:20"
"-4.70","","-9.90","75","756","1008","","","","3.30","","SSW","Небольшая облачность","2026-01-31 12:21"
"-4.70","","-9.90","75","756","1008","","","","3.30","","SSW","Небольшая облачность","2026-01-31 12:22"
"-4.70","","-9.90","75","756","1008","","","","3.30","","SSW","Небольшая облачность","2026-01-31 12:23"
"-4.70","","-9.90","75","756","1008","","","","3.30","","SSW","Небольшая облачность","2026-01-31 12:24"
"-4.70","","-9.90","75","756","1008","","","","3.30","","SSW","Небольшая облачность","2026-01-31 12:25"
"-4.70","","-9.90","75","756","1008","","","","3.30","","SSW","Небольшая облачность","2026-01-31 12:26"
"-4.70","","-9.90","75","756","1008","","","","3.30","","SSW","Небольшая облачность","2026-01-31 12:27"
"-4.70","","-9.90","75","756","1008","","","","3.30","","SSW","Небольшая облачность","2026-01-31 12:28"
"-4.70","","-9.90","75","756","1008","","","","3.30","","SSW","Небольшая облачность","2026-01-31 12:29"
"-4.70","","-9.90","75","756","1008","","","","3.30","","SSW","Небольшая облачность","2026-01-31 12:30"
"-4.70","","-9.90","75","756","1008","","","","3.30","","SSW","Небольшая облачность","2026-01-31 12:31"
"-4.70","","-9.90","75","756","1008","","","","3.30","","SSW","Небольшая облачность","2026-01-31 12:32"
"-4.70","","-9.90","75","756","1008","","","","3.30","","SSW","Небольшая облачность","2026-01-31 12:33"
"-4.70","","-9.90","75","756","1008","","","","3.30","","SSW","Небольшая облачность","2026-01-31 12:34"
"-4.70","","-9.90","75","756","1008","","","","3.30","","SSW","Небольшая облачность","2026-01-31 12:35"
"-4.70","","-9.90","75","756","1008","","","","3.30","","SSW","Небольшая облачность","2026-01-31 12:36"
"-4.70","","-9.90","75","756","1008","","","","3.30","","SSW","Небольшая облачность","2026-01-31 12:37"
"-4.70","","-9.90","75","756","1008","","","","3.30","","SSW","Небольшая облачность","2026-01-31 12:38"
"-4.70","","-9.90","75","756","1008","","","","3.30","","SSW","Небольшая облачность","2026-01-31 12:39"
"-4.70","","-9.90","75","756","1008","","","","3.30","","SSW","Небольшая облачность","2026-01-31 12:40"
"-4.70","","-9.90","75","756","1008","","","","3.30","","SSW","Небольшая облачность","2026-01-31 12:41"
"-4.70","","-9.90","75","756","1008","","","","3.30","","SSW","Небольшая облачность","2026-01-31 12:42"
"-4.70","","-9.90","75","756","1008","","","","3.30","","SSW","Небольшая облачность","2026-01-31 12:43"
"-4.70","","-9.90","75","756","1008","","","","3.30","","SSW","Небольшая облачность","2026-01-31 12:44"
"-4.70","","-9.90","75","756","1008","","","","3.30","","SSW","Небольшая облачность","2026-01-31 12:45"
"-4.70","","-9.90","75","756","1008","","","","3.30","","SSW","Небольшая облачность","2026-01-31 12:46"
"-4.70","","-9.90","75","756","1008","","","","3.30","","SSW","Небольшая облачность","2026-01-31 12:47"
"-4.70","","-9.90","75","756","1008","","","","3.30","","SSW","Небольшая облачность","2026-01-31 12:48"
"-4.70","","-9.90","75","756","1008","","","","3.30","","SSW","Небольшая облачность","2026-01-31 12:49"
"-4.70","","-9.90","75","756","1008","","","","3.30","","SSW","Небольшая облачность","2026-01-31 12:50"
"-4.70","","-9.90","75","755","1007","","","","3.30","","SSW","Небольшая облачность","2026-01-31 12:51"
"-4.70","","-9.90","75","755","1007","","","","3.30","","SSW","Небольшая облачность","2026-01-31 12:52"
"-4.70","","-9.90","75","755","1007","","","","3.30","","SSW","Небольшая облачность","2026-01-31 12:53"
"-4.70","","-9.90","75","755","1007","","","","3.30","","SSW","Небольшая облачность","2026-01-31 12:54"
"-4.70","","-9.90","75","755","1007","","","","3.30","","SSW","Небольшая облачность","2026-01-31 12:55"
"-4.70","","-9.90","75","755","1007","","","","3.30","","SSW","Небольшая облачность","2026-01-31 12:56"
"-4.70","","-9.90","75","755","1007","","","","3.30","","SSW","Небольшая облачность","2026-01-31 12:57"
"-4.70","","-9.90","75","755","1007","","","","3.30","","SSW","Небольшая облачность","2026-01-31 12:58"
"-4.70","","-9.90","75","755","1007","","","","3.30","","SSW","Небольшая облачность","2026-01-31 12:59"
"-4.70","","-9.90","75","755","1007","","","","3.30","","SSW","Небольшая облачность","2026-01-31 13:00"
"-4.70","","-9.90","75","755","1007","","","","3.30","","SSW","Небольшая облачность","2026-01-31 13:01"
"-4.70","","-9.90","75","755","1007","","","","3.30","","SSW","Небольшая облачность","2026-01-31 13:02"
"-4.70","","-9.90","75","755","1007","","","","3.30","","SSW","Небольшая облачность","2026-01-31 13:03"
"-4.70","","-9.90","75","755","1007","","","","3.30","","SSW","Небольшая облачность","2026-01-31 13:04"
"-4.70","","-9.90","75","755","1007","","","","3.30","","SSW","Небольшая облачность","2026-01-31 13:05"
"-4.70","","-9.90","75","755","1007","","","","3.30","","SSW","Небольшая облачность","2026-01-31 13:06"
"-4.70","","-9.90","75","755","1007","","","","3.30","","SSW","Небольшая облачность","2026-01-31 13:07"
"-4.70","","-9.90","75","755","1007","","","","3.30","","SSW","Небольшая облачность","2026-01-31 13:08"
"-4.70","","-9.90","75","755","1007","","","","3.30","","SSW","Небольшая облачность","2026-01-31 13:09"
"-4.70","","-9.90","75","755","1007","","","","3.30","","SSW","Небольшая облачность","2026-01-31 13:10"
"-4.70","","-9.90","75","755","1007","","","","3.30","","SSW","Небольшая облачность","2026-01-31 13:11"
"-4.70","","-9.90","75","755","1007","","","","3.30","","SSW","Небольшая облачность","2026-01-31 13:12"
"-4.70","","-9.90","75","755","1007","","","","3.30","","SSW","Небольшая облачность","2026-01-31 13:13"
"-4.70","","-9.90","75","755","1007","","","","3.30","","SSW","Небольшая облачность","2026-01-31 13:14"
"-4.70","","-9.90","75","755","1007","","","","3.30","","SSW","Небольшая облачность","2026-01-31 13:15"
"-4.70","","-9.90","75","755","1007","","","","3.30","","SSW","Небольшая облачность","2026-01-31 13:16"
"-4.70","","-9.90","75","755","1007","","","","3.30","","SSW","Небольшая облачность","2026-01-31 13:17"
"-4.70","","-9.90","75","755","1007","","","","3.30","","SSW","Небольшая облачность","2026-01-31 13:18"
"-4.70","","-9.90","75","755","1007","","","","3.30","","SSW","Небольшая облачность","2026-01-31 13:19"
"-4.70","","-9.90","75","755","1007","","","","3.30","","SSW","Небольшая облачность","2026-01-31 13:20"
"-4.70","","-9.90","75","755","1007","","","","3.30","","SSW","Небольшая облачность","2026-01-31 13:21"
"-4.70","","-9.90","75","755","1007","","","","3.30","","SSW","Небольшая облачность","2026-01-31 13:22"
"-4.70","","-9.90","75","755","1007","","","","3.30","","SSW","Небольшая облачность","2026-01-31 13:23"
"-4.70","","-9.90","75","755","1007","","","","3.30","","SSW","Небольшая облачность","2026-01-31 13:24"
"-4.70","","-9.90","75","755","1007","","","","3.30","","SSW","Небольшая облачность","2026-01-31 13:25"
"-4.70","","-9.90","75","755","1007","","","","3.30","","SSW","Небольшая облачность","2026-01-31 13:26"
"-4.70","","-9.90","75","755","1007","","","","3.30","","SSW","Небольшая облачность","2026-01-31 13:27"
"-4.70","","-9.90","75","755","1007","","","","3.30","","SSW","Небольшая облачность","2026-01-31 13:28"
"-4.70","","-9.90","75","755","1007","","","","3.30","","SSW","Небольшая облачность","2026-01-31 13:29"
"-4.70","","-9.90","75","755","1007","","","","3.30","","SSW","Небольшая облачность","2026-01-31 13:30"
"-4.70","","-9.90","75","755","1007","","","","3.30","","SSW","Небольшая облачность","2026-01-31 13:31"
"-4.70","","-9.90","75","755","1007","","","","3.30","","SSW","Небольшая облачность","2026-01-31 13:32"
"-4.70","","-9.90","75","755","1007","","","","3.30","","SSW","Небольшая облачность","2026-01-31 13:33"
"-4.70","","-9.90","75","755","1007","","","","3.30","","SSW","Небольшая облачность","2026-01-31 13:34"
"-4.70","","-9.90","75","755","1007","","","","3.30","","SSW","Небольшая облачность","2026-01-31 13:35"
"-4.70","","-9.90","75","755","1007","","","","3.30","","SSW","Небольшая облачность","2026-01-31 13:36"
"-4.70","","-9.90","75","755","1007","","","","3.30","","SSW","Небольшая облачность","2026-01-31 13:37"
"-4.70","","-9.90","75","755","1007","","","","3.30","","SSW","Небольшая облачность","2026-01-31 13:38"
"-4.70","","-9.90","75","755","1007","","","","3.30","","SSW","Небольшая облачность","2026-01-31 13:39"
"-4.70","","-9.90","75","755","1007","","","","3.30","","SSW","Небольшая облачность","2026-01-31 13:40"
"-4.70","","-9.90","75","755","1007","","","","3.30","","SSW","Небольшая облачность","2026-01-31 13:41"
"-4.70","","-9.90","75","755","1007","","","","3.30","","SSW","Небольшая облачность","2026-01-31 13:42"
"-4.70","","-9.90","75","755","1007","","","","3.30","","SSW","Небольшая облачность","2026-01-31 13:43"
"-4.70","","-9.90","75","755","1007","","","","3.30","","SSW","Небольшая облачность","2026-01-31 13:44"
"-4.70","","-9.90","75","755","1007","","","","3.30","","SSW","Небольшая облачность","2026-01-31 13:45"
"-4.70","","-9.90","75","755","1007","","","","3.30","","SSW","Небольшая облачность","2026-01-31 13:46"
"-4.70","","-9.90","75","755","1007","","","","3.30","","SSW","Небольшая облачность","2026-01-31 13:47"
"-4.70","","-9.90","75","755","1007","","","","3.30","","SSW","Небольшая облачность","2026-01-31 13:48"
"-4.70","","-9.90","75","755","1007","","","","3.30","","SSW","Небольшая облачность","2026-01-31 13:49"
"-4.70","","-9.90","75","755","1007","","","","3.30","","SSW","Небольшая облачность","2026-01-31 13:50"
"-4.70","","-9.90","75","755","1007","","","","3.30","","SSW","Небольшая облачность","2026-01-31 13:51"
"-4.70","","-9.90","75","755","1007","","","","3.30","","SSW","Небольшая облачность","2026-01-31 13:52"
"-4.70","","-9.90","75","755","1007","","","","3.30","","SSW","Небольшая облачность","2026-01-31 13:53"
"-4.70","","-9.90","75","755","1007","","","","3.30","","SSW","Небольшая облачность","2026-01-31 13:54"
"-4.70","","-9.90","75","755","1007","","","","3.30","","SSW","Небольшая облачность","2026-01-31 13:55"
"-4.70","","-9.90","75","755","1007","","","","3.30","","SSW","Небольшая облачность","2026-01-31 13:56"
"-4.70","","-9.90","75","755","1007","","","","3.30","","SSW","Небольшая облачность","2026-01-31 13:57"
"-4.70","","-9.90","75","755","1007","","","","3.30","","SSW","Небольшая облачность","2026-01-31 13:58"
"-4.70","","-9.90","75","755","1007","","","","3.30","","SSW","Небольшая облачность","2026-01-31 13:59"
"-4.70","","-9.90","75","755","1007","","","","3.30","","SSW","Облачно","2026-01-31 14:00"
"-4.70","","-9.90","75","755","1007","","","","3.30","","SSW","Облачно","2026-01-31 14:01"
"-4.70","","-9.90","75","755","1007","","","","3.30","","SSW","Облачно","2026-01-31 14:02"
"-4.70","","-9.90","75","755","1007","","","","3.30","","SSW","Облачно","2026-01-31 14:03"
"-4.70","","-9.90","75","755","1007","","","","3.30","","SSW","Облачно","2026-01-31 14:04"
"-4.70","","-9.90","75","755","1007","","","","3.30","","SSW","Облачно","2026-01-31 14:05"
"-4.70","","-9.90","75","755","1007","","","","3.30","","SSW","Облачно","2026-01-31 14:06"
"-4.70","","-9.90","75","755","1007","","","","3.30","","SSW","Облачно","2026-01-31 14:07"
"-4.70","","-9.90","75","755","1007","","","","3.30","","SSW","Облачно","2026-01-31 14:08"
"-4.70","","-9.90","75","755","1007","","","","3.30","","SSW","Облачно","2026-01-31 14:09"
"-4.70","","-9.90","75","755","1007","","","","3.30","","SSW","Облачно","2026-01-31 14:10"
"-4.70","","-9.90","75","755","1007","","","","3.30","","SSW","Облачно","2026-01-31 14:11"
"-4.70","","-9.90","75","755","1007","","","","3.30","","SSW","Облачно","2026-01-31 14:12"
"-4.70","","-9.90","75","755","1007","","","","3.30","","SSW","Облачно","2026-01-31 14:13"
"-4.70","","-9.90","75","755","1007","","","","3.30","","SSW","Облачно","2026-01-31 14:14"
"-4.70","","-9.90","75","755","1007","","","","3.30","","SSW","Облачно","2026-01-31 14:15"
"-4.70","","-9.90","75","755","1007","","","","3.30","","SSW","Облачно","2026-01-31 14:16"
"-4.70","","-9.90","75","755","1007","","","","3.30","","SSW","Облачно","2026-01-31 14:17"
"-4.70","","-9.90","75","755","1007","","","","3.30","","SSW","Облачно","2026-01-31 14:18"
"-4.70","","-9.90","75","755","1007","","","","3.30","","SSW","Облачно","2026-01-31 14:19"
"-4.70","","-9.90","75","755","1007","","","","3.30","","SSW","Облачно","2026-01-31 14:20"
"-4.70","","-9.90","75","754","1006","","","","3.30","","SSW","Облачно","2026-01-31 14:21"
"-4.70","","-9.90","75","754","1006","","","","3.30","","SSW","Облачно","2026-01-31 14:22"
"-4.70","","-9.90","75","754","1006","","","","3.30","","SSW","Облачно","2026-01-31 14:23"
"-4.70","","-9.90","75","754","1006","","","","3.30","","SSW","Облачно","2026-01-31 14:24"
"-4.70","","-9.90","75","754","1006","","","","3.30","","SSW","Облачно","2026-01-31 14:25"
"-4.70","","-9.90","75","754","1006","","","","3.30","","SSW","Облачно","2026-01-31 14:26"
"-4.70","","-9.90","75","754","1006","","","","3.30","","SSW","Облачно","2026-01-31 14:27"
"-4.70","","-9.90","75","754","1006","","","","3.30","","SSW","Облачно","2026-01-31 14:28"
"-4.70","","-9.90","75","754","1006","","","","3.30","","SSW","Облачно","2026-01-31 14:29"
"-4.70","","-9.90","75","754","1006","","","","3.30","","SSW","Облачно","2026-01-31 14:30"
"-4.70","","-9.90","75","754","1006","","","","3.30","","SSW","Облачно","2026-01-31 14:31"
"-4.70","","-9.90","75","754","1006","","","","3.30","","SSW","Облачно","2026-01-31 14:32"
"-4.70","","-9.90","75","754","1006","","","","3.30","","SSW","Облачно","2026-01-31 14:33"
"-4.70","","-9.90","75","754","1006","","","","3.30","","SSW","Облачно","2026-01-31 14:34"
"-4.70","","-9.90","75","754","1006","","","","3.30","","SSW","Облачно","2026-01-31 14:35"
"-4.70","","-9.90","75","755","1007","","","","3.30","","SSW","Облачно","2026-01-31 14:36"
"-4.70","","-9.90","75","755","1007","","","","3.30","","SSW","Облачно","2026-01-31 14:37"
"-4.70","","-9.90","75","755","1007","","","","3.30","","SSW","Облачно","2026-01-31 14:38"
"-4.70","","-9.90","75","755","1007","","","","3.30","","SSW","Облачно","2026-01-31 14:39"
"-4.70","","-9.90","75","755","1007","","","","3.30","","SSW","Облачно","2026-01-31 14:40"
"-4.70","","-9.90","75","755","1007","","","","3.30","","SSW","Облачно","2026-01-31 14:41"
"-4.70","","-9.90","75","755","1007","","","","3.30","","SSW","Облачно","2026-01-31 14:42"
"-4.70","","-9.90","75","755","1007","","","","3.30","","SSW","Облачно","2026-01-31 14:43"
"-4.70","","-9.90","75","755","1007","","","","3.30","","SSW","Облачно","2026-01-31 14:44"
"-4.70","","-9.90","75","755","1007","","","","3.30","","SSW","Облачно","2026-01-31 14:45"
"-4.70","","-9.90","75","755","1007","","","","3.30","","SSW","Облачно","2026-01-31 14:46"
"-4.70","","-9.90","75","755","1007","","","","3.30","","SSW","Облачно","2026-01-31 14:47"
"-4.70","","-9.90","75","755","1007","","","","3.30","","SSW","Облачно","2026-01-31 14:48"
"-4.70","","-9.90","75","755","1007","","","","3.30","","SSW","Облачно","2026-01-31 14:49"
"-4.70","","-9.90","75","755","1007","","","","3.30","","SSW","Облачно","2026-01-31 14:50"
"-4.70","","-9.90","75","755","1007","","","","3.30","","SSW","Облачно","2026-01-31 14:51"
"-4.70","","-9.90","75","755","1007","","","","3.30","","SSW","Облачно","2026-01-31 14:52"
"-4.70","","-9.90","75","755","1007","","","","3.30","","SSW","Облачно","2026-01-31 14:53"
"-4.70","","-9.90","75","755","1007","","","","3.30","","SSW","Облачно","2026-01-31 14:54"
"-4.70","","-9.90","75","755","1007","","","","3.30","","SSW","Облачно","2026-01-31 14:55"
"-4.70","","-9.90","75","755","1007","","","","3.30","","SSW","Облачно","2026-01-31 14:56"
"-4.70","","-9.90","75","755","1007","","","","3.30","","SSW","Облачно","2026-01-31 14:57"
"-4.70","","-9.90","75","755","1007","","","","3.30","","SSW","Облачно","2026-01-31 14:58"
"-4.70","","-9.90","75","755","1007","","","","3.30","","SSW","Облачно","2026-01-31 14:59"
"-4.70","","-9.90","75","755","1007","","","","3.30","","SSW","Облачно","2026-01-31 15:00"
"-4.70","","-9.90","75","755","1007","","","","3.30","","SSW","Облачно","2026-01-31 15:01"
"-4.70","","-9.90","75","755","1007","","","","3.30","","SSW","Облачно","2026-01-31 15:02"
"-4.70","","-9.90","75","755","1007","","","","3.30","","SSW","Облачно","2026-01-31 15:03"
"-4.70","","-9.90","75","755","1007","","","","3.30","","SSW","Облачно","2026-01-31 15:04"
"-4.70","","-9.90","75","755","1007","","","","3.30","","SSW","Облачно","2026-01-31 15:05"
"-4.70","","-9.90","75","755","1007","","","","3.30","","SSW","Облачно","2026-01-31 15:06"
"-4.70","","-9.90","75","755","1007","","","","3.30","","SSW","Облачно","2026-01-31 15:07"
"-4.70","","-9.90","75","755","1007","","","","3.30","","SSW","Облачно","2026-01-31 15:08"
"-4.70","","-9.90","75","755","1007","","","","3.30","","SSW","Облачно","2026-01-31 15:09"
"-4.70","","-9.90","75","755","1007","","","","3.30","","SSW","Облачно","2026-01-31 15:10"
"-4.70","","-9.90","75","755","1007","","","","3.30","","SSW","Облачно","2026-01-31 15:11"
"-4.70","","-9.90","75","755","1007","","","","3.30","","SSW","Облачно","2026-01-31 15:12"
"-4.70","","-9.90","75","755","1007","","","","3.30","","SSW","Облачно","2026-01-31 15:13"
"-4.70","","-9.90","75","755","1007","","","","3.30","","SSW","Облачно","2026-01-31 15:14"
"-4.70","","-9.90","75","755","1007","","","","3.30","","SSW","Облачно","2026-01-31 15:15"
"-4.70","","-9.90","75","755","1007","","","","3.30","","SSW","Облачно","2026-01-31 15:16"
"-4.70","","-9.90","75","755","1007","","","","3.30","","SSW","Облачно","2026-01-31 15:17"
"-4.70","","-9.90","75","755","1007","","","","3.30","","SSW","Облачно","2026-01-31 15:18"
"-4.70","","-9.90","75","755","1007","","","","3.30","","SSW","Облачно","2026-01-31 15:19"
"-4.70","","-9.90","75","755","1007","","","","3.30","","SSW","Облачно","2026-01-31 15:20"
"-4.70","","-9.90","75","755","1007","","","","3.30","","SSW","Облачно","2026-01-31 15:21"
"-4.70","","-9.90","75","755","1007","","","","3.30","","SSW","Облачно","2026-01-31 15:22"
"-4.70","","-9.90","75","755","1007","","","","3.30","","SSW","Облачно","2026-01-31 15:23"
"-4.70","","-9.90","75","755","1007","","","","3.30","","SSW","Облачно","2026-01-31 15:24"
"-4.70","","-9.90","75","755","1007","","","","3.30","","SSW","Облачно","2026-01-31 15:25"
"-4.70","","-9.90","75","755","1007","","","","3.30","","SSW","Облачно","2026-01-31 15:26"
"-4.70","","-9.90","75","755","1007","","","","3.30","","SSW","Облачно","2026-01-31 15:27"
"-4.70","","-9.90","75","755","1007","","","","3.30","","SSW","Облачно","2026-01-31 15:28"
"-4.70","","-9.90","75","755","1007","","","","3.30","","SSW","Облачно","2026-01-31 15:29"
"-4.70","","-9.90","75","755","1007","","","","3.30","","SSW","Облачно","2026-01-31 15:30"
"-4.70","","-9.90","75","755","1007","","","","3.30","","SSW","Облачно","2026-01-31 15:31"
"-4.70","","-9.90","75","755","1007","","","","3.30","","SSW","Облачно","2026-01-31 15:32"
"-4.70","","-9.90","75","755","1007","","","","3.30","","SSW","Облачно","2026-01-31 15:33"
"-4.70","","-9.90","75","755","1007","","","","3.30","","SSW","Облачно","2026-01-31 15:34"
"-4.70","","-9.90","75","755","1007","","","","3.30","","SSW","Облачно","2026-01-31 15:35"
"-4.70","","-9.90","75","754","1006","","","","3.30","","SSW","Облачно","2026-01-31 15:36"
"-4.70","","-9.90","75","754","1006","","","","3.30","","SSW","Облачно","2026-01-31 15:37"
"-4.70","","-9.90","75","754","1006","","","","3.30","","SSW","Облачно","2026-01-31 15:38"
"-4.70","","-9.90","75","754","1006","","","","3.30","","SSW","Облачно","2026-01-31 15:39"
"-4.70","","-9.90","75","754","1006","","","","3.30","","SSW","Облачно","2026-01-31 15:40"
"-4.70","","-9.90","75","754","1006","","","","3.30","","SSW","Облачно","2026-01-31 15:41"
"-4.70","","-9.90","75","754","1006","","","","3.30","","SSW","Облачно","2026-01-31 15:42"
"-4.70","","-9.90","75","754","1006","","","","3.30","","SSW","Облачно","2026-01-31 15:43"
"-4.70","","-9.90","75","754","1006","","","","3.30","","SSW","Облачно","2026-01-31 15:44"
"-4.70","","-9.90","75","754","1006","","","","3.30","","SSW","Облачно","2026-01-31 15:45"
"-4.70","","-9.90","75","754","1006","","","","3.30","","SSW","Облачно","2026-01-31 15:46"
"-4.70","","-9.90","75","754","1006","","","","3.30","","SSW","Облачно","2026-01-31 15:47"
"-4.70","","-9.90","75","754","1006","","","","3.30","","SSW","Облачно","2026-01-31 15:48"
"-4.70","","-9.90","75","754","1006","","","","3.30","","SSW","Облачно","2026-01-31 15:49"
"-4.70","","-9.90","75","754","1006","","","","3.30","","SSW","Облачно","2026-01-31 15:50"
"-4.70","","-9.90","75","754","1006","","","","3.30","","SSW","Облачно","2026-01-31 15:51"
"-4.70","","-9.90","75","754","1006","","","","3.30","","SSW","Облачно","2026-01-31 15:52"
"-4.70","","-9.90","75","754","1006","","","","3.30","","SSW","Облачно","2026-01-31 15:53"
"-4.70","","-9.90","75","754","1006","","","","3.30","","SSW","Облачно","2026-01-31 15:54"
"-4.70","","-9.90","75","754","1006","","","","3.30","","SSW","Облачно","2026-01-31 15:55"
"-4.70","","-9.90","75","754","1006","","","","3.30","","SSW","Облачно","2026-01-31 15:56"
"-4.70","","-9.90","75","754","1006","","","","3.30","","SSW","Облачно","2026-01-31 15:57"
"-4.70","","-9.90","75","754","1006","","","","3.30","","SSW","Облачно","2026-01-31 15:58"
"-4.70","","-9.90","75","754","1006","","","","3.30","","SSW","Облачно","2026-01-31 15:59"
"-4.70","","-9.90","75","754","1006","","","","3.30","","SSW","Облачно","2026-01-31 16:00"
"-4.70","","-9.90","75","754","1006","","","","3.30","","SSW","Облачно","2026-01-31 16:01"
"-4.70","","-9.90","75","754","1006","","","","3.30","","SSW","Облачно","2026-01-31 16:02"
"-4.70","","-9.90","75","754","1006","","","","3.30","","SSW","Облачно","2026-01-31 16:03"
"-4.70","","-9.90","75","754","1006","","","","3.30","","SSW","Облачно","2026-01-31 16:04"
"-4.70","","-9.90","75","754","1006","","","","3.30","","SSW","Облачно","2026-01-31 16:05"
"-4.70","","-9.90","75","754","1006","","","","3.30","","SSW","Облачно","2026-01-31 16:06"
"-4.70","","-9.90","75","754","1006","","","","3.30","","SSW","Облачно","2026-01-31 16:07"
"-4.70","","-9.90","75","754","1006","","","","3.30","","SSW","Облачно","2026-01-31 16:08"
"-4.70","","-9.90","75","754","1006","","","","3.30","","SSW","Облачно","2026-01-31 16:09"
"-4.70","","-9.90","75","754","1006","","","","3.30","","SSW","Облачно","2026-01-31 16:10"
"-4.70","","-9.90","75","754","1006","","","","3.30","","SSW","Облачно","2026-01-31 16:11"
"-4.70","","-9.90","75","754","1006","","","","3.30","","SSW","Облачно","2026-01-31 16:12"
"-4.70","","-9.90","75","754","1006","","","","3.30","","SSW","Облачно","2026-01-31 16:13"
"-4.70","","-9.90","75","754","1006","","","","3.30","","SSW","Облачно","2026-01-31 16:14"
"-4.70","","-9.90","75","754","1006","","","","3.30","","SSW","Облачно","2026-01-31 16:15"
"-4.70","","-9.90","75","754","1006","","","","3.30","","SSW","Облачно","2026-01-31 16:16"
"-4.70","","-9.90","75","754","1006","","","","3.30","","SSW","Облачно","2026-01-31 16:17"
"-4.70","","-9.90","75","754","1006","","","","3.30","","SSW","Облачно","2026-01-31 16:18"
"-4.70","","-9.90","75","754","1006","","","","3.30","","SSW","Облачно","2026-01-31 16:19"
"-4.70","","-9.90","75","754","1006","","","","3.30","","SSW","Облачно","2026-01-31 16:20"
"-4.70","","-9.90","75","754","1006","","","","3.30","","SSW","Облачно","2026-01-31 16:21"
"-4.70","","-9.90","75","754","1006","","","","3.30","","SSW","Облачно","2026-01-31 16:22"
"-4.70","","-9.90","75","754","1006","","","","3.30","","SSW","Облачно","2026-01-31 16:23"
"-4.70","","-9.90","75","754","1006","","","","3.30","","SSW","Облачно","2026-01-31 16:24"
"-4.70","","-9.90","75","754","1006","","","","3.30","","SSW","Облачно","2026-01-31 16:25"
"-4.70","","-9.90","75","754","1006","","","","3.30","","SSW","Облачно","2026-01-31 16:26"
"-4.70","","-9.90","75","754","1006","","","","3.30","","SSW","Облачно","2026-01-31 16:27"
"-4.70","","-9.90","75","754","1006","","","","3.30","","SSW","Облачно","2026-01-31 16:28"
"-4.70","","-9.90","75","754","1006","","","","3.30","","SSW","Облачно","2026-01-31 16:29"
"-5.00","","-10.30","75","754","1006","","","","3.30","","SSW","Облачно","2026-01-31 16:30"
"-5.00","","-10.30","75","754","1006","","","","3.30","","SSW","Облачно","2026-01-31 16:31"
"-5.00","","-10.30","75","754","1006","","","","3.30","","SSW","Облачно","2026-01-31 16:32"
"-5.00","","-10.30","75","754","1006","","","","3.30","","SSW","Облачно","2026-01-31 16:33"
"-5.00","","-10.30","75","754","1006","","","","3.30","","SSW","Облачно","2026-01-31 16:34"
"-5.00","","-10.30","75","754","1006","","","","3.30","","SSW","Облачно","2026-01-31 16:35"
"-5.00","","-10.30","75","754","1006","","","","3.30","","SSW","Облачно","2026-01-31 16:36"
"-5.00","","-10.30","75","754","1006","","","","3.30","","SSW","Облачно","2026-01-31 16:37"
"-5.00","","-10.30","75","754","1006","","","","3.30","","SSW","Облачно","2026-01-31 16:38"
"-5.00","","-10.30","75","754","1006","","","","3.30","","SSW","Облачно","2026-01-31 16:39"
"-5.00","","-10.30","75","754","1006","","","","3.30","","SSW","Облачно","2026-01-31 16:40"
"-5.00","","-10.30","75","754","1006","","","","3.30","","SSW","Облачно","2026-01-31 16:41"
"-5.00","","-10.30","75","754","1006","","","","3.30","","SSW","Облачно","2026-01-31 16:42"
"-5.00","","-10.30","75","754","1006","","","","3.30","","SSW","Облачно","2026-01-31 16:43"
"-5.00","","-10.30","75","754","1006","","","","3.30","","SSW","Облачно","2026-01-31 16:44"
"-5.00","","-10.30","75","754","1006","","","","3.30","","SSW","Облачно","2026-01-31 16:45"
"-5.00","","-10.30","75","754","1006","","","","3.30","","SSW","Облачно","2026-01-31 16:46"
"-5.00","","-10.30","75","754","1006","","","","3.30","","SSW","Облачно","2026-01-31 16:47"
"-5.00","","-10.30","75","754","1006","","","","3.30","","SSW","Облачно","2026-01-31 16:48"
"-5.00","","-10.30","75","754","1006","","","","3.30","","SSW","Облачно","2026-01-31 16:49"
"-5.00","","-10.30","75","754","1006","","","","3.30","","SSW","Облачно","2026-01-31 16:50"
"-5.00","","-10.30","75","754","1006","","","","3.30","","SSW","Облачно","2026-01-31 16:51"
"-5.00","","-10.30","75","754","1006","","","","3.30","","SSW","Облачно","2026-01-31 16:52"
"-5.00","","-10.30","75","754","1006","","","","3.30","","SSW","Облачно","2026-01-31 16:53"
"-5.00","","-10.30","75","754","1006","","","","3.30","","SSW","Облачно","2026-01-31 16:54"
"-5.00","","-10.30","75","754","1006","","","","3.30","","SSW","Облачно","2026-01-31 16:55"
"-5.00","","-10.30","75","754","1006","","","","3.30","","SSW","Облачно","2026-01-31 16:56"
"-5.00","","-10.30","75","754","1006","","","","3.30","","SSW","Облачно","2026-01-31 16:57"
"-5.00","","-10.30","75","754","1006","","","","3.30","","SSW","Облачно","2026-01-31 16:58"
"-5.00","","-10.30","75","754","1006","","","","3.30","","SSW","Облачно","2026-01-31 16:59"
"-5.00","","-10.30","75","754","1006","","","","3.30","","SSW","Облачно","2026-01-31 17:00"
"-5.00","","-10.30","75","754","1006","","","","3.30","","SSW","Облачно","2026-01-31 17:01"
"-5.00","","-10.30","75","754","1006","","","","3.30","","SSW","Облачно","2026-01-31 17:02"
"-5.00","","-10.30","75","754","1006","","","","3.30","","SSW","Облачно","2026-01-31 17:03"
"-5.00","","-10.30","75","754","1006","","","","3.30","","SSW","Облачно","2026-01-31 17:04"
"-5.00","","-10.30","75","754","1006","","","","3.30","","SSW","Облачно","2026-01-31 17:05"
"-5.00","","-10.30","75","753","1005","","","","3.30","","SSW","Облачно","2026-01-31 17:06"
"-5.00","","-10.30","75","753","1005","","","","3.30","","SSW","Облачно","2026-01-31 17:07"
"-5.00","","-10.30","75","753","1005","","","","3.30","","SSW","Облачно","2026-01-31 17:08"
"-5.00","","-10.30","75","753","1005","","","","3.30","","SSW","Облачно","2026-01-31 17:09"
"-5.00","","-10.30","75","753","1005","","","","3.30","","SSW","Облачно","2026-01-31 17:10"
"-5.00","","-10.30","75","753","1005","","","","3.30","","SSW","Облачно","2026-01-31 17:11"
"-5.00","","-10.30","75","753","1005","","","","3.30","","SSW","Облачно","2026-01-31 17:12"
"-5.00","","-10.30","75","753","1005","","","","3.30","","SSW","Облачно","2026-01-31 17:13"
"-5.00","","-10.30","75","753","1005","","","","3.30","","SSW","Облачно","2026-01-31 17:14"
"-5.00","","-10.30","75","753","1005","","","","3.30","","SSW","Облачно","2026-01-31 17:15"
"-5.00","","-10.30","75","753","1005","","","","3.30","","SSW","Облачно","2026-01-31 17:16"
"-5.00","","-10.30","75","753","1005","","","","3.30","","SSW","Облачно","2026-01-31 17:17"
"-5.00","","-10.30","75","753","1005","","","","3.30","","SSW","Облачно","2026-01-31 17:18"
"-5.00","","-10.30","75","753","1005","","","","3.30","","SSW","Облачно","2026-01-31 17:19"
"-5.00","","-10.30","75","753","1005","","","","3.30","","SSW","Облачно","2026-01-31 17:20"
"-5.00","","-10.30","75","754","1006","","","","3.30","","SSW","Облачно","2026-01-31 17:21"
"-5.00","","-10.30","75","754","1006","","","","3.30","","SSW","Облачно","2026-01-31 17:22"
"-5.00","","-10.30","75","754","1006","","","","3.30","","SSW","Облачно","2026-01-31 17:23"
"-5.00","","-10.30","75","754","1006","","","","3.30","","SSW","Облачно","2026-01-31 17:24"
"-5.00","","-10.30","75","754","1006","","","","3.30","","SSW","Облачно","2026-01-31 17:25"
"-5.00","","-10.30","75","754","1006","","","","3.30","","SSW","Облачно","2026-01-31 17:26"
"-5.00","","-10.30","75","754","1006","","","","3.30","","SSW","Облачно","2026-01-31 17:27"
"-5.00","","-10.30","75","754","1006","","","","3.30","","SSW","Облачно","2026-01-31 17:28"
"-5.00","","-10.30","75","754","1006","","","","3.30","","SSW","Облачно","2026-01-31 17:29"
"-5.00","","-10.30","75","754","1006","","","","3.30","","SSW","Облачно","2026-01-31 17:30"
"-5.00","","-10.30","75","754","1006","","","","3.30","","SSW","Облачно","2026-01-31 17:31"
"-5.00","","-10.30","75","754","1006","","","","3.30","","SSW","Облачно","2026-01-31 17:32"
"-5.00","","-10.30","75","754","1006","","","","3.30","","SSW","Облачно","2026-01-31 17:33"
"-5.00","","-10.30","75","754","1006","","","","3.30","","SSW","Облачно","2026-01-31 17:34"
"-5.00","","-10.30","75","754","1006","","","","3.30","","SSW","Облачно","2026-01-31 17:35"
"-5.00","","-10.30","75","754","1006","","","","3.30","","SSW","Небольшая облачность","2026-01-31 17:36"
"-5.00","","-10.30","75","754","1006","","","","3.30","","SSW","Небольшая облачность","2026-01-31 17:37"
"-5.00","","-10.30","75","754","1006","","","","3.30","","SSW","Небольшая облачность","2026-01-31 17:38"
"-5.00","","-10.30","75","754","1006","","","","3.30","","SSW","Небольшая облачность","2026-01-31 17:39"
"-5.00","","-10.30","75","754","1006","","","","3.30","","SSW","Небольшая облачность","2026-01-31 17:40"
"-5.00","","-10.30","75","754","1006","","","","3.30","","SSW","Небольшая облачность","2026-01-31 17:41"
"-5.00","","-10.30","75","754","1006","","","","3.30","","SSW","Небольшая облачность","2026-01-31 17:42"
"-5.00","","-10.30","75","754","1006","","","","3.30","","SSW","Небольшая облачность","2026-01-31 17:43"
"-5.00","","-10.30","75","754","1006","","","","3.30","","SSW","Небольшая облачность","2026-01-31 17:44"
"-5.00","","-10.30","75","754","1006","","","","3.30","","SSW","Небольшая облачность","2026-01-31 17:45"
"-5.00","","-10.30","75","754","1006","","","","3.30","","SSW","Небольшая облачность","2026-01-31 17:46"
"-5.00","","-10.30","75","754","1006","","","","3.30","","SSW","Небольшая облачность","2026-01-31 17:47"
"-5.00","","-10.30","75","754","1006","","","","3.30","","SSW","Небольшая облачность","2026-01-31 17:48"
"-5.00","","-10.30","75","754","1006","","","","3.30","","SSW","Небольшая облачность","2026-01-31 17:49"
"-5.00","","-10.30","75","754","1006","","","","3.30","","SSW","Небольшая облачность","2026-01-31 17:50"
"-5.00","","-10.30","75","754","1006","","","","3.30","","SSW","Небольшая облачность","2026-01-31 17:51"
"-5.00","","-10.30","75","754","1006","","","","3.30","","SSW","Небольшая облачность","2026-01-31 17:52"
"-5.00","","-10.30","75","754","1006","","","","3.30","","SSW","Небольшая облачность","2026-01-31 17:53"
"-5.00","","-10.30","75","754","1006","","","","3.30","","SSW","Небольшая облачность","2026-01-31 17:54"
"-5.00","","-10.30","75","754","1006","","","","3.30","","SSW","Небольшая облачность","2026-01-31 17:55"
"-4.90","","-10.10","76","754","1006","","","","3.30","","SSW","Небольшая облачность","2026-01-31 17:56"
"-4.90","","-10.10","76","754","1006","","","","3.30","","SSW","Небольшая облачность","2026-01-31 17:57"
"-4.90","","-10.10","76","754","1006","","","","3.30","","SSW","Небольшая облачность","2026-01-31 17:58"
"-4.90","","-10.10","76","754","1006","","","","3.30","","SSW","Небольшая облачность","2026-01-31 17:59"
"-4.90","","-10.10","76","754","1006","","","","3.30","","SSW","Небольшая облачность","2026-01-31 18:00"
"-4.90","","-10.10","76","754","1006","","","","3.30","","SSW","Небольшая облачность","2026-01-31 18:01"
"-4.90","","-10.10","76","754","1006","","","","3.30","","SSW","Небольшая облачность","2026-01-31 18:02"
"-4.90","","-10.10","76","754","1006","","","","3.30","","SSW","Небольшая облачность","2026-01-31 18:03"
"-4.90","","-10.10","76","754","1006","","","","3.30","","SSW","Небольшая облачность","2026-01-31 18:04"
"-4.90","","-10.10","76","754","1006","","","","3.30","","SSW","Небольшая облачность","2026-01-31 18:05"
"-4.90","","-10.10","76","753","1005","","","","3.30","","SSW","Небольшая облачность","2026-01-31 18:06"
"-4.90","","-10.10","76","753","1005","","","","3.30","","SSW","Небольшая облачность","2026-01-31 18:07"
"-4.90","","-10.10","76","753","1005","","","","3.30","","SSW","Небольшая облачность","2026-01-31 18:08"
"-4.90","","-10.10","76","753","1005","","","","3.30","","SSW","Небольшая облачность","2026-01-31 18:09"
"-4.90","","-10.10","76","753","1005","","","","3.30","","SSW","Небольшая облачность","2026-01-31 18:10"
"-4.80","","-10.00","76","753","1005","","","","3.30","","SSW","Небольшая облачность","2026-01-31 18:11"
"-4.80","","-10.00","76","753","1005","","","","3.30","","SSW","Небольшая облачность","2026-01-31 18:12"
"-4.80","","-10.00","76","753","1005","","","","3.30","","SSW","Небольшая облачность","2026-01-31 18:13"
"-4.80","","-10.00","76","753","1005","","","","3.30","","SSW","Небольшая облачность","2026-01-31 18:14"
"-4.80","","-10.00","76","753","1005","","","","3.30","","SSW","Небольшая облачность","2026-01-31 18:15"
"-4.80","","-10.00","76","753","1005","","","","3.30","","SSW","Небольшая облачность","2026-01-31 18:16"
"-4.80","","-10.00","76","753","1005","","","","3.30","","SSW","Небольшая облачность","2026-01-31 18:17"
"-4.80","","-10.00","76","753","1005","","","","3.30","","SSW","Небольшая облачность","2026-01-31 18:18"
"-4.80","","-10.00","76","753","1005","","","","3.30","","SSW","Небольшая облачность","2026-01-31 18:19"
"-4.80","","-10.00","76","753","1005","","","","3.30","","SSW","Небольшая облачность","2026-01-31 18:20"
"-4.80","","-10.00","76","754","1006","","","","3.30","","SSW","Небольшая облачность","2026-01-31 18:21"
"-4.80","","-10.00","76","754","1006","","","","3.30","","SSW","Небольшая облачность","2026-01-31 18:22"
"-4.80","","-10.00","76","754","1006","","","","3.30","","SSW","Небольшая облачность","2026-01-31 18:23"
"-4.80","","-10.00","76","754","1006","","","","3.30","","SSW","Небольшая облачность","2026-01-31 18:24"
"-4.80","","-10.00","76","754","1006","","","","3.30","","SSW","Небольшая облачность","2026-01-31 18:25"
"-4.80","","-10.00","76","754","1006","","","","3.30","","SSW","Небольшая облачность","2026-01-31 18:26"
"-4.80","","-10.00","76","754","1006","","","","3.30","","SSW","Небольшая облачность","2026-01-31 18:27"
"-4.80","","-10.00","76","754","1006","","","","3.30","","SSW","Небольшая облачность","2026-01-31 18:28"
"-4.80","","-10.00","76","754","1006","","","","3.30","","SSW","Небольшая облачность","2026-01-31 18:29"
"-4.80","","-10.00","76","754","1006","","","","3.30","","SSW","Небольшая облачность","2026-01-31 18:30"
"-4.80","","-10.00","76","754","1006","","","","3.30","","SSW","Небольшая облачность","2026-01-31 18:31"
"-4.70","","-9.90","76","754","1006","","","","3.30","","SSW","Небольшая облачность","2026-01-31 18:32"
"-4.70","","-9.90","76","754","1006","","","","3.30","","SSW","Небольшая облачность","2026-01-31 18:33"
"-4.70","","-9.90","76","754","1006","","","","3.30","","SSW","Небольшая облачность","2026-01-31 18:34"
"-4.70","","-9.90","76","754","1006","","","","3.30","","SSW","Небольшая облачность","2026-01-31 18:35"
"-4.70","","-9.90","76","754","1006","","","","3.30","","SSW","Небольшая облачность","2026-01-31 18:36"
"-4.70","","-9.90","76","753","1005","","","","3.30","","SSW","Небольшая облачность","2026-01-31 18:37"
"-4.70","","-9.90","76","753","1005","","","","3.30","","SSW","Небольшая облачность","2026-01-31 18:38"
"-4.70","","-9.90","76","753","1005","","","","3.30","","SSW","Небольшая облачность","2026-01-31 18:39"
"-4.70","","-9.90","76","753","1005","","","","3.30","","SSW","Небольшая облачность","2026-01-31 18:40"
"-4.70","","-9.90","76","753","1005","","","","3.30","","SSW","Небольшая облачность","2026-01-31 18:41"
"-4.70","","-9.90","76","753","1005","","","","3.30","","SSW","Небольшая облачность","2026-01-31 18:42"
"-4.70","","-9.90","76","753","1005","","","","3.30","","SSW","Небольшая облачность","2026-01-31 18:43"
"-4.70","","-9.90","76","753","1005","","","","3.30","","SSW","Небольшая облачность","2026-01-31 18:44"
"-4.70","","-9.90","76","753","1005","","","","3.30","","SSW","Небольшая облачность","2026-01-31 18:45"
"-4.70","","-9.90","76","753","1005","","","","3.30","","SSW","Небольшая облачность","2026-01-31 18:46"
"-4.70","","-9.90","76","753","1005","","","","3.30","","SSW","Небольшая облачность","2026-01-31 18:47"
"-4.70","","-9.90","76","753","1005","","","","3.30","","SSW","Небольшая облачность","2026-01-31 18:48"
"-4.70","","-9.90","76","753","1005","","","","3.30","","SSW","Небольшая облачность","2026-01-31 18:49"
"-4.60","","-9.80","77","753","1005","","","","3.30","","SSW","Небольшая облачность","2026-01-31 18:50"
"-4.60","","-9.80","77","753","1005","","","","3.30","","SSW","Небольшая облачность","2026-01-31 18:51"
"-4.60","","-9.80","77","753","1005","","","","3.30","","SSW","Небольшая облачность","2026-01-31 18:52"
"-4.60","","-9.80","77","753","1005","","","","3.30","","SSW","Небольшая облачность","2026-01-31 18:53"
"-4.60","","-9.80","77","753","1005","","","","3.30","","SSW","Небольшая облачность","2026-01-31 18:54"
"-4.60","","-9.80","77","753","1005","","","","3.30","","SSW","Небольшая облачность","2026-01-31 18:55"
"-4.60","","-9.80","77","753","1005","","","","3.30","","SSW","Небольшая облачность","2026-01-31 18:56"
"-4.60","","-9.80","77","753","1005","","","","3.30","","SSW","Небольшая облачность","2026-01-31 18:57"
"-4.60","","-9.80","77","753","1005","","","","3.30","","SSW","Небольшая облачность","2026-01-31 18:58"
"-4.60","","-9.80","77","753","1005","","","","3.30","","SSW","Небольшая облачность","2026-01-31 18:59"
"-4.60","","-9.80","77","753","1005","","","","3.30","","SSW","Небольшая облачность","2026-01-31 19:00"
"-4.60","","-9.80","77","753","1005","","","","3.30","","SSW","Небольшая облачность","2026-01-31 19:01"
"-4.60","","-9.80","77","753","1005","","","","3.30","","SSW","Небольшая облачность","2026-01-31 19:02"
"-4.40","","-9.60","77","753","1005","","","","3.30","","SSW","Небольшая облачность","2026-01-31 19:03"
"-4.40","","-9.60","77","753","1005","","","","3.30","","SSW","Небольшая облачность","2026-01-31 19:04"
"-4.40","","-9.60","77","753","1005","","","","3.30","","SSW","Небольшая облачность","2026-01-31 19:05"
"-4.40","","-9.60","77","753","1004","","","","3.30","","SSW","Облачно","2026-01-31 19:06"
"-4.40","","-9.60","77","753","1004","","","","3.30","","SSW","Облачно","2026-01-31 19:07"
"-4.40","","-9.60","77","753","1004","","","","3.30","","SSW","Облачно","2026-01-31 19:08"
"-4.40","","-9.60","77","753","1004","","","","3.30","","SSW","Облачно","2026-01-31 19:09"
"-4.40","","-9.60","77","753","1004","","","","3.30","","SSW","Облачно","2026-01-31 19:10"
"-4.40","","-9.60","77","753","1004","","","","3.30","","SSW","Облачно","2026-01-31 19:11"
"-4.40","","-9.60","77","753","1004","","","","3.30","","SSW","Облачно","2026-01-31 19:12"
"-4.40","","-9.60","77","753","1004","","","","3.30","","SSW","Облачно","2026-01-31 19:13"
"-4.40","","-9.60","77","753","1004","","","","3.30","","SSW","Облачно","2026-01-31 19:14"
"-4.40","","-9.60","77","753","1004","","","","3.30","","SSW","Облачно","2026-01-31 19:15"
"-4.40","","-9.60","77","753","1004","","","","3.30","","SSW","Облачно","2026-01-31 19:16"
"-4.30","","-9.50","77","753","1004","","","","3.30","","SSW","Облачно","2026-01-31 19:17"
"-4.30","","-9.50","77","753","1004","","","","3.30","","SSW","Облачно","2026-01-31 19:18"
"-4.30","","-9.50","77","753","1004","","","","3.30","","SSW","Облачно","2026-01-31 19:19"
"-4.30","","-9.50","77","753","1004","","","","3.30","","SSW","Облачно","2026-01-31 19:20"
"-4.30","","-9.50","77","753","1004","","","","3.30","","SSW","Облачно","2026-01-31 19:21"
"-4.30","","-9.50","77","753","1004","","","","3.30","","SSW","Облачно","2026-01-31 19:22"
"-4.30","","-9.50","77","753","1004","","","","3.30","","SSW","Облачно","2026-01-31 19:23"
"-4.30","","-9.50","77","753","1004","","","","3.30","","SSW","Облачно","2026-01-31 19:24"
"-4.30","","-9.50","77","753","1004","","","","3.30","","SSW","Облачно","2026-01-31 19:25"
"-4.30","","-9.50","77","753","1004","","","","3.30","","SSW","Облачно","2026-01-31 19:26"
"-4.30","","-9.50","77","753","1004","","","","3.30","","SSW","Облачно","2026-01-31 19:27"
"-4.30","","-9.50","77","753","1004","","","","3.30","","SSW","Облачно","2026-01-31 19:28"
"-4.30","","-9.50","77","753","1004","","","","3.30","","SSW","Облачно","2026-01-31 19:29"
"-4.20","","-9.40","77","753","1004","","","","3.30","","SSW","Облачно","2026-01-31 19:30"
"-4.20","","-9.40","77","753","1004","","","","3.30","","SSW","Небольшая облачность","2026-01-31 19:31"
"-4.20","","-9.40","77","753","1004","","","","3.30","","SSW","Небольшая облачность","2026-01-31 19:32"
"-4.20","","-9.40","77","753","1004","","","","3.30","","SSW","Небольшая облачность","2026-01-31 19:33"
"-4.20","","-9.40","77","753","1004","","","","3.30","","SSW","Небольшая облачность","2026-01-31 19:34"
"-4.20","","-9.40","77","753","1004","","","","3.30","","SSW","Небольшая облачность","2026-01-31 19:35"
"-4.20","","-9.40","77","753","1004","","","","3.30","","SSW","Небольшая облачность","2026-01-31 19:36"
"-4.20","","-9.40","77","753","1004","","","","3.30","","SSW","Небольшая облачность","2026-01-31 19:37"
"-4.20","","-9.40","77","753","1004","","","","3.30","","SSW","Небольшая облачность","2026-01-31 19:38"
"-4.20","","-9.40","77","753","1004","","","","3.30","","SSW","Небольшая облачность","2026-01-31 19:39"
"-4.10","","-9.20","78","753","1004","","","","3.30","","SSW","Небольшая облачность","2026-01-31 19:40"
"-4.10","","-9.20","78","753","1004","","","","3.30","","SSW","Небольшая облачность","2026-01-31 19:41"
"-4.10","","-9.20","78","753","1004","","","","3.30","","SSW","Небольшая облачность","2026-01-31 19:42"
"-4.10","","-9.20","78","753","1004","","","","3.30","","SSW","Небольшая облачность","2026-01-31 19:43"
"-4.10","","-9.20","78","753","1004","","","","3.30","","SSW","Небольшая облачность","2026-01-31 19:44"
"-4.10","","-9.20","78","753","1004","","","","3.30","","SSW","Небольшая облачность","2026-01-31 19:45"
"-4.10","","-9.20","78","753","1004","","","","3.30","","SSW","Небольшая облачность","2026-01-31 19:46"
"-4.10","","-9.20","78","753","1004","","","","3.30","","SSW","Небольшая облачность","2026-01-31 19:47"
"-4.10","","-9.20","78","753","1004","","","","3.30","","SSW","Небольшая облачность","2026-01-31 19:48"
"-4.10","","-9.20","78","753","1004","","","","3.30","","SSW","Небольшая облачность","2026-01-31 19:49"
"-4.10","","-9.20","78","753","1004","","","","3.30","","SSW","Небольшая облачность","2026-01-31 19:50"
"-4.10","","-9.20","78","753","1005","","","","3.30","","SSW","Небольшая облачность","2026-01-31 19:51"
"-4.10","","-9.20","78","753","1005","","","","3.30","","SSW","Небольшая облачность","2026-01-31 19:52"
"-4.10","","-9.20","78","753","1005","","","","3.30","","SSW","Небольшая облачность","2026-01-31 19:53"
"-4.00","","-9.10","78","753","1005","","","","3.30","","SSW","Небольшая облачность","2026-01-31 19:54"
"-4.00","","-9.10","78","753","1005","","","","3.30","","SSW","Небольшая облачность","2026-01-31 19:55"
"-4.00","","-9.10","78","753","1005","","","","3.30","","SSW","Небольшая облачность","2026-01-31 19:56"
"-4.00","","-9.10","78","753","1005","","","","3.30","","SSW","Небольшая облачность","2026-01-31 19:57"
"-4.00","","-9.10","78","753","1005","","","","3.30","","SSW","Небольшая облачность","2026-01-31 19:58"
"-4.00","","-9.10","78","753","1005","","","","3.30","","SSW","Небольшая облачность","2026-01-31 19:59"
"-4.00","","-9.10","78","753","1005","","","","3.30","","SSW","Небольшая облачность","2026-01-31 20:00"
"-4.00","","-9.10","78","753","1005","","","","3.30","","SSW","Небольшая облачность","2026-01-31 20:01"
"-4.00","","-9.10","78","753","1005","","","","3.30","","SSW","Небольшая облачность","2026-01-31 20:02"
"-4.00","","-9.10","78","753","1005","","","","3.30","","SSW","Небольшая облачность","2026-01-31 20:03"
"-4.00","","-9.10","78","753","1005","","","","3.30","","SSW","Небольшая облачность","2026-01-31 20:04"
"-4.00","","-9.10","78","753","1005","","","","3.30","","SSW","Небольшая облачность","2026-01-31 20:05"
"-4.00","","-9.10","78","753","1004","","","","3.30","","SSW","Небольшая облачность","2026-01-31 20:06"
"-4.00","","-9.10","78","753","1004","","","","3.30","","SSW","Небольшая облачность","2026-01-31 20:07"
"-4.00","","-9.10","78","753","1004","","","","3.30","","SSW","Небольшая облачность","2026-01-31 20:08"
"-4.00","","-9.10","78","753","1004","","","","3.30","","SSW","Небольшая облачность","2026-01-31 20:09"
"-4.00","","-9.10","78","753","1004","","","","3.30","","SSW","Небольшая облачность","2026-01-31 20:10"
"-4.00","","-9.10","78","753","1004","","","","3.30","","SSW","Небольшая облачность","2026-01-31 20:11"
"-4.00","","-9.10","78","753","1004","","","","3.30","","SSW","Небольшая облачность","2026-01-31 20:12"
"-4.00","","-9.10","78","753","1004","","","","3.30","","SSW","Небольшая облачность","2026-01-31 20:13"
"-4.00","","-9.10","78","753","1004","","","","3.30","","SSW","Небольшая облачность","2026-01-31 20:14"
"-4.00","","-9.10","78","753","1004","","","","3.30","","SSW","Небольшая облачность","2026-01-31 20:15"
"-4.00","","-9.10","78","753","1004","","","","3.30","","SSW","Небольшая облачность","2026-01-31 20:16"
"-4.00","","-9.10","78","753","1004","","","","3.30","","SSW","Небольшая облачность","2026-01-31 20:17"
"-4.00","","-9.10","78","753","1004","","","","3.30","","SSW","Небольшая облачность","2026-01-31 20:18"
"-4.00","","-9.10","78","753","1004","","","","3.30","","SSW","Небольшая облачность","2026-01-31 20:19"
"-4.00","","-9.10","78","753","1004","","","","3.30","","SSW","Небольшая облачность","2026-01-31 20:20"
"-4.00","","-9.10","78","753","1004","","","","3.30","","SSW","Небольшая облачность","2026-01-31 20:21"
"-4.00","","-9.10","78","753","1004","","","","3.30","","SSW","Небольшая облачность","2026-01-31 20:22"
"-4.00","","-9.10","78","753","1004","","","","3.30","","SSW","Небольшая облачность","2026-01-31 20:23"
"-4.00","","-9.10","78","753","1004","","","","3.30","","SSW","Небольшая облачность","2026-01-31 20:24"
"-4.00","","-9.10","78","753","1004","","","","3.30","","SSW","Небольшая облачность","2026-01-31 20:25"
"-4.00","","-9.10","78","753","1004","","","","3.30","","SSW","Небольшая облачность","2026-01-31 20:26"
"-4.00","","-9.10","78","753","1004","","","","3.30","","SSW","Небольшая облачность","2026-01-31 20:27"
"-4.00","","-9.10","78","753","1004","","","","3.30","","SSW","Небольшая облачность","2026-01-31 20:28"
"-4.00","","-9.10","78","753","1004","","","","3.30","","SSW","Небольшая облачность","2026-01-31 20:29"
"-4.00","","-9.10","78","753","1004","","","","3.30","","SSW","Небольшая облачность","2026-01-31 20:30"
"-4.00","","-9.10","78","753","1004","","","","3.30","","SSW","Небольшая облачность","2026-01-31 20:31"
"-4.00","","-9.10","78","753","1004","","","","3.30","","SSW","Небольшая облачность","2026-01-31 20:32"
"-4.00","","-9.10","78","753","1004","","","","3.30","","SSW","Небольшая облачность","2026-01-31 20:33"
"-4.00","","-9.10","78","753","1004","","","","3.30","","SSW","Небольшая облачность","2026-01-31 20:34"
"-4.00","","-9.10","78","753","1004","","","","3.30","","SSW","Небольшая облачность","2026-01-31 20:35"
"-4.00","","-9.10","78","753","1004","","","","3.30","","SSW","Небольшая облачность","2026-01-31 20:36"
"-4.00","","-9.10","78","753","1004","","","","3.30","","SSW","Небольшая облачность","2026-01-31 20:37"
"-4.00","","-9.10","78","753","1004","","","","3.30","","SSW","Небольшая облачность","2026-01-31 20:38"
"-4.00","","-9.10","78","753","1004","","","","3.30","","SSW","Небольшая облачность","2026-01-31 20:39"
"-4.00","","-9.10","78","753","1004","","","","3.30","","SSW","Небольшая облачность","2026-01-31 20:40"
"-4.00","","-9.10","78","753","1004","","","","3.30","","SSW","Небольшая облачность","2026-01-31 20:41"
"-4.00","","-9.10","78","753","1004","","","","3.30","","SSW","Небольшая облачность","2026-01-31 20:42"
"-4.00","","-9.10","78","753","1004","","","","3.30","","SSW","Небольшая облачность","2026-01-31 20:43"
"-4.00","","-9.10","78","753","1004","","","","3.30","","SSW","Небольшая облачность","2026-01-31 20:44"
"-4.00","","-9.10","78","753","1004","","","","3.30","","SSW","Небольшая облачность","2026-01-31 20:45"
"-4.00","","-9.10","78","753","1004","","","","3.30","","SSW","Небольшая облачность","2026-01-31 20:46"
"-4.00","","-9.10","78","753","1004","","","","3.30","","SSW","Небольшая облачность","2026-01-31 20:47"
"-4.00","","-9.10","78","753","1004","","","","3.30","","SSW","Небольшая облачность","2026-01-31 20:48"
"-4.00","","-9.10","78","753","1004","","","","3.30","","SSW","Небольшая облачность","2026-01-31 20:49"
"-4.00","","-9.10","78","753","1004","","","","3.30","","SSW","Небольшая облачность","2026-01-31 20:50"
"-4.00","","-9.10","78","753","1004","","","","3.30","","SSW","Небольшая облачность","2026-01-31 20:51"
"-4.00","","-9.10","78","753","1004","","","","3.30","","SSW","Небольшая облачность","2026-01-31 20:52"
"-4.00","","-9.10","78","753","1004","","","","3.30","","SSW","Небольшая облачность","2026-01-31 20:53"
"-4.00","","-9.10","78","753","1004","","","","3.30","","SSW","Небольшая облачность","2026-01-31 20:54"
"-4.00","","-9.10","78","753","1004","","","","3.30","","SSW","Небольшая облачность","2026-01-31 20:55"
"-4.00","","-9.10","78","753","1004","","","","3.30","","SSW","Небольшая облачность","2026-01-31 20:56"
"-4.00","","-9.10","78","753","1004","","","","3.30","","SSW","Небольшая облачность","2026-01-31 20:57"
"-4.00","","-9.10","78","753","1004","","","","3.30","","SSW","Небольшая облачность","2026-01-31 20:58"
"-4.00","","-9.10","78","753","1004","","","","3.30","","SSW","Небольшая облачность","2026-01-31 20:59"
"-4.00","","-9.10","78","753","1004","","","","3.30","","SSW","Небольшая облачность","2026-01-31 21:00"
"-4.00","","-9.10","78","753","1004","","","","3.30","","SSW","Небольшая облачность","2026-01-31 21:01"
"-4.00","","-9.10","78","753","1004","","","","3.30","","SSW","Небольшая облачность","2026-01-31 21:02"
"-4.00","","-9.10","78","753","1004","","","","3.30","","SSW","Небольшая облачность","2026-01-31 21:03"
"-4.00","","-9.10","78","753","1004","","","","3.30","","SSW","Небольшая облачность","2026-01-31 21:04"
"-4.00","","-9.10","78","753","1004","","","","3.30","","SSW","Небольшая облачность","2026-01-31 21:05"
"-4.00","","-9.10","78","753","1004","","","","3.30","","SSW","Облачно","2026-01-31 21:06"
"-4.00","","-9.10","78","753","1004","","","","3.30","","SSW","Облачно","2026-01-31 21:07"
"-4.00","","-9.10","78","753","1004","","","","3.30","","SSW","Облачно","2026-01-31 21:08"
"-4.00","","-9.10","78","753","1004","","","","3.30","","SSW","Облачно","2026-01-31 21:09"
"-4.00","","-9.10","78","753","1004","","","","3.30","","SSW","Облачно","2026-01-31 21:10"
"-4.00","","-9.10","78","753","1004","","","","3.30","","SSW","Облачно","2026-01-31 21:11"
"-4.00","","-9.10","78","753","1004","","","","3.30","","SSW","Облачно","2026-01-31 21:12"
"-4.00","","-9.10","78","753","1004","","","","3.30","","SSW","Облачно","2026-01-31 21:13"
"-4.00","","-9.10","78","753","1004","","","","3.30","","SSW","Облачно","2026-01-31 21:14"
"-4.00","","-9.10","78","753","1004","","","","3.30","","SSW","Облачно","2026-01-31 21:15"
"-4.00","","-9.10","78","753","1004","","","","3.30","","SSW","Облачно","2026-01-31 21:16"
"-4.00","","-9.10","78","753","1004","","","","3.30","","SSW","Облачно","2026-01-31 21:17"
"-4.00","","-9.10","78","753","1004","","","","3.30","","SSW","Облачно","2026-01-31 21:18"
"-4.00","","-9.10","78","753","1004","","","","3.30","","SSW","Облачно","2026-01-31 21:19"
"-4.00","","-9.10","78","753","1004","","","","3.30","","SSW","Облачно","2026-01-31 21:20"
"-4.00","","-9.10","78","752","1003","","","","3.30","","SSW","Облачно","2026-01-31 21:21"
"-4.00","","-9.10","78","752","1003","","","","3.30","","SSW","Облачно","2026-01-31 21:22"
"-4.00","","-9.10","78","752","1003","","","","3.30","","SSW","Облачно","2026-01-31 21:23"
"-4.00","","-9.10","78","752","1003","","","","3.30","","SSW","Облачно","2026-01-31 21:24"
"-4.00","","-9.10","78","752","1003","","","","3.30","","SSW","Облачно","2026-01-31 21:25"
"-4.00","","-9.10","78","752","1003","","","","3.30","","SSW","Облачно","2026-01-31 21:26"
"-4.00","","-9.10","78","752","1003","","","","3.30","","SSW","Облачно","2026-01-31 21:27"
"-4.00","","-9.10","78","752","1003","","","","3.30","","SSW","Облачно","2026-01-31 21:28"
"-4.00","","-9.10","78","752","1003","","","","3.30","","SSW","Облачно","2026-01-31 21:29"
"-4.00","","-9.10","78","752","1003","","","","3.30","","SSW","Облачно","2026-01-31 21:30"
"-4.00","","-9.10","78","752","1003","","","","3.30","","SSW","Облачно","2026-01-31 21:31"
"-4.00","","-9.10","78","752","1003","","","","3.30","","SSW","Облачно","2026-01-31 21:32"
"-4.00","","-9.10","78","752","1003","","","","3.30","","SSW","Облачно","2026-01-31 21:33"
"-4.00","","-9.10","78","752","1003","","","","3.30","","SSW","Облачно","2026-01-31 21:34"
"-4.00","","-9.10","78","752","1003","","","","3.30","","SSW","Облачно","2026-01-31 21:35"
"-4.00","","-9.10","78","753","1004","","","","3.30","","SSW","Облачно","2026-01-31 21:36"
"-4.00","","-9.10","78","753","1004","","","","3.30","","SSW","Облачно","2026-01-31 21:37"
"-4.00","","-9.10","78","753","1004","","","","3.30","","SSW","Облачно","2026-01-31 21:38"
"-4.00","","-9.10","78","753","1004","","","","3.30","","SSW","Облачно","2026-01-31 21:39"
"-4.00","","-9.10","78","753","1004","","","","3.30","","SSW","Облачно","2026-01-31 21:40"
"-4.00","","-9.10","78","753","1004","","","","3.30","","SSW","Облачно","2026-01-31 21:41"
"-4.00","","-9.10","78","753","1004","","","","3.30","","SSW","Облачно","2026-01-31 21:42"
"-4.00","","-9.10","78","753","1004","","","","3.30","","SSW","Облачно","2026-01-31 21:43"
"-4.00","","-9.10","78","753","1004","","","","3.30","","SSW","Облачно","2026-01-31 21:44"
"-4.00","","-9.10","78","753","1004","","","","3.30","","SSW","Облачно","2026-01-31 21:45"
"-4.00","","-9.10","78","753","1004","","","","3.30","","SSW","Облачно","2026-01-31 21:46"
"-4.00","","-9.10","78","753","1004","","","","3.30","","SSW","Облачно","2026-01-31 21:47"
"-4.00","","-9.10","78","753","1004","","","","3.30","","SSW","Облачно","2026-01-31 21:48"
"-4.00","","-9.10","78","753","1004","","","","3.30","","SSW","Облачно","2026-01-31 21:49"
"-4.00","","-9.10","78","753","1004","","","","3.30","","SSW","Облачно","2026-01-31 21:50"
"-4.00","","-9.10","78","753","1004","","","","3.30","","SSW","Облачно","2026-01-31 21:51"
"-4.00","","-9.10","78","753","1004","","","","3.30","","SSW","Облачно","2026-01-31 21:52"
"-4.00","","-9.10","78","753","1004","","","","3.30","","SSW","Облачно","2026-01-31 21:53"
"-4.00","","-9.10","78","753","1004","","","","3.30","","SSW","Облачно","2026-01-31 21:54"
"-4.00","","-9.10","78","753","1004","","","","3.30","","SSW","Облачно","2026-01-31 21:55"
"-4.00","","-9.10","78","753","1004","","","","3.30","","SSW","Облачно","2026-01-31 21:56"
"-4.00","","-9.10","78","753","1004","","","","3.30","","SSW","Облачно","2026-01-31 21:57"
"-4.00","","-9.10","78","753","1004","","","","3.30","","SSW","Облачно","2026-01-31 21:58"
"-4.00","","-9.10","78","753","1004","","","","3.30","","SSW","Облачно","2026-01-31 21:59"
"-4.00","","-9.10","78","753","1004","","","","3.30","","SSW","Облачно","2026-01-31 22:00"
"-4.00","","-9.10","78","753","1004","","","","3.30","","SSW","Облачно","2026-01-31 22:01"
"-4.00","","-9.10","78","753","1004","","","","3.30","","SSW","Облачно","2026-01-31 22:02"
"-4.00","","-9.10","78","753","1004","","","","3.30","","SSW","Облачно","2026-01-31 22:03"
"-4.00","","-9.10","78","753","1004","","","","3.30","","SSW","Облачно","2026-01-31 22:04"
"-4.00","","-9.10","78","753","1004","","","","3.30","","SSW","Облачно","2026-01-31 22:05"
"-4.00","","-9.10","78","753","1004","","","","3.30","","SSW","Облачно","2026-01-31 22:06"
"-4.00","","-9.10","78","753","1004","","","","3.30","","SSW","Облачно","2026-01-31 22:07"
"-4.00","","-9.10","78","753","1004","","","","3.30","","SSW","Облачно","2026-01-31 22:08"
"-4.00","","-9.10","78","753","1004","","","","3.30","","SSW","Облачно","2026-01-31 22:09"
"-4.00","","-9.10","78","753","1004","","","","3.30","","SSW","Облачно","2026-01-31 22:10"
"-4.00","","-9.10","78","753","1004","","","","3.30","","SSW","Облачно","2026-01-31 22:11"
"-4.00","","-9.10","78","753","1004","","","","3.30","","SSW","Облачно","2026-01-31 22:12"
"-4.00","","-9.10","78","753","1004","","","","3.30","","SSW","Облачно","2026-01-31 22:13"
"-4.00","","-9.10","78","753","1004","","","","3.30","","SSW","Облачно","2026-01-31 22:14"
"-4.00","","-9.10","78","753","1004","","","","3.30","","SSW","Облачно","2026-01-31 22:15"
"-4.00","","-9.10","78","753","1004","","","","3.30","","SSW","Облачно","2026-01-31 22:16"
"-4.00","","-9.10","78","753","1004","","","","3.30","","SSW","Облачно","2026-01-31 22:17"
"-4.00","","-9.10","78","753","1004","","","","3.30","","SSW","Облачно","2026-01-31 22:18"
"-4.00","","-9.10","78","753","1004","","","","3.30","","SSW","Облачно","2026-01-31 22:19"
"-4.00","","-9.10","78","753","1004","","","","3.30","","SSW","Облачно","2026-01-31 22:20"
"-4.00","","-9.10","78","753","1004","","","","3.30","","SSW","Облачно","2026-01-31 22:21"
"-4.00","","-9.10","78","753","1004","","","","3.30","","SSW","Облачно","2026-01-31 22:22"
"-4.00","","-9.10","78","753","1004","","","","3.30","","SSW","Облачно","2026-01-31 22:23"
"-4.00","","-9.10","78","753","1004","","","","3.30","","SSW","Облачно","2026-01-31 22:24"
"-4.00","","-9.10","78","753","1004","","","","3.30","","SSW","Облачно","2026-01-31 22:25"
"-4.00","","-9.10","78","753","1004","","","","3.30","","SSW","Облачно","2026-01-31 22:26"
"-4.00","","-9.10","78","753","1004","","","","3.30","","SSW","Облачно","2026-01-31 22:27"
"-4.00","","-9.10","78","753","1004","","","","3.30","","SSW","Облачно","2026-01-31 22:28"
"-4.00","","-9.10","78","753","1004","","","","3.30","","SSW","Облачно","2026-01-31 22:29"
"-4.00","","-9.10","78","753","1004","","","","3.30","","SSW","Облачно","2026-01-31 22:30"
"-4.00","","-9.10","78","753","1004","","","","3.30","","SSW","Облачно","2026-01-31 22:31"
"-4.00","","-9.10","78","753","1004","","","","3.30","","SSW","Облачно","2026-01-31 22:32"
"-4.00","","-9.10","78","753","1004","","","","3.30","","SSW","Облачно","2026-01-31 22:33"
"-4.00","","-9.10","78","753","1004","","","","3.30","","SSW","Облачно","2026-01-31 22:34"
"-4.00","","-9.10","78","753","1004","","","","3.30","","SSW","Облачно","2026-01-31 22:35"
"-4.00","","-9.10","78","753","1004","","","","3.30","","SSW","Облачно","2026-01-31 22:36"
"-4.00","","-9.10","78","753","1004","","","","3.30","","SSW","Облачно","2026-01-31 22:37"
"-4.00","","-9.10","78","753","1004","","","","3.30","","SSW","Облачно","2026-01-31 22:38"
"-4.00","","-9.10","78","753","1004","","","","3.30","","SSW","Облачно","2026-01-31 22:39"
"-4.00","","-9.10","78","753","1004","","","","3.30","","SSW","Облачно","2026-01-31 22:40"
"-4.00","","-9.10","78","753","1004","","","","3.30","","SSW","Облачно","2026-01-31 22:41"
"-4.00","","-9.10","78","753","1004","","","","3.30","","SSW","Облачно","2026-01-31 22:42"
"-4.00","","-9.10","78","753","1004","","","","3.30","","SSW","Облачно","2026-01-31 22:43"
"-4.00","","-9.10","78","753","1004","","","","3.30","","SSW","Облачно","2026-01-31 22:44"
"-4.00","","-9.10","78","753","1004","","","","3.30","","SSW","Облачно","2026-01-31 22:45"
"-4.00","","-9.10","78","753","1004","","","","3.30","","SSW","Облачно","2026-01-31 22:46"
"-4.00","","-9.10","78","753","1004","","","","3.30","","SSW","Облачно","2026-01-31 22:47"
"-4.00","","-9.10","78","753","1004","","","","3.30","","SSW","Облачно","2026-01-31 22:48"
"-4.00","","-9.10","78","753","1004","","","","3.30","","SSW","Облачно","2026-01-31 22:49"
"-4.00","","-9.10","78","753","1004","","","","3.30","","SSW","Облачно","2026-01-31 22:50"
"-4.00","","-9.10","78","753","1004","","","","3.30","","SSW","Облачно","2026-01-31 22:51"
"-4.00","","-9.10","78","753","1004","","","","3.30","","SSW","Облачно","2026-01-31 22:52"
"-4.00","","-9.10","78","753","1004","","","","3.30","","SSW","Облачно","2026-01-31 22:53"
"-4.00","","-9.10","78","753","1004","","","","3.30","","SSW","Облачно","2026-01-31 22:54"
"-4.00","","-9.10","78","753","1004","","","","3.30","","SSW","Облачно","2026-01-31 22:55"
"-4.00","","-9.10","78","753","1004","","","","3.30","","SSW","Облачно","2026-01-31 22:56"
"-4.00","","-9.10","78","753","1004","","","","3.30","","SSW","Облачно","2026-01-31 22:57"
"-4.00","","-9.10","78","753","1004","","","","3.30","","SSW","Облачно","2026-01-31 22:58"
"-4.00","","-9.10","78","753","1004","","","","3.30","","SSW","Облачно","2026-01-31 22:59"
"-4.00","","-9.10","78","753","1004","","","","3.30","","SSW","Облачно","2026-01-31 23:00"
"-4.00","","-9.10","78","753","1004","","","","3.30","","SSW","Облачно","2026-01-31 23:01"
"-4.00","","-9.10","78","753","1004","","","","3.30","","SSW","Облачно","2026-01-31 23:02"
"-4.00","","-9.10","78","753","1004","","","","3.30","","SSW","Облачно","2026-01-31 23:03"
"-4.00","","-9.10","78","753","1004","","","","3.30","","SSW","Облачно","2026-01-31 23:04"
"-4.00","","-9.10","78","753","1004","","","","3.30","","SSW","Облачно","2026-01-31 23:05"
"-4.00","","-9.10","78","753","1004","","","","3.30","","SSW","Облачно","2026-01-31 23:06"
"-4.00","","-9.10","78","753","1004","","","","3.30","","SSW","Облачно","2026-01-31 23:07"
"-4.00","","-9.10","78","753","1004","","","","3.30","","SSW","Облачно","2026-01-31 23:08"
"-4.00","","-9.10","78","753","1004","","","","3.30","","SSW","Облачно","2026-01-31 23:09"
"-4.00","","-9.10","78","753","1004","","","","3.30","","SSW","Облачно","2026-01-31 23:10"
"-4.00","","-9.10","78","753","1004","","","","3.30","","SSW","Облачно","2026-01-31 23:11"
"-4.00","","-9.10","78","753","1004","","","","3.30","","SSW","Облачно","2026-01-31 23:12"
"-4.00","","-9.10","78","753","1004","","","","3.30","","SSW","Облачно","2026-01-31 23:13"
"-4.00","","-9.10","78","753","1004","","","","3.30","","SSW","Облачно","2026-01-31 23:14"
"-4.00","","-9.10","78","753","1004","","","","3.30","","SSW","Облачно","2026-01-31 23:15"
"-4.00","","-9.10","78","753","1004","","","","3.30","","SSW","Облачно","2026-01-31 23:16"
"-4.00","","-9.10","78","753","1004","","","","3.30","","SSW","Облачно","2026-01-31 23:17"
"-4.00","","-9.10","78","753","1004","","","","3.30","","SSW","Облачно","2026-01-31 23:18"
"-4.00","","-9.10","78","753","1004","","","","3.30","","SSW","Облачно","2026-01-31 23:19"
"-4.00","","-9.10","78","753","1004","","","","3.30","","SSW","Облачно","2026-01-31 23:20"
"-4.00","","-9.10","78","753","1004","","","","3.30","","SSW","Облачно","2026-01-31 23:21"
"-4.00","","-9.10","78","753","1004","","","","3.30","","SSW","Облачно","2026-01-31 23:22"
"-4.00","","-9.10","78","753","1004","","","","3.30","","SSW","Облачно","2026-01-31 23:23"
"-4.00","","-9.10","78","753","1004","","","","3.30","","SSW","Облачно","2026-01-31 23:24"
"-4.00","","-9.10","78","753","1004","","","","3.30","","SSW","Облачно","2026-01-31 23:25"
"-4.00","","-9.10","78","753","1004","","","","3.30","","SSW","Облачно","2026-01-31 23:26"
"-4.00","","-9.10","78","753","1004","","","","3.30","","SSW","Облачно","2026-01-31 23:27"
"-4.00","","-9.10","78","753","1004","","","","3.30","","SSW","Облачно","2026-01-31 23:28"
"-4.00","","-9.10","78","753","1004","","","","3.30","","SSW","Облачно","2026-01-31 23:29"
"-4.00","","-9.10","78","753","1004","","","","3.30","","SSW","Облачно","2026-01-31 23:30"
"-4.00","","-9.10","78","753","1004","","","","3.30","","SSW","Облачно","2026-01-31 23:31"
"-4.00","","-9.10","78","753","1004","","","","3.30","","SSW","Облачно","2026-01-31 23:32"
"-4.00","","-9.10","78","753","1004","","","","3.30","","SSW","Облачно","2026-01-31 23:33"
"-4.00","","-9.10","78","753","1004","","","","3.30","","SSW","Облачно","2026-01-31 23:34"
"-4.00","","-9.10","78","753","1004","","","","3.30","","SSW","Облачно","2026-01-31 23:35"
"-4.00","","-9.10","78","753","1004","","","","3.30","","SSW","Облачно","2026-01-31 23:36"
"-4.00","","-9.10","78","753","1004","","","","3.30","","SSW","Облачно","2026-01-31 23:37"
"-4.00","","-9.10","78","753","1004","","","","3.30","","SSW","Облачно","2026-01-31 23:38"
"-4.00","","-9.10","78","753","1004","","","","3.30","","SSW","Облачно","2026-01-31 23:39"
"-4.00","","-9.10","78","753","1004","","","","3.30","","SSW","Облачно","2026-01-31 23:40"
"-4.00","","-9.10","78","753","1004","","","","3.30","","SSW","Облачно","2026-01-31 23:41"
"-4.00","","-9.10","78","753","1004","","","","3.30","","SSW","Облачно","2026-01-31 23:42"
"-4.00","","-9.10","78","753","1004","","","","3.30","","SSW","Облачно","2026-01-31 23:43"
"-4.00","","-9.10","78","753","1004","","","","3.30","","SSW","Облачно","2026-01-31 23:44"
"-4.00","","-9.10","78","753","1004","","","","3.30","","SSW","Облачно","2026-01-31 23:45"
"-4.00","","-9.10","78","753","1004","","","","3.30","","SSW","Облачно","2026-01-31 23:46"
"-4.00","","-9.10","78","753","1004","","","","3.30","","SSW","Облачно","2026-01-31 23:47"
"-4.00","","-9.10","78","753","1004","","","","3.30","","SSW","Облачно","2026-01-31 23:48"
"-4.00","","-9.10","78","753","1004","","","","3.30","","SSW","Облачно","2026-01-31 23:49"
"-4.00","","-9.10","78","753","1004","","","","3.30","","SSW","Облачно","2026-01-31 23:50"
"-4.00","","-9.10","78","753","1004","","","","3.30","","SSW","Облачно","2026-01-31 23:51"
"-4.00","","-9.10","78","753","1004","","","","3.30","","SSW","Облачно","2026-01-31 23:52"
"-4.00","","-9.10","78","753","1004","","","","3.30","","SSW","Облачно","2026-01-31 23:53"
"-4.00","","-9.10","78","753","1004","","","","3.30","","SSW","Облачно","2026-01-31 23:54"
"-4.00","","-9.10","78","753","1004","","","","3.30","","SSW","Облачно","2026-01-31 23:55"
"-4.00","","-9.10","78","753","1004","","","","3.30","","SSW","Облачно","2026-01-31 23:56"
"-4.00","","-9.10","78","753","1004","","","","3.30","","SSW","Облачно","2026-01-31 23:57"
"-4.00","","-9.10","78","753","1004","","","","3.30","","SSW","Облачно","2026-01-31 23:58"
"-4.00","","-9.10","78","753","1004","","","","3.30","","SSW","Облачно","2026-01-31 23:59"