"Temp","Temp Water","Temp Feels Like","Humidity","Pressure Mm","Pressure Hpa","Precip Mm","Precip Type","Precip Intensity","Wind Speed Ms","Wind Gust Speed Ms","Wind Dir","Condition","Created At"
"-1.10","","-4.70","64","770","1027","","","","1.10","","S","Небольшая облачность","2025-11-27 00:00"
"-1.10","","-4.70","64","770","1027","","","","1.10","","S","Небольшая облачность","2025-11-27 00:01"
"-1.10","","-4.70","64","770","1027","","","","1.10","","S","Небольшая облачность","2025-11-27 00:02"
"-1.10","","-4.70","64","770","1027","","","","1.10","","S","Небольшая облачность","2025-11-27 00:03"
"-1.10","","-4.70","64","770","1027","","","","1.10","","S","Небольшая облачность","2025-11-27 00:04"
"-1.10","","-4.70","64","770","1027","","","","1.10","","S","Небольшая облачность","2025-11-27 00:05"
"-1.10","","-4.70","64","770","1027","","","","1.10","","S","Небольшая облачность","2025-11-27 00:06"
"-1.10","","-4.70","64","770","1027","","","","1.10","","S","Небольшая облачность","2025-11-27 00:07"
"-1.10","","-4.70","64","770","1027","","","","1.10","","S","Небольшая облачность","2025-11-27 00:08"
"-1.20","","-4.80","64","770","1027","","","","1.10","","S","Небольшая облачность","2025-11-27 00:09"
"-1.20","","-4.80","64","770","1027","","","","1.10","","S","Небольшая облачность","2025-11-27 00:10"
"-1.20","","-4.80","64","770","1027","","","","1.10","","S","Небольшая облачность","2025-11-27 00:11"
"-1.20","","-4.80","64","770","1027","","","","1.10","","S","Небольшая облачность","2025-11-27 00:12"
"-1.20","","-4.80","64","770","1027","","","","1.10","","S","Небольшая облачность","2025-11-27 00:13"
"-1.20","","-4.80","64","770","1027","","","","1.10","","S","Небольшая облачность","2025-11-27 00:14"
"-1.20","","-4.80","64","770","1027","","","","1.10","","S","Небольшая облачность","2025-11-27 00:15"
"-1.20","","-4.80","64","770","1027","","","","1.10","","S","Небольшая облачность","2025-11-27 00:16"
"-1.20","","-4.80","64","770","1027","","","","1.10","","S","Небольшая облачность","2025-11-27 00:17"
"-1.20","","-4.80","64","770","1027","","","","1.10","","S","Небольшая облачность","2025-11-27 00:18"
"-1.20","","-4.80","64","770","1027","","","","1.10","","S","Небольшая облачность","2025-11-27 00:19"
"-1.20","","-4.80","64","770","1027","","","","1.10","","S","Небольшая облачность","2025-11-27 00:20"
"-1.10","","-4.70","65","770","1027","","","","1.10","","S","Небольшая облачность","2025-11-27 00:21"
"-1.10","","-4.70","65","770","1027","","","","1.10","","S","Небольшая облачность","2025-11-27 00:22"
"-1.10","","-4.70","65","770","1027","","","","1.10","","S","Небольшая облачность","2025-11-27 00:23"
"-1.20","","-4.80","65","770","1027","","","","1.10","","S","Небольшая облачность","2025-11-27 00:24"
"-1.20","","-4.80","65","770","1027","","","","1.10","","S","Небольшая облачность","2025-11-27 00:25"
"-1.20","","-4.80","65","770","1027","","","","1.10","","S","Небольшая облачность","2025-11-27 00:26"
"-1.20","","-4.80","65","770","1027","","","","1.10","","S","Небольшая облачность","2025-11-27 00:27"
"-1.20","","-4.80","65","770","1027","","","","1.10","","S","Небольшая облачность","2025-11-27 00:28"
"-1.20","","-4.80","65","770","1027","","","","1.10","","S","Небольшая облачность","2025-11-27 00:29"
"-1.20","","-4.80","65","770","1027","","","","1.10","","S","Небольшая облачность","2025-11-27 00:30"
"-1.20","","-4.80","65","770","1027","","","","1.10","","S","Небольшая облачность","2025-11-27 00:31"
"-1.20","","-4.80","65","770","1027","","","","1.10","","S","Небольшая облачность","2025-11-27 00:32"
"-1.20","","-4.80","65","770","1027","","","","1.10","","S","Небольшая облачность","2025-11-27 00:33"
"-1.20","","-4.80","65","770","1027","","","","1.10","","S","Небольшая облачность","2025-11-27 00:34"
"-1.20","","-4.80","65","770","1027","","","","1.10","","S","Небольшая облачность","2025-11-27 00:35"
"-1.20","","-4.80","65","769","1026","","","","1.10","","S","Небольшая облачность","2025-11-27 00:36"
"-1.20","","-4.80","65","769","1026","","","","1.10","","S","Небольшая облачность","2025-11-27 00:37"
"-1.20","","-4.80","65","769","1026","","","","1.10","","S","Небольшая облачность","2025-11-27 00:38"
"-1.20","","-4.80","65","769","1026","","","","1.10","","S","Небольшая облачность","2025-11-27 00:39"
"-1.20","","-4.80","65","769","1026","","","","1.10","","S","Небольшая облачность","2025-11-27 00:40"
"-1.20","","-4.80","65","769","1026","","","","1.10","","S","Небольшая облачность","2025-11-27 00:41"
"-1.20","","-4.80","65","769","1026","","","","1.10","","S","Небольшая облачность","2025-11-27 00:42"
"-1.20","","-4.80","65","769","1026","","","","1.10","","S","Небольшая облачность","2025-11-27 00:43"
"-1.30","","-4.90","65","769","1026","","","","1.10","","S","Небольшая облачность","2025-11-27 00:44"
"-1.30","","-4.90","65","769","1026","","","","1.10","","S","Небольшая облачность","2025-11-27 00:45"
"-1.30","","-4.90","65","769","1026","","","","1.10","","S","Небольшая облачность","2025-11-27 00:46"
"-1.30","","-4.90","65","769","1026","","","","1.10","","S","Небольшая облачность","2025-11-27 00:47"
"-1.30","","-4.90","65","769","1026","","","","1.10","","S","Небольшая облачность","2025-11-27 00:48"
"-1.30","","-4.90","65","769","1026","","","","1.10","","S","Небольшая облачность","2025-11-27 00:49"
"-1.30","","-4.90","65","769","1026","","","","1.10","","S","Небольшая облачность","2025-11-27 00:50"
"-1.30","","-4.90","65","770","1027","","","","1.10","","S","Небольшая облачность","2025-11-27 00:51"
"-1.30","","-4.90","65","770","1027","","","","1.10","","S","Небольшая облачность","2025-11-27 00:52"
"-1.30","","-4.90","65","770","1027","","","","1.10","","S","Небольшая облачность","2025-11-27 00:53"
"-1.30","","-4.90","65","770","1027","","","","1.10","","S","Небольшая облачность","2025-11-27 00:54"
"-1.30","","-4.90","65","770","1027","","","","1.10","","S","Небольшая облачность","2025-11-27 00:55"
"-1.30","","-4.90","65","770","1027","","","","1.10","","S","Небольшая облачность","2025-11-27 00:56"
"-1.30","","-4.90","65","770","1027","","","","1.10","","S","Небольшая облачность","2025-11-27 00:57"
"-1.30","","-4.90","65","770","1027","","","","1.10","","S","Небольшая облачность","2025-11-27 00:58"
"-1.30","","-4.90","65","770","1027","","","","1.10","","S","Небольшая облачность","2025-11-27 00:59"
"-1.30","","-4.90","66","770","1027","","","","1.10","","S","Небольшая облачность","2025-11-27 01:00"
"-1.30","","-4.90","66","770","1027","","","","1.10","","S","Небольшая облачность","2025-11-27 01:01"
"-1.30","","-4.90","66","770","1027","","","","1.10","","S","Небольшая облачность","2025-11-27 01:02"
"-1.30","","-4.90","66","770","1027","","","","1.10","","S","Небольшая облачность","2025-11-27 01:03"
"-1.30","","-4.90","65","770","1027","","","","1.10","","S","Небольшая облачность","2025-11-27 01:04"
"-1.30","","-4.90","65","770","1027","","","","1.10","","S","Небольшая облачность","2025-11-27 01:05"
"-1.30","","-4.90","65","770","1027","","","","1.10","","S","Небольшая облачность","2025-11-27 01:06"
"-1.30","","-4.90","65","770","1027","","","","1.10","","S","Небольшая облачность","2025-11-27 01:07"
"-1.30","","-4.90","65","770","1027","","","","1.10","","S","Небольшая облачность","2025-11-27 01:08"
"-1.30","","-4.90","65","770","1027","","","","1.10","","S","Небольшая облачность","2025-11-27 01:09"
"-1.30","","-4.90","65","770","1027","","","","1.10","","S","Небольшая облачность","2025-11-27 01:10"
"-1.30","","-4.90","66","770","1027","","","","1.10","","S","Небольшая облачность","2025-11-27 01:11"
"-1.30","","-4.90","66","770","1027","","","","1.10","","S","Небольшая облачность","2025-11-27 01:12"
"-1.30","","-4.90","66","770","1027","","","","1.10","","S","Небольшая облачность","2025-11-27 01:13"
"-1.30","","-4.90","66","770","1027","","","","1.10","","S","Небольшая облачность","2025-11-27 01:14"
"-1.30","","-4.90","66","770","1027","","","","1.10","","S","Небольшая облачность","2025-11-27 01:15"
"-1.30","","-4.90","66","770","1027","","","","1.10","","S","Небольшая облачность","2025-11-27 01:16"
"-1.30","","-4.90","66","770","1027","","","","1.10","","S","Небольшая облачность","2025-11-27 01:17"
"-1.30","","-4.90","66","770","1027","","","","1.10","","S","Небольшая облачность","2025-11-27 01:18"
"-1.30","","-4.90","66","770","1027","","","","1.10","","S","Небольшая облачность","2025-11-27 01:19"
"-1.30","","-4.90","66","770","1027","","","","1.10","","S","Небольшая облачность","2025-11-27 01:20"
"-1.30","","-4.90","66","770","1027","","","","1.10","","S","Небольшая облачность","2025-11-27 01:21"
"-1.30","","-4.90","66","770","1027","","","","1.10","","S","Небольшая облачность","2025-11-27 01:22"
"-1.30","","-4.90","66","770","1027","","","","1.10","","S","Небольшая облачность","2025-11-27 01:23"
"-1.40","","-5.00","66","770","1027","","","","1.10","","S","Небольшая облачность","2025-11-27 01:24"
"-1.40","","-5.00","66","770","1027","","","","1.10","","S","Небольшая облачность","2025-11-27 01:25"
"-1.40","","-5.00","65","770","1027","","","","1.10","","S","Небольшая облачность","2025-11-27 01:26"
"-1.40","","-5.00","65","770","1027","","","","1.10","","S","Небольшая облачность","2025-11-27 01:27"
"-1.40","","-5.00","65","770","1027","","","","1.10","","S","Небольшая облачность","2025-11-27 01:28"
"-1.50","","-5.10","66","770","1027","","","","1.10","","S","Небольшая облачность","2025-11-27 01:29"
"-1.50","","-5.10","66","770","1027","","","","1.10","","S","Небольшая облачность","2025-11-27 01:30"
"-1.50","","-5.10","66","770","1027","","","","1.10","","S","Небольшая облачность","2025-11-27 01:31"
"-1.50","","-5.10","66","770","1027","","","","1.10","","S","Небольшая облачность","2025-11-27 01:32"
"-1.50","","-5.10","66","770","1027","","","","1.10","","S","Небольшая облачность","2025-11-27 01:33"
"-1.50","","-5.10","66","770","1027","","","","1.10","","S","Небольшая облачность","2025-11-27 01:34"
"-1.50","","-5.10","66","770","1027","","","","1.10","","S","Небольшая облачность","2025-11-27 01:35"
"-1.50","","-5.10","66","770","1027","","","","1.10","","S","Небольшая облачность","2025-11-27 01:36"
"-1.50","","-5.10","66","770","1027","","","","1.10","","S","Небольшая облачность","2025-11-27 01:37"
"-1.60","","-5.20","65","770","1027","","","","1.10","","S","Небольшая облачность","2025-11-27 01:38"
"-1.60","","-5.20","65","770","1027","","","","1.10","","S","Небольшая облачность","2025-11-27 01:39"
"-1.60","","-5.20","65","770","1027","","","","1.10","","S","Небольшая облачность","2025-11-27 01:40"
"-1.60","","-5.20","65","770","1027","","","","1.10","","S","Небольшая облачность","2025-11-27 01:41"
"-1.60","","-5.20","65","770","1027","","","","1.10","","S","Небольшая облачность","2025-11-27 01:42"
"-1.60","","-5.20","65","770","1027","","","","1.10","","S","Небольшая облачность","2025-11-27 01:43"
"-1.60","","-5.20","66","770","1027","","","","1.10","","S","Небольшая облачность","2025-11-27 01:44"
"-1.60","","-5.20","66","770","1027","","","","1.10","","S","Небольшая облачность","2025-11-27 01:45"
"-1.60","","-5.20","66","770","1027","","","","1.10","","S","Небольшая облачность","2025-11-27 01:46"
"-1.60","","-5.20","66","770","1027","","","","1.10","","S","Небольшая облачность","2025-11-27 01:47"
"-1.60","","-5.20","66","770","1027","","","","1.10","","S","Небольшая облачность","2025-11-27 01:48"
"-1.60","","-5.20","66","770","1027","","","","1.10","","S","Небольшая облачность","2025-11-27 01:49"
"-1.60","","-5.20","66","770","1027","","","","1.10","","S","Небольшая облачность","2025-11-27 01:50"
"-1.60","","-5.20","66","770","1027","","","","1.10","","S","Небольшая облачность","2025-11-27 01:51"
"-1.60","","-5.20","66","770","1027","","","","1.10","","S","Небольшая облачность","2025-11-27 01:52"
"-1.60","","-5.20","66","770","1027","","","","1.10","","S","Небольшая облачность","2025-11-27 01:53"
"-1.60","","-5.20","66","770","1027","","","","1.10","","S","Небольшая облачность","2025-11-27 01:54"
"-1.60","","-5.20","66","770","1027","","","","1.10","","S","Небольшая облачность","2025-11-27 01:55"
"-1.60","","-5.20","66","770","1027","","","","1.10","","S","Небольшая облачность","2025-11-27 01:56"
"-1.60","","-5.20","66","770","1027","","","","1.10","","S","Небольшая облачность","2025-11-27 01:57"
"-1.50","","-5.10","66","770","1027","","","","1.10","","S","Небольшая облачность","2025-11-27 01:58"
"-1.50","","-5.10","66","770","1027","","","","1.10","","S","Небольшая облачность","2025-11-27 01:59"
"-1.50","","-5.10","67","770","1027","","","","1.10","","S","Небольшая облачность","2025-11-27 02:00"
"-1.50","","-5.10","67","770","1027","","","","1.10","","S","Небольшая облачность","2025-11-27 02:01"
"-1.50","","-5.10","67","770","1027","","","","1.10","","S","Небольшая облачность","2025-11-27 02:02"
"-1.50","","-5.10","67","770","1027","","","","1.10","","S","Небольшая облачность","2025-11-27 02:03"
"-1.50","","-5.10","67","770","1027","","","","1.10","","S","Небольшая облачность","2025-11-27 02:04"
"-1.50","","-5.10","67","770","1027","","","","1.10","","S","Небольшая облачность","2025-11-27 02:05"
"-1.50","","-5.10","67","770","1027","","","","1.10","","S","Небольшая облачность","2025-11-27 02:06"
"-1.50","","-5.10","67","770","1027","","","","1.10","","S","Небольшая облачность","2025-11-27 02:07"
"-1.50","","-5.10","67","770","1027","","","","1.10","","S","Небольшая облачность","2025-11-27 02:08"
"-1.50","","-5.10","67","770","1027","","","","1.10","","S","Небольшая облачность","2025-11-27 02:09"
"-1.50","","-5.10","67","770","1027","","","","1.10","","S","Небольшая облачность","2025-11-27 02:10"
"-1.50","","-5.10","67","770","1027","","","","1.10","","S","Небольшая облачность","2025-11-27 02:11"
"-1.50","","-5.10","67","770","1027","","","","1.10","","S","Небольшая облачность","2025-11-27 02:12"
"-1.50","","-5.10","67","770","1027","","","","1.10","","S","Небольшая облачность","2025-11-27 02:13"
"-1.50","","-5.10","67","770","1027","","","","1.10","","S","Небольшая облачность","2025-11-27 02:14"
"-1.50","","-5.10","67","770","1027","","","","1.10","","S","Небольшая облачность","2025-11-27 02:15"
"-1.50","","-5.10","67","770","1027","","","","1.10","","S","Небольшая облачность","2025-11-27 02:16"
"-1.50","","-5.10","67","770","1027","","","","1.10","","S","Небольшая облачность","2025-11-27 02:17"
"-1.50","","-5.10","67","770","1027","","","","1.10","","S","Небольшая облачность","2025-11-27 02:18"
"-1.40","","-4.90","67","770","1027","","","","1.10","","S","Небольшая облачность","2025-11-27 02:19"
"-1.40","","-4.90","67","770","1027","","","","1.10","","S","Небольшая облачность","2025-11-27 02:20"
"-1.40","","-4.90","67","770","1027","","","","1.10","","S","Небольшая облачность","2025-11-27 02:21"
"-1.40","","-4.90","67","770","1027","","","","1.10","","S","Небольшая облачность","2025-11-27 02:22"
"-1.40","","-4.90","67","770","1027","","","","1.10","","S","Небольшая облачность","2025-11-27 02:23"
"-1.40","","-4.90","67","770","1027","","","","1.10","","S","Небольшая облачность","2025-11-27 02:24"
"-1.40","","-4.90","67","770","1027","","","","1.10","","S","Небольшая облачность","2025-11-27 02:25"
"-1.40","","-4.90","67","770","1027","","","","1.10","","S","Небольшая облачность","2025-11-27 02:26"
"-1.40","","-4.90","67","770","1027","","","","1.10","","S","Небольшая облачность","2025-11-27 02:27"
"-1.40","","-4.90","67","770","1027","","","","1.10","","S","Небольшая облачность","2025-11-27 02:28"
"-1.40","","-4.90","67","770","1027","","","","1.10","","S","Небольшая облачность","2025-11-27 02:29"
"-1.40","","-4.90","67","770","1027","","","","1.10","","S","Небольшая облачность","2025-11-27 02:30"
"-1.40","","-4.90","67","770","1027","","","","1.10","","S","Небольшая облачность","2025-11-27 02:31"
"-1.40","","-4.90","67","770","1027","","","","1.10","","S","Небольшая облачность","2025-11-27 02:32"
"-1.40","","-4.90","67","770","1027","","","","1.10","","S","Небольшая облачность","2025-11-27 02:33"
"-1.40","","-4.90","67","770","1027","","","","1.10","","S","Небольшая облачность","2025-11-27 02:34"
"-1.40","","-4.90","67","770","1027","","","","1.10","","S","Небольшая облачность","2025-11-27 02:35"
"-1.40","","-4.90","67","770","1027","","","","1.10","","S","Небольшая облачность","2025-11-27 02:36"
"-1.40","","-4.90","67","770","1027","","","","1.10","","S","Небольшая облачность","2025-11-27 02:37"
"-1.40","","-4.90","67","770","1027","","","","1.10","","S","Небольшая облачность","2025-11-27 02:38"
"-1.40","","-4.90","67","770","1027","","","","1.10","","S","Небольшая облачность","2025-11-27 02:39"
"-1.40","","-4.90","67","770","1027","","","","1.10","","S","Небольшая облачность","2025-11-27 02:40"
"-1.40","","-4.90","67","770","1027","","","","1.10","","S","Небольшая облачность","2025-11-27 02:41"
"-1.40","","-4.90","67","770","1027","","","","1.10","","S","Небольшая облачность","2025-11-27 02:42"
"-1.40","","-4.90","67","770","1027","","","","1.10","","S","Небольшая облачность","2025-11-27 02:43"
"-1.40","","-4.90","67","770","1027","","","","1.10","","S","Небольшая облачность","2025-11-27 02:44"
"-1.30","","-4.80","67","770","1027","","","","1.10","","S","Небольшая облачность","2025-11-27 02:45"
"-1.30","","-4.80","67","770","1027","","","","1.10","","S","Небольшая облачность","2025-11-27 02:46"
"-1.30","","-4.80","67","770","1027","","","","1.10","","S","Небольшая облачность","2025-11-27 02:47"
"-1.30","","-4.80","67","770","1027","","","","1.10","","S","Небольшая облачность","2025-11-27 02:48"
"-1.30","","-4.80","67","770","1027","","","","1.10","","S","Небольшая облачность","2025-11-27 02:49"
"-1.30","","-4.80","67","770","1027","","","","1.10","","S","Небольшая облачность","2025-11-27 02:50"
"-1.30","","-4.80","67","770","1027","","","","1.10","","S","Небольшая облачность","2025-11-27 02:51"
"-1.30","","-4.80","67","770","1027","","","","1.10","","S","Небольшая облачность","2025-11-27 02:52"
"-1.30","","-4.80","67","770","1027","","","","1.10","","S","Небольшая облачность","2025-11-27 02:53"
"-1.30","","-4.80","67","770","1027","","","","1.10","","S","Небольшая облачность","2025-11-27 02:54"
"-1.30","","-4.80","67","770","1027","","","","1.10","","S","Небольшая облачность","2025-11-27 02:55"
"-1.30","","-4.80","67","770","1027","","","","1.10","","S","Небольшая облачность","2025-11-27 02:56"
"-1.20","","-4.70","67","770","1027","","","","1.10","","S","Небольшая облачность","2025-11-27 02:57"
"-1.20","","-4.70","67","770","1027","","","","1.10","","S","Небольшая облачность","2025-11-27 02:58"
"-1.20","","-4.70","68","770","1027","","","","1.10","","S","Небольшая облачность","2025-11-27 02:59"
"-1.20","","-4.70","68","770","1027","","","","1.10","","S","Небольшая облачность","2025-11-27 03:00"
"-1.20","","-4.70","68","770","1027","","","","1.10","","S","Небольшая облачность","2025-11-27 03:01"
"-1.20","","-4.70","68","770","1027","","","","1.10","","S","Небольшая облачность","2025-11-27 03:02"
"-1.20","","-4.70","68","770","1027","","","","1.10","","S","Небольшая облачность","2025-11-27 03:03"
"-1.20","","-4.70","68","770","1027","","","","1.10","","S","Небольшая облачность","2025-11-27 03:04"
"-1.10","","-4.60","68","770","1027","","","","1.10","","S","Небольшая облачность","2025-11-27 03:05"
"-1.10","","-4.60","68","770","1027","","","","1.10","","S","Небольшая облачность","2025-11-27 03:06"
"-1.10","","-4.60","68","770","1027","","","","1.10","","S","Небольшая облачность","2025-11-27 03:07"
"-1.10","","-4.60","68","770","1027","","","","1.10","","S","Небольшая облачность","2025-11-27 03:08"
"-1.10","","-4.60","68","770","1027","","","","1.10","","S","Небольшая облачность","2025-11-27 03:09"
"-1.10","","-4.60","68","770","1027","","","","1.10","","S","Небольшая облачность","2025-11-27 03:10"
"-1.10","","-4.60","68","770","1027","","","","1.10","","S","Небольшая облачность","2025-11-27 03:11"
"-1.10","","-4.60","68","770","1027","","","","1.10","","S","Небольшая облачность","2025-11-27 03:12"
"-1.10","","-4.60","68","770","1027","","","","1.10","","S","Небольшая облачность","2025-11-27 03:13"
"-1.00","","-4.50","68","770","1027","","","","1.10","","S","Небольшая облачность","2025-11-27 03:14"
"-1.00","","-4.50","68","770","1027","","","","1.10","","S","Небольшая облачность","2025-11-27 03:15"
"-1.00","","-4.50","68","770","1027","","","","1.10","","S","Небольшая облачность","2025-11-27 03:16"
"-1.00","","-4.50","68","770","1027","","","","1.10","","S","Небольшая облачность","2025-11-27 03:17"
"-1.00","","-4.50","68","770","1027","","","","1.10","","S","Небольшая облачность","2025-11-27 03:18"
"-1.00","","-4.50","68","770","1027","","","","1.10","","S","Небольшая облачность","2025-11-27 03:19"
"-1.00","","-4.50","68","770","1027","","","","1.10","","S","Небольшая облачность","2025-11-27 03:20"
"-1.00","","-4.50","68","770","1027","","","","1.10","","S","Небольшая облачность","2025-11-27 03:21"
"-1.00","","-4.50","68","770","1027","","","","1.10","","S","Небольшая облачность","2025-11-27 03:22"
"-1.00","","-4.50","68","770","1027","","","","1.10","","S","Небольшая облачность","2025-11-27 03:23"
"-1.00","","-4.50","67","770","1027","","","","1.10","","S","Небольшая облачность","2025-11-27 03:24"
"-1.00","","-4.50","67","770","1027","","","","1.10","","S","Небольшая облачность","2025-11-27 03:25"
"-1.00","","-4.50","67","770","1027","","","","1.10","","S","Небольшая облачность","2025-11-27 03:26"
"-1.00","","-4.50","67","770","1027","","","","1.10","","S","Небольшая облачность","2025-11-27 03:27"
"-1.00","","-4.50","67","770","1027","","","","1.10","","S","Небольшая облачность","2025-11-27 03:28"
"-1.00","","-4.50","67","770","1027","","","","1.10","","S","Небольшая облачность","2025-11-27 03:29"
"-1.00","","-4.50","67","770","1027","","","","1.10","","S","Небольшая облачность","2025-11-27 03:30"
"-1.00","","-4.50","67","770","1027","","","","1.10","","S","Небольшая облачность","2025-11-27 03:31"
"-1.00","","-4.50","67","770","1027","","","","1.10","","S","Небольшая облачность","2025-11-27 03:32"
"-1.00","","-4.50","67","770","1027","","","","1.10","","S","Небольшая облачность","2025-11-27 03:33"
"-1.00","","-4.50","67","770","1027","","","","1.10","","S","Небольшая облачность","2025-11-27 03:34"
"-1.00","","-4.50","67","770","1027","","","","1.10","","S","Небольшая облачность","2025-11-27 03:35"
"-1.00","","-4.50","67","770","1027","","","","1.10","","S","Небольшая облачность","2025-11-27 03:36"
"-1.00","","-4.50","67","770","1027","","","","1.10","","S","Небольшая облачность","2025-11-27 03:37"
"-1.00","","-4.50","67","770","1027","","","","1.10","","S","Небольшая облачность","2025-11-27 03:38"
"-1.00","","-4.50","67","770","1027","","","","1.10","","S","Небольшая облачность","2025-11-27 03:39"
"-1.00","","-4.50","67","770","1027","","","","1.10","","S","Небольшая облачность","2025-11-27 03:40"
"-1.00","","-4.50","67","770","1027","","","","1.10","","S","Небольшая облачность","2025-11-27 03:41"
"-1.00","","-4.50","67","770","1027","","","","1.10","","S","Небольшая облачность","2025-11-27 03:42"
"-1.00","","-4.50","67","770","1027","","","","1.10","","S","Небольшая облачность","2025-11-27 03:43"
"-1.00","","-4.50","67","770","1027","","","","1.10","","S","Небольшая облачность","2025-11-27 03:44"
"-1.00","","-4.50","67","770","1027","","","","1.10","","S","Небольшая облачность","2025-11-27 03:45"
"-1.00","","-4.50","67","770","1027","","","","1.10","","S","Небольшая облачность","2025-11-27 03:46"
"-1.00","","-4.50","67","770","1027","","","","1.10","","S","Небольшая облачность","2025-11-27 03:47"
"-1.00","","-4.50","67","770","1027","","","","1.10","","S","Небольшая облачность","2025-11-27 03:48"
"-1.00","","-4.50","67","770","1027","","","","1.10","","S","Небольшая облачность","2025-11-27 03:49"
"-1.00","","-4.50","67","770","1027","","","","1.10","","S","Небольшая облачность","2025-11-27 03:50"
"-1.00","","-4.50","67","770","1027","","","","1.10","","S","Небольшая облачность","2025-11-27 03:51"
"-1.00","","-4.50","67","771","1028","","","","1.10","","S","Небольшая облачность","2025-11-27 03:52"
"-1.00","","-4.50","67","771","1028","","","","1.10","","S","Небольшая облачность","2025-11-27 03:53"
"-1.00","","-4.50","67","771","1028","","","","1.10","","S","Небольшая облачность","2025-11-27 03:54"
"-1.00","","-4.50","67","771","1028","","","","1.10","","S","Небольшая облачность","2025-11-27 03:55"
"-1.00","","-4.50","67","771","1028","","","","1.10","","S","Небольшая облачность","2025-11-27 03:56"
"-1.00","","-4.50","67","771","1028","","","","1.10","","S","Небольшая облачность","2025-11-27 03:57"
"-1.00","","-4.50","67","771","1028","","","","1.10","","S","Небольшая облачность","2025-11-27 03:58"
"-1.00","","-4.50","67","771","1028","","","","1.10","","S","Небольшая облачность","2025-11-27 03:59"
"-0.90","","-4.40","67","771","1028","","","","1.10","","S","Небольшая облачность","2025-11-27 04:00"
"-0.90","","-4.40","67","771","1028","","","","1.10","","S","Небольшая облачность","2025-11-27 04:01"
"-0.90","","-4.40","67","771","1028","","","","1.10","","S","Небольшая облачность","2025-11-27 04:02"
"-0.90","","-4.40","67","771","1028","","","","1.10","","S","Небольшая облачность","2025-11-27 04:03"
"-0.90","","-4.40","67","771","1028","","","","1.10","","S","Небольшая облачность","2025-11-27 04:04"
"-0.90","","-4.40","67","771","1028","","","","1.10","","S","Небольшая облачность","2025-11-27 04:05"
"-0.90","","-4.40","67","771","1028","","","","1.10","","S","Небольшая облачность","2025-11-27 04:06"
"-0.90","","-4.40","67","771","1028","","","","1.10","","S","Небольшая облачность","2025-11-27 04:07"
"-0.90","","-4.40","67","771","1028","","","","1.10","","S","Небольшая облачность","2025-11-27 04:08"
"-0.90","","-4.40","67","771","1028","","","","1.10","","S","Небольшая облачность","2025-11-27 04:09"
"-0.90","","-4.40","67","771","1028","","","","1.10","","S","Небольшая облачность","2025-11-27 04:10"
"-0.90","","-4.40","67","771","1028","","","","1.10","","S","Небольшая облачность","2025-11-27 04:11"
"-0.90","","-4.40","67","771","1028","","","","1.10","","S","Небольшая облачность","2025-11-27 04:12"
"-0.90","","-4.40","67","771","1028","","","","1.10","","S","Небольшая облачность","2025-11-27 04:13"
"-0.90","","-4.40","67","771","1028","","","","1.10","","S","Небольшая облачность","2025-11-27 04:14"
"-0.80","","-4.30","67","771","1028","","","","1.10","","S","Небольшая облачность","2025-11-27 04:15"
"-0.90","","-4.40","67","771","1028","","","","1.10","","S","Небольшая облачность","2025-11-27 04:16"
"-0.80","","-4.30","67","771","1028","","","","1.10","","S","Небольшая облачность","2025-11-27 04:17"
"-0.80","","-4.30","67","771","1028","","","","1.10","","S","Небольшая облачность","2025-11-27 04:18"
"-0.90","","-4.40","67","771","1028","","","","1.10","","S","Небольшая облачность","2025-11-27 04:19"
"-0.90","","-4.40","67","771","1028","","","","1.10","","S","Небольшая облачность","2025-11-27 04:20"
"-0.90","","-4.40","67","771","1028","","","","1.10","","S","Небольшая облачность","2025-11-27 04:21"
"-0.90","","-4.40","67","771","1028","","","","1.10","","S","Небольшая облачность","2025-11-27 04:22"
"-0.90","","-4.40","67","771","1028","","","","1.10","","S","Небольшая облачность","2025-11-27 04:23"
"-0.80","","-4.30","67","771","1028","","","","1.10","","S","Небольшая облачность","2025-11-27 04:24"
"-0.80","","-4.30","67","771","1028","","","","1.10","","S","Небольшая облачность","2025-11-27 04:25"
"-0.80","","-4.30","67","771","1028","","","","1.10","","S","Небольшая облачность","2025-11-27 04:26"
"-0.80","","-4.30","67","771","1028","","","","1.10","","S","Небольшая облачность","2025-11-27 04:27"
"-0.80","","-4.30","67","771","1028","","","","1.10","","S","Небольшая облачность","2025-11-27 04:28"
"-0.80","","-4.30","67","771","1028","","","","1.10","","S","Небольшая облачность","2025-11-27 04:29"
"-0.70","","-4.20","67","771","1028","","","","1.10","","S","Небольшая облачность","2025-11-27 04:30"
"-0.70","","-4.20","67","771","1028","","","","1.10","","S","Небольшая облачность","2025-11-27 04:31"
"-0.80","","-4.30","67","771","1028","","","","1.10","","S","Небольшая облачность","2025-11-27 04:32"
"-0.80","","-4.30","67","771","1028","","","","1.10","","S","Небольшая облачность","2025-11-27 04:33"
"-0.70","","-4.20","67","771","1028","","","","1.10","","S","Небольшая облачность","2025-11-27 04:34"
"-0.70","","-4.20","67","771","1028","","","","1.10","","S","Небольшая облачность","2025-11-27 04:35"
"-0.70","","-4.20","67","771","1028","","","","1.10","","S","Облачно","2025-11-27 04:36"
"-0.70","","-4.20","67","771","1028","","","","1.10","","S","Облачно","2025-11-27 04:37"
"-0.80","","-4.30","67","771","1028","","","","1.10","","S","Облачно","2025-11-27 04:38"
"-0.80","","-4.30","67","771","1028","","","","1.10","","S","Облачно","2025-11-27 04:39"
"-0.80","","-4.30","67","771","1028","","","","1.10","","S","Облачно","2025-11-27 04:40"
"-0.80","","-4.30","67","771","1028","","","","1.10","","S","Облачно","2025-11-27 04:41"
"-0.70","","-4.20","67","771","1028","","","","1.10","","S","Облачно","2025-11-27 04:42"
"-0.70","","-4.20","67","771","1028","","","","1.10","","S","Облачно","2025-11-27 04:43"
"-0.70","","-4.20","67","771","1028","","","","1.10","","S","Облачно","2025-11-27 04:44"
"-0.70","","-4.20","67","771","1028","","","","1.10","","S","Облачно","2025-11-27 04:45"
"-0.70","","-4.20","67","771","1028","","","","1.10","","S","Облачно","2025-11-27 04:46"
"-0.70","","-4.20","67","771","1028","","","","1.10","","S","Облачно","2025-11-27 04:47"
"-0.70","","-4.20","67","771","1028","","","","1.10","","S","Облачно","2025-11-27 04:48"
"-0.80","","-4.30","67","771","1028","","","","1.10","","S","Облачно","2025-11-27 04:49"
"-0.70","","-4.20","67","771","1028","","","","1.10","","S","Облачно","2025-11-27 04:50"
"-0.70","","-4.20","67","771","1028","","","","1.10","","S","Облачно","2025-11-27 04:51"
"-0.70","","-4.20","67","771","1028","","","","1.10","","S","Облачно","2025-11-27 04:52"
"-0.70","","-4.20","67","771","1028","","","","1.10","","S","Облачно","2025-11-27 04:53"
"-0.70","","-4.20","67","771","1028","","","","1.10","","S","Облачно","2025-11-27 04:54"
"-0.70","","-4.20","67","771","1028","","","","1.10","","S","Облачно","2025-11-27 04:55"
"-0.70","","-4.20","67","771","1028","","","","1.10","","S","Облачно","2025-11-27 04:56"
"-0.70","","-4.20","67","771","1028","","","","1.10","","S","Облачно","2025-11-27 04:57"
"-0.70","","-4.20","67","771","1028","","","","1.10","","S","Облачно","2025-11-27 04:58"
"-0.60","","-4.10","67","771","1028","","","","1.10","","S","Облачно","2025-11-27 04:59"
"-0.60","","-4.10","67","771","1028","","","","1.10","","S","Облачно","2025-11-27 05:00"
"-0.60","","-4.10","68","771","1028","","","","1.10","","S","Облачно","2025-11-27 05:01"
"-0.60","","-4.10","68","771","1028","","","","1.10","","S","Облачно","2025-11-27 05:02"
"-0.50","","-3.90","68","771","1028","","","","1.10","","S","Облачно","2025-11-27 05:03"
"-0.50","","-3.90","68","771","1028","","","","1.10","","S","Облачно","2025-11-27 05:04"
"-0.50","","-3.90","68","771","1028","","","","1.10","","S","Облачно","2025-11-27 05:05"
"-0.50","","-3.90","68","770","1027","","","","1.10","","S","Облачно","2025-11-27 05:06"
"-0.50","","-3.90","68","770","1027","","","","1.10","","S","Облачно","2025-11-27 05:07"
"-0.50","","-3.90","68","770","1027","","","","1.10","","S","Облачно","2025-11-27 05:08"
"-0.50","","-3.90","68","770","1027","","","","1.10","","S","Облачно","2025-11-27 05:09"
"-0.40","","-3.80","68","770","1027","","","","1.10","","S","Облачно","2025-11-27 05:10"
"-0.40","","-3.80","68","770","1027","","","","1.10","","S","Облачно","2025-11-27 05:11"
"-0.40","","-3.80","68","770","1027","","","","1.10","","S","Облачно","2025-11-27 05:12"
"-0.40","","-3.80","68","770","1027","","","","1.10","","S","Облачно","2025-11-27 05:13"
"-0.40","","-3.80","68","770","1027","","","","1.10","","S","Облачно","2025-11-27 05:14"
"-0.40","","-3.80","68","770","1027","","","","1.10","","S","Облачно","2025-11-27 05:15"
"-0.30","","-3.70","68","770","1027","","","","1.10","","S","Облачно","2025-11-27 05:16"
"-0.30","","-3.70","68","770","1027","","","","1.10","","S","Облачно","2025-11-27 05:17"
"-0.30","","-3.70","68","770","1027","","","","1.10","","S","Облачно","2025-11-27 05:18"
"-0.20","","-3.60","68","770","1027","","","","1.10","","S","Облачно","2025-11-27 05:19"
"-0.20","","-3.60","68","770","1027","","","","1.10","","S","Облачно","2025-11-27 05:20"
"-0.20","","-3.60","68","771","1028","","","","1.10","","S","Облачно","2025-11-27 05:21"
"-0.20","","-3.60","68","771","1028","","","","1.10","","S","Облачно","2025-11-27 05:22"
"-0.20","","-3.60","68","771","1028","","","","1.10","","S","Облачно","2025-11-27 05:23"
"-0.20","","-3.60","68","771","1028","","","","1.10","","S","Облачно","2025-11-27 05:24"
"-0.20","","-3.60","68","771","1028","","","","1.10","","S","Облачно","2025-11-27 05:25"
"-0.20","","-3.60","68","771","1028","","","","1.10","","S","Облачно","2025-11-27 05:26"
"-0.20","","-3.60","68","771","1028","","","","1.10","","S","Облачно","2025-11-27 05:27"
"-0.20","","-3.60","68","771","1028","","","","1.10","","S","Облачно","2025-11-27 05:28"
"-0.20","","-3.60","68","771","1028","","","","1.10","","S","Облачно","2025-11-27 05:29"
"-0.20","","-3.60","68","771","1028","","","","1.10","","S","Облачно","2025-11-27 05:30"
"-0.20","","-3.60","68","771","1028","","","","1.10","","S","Облачно","2025-11-27 05:31"
"-0.20","","-3.60","68","771","1028","","","","1.10","","S","Облачно","2025-11-27 05:32"
"-0.20","","-3.60","68","771","1028","","","","1.10","","S","Облачно","2025-11-27 05:33"
"-0.20","","-3.60","68","771","1028","","","","1.10","","S","Облачно","2025-11-27 05:34"
"-0.10","","-3.50","68","771","1028","","","","1.10","","S","Облачно","2025-11-27 05:35"
"-0.10","","-3.50","68","771","1028","","","","1.10","","S","Облачно","2025-11-27 05:36"
"-0.10","","-3.50","68","771","1028","","","","1.10","","S","Облачно","2025-11-27 05:37"
"-0.10","","-3.50","68","771","1028","","","","1.10","","S","Облачно","2025-11-27 05:38"
"-0.10","","-3.50","68","771","1028","","","","1.10","","S","Облачно","2025-11-27 05:39"
"-0.10","","-3.50","68","771","1028","","","","1.10","","S","Облачно","2025-11-27 05:40"
"-0.10","","-3.40","68","771","1028","","","","0.90","","S","Облачно","2025-11-27 05:41"
"-0.10","","-3.20","68","771","1028","","","","0.60","","S","Облачно","2025-11-27 05:42"
"-0.10","","-3.20","68","771","1028","","","","0.60","","S","Облачно","2025-11-27 05:43"
"-0.10","","-3.20","68","771","1028","","","","0.70","","S","Облачно","2025-11-27 05:44"
"-0.10","","-3.20","68","771","1028","","","","1.20","","S","Облачно","2025-11-27 05:45"
"-0.10","","-3.60","68","771","1028","","","","1.30","","S","Облачно","2025-11-27 05:46"
"-0.10","","-3.60","68","771","1028","","","","1.30","","S","Облачно","2025-11-27 05:47"
"-0.10","","-3.60","68","771","1028","","","","1.30","","S","Облачно","2025-11-27 05:48"
"-0.10","","-3.40","67","771","1028","","","","1.20","","S","Облачно","2025-11-27 05:49"
"-0.10","","-3.60","67","771","1028","","","","1.20","","S","Облачно","2025-11-27 05:50"
"-0.10","","-3.60","67","771","1028","","","","1.20","","S","Облачно","2025-11-27 05:51"
"-0.10","","-3.40","67","771","1028","","","","0.90","","S","Облачно","2025-11-27 05:52"
"-0.10","","-3.40","67","771","1028","","","","1.30","","S","Облачно","2025-11-27 05:53"
"-0.10","","-3.70","67","771","1028","","","","1.30","","S","Облачно","2025-11-27 05:54"
"-0.10","","-3.70","67","771","1028","","","","1.30","","S","Облачно","2025-11-27 05:55"
"-0.10","","-3.50","67","771","1028","","","","1.10","","S","Облачно","2025-11-27 05:56"
"-0.10","","-3.50","67","771","1028","","","","1.20","","S","Облачно","2025-11-27 05:57"
"-0.10","","-3.60","67","771","1028","","","","1.30","","S","Облачно","2025-11-27 05:58"
"-0.10","","-3.70","67","771","1028","","","","1.30","","S","Облачно","2025-11-27 05:59"
"-0.10","","-3.70","67","771","1028","","","","0.90","","S","Облачно","2025-11-27 06:00"
"-0.10","","-3.40","67","771","1028","","","","1.40","","S","Облачно","2025-11-27 06:01"
"-0.10","","-3.40","67","771","1028","","","","1.40","","S","Облачно","2025-11-27 06:02"
"-0.10","","-3.70","67","771","1028","","","","1.20","","S","Облачно","2025-11-27 06:03"
"-0.10","","-3.70","67","771","1028","","","","1.80","","S","Облачно","2025-11-27 06:04"
"-0.10","","-3.70","67","771","1028","","","","1.80","","S","Облачно","2025-11-27 06:05"
"0.00","","-3.30","67","771","1028","","","","1.10","","S","Облачно","2025-11-27 06:06"
"0.00","","-3.40","67","771","1028","","","","1.10","","S","Облачно","2025-11-27 06:07"
"0.00","","-3.40","67","771","1028","","","","2.10","","S","Облачно","2025-11-27 06:08"
"0.00","","-4.10","67","771","1028","","","","1.80","","S","Облачно","2025-11-27 06:09"
"0.00","","-4.10","67","771","1028","","","","0.60","","S","Облачно","2025-11-27 06:10"
"0.10","","-3.00","67","771","1028","","","","0.60","","S","Облачно","2025-11-27 06:11"
"0.10","","-3.60","67","771","1028","","","","1.50","","S","Облачно","2025-11-27 06:12"
"0.10","","-3.20","67","771","1028","","","","1.00","","S","Облачно","2025-11-27 06:13"
"0.10","","-3.20","68","771","1028","","","","1.20","","S","Облачно","2025-11-27 06:14"
"0.10","","-3.20","68","771","1028","","","","0.70","","S","Облачно","2025-11-27 06:15"
"0.20","","-2.90","68","771","1028","","","","0.90","","S","Облачно","2025-11-27 06:16"
"0.20","","-3.00","68","771","1028","","","","1.40","","S","Облачно","2025-11-27 06:17"
"0.20","","-3.00","68","771","1028","","","","1.40","","S","Облачно","2025-11-27 06:18"
"0.20","","-3.50","67","771","1028","","","","1.50","","S","Облачно","2025-11-27 06:19"
"0.20","","-3.80","67","771","1028","","","","1.90","","S","Облачно","2025-11-27 06:20"
"0.20","","-3.80","67","771","1028","","","","1.90","","S","Облачно","2025-11-27 06:21"
"0.20","","-3.80","67","771","1028","","","","1.90","","S","Облачно","2025-11-27 06:22"
"0.20","","-3.30","67","771","1028","","","","1.30","","S","Облачно","2025-11-27 06:23"
"0.20","","-3.80","67","771","1028","","","","1.90","","S","Облачно","2025-11-27 06:24"
"0.20","","-3.80","67","771","1028","","","","1.90","","S","Облачно","2025-11-27 06:25"
"0.20","","-3.80","67","771","1028","","","","2.10","","S","Облачно","2025-11-27 06:26"
"0.30","","-2.70","67","771","1028","","","","0.50","","S","Облачно","2025-11-27 06:27"
"0.30","","-3.40","67","771","1028","","","","1.50","","S","Облачно","2025-11-27 06:28"
"0.30","","-3.40","67","771","1028","","","","1.50","","S","Облачно","2025-11-27 06:29"
"0.30","","-3.40","67","771","1028","","","","0.50","","S","Облачно","2025-11-27 06:30"
"0.30","","-3.40","67","771","1028","","","","0.50","","S","Облачно","2025-11-27 06:31"
"0.30","","-2.70","66","771","1028","","","","0.50","","S","Облачно","2025-11-27 06:32"
"0.30","","-2.80","66","771","1028","","","","0.70","","S","Облачно","2025-11-27 06:33"
"0.30","","-2.80","66","771","1028","","","","0.70","","S","Облачно","2025-11-27 06:34"
"0.40","","-2.90","66","771","1028","","","","0.90","","S","Облачно","2025-11-27 06:35"
"0.40","","-2.60","66","771","1028","","","","0.50","","S","Облачно","2025-11-27 06:36"
"0.40","","-2.60","66","771","1028","","","","0.60","","S","Облачно","2025-11-27 06:37"
"0.40","","-2.60","66","771","1028","","","","0.60","","S","Облачно","2025-11-27 06:38"
"0.40","","-2.60","66","771","1028","","","","0.50","","S","Облачно","2025-11-27 06:39"
"0.40","","-2.60","66","771","1028","","","","0.50","","S","Облачно","2025-11-27 06:40"
"0.40","","-2.60","66","771","1028","","","","0.60","","S","Облачно","2025-11-27 06:41"
"0.40","","-2.60","66","771","1028","","","","0.60","","S","Облачно","2025-11-27 06:42"
"0.40","","-2.20","66","771","1028","","","","0.00","","S","Облачно","2025-11-27 06:43"
"0.40","","-2.20","66","771","1028","","","","0.50","","S","Облачно","2025-11-27 06:44"
"0.40","","-2.60","65","771","1028","","","","0.50","","S","Облачно","2025-11-27 06:45"
"0.50","","-2.40","65","771","1028","","","","0.40","","S","Облачно","2025-11-27 06:46"
"0.50","","-2.50","65","771","1028","","","","0.40","","S","Облачно","2025-11-27 06:47"
"0.50","","-2.50","65","771","1028","","","","0.40","","S","Облачно","2025-11-27 06:48"
"0.50","","-2.20","64","771","1028","","","","0.00","","S","Облачно","2025-11-27 06:49"
"0.50","","-2.20","64","771","1028","","","","0.00","","S","Облачно","2025-11-27 06:50"
"0.50","","-2.20","64","771","1028","","","","0.00","","S","Облачно","2025-11-27 06:51"
"0.50","","-2.20","64","771","1028","","","","0.00","","S","Облачно","2025-11-27 06:52"
"0.50","","-2.20","64","771","1028","","","","0.00","","S","Облачно","2025-11-27 06:53"
"0.50","","-2.20","64","771","1028","","","","0.00","","S","Облачно","2025-11-27 06:54"
"0.50","","-2.20","64","771","1028","","","","0.00","","S","Облачно","2025-11-27 06:55"
"0.50","","-2.20","64","771","1028","","","","0.00","","S","Облачно","2025-11-27 06:56"
"0.50","","-2.20","64","771","1028","","","","0.00","","S","Облачно","2025-11-27 06:57"
"0.50","","-2.20","64","771","1028","","","","0.00","","S","Облачно","2025-11-27 06:58"
"0.60","","-2.30","64","771","1028","","","","0.50","","S","Облачно","2025-11-27 06:59"
"0.60","","-2.40","63","771","1028","","","","0.50","","S","Облачно","2025-11-27 07:00"
"0.60","","-2.70","63","771","1028","","","","0.90","","S","Облачно","2025-11-27 07:01"
"0.60","","-2.40","63","771","1028","","","","0.50","","S","Облачно","2025-11-27 07:02"
"0.60","","-2.40","63","771","1028","","","","0.40","","S","Облачно","2025-11-27 07:03"
"0.60","","-2.40","63","771","1028","","","","0.40","","S","Облачно","2025-11-27 07:04"
"0.60","","-2.40","63","771","1028","","","","0.40","","S","Облачно","2025-11-27 07:05"
"0.60","","-2.50","63","771","1028","","","","0.60","","S","Облачно","2025-11-27 07:06"
"0.60","","-2.40","63","771","1028","","","","0.40","","S","Облачно","2025-11-27 07:07"
"0.60","","-2.40","63","771","1028","","","","0.40","","S","Облачно","2025-11-27 07:08"
"0.60","","-2.40","62","771","1028","","","","0.40","","S","Облачно","2025-11-27 07:09"
"0.60","","-2.10","62","771","1028","","","","0.00","","S","Облачно","2025-11-27 07:10"
"0.60","","-2.10","63","771","1028","","","","0.00","","S","Облачно","2025-11-27 07:11"
"0.70","","-2.00","63","771","1028","","","","0.40","","S","Облачно","2025-11-27 07:12"
"0.70","","-2.30","62","771","1028","","","","0.40","","S","Облачно","2025-11-27 07:13"
"0.70","","-2.30","62","771","1028","","","","0.40","","S","Облачно","2025-11-27 07:14"
"0.70","","-2.30","62","771","1028","","","","0.40","","S","Облачно","2025-11-27 07:15"
"0.70","","-2.30","62","771","1028","","","","0.40","","S","Облачно","2025-11-27 07:16"
"0.70","","-2.30","62","771","1028","","","","0.00","","S","Облачно","2025-11-27 07:17"
"0.70","","-2.30","62","771","1028","","","","0.00","","S","Облачно","2025-11-27 07:18"
"0.70","","-2.30","62","771","1028","","","","0.00","","S","Облачно","2025-11-27 07:19"
"0.70","","-2.30","62","771","1028","","","","0.40","","S","Облачно","2025-11-27 07:20"
"0.80","","-2.20","62","771","1028","","","","1.30","","S","Облачно","2025-11-27 07:21"
"0.80","","-2.20","62","771","1028","","","","1.30","","S","Облачно","2025-11-27 07:22"
"0.70","","-2.60","62","771","1028","","","","0.40","","S","Облачно","2025-11-27 07:23"
"0.80","","-2.20","62","771","1028","","","","0.40","","S","Облачно","2025-11-27 07:24"
"0.80","","-2.20","61","771","1028","","","","0.60","","S","Облачно","2025-11-27 07:25"
"0.80","","-2.30","61","771","1028","","","","0.40","","S","Облачно","2025-11-27 07:26"
"0.80","","-2.30","61","771","1028","","","","0.40","","S","Облачно","2025-11-27 07:27"
"0.80","","-2.50","62","771","1028","","","","0.70","","S","Облачно","2025-11-27 07:28"
"0.80","","-2.40","62","771","1028","","","","0.70","","S","Облачно","2025-11-27 07:29"
"0.80","","-2.40","62","771","1028","","","","0.00","","S","Облачно","2025-11-27 07:30"
"0.90","","-2.10","62","771","1028","","","","0.50","","S","Облачно","2025-11-27 07:31"
"0.90","","-2.30","62","771","1028","","","","0.70","","S","Облачно","2025-11-27 07:32"
"0.90","","-2.30","61","771","1028","","","","0.50","","S","Облачно","2025-11-27 07:33"
"0.90","","-2.10","61","771","1028","","","","0.40","","S","Облачно","2025-11-27 07:34"
"0.90","","-2.10","61","771","1028","","","","0.40","","S","Облачно","2025-11-27 07:35"
"0.90","","-2.10","61","771","1028","","","","0.50","","S","Небольшая облачность","2025-11-27 07:36"
"0.90","","-2.10","61","771","1028","","","","0.50","","S","Небольшая облачность","2025-11-27 07:37"
"0.90","","-1.80","61","771","1028","","","","0.00","","S","Небольшая облачность","2025-11-27 07:38"
"0.90","","-2.10","61","771","1028","","","","0.40","","S","Небольшая облачность","2025-11-27 07:39"
"0.90","","-2.30","61","771","1028","","","","0.70","","S","Небольшая облачность","2025-11-27 07:40"
"0.90","","-2.30","61","771","1028","","","","0.60","","S","Небольшая облачность","2025-11-27 07:41"
"0.90","","-2.20","61","771","1028","","","","0.60","","S","Небольшая облачность","2025-11-27 07:42"
"1.00","","-2.00","61","771","1028","","","","0.40","","S","Небольшая облачность","2025-11-27 07:43"
"1.00","","-2.00","61","771","1028","","","","0.40","","S","Небольшая облачность","2025-11-27 07:44"
"1.00","","-2.00","61","771","1028","","","","1.30","","S","Небольшая облачность","2025-11-27 07:45"
"1.00","","-2.60","61","771","1028","","","","0.70","","S","Небольшая облачность","2025-11-27 07:46"
"1.00","","-2.20","61","771","1028","","","","0.60","","S","Небольшая облачность","2025-11-27 07:47"
"1.00","","-2.10","61","771","1028","","","","0.90","","S","Небольшая облачность","2025-11-27 07:48"
"1.00","","-2.30","61","771","1028","","","","0.70","","S","Небольшая облачность","2025-11-27 07:49"
"1.00","","-2.20","61","771","1028","","","","0.70","","S","Небольшая облачность","2025-11-27 07:50"
"1.00","","-2.00","61","771","1028","","","","0.40","","S","Небольшая облачность","2025-11-27 07:51"
"1.00","","-2.00","61","771","1028","","","","0.40","","S","Небольшая облачность","2025-11-27 07:52"
"1.00","","-2.00","61","771","1028","","","","0.40","","S","Небольшая облачность","2025-11-27 07:53"
"1.00","","-3.00","60","771","1028","","","","1.80","","S","Небольшая облачность","2025-11-27 07:54"
"1.00","","-3.00","60","771","1028","","","","1.80","","S","Небольшая облачность","2025-11-27 07:55"
"1.00","","-3.00","60","771","1028","","","","0.90","","S","Небольшая облачность","2025-11-27 07:56"
"1.00","","-2.30","60","771","1028","","","","0.70","","S","Небольшая облачность","2025-11-27 07:57"
"1.00","","-2.00","60","771","1028","","","","0.40","","S","Небольшая облачность","2025-11-27 07:58"
"1.10","","-1.90","60","771","1028","","","","0.50","","S","Небольшая облачность","2025-11-27 07:59"
"1.10","","-1.90","60","771","1028","","","","0.40","","S","Небольшая облачность","2025-11-27 08:00"
"1.10","","-1.90","60","771","1028","","","","0.50","","S","Небольшая облачность","2025-11-27 08:01"
"1.10","","-1.90","60","771","1028","","","","0.60","","S","Небольшая облачность","2025-11-27 08:02"
"1.10","","-2.00","60","771","1028","","","","0.60","","S","Небольшая облачность","2025-11-27 08:03"
"1.10","","-2.00","60","771","1028","","","","0.60","","S","Небольшая облачность","2025-11-27 08:04"
"1.10","","-2.10","60","771","1028","","","","1.20","","S","Небольшая облачность","2025-11-27 08:05"
"1.10","","-2.40","60","771","1028","","","","1.20","","S","Небольшая облачность","2025-11-27 08:06"
"1.10","","-2.70","60","771","1028","","","","1.20","","S","Небольшая облачность","2025-11-27 08:07"
"1.10","","-2.40","60","771","1028","","","","1.20","","S","Небольшая облачность","2025-11-27 08:08"
"1.10","","-2.10","60","771","1028","","","","0.70","","S","Небольшая облачность","2025-11-27 08:09"
"1.10","","-2.00","60","771","1028","","","","0.60","","S","Небольшая облачность","2025-11-27 08:10"
"1.10","","-2.00","60","771","1028","","","","0.60","","S","Небольшая облачность","2025-11-27 08:11"
"1.10","","-2.00","60","771","1028","","","","0.70","","S","Небольшая облачность","2025-11-27 08:12"
"1.20","","-1.50","60","771","1028","","","","0.00","","S","Небольшая облачность","2025-11-27 08:13"
"1.20","","-1.50","60","771","1028","","","","0.00","","S","Небольшая облачность","2025-11-27 08:14"
"1.20","","-1.50","60","771","1028","","","","0.00","","S","Небольшая облачность","2025-11-27 08:15"
"1.20","","-1.50","60","771","1028","","","","0.40","","S","Небольшая облачность","2025-11-27 08:16"
"1.20","","-1.80","60","771","1028","","","","0.40","","S","Небольшая облачность","2025-11-27 08:17"
"1.20","","-1.80","60","771","1028","","","","0.60","","S","Небольшая облачность","2025-11-27 08:18"
"1.20","","-1.90","60","771","1028","","","","0.00","","S","Небольшая облачность","2025-11-27 08:19"
"1.20","","-1.90","60","771","1028","","","","1.10","","S","Небольшая облачность","2025-11-27 08:20"
"1.30","","-2.10","60","771","1028","","","","1.10","","S","Небольшая облачность","2025-11-27 08:21"
"1.20","","-2.30","60","771","1028","","","","1.30","","S","Небольшая облачность","2025-11-27 08:22"
"1.20","","-2.40","60","771","1028","","","","1.30","","S","Небольшая облачность","2025-11-27 08:23"
"1.30","","-1.90","60","771","1028","","","","0.70","","S","Небольшая облачность","2025-11-27 08:24"
"1.20","","-2.00","60","771","1028","","","","1.30","","S","Небольшая облачность","2025-11-27 08:25"
"1.20","","-2.00","60","771","1028","","","","1.20","","S","Небольшая облачность","2025-11-27 08:26"
"1.20","","-2.30","60","771","1028","","","","0.50","","S","Небольшая облачность","2025-11-27 08:27"
"1.20","","-1.90","59","771","1028","","","","0.50","","S","Небольшая облачность","2025-11-27 08:28"
"1.30","","-1.70","59","771","1028","","","","0.50","","S","Небольшая облачность","2025-11-27 08:29"
"1.30","","-1.70","59","771","1028","","","","0.70","","S","Небольшая облачность","2025-11-27 08:30"
"1.30","","-1.90","59","771","1028","","","","0.70","","S","Небольшая облачность","2025-11-27 08:31"
"1.30","","-1.70","59","771","1028","","","","0.50","","S","Небольшая облачность","2025-11-27 08:32"
"1.30","","-1.70","59","771","1028","","","","0.50","","S","Небольшая облачность","2025-11-27 08:33"
"1.30","","-1.70","59","771","1028","","","","0.50","","S","Небольшая облачность","2025-11-27 08:34"
"1.30","","-1.70","59","771","1028","","","","0.50","","S","Небольшая облачность","2025-11-27 08:35"
"1.30","","-1.70","59","771","1028","","","","0.40","","S","Облачно","2025-11-27 08:36"
"1.30","","-1.70","59","771","1028","","","","0.40","","S","Облачно","2025-11-27 08:37"
"1.30","","-1.70","59","771","1028","","","","0.40","","S","Облачно","2025-11-27 08:38"
"1.30","","-1.40","59","771","1028","","","","0.00","","S","Облачно","2025-11-27 08:39"
"1.30","","-2.00","59","771","1028","","","","0.50","","S","Облачно","2025-11-27 08:40"
"1.30","","-2.00","59","771","1028","","","","1.00","","S","Облачно","2025-11-27 08:41"
"1.30","","-2.00","59","771","1028","","","","0.50","","S","Облачно","2025-11-27 08:42"
"1.40","","-1.60","60","771","1028","","","","0.50","","S","Облачно","2025-11-27 08:43"
"1.40","","-1.50","60","771","1028","","","","0.40","","S","Облачно","2025-11-27 08:44"
"1.50","","-1.40","60","771","1028","","","","0.00","","S","Облачно","2025-11-27 08:45"
"1.50","","-1.40","60","771","1028","","","","0.50","","S","Облачно","2025-11-27 08:46"
"1.50","","-1.50","60","771","1028","","","","0.70","","S","Облачно","2025-11-27 08:47"
"1.50","","-1.60","60","771","1028","","","","0.00","","S","Облачно","2025-11-27 08:48"
"1.50","","-1.20","60","771","1028","","","","0.00","","S","Облачно","2025-11-27 08:49"
"1.50","","-1.40","60","771","1028","","","","0.40","","S","Облачно","2025-11-27 08:50"
"1.50","","-1.60","60","770","1027","","","","0.60","","S","Облачно","2025-11-27 08:51"
"1.50","","-1.60","60","770","1027","","","","0.70","","S","Облачно","2025-11-27 08:52"
"1.50","","-2.10","60","770","1027","","","","1.30","","S","Облачно","2025-11-27 08:53"
"1.50","","-1.90","59","770","1027","","","","2.00","","S","Облачно","2025-11-27 08:54"
"1.60","","-2.50","59","770","1027","","","","0.90","","S","Облачно","2025-11-27 08:55"
"1.60","","-1.70","59","770","1027","","","","0.90","","S","Облачно","2025-11-27 08:56"
"1.60","","-1.70","60","770","1027","","","","0.70","","S","Облачно","2025-11-27 08:57"
"1.60","","-1.70","60","770","1027","","","","0.70","","S","Облачно","2025-11-27 08:58"
"1.60","","-1.80","59","770","1027","","","","0.70","","S","Облачно","2025-11-27 08:59"
"1.60","","-1.60","59","770","1027","","","","0.90","","S","Облачно","2025-11-27 09:00"
"1.60","","-1.70","59","770","1027","","","","0.50","","S","Облачно","2025-11-27 09:01"
"1.60","","-1.40","59","770","1027","","","","0.50","","S","Облачно","2025-11-27 09:02"
"1.60","","-1.40","59","770","1027","","","","0.50","","S","Облачно","2025-11-27 09:03"
"1.60","","-1.40","59","770","1027","","","","0.50","","S","Облачно","2025-11-27 09:04"
"1.60","","-1.40","59","770","1027","","","","1.00","","S","Облачно","2025-11-27 09:05"
"1.60","","-1.80","59","770","1027","","","","1.00","","S","Облачно","2025-11-27 09:06"
"1.60","","-1.80","59","770","1027","","","","1.00","","S","Облачно","2025-11-27 09:07"
"1.60","","-1.80","59","770","1027","","","","1.20","","S","Облачно","2025-11-27 09:08"
"1.60","","-1.90","59","770","1027","","","","1.20","","S","Облачно","2025-11-27 09:09"
"1.60","","-1.80","59","770","1027","","","","1.10","","S","Облачно","2025-11-27 09:10"
"1.60","","-1.70","59","770","1027","","","","0.50","","S","Облачно","2025-11-27 09:11"
"1.60","","-1.40","59","770","1027","","","","0.50","","S","Облачно","2025-11-27 09:12"
"1.60","","-1.40","59","770","1027","","","","0.40","","S","Облачно","2025-11-27 09:13"
"1.60","","-1.60","59","770","1027","","","","0.70","","S","Облачно","2025-11-27 09:14"
"1.70","","-1.80","59","770","1027","","","","1.20","","S","Облачно","2025-11-27 09:15"
"1.70","","-1.40","59","770","1027","","","","0.90","","S","Облачно","2025-11-27 09:16"
"1.70","","-1.60","59","770","1027","","","","0.50","","S","Облачно","2025-11-27 09:17"
"1.70","","-1.30","59","770","1027","","","","0.50","","S","Облачно","2025-11-27 09:18"
"1.70","","-1.30","59","770","1027","","","","0.90","","S","Облачно","2025-11-27 09:19"
"1.70","","-1.60","59","770","1027","","","","0.90","","S","Облачно","2025-11-27 09:20"
"1.70","","-1.70","59","770","1027","","","","1.00","","S","Облачно","2025-11-27 09:21"
"1.70","","-1.70","59","770","1027","","","","1.00","","S","Облачно","2025-11-27 09:22"
"1.70","","-1.70","59","770","1027","","","","1.10","","S","Облачно","2025-11-27 09:23"
"1.70","","-1.90","59","770","1027","","","","0.40","","S","Облачно","2025-11-27 09:24"
"1.70","","-1.20","59","770","1027","","","","0.40","","S","Облачно","2025-11-27 09:25"
"1.70","","-1.40","59","770","1027","","","","0.00","","S","Облачно","2025-11-27 09:26"
"1.70","","-1.40","59","770","1027","","","","0.00","","S","Облачно","2025-11-27 09:27"
"1.80","","-1.20","59","770","1027","","","","0.70","","S","Облачно","2025-11-27 09:28"
"1.80","","-1.20","59","770","1027","","","","0.70","","S","Облачно","2025-11-27 09:29"
"1.80","","-1.10","59","770","1027","","","","0.50","","S","Облачно","2025-11-27 09:30"
"1.80","","-1.10","59","770","1027","","","","0.50","","S","Облачно","2025-11-27 09:31"
"1.80","","-1.30","59","770","1027","","","","0.90","","S","Облачно","2025-11-27 09:32"
"1.80","","-1.30","59","770","1027","","","","0.90","","S","Облачно","2025-11-27 09:33"
"1.90","","-1.60","59","770","1027","","","","1.00","","S","Облачно","2025-11-27 09:34"
"1.90","","-1.40","59","770","1027","","","","1.00","","S","Облачно","2025-11-27 09:35"
"1.90","","-1.40","59","771","1028","","","","1.00","","S","Облачно","2025-11-27 09:36"
"1.90","","-1.60","59","771","1028","","","","1.10","","S","Облачно","2025-11-27 09:37"
"1.90","","-1.50","59","771","1028","","","","1.10","","S","Облачно","2025-11-27 09:38"
"1.90","","-1.60","59","771","1028","","","","1.30","","S","Облачно","2025-11-27 09:39"
"1.90","","-1.60","59","771","1028","","","","0.70","","S","Облачно","2025-11-27 09:40"
"1.90","","-1.20","59","771","1028","","","","0.00","","S","Облачно","2025-11-27 09:41"
"1.90","","-1.20","59","771","1028","","","","0.00","","S","Облачно","2025-11-27 09:42"
"1.90","","-1.20","59","771","1028","","","","0.00","","S","Облачно","2025-11-27 09:43"
"2.00","","-1.00","59","771","1028","","","","0.60","","S","Облачно","2025-11-27 09:44"
"2.00","","-1.00","59","771","1028","","","","1.10","","S","Облачно","2025-11-27 09:45"
"2.00","","-1.40","59","771","1028","","","","0.60","","S","Облачно","2025-11-27 09:46"
"2.00","","-1.00","59","771","1028","","","","0.60","","S","Облачно","2025-11-27 09:47"
"2.00","","-1.00","59","771","1028","","","","0.50","","S","Облачно","2025-11-27 09:48"
"2.00","","-1.00","59","771","1028","","","","0.50","","S","Облачно","2025-11-27 09:49"
"2.00","","-1.00","59","771","1028","","","","0.60","","S","Облачно","2025-11-27 09:50"
"2.00","","-1.00","59","771","1028","","","","0.50","","S","Облачно","2025-11-27 09:51"
"2.00","","-1.00","59","771","1028","","","","0.40","","S","Облачно","2025-11-27 09:52"
"2.10","","-0.80","60","771","1028","","","","0.00","","S","Облачно","2025-11-27 09:53"
"2.10","","-0.80","60","771","1028","","","","1.80","","S","Облачно","2025-11-27 09:54"
"2.10","","-1.80","60","771","1028","","","","1.80","","S","Облачно","2025-11-27 09:55"
"2.10","","-1.30","60","771","1028","","","","0.60","","S","Облачно","2025-11-27 09:56"
"2.10","","-0.90","60","771","1028","","","","0.60","","S","Облачно","2025-11-27 09:57"
"2.10","","-0.90","60","771","1028","","","","0.60","","S","Облачно","2025-11-27 09:58"
"2.10","","-1.40","59","771","1028","","","","1.30","","S","Облачно","2025-11-27 09:59"
"2.00","","-1.50","59","771","1028","","","","1.30","","S","Облачно","2025-11-27 10:00"
"2.00","","-1.60","59","771","1028","","","","1.20","","S","Облачно","2025-11-27 10:01"
"2.00","","-1.50","59","771","1028","","","","1.20","","S","Облачно","2025-11-27 10:02"
"2.00","","-1.50","59","771","1028","","","","1.90","","S","Облачно","2025-11-27 10:03"
"2.00","","-2.00","59","771","1028","","","","1.50","","S","Облачно","2025-11-27 10:04"
"1.90","","-1.80","59","771","1028","","","","0.60","","S","Облачно","2025-11-27 10:05"
"1.90","","-1.20","59","771","1029","","","","0.60","","S","Облачно","2025-11-27 10:06"
"1.90","","-1.20","59","771","1029","","","","0.60","","S","Облачно","2025-11-27 10:07"
"1.90","","-1.50","59","771","1029","","","","1.10","","S","Облачно","2025-11-27 10:08"
"1.90","","-1.50","59","771","1029","","","","1.10","","S","Облачно","2025-11-27 10:09"
"2.00","","-1.00","59","771","1029","","","","0.70","","S","Облачно","2025-11-27 10:10"
"1.90","","-1.20","59","771","1029","","","","0.50","","S","Облачно","2025-11-27 10:11"
"1.90","","-1.20","59","771","1029","","","","0.50","","S","Облачно","2025-11-27 10:12"
"2.00","","-1.00","59","771","1029","","","","0.60","","S","Облачно","2025-11-27 10:13"
"2.00","","-1.00","60","771","1029","","","","0.60","","S","Облачно","2025-11-27 10:14"
"2.00","","-1.00","60","771","1029","","","","0.60","","S","Облачно","2025-11-27 10:15"
"2.00","","-1.00","60","771","1029","","","","0.60","","S","Облачно","2025-11-27 10:16"
"2.00","","-1.30","60","771","1029","","","","0.70","","S","Облачно","2025-11-27 10:17"
"2.00","","-1.10","60","771","1029","","","","1.70","","S","Облачно","2025-11-27 10:18"
"2.00","","-1.80","60","771","1029","","","","1.70","","S","Облачно","2025-11-27 10:19"
"2.00","","-1.80","60","771","1029","","","","0.60","","S","Облачно","2025-11-27 10:20"
"2.00","","-1.80","60","771","1029","","","","0.60","","S","Облачно","2025-11-27 10:21"
"2.00","","-1.10","60","770","1027","","","","0.70","","S","Облачно","2025-11-27 10:22"
"2.00","","-1.10","60","770","1027","","","","0.70","","S","Облачно","2025-11-27 10:23"
"2.00","","-1.00","60","770","1027","","","","1.40","","S","Облачно","2025-11-27 10:24"
"2.00","","-1.60","60","770","1027","","","","0.00","","S","Облачно","2025-11-27 10:25"
"2.00","","-0.60","60","770","1027","","","","0.00","","S","Облачно","2025-11-27 10:26"
"2.00","","-0.60","60","770","1027","","","","0.00","","S","Облачно","2025-11-27 10:27"
"2.00","","-0.60","60","770","1027","","","","1.30","","S","Облачно","2025-11-27 10:28"
"2.00","","-1.00","60","770","1027","","","","1.00","","S","Облачно","2025-11-27 10:29"
"2.00","","-1.30","60","770","1027","","","","1.00","","S","Облачно","2025-11-27 10:30"
"2.00","","-1.10","60","770","1027","","","","0.70","","S","Облачно","2025-11-27 10:31"
"2.00","","-1.10","60","770","1027","","","","0.70","","S","Облачно","2025-11-27 10:32"
"2.00","","-1.40","60","770","1027","","","","1.20","","S","Облачно","2025-11-27 10:33"
"2.00","","-1.40","60","770","1027","","","","1.20","","S","Облачно","2025-11-27 10:34"
"2.00","","-1.90","60","770","1027","","","","1.90","","S","Облачно","2025-11-27 10:35"
"2.00","","-1.90","60","770","1027","","","","1.90","","S","Облачно","2025-11-27 10:36"
"2.00","","-1.10","60","771","1028","","","","0.70","","S","Облачно","2025-11-27 10:37"
"2.00","","-0.90","60","771","1028","","","","0.40","","S","Облачно","2025-11-27 10:38"
"2.00","","-0.90","60","771","1028","","","","0.40","","S","Облачно","2025-11-27 10:39"
"2.10","","-1.20","60","771","1028","","","","0.60","","S","Облачно","2025-11-27 10:40"
"2.10","","-0.90","60","771","1028","","","","0.00","","S","Облачно","2025-11-27 10:41"
"2.10","","-0.90","60","771","1028","","","","0.00","","S","Облачно","2025-11-27 10:42"
"2.10","","-0.50","61","771","1028","","","","0.50","","S","Облачно","2025-11-27 10:43"
"2.10","","-0.80","61","771","1028","","","","0.50","","S","Облачно","2025-11-27 10:44"
"2.10","","-1.10","61","771","1028","","","","0.90","","S","Облачно","2025-11-27 10:45"
"2.10","","-1.20","61","771","1028","","","","1.50","","S","Облачно","2025-11-27 10:46"
"2.10","","-1.20","61","771","1028","","","","1.50","","S","Облачно","2025-11-27 10:47"
"2.10","","-1.00","61","771","1028","","","","0.70","","S","Облачно","2025-11-27 10:48"
"2.10","","-1.00","61","771","1028","","","","0.60","","S","Облачно","2025-11-27 10:49"
"2.10","","-1.00","61","771","1028","","","","1.20","","S","Облачно","2025-11-27 10:50"
"2.20","","-1.20","61","771","1028","","","","1.20","","S","Облачно","2025-11-27 10:51"
"2.20","","-1.20","61","771","1028","","","","1.40","","S","Облачно","2025-11-27 10:52"
"2.20","","-0.80","61","771","1028","","","","0.70","","S","Облачно","2025-11-27 10:53"
"2.20","","-0.80","61","771","1028","","","","0.70","","S","Облачно","2025-11-27 10:54"
"2.20","","-0.70","61","771","1028","","","","1.10","","S","Облачно","2025-11-27 10:55"
"2.20","","-1.10","61","771","1028","","","","0.70","","S","Облачно","2025-11-27 10:56"
"2.20","","-0.80","61","771","1028","","","","0.50","","S","Облачно","2025-11-27 10:57"
"2.20","","-0.80","61","771","1028","","","","0.50","","S","Облачно","2025-11-27 10:58"
"2.20","","-0.60","61","771","1028","","","","0.40","","S","Облачно","2025-11-27 10:59"
"2.20","","-0.60","61","771","1028","","","","0.50","","S","Облачно","2025-11-27 11:00"
"2.20","","-0.60","61","771","1028","","","","0.60","","S","Облачно","2025-11-27 11:01"
"2.20","","-0.80","61","771","1028","","","","0.00","","S","Облачно","2025-11-27 11:02"
"2.20","","-0.40","61","771","1028","","","","0.00","","S","Облачно","2025-11-27 11:03"
"2.20","","-0.60","61","771","1028","","","","0.40","","S","Облачно","2025-11-27 11:04"
"2.20","","-0.60","61","771","1028","","","","0.60","","S","Облачно","2025-11-27 11:05"
"2.20","","-0.60","61","771","1028","","","","0.60","","S","Облачно","2025-11-27 11:06"
"2.20","","-0.80","61","771","1028","","","","0.70","","S","Облачно","2025-11-27 11:07"
"2.20","","-0.80","61","771","1028","","","","0.70","","S","Облачно","2025-11-27 11:08"
"2.20","","-1.10","61","771","1028","","","","1.00","","S","Облачно","2025-11-27 11:09"
"2.20","","-1.10","61","771","1028","","","","1.00","","S","Облачно","2025-11-27 11:10"
"2.20","","-1.10","61","771","1028","","","","0.90","","S","Облачно","2025-11-27 11:11"
"2.20","","-1.00","61","771","1028","","","","0.40","","S","Облачно","2025-11-27 11:12"
"2.20","","-1.00","61","771","1028","","","","0.40","","S","Облачно","2025-11-27 11:13"
"2.20","","-0.80","61","771","1028","","","","0.70","","S","Облачно","2025-11-27 11:14"
"2.20","","-0.80","61","771","1028","","","","0.60","","S","Облачно","2025-11-27 11:15"
"2.20","","-0.80","61","771","1028","","","","1.30","","S","Облачно","2025-11-27 11:16"
"2.20","","-1.30","61","771","1028","","","","1.10","","S","Облачно","2025-11-27 11:17"
"2.20","","-1.30","61","771","1028","","","","1.10","","S","Облачно","2025-11-27 11:18"
"2.20","","-1.10","61","771","1028","","","","0.70","","S","Облачно","2025-11-27 11:19"
"2.20","","-0.80","61","771","1028","","","","0.70","","S","Облачно","2025-11-27 11:20"
"2.20","","-0.70","61","771","1028","","","","0.50","","S","Облачно","2025-11-27 11:21"
"2.20","","-1.30","61","771","1028","","","","1.40","","S","Облачно","2025-11-27 11:22"
"2.20","","-1.30","61","771","1028","","","","1.40","","S","Облачно","2025-11-27 11:23"
"2.20","","-1.30","61","771","1028","","","","0.60","","S","Облачно","2025-11-27 11:24"
"2.20","","-0.80","61","771","1028","","","","0.50","","S","Облачно","2025-11-27 11:25"
"2.20","","-0.70","61","771","1028","","","","0.50","","S","Облачно","2025-11-27 11:26"
"2.20","","-0.70","61","771","1028","","","","0.40","","S","Облачно","2025-11-27 11:27"
"2.20","","-0.60","61","771","1028","","","","0.40","","S","Облачно","2025-11-27 11:28"
"2.20","","-1.10","61","771","1028","","","","1.10","","S","Облачно","2025-11-27 11:29"
"2.20","","-1.00","61","771","1028","","","","0.90","","S","Облачно","2025-11-27 11:30"
"2.20","","-1.00","61","771","1028","","","","0.90","","S","Облачно","2025-11-27 11:31"
"2.20","","-0.80","61","771","1028","","","","0.70","","S","Облачно","2025-11-27 11:32"
"2.20","","-0.80","61","771","1028","","","","0.00","","S","Облачно","2025-11-27 11:33"
"2.20","","-0.40","61","771","1028","","","","0.00","","S","Облачно","2025-11-27 11:34"
"2.30","","-0.20","62","771","1028","","","","0.00","","S","Облачно","2025-11-27 11:35"
"2.30","","-0.20","62","771","1028","","","","1.90","","S","Облачно","2025-11-27 11:36"
"2.30","","-1.60","62","771","1028","","","","1.90","","S","Облачно","2025-11-27 11:37"
"2.30","","-0.60","62","771","1028","","","","0.50","","S","Облачно","2025-11-27 11:38"
"2.30","","-0.60","62","771","1028","","","","0.40","","S","Облачно","2025-11-27 11:39"
"2.30","","-0.50","62","771","1028","","","","0.70","","S","Облачно","2025-11-27 11:40"
"2.30","","-0.50","62","771","1028","","","","0.70","","S","Облачно","2025-11-27 11:41"
"2.30","","-0.60","62","771","1028","","","","1.00","","S","Облачно","2025-11-27 11:42"
"2.30","","-0.90","62","771","1028","","","","0.70","","S","Облачно","2025-11-27 11:43"
"2.40","","-0.60","62","771","1028","","","","0.70","","S","Облачно","2025-11-27 11:44"
"2.40","","-0.70","62","771","1028","","","","0.70","","S","Облачно","2025-11-27 11:45"
"2.40","","-0.50","62","771","1028","","","","0.50","","S","Облачно","2025-11-27 11:46"
"2.40","","-0.50","62","771","1028","","","","0.00","","S","Облачно","2025-11-27 11:47"
"2.40","","-0.50","62","771","1028","","","","0.00","","S","Облачно","2025-11-27 11:48"
"2.40","","-0.50","62","771","1028","","","","0.00","","S","Облачно","2025-11-27 11:49"
"2.50","","-0.40","62","771","1028","","","","0.40","","S","Облачно","2025-11-27 11:50"
"2.50","","-0.40","62","771","1028","","","","0.40","","S","Облачно","2025-11-27 11:51"
"2.50","","0.00","62","771","1028","","","","0.00","","S","Облачно","2025-11-27 11:52"
"2.50","","-0.30","62","771","1028","","","","0.40","","S","Облачно","2025-11-27 11:53"
"2.60","","-0.20","62","771","1028","","","","0.40","","S","Облачно","2025-11-27 11:54"
"2.60","","-0.20","62","771","1028","","","","0.70","","S","Облачно","2025-11-27 11:55"
"2.60","","-0.20","62","771","1028","","","","1.20","","S","Облачно","2025-11-27 11:56"
"2.50","","-0.80","62","771","1028","","","","0.90","","S","Облачно","2025-11-27 11:57"
"2.50","","-0.60","62","771","1028","","","","0.90","","S","Облачно","2025-11-27 11:58"
"2.60","","-0.20","62","771","1028","","","","0.40","","S","Облачно","2025-11-27 11:59"
"2.60","","0.10","62","771","1028","","","","0.00","","S","Облачно","2025-11-27 12:00"
"2.60","","0.10","62","771","1028","","","","0.00","","S","Облачно","2025-11-27 12:01"
"2.60","","0.10","62","771","1028","","","","0.00","","S","Облачно","2025-11-27 12:02"
"2.60","","0.10","62","771","1028","","","","1.10","","S","Облачно","2025-11-27 12:03"
"2.60","","-0.70","62","771","1028","","","","1.60","","S","Облачно","2025-11-27 12:04"
"2.60","","-1.00","62","771","1028","","","","1.40","","S","Облачно","2025-11-27 12:05"
"2.60","","-1.00","62","771","1028","","","","1.40","","S","Облачно","2025-11-27 12:06"
"2.60","","-0.20","62","771","1028","","","","0.40","","S","Облачно","2025-11-27 12:07"
"2.60","","-0.20","62","771","1028","","","","1.10","","S","Облачно","2025-11-27 12:08"
"2.70","","-0.50","63","771","1028","","","","0.00","","S","Облачно","2025-11-27 12:09"
"2.70","","0.20","63","771","1028","","","","0.00","","S","Облачно","2025-11-27 12:10"
"2.70","","0.20","63","771","1028","","","","0.40","","S","Облачно","2025-11-27 12:11"
"2.70","","0.20","63","771","1028","","","","0.40","","S","Облачно","2025-11-27 12:12"
"2.80","","0.10","63","771","1028","","","","0.40","","S","Облачно","2025-11-27 12:13"
"2.80","","-0.30","63","771","1028","","","","1.00","","S","Облачно","2025-11-27 12:14"
"2.80","","-0.30","63","771","1028","","","","1.00","","S","Облачно","2025-11-27 12:15"
"2.80","","0.00","63","771","1028","","","","0.40","","S","Облачно","2025-11-27 12:16"
"2.80","","0.00","63","771","1028","","","","0.40","","S","Облачно","2025-11-27 12:17"
"2.80","","0.10","63","771","1028","","","","0.40","","S","Облачно","2025-11-27 12:18"
"2.80","","0.10","63","771","1028","","","","0.40","","S","Облачно","2025-11-27 12:19"
"2.90","","0.00","63","771","1028","","","","0.70","","S","Облачно","2025-11-27 12:20"
"2.90","","0.00","63","770","1027","","","","0.50","","S","Облачно","2025-11-27 12:21"
"2.90","","0.10","63","770","1027","","","","0.50","","S","Облачно","2025-11-27 12:22"
"2.90","","0.10","64","770","1027","","","","0.50","","S","Облачно","2025-11-27 12:23"
"2.90","","0.10","64","770","1027","","","","0.50","","S","Облачно","2025-11-27 12:24"
"2.90","","0.10","64","770","1027","","","","0.50","","S","Облачно","2025-11-27 12:25"
"2.90","","0.10","64","770","1027","","","","0.50","","S","Облачно","2025-11-27 12:26"
"2.90","","-0.60","63","770","1027","","","","1.50","","S","Облачно","2025-11-27 12:27"
"2.90","","-0.60","63","770","1027","","","","1.80","","S","Облачно","2025-11-27 12:28"
"2.90","","-0.60","63","770","1027","","","","1.80","","S","Облачно","2025-11-27 12:29"
"2.90","","-0.80","63","770","1027","","","","1.80","","S","Облачно","2025-11-27 12:30"
"2.90","","-0.50","63","770","1027","","","","1.40","","S","Облачно","2025-11-27 12:31"
"2.90","","-0.50","63","770","1027","","","","1.40","","S","Облачно","2025-11-27 12:32"
"3.00","","0.10","63","770","1027","","","","0.70","","S","Облачно","2025-11-27 12:33"
"3.00","","0.20","63","770","1027","","","","0.50","","S","Облачно","2025-11-27 12:34"
"3.00","","0.20","63","770","1027","","","","0.50","","S","Облачно","2025-11-27 12:35"
"3.00","","0.20","63","771","1028","","","","1.80","","S","Облачно","2025-11-27 12:36"
"3.00","","-0.70","63","771","1028","","","","0.90","","S","Облачно","2025-11-27 12:37"
"3.00","","-0.70","63","771","1028","","","","0.90","","S","Облачно","2025-11-27 12:38"
"3.00","","-0.10","63","771","1028","","","","0.90","","S","Облачно","2025-11-27 12:39"
"2.90","","-1.20","63","771","1028","","","","2.40","","S","Облачно","2025-11-27 12:40"
"2.90","","-0.70","63","771","1028","","","","1.60","","S","Облачно","2025-11-27 12:41"
"2.90","","-0.70","63","771","1028","","","","1.60","","S","Облачно","2025-11-27 12:42"
"2.90","","-0.70","63","771","1028","","","","1.60","","S","Облачно","2025-11-27 12:43"
"2.90","","0.00","63","771","1028","","","","0.70","","S","Облачно","2025-11-27 12:44"
"2.90","","-0.60","63","771","1028","","","","1.50","","S","Облачно","2025-11-27 12:45"
"2.90","","-0.20","63","771","1028","","","","1.00","","S","Облачно","2025-11-27 12:46"
"2.90","","-0.20","63","771","1028","","","","1.40","","S","Облачно","2025-11-27 12:47"
"2.90","","-0.50","63","771","1028","","","","1.40","","S","Облачно","2025-11-27 12:48"
"2.90","","-0.50","63","771","1028","","","","1.40","","S","Облачно","2025-11-27 12:49"
"2.90","","-0.40","63","771","1028","","","","1.30","","S","Облачно","2025-11-27 12:50"
"2.90","","0.10","63","771","1029","","","","0.50","","S","Облачно","2025-11-27 12:51"
"2.90","","-0.20","63","771","1029","","","","1.00","","S","Облачно","2025-11-27 12:52"
"2.90","","-0.20","63","771","1029","","","","1.00","","S","Облачно","2025-11-27 12:53"
"2.90","","-0.20","63","771","1029","","","","1.00","","S","Облачно","2025-11-27 12:54"
"2.90","","-0.20","63","771","1029","","","","2.10","","S","Облачно","2025-11-27 12:55"
"2.90","","-0.20","63","771","1029","","","","1.00","","S","Облачно","2025-11-27 12:56"
"2.90","","-0.20","63","771","1029","","","","1.00","","S","Облачно","2025-11-27 12:57"
"2.90","","-0.40","63","771","1029","","","","1.30","","S","Облачно","2025-11-27 12:58"
"2.90","","-0.40","63","771","1029","","","","1.80","","S","Облачно","2025-11-27 12:59"
"2.90","","-0.40","63","771","1029","","","","1.80","","S","Облачно","2025-11-27 13:00"
"2.90","","-0.40","63","771","1029","","","","1.80","","S","Облачно","2025-11-27 13:01"
"2.90","","-0.40","63","771","1029","","","","1.20","","S","Облачно","2025-11-27 13:02"
"2.90","","-1.60","63","771","1029","","","","3.00","","S","Облачно","2025-11-27 13:03"
"2.90","","-1.60","63","771","1029","","","","3.00","","S","Облачно","2025-11-27 13:04"
"2.90","","-1.60","63","771","1029","","","","3.00","","S","Облачно","2025-11-27 13:05"
"2.90","","-0.50","63","771","1028","","","","0.40","","S","Облачно","2025-11-27 13:06"
"2.90","","0.20","63","771","1028","","","","0.40","","S","Облачно","2025-11-27 13:07"
"2.90","","-0.80","63","771","1028","","","","1.80","","S","Облачно","2025-11-27 13:08"
"2.90","","-0.80","63","771","1028","","","","1.80","","S","Облачно","2025-11-27 13:09"
"2.90","","-0.90","63","771","1028","","","","1.00","","S","Облачно","2025-11-27 13:10"
"2.90","","-0.20","63","771","1028","","","","1.00","","S","Облачно","2025-11-27 13:11"
"2.90","","0.00","63","771","1028","","","","0.70","","S","Облачно","2025-11-27 13:12"
"2.90","","0.00","63","771","1028","","","","0.70","","S","Облачно","2025-11-27 13:13"
"2.90","","0.00","63","771","1028","","","","0.50","","S","Облачно","2025-11-27 13:14"
"2.90","","0.10","63","771","1028","","","","0.70","","S","Облачно","2025-11-27 13:15"
"2.90","","0.00","63","771","1028","","","","1.30","","S","Облачно","2025-11-27 13:16"
"2.90","","-0.10","64","771","1028","","","","0.90","","S","Облачно","2025-11-27 13:17"
"2.90","","-0.10","64","771","1028","","","","0.90","","S","Облачно","2025-11-27 13:18"
"3.00","","0.00","64","771","1028","","","","0.90","","S","Облачно","2025-11-27 13:19"
"2.90","","-0.80","64","771","1028","","","","1.50","","S","Облачно","2025-11-27 13:20"
"2.90","","-0.80","64","771","1028","","","","1.50","","S","Облачно","2025-11-27 13:21"
"2.90","","-0.40","64","771","1028","","","","1.30","","S","Облачно","2025-11-27 13:22"
"2.90","","-0.40","63","771","1028","","","","0.70","","S","Облачно","2025-11-27 13:23"
"2.90","","-0.40","63","771","1028","","","","0.70","","S","Облачно","2025-11-27 13:24"
"2.90","","0.00","63","771","1028","","","","1.10","","S","Облачно","2025-11-27 13:25"
"2.90","","-0.70","63","771","1028","","","","1.20","","S","Облачно","2025-11-27 13:26"
"2.90","","-0.40","63","771","1028","","","","1.20","","S","Облачно","2025-11-27 13:27"
"2.90","","-0.50","63","771","1028","","","","1.40","","S","Облачно","2025-11-27 13:28"
"2.90","","-0.80","63","771","1028","","","","1.90","","S","Облачно","2025-11-27 13:29"
"2.90","","-0.90","63","771","1028","","","","1.90","","S","Облачно","2025-11-27 13:30"
"2.90","","-0.90","63","771","1028","","","","1.90","","S","Облачно","2025-11-27 13:31"
"2.90","","-0.80","63","771","1028","","","","1.80","","S","Облачно","2025-11-27 13:32"
"2.90","","-0.80","63","771","1028","","","","1.80","","S","Облачно","2025-11-27 13:33"
"2.90","","-0.80","63","771","1028","","","","2.10","","S","Облачно","2025-11-27 13:34"
"2.90","","-0.50","64","771","1028","","","","1.40","","S","Облачно","2025-11-27 13:35"
"2.90","","-0.50","64","771","1028","","","","1.40","","S","Облачно","2025-11-27 13:36"
"2.90","","-0.50","64","771","1028","","","","1.20","","S","Облачно","2025-11-27 13:37"
"2.90","","0.10","64","771","1028","","","","0.60","","S","Облачно","2025-11-27 13:38"
"2.90","","-0.30","64","771","1028","","","","1.10","","S","Облачно","2025-11-27 13:39"
"2.90","","-0.90","64","771","1028","","","","2.00","","S","Облачно","2025-11-27 13:40"
"2.90","","-0.90","64","771","1028","","","","1.20","","S","Облачно","2025-11-27 13:41"
"2.90","","-0.40","64","771","1028","","","","1.00","","S","Облачно","2025-11-27 13:42"
"2.90","","-0.20","64","771","1028","","","","1.00","","S","Облачно","2025-11-27 13:43"
"2.90","","-0.20","64","771","1028","","","","2.10","","S","Облачно","2025-11-27 13:44"
"2.90","","-1.00","64","771","1028","","","","2.10","","S","Облачно","2025-11-27 13:45"
"2.90","","-1.00","64","771","1028","","","","1.00","","S","Облачно","2025-11-27 13:46"
"2.90","","-1.00","64","771","1028","","","","1.00","","S","Облачно","2025-11-27 13:47"
"2.90","","-1.20","64","771","1028","","","","2.40","","S","Облачно","2025-11-27 13:48"
"2.80","","-1.80","64","771","1028","","","","3.10","","S","Облачно","2025-11-27 13:49"
"2.80","","-1.80","64","771","1028","","","","2.10","","S","Облачно","2025-11-27 13:50"
"2.80","","-1.10","64","771","1028","","","","2.40","","S","Облачно","2025-11-27 13:51"
"2.90","","-1.20","64","771","1028","","","","1.30","","S","Облачно","2025-11-27 13:52"
"2.90","","-0.40","65","771","1028","","","","1.30","","S","Облачно","2025-11-27 13:53"
"2.80","","-0.50","65","771","1028","","","","1.30","","S","Облачно","2025-11-27 13:54"
"2.80","","-0.50","65","771","1028","","","","1.30","","S","Облачно","2025-11-27 13:55"
"2.80","","-0.50","65","771","1028","","","","1.30","","S","Облачно","2025-11-27 13:56"
"2.80","","-0.50","65","771","1028","","","","3.50","","S","Облачно","2025-11-27 13:57"
"2.80","","-2.00","65","771","1028","","","","3.50","","S","Облачно","2025-11-27 13:58"
"2.80","","-2.00","65","771","1028","","","","3.50","","S","Облачно","2025-11-27 13:59"
"2.80","","-2.00","65","771","1028","","","","1.60","","S","Облачно","2025-11-27 14:00"
"2.80","","-2.00","65","771","1028","","","","1.60","","S","Облачно","2025-11-27 14:01"
"2.80","","-0.70","65","771","1028","","","","1.80","","S","Облачно","2025-11-27 14:02"
"2.80","","-0.90","65","771","1028","","","","1.80","","S","Облачно","2025-11-27 14:03"
"2.80","","-1.10","65","771","1028","","","","1.30","","S","Облачно","2025-11-27 14:04"
"2.70","","-0.60","65","771","1028","","","","1.30","","S","Облачно","2025-11-27 14:05"
"2.70","","-0.60","65","771","1028","","","","1.10","","S","Облачно","2025-11-27 14:06"
"2.70","","-0.60","65","771","1028","","","","2.20","","S","Облачно","2025-11-27 14:07"
"2.70","","-0.60","65","771","1028","","","","2.20","","S","Облачно","2025-11-27 14:08"
"2.70","","-0.50","65","771","1028","","","","1.10","","S","Облачно","2025-11-27 14:09"
"2.70","","-0.50","66","771","1028","","","","1.10","","S","Облачно","2025-11-27 14:10"
"2.70","","-0.50","66","771","1028","","","","1.10","","S","Облачно","2025-11-27 14:11"
"2.70","","-1.60","66","771","1028","","","","2.80","","S","Облачно","2025-11-27 14:12"
"2.70","","-1.60","66","771","1028","","","","2.80","","S","Облачно","2025-11-27 14:13"
"2.70","","-1.60","66","771","1028","","","","1.20","","S","Облачно","2025-11-27 14:14"
"2.70","","-0.50","66","771","1028","","","","1.20","","S","Облачно","2025-11-27 14:15"
"2.70","","-0.70","66","771","1028","","","","1.10","","S","Облачно","2025-11-27 14:16"
"2.70","","0.00","66","771","1028","","","","0.50","","S","Облачно","2025-11-27 14:17"
"2.70","","0.00","67","771","1028","","","","0.70","","S","Облачно","2025-11-27 14:18"
"2.70","","-0.20","67","771","1028","","","","0.70","","S","Облачно","2025-11-27 14:19"
"2.70","","-0.60","67","771","1028","","","","1.20","","S","Облачно","2025-11-27 14:20"
"2.70","","-0.60","67","771","1028","","","","0.50","","S","Облачно","2025-11-27 14:21"
"2.70","","0.00","67","771","1028","","","","0.60","","S","Облачно","2025-11-27 14:22"
"2.70","","-0.10","67","771","1028","","","","0.60","","S","Облачно","2025-11-27 14:23"
"2.70","","-0.10","67","771","1028","","","","0.60","","S","Облачно","2025-11-27 14:24"
"2.70","","-0.90","67","771","1028","","","","1.30","","S","Облачно","2025-11-27 14:25"
"2.70","","-0.60","67","771","1028","","","","1.30","","S","Облачно","2025-11-27 14:26"
"2.70","","-0.60","67","771","1028","","","","1.30","","S","Облачно","2025-11-27 14:27"
"2.70","","-0.10","67","771","1028","","","","0.40","","S","Облачно","2025-11-27 14:28"
"2.70","","0.10","68","771","1028","","","","0.40","","S","Облачно","2025-11-27 14:29"
"2.70","","0.10","68","771","1028","","","","0.60","","S","Облачно","2025-11-27 14:30"
"2.70","","-0.10","68","771","1028","","","","0.70","","S","Облачно","2025-11-27 14:31"
"2.70","","-0.10","68","771","1028","","","","0.70","","S","Облачно","2025-11-27 14:32"
"2.70","","-0.10","68","771","1028","","","","0.90","","S","Облачно","2025-11-27 14:33"
"2.70","","-0.30","68","771","1028","","","","0.90","","S","Облачно","2025-11-27 14:34"
"2.70","","-1.50","68","771","1028","","","","2.00","","S","Облачно","2025-11-27 14:35"
"2.60","","-1.10","68","771","1028","","","","0.90","","S","Облачно","2025-11-27 14:36"
"2.60","","-0.40","68","771","1028","","","","0.60","","S","Облачно","2025-11-27 14:37"
"2.60","","-0.20","68","771","1028","","","","0.60","","S","Облачно","2025-11-27 14:38"
"2.60","","-0.20","68","771","1028","","","","0.60","","S","Облачно","2025-11-27 14:39"
"2.60","","-1.60","68","771","1028","","","","2.70","","S","Облачно","2025-11-27 14:40"
"2.60","","-1.60","68","771","1028","","","","2.70","","S","Облачно","2025-11-27 14:41"
"2.60","","-1.00","68","771","1028","","","","1.80","","S","Облачно","2025-11-27 14:42"
"2.50","","-1.10","68","771","1028","","","","1.80","","S","Облачно","2025-11-27 14:43"
"2.50","","-1.10","68","771","1028","","","","1.70","","S","Облачно","2025-11-27 14:44"
"2.50","","-1.10","68","771","1028","","","","1.60","","S","Облачно","2025-11-27 14:45"
"2.50","","-1.00","68","771","1028","","","","1.20","","S","Облачно","2025-11-27 14:46"
"2.50","","-0.70","68","771","1028","","","","1.20","","S","Облачно","2025-11-27 14:47"
"2.50","","-0.70","68","771","1028","","","","1.20","","S","Облачно","2025-11-27 14:48"
"2.50","","-0.70","68","771","1028","","","","2.40","","S","Облачно","2025-11-27 14:49"
"2.40","","-1.60","69","771","1028","","","","2.40","","S","Облачно","2025-11-27 14:50"
"2.40","","-1.80","69","771","1028","","","","2.70","","S","Облачно","2025-11-27 14:51"
"2.30","","-1.90","69","771","1028","","","","2.70","","S","Облачно","2025-11-27 14:52"
"2.30","","-1.90","69","771","1028","","","","2.70","","S","Облачно","2025-11-27 14:53"
"2.30","","-1.90","69","771","1028","","","","2.70","","S","Облачно","2025-11-27 14:54"
"2.30","","-1.90","69","771","1028","","","","2.70","","S","Облачно","2025-11-27 14:55"
"2.30","","-1.90","69","771","1028","","","","2.70","","S","Облачно","2025-11-27 14:56"
"2.30","","-1.90","69","771","1028","","","","2.70","","S","Облачно","2025-11-27 14:57"
"2.30","","-1.90","69","771","1028","","","","2.40","","S","Облачно","2025-11-27 14:58"
"2.30","","-1.70","69","771","1028","","","","2.40","","S","Облачно","2025-11-27 14:59"
"2.30","","-1.70","69","771","1028","","","","2.40","","S","Облачно","2025-11-27 15:00"
"2.30","","-1.70","69","771","1028","","","","2.40","","S","Облачно","2025-11-27 15:01"
"2.30","","-1.70","69","771","1028","","","","2.40","","S","Облачно","2025-11-27 15:02"
"2.20","","-1.80","70","771","1028","","","","2.40","","S","Облачно","2025-11-27 15:03"
"2.20","","-1.80","70","771","1028","","","","2.40","","S","Облачно","2025-11-27 15:04"
"2.20","","-1.80","70","771","1028","","","","2.40","","S","Облачно","2025-11-27 15:05"
"2.20","","-1.80","70","771","1028","","","","2.40","","S","Облачно","2025-11-27 15:06"
"2.20","","-1.80","70","771","1028","","","","2.40","","S","Облачно","2025-11-27 15:07"
"2.20","","-1.80","70","771","1028","","","","2.40","","S","Облачно","2025-11-27 15:08"
"2.20","","-1.80","70","771","1028","","","","2.40","","S","Облачно","2025-11-27 15:09"
"2.10","","-1.50","70","771","1028","","","","1.80","","S","Облачно","2025-11-27 15:10"
"2.10","","-1.50","70","771","1028","","","","1.80","","S","Облачно","2025-11-27 15:11"
"2.10","","-1.50","70","771","1028","","","","1.80","","S","Облачно","2025-11-27 15:12"
"2.10","","-1.50","70","771","1028","","","","1.80","","S","Облачно","2025-11-27 15:13"
"2.10","","-1.50","70","771","1028","","","","1.80","","S","Облачно","2025-11-27 15:14"
"2.10","","-1.50","70","771","1028","","","","1.80","","S","Облачно","2025-11-27 15:15"
"2.10","","-1.50","70","771","1028","","","","1.80","","S","Облачно","2025-11-27 15:16"
"2.10","","-1.50","70","771","1028","","","","1.80","","S","Облачно","2025-11-27 15:17"
"2.10","","-1.50","71","771","1028","","","","1.80","","S","Облачно","2025-11-27 15:18"
"2.10","","-1.50","71","771","1028","","","","1.80","","S","Облачно","2025-11-27 15:19"
"2.10","","-1.50","71","771","1028","","","","1.80","","S","Облачно","2025-11-27 15:20"
"2.00","","-1.60","71","771","1028","","","","1.80","","S","Облачно","2025-11-27 15:21"
"2.00","","-1.60","71","771","1028","","","","1.80","","S","Облачно","2025-11-27 15:22"
"2.00","","-1.60","71","771","1028","","","","1.80","","S","Облачно","2025-11-27 15:23"
"2.00","","-1.60","71","771","1028","","","","1.80","","S","Облачно","2025-11-27 15:24"
"2.00","","-1.60","71","771","1028","","","","1.80","","S","Облачно","2025-11-27 15:25"
"2.00","","-1.60","71","771","1028","","","","1.80","","S","Облачно","2025-11-27 15:26"
"2.00","","-1.60","72","771","1028","","","","1.80","","S","Облачно","2025-11-27 15:27"
"2.00","","-1.60","72","771","1028","","","","1.80","","S","Облачно","2025-11-27 15:28"
"2.00","","-1.60","72","771","1028","","","","1.80","","S","Облачно","2025-11-27 15:29"
"2.10","","-1.50","72","771","1028","","","","1.80","","S","Облачно","2025-11-27 15:30"
"2.10","","-1.50","72","771","1028","","","","1.80","","S","Облачно","2025-11-27 15:31"
"2.00","","-1.60","72","771","1028","","","","1.80","","S","Облачно","2025-11-27 15:32"
"2.00","","-1.60","72","771","1028","","","","1.80","","S","Облачно","2025-11-27 15:33"
"2.00","","-1.60","72","771","1028","","","","1.80","","S","Облачно","2025-11-27 15:34"
"2.00","","-1.60","72","771","1028","","","","1.80","","S","Облачно","2025-11-27 15:35"
"2.00","","-1.60","72","771","1028","","","","1.80","","S","Облачно","2025-11-27 15:36"
"2.00","","-1.60","72","771","1028","","","","1.80","","S","Облачно","2025-11-27 15:37"
"2.00","","-1.60","72","771","1028","","","","1.80","","S","Облачно","2025-11-27 15:38"
"2.00","","-1.60","72","771","1028","","","","1.80","","S","Облачно","2025-11-27 15:39"
"2.00","","-1.60","73","771","1028","","","","1.80","","S","Облачно","2025-11-27 15:40"
"2.00","","-1.60","73","771","1028","","","","1.80","","S","Облачно","2025-11-27 15:41"
"2.00","","-1.60","73","771","1028","","","","1.80","","S","Облачно","2025-11-27 15:42"
"2.00","","-1.60","73","771","1028","","","","1.80","","S","Облачно","2025-11-27 15:43"
"1.90","","-1.70","73","771","1028","","","","1.80","","S","Облачно","2025-11-27 15:44"
"1.90","","-1.70","73","771","1028","","","","1.80","","S","Облачно","2025-11-27 15:45"
"1.90","","-1.70","73","771","1028","","","","1.80","","S","Облачно","2025-11-27 15:46"
"1.90","","-1.70","73","771","1028","","","","1.80","","S","Облачно","2025-11-27 15:47"
"2.00","","-1.60","73","771","1028","","","","1.80","","S","Облачно","2025-11-27 15:48"
"2.00","","-1.60","73","771","1028","","","","1.80","","S","Облачно","2025-11-27 15:49"
"2.00","","-1.60","73","771","1028","","","","1.80","","S","Облачно","2025-11-27 15:50"
"1.90","","-1.70","73","770","1027","","","","1.80","","S","Облачно","2025-11-27 15:51"
"1.90","","-1.70","73","770","1027","","","","1.80","","S","Облачно","2025-11-27 15:52"
"1.90","","-1.70","73","770","1027","","","","1.80","","S","Облачно","2025-11-27 15:53"
"1.90","","-1.70","73","770","1027","","","","1.80","","S","Облачно","2025-11-27 15:54"
"1.90","","-1.70","73","770","1027","","","","1.80","","S","Облачно","2025-11-27 15:55"
"1.90","","-1.70","73","770","1027","","","","1.80","","S","Облачно","2025-11-27 15:56"
"1.90","","-1.70","73","770","1027","","","","1.80","","S","Облачно","2025-11-27 15:57"
"1.90","","-1.60","74","770","1027","","","","1.80","","S","Облачно","2025-11-27 15:58"
"1.90","","-1.60","74","770","1027","","","","1.80","","S","Облачно","2025-11-27 15:59"
"1.90","","-1.60","74","770","1027","","","","1.80","","S","Облачно","2025-11-27 16:00"
"1.90","","-1.60","74","770","1027","","","","1.80","","S","Облачно","2025-11-27 16:01"
"1.90","","-1.60","74","770","1027","","","","1.80","","S","Облачно","2025-11-27 16:02"
"1.90","","-1.60","74","770","1027","","","","1.80","","S","Облачно","2025-11-27 16:03"
"1.90","","-1.60","74","770","1027","","","","1.80","","S","Облачно","2025-11-27 16:04"
"1.90","","-1.60","74","770","1027","","","","1.80","","S","Облачно","2025-11-27 16:05"
"1.90","","-1.60","74","771","1028","","","","1.80","","S","Облачно","2025-11-27 16:06"
"1.90","","-1.60","74","771","1028","","","","1.80","","S","Облачно","2025-11-27 16:07"
"1.90","","-1.60","74","771","1028","","","","1.80","","S","Облачно","2025-11-27 16:08"
"1.90","","-1.60","74","771","1028","","","","1.80","","S","Облачно","2025-11-27 16:09"
"1.90","","-1.60","74","771","1028","","","","1.80","","S","Облачно","2025-11-27 16:10"
"1.90","","-1.60","74","771","1028","","","","1.80","","S","Облачно","2025-11-27 16:11"
"1.90","","-1.60","74","771","1028","","","","1.80","","S","Облачно","2025-11-27 16:12"
"1.90","","-1.60","75","771","1028","","","","1.80","","S","Облачно","2025-11-27 16:13"
"1.90","","-1.60","75","771","1028","","","","1.80","","S","Облачно","2025-11-27 16:14"
"1.90","","-1.60","75","771","1028","","","","1.80","","S","Облачно","2025-11-27 16:15"
"1.90","","-1.60","75","771","1028","","","","1.80","","S","Облачно","2025-11-27 16:16"
"1.90","","-1.60","75","771","1028","","","","1.80","","S","Облачно","2025-11-27 16:17"
"1.90","","-1.60","75","771","1028","","","","1.80","","S","Облачно","2025-11-27 16:18"
"1.90","","-1.60","75","771","1028","","","","1.80","","S","Облачно","2025-11-27 16:19"
"1.90","","-1.60","75","771","1028","","","","1.80","","S","Облачно","2025-11-27 16:20"
"1.90","","-1.60","75","770","1027","","","","1.80","","S","Облачно","2025-11-27 16:21"
"1.90","","-1.60","75","770","1027","","","","1.80","","S","Облачно","2025-11-27 16:22"
"1.90","","-1.60","75","770","1027","","","","1.80","","S","Облачно","2025-11-27 16:23"
"1.90","","-1.60","75","770","1027","","","","1.80","","S","Облачно","2025-11-27 16:24"
"1.90","","-1.60","75","770","1027","","","","1.80","","S","Облачно","2025-11-27 16:25"
"1.90","","-1.60","76","770","1027","","","","1.80","","S","Облачно","2025-11-27 16:26"
"1.90","","-1.60","76","770","1027","","","","1.80","","S","Облачно","2025-11-27 16:27"
"1.90","","-1.60","76","770","1027","","","","1.80","","S","Облачно","2025-11-27 16:28"
"1.90","","-1.60","76","770","1027","","","","1.80","","S","Облачно","2025-11-27 16:29"
"1.90","","-1.60","76","770","1027","","","","1.80","","S","Облачно","2025-11-27 16:30"
"1.90","","-1.60","76","770","1027","","","","1.80","","S","Облачно","2025-11-27 16:31"
"1.90","","-1.60","76","770","1027","","","","1.80","","S","Облачно","2025-11-27 16:32"
"1.90","","-1.60","76","770","1027","","","","1.80","","S","Облачно","2025-11-27 16:33"
"1.90","","-1.60","76","770","1027","","","","1.80","","S","Облачно","2025-11-27 16:34"
"1.90","","-1.60","76","770","1027","","","","1.80","","S","Облачно","2025-11-27 16:35"
"1.90","","-1.60","76","771","1028","","","","1.80","","S","Облачно","2025-11-27 16:36"
"1.90","","-1.60","76","771","1028","","","","1.80","","S","Облачно","2025-11-27 16:37"
"1.90","","-1.60","76","771","1028","","","","1.80","","S","Облачно","2025-11-27 16:38"
"1.90","","-1.60","76","771","1028","","","","1.80","","S","Облачно","2025-11-27 16:39"
"1.90","","-1.60","76","771","1028","","","","1.80","","S","Облачно","2025-11-27 16:40"
"1.90","","-1.60","76","771","1028","","","","1.80","","S","Облачно","2025-11-27 16:41"
"1.90","","-1.60","77","771","1028","","","","1.80","","S","Облачно","2025-11-27 16:42"
"1.90","","-1.60","77","771","1028","","","","1.80","","S","Облачно","2025-11-27 16:43"
"1.90","","-1.60","77","771","1028","","","","1.80","","S","Облачно","2025-11-27 16:44"
"1.90","","-1.60","77","771","1028","","","","1.80","","S","Облачно","2025-11-27 16:45"
"1.90","","-1.60","77","771","1028","","","","1.80","","S","Облачно","2025-11-27 16:46"
"1.90","","-1.60","77","771","1028","","","","1.80","","S","Облачно","2025-11-27 16:47"
"1.90","","-1.60","77","771","1028","","","","1.80","","S","Облачно","2025-11-27 16:48"
"1.90","","-1.60","77","771","1028","","","","1.80","","S","Облачно","2025-11-27 16:49"
"1.90","","-1.60","77","771","1028","","","","1.80","","S","Облачно","2025-11-27 16:50"
"1.90","","-1.60","77","771","1028","","","","1.80","","S","Облачно","2025-11-27 16:51"
"1.90","","-1.60","77","771","1028","","","","1.80","","S","Облачно","2025-11-27 16:52"
"1.90","","-1.60","77","771","1028","","","","1.80","","S","Облачно","2025-11-27 16:53"
"1.90","","-1.60","77","771","1028","","","","1.80","","S","Облачно","2025-11-27 16:54"
"1.90","","-1.60","77","771","1028","","","","1.80","","S","Облачно","2025-11-27 16:55"
"1.90","","-1.60","77","771","1028","","","","1.80","","S","Облачно","2025-11-27 16:56"
"1.90","","-1.60","77","771","1028","","","","1.80","","S","Облачно","2025-11-27 16:57"
"1.90","","-1.60","77","771","1028","","","","1.80","","S","Облачно","2025-11-27 16:58"
"1.90","","-1.60","78","771","1028","","","","1.80","","S","Облачно","2025-11-27 16:59"
"1.90","","-1.60","78","771","1028","","","","1.80","","S","Облачно","2025-11-27 17:00"
"1.90","","-1.60","78","771","1028","","","","1.80","","S","Облачно","2025-11-27 17:01"
"1.90","","-1.60","78","771","1028","","","","1.80","","S","Облачно","2025-11-27 17:02"
"1.90","","-1.60","78","771","1028","","","","1.80","","S","Облачно","2025-11-27 17:03"
"1.90","","-1.60","78","771","1028","","","","1.80","","S","Облачно","2025-11-27 17:04"
"1.90","","-1.60","78","771","1028","","","","1.80","","S","Облачно","2025-11-27 17:05"
"2.00","","-1.40","78","771","1028","","","","1.80","","S","Облачно","2025-11-27 17:06"
"1.90","","-1.60","78","771","1028","","","","1.80","","S","Облачно","2025-11-27 17:07"
"1.90","","-1.60","78","771","1028","","","","1.80","","S","Облачно","2025-11-27 17:08"
"1.90","","-1.60","78","771","1028","","","","1.80","","S","Облачно","2025-11-27 17:09"
"1.90","","-1.60","78","771","1028","","","","1.80","","S","Облачно","2025-11-27 17:10"
"1.90","","-1.60","78","771","1028","","","","1.80","","S","Облачно","2025-11-27 17:11"
"1.90","","-1.60","78","771","1028","","","","1.80","","S","Облачно","2025-11-27 17:12"
"1.90","","-1.60","78","771","1028","","","","1.80","","S","Облачно","2025-11-27 17:13"
"1.90","","-1.60","78","771","1028","","","","1.80","","S","Облачно","2025-11-27 17:14"
"1.90","","-1.60","78","771","1028","","","","1.80","","S","Облачно","2025-11-27 17:15"
"1.90","","-1.60","78","771","1028","","","","1.80","","S","Облачно","2025-11-27 17:16"
"1.90","","-1.60","78","771","1028","","","","1.80","","S","Облачно","2025-11-27 17:17"
"1.90","","-1.60","78","771","1028","","","","1.80","","S","Облачно","2025-11-27 17:18"
"1.90","","-1.60","78","771","1028","","","","1.80","","S","Облачно","2025-11-27 17:19"
"1.90","","-1.60","78","771","1028","","","","1.80","","S","Облачно","2025-11-27 17:20"
"1.90","","-1.60","78","771","1028","","","","1.80","","S","Облачно","2025-11-27 17:21"
"1.90","","-1.60","78","771","1028","","","","1.80","","S","Облачно","2025-11-27 17:22"
"1.90","","-1.60","78","771","1028","","","","1.80","","S","Облачно","2025-11-27 17:23"
"1.90","","-1.60","78","771","1028","","","","1.80","","S","Облачно","2025-11-27 17:24"
"1.90","","-1.50","79","771","1028","","","","1.80","","S","Облачно","2025-11-27 17:25"
"1.90","","-1.50","79","771","1028","","","","1.80","","S","Облачно","2025-11-27 17:26"
"1.90","","-1.50","79","771","1028","","","","1.80","","S","Облачно","2025-11-27 17:27"
"1.90","","-1.50","79","771","1028","","","","1.80","","S","Облачно","2025-11-27 17:28"
"1.90","","-1.50","79","771","1028","","","","1.80","","S","Облачно","2025-11-27 17:29"
"1.90","","-1.50","79","771","1028","","","","1.80","","S","Облачно","2025-11-27 17:30"
"1.90","","-1.50","79","771","1028","","","","1.80","","S","Облачно","2025-11-27 17:31"
"1.90","","-1.50","79","771","1028","","","","1.80","","S","Облачно","2025-11-27 17:32"
"1.90","","-1.50","79","771","1028","","","","1.80","","S","Облачно","2025-11-27 17:33"
"1.90","","-1.50","79","771","1028","","","","1.80","","S","Облачно","2025-11-27 17:34"
"1.90","","-1.50","79","771","1028","","","","1.80","","S","Облачно","2025-11-27 17:35"
"1.90","","-1.50","79","771","1028","","","","1.80","","S","Облачно","2025-11-27 17:36"
"1.90","","-1.50","79","770","1027","","","","1.80","","S","Облачно","2025-11-27 17:37"
"1.90","","-1.50","79","770","1027","","","","1.80","","S","Облачно","2025-11-27 17:38"
"1.90","","-1.50","79","770","1027","","","","1.80","","S","Облачно","2025-11-27 17:39"
"1.90","","-1.50","79","770","1027","","","","1.80","","S","Облачно","2025-11-27 17:40"
"1.90","","-1.50","79","770","1027","","","","1.80","","S","Облачно","2025-11-27 17:41"
"1.90","","-1.50","79","770","1027","","","","1.80","","S","Облачно","2025-11-27 17:42"
"1.90","","-1.50","79","770","1027","","","","1.80","","S","Облачно","2025-11-27 17:43"
"1.90","","-1.50","79","770","1027","","","","1.80","","S","Облачно","2025-11-27 17:44"
"1.90","","-1.50","80","770","1027","","","","1.80","","S","Облачно","2025-11-27 17:45"
"1.90","","-1.50","80","770","1027","","","","1.80","","S","Облачно","2025-11-27 17:46"
"1.90","","-1.50","80","770","1027","","","","1.80","","S","Облачно","2025-11-27 17:47"
"1.90","","-1.50","80","770","1027","","","","1.80","","S","Облачно","2025-11-27 17:48"
"1.90","","-1.50","80","770","1027","","","","1.80","","S","Облачно","2025-11-27 17:49"
"1.90","","-1.50","80","770","1027","","","","1.80","","S","Облачно","2025-11-27 17:50"
"1.90","","-1.50","80","771","1028","","","","1.80","","S","Облачно","2025-11-27 17:51"
"1.90","","-1.50","80","771","1028","","","","1.80","","S","Облачно","2025-11-27 17:52"
"1.90","","-1.50","80","771","1028","","","","1.80","","S","Облачно","2025-11-27 17:53"
"1.90","","-1.50","80","771","1028","","","","1.80","","S","Облачно","2025-11-27 17:54"
"1.90","","-1.50","80","771","1028","","","","1.80","","S","Облачно","2025-11-27 17:55"
"1.90","","-1.50","80","771","1028","","","","1.80","","SSW","Облачно","2025-11-27 17:56"
"1.90","","-1.50","80","771","1028","","","","1.80","","SSW","Облачно","2025-11-27 17:57"
"1.90","","-1.50","80","771","1028","","","","1.80","","SSW","Облачно","2025-11-27 17:58"
"1.90","","-1.50","80","771","1028","","","","1.80","","SSW","Облачно","2025-11-27 17:59"
"1.80","","-1.60","80","771","1028","","","","1.80","","SSW","Облачно","2025-11-27 18:00"
"1.80","","-1.60","80","771","1028","","","","1.80","","SSW","Облачно","2025-11-27 18:01"
"1.80","","-1.60","80","771","1028","","","","1.80","","SSW","Облачно","2025-11-27 18:02"
"1.80","","-1.60","80","771","1028","","","","1.80","","SSW","Облачно","2025-11-27 18:03"
"1.80","","-1.60","80","771","1028","","","","1.80","","SSW","Облачно","2025-11-27 18:04"
"1.80","","-1.60","80","771","1028","","","","1.80","","SSW","Облачно","2025-11-27 18:05"
"1.80","","-1.60","80","771","1028","","","","1.80","","SSW","Облачно","2025-11-27 18:06"
"1.80","","-1.60","80","771","1028","","","","1.80","","SSW","Облачно","2025-11-27 18:07"
"1.90","","-1.50","81","771","1028","","","","1.80","","SSW","Облачно","2025-11-27 18:08"
"1.90","","-1.50","81","771","1028","","","","1.80","","SSW","Облачно","2025-11-27 18:09"
"1.90","","-1.50","81","771","1028","","","","1.80","","SSW","Облачно","2025-11-27 18:10"
"1.90","","-1.50","81","771","1028","","","","1.80","","SSW","Облачно","2025-11-27 18:11"
"1.90","","-1.50","81","771","1028","","","","1.80","","SSW","Облачно","2025-11-27 18:12"
"1.90","","-1.50","81","771","1028","","","","1.80","","SSW","Облачно","2025-11-27 18:13"
"1.90","","-1.50","81","771","1028","","","","1.80","","SSW","Облачно","2025-11-27 18:14"
"1.90","","-1.50","81","771","1028","","","","1.80","","SSW","Облачно","2025-11-27 18:15"
"1.90","","-1.50","81","771","1028","","","","1.80","","SSW","Облачно","2025-11-27 18:16"
"1.90","","-1.50","82","771","1028","","","","1.80","","SSW","Облачно","2025-11-27 18:17"
"1.90","","-1.50","82","771","1028","","","","1.80","","SSW","Облачно","2025-11-27 18:18"
"1.90","","-1.50","82","771","1028","","","","1.80","","SSW","Облачно","2025-11-27 18:19"
"1.90","","-1.50","82","771","1028","","","","1.80","","SSW","Облачно","2025-11-27 18:20"
"1.90","","-1.50","82","771","1028","","","","1.80","","SSW","Облачно","2025-11-27 18:21"
"1.90","","-1.50","82","771","1028","","","","1.80","","SSW","Облачно","2025-11-27 18:22"
"1.90","","-1.50","82","771","1028","","","","1.80","","SSW","Облачно","2025-11-27 18:23"
"1.90","","-1.50","82","771","1028","","","","1.80","","SSW","Облачно","2025-11-27 18:24"
"1.90","","-1.50","82","771","1028","","","","1.80","","SSW","Облачно","2025-11-27 18:25"
"1.90","","-1.50","82","771","1028","","","","1.80","","SSW","Облачно","2025-11-27 18:26"
"1.90","","-1.50","82","771","1028","","","","1.80","","SSW","Облачно","2025-11-27 18:27"
"1.90","","-1.50","82","771","1028","","","","1.80","","SSW","Облачно","2025-11-27 18:28"
"1.90","","-1.50","82","771","1028","","","","1.80","","SSW","Облачно","2025-11-27 18:29"
"1.90","","-1.50","82","771","1028","","","","1.80","","SSW","Облачно","2025-11-27 18:30"
"1.90","","-1.50","82","771","1028","","","","1.80","","SSW","Облачно","2025-11-27 18:31"
"1.90","","-1.50","82","771","1028","","","","1.80","","SSW","Облачно","2025-11-27 18:32"
"1.90","","-1.50","82","771","1028","","","","1.80","","SSW","Облачно","2025-11-27 18:33"
"1.90","","-1.50","82","771","1028","","","","1.80","","SSW","Облачно","2025-11-27 18:34"
"1.90","","-1.40","83","771","1028","","","","1.80","","SSW","Облачно","2025-11-27 18:35"
"2.00","","-1.30","83","771","1028","","","","1.80","","SSW","Облачно","2025-11-27 18:36"
"2.00","","-1.30","83","771","1028","","","","1.80","","SSW","Облачно","2025-11-27 18:37"
"2.00","","-1.30","83","771","1028","","","","1.80","","SSW","Облачно","2025-11-27 18:38"
"1.90","","-1.40","83","771","1028","","","","1.80","","SSW","Облачно","2025-11-27 18:39"
"2.00","","-1.30","83","771","1028","","","","1.80","","SSW","Облачно","2025-11-27 18:40"
"2.00","","-1.30","83","771","1028","","","","1.80","","SSW","Облачно","2025-11-27 18:41"
"2.00","","-1.30","83","771","1028","","","","1.80","","SSW","Облачно","2025-11-27 18:42"
"2.00","","-1.30","83","771","1028","","","","1.80","","SSW","Облачно","2025-11-27 18:43"
"2.00","","-1.30","83","771","1028","","","","1.80","","SSW","Облачно","2025-11-27 18:44"
"2.00","","-1.30","83","771","1028","","","","1.80","","SSW","Облачно","2025-11-27 18:45"
"2.00","","-1.30","83","771","1028","","","","1.80","","SSW","Облачно","2025-11-27 18:46"
"1.90","","-1.40","83","771","1028","","","","1.80","","SSW","Облачно","2025-11-27 18:47"
"1.90","","-1.40","83","771","1028","","","","1.80","","SSW","Облачно","2025-11-27 18:48"
"1.90","","-1.40","83","771","1028","","","","1.80","","SSW","Облачно","2025-11-27 18:49"
"1.90","","-1.40","83","771","1028","","","","1.80","","SSW","Облачно","2025-11-27 18:50"
"1.90","","-1.40","83","770","1027","","","","1.80","","SSW","Облачно","2025-11-27 18:51"
"1.90","","-1.40","83","770","1027","","","","1.80","","SSW","Облачно","2025-11-27 18:52"
"1.90","","-1.40","83","770","1027","","","","1.80","","SSW","Облачно","2025-11-27 18:53"
"1.90","","-1.40","83","770","1027","","","","1.80","","SSW","Облачно","2025-11-27 18:54"
"1.90","","-1.40","83","770","1027","","","","1.80","","SSW","Облачно","2025-11-27 18:55"
"1.90","","-1.40","83","770","1027","","","","1.80","","SSW","Облачно","2025-11-27 18:56"
"1.90","","-1.40","83","770","1027","","","","1.80","","SSW","Облачно","2025-11-27 18:57"
"1.90","","-1.40","83","770","1027","","","","1.80","","SSW","Облачно","2025-11-27 18:58"
"1.90","","-1.40","83","770","1027","","","","1.80","","SSW","Облачно","2025-11-27 18:59"
"1.80","","-1.60","83","770","1027","","","","1.80","","SSW","Облачно","2025-11-27 19:00"
"1.80","","-1.60","83","770","1027","","","","1.80","","SSW","Облачно","2025-11-27 19:01"
"1.80","","-1.60","83","770","1027","","","","1.80","","SSW","Облачно","2025-11-27 19:02"
"1.90","","-1.40","83","770","1027","","","","1.80","","SSW","Облачно","2025-11-27 19:03"
"1.90","","-1.40","83","770","1027","","","","1.80","","SSW","Облачно","2025-11-27 19:04"
"1.90","","-1.40","83","770","1027","","","","1.80","","SSW","Облачно","2025-11-27 19:05"
"1.90","","-1.40","83","771","1028","","","","1.80","","SSW","Облачно","2025-11-27 19:06"
"1.90","","-1.40","83","771","1028","","","","1.80","","SSW","Облачно","2025-11-27 19:07"
"1.90","","-1.40","83","771","1028","","","","1.80","","SSW","Облачно","2025-11-27 19:08"
"1.90","","-1.40","84","771","1028","","","","1.80","","SSW","Облачно","2025-11-27 19:09"
"1.90","","-1.40","84","771","1028","","","","1.80","","SSW","Облачно","2025-11-27 19:10"
"1.90","","-1.40","84","771","1028","","","","1.80","","SSW","Облачно","2025-11-27 19:11"
"1.90","","-1.40","84","771","1028","","","","1.80","","SSW","Облачно","2025-11-27 19:12"
"1.90","","-1.40","84","771","1028","","","","1.80","","SSW","Облачно","2025-11-27 19:13"
"1.90","","-1.40","84","771","1028","","","","1.80","","SSW","Облачно","2025-11-27 19:14"
"1.90","","-1.40","84","771","1028","","","","1.80","","SSW","Облачно","2025-11-27 19:15"
"1.90","","-1.40","84","771","1028","","","","1.80","","SSW","Облачно","2025-11-27 19:16"
"1.90","","-1.40","84","771","1028","","","","1.80","","SSW","Облачно","2025-11-27 19:17"
"2.00","","-1.30","84","771","1028","","","","1.80","","SSW","Облачно","2025-11-27 19:18"
"2.00","","-1.30","84","771","1028","","","","1.80","","SSW","Облачно","2025-11-27 19:19"
"2.00","","-1.30","85","771","1028","","","","1.80","","SSW","Облачно","2025-11-27 19:20"
"2.10","","-1.20","85","771","1028","","","","1.80","","SSW","Облачно","2025-11-27 19:21"
"2.00","","-1.30","85","771","1028","","","","1.80","","SSW","Облачно","2025-11-27 19:22"
"2.00","","-1.30","85","771","1028","","","","1.80","","SSW","Облачно","2025-11-27 19:23"
"2.10","","-1.20","85","771","1028","","","","1.80","","SSW","Облачно","2025-11-27 19:24"
"2.10","","-1.20","85","771","1028","","","","1.80","","SSW","Облачно","2025-11-27 19:25"
"2.10","","-1.20","85","771","1028","","","","1.80","","SSW","Облачно","2025-11-27 19:26"
"2.10","","-1.20","85","771","1028","","","","1.80","","SSW","Облачно","2025-11-27 19:27"
"2.10","","-1.20","85","771","1028","","","","1.80","","SSW","Облачно","2025-11-27 19:28"
"2.10","","-1.20","85","771","1028","","","","1.80","","SSW","Облачно","2025-11-27 19:29"
"2.10","","-1.20","85","771","1028","","","","1.80","","SSW","Облачно","2025-11-27 19:30"
"2.10","","-1.20","85","771","1028","","","","1.80","","SSW","Облачно","2025-11-27 19:31"
"2.10","","-1.20","85","771","1028","","","","1.80","","SSW","Облачно","2025-11-27 19:32"
"2.10","","-1.20","85","771","1028","","","","1.80","","SSW","Облачно","2025-11-27 19:33"
"2.10","","-1.20","85","771","1028","","","","1.80","","SSW","Облачно","2025-11-27 19:34"
"2.10","","-1.20","85","771","1028","","","","1.80","","SSW","Облачно","2025-11-27 19:35"
"2.10","","-1.20","85","771","1028","","","","1.80","","SSW","Облачно","2025-11-27 19:36"
"2.10","","-1.20","85","771","1028","","","","1.80","","SSW","Облачно","2025-11-27 19:37"
"2.10","","-1.20","85","771","1028","","","","1.80","","SSW","Облачно","2025-11-27 19:38"
"2.10","","-1.20","85","771","1028","","","","1.80","","SSW","Облачно","2025-11-27 19:39"
"2.10","","-1.20","85","771","1028","","","","1.80","","SSW","Облачно","2025-11-27 19:40"
"2.10","","-1.20","85","771","1028","","","","1.80","","SSW","Облачно","2025-11-27 19:41"
"2.10","","-1.20","85","771","1028","","","","1.80","","SSW","Облачно","2025-11-27 19:42"
"2.10","","-1.10","86","771","1028","","","","1.80","","SSW","Облачно","2025-11-27 19:43"
"2.20","","-1.00","86","771","1028","","","","1.80","","SSW","Облачно","2025-11-27 19:44"
"2.20","","-1.00","86","771","1028","","","","1.80","","SSW","Облачно","2025-11-27 19:45"
"2.20","","-1.00","86","771","1028","","","","1.80","","SSW","Облачно","2025-11-27 19:46"
"2.20","","-1.00","86","771","1028","","","","1.80","","SSW","Облачно","2025-11-27 19:47"
"2.20","","-1.00","86","771","1028","","","","1.80","","SSW","Облачно","2025-11-27 19:48"
"2.20","","-1.00","86","771","1028","","","","1.80","","SSW","Облачно","2025-11-27 19:49"
"2.20","","-1.00","86","771","1028","","","","1.80","","SSW","Облачно","2025-11-27 19:50"
"2.20","","-1.00","86","771","1028","","","","1.80","","SSW","Облачно","2025-11-27 19:51"
"2.20","","-1.00","86","771","1028","","","","1.80","","SSW","Облачно","2025-11-27 19:52"
"2.20","","-1.00","86","771","1028","","","","1.80","","SSW","Облачно","2025-11-27 19:53"
"2.20","","-1.00","86","771","1028","","","","1.80","","SSW","Облачно","2025-11-27 19:54"
"2.30","","-0.90","86","771","1028","","","","1.80","","SSW","Облачно","2025-11-27 19:55"
"2.30","","-0.90","86","771","1028","","","","1.80","","SSW","Облачно","2025-11-27 19:56"
"2.30","","-0.90","86","771","1028","","","","1.80","","SSW","Облачно","2025-11-27 19:57"
"2.30","","-0.90","86","771","1028","","","","1.80","","SSW","Облачно","2025-11-27 19:58"
"2.30","","-0.90","86","771","1028","","","","1.80","","SSW","Облачно","2025-11-27 19:59"
"2.40","","-0.80","87","771","1028","","","","1.80","","SSW","Облачно","2025-11-27 20:00"
"2.40","","-0.80","87","771","1028","","","","1.80","","SSW","Облачно","2025-11-27 20:01"
"2.40","","-0.80","87","771","1028","","","","1.80","","SW","Облачно","2025-11-27 20:02"
"2.40","","-0.80","87","771","1028","","","","1.80","","SW","Облачно","2025-11-27 20:03"
"2.40","","-0.80","87","771","1028","","","","1.80","","SW","Облачно","2025-11-27 20:04"
"2.50","","-0.70","86","771","1028","","","","1.80","","SW","Облачно","2025-11-27 20:05"
"2.50","","-0.70","86","771","1028","","","","1.80","","SW","Облачно","2025-11-27 20:06"
"2.50","","-0.70","86","771","1028","","","","1.80","","SW","Облачно","2025-11-27 20:07"
"2.50","","-0.70","87","771","1028","","","","1.80","","SW","Облачно","2025-11-27 20:08"
"2.50","","-0.70","87","771","1028","","","","1.80","","SW","Облачно","2025-11-27 20:09"
"2.50","","-0.70","87","771","1028","","","","1.80","","SW","Облачно","2025-11-27 20:10"
"2.50","","-0.70","87","771","1028","","","","1.80","","SW","Облачно","2025-11-27 20:11"
"2.50","","-0.70","87","771","1028","","","","1.80","","SW","Облачно","2025-11-27 20:12"
"2.50","","-0.70","87","771","1028","","","","1.80","","SW","Облачно","2025-11-27 20:13"
"2.50","","-0.70","87","771","1028","","","","1.80","","SW","Облачно","2025-11-27 20:14"
"2.50","","-0.70","86","771","1028","","","","1.80","","SW","Облачно","2025-11-27 20:15"
"2.50","","-0.70","86","771","1028","","","","1.80","","SW","Облачно","2025-11-27 20:16"
"2.50","","-0.70","86","771","1028","","","","1.80","","SW","Облачно","2025-11-27 20:17"
"2.50","","-0.70","86","771","1028","","","","1.80","","SW","Облачно","2025-11-27 20:18"
"2.50","","-0.70","86","771","1028","","","","1.80","","SW","Облачно","2025-11-27 20:19"
"2.50","","-0.70","86","771","1028","","","","1.80","","SW","Облачно","2025-11-27 20:20"
"2.50","","-0.70","86","771","1028","","","","1.80","","SW","Облачно","2025-11-27 20:21"
"2.50","","-0.70","86","771","1028","","","","1.80","","SW","Облачно","2025-11-27 20:22"
"2.50","","-0.70","86","771","1028","","","","1.80","","SW","Облачно","2025-11-27 20:23"
"2.40","","-0.80","87","771","1028","","","","1.80","","SW","Облачно","2025-11-27 20:24"
"2.50","","-0.70","86","771","1028","","","","1.80","","SW","Облачно","2025-11-27 20:25"
"2.50","","-0.70","86","771","1028","","","","1.80","","SW","Облачно","2025-11-27 20:26"
"2.50","","-0.70","86","771","1028","","","","1.80","","SW","Облачно","2025-11-27 20:27"
"2.50","","-0.70","86","771","1028","","","","1.80","","SW","Облачно","2025-11-27 20:28"
"2.50","","-0.70","86","771","1028","","","","1.80","","SW","Облачно","2025-11-27 20:29"
"2.50","","-0.70","86","771","1028","","","","1.80","","SW","Облачно","2025-11-27 20:30"
"2.50","","-0.70","86","771","1028","","","","1.80","","SW","Облачно","2025-11-27 20:31"
"2.50","","-0.70","86","771","1028","","","","1.80","","SW","Облачно","2025-11-27 20:32"
"2.50","","-0.70","86","771","1028","","","","1.80","","SW","Облачно","2025-11-27 20:33"
"2.50","","-0.70","86","771","1028","","","","1.80","","SW","Облачно","2025-11-27 20:34"
"2.50","","-0.70","86","771","1028","","","","1.80","","SW","Облачно","2025-11-27 20:35"
"2.50","","-0.70","86","771","1028","","","","1.80","","SW","Облачно","2025-11-27 20:36"
"2.50","","-0.70","86","771","1028","","","","1.80","","SW","Облачно","2025-11-27 20:37"
"2.50","","-0.70","86","771","1028","","","","1.80","","SW","Облачно","2025-11-27 20:38"
"2.50","","-0.70","86","771","1028","","","","1.80","","SW","Облачно","2025-11-27 20:39"
"2.50","","-0.70","86","771","1028","","","","1.80","","SW","Облачно","2025-11-27 20:40"
"2.50","","-0.70","86","771","1028","","","","1.80","","SW","Облачно","2025-11-27 20:41"
"2.50","","-0.70","86","771","1028","","","","1.80","","SW","Облачно","2025-11-27 20:42"
"2.50","","-0.70","86","771","1028","","","","1.80","","SW","Облачно","2025-11-27 20:43"
"2.50","","-0.70","86","771","1028","","","","1.80","","SW","Облачно","2025-11-27 20:44"
"2.50","","-0.70","86","771","1028","","","","1.80","","SW","Облачно","2025-11-27 20:45"
"2.50","","-0.70","86","771","1028","","","","1.80","","SW","Облачно","2025-11-27 20:46"
"2.50","","-0.70","86","771","1028","","","","1.80","","SW","Облачно","2025-11-27 20:47"
"2.50","","-0.70","86","771","1028","","","","1.80","","SW","Облачно","2025-11-27 20:48"
"2.50","","-0.70","86","771","1028","","","","1.80","","SW","Облачно","2025-11-27 20:49"
"2.50","","-0.70","87","771","1028","","","","1.80","","SW","Облачно","2025-11-27 20:50"
"2.50","","-0.70","87","770","1027","","","","1.80","","SW","Облачно","2025-11-27 20:51"
"2.50","","-0.70","87","770","1027","","","","1.80","","SW","Облачно","2025-11-27 20:52"
"2.50","","-0.70","87","770","1027","","","","1.80","","SW","Облачно","2025-11-27 20:53"
"2.50","","-0.70","87","770","1027","","","","1.80","","SW","Облачно","2025-11-27 20:54"
"2.50","","-0.70","87","770","1027","","","","1.80","","SW","Облачно","2025-11-27 20:55"
"2.50","","-0.70","87","770","1027","","","","1.80","","SW","Облачно","2025-11-27 20:56"
"2.50","","-0.70","87","770","1027","","","","1.80","","SW","Облачно","2025-11-27 20:57"
"2.60","","-0.50","87","770","1027","","","","1.80","","SW","Облачно","2025-11-27 20:58"
"2.60","","-0.50","87","770","1027","","","","1.80","","SW","Облачно","2025-11-27 20:59"
"2.60","","-0.50","87","770","1027","","","","1.80","","SW","Облачно","2025-11-27 21:00"
"2.60","","-0.50","87","770","1027","","","","1.80","","SW","Облачно","2025-11-27 21:01"
"2.60","","-0.50","87","770","1027","","","","1.80","","SW","Облачно","2025-11-27 21:02"
"2.60","","-0.50","87","770","1027","","","","1.80","","SW","Облачно","2025-11-27 21:03"
"2.60","","-0.50","87","770","1027","","","","1.80","","SW","Облачно","2025-11-27 21:04"
"2.60","","-0.50","87","770","1027","","","","1.80","","SW","Облачно","2025-11-27 21:05"
"2.60","","-0.50","87","770","1027","","","","1.80","","SW","Облачно","2025-11-27 21:06"
"2.60","","-0.50","87","771","1028","","","","1.80","","SW","Облачно","2025-11-27 21:07"
"2.60","","-0.50","87","771","1028","","","","1.80","","SW","Облачно","2025-11-27 21:08"
"2.60","","-0.50","87","771","1028","","","","1.80","","SW","Облачно","2025-11-27 21:09"
"2.60","","-0.50","87","771","1028","","","","1.80","","SW","Облачно","2025-11-27 21:10"
"2.60","","-0.50","87","771","1028","","","","1.80","","SW","Облачно","2025-11-27 21:11"
"2.60","","-0.50","87","771","1028","","","","1.80","","SW","Облачно","2025-11-27 21:12"
"2.60","","-0.50","87","771","1028","","","","1.80","","SW","Облачно","2025-11-27 21:13"
"2.60","","-0.50","87","771","1028","","","","1.80","","SW","Облачно","2025-11-27 21:14"
"2.60","","-0.50","87","771","1028","","","","1.80","","SW","Облачно","2025-11-27 21:15"
"2.50","","-0.70","87","771","1028","","","","1.80","","SW","Облачно","2025-11-27 21:16"
"2.50","","-0.70","87","771","1028","","","","1.80","","SW","Облачно","2025-11-27 21:17"
"2.50","","-0.70","87","771","1028","","","","1.80","","SW","Облачно","2025-11-27 21:18"
"2.50","","-0.70","87","771","1028","","","","1.80","","SW","Облачно","2025-11-27 21:19"
"2.60","","-0.50","87","771","1028","","","","1.80","","SW","Облачно","2025-11-27 21:20"
"2.60","","-0.50","87","771","1028","","","","1.80","","SW","Облачно","2025-11-27 21:21"
"2.60","","-0.50","87","771","1028","","","","1.80","","SW","Облачно","2025-11-27 21:22"
"2.60","","-0.50","87","771","1028","","","","1.80","","SW","Облачно","2025-11-27 21:23"
"2.60","","-0.50","87","771","1028","","","","1.80","","SW","Облачно","2025-11-27 21:24"
"2.60","","-0.50","87","771","1028","","","","1.80","","SW","Облачно","2025-11-27 21:25"
"2.60","","-0.50","87","771","1028","","","","1.80","","SW","Небольшая облачность","2025-11-27 21:26"
"2.60","","-0.50","87","771","1028","","","","1.80","","SW","Небольшая облачность","2025-11-27 21:27"
"2.60","","-0.50","87","771","1028","","","","1.80","","SW","Небольшая облачность","2025-11-27 21:28"
"2.60","","-0.50","87","771","1028","","","","1.80","","SW","Небольшая облачность","2025-11-27 21:29"
"2.60","","-0.50","87","771","1028","","","","1.80","","SW","Небольшая облачность","2025-11-27 21:30"
"2.60","","-0.50","87","771","1028","","","","1.80","","SW","Небольшая облачность","2025-11-27 21:31"
"2.60","","-0.50","87","771","1028","","","","1.80","","SW","Небольшая облачность","2025-11-27 21:32"
"2.60","","-0.50","87","771","1028","","","","1.80","","SW","Небольшая облачность","2025-11-27 21:33"
"2.60","","-0.50","87","771","1028","","","","1.80","","SW","Небольшая облачность","2025-11-27 21:34"
"2.60","","-0.50","87","771","1028","","","","1.80","","SW","Небольшая облачность","2025-11-27 21:35"
"2.60","","-0.50","87","771","1028","","","","1.80","","SW","Небольшая облачность","2025-11-27 21:36"
"2.60","","-0.50","87","771","1028","","","","1.80","","SW","Небольшая облачность","2025-11-27 21:37"
"2.60","","-0.50","87","771","1028","","","","1.80","","SW","Небольшая облачность","2025-11-27 21:38"
"2.60","","-0.50","87","771","1028","","","","1.80","","SW","Небольшая облачность","2025-11-27 21:39"
"2.60","","-0.50","87","771","1028","","","","1.80","","SW","Небольшая облачность","2025-11-27 21:40"
"2.60","","-0.50","87","771","1028","","","","1.80","","SW","Небольшая облачность","2025-11-27 21:41"
"2.60","","-0.50","87","771","1028","","","","1.80","","SW","Небольшая облачность","2025-11-27 21:42"
"2.60","","-0.50","87","771","1028","","","","1.80","","SW","Небольшая облачность","2025-11-27 21:43"
"2.60","","-0.50","87","771","1028","","","","1.80","","SW","Небольшая облачность","2025-11-27 21:44"
"2.60","","-0.50","87","771","1028","","","","1.80","","SW","Небольшая облачность","2025-11-27 21:45"
"2.60","","-0.50","87","771","1028","","","","1.80","","SW","Небольшая облачность","2025-11-27 21:46"
"2.60","","-0.50","87","771","1028","","","","1.80","","SW","Небольшая облачность","2025-11-27 21:47"
"2.60","","-0.50","87","771","1028","","","","1.80","","SW","Небольшая облачность","2025-11-27 21:48"
"2.60","","-0.50","87","771","1028","","","","1.80","","SW","Небольшая облачность","2025-11-27 21:49"
"2.60","","-0.50","87","771","1028","","","","1.80","","SW","Небольшая облачность","2025-11-27 21:50"
"2.60","","-0.50","87","771","1028","","","","1.80","","SW","Небольшая облачность","2025-11-27 21:51"
"2.60","","-0.50","87","771","1028","","","","1.80","","SW","Небольшая облачность","2025-11-27 21:52"
"2.60","","-0.50","87","771","1028","","","","1.80","","SW","Небольшая облачность","2025-11-27 21:53"
"2.60","","-0.50","87","771","1028","","","","1.80","","SW","Небольшая облачность","2025-11-27 21:54"
"2.60","","-0.50","87","771","1028","","","","1.80","","SW","Небольшая облачность","2025-11-27 21:55"
"2.60","","-0.50","87","771","1028","","","","1.80","","SW","Небольшая облачность","2025-11-27 21:56"
"2.60","","-0.50","87","771","1028","","","","1.80","","SW","Небольшая облачность","2025-11-27 21:57"
"2.60","","-0.50","87","771","1028","","","","1.80","","SW","Небольшая облачность","2025-11-27 21:58"
"2.60","","-0.50","87","771","1028","","","","1.80","","SW","Небольшая облачность","2025-11-27 21:59"
"2.60","","-0.50","87","771","1028","","","","1.80","","SW","Небольшая облачность","2025-11-27 22:00"
"2.60","","-0.50","87","771","1028","","","","1.80","","SW","Небольшая облачность","2025-11-27 22:01"
"2.60","","-0.50","87","771","1028","","","","1.80","","SW","Небольшая облачность","2025-11-27 22:02"
"2.60","","-0.50","87","771","1028","","","","1.80","","SW","Небольшая облачность","2025-11-27 22:03"
"2.60","","-0.50","87","771","1028","","","","1.80","","SW","Небольшая облачность","2025-11-27 22:04"
"2.60","","-0.50","87","771","1028","","","","1.80","","SW","Небольшая облачность","2025-11-27 22:05"
"2.60","","-0.50","87","771","1028","","","","1.80","","SW","Небольшая облачность","2025-11-27 22:06"
"2.60","","-0.50","87","769","1026","","","","1.80","","SW","Небольшая облачность","2025-11-27 22:07"
"2.60","","-0.50","87","769","1026","","","","1.80","","SW","Небольшая облачность","2025-11-27 22:08"
"2.60","","-0.50","88","769","1026","","","","1.80","","SW","Небольшая облачность","2025-11-27 22:09"
"2.60","","-0.50","88","769","1026","","","","1.80","","SW","Небольшая облачность","2025-11-27 22:10"
"2.60","","-0.50","88","769","1026","","","","1.80","","SW","Небольшая облачность","2025-11-27 22:11"
"2.60","","-0.50","88","769","1026","","","","1.80","","SW","Небольшая облачность","2025-11-27 22:12"
"2.70","","-0.40","88","769","1026","","","","1.80","","SW","Небольшая облачность","2025-11-27 22:13"
"2.70","","-0.40","88","769","1026","","","","1.80","","SW","Небольшая облачность","2025-11-27 22:14"
"2.70","","-0.40","88","769","1026","","","","1.80","","SW","Небольшая облачность","2025-11-27 22:15"
"2.70","","-0.40","88","769","1026","","","","1.80","","SW","Небольшая облачность","2025-11-27 22:16"
"2.70","","-0.40","88","769","1026","","","","1.80","","SW","Небольшая облачность","2025-11-27 22:17"
"2.80","","-0.30","88","769","1026","","","","1.80","","SW","Небольшая облачность","2025-11-27 22:18"
"2.80","","-0.30","88","769","1026","","","","1.80","","SW","Небольшая облачность","2025-11-27 22:19"
"2.80","","-0.30","88","769","1026","","","","1.80","","SW","Небольшая облачность","2025-11-27 22:20"
"2.80","","-0.30","88","770","1027","","","","1.80","","SW","Небольшая облачность","2025-11-27 22:21"
"2.80","","-0.30","88","770","1027","","","","1.80","","SW","Небольшая облачность","2025-11-27 22:22"
"2.80","","-0.30","88","770","1027","","","","1.80","","SW","Небольшая облачность","2025-11-27 22:23"
"2.80","","-0.30","88","770","1027","","","","1.80","","SW","Небольшая облачность","2025-11-27 22:24"
"2.80","","-0.30","88","770","1027","","","","1.80","","SW","Небольшая облачность","2025-11-27 22:25"
"2.80","","-0.30","88","770","1027","","","","1.80","","SW","Небольшая облачность","2025-11-27 22:26"
"2.80","","-0.30","88","770","1027","","","","1.80","","SW","Небольшая облачность","2025-11-27 22:27"
"2.80","","-0.30","88","770","1027","","","","1.80","","SW","Небольшая облачность","2025-11-27 22:28"
"2.80","","-0.30","88","770","1027","","","","1.80","","SW","Небольшая облачность","2025-11-27 22:29"
"2.80","","-0.30","88","770","1027","","","","1.80","","SW","Небольшая облачность","2025-11-27 22:30"
"2.80","","-0.30","88","770","1027","","","","1.80","","SW","Небольшая облачность","2025-11-27 22:31"
"2.80","","-0.30","88","770","1027","","","","1.80","","SW","Небольшая облачность","2025-11-27 22:32"
"2.80","","-0.30","88","770","1027","","","","1.80","","SW","Небольшая облачность","2025-11-27 22:33"
"2.80","","-0.30","88","770","1027","","","","1.80","","SW","Небольшая облачность","2025-11-27 22:34"
"2.80","","-0.30","88","770","1027","","","","1.80","","SW","Небольшая облачность","2025-11-27 22:35"
"2.80","","-0.30","88","770","1027","","","","1.80","","SW","Облачно","2025-11-27 22:36"
"2.80","","-0.30","88","770","1027","","","","1.80","","SW","Облачно","2025-11-27 22:37"
"2.80","","-0.30","88","770","1027","","","","1.80","","SW","Облачно","2025-11-27 22:38"
"2.80","","-0.30","88","770","1027","","","","1.80","","SW","Облачно","2025-11-27 22:39"
"2.80","","-0.30","88","770","1027","","","","1.80","","SW","Облачно","2025-11-27 22:40"
"2.80","","-0.30","88","770","1027","","","","1.80","","SW","Облачно","2025-11-27 22:41"
"2.80","","-0.30","88","770","1027","","","","1.80","","SW","Облачно","2025-11-27 22:42"
"2.80","","-0.30","88","770","1027","","","","1.80","","SW","Облачно","2025-11-27 22:43"
"2.80","","-0.30","88","770","1027","","","","1.80","","SW","Облачно","2025-11-27 22:44"
"2.80","","-0.30","88","770","1027","","","","1.80","","SW","Облачно","2025-11-27 22:45"
"2.80","","-0.30","88","770","1027","","","","1.80","","SW","Облачно","2025-11-27 22:46"
"2.80","","-0.30","88","770","1027","","","","1.80","","SW","Облачно","2025-11-27 22:47"
"2.80","","-0.30","88","770","1027","","","","1.80","","SW","Облачно","2025-11-27 22:48"
"2.80","","-0.30","88","770","1027","","","","1.80","","SW","Облачно","2025-11-27 22:49"
"2.80","","-0.30","88","770","1027","","","","1.80","","SW","Облачно","2025-11-27 22:50"
"2.70","","-0.40","88","770","1027","","","","1.80","","SW","Облачно","2025-11-27 22:51"
"2.80","","-0.30","88","770","1027","","","","1.80","","SW","Облачно","2025-11-27 22:52"
"2.70","","-0.40","88","770","1027","","","","1.80","","SW","Облачно","2025-11-27 22:53"
"2.70","","-0.40","88","770","1027","","","","1.80","","SW","Облачно","2025-11-27 22:54"
"2.70","","-0.40","88","770","1027","","","","1.80","","SW","Облачно","2025-11-27 22:55"
"2.70","","-0.40","88","770","1027","","","","1.80","","SW","Облачно","2025-11-27 22:56"
"2.70","","-0.40","88","770","1027","","","","1.80","","SW","Облачно","2025-11-27 22:57"
"2.70","","-0.40","88","770","1027","","","","1.80","","SW","Облачно","2025-11-27 22:58"
"2.70","","-0.40","88","770","1027","","","","1.80","","SW","Облачно","2025-11-27 22:59"
"2.70","","-0.40","88","770","1027","","","","1.80","","SW","Облачно","2025-11-27 23:00"
"2.70","","-0.40","88","770","1027","","","","1.80","","SW","Облачно","2025-11-27 23:01"
"2.70","","-0.40","88","770","1027","","","","1.80","","SW","Облачно","2025-11-27 23:02"
"2.70","","-0.40","88","770","1027","","","","1.80","","SW","Облачно","2025-11-27 23:03"
"2.70","","-0.40","88","770","1027","","","","1.80","","SW","Облачно","2025-11-27 23:04"
"2.70","","-0.40","88","770","1027","","","","1.80","","SW","Облачно","2025-11-27 23:05"
"2.70","","-0.40","88","770","1027","","","","1.80","","SW","Облачно","2025-11-27 23:06"
"2.70","","-0.40","88","770","1027","","","","1.80","","SW","Облачно","2025-11-27 23:07"
"2.70","","-0.40","88","770","1027","","","","1.80","","SW","Облачно","2025-11-27 23:08"
"2.70","","-0.40","88","770","1027","","","","1.80","","SW","Облачно","2025-11-27 23:09"
"2.70","","-0.40","88","770","1027","","","","1.80","","SW","Облачно","2025-11-27 23:10"
"2.70","","-0.40","88","770","1027","","","","1.80","","SW","Облачно","2025-11-27 23:11"
"2.70","","-0.40","88","770","1027","","","","1.80","","SW","Облачно","2025-11-27 23:12"
"2.70","","-0.40","88","770","1027","","","","1.80","","SW","Облачно","2025-11-27 23:13"
"2.70","","-0.40","88","770","1027","","","","1.80","","SW","Облачно","2025-11-27 23:14"
"2.70","","-0.40","88","770","1027","","","","1.80","","SW","Облачно","2025-11-27 23:15"
"2.70","","-0.40","88","770","1027","","","","1.80","","SW","Облачно","2025-11-27 23:16"
"2.70","","-0.40","88","770","1027","","","","1.80","","SW","Облачно","2025-11-27 23:17"
"2.70","","-0.40","88","770","1027","","","","1.80","","SW","Облачно","2025-11-27 23:18"
"2.70","","-0.40","88","770","1027","","","","1.80","","SW","Облачно","2025-11-27 23:19"
"2.70","","-0.40","88","770","1027","","","","1.80","","SW","Облачно","2025-11-27 23:20"
"2.70","","-0.40","88","770","1027","","","","1.80","","SW","Облачно","2025-11-27 23:21"
"2.70","","-0.40","88","770","1027","","","","1.80","","SW","Облачно","2025-11-27 23:22"
"2.70","","-0.40","88","770","1027","","","","1.80","","SW","Облачно","2025-11-27 23:23"
"2.70","","-0.40","88","770","1027","","","","1.80","","SW","Облачно","2025-11-27 23:24"
"2.70","","-0.40","88","770","1027","","","","1.80","","SW","Облачно","2025-11-27 23:25"
"2.70","","-0.40","88","770","1027","","","","1.80","","SW","Облачно","2025-11-27 23:26"
"2.70","","-0.40","88","770","1027","","","","1.80","","SW","Облачно","2025-11-27 23:27"
"2.80","","-0.30","88","770","1027","","","","1.80","","SW","Облачно","2025-11-27 23:28"
"2.80","","-0.30","88","770","1027","","","","1.80","","SW","Облачно","2025-11-27 23:29"
"2.80","","-0.30","88","770","1027","","","","1.80","","SW","Облачно","2025-11-27 23:30"
"2.80","","-0.30","88","770","1027","","","","1.80","","SW","Облачно","2025-11-27 23:31"
"2.80","","-0.30","88","770","1027","","","","1.80","","SW","Облачно","2025-11-27 23:32"
"2.80","","-0.30","88","770","1027","","","","1.80","","SW","Облачно","2025-11-27 23:33"
"2.80","","-0.30","88","770","1027","","","","1.80","","SW","Облачно","2025-11-27 23:34"
"2.80","","-0.30","88","770","1027","","","","1.80","","SW","Облачно","2025-11-27 23:35"
"2.80","","-0.30","88","770","1027","","","","1.80","","SW","Облачно","2025-11-27 23:36"
"2.80","","-0.30","88","770","1027","","","","1.80","","SW","Облачно","2025-11-27 23:37"
"2.80","","-0.30","88","770","1027","","","","1.80","","SW","Облачно","2025-11-27 23:38"
"2.80","","-0.30","88","770","1027","","","","1.80","","SW","Облачно","2025-11-27 23:39"
"2.80","","-0.30","88","770","1027","","","","1.80","","SW","Облачно","2025-11-27 23:40"
"2.80","","-0.30","88","770","1027","","","","1.80","","SW","Облачно","2025-11-27 23:41"
"2.70","","-0.40","88","770","1027","","","","1.80","","SW","Облачно","2025-11-27 23:42"
"2.70","","-0.40","88","770","1027","","","","1.80","","SW","Облачно","2025-11-27 23:43"
"2.80","","-0.30","88","770","1027","","","","1.80","","SW","Облачно","2025-11-27 23:44"
"2.80","","-0.30","88","770","1027","","","","1.80","","SW","Облачно","2025-11-27 23:45"
"2.80","","-0.30","88","770","1027","","","","1.80","","SW","Облачно","2025-11-27 23:46"
"2.80","","-0.30","88","770","1027","","","","1.80","","SW","Облачно","2025-11-27 23:47"
"2.80","","-0.30","88","770","1027","","","","1.80","","SW","Облачно","2025-11-27 23:48"
"2.80","","-0.30","88","770","1027","","","","1.80","","SW","Облачно","2025-11-27 23:49"
"2.80","","-0.30","88","770","1027","","","","1.80","","SW","Облачно","2025-11-27 23:50"
"2.80","","-0.30","88","770","1027","","","","1.80","","SW","Облачно","2025-11-27 23:51"
"2.80","","-0.30","88","770","1027","","","","1.80","","SW","Облачно","2025-11-27 23:52"
"2.80","","-0.30","88","770","1027","","","","1.80","","SW","Облачно","2025-11-27 23:53"
"2.80","","-0.30","88","770","1027","","","","1.80","","SW","Облачно","2025-11-27 23:54"
"2.80","","-0.30","88","770","1027","","","","1.80","","SW","Облачно","2025-11-27 23:55"
"2.80","","-0.30","88","770","1027","","","","1.80","","SW","Облачно","2025-11-27 23:56"
"2.80","","-0.30","88","770","1027","","","","1.80","","SW","Облачно","2025-11-27 23:57"
"2.80","","-0.30","88","770","1027","","","","1.80","","SW","Облачно","2025-11-27 23:58"
"2.90","","-0.20","88","770","1027","","","","1.80","","SW","Облачно","2025-11-27 23:59"