"Temp","Temp Water","Temp Feels Like","Humidity","Pressure Mm","Pressure Hpa","Precip Mm","Precip Type","Precip Intensity","Wind Speed Ms","Wind Gust Speed Ms","Wind Dir","Condition","Created At"
"7.20","","4.90","74","760","1014","","","","1.10","","S","Облачно","2025-11-25 00:00"
"7.20","","4.90","74","760","1014","","","","1.10","","S","Облачно","2025-11-25 00:01"
"7.20","","4.90","74","760","1014","","","","1.10","","S","Облачно","2025-11-25 00:02"
"7.20","","4.90","74","760","1014","","","","1.10","","S","Облачно","2025-11-25 00:03"
"7.20","","4.90","74","760","1014","","","","1.10","","S","Облачно","2025-11-25 00:04"
"7.20","","4.90","74","760","1014","","","","1.10","","S","Облачно","2025-11-25 00:05"
"7.20","","4.90","74","760","1014","","","","1.10","","S","Облачно","2025-11-25 00:06"
"7.20","","4.90","74","760","1014","","","","1.10","","S","Облачно","2025-11-25 00:07"
"7.20","","4.90","74","760","1014","","","","1.10","","S","Облачно","2025-11-25 00:08"
"7.20","","4.90","74","760","1014","","","","1.10","","S","Облачно","2025-11-25 00:09"
"7.20","","4.90","74","760","1014","","","","1.10","","S","Облачно","2025-11-25 00:10"
"7.20","","4.90","74","760","1014","","","","1.10","","S","Облачно","2025-11-25 00:11"
"7.20","","4.90","74","760","1014","","","","1.10","","S","Облачно","2025-11-25 00:12"
"7.10","","4.80","73","760","1014","","","","1.10","","S","Облачно","2025-11-25 00:13"
"7.10","","4.80","73","760","1014","","","","1.10","","S","Облачно","2025-11-25 00:14"
"7.10","","4.80","73","760","1014","","","","1.10","","S","Облачно","2025-11-25 00:15"
"7.10","","4.80","73","760","1014","","","","1.10","","S","Облачно","2025-11-25 00:16"
"7.10","","4.80","73","760","1014","","","","1.10","","S","Облачно","2025-11-25 00:17"
"7.10","","4.80","73","760","1014","","","","1.10","","S","Облачно","2025-11-25 00:18"
"7.10","","4.80","73","760","1014","","","","1.10","","S","Облачно","2025-11-25 00:19"
"7.10","","4.80","73","760","1014","","","","1.10","","S","Облачно","2025-11-25 00:20"
"7.10","","4.80","73","759","1013","","","","1.10","","S","Облачно","2025-11-25 00:21"
"7.10","","4.80","73","759","1013","","","","1.10","","S","Облачно","2025-11-25 00:22"
"7.10","","4.80","73","759","1013","","","","1.10","","S","Облачно","2025-11-25 00:23"
"7.10","","4.80","73","759","1013","","","","1.10","","S","Облачно","2025-11-25 00:24"
"7.10","","4.80","73","759","1013","","","","1.10","","S","Облачно","2025-11-25 00:25"
"7.10","","4.80","73","759","1013","","","","1.10","","S","Облачно","2025-11-25 00:26"
"7.10","","4.80","73","759","1013","","","","1.10","","S","Облачно","2025-11-25 00:27"
"7.10","","4.80","73","759","1013","","","","1.10","","S","Облачно","2025-11-25 00:28"
"7.10","","4.80","73","759","1013","","","","1.10","","S","Облачно","2025-11-25 00:29"
"7.10","","4.80","73","759","1013","","","","1.10","","S","Облачно","2025-11-25 00:30"
"7.10","","4.80","73","759","1013","","","","1.10","","S","Облачно","2025-11-25 00:31"
"7.10","","4.80","73","759","1013","","","","1.10","","S","Облачно","2025-11-25 00:32"
"7.10","","4.80","74","759","1013","","","","1.10","","S","Облачно","2025-11-25 00:33"
"7.10","","4.80","74","759","1013","","","","1.10","","S","Облачно","2025-11-25 00:34"
"7.10","","4.80","74","760","1014","","","","1.10","","S","Облачно","2025-11-25 00:36"
"7.10","","4.80","74","760","1014","","","","1.10","","S","Облачно","2025-11-25 00:37"
"7.10","","4.80","74","760","1014","","","","1.10","","S","Облачно","2025-11-25 00:38"
"7.10","","4.80","74","760","1014","","","","1.10","","S","Облачно","2025-11-25 00:39"
"7.10","","4.80","74","760","1014","","","","1.10","","S","Облачно","2025-11-25 00:40"
"7.10","","4.80","74","760","1014","","","","1.10","","S","Облачно","2025-11-25 00:41"
"7.10","","4.80","73","760","1014","","","","1.10","","S","Облачно","2025-11-25 00:42"
"7.10","","4.80","73","760","1014","","","","1.10","","S","Облачно","2025-11-25 00:43"
"7.10","","4.80","74","760","1014","","","","1.10","","S","Облачно","2025-11-25 00:44"
"7.10","","4.80","74","760","1014","","","","1.10","","S","Облачно","2025-11-25 00:45"
"7.10","","4.80","74","760","1014","","","","1.10","","S","Облачно","2025-11-25 00:46"
"7.10","","4.80","74","760","1014","","","","1.10","","S","Облачно","2025-11-25 00:47"
"7.10","","4.80","74","760","1014","","","","1.10","","S","Облачно","2025-11-25 00:48"
"7.00","","4.70","74","760","1014","","","","1.10","","S","Облачно","2025-11-25 00:49"
"7.10","","4.80","74","760","1014","","","","1.10","","S","Облачно","2025-11-25 00:50"
"7.10","","4.80","74","760","1014","","","","1.10","","S","Облачно","2025-11-25 00:51"
"7.10","","4.80","74","760","1014","","","","1.10","","S","Облачно","2025-11-25 00:52"
"7.10","","4.80","74","760","1014","","","","1.10","","S","Облачно","2025-11-25 00:53"
"7.00","","4.70","74","760","1014","","","","1.10","","S","Облачно","2025-11-25 00:54"
"7.00","","4.70","74","760","1014","","","","1.10","","S","Облачно","2025-11-25 00:55"
"7.00","","4.70","74","760","1014","","","","1.10","","S","Облачно","2025-11-25 00:56"
"7.00","","4.70","74","760","1014","","","","1.10","","S","Облачно","2025-11-25 00:57"
"7.00","","4.70","74","760","1014","","","","1.10","","S","Облачно","2025-11-25 00:58"
"7.00","","4.70","74","760","1014","","","","1.10","","S","Облачно","2025-11-25 00:59"
"7.00","","4.70","74","760","1014","","","","1.10","","S","Облачно","2025-11-25 01:00"
"7.00","","4.70","74","760","1014","","","","1.10","","S","Облачно","2025-11-25 01:01"
"7.00","","4.70","74","760","1014","","","","1.10","","S","Облачно","2025-11-25 01:02"
"7.00","","4.70","74","760","1014","","","","1.10","","S","Облачно","2025-11-25 01:03"
"7.00","","4.70","74","760","1014","","","","1.10","","S","Облачно","2025-11-25 01:04"
"7.00","","4.70","74","760","1014","","","","1.10","","S","Облачно","2025-11-25 01:05"
"7.00","","4.70","74","760","1014","","","","1.10","","S","Облачно","2025-11-25 01:06"
"7.00","","4.70","74","760","1014","","","","1.10","","S","Облачно","2025-11-25 01:07"
"7.00","","4.70","74","760","1014","","","","1.10","","S","Облачно","2025-11-25 01:08"
"7.00","","4.70","74","760","1014","","","","1.10","","S","Облачно","2025-11-25 01:09"
"7.00","","4.70","74","760","1014","","","","1.10","","S","Облачно","2025-11-25 01:10"
"7.00","","4.70","74","760","1014","","","","1.10","","S","Облачно","2025-11-25 01:11"
"7.00","","4.70","74","760","1014","","","","1.10","","S","Облачно","2025-11-25 01:12"
"7.00","","4.70","74","760","1014","","","","1.10","","S","Облачно","2025-11-25 01:13"
"7.00","","4.70","74","760","1014","","","","1.10","","S","Облачно","2025-11-25 01:14"
"7.00","","4.70","74","760","1014","","","","1.10","","S","Облачно","2025-11-25 01:15"
"7.00","","4.70","74","760","1014","","","","1.10","","S","Облачно","2025-11-25 01:16"
"7.00","","4.70","74","760","1014","","","","1.10","","S","Облачно","2025-11-25 01:17"
"7.00","","4.70","74","760","1014","","","","1.10","","S","Облачно","2025-11-25 01:18"
"7.00","","4.70","74","760","1014","","","","1.10","","S","Облачно","2025-11-25 01:19"
"7.00","","4.70","74","760","1014","","","","1.10","","S","Облачно","2025-11-25 01:20"
"7.00","","4.70","74","760","1014","","","","1.10","","S","Облачно","2025-11-25 01:21"
"7.00","","4.70","74","760","1014","","","","1.10","","S","Облачно","2025-11-25 01:22"
"7.00","","4.70","74","760","1014","","","","1.10","","S","Облачно","2025-11-25 01:23"
"7.00","","4.70","74","760","1014","","","","1.10","","S","Облачно","2025-11-25 01:24"
"7.00","","4.70","75","760","1014","","","","1.10","","S","Облачно","2025-11-25 01:25"
"7.00","","4.70","75","760","1014","","","","1.10","","S","Облачно","2025-11-25 01:26"
"7.00","","4.70","75","760","1014","","","","1.10","","S","Облачно","2025-11-25 01:27"
"7.00","","4.70","75","760","1014","","","","1.10","","S","Облачно","2025-11-25 01:28"
"7.00","","4.70","75","760","1014","","","","1.10","","S","Облачно","2025-11-25 01:29"
"7.00","","4.70","75","760","1014","","","","1.10","","S","Облачно","2025-11-25 01:30"
"7.00","","4.70","75","760","1014","","","","1.10","","S","Облачно","2025-11-25 01:31"
"7.00","","4.70","75","760","1014","","","","1.10","","S","Облачно","2025-11-25 01:32"
"7.00","","4.70","75","760","1014","","","","1.10","","S","Облачно","2025-11-25 01:33"
"7.00","","4.70","75","760","1014","","","","1.10","","S","Облачно","2025-11-25 01:34"
"7.00","","4.70","75","760","1014","","","","1.10","","S","Облачно","2025-11-25 01:35"
"7.00","","4.70","75","761","1015","","","","1.10","","S","Облачно","2025-11-25 01:36"
"7.00","","4.70","75","761","1015","","","","1.10","","S","Облачно","2025-11-25 01:37"
"7.00","","4.70","75","761","1015","","","","1.10","","S","Облачно","2025-11-25 01:38"
"7.00","","4.70","75","761","1015","","","","1.10","","S","Облачно","2025-11-25 01:39"
"7.00","","4.70","75","761","1015","","","","1.10","","S","Облачно","2025-11-25 01:40"
"7.00","","4.70","75","761","1015","","","","1.10","","S","Облачно","2025-11-25 01:41"
"7.00","","4.70","75","761","1015","","","","1.10","","S","Облачно","2025-11-25 01:42"
"7.00","","4.70","75","761","1015","","","","1.10","","S","Облачно","2025-11-25 01:43"
"7.00","","4.70","75","761","1015","","","","1.10","","S","Облачно","2025-11-25 01:44"
"7.00","","4.70","75","761","1015","","","","1.10","","S","Облачно","2025-11-25 01:45"
"7.00","","4.70","75","761","1015","","","","1.10","","S","Облачно","2025-11-25 01:46"
"7.00","","4.70","75","761","1015","","","","1.10","","S","Облачно","2025-11-25 01:47"
"7.00","","4.70","75","761","1015","","","","1.10","","S","Облачно","2025-11-25 01:48"
"7.00","","4.70","75","761","1015","","","","1.10","","S","Облачно","2025-11-25 01:49"
"7.00","","4.70","75","761","1015","","","","1.10","","S","Облачно","2025-11-25 01:50"
"7.00","","4.70","75","761","1015","","","","1.10","","S","Облачно","2025-11-25 01:51"
"7.00","","4.70","75","761","1015","","","","1.10","","S","Облачно","2025-11-25 01:52"
"7.00","","4.70","75","761","1015","","","","1.10","","S","Облачно","2025-11-25 01:53"
"7.00","","4.70","75","761","1015","","","","1.10","","S","Облачно","2025-11-25 01:54"
"7.00","","4.70","76","761","1015","","","","1.10","","S","Облачно","2025-11-25 01:55"
"7.00","","4.70","76","761","1015","","","","1.10","","S","Облачно","2025-11-25 01:56"
"7.00","","4.70","76","761","1015","","","","1.10","","S","Облачно","2025-11-25 01:57"
"7.00","","4.70","76","761","1015","","","","1.10","","S","Облачно","2025-11-25 01:58"
"7.00","","4.70","76","761","1015","","","","1.10","","S","Облачно","2025-11-25 01:59"
"7.00","","4.70","76","761","1015","","","","1.10","","S","Облачно","2025-11-25 02:00"
"7.00","","4.70","76","761","1015","","","","1.10","","S","Облачно","2025-11-25 02:01"
"7.00","","4.70","76","761","1015","","","","1.10","","S","Облачно","2025-11-25 02:02"
"7.00","","4.70","76","761","1015","","","","1.10","","S","Облачно","2025-11-25 02:03"
"7.00","","4.70","76","761","1015","","","","1.10","","S","Облачно","2025-11-25 02:04"
"7.00","","4.70","76","761","1015","","","","1.10","","S","Облачно","2025-11-25 02:05"
"7.10","","4.90","76","761","1015","","","","1.10","","S","Облачно","2025-11-25 02:06"
"7.10","","4.90","76","761","1015","","","","1.10","","S","Облачно","2025-11-25 02:07"
"7.10","","4.90","76","761","1015","","","","1.10","","S","Облачно","2025-11-25 02:08"
"7.10","","4.90","76","761","1015","","","","1.10","","S","Облачно","2025-11-25 02:09"
"7.10","","4.90","76","761","1015","","","","1.10","","S","Облачно","2025-11-25 02:10"
"7.10","","4.90","76","761","1015","","","","1.10","","S","Облачно","2025-11-25 02:11"
"7.10","","4.90","76","761","1015","","","","1.10","","S","Облачно","2025-11-25 02:12"
"7.10","","4.90","76","761","1015","","","","1.10","","S","Облачно","2025-11-25 02:13"
"7.00","","4.70","76","761","1015","","","","1.10","","S","Облачно","2025-11-25 02:14"
"7.10","","4.90","76","761","1015","","","","1.10","","S","Облачно","2025-11-25 02:15"
"7.10","","4.90","76","761","1015","","","","1.10","","S","Облачно","2025-11-25 02:16"
"7.10","","4.90","76","761","1015","","","","1.10","","S","Облачно","2025-11-25 02:17"
"7.10","","4.90","76","761","1015","","","","1.10","","S","Облачно","2025-11-25 02:18"
"7.10","","4.90","76","761","1015","","","","1.10","","S","Облачно","2025-11-25 02:19"
"7.10","","4.90","76","761","1015","","","","1.10","","S","Облачно","2025-11-25 02:20"
"7.10","","4.90","76","761","1015","","","","1.10","","S","Облачно","2025-11-25 02:21"
"7.10","","4.90","76","761","1015","","","","1.10","","S","Облачно","2025-11-25 02:22"
"7.10","","4.90","76","761","1015","","","","1.10","","S","Облачно","2025-11-25 02:23"
"7.10","","4.90","76","761","1015","","","","1.10","","S","Облачно","2025-11-25 02:24"
"7.10","","4.90","76","761","1015","","","","1.10","","S","Облачно","2025-11-25 02:25"
"7.10","","4.90","76","761","1015","","","","1.10","","S","Облачно","2025-11-25 02:26"
"7.10","","4.90","76","761","1015","","","","1.10","","S","Облачно","2025-11-25 02:27"
"7.20","","5.00","77","761","1015","","","","1.10","","S","Облачно","2025-11-25 02:28"
"7.20","","5.00","77","761","1015","","","","1.10","","S","Облачно","2025-11-25 02:29"
"7.10","","4.90","77","761","1015","","","","1.10","","S","Облачно","2025-11-25 02:30"
"7.10","","4.90","77","761","1015","","","","1.10","","S","Облачно","2025-11-25 02:31"
"7.10","","4.90","77","761","1015","","","","1.10","","S","Облачно","2025-11-25 02:32"
"7.10","","4.90","77","761","1015","","","","1.10","","S","Облачно","2025-11-25 02:33"
"7.10","","4.90","77","761","1015","","","","1.10","","S","Облачно","2025-11-25 02:34"
"7.20","","5.00","77","761","1015","","","","1.10","","S","Облачно","2025-11-25 02:35"
"7.20","","5.00","77","761","1015","","","","1.10","","S","Облачно","2025-11-25 02:36"
"7.20","","5.00","77","761","1015","","","","1.10","","S","Облачно","2025-11-25 02:37"
"7.10","","4.90","77","761","1015","","","","1.10","","S","Облачно","2025-11-25 02:38"
"7.10","","4.90","77","761","1015","","","","1.10","","S","Облачно","2025-11-25 02:39"
"7.10","","4.90","77","761","1015","","","","1.10","","S","Облачно","2025-11-25 02:40"
"7.10","","4.90","76","761","1015","","","","1.10","","S","Облачно","2025-11-25 02:41"
"7.10","","4.90","76","761","1015","","","","1.10","","S","Облачно","2025-11-25 02:42"
"7.20","","5.00","77","761","1015","","","","1.10","","S","Облачно","2025-11-25 02:43"
"7.20","","5.00","77","761","1015","","","","1.10","","S","Облачно","2025-11-25 02:44"
"7.20","","5.00","77","761","1015","","","","1.10","","S","Облачно","2025-11-25 02:45"
"7.20","","5.00","77","761","1015","","","","1.10","","S","Облачно","2025-11-25 02:46"
"7.20","","5.00","77","761","1015","","","","1.10","","S","Облачно","2025-11-25 02:47"
"7.20","","5.00","77","761","1015","","","","1.10","","S","Облачно","2025-11-25 02:48"
"7.20","","5.00","77","761","1015","","","","1.10","","S","Облачно","2025-11-25 02:49"
"7.20","","5.00","77","761","1015","","","","1.10","","S","Облачно","2025-11-25 02:50"
"7.20","","5.00","77","761","1015","","","","1.10","","S","Облачно","2025-11-25 02:51"
"7.20","","5.00","77","761","1015","","","","1.10","","S","Облачно","2025-11-25 02:52"
"7.20","","5.00","77","761","1015","","","","1.10","","S","Облачно","2025-11-25 02:53"
"7.20","","5.00","77","761","1015","","","","1.10","","S","Облачно","2025-11-25 02:54"
"7.20","","5.00","77","761","1015","","","","1.10","","S","Облачно","2025-11-25 02:55"
"7.20","","5.00","77","761","1015","","","","1.10","","S","Облачно","2025-11-25 02:56"
"7.20","","5.00","77","761","1015","","","","1.10","","S","Облачно","2025-11-25 02:57"
"7.20","","5.00","77","761","1015","","","","1.10","","S","Облачно","2025-11-25 02:58"
"7.20","","5.00","77","761","1015","","","","1.10","","S","Облачно","2025-11-25 02:59"
"7.20","","5.00","77","761","1015","","","","1.10","","S","Облачно","2025-11-25 03:00"
"7.20","","5.00","77","761","1015","","","","1.10","","S","Облачно","2025-11-25 03:01"
"7.20","","5.00","77","761","1015","","","","1.10","","S","Облачно","2025-11-25 03:02"
"7.20","","5.00","77","761","1015","","","","1.10","","S","Облачно","2025-11-25 03:03"
"7.20","","5.00","77","761","1015","","","","1.10","","S","Облачно","2025-11-25 03:04"
"7.20","","5.00","77","761","1015","","","","1.10","","S","Облачно","2025-11-25 03:05"
"7.20","","5.00","77","761","1015","","","","1.10","","S","Облачно","2025-11-25 03:06"
"7.20","","5.00","77","761","1015","","","","1.10","","S","Облачно","2025-11-25 03:07"
"7.20","","5.00","77","761","1015","","","","1.10","","S","Облачно","2025-11-25 03:08"
"7.20","","5.00","77","761","1015","","","","1.10","","S","Облачно","2025-11-25 03:09"
"7.30","","5.10","77","761","1015","","","","1.10","","S","Облачно","2025-11-25 03:10"
"7.30","","5.10","77","761","1015","","","","1.10","","S","Облачно","2025-11-25 03:11"
"7.30","","5.10","77","761","1015","","","","1.10","","S","Облачно","2025-11-25 03:12"
"7.30","","5.10","77","761","1015","","","","1.10","","S","Облачно","2025-11-25 03:13"
"7.30","","5.10","77","761","1015","","","","1.10","","S","Облачно","2025-11-25 03:14"
"7.30","","5.10","77","761","1015","","","","1.10","","S","Облачно","2025-11-25 03:15"
"7.30","","5.10","77","761","1015","","","","1.10","","S","Облачно","2025-11-25 03:16"
"7.30","","5.20","78","761","1015","","","","1.10","","S","Облачно","2025-11-25 03:17"
"7.30","","5.10","77","761","1015","","","","1.10","","S","Облачно","2025-11-25 03:18"
"7.30","","5.10","77","761","1015","","","","1.10","","S","Облачно","2025-11-25 03:19"
"7.30","","5.20","78","761","1015","","","","1.10","","S","Облачно","2025-11-25 03:20"
"7.30","","5.20","78","762","1016","","","","1.10","","S","Облачно","2025-11-25 03:21"
"7.30","","5.20","78","762","1016","","","","1.10","","S","Облачно","2025-11-25 03:22"
"7.40","","5.30","78","762","1016","","","","1.10","","S","Облачно","2025-11-25 03:23"
"7.40","","5.30","78","762","1016","","","","1.10","","S","Облачно","2025-11-25 03:24"
"7.40","","5.30","78","762","1016","","","","1.10","","S","Облачно","2025-11-25 03:25"
"7.40","","5.30","78","762","1016","","","","1.10","","S","Облачно","2025-11-25 03:26"
"7.40","","5.30","78","762","1016","","","","1.10","","S","Облачно","2025-11-25 03:27"
"7.40","","5.30","78","762","1016","","","","1.10","","S","Облачно","2025-11-25 03:28"
"7.40","","5.30","78","762","1016","","","","1.10","","S","Облачно","2025-11-25 03:29"
"7.40","","5.30","78","762","1016","","","","1.10","","S","Облачно","2025-11-25 03:30"
"7.40","","5.30","78","762","1016","","","","1.10","","S","Облачно","2025-11-25 03:31"
"7.40","","5.30","78","762","1016","","","","1.10","","S","Облачно","2025-11-25 03:32"
"7.40","","5.30","78","762","1016","","","","1.10","","S","Облачно","2025-11-25 03:33"
"7.40","","5.30","78","762","1016","","","","1.10","","S","Облачно","2025-11-25 03:34"
"7.40","","5.30","78","762","1016","","","","1.10","","S","Облачно","2025-11-25 03:35"
"7.40","","5.30","78","762","1016","","","","1.10","","S","Облачно","2025-11-25 03:36"
"7.40","","5.30","78","762","1016","","","","1.10","","S","Облачно","2025-11-25 03:37"
"7.40","","5.30","78","762","1016","","","","1.10","","S","Облачно","2025-11-25 03:38"
"7.40","","5.30","78","762","1016","","","","1.10","","S","Облачно","2025-11-25 03:39"
"7.40","","5.30","78","762","1016","","","","1.10","","S","Облачно","2025-11-25 03:40"
"7.40","","5.30","78","762","1016","","","","1.10","","S","Облачно","2025-11-25 03:41"
"7.40","","5.30","78","762","1016","","","","1.10","","S","Облачно","2025-11-25 03:42"
"7.40","","5.30","78","762","1016","","","","1.10","","S","Облачно","2025-11-25 03:43"
"7.50","","5.40","77","762","1016","","","","1.10","","S","Облачно","2025-11-25 03:44"
"7.50","","5.40","77","762","1016","","","","1.10","","S","Облачно","2025-11-25 03:45"
"7.50","","5.40","77","762","1016","","","","1.10","","S","Облачно","2025-11-25 03:46"
"7.50","","5.40","78","762","1016","","","","1.10","","S","Облачно","2025-11-25 03:47"
"7.50","","5.40","78","762","1016","","","","1.10","","S","Облачно","2025-11-25 03:48"
"7.50","","5.40","78","762","1016","","","","1.10","","S","Облачно","2025-11-25 03:49"
"7.50","","5.40","78","762","1016","","","","1.10","","S","Облачно","2025-11-25 03:50"
"7.50","","5.40","78","762","1016","","","","1.10","","S","Облачно","2025-11-25 03:51"
"7.50","","5.40","78","762","1016","","","","1.10","","S","Облачно","2025-11-25 03:52"
"7.50","","5.40","78","762","1016","","","","1.10","","S","Облачно","2025-11-25 03:53"
"7.60","","5.50","78","762","1016","","","","1.10","","S","Облачно","2025-11-25 03:54"
"7.60","","5.50","78","762","1016","","","","1.10","","S","Облачно","2025-11-25 03:55"
"7.60","","5.50","78","762","1016","","","","1.10","","S","Облачно","2025-11-25 03:56"
"7.60","","5.50","78","762","1016","","","","1.10","","S","Облачно","2025-11-25 03:57"
"7.60","","5.50","78","762","1016","","","","1.10","","S","Облачно","2025-11-25 03:58"
"7.70","","5.60","78","762","1016","","","","1.10","","S","Облачно","2025-11-25 03:59"
"7.70","","5.60","78","762","1016","","","","1.10","","S","Облачно","2025-11-25 04:00"
"7.70","","5.60","78","762","1016","","","","1.10","","S","Облачно","2025-11-25 04:01"
"7.70","","5.60","78","762","1016","","","","1.10","","S","Облачно","2025-11-25 04:02"
"7.70","","5.60","78","762","1016","","","","1.10","","S","Облачно","2025-11-25 04:03"
"7.70","","5.60","78","762","1016","","","","1.10","","S","Облачно","2025-11-25 04:04"
"7.70","","5.60","78","762","1016","","","","1.10","","S","Облачно","2025-11-25 04:05"
"7.70","","5.60","78","762","1016","","","","1.10","","S","Облачно","2025-11-25 04:06"
"7.70","","5.60","78","762","1016","","","","1.10","","S","Облачно","2025-11-25 04:07"
"7.70","","5.60","78","762","1016","","","","1.10","","S","Облачно","2025-11-25 04:08"
"7.80","","5.80","78","762","1016","","","","1.10","","S","Облачно","2025-11-25 04:09"
"7.80","","5.80","78","762","1016","","","","1.10","","S","Облачно","2025-11-25 04:10"
"7.80","","5.80","78","762","1016","","","","1.10","","S","Облачно","2025-11-25 04:11"
"7.80","","5.80","78","762","1016","","","","1.10","","S","Облачно","2025-11-25 04:12"
"7.80","","5.80","78","762","1016","","","","1.10","","S","Облачно","2025-11-25 04:13"
"7.80","","5.80","78","762","1016","","","","1.10","","S","Облачно","2025-11-25 04:14"
"7.80","","5.80","78","762","1016","","","","1.10","","S","Облачно","2025-11-25 04:15"
"7.80","","5.80","78","762","1016","","","","1.10","","S","Облачно","2025-11-25 04:16"
"7.80","","5.80","78","762","1016","","","","1.10","","S","Облачно","2025-11-25 04:17"
"7.80","","5.80","78","762","1016","","","","1.10","","S","Облачно","2025-11-25 04:18"
"7.80","","5.80","78","762","1016","","","","1.10","","S","Облачно","2025-11-25 04:19"
"7.90","","5.90","78","762","1016","","","","1.10","","S","Облачно","2025-11-25 04:20"
"7.90","","5.90","78","762","1016","","","","1.10","","S","Облачно","2025-11-25 04:21"
"7.90","","5.90","78","762","1016","","","","1.10","","S","Облачно","2025-11-25 04:22"
"7.90","","5.90","78","762","1016","","","","1.10","","S","Облачно","2025-11-25 04:23"
"7.90","","5.90","78","762","1016","","","","1.10","","S","Облачно","2025-11-25 04:24"
"7.90","","5.90","78","762","1016","","","","1.10","","S","Облачно","2025-11-25 04:25"
"7.90","","5.90","78","762","1016","","","","1.10","","S","Облачно","2025-11-25 04:26"
"7.90","","5.90","78","762","1016","","","","1.10","","S","Облачно","2025-11-25 04:27"
"7.90","","5.90","78","762","1016","","","","1.10","","S","Облачно","2025-11-25 04:28"
"7.90","","5.90","78","762","1016","","","","1.10","","S","Облачно","2025-11-25 04:29"
"7.90","","5.80","77","762","1016","","","","1.10","","S","Облачно","2025-11-25 04:30"
"7.90","","5.80","77","762","1016","","","","1.10","","S","Облачно","2025-11-25 04:31"
"7.90","","5.80","77","762","1016","","","","1.10","","S","Облачно","2025-11-25 04:32"
"7.90","","5.80","77","762","1016","","","","1.10","","S","Облачно","2025-11-25 04:33"
"7.90","","5.80","77","762","1016","","","","1.10","","S","Облачно","2025-11-25 04:34"
"7.90","","5.80","77","762","1016","","","","1.10","","S","Облачно","2025-11-25 04:35"
"7.90","","5.80","77","762","1016","","","","1.10","","S","Облачно","2025-11-25 04:36"
"7.90","","5.80","77","762","1016","","","","1.10","","S","Облачно","2025-11-25 04:37"
"7.90","","5.80","77","762","1016","","","","1.10","","S","Облачно","2025-11-25 04:38"
"7.90","","5.80","77","762","1016","","","","1.10","","S","Облачно","2025-11-25 04:39"
"7.90","","5.80","77","762","1016","","","","1.10","","S","Облачно","2025-11-25 04:40"
"8.00","","6.00","77","762","1016","","","","1.10","","S","Облачно","2025-11-25 04:41"
"8.00","","6.00","77","762","1016","","","","1.10","","S","Облачно","2025-11-25 04:42"
"8.00","","6.00","77","762","1016","","","","1.10","","S","Облачно","2025-11-25 04:43"
"8.00","","6.00","77","762","1016","","","","1.10","","S","Облачно","2025-11-25 04:44"
"8.00","","6.00","77","762","1016","","","","1.10","","S","Облачно","2025-11-25 04:45"
"8.00","","6.00","77","762","1016","","","","1.10","","S","Облачно","2025-11-25 04:46"
"8.00","","6.00","77","762","1016","","","","1.10","","S","Облачно","2025-11-25 04:47"
"8.00","","5.90","76","762","1016","","","","1.10","","S","Облачно","2025-11-25 04:48"
"8.00","","5.90","76","762","1016","","","","1.10","","S","Облачно","2025-11-25 04:49"
"8.00","","5.90","76","762","1016","","","","1.10","","S","Облачно","2025-11-25 04:50"
"8.00","","5.90","76","762","1016","","","","1.10","","S","Облачно","2025-11-25 04:51"
"8.00","","5.90","76","762","1016","","","","1.10","","S","Облачно","2025-11-25 04:52"
"8.00","","5.90","76","762","1016","","","","1.10","","S","Облачно","2025-11-25 04:53"
"8.00","","5.90","76","762","1016","","","","1.10","","S","Облачно","2025-11-25 04:54"
"8.00","","5.90","76","762","1016","","","","1.10","","S","Облачно","2025-11-25 04:55"
"8.00","","5.90","76","762","1016","","","","1.10","","S","Облачно","2025-11-25 04:56"
"8.00","","5.90","76","762","1016","","","","1.10","","S","Облачно","2025-11-25 04:57"
"8.00","","5.90","76","762","1016","","","","1.10","","S","Облачно","2025-11-25 04:58"
"8.00","","5.90","76","762","1016","","","","1.10","","S","Облачно","2025-11-25 04:59"
"8.00","","5.90","76","762","1016","","","","1.10","","S","Облачно","2025-11-25 05:00"
"8.00","","5.90","76","762","1016","","","","1.10","","S","Облачно","2025-11-25 05:01"
"8.00","","5.90","76","762","1016","","","","1.10","","S","Облачно","2025-11-25 05:02"
"8.00","","5.90","76","762","1016","","","","1.10","","S","Облачно","2025-11-25 05:03"
"8.00","","5.90","76","762","1016","","","","1.10","","S","Облачно","2025-11-25 05:04"
"8.00","","5.90","76","762","1016","","","","1.10","","S","Облачно","2025-11-25 05:05"
"8.00","","5.90","76","762","1016","","","","1.10","","S","Облачно","2025-11-25 05:06"
"8.00","","5.90","76","762","1016","","","","1.10","","S","Облачно","2025-11-25 05:07"
"8.00","","5.90","75","762","1016","","","","1.10","","S","Облачно","2025-11-25 05:08"
"8.00","","5.90","75","762","1016","","","","1.10","","S","Облачно","2025-11-25 05:09"
"8.00","","5.90","75","762","1016","","","","1.10","","S","Облачно","2025-11-25 05:10"
"8.00","","5.90","75","762","1016","","","","1.10","","S","Облачно","2025-11-25 05:11"
"8.00","","5.90","75","762","1016","","","","1.10","","S","Облачно","2025-11-25 05:12"
"8.00","","5.90","75","762","1016","","","","1.10","","S","Облачно","2025-11-25 05:13"
"8.00","","5.90","75","762","1016","","","","1.10","","S","Облачно","2025-11-25 05:14"
"8.00","","5.90","75","762","1016","","","","1.10","","S","Облачно","2025-11-25 05:15"
"8.00","","5.90","75","762","1016","","","","1.10","","S","Облачно","2025-11-25 05:16"
"8.00","","5.90","75","762","1016","","","","1.10","","S","Облачно","2025-11-25 05:17"
"8.00","","5.90","75","762","1016","","","","1.10","","S","Облачно","2025-11-25 05:18"
"8.00","","5.90","75","762","1016","","","","1.10","","S","Облачно","2025-11-25 05:19"
"8.00","","5.90","75","762","1016","","","","1.10","","S","Облачно","2025-11-25 05:20"
"8.00","","5.90","75","762","1016","","","","1.10","","S","Облачно","2025-11-25 05:21"
"8.00","","5.90","75","762","1016","","","","1.10","","S","Облачно","2025-11-25 05:22"
"8.00","","5.90","75","762","1016","","","","1.10","","S","Облачно","2025-11-25 05:23"
"8.00","","5.90","75","762","1016","","","","1.10","","S","Облачно","2025-11-25 05:24"
"8.00","","5.80","74","762","1016","","","","1.10","","S","Облачно","2025-11-25 05:25"
"8.00","","5.80","74","762","1016","","","","1.10","","S","Облачно","2025-11-25 05:26"
"8.00","","5.80","74","762","1016","","","","1.10","","S","Облачно","2025-11-25 05:27"
"8.00","","5.80","74","762","1016","","","","1.10","","S","Облачно","2025-11-25 05:28"
"8.00","","5.80","74","762","1016","","","","1.10","","S","Облачно","2025-11-25 05:29"
"8.00","","5.80","74","762","1016","","","","1.10","","S","Облачно","2025-11-25 05:30"
"8.00","","5.80","74","762","1016","","","","1.10","","S","Облачно","2025-11-25 05:31"
"8.00","","5.80","74","762","1016","","","","1.10","","S","Облачно","2025-11-25 05:32"
"8.00","","5.80","74","762","1016","","","","1.10","","S","Облачно","2025-11-25 05:33"
"8.00","","5.80","74","762","1016","","","","1.10","","S","Облачно","2025-11-25 05:34"
"8.00","","5.80","74","762","1016","","","","1.10","","S","Облачно","2025-11-25 05:35"
"8.00","","5.80","74","762","1017","","","","1.10","","S","Облачно","2025-11-25 05:36"
"8.00","","5.80","74","762","1017","","","","1.10","","S","Облачно","2025-11-25 05:37"
"8.00","","5.80","74","762","1017","","","","1.10","","S","Облачно","2025-11-25 05:38"
"8.00","","5.80","74","762","1017","","","","1.10","","S","Облачно","2025-11-25 05:39"
"8.00","","5.80","74","762","1017","","","","1.10","","S","Облачно","2025-11-25 05:40"
"8.00","","5.80","74","762","1017","","","","1.10","","S","Облачно","2025-11-25 05:41"
"8.00","","5.80","74","762","1017","","","","1.10","","S","Облачно","2025-11-25 05:42"
"8.00","","5.80","74","762","1017","","","","1.10","","S","Облачно","2025-11-25 05:43"
"8.00","","5.80","74","762","1017","","","","1.10","","S","Облачно","2025-11-25 05:44"
"8.00","","5.80","74","762","1017","","","","1.10","","S","Облачно","2025-11-25 05:45"
"8.00","","5.80","74","762","1017","","","","1.10","","S","Облачно","2025-11-25 05:46"
"8.00","","5.80","74","762","1017","","","","1.10","","S","Облачно","2025-11-25 05:47"
"8.00","","5.80","74","762","1017","","","","1.10","","S","Облачно","2025-11-25 05:48"
"8.00","","5.80","74","762","1017","","","","1.10","","S","Облачно","2025-11-25 05:49"
"8.00","","5.80","74","762","1017","","","","1.10","","S","Облачно","2025-11-25 05:50"
"8.00","","5.80","74","762","1017","","","","1.10","","S","Облачно","2025-11-25 05:51"
"8.00","","5.80","74","762","1017","","","","1.10","","S","Облачно","2025-11-25 05:52"
"8.00","","5.80","74","762","1017","","","","1.10","","S","Облачно","2025-11-25 05:53"
"8.00","","5.80","74","762","1017","","","","1.10","","S","Облачно","2025-11-25 05:54"
"8.00","","5.80","74","762","1017","","","","1.10","","S","Облачно","2025-11-25 05:55"
"8.00","","5.80","74","762","1017","","","","1.10","","S","Облачно","2025-11-25 05:56"
"8.00","","5.80","74","762","1017","","","","1.10","","S","Облачно","2025-11-25 05:57"
"8.00","","5.80","74","762","1017","","","","1.10","","S","Облачно","2025-11-25 05:58"
"8.00","","5.80","74","762","1017","","","","1.10","","S","Облачно","2025-11-25 05:59"
"8.00","","5.80","74","762","1017","","","","1.10","","S","Облачно","2025-11-25 06:00"
"8.00","","5.80","74","762","1017","","","","1.10","","S","Облачно","2025-11-25 06:01"
"8.00","","5.80","73","762","1017","","","","1.10","","S","Облачно","2025-11-25 06:02"
"8.00","","5.80","73","762","1017","","","","1.10","","S","Облачно","2025-11-25 06:03"
"8.00","","5.80","73","762","1017","","","","1.10","","S","Облачно","2025-11-25 06:04"
"8.10","","5.90","73","762","1017","","","","1.10","","S","Облачно","2025-11-25 06:05"
"8.10","","5.90","73","762","1017","","","","1.10","","S","Облачно","2025-11-25 06:06"
"8.10","","5.90","73","762","1017","","","","1.10","","S","Облачно","2025-11-25 06:07"
"8.10","","5.90","73","762","1017","","","","1.10","","S","Облачно","2025-11-25 06:08"
"8.10","","5.90","73","762","1017","","","","1.10","","S","Облачно","2025-11-25 06:09"
"8.10","","5.90","73","762","1017","","","","1.10","","S","Облачно","2025-11-25 06:10"
"8.10","","5.90","73","762","1017","","","","1.10","","S","Облачно","2025-11-25 06:11"
"8.10","","5.90","73","762","1017","","","","1.10","","S","Облачно","2025-11-25 06:12"
"8.10","","5.90","73","762","1017","","","","1.10","","S","Облачно","2025-11-25 06:13"
"8.20","","6.00","73","762","1017","","","","1.10","","S","Облачно","2025-11-25 06:14"
"8.20","","6.00","73","762","1017","","","","1.10","","S","Облачно","2025-11-25 06:15"
"8.20","","6.00","73","762","1017","","","","1.10","","S","Облачно","2025-11-25 06:16"
"8.20","","6.00","73","762","1017","","","","1.10","","S","Облачно","2025-11-25 06:17"
"8.20","","6.00","73","762","1017","","","","1.10","","S","Облачно","2025-11-25 06:18"
"8.20","","6.00","73","762","1017","","","","1.10","","S","Облачно","2025-11-25 06:19"
"8.20","","6.00","73","762","1017","","","","1.10","","S","Облачно","2025-11-25 06:20"
"8.20","","6.00","73","762","1017","","","","1.10","","S","Облачно","2025-11-25 06:21"
"8.30","","6.20","73","762","1017","","","","1.10","","S","Облачно","2025-11-25 06:22"
"8.30","","6.20","73","762","1017","","","","1.10","","S","Облачно","2025-11-25 06:23"
"8.30","","6.20","73","762","1017","","","","1.10","","S","Облачно","2025-11-25 06:24"
"8.30","","6.20","73","762","1017","","","","1.10","","S","Облачно","2025-11-25 06:25"
"8.40","","6.30","73","762","1017","","","","1.10","","S","Облачно","2025-11-25 06:26"
"8.40","","6.30","73","762","1017","","","","1.10","","S","Облачно","2025-11-25 06:27"
"8.40","","6.30","73","762","1017","","","","1.10","","S","Облачно","2025-11-25 06:28"
"8.40","","6.30","73","762","1017","","","","1.10","","S","Облачно","2025-11-25 06:29"
"8.40","","6.30","73","762","1017","","","","1.10","","S","Облачно","2025-11-25 06:30"
"8.40","","6.20","72","762","1017","","","","1.10","","S","Облачно","2025-11-25 06:31"
"8.40","","6.20","72","762","1017","","","","1.10","","S","Облачно","2025-11-25 06:32"
"8.40","","6.20","72","762","1017","","","","1.10","","S","Облачно","2025-11-25 06:33"
"8.50","","6.40","72","762","1017","","","","1.10","","S","Облачно","2025-11-25 06:34"
"8.50","","6.40","72","762","1017","","","","1.10","","S","Облачно","2025-11-25 06:35"
"8.50","","6.30","71","763","1018","","","","1.10","","S","Облачно","2025-11-25 06:36"
"8.50","","6.30","71","763","1018","","","","1.10","","S","Облачно","2025-11-25 06:37"
"8.50","","6.30","71","763","1018","","","","1.10","","S","Облачно","2025-11-25 06:38"
"8.50","","6.30","71","763","1018","","","","1.10","","S","Облачно","2025-11-25 06:39"
"8.50","","6.30","71","763","1018","","","","1.10","","S","Облачно","2025-11-25 06:40"
"8.50","","6.30","71","763","1018","","","","1.10","","S","Облачно","2025-11-25 06:41"
"8.50","","6.30","71","763","1018","","","","1.10","","S","Облачно","2025-11-25 06:42"
"8.60","","6.40","70","763","1018","","","","1.10","","S","Облачно","2025-11-25 06:43"
"8.60","","6.40","70","763","1018","","","","1.10","","S","Облачно","2025-11-25 06:44"
"8.60","","6.40","70","763","1018","","","","1.10","","S","Облачно","2025-11-25 06:45"
"8.60","","6.40","70","763","1018","","","","1.10","","S","Облачно","2025-11-25 06:46"
"8.60","","6.40","70","763","1018","","","","1.10","","S","Облачно","2025-11-25 06:47"
"8.60","","6.40","69","763","1018","","","","1.10","","S","Облачно","2025-11-25 06:48"
"8.60","","6.40","69","763","1018","","","","1.10","","S","Облачно","2025-11-25 06:49"
"8.60","","6.40","69","763","1018","","","","1.10","","S","Облачно","2025-11-25 06:50"
"8.60","","6.40","69","763","1018","","","","1.10","","S","Облачно","2025-11-25 06:51"
"8.60","","6.40","69","763","1018","","","","1.10","","S","Облачно","2025-11-25 06:52"
"8.60","","6.30","68","763","1018","","","","1.10","","S","Облачно","2025-11-25 06:53"
"8.60","","6.30","68","763","1018","","","","1.10","","S","Облачно","2025-11-25 06:54"
"8.60","","6.30","68","763","1018","","","","1.10","","S","Облачно","2025-11-25 06:55"
"8.60","","6.30","68","763","1018","","","","1.10","","S","Облачно","2025-11-25 06:56"
"8.60","","6.30","68","763","1018","","","","1.10","","S","Облачно","2025-11-25 06:57"
"8.70","","6.50","68","763","1018","","","","1.10","","S","Облачно","2025-11-25 06:58"
"8.70","","6.50","68","763","1018","","","","1.10","","S","Облачно","2025-11-25 06:59"
"8.70","","6.40","67","763","1018","","","","1.10","","S","Облачно","2025-11-25 07:00"
"8.70","","6.40","67","763","1018","","","","1.10","","S","Облачно","2025-11-25 07:01"
"8.70","","6.40","67","763","1018","","","","1.10","","S","Облачно","2025-11-25 07:02"
"8.70","","6.40","67","763","1018","","","","1.10","","S","Облачно","2025-11-25 07:03"
"8.70","","6.40","67","763","1018","","","","1.10","","S","Облачно","2025-11-25 07:04"
"8.70","","6.40","66","763","1018","","","","1.10","","S","Облачно","2025-11-25 07:05"
"8.70","","6.40","66","762","1017","","","","1.10","","S","Облачно","2025-11-25 07:06"
"8.80","","6.50","66","762","1017","","","","1.10","","S","Облачно","2025-11-25 07:07"
"8.80","","6.50","66","762","1017","","","","1.10","","S","Облачно","2025-11-25 07:08"
"8.80","","6.50","66","762","1017","","","","1.10","","S","Облачно","2025-11-25 07:09"
"8.80","","6.50","65","762","1017","","","","1.10","","S","Облачно","2025-11-25 07:10"
"8.80","","6.50","65","762","1017","","","","1.10","","S","Облачно","2025-11-25 07:11"
"8.80","","6.50","65","762","1017","","","","1.10","","S","Облачно","2025-11-25 07:12"
"8.80","","6.50","65","762","1017","","","","1.10","","S","Облачно","2025-11-25 07:13"
"8.80","","6.50","65","762","1017","","","","1.10","","S","Облачно","2025-11-25 07:14"
"8.80","","6.40","64","762","1017","","","","1.10","","S","Облачно","2025-11-25 07:15"
"8.80","","6.40","64","762","1017","","","","1.10","","S","Облачно","2025-11-25 07:16"
"8.80","","6.40","64","762","1017","","","","1.10","","S","Облачно","2025-11-25 07:17"
"8.80","","6.40","64","762","1017","","","","1.10","","S","Облачно","2025-11-25 07:18"
"8.80","","6.40","63","762","1017","","","","1.10","","S","Облачно","2025-11-25 07:19"
"8.80","","6.40","63","762","1017","","","","1.10","","S","Облачно","2025-11-25 07:20"
"8.80","","6.40","63","762","1017","","","","1.10","","S","Облачно","2025-11-25 07:21"
"8.80","","6.40","63","763","1018","","","","1.10","","S","Облачно","2025-11-25 07:22"
"8.80","","6.30","62","763","1018","","","","1.10","","S","Облачно","2025-11-25 07:23"
"8.80","","6.30","62","763","1018","","","","1.10","","S","Облачно","2025-11-25 07:24"
"8.80","","6.30","62","763","1018","","","","1.10","","S","Облачно","2025-11-25 07:25"
"8.80","","6.30","62","763","1018","","","","1.10","","S","Облачно","2025-11-25 07:26"
"8.80","","6.30","62","763","1018","","","","1.10","","S","Облачно","2025-11-25 07:27"
"8.80","","6.30","62","763","1018","","","","1.10","","S","Облачно","2025-11-25 07:28"
"8.80","","6.30","61","763","1018","","","","1.10","","S","Облачно","2025-11-25 07:29"
"8.80","","6.30","61","763","1018","","","","1.10","","S","Облачно","2025-11-25 07:30"
"8.80","","6.30","61","763","1018","","","","1.10","","S","Облачно","2025-11-25 07:31"
"8.80","","6.30","61","763","1018","","","","1.10","","S","Облачно","2025-11-25 07:32"
"8.80","","6.30","61","763","1018","","","","1.10","","S","Облачно","2025-11-25 07:33"
"8.80","","6.30","61","763","1018","","","","1.10","","S","Облачно","2025-11-25 07:34"
"8.80","","6.30","60","763","1018","","","","1.10","","S","Облачно","2025-11-25 07:35"
"8.80","","6.30","60","763","1018","","","","1.10","","S","Облачно","2025-11-25 07:36"
"8.80","","6.30","60","763","1018","","","","1.10","","S","Облачно","2025-11-25 07:37"
"8.80","","6.30","60","763","1018","","","","1.10","","S","Облачно","2025-11-25 07:38"
"8.80","","6.30","60","763","1018","","","","1.10","","S","Облачно","2025-11-25 07:39"
"8.80","","6.30","60","763","1018","","","","1.10","","S","Облачно","2025-11-25 07:40"
"8.80","","6.30","60","763","1018","","","","1.10","","S","Облачно","2025-11-25 07:41"
"8.80","","6.30","60","763","1018","","","","1.10","","S","Облачно","2025-11-25 07:42"
"8.80","","6.30","60","763","1018","","","","1.10","","S","Облачно","2025-11-25 07:43"
"8.80","","6.20","59","763","1018","","","","1.10","","S","Облачно","2025-11-25 07:44"
"8.80","","6.20","59","763","1018","","","","1.10","","S","Облачно","2025-11-25 07:45"
"8.80","","6.20","59","763","1018","","","","1.10","","S","Облачно","2025-11-25 07:46"
"8.80","","6.20","59","763","1018","","","","1.10","","S","Облачно","2025-11-25 07:47"
"8.80","","6.20","59","763","1018","","","","1.10","","S","Облачно","2025-11-25 07:48"
"8.80","","6.20","59","763","1018","","","","1.10","","S","Облачно","2025-11-25 07:49"
"8.80","","6.20","59","763","1018","","","","1.10","","S","Облачно","2025-11-25 07:50"
"8.80","","6.20","59","763","1018","","","","1.10","","S","Облачно","2025-11-25 07:51"
"8.80","","6.20","59","763","1018","","","","1.10","","S","Облачно","2025-11-25 07:52"
"8.70","","6.10","58","763","1018","","","","1.10","","S","Облачно","2025-11-25 07:53"
"8.70","","6.10","58","763","1018","","","","1.10","","S","Облачно","2025-11-25 07:54"
"8.70","","6.10","58","763","1018","","","","1.10","","S","Облачно","2025-11-25 07:55"
"8.70","","6.10","58","763","1018","","","","1.10","","S","Облачно","2025-11-25 07:56"
"8.70","","6.10","58","763","1018","","","","1.10","","S","Облачно","2025-11-25 07:57"
"8.70","","6.10","58","763","1018","","","","1.10","","S","Облачно","2025-11-25 07:58"
"8.70","","6.00","57","763","1018","","","","1.10","","S","Облачно","2025-11-25 07:59"
"8.60","","5.90","57","763","1018","","","","1.10","","S","Облачно","2025-11-25 08:00"
"8.60","","5.90","57","763","1018","","","","1.10","","S","Облачно","2025-11-25 08:01"
"8.60","","5.90","57","763","1018","","","","1.10","","S","Облачно","2025-11-25 08:02"
"8.60","","5.90","57","763","1018","","","","1.10","","S","Облачно","2025-11-25 08:03"
"8.50","","5.80","57","763","1018","","","","1.10","","S","Облачно","2025-11-25 08:04"
"8.50","","5.80","57","763","1018","","","","1.10","","S","Облачно","2025-11-25 08:05"
"8.50","","5.80","56","763","1018","","","","1.10","","S","Облачно","2025-11-25 08:06"
"8.50","","5.80","56","763","1018","","","","1.10","","S","Облачно","2025-11-25 08:07"
"8.40","","5.70","57","763","1018","","","","1.10","","S","Облачно","2025-11-25 08:08"
"8.40","","5.70","57","763","1018","","","","1.10","","S","Облачно","2025-11-25 08:09"
"8.40","","5.70","57","763","1018","","","","1.10","","S","Облачно","2025-11-25 08:10"
"8.40","","5.70","57","763","1018","","","","1.10","","S","Облачно","2025-11-25 08:11"
"8.30","","5.60","56","763","1018","","","","1.10","","S","Облачно","2025-11-25 08:12"
"8.30","","5.60","56","763","1018","","","","1.10","","S","Облачно","2025-11-25 08:13"
"8.30","","5.60","56","763","1018","","","","1.10","","S","Облачно","2025-11-25 08:14"
"8.30","","5.60","56","763","1018","","","","1.10","","S","Облачно","2025-11-25 08:15"
"8.20","","5.40","56","763","1018","","","","1.10","","S","Облачно","2025-11-25 08:16"
"8.20","","5.40","56","763","1018","","","","1.10","","S","Облачно","2025-11-25 08:17"
"8.10","","5.30","56","763","1018","","","","1.10","","S","Облачно","2025-11-25 08:18"
"8.10","","5.30","56","763","1018","","","","1.10","","S","Облачно","2025-11-25 08:19"
"8.00","","5.20","56","763","1018","","","","1.10","","S","Облачно","2025-11-25 08:20"
"8.00","","5.20","56","763","1018","","","","1.10","","S","Облачно","2025-11-25 08:21"
"8.00","","5.20","55","763","1018","","","","1.10","","S","Облачно","2025-11-25 08:22"
"7.90","","5.10","55","763","1018","","","","1.10","","S","Облачно","2025-11-25 08:23"
"7.90","","5.10","55","763","1018","","","","1.10","","S","Облачно","2025-11-25 08:24"
"7.90","","5.10","55","763","1018","","","","1.10","","S","Облачно","2025-11-25 08:25"
"7.90","","5.10","55","763","1018","","","","1.10","","S","Облачно","2025-11-25 08:26"
"7.90","","5.10","55","763","1018","","","","1.10","","S","Облачно","2025-11-25 08:27"
"7.90","","5.10","55","763","1018","","","","1.10","","S","Облачно","2025-11-25 08:28"
"7.90","","5.10","55","763","1018","","","","1.10","","S","Облачно","2025-11-25 08:29"
"7.80","","4.90","55","763","1018","","","","1.10","","S","Облачно","2025-11-25 08:30"
"7.80","","5.00","56","763","1018","","","","1.10","","S","Облачно","2025-11-25 08:31"
"7.80","","5.00","56","763","1018","","","","1.10","","S","Облачно","2025-11-25 08:32"
"7.80","","5.00","56","763","1018","","","","1.10","","S","Облачно","2025-11-25 08:33"
"7.80","","5.00","56","763","1018","","","","1.10","","S","Облачно","2025-11-25 08:34"
"7.80","","5.00","56","763","1018","","","","1.10","","S","Облачно","2025-11-25 08:35"
"7.80","","5.00","56","763","1018","","","","1.10","","S","Облачно","2025-11-25 08:36"
"7.80","","5.00","56","763","1018","","","","1.10","","S","Облачно","2025-11-25 08:37"
"7.80","","5.00","56","763","1018","","","","1.10","","S","Облачно","2025-11-25 08:38"
"7.80","","5.00","56","763","1018","","","","1.10","","S","Облачно","2025-11-25 08:39"
"7.60","","4.70","55","763","1018","","","","1.10","","S","Облачно","2025-11-25 08:40"
"7.60","","4.70","55","763","1018","","","","1.10","","S","Облачно","2025-11-25 08:41"
"7.60","","4.70","55","763","1018","","","","1.10","","S","Облачно","2025-11-25 08:42"
"7.60","","4.70","55","763","1018","","","","1.10","","S","Облачно","2025-11-25 08:43"
"7.60","","4.70","55","763","1018","","","","1.10","","S","Облачно","2025-11-25 08:44"
"7.60","","4.70","55","763","1018","","","","1.10","","S","Облачно","2025-11-25 08:45"
"7.50","","4.60","55","763","1018","","","","1.10","","S","Облачно","2025-11-25 08:46"
"7.50","","4.60","55","763","1018","","","","1.10","","S","Облачно","2025-11-25 08:47"
"7.40","","4.50","55","763","1018","","","","1.10","","S","Облачно","2025-11-25 08:48"
"7.40","","4.50","55","763","1018","","","","1.10","","S","Облачно","2025-11-25 08:49"
"7.40","","4.50","55","763","1018","","","","1.10","","S","Облачно","2025-11-25 08:50"
"7.40","","4.50","55","762","1017","","","","1.10","","S","Облачно","2025-11-25 08:51"
"7.30","","4.40","55","762","1017","","","","1.10","","S","Облачно","2025-11-25 08:52"
"7.30","","4.40","55","762","1017","","","","1.10","","S","Облачно","2025-11-25 08:53"
"7.30","","4.40","55","762","1017","","","","1.10","","S","Облачно","2025-11-25 08:54"
"7.30","","4.40","55","762","1017","","","","1.10","","S","Облачно","2025-11-25 08:55"
"7.30","","4.40","55","762","1017","","","","1.10","","S","Облачно","2025-11-25 08:56"
"7.30","","4.40","55","762","1017","","","","1.10","","S","Облачно","2025-11-25 08:57"
"7.30","","4.40","56","762","1017","","","","1.10","","S","Облачно","2025-11-25 08:58"
"7.20","","4.30","56","762","1017","","","","1.10","","S","Облачно","2025-11-25 08:59"
"7.20","","4.30","56","762","1017","","","","1.10","","S","Облачно","2025-11-25 09:00"
"7.20","","4.30","56","762","1017","","","","1.10","","S","Облачно","2025-11-25 09:01"
"7.20","","4.30","55","762","1017","","","","1.10","","S","Облачно","2025-11-25 09:02"
"7.20","","4.30","55","762","1017","","","","1.10","","S","Облачно","2025-11-25 09:03"
"7.20","","4.30","55","762","1017","","","","1.10","","S","Облачно","2025-11-25 09:04"
"7.00","","4.00","55","762","1017","","","","1.10","","S","Облачно","2025-11-25 09:05"
"7.00","","4.00","55","763","1018","","","","1.10","","S","Облачно","2025-11-25 09:06"
"7.00","","4.00","55","763","1018","","","","1.10","","S","Облачно","2025-11-25 09:07"
"7.00","","4.00","55","763","1018","","","","1.10","","S","Облачно","2025-11-25 09:08"
"7.10","","4.20","56","763","1018","","","","1.10","","S","Облачно","2025-11-25 09:09"
"7.10","","4.20","56","763","1018","","","","1.10","","S","Облачно","2025-11-25 09:10"
"7.00","","4.10","56","763","1018","","","","1.10","","S","Облачно","2025-11-25 09:11"
"7.00","","4.00","55","763","1018","","","","1.10","","S","Облачно","2025-11-25 09:12"
"7.00","","4.00","55","763","1018","","","","1.10","","S","Облачно","2025-11-25 09:13"
"6.90","","3.90","55","763","1018","","","","1.10","","S","Облачно","2025-11-25 09:14"
"6.90","","3.90","55","763","1018","","","","1.10","","S","Облачно","2025-11-25 09:15"
"6.90","","3.90","55","763","1018","","","","1.10","","S","Облачно","2025-11-25 09:16"
"6.90","","3.90","55","763","1018","","","","1.10","","S","Облачно","2025-11-25 09:17"
"6.90","","3.90","55","763","1018","","","","1.10","","S","Облачно","2025-11-25 09:18"
"6.80","","3.80","55","763","1018","","","","1.10","","S","Облачно","2025-11-25 09:19"
"6.80","","3.80","55","763","1018","","","","1.10","","S","Облачно","2025-11-25 09:20"
"6.80","","3.80","55","763","1018","","","","1.10","","S","Облачно","2025-11-25 09:21"
"6.80","","3.80","55","763","1018","","","","1.10","","S","Облачно","2025-11-25 09:22"
"6.70","","3.70","55","763","1018","","","","1.10","","S","Облачно","2025-11-25 09:23"
"6.60","","3.60","54","763","1018","","","","1.10","","S","Облачно","2025-11-25 09:24"
"6.60","","3.60","54","763","1018","","","","1.10","","S","Облачно","2025-11-25 09:25"
"6.60","","3.60","54","763","1018","","","","1.10","","S","Облачно","2025-11-25 09:26"
"6.50","","3.50","54","763","1018","","","","1.10","","S","Облачно","2025-11-25 09:27"
"6.50","","3.50","54","763","1018","","","","1.10","","S","Облачно","2025-11-25 09:28"
"6.50","","3.50","54","763","1018","","","","1.10","","S","Облачно","2025-11-25 09:29"
"6.50","","3.50","54","763","1018","","","","1.10","","S","Облачно","2025-11-25 09:30"
"6.50","","3.50","54","763","1018","","","","1.10","","S","Облачно","2025-11-25 09:31"
"6.40","","3.30","54","763","1018","","","","1.10","","S","Облачно","2025-11-25 09:32"
"6.40","","3.30","54","763","1018","","","","1.10","","S","Облачно","2025-11-25 09:33"
"6.40","","3.30","54","763","1018","","","","1.10","","S","Облачно","2025-11-25 09:34"
"6.40","","3.30","54","763","1018","","","","1.10","","S","Облачно","2025-11-25 09:35"
"6.40","","3.30","54","763","1018","","","","1.10","","S","Облачно","2025-11-25 09:36"
"6.40","","3.30","54","763","1018","","","","1.10","","S","Облачно","2025-11-25 09:37"
"6.40","","3.30","54","763","1018","","","","1.10","","S","Облачно","2025-11-25 09:38"
"6.30","","3.20","54","763","1018","","","","1.10","","S","Облачно","2025-11-25 09:39"
"6.30","","3.20","53","763","1018","","","","1.10","","S","Облачно","2025-11-25 09:40"
"6.30","","3.20","53","763","1018","","","","1.10","","S","Облачно","2025-11-25 09:41"
"6.30","","3.20","53","763","1018","","","","1.10","","S","Облачно","2025-11-25 09:42"
"6.30","","3.20","53","763","1018","","","","1.10","","S","Облачно","2025-11-25 09:43"
"6.20","","3.10","53","763","1018","","","","1.10","","S","Облачно","2025-11-25 09:44"
"6.20","","3.10","53","763","1018","","","","1.10","","S","Облачно","2025-11-25 09:45"
"6.20","","3.10","53","763","1018","","","","1.10","","S","Облачно","2025-11-25 09:46"
"6.20","","3.10","53","763","1018","","","","1.10","","S","Облачно","2025-11-25 09:47"
"6.20","","3.10","53","763","1018","","","","1.10","","S","Облачно","2025-11-25 09:48"
"6.20","","3.10","53","763","1018","","","","1.10","","S","Облачно","2025-11-25 09:49"
"6.20","","3.10","53","763","1018","","","","1.10","","S","Облачно","2025-11-25 09:50"
"6.20","","3.10","53","763","1018","","","","1.10","","S","Облачно","2025-11-25 09:51"
"6.20","","3.10","53","763","1018","","","","1.10","","S","Облачно","2025-11-25 09:52"
"6.20","","3.10","53","763","1018","","","","1.10","","S","Облачно","2025-11-25 09:53"
"6.20","","3.10","53","763","1018","","","","1.10","","S","Облачно","2025-11-25 09:54"
"6.20","","3.10","53","763","1018","","","","1.10","","S","Облачно","2025-11-25 09:55"
"6.20","","3.10","53","763","1018","","","","1.10","","S","Облачно","2025-11-25 09:56"
"6.20","","3.10","53","763","1018","","","","1.10","","S","Облачно","2025-11-25 09:57"
"6.20","","3.10","52","763","1018","","","","1.10","","S","Облачно","2025-11-25 09:58"
"6.20","","3.10","52","763","1018","","","","1.10","","S","Облачно","2025-11-25 09:59"
"6.20","","3.10","52","763","1018","","","","1.10","","S","Облачно","2025-11-25 10:00"
"6.20","","3.10","52","763","1018","","","","1.10","","S","Облачно","2025-11-25 10:01"
"6.20","","3.10","52","763","1018","","","","1.10","","S","Облачно","2025-11-25 10:02"
"6.20","","3.10","52","763","1018","","","","1.10","","S","Облачно","2025-11-25 10:03"
"6.20","","3.10","52","763","1018","","","","1.10","","S","Облачно","2025-11-25 10:04"
"6.10","","2.90","52","763","1018","","","","1.10","","S","Облачно","2025-11-25 10:05"
"6.10","","2.90","52","763","1018","","","","1.10","","S","Облачно","2025-11-25 10:06"
"6.10","","2.90","51","763","1018","","","","1.10","","S","Облачно","2025-11-25 10:07"
"6.10","","2.90","51","763","1018","","","","1.10","","S","Облачно","2025-11-25 10:08"
"6.10","","2.90","51","763","1018","","","","1.10","","S","Облачно","2025-11-25 10:09"
"5.90","","2.70","51","763","1018","","","","1.10","","S","Облачно","2025-11-25 10:10"
"5.90","","2.70","51","763","1018","","","","1.10","","S","Облачно","2025-11-25 10:11"
"5.90","","2.70","51","763","1018","","","","1.10","","S","Облачно","2025-11-25 10:12"
"5.90","","2.70","51","763","1018","","","","1.10","","S","Облачно","2025-11-25 10:13"
"5.90","","2.70","51","763","1018","","","","1.10","","S","Облачно","2025-11-25 10:14"
"5.90","","2.70","51","763","1018","","","","1.10","","S","Облачно","2025-11-25 10:15"
"5.90","","2.70","51","763","1018","","","","1.10","","S","Облачно","2025-11-25 10:16"
"5.90","","2.70","51","763","1018","","","","1.10","","S","Облачно","2025-11-25 10:17"
"5.90","","2.70","51","763","1018","","","","1.10","","S","Облачно","2025-11-25 10:18"
"5.90","","2.70","51","763","1018","","","","1.10","","S","Облачно","2025-11-25 10:19"
"5.90","","2.70","51","763","1018","","","","1.10","","S","Облачно","2025-11-25 10:20"
"5.90","","2.70","51","763","1018","","","","1.10","","S","Облачно","2025-11-25 10:21"
"5.90","","2.70","51","763","1018","","","","1.10","","S","Облачно","2025-11-25 10:22"
"5.90","","2.70","51","763","1018","","","","1.10","","S","Облачно","2025-11-25 10:23"
"5.90","","2.70","51","763","1018","","","","1.10","","S","Облачно","2025-11-25 10:24"
"5.90","","2.70","50","763","1018","","","","1.10","","S","Облачно","2025-11-25 10:25"
"5.90","","2.70","50","763","1018","","","","1.10","","S","Облачно","2025-11-25 10:26"
"5.90","","2.70","50","763","1018","","","","1.10","","S","Облачно","2025-11-25 10:27"
"5.80","","2.60","50","763","1018","","","","1.10","","S","Облачно","2025-11-25 10:28"
"5.80","","2.60","50","763","1018","","","","1.10","","S","Облачно","2025-11-25 10:29"
"5.80","","2.60","50","763","1018","","","","1.10","","S","Облачно","2025-11-25 10:30"
"5.80","","2.60","50","763","1018","","","","1.10","","S","Облачно","2025-11-25 10:31"
"5.80","","2.60","50","763","1018","","","","1.10","","S","Облачно","2025-11-25 10:32"
"5.80","","2.60","50","763","1018","","","","1.10","","S","Облачно","2025-11-25 10:33"
"5.80","","2.60","50","763","1018","","","","1.10","","S","Облачно","2025-11-25 10:34"
"5.80","","2.60","50","763","1018","","","","1.10","","S","Облачно","2025-11-25 10:35"
"5.80","","2.60","50","763","1018","","","","1.10","","S","Небольшая облачность","2025-11-25 10:36"
"5.80","","2.60","50","763","1018","","","","1.10","","S","Небольшая облачность","2025-11-25 10:37"
"5.80","","2.60","50","763","1018","","","","1.10","","S","Небольшая облачность","2025-11-25 10:38"
"5.80","","2.60","50","763","1018","","","","1.10","","S","Небольшая облачность","2025-11-25 10:39"
"5.90","","2.70","50","763","1018","","","","1.10","","S","Небольшая облачность","2025-11-25 10:40"
"5.90","","2.70","50","763","1018","","","","1.10","","S","Небольшая облачность","2025-11-25 10:41"
"5.80","","2.60","50","763","1018","","","","1.10","","S","Небольшая облачность","2025-11-25 10:42"
"5.80","","2.60","50","763","1018","","","","1.10","","S","Небольшая облачность","2025-11-25 10:43"
"5.80","","2.60","50","763","1018","","","","1.10","","S","Небольшая облачность","2025-11-25 10:44"
"5.80","","2.50","49","763","1018","","","","1.10","","S","Небольшая облачность","2025-11-25 10:45"
"5.80","","2.50","49","763","1018","","","","1.10","","S","Небольшая облачность","2025-11-25 10:46"
"5.80","","2.50","49","763","1018","","","","1.10","","S","Небольшая облачность","2025-11-25 10:47"
"5.70","","2.40","49","763","1018","","","","1.10","","S","Небольшая облачность","2025-11-25 10:48"
"5.70","","2.40","49","763","1018","","","","1.10","","S","Небольшая облачность","2025-11-25 10:49"
"5.70","","2.40","49","763","1018","","","","1.10","","S","Небольшая облачность","2025-11-25 10:50"
"5.70","","2.40","49","764","1019","","","","1.10","","S","Небольшая облачность","2025-11-25 10:51"
"5.60","","2.30","49","764","1019","","","","1.10","","S","Небольшая облачность","2025-11-25 10:52"
"5.60","","2.30","49","764","1019","","","","1.10","","S","Небольшая облачность","2025-11-25 10:53"
"5.60","","2.30","49","764","1019","","","","1.10","","S","Небольшая облачность","2025-11-25 10:54"
"5.60","","2.30","49","764","1019","","","","1.10","","S","Небольшая облачность","2025-11-25 10:55"
"5.60","","2.30","49","764","1019","","","","1.10","","S","Небольшая облачность","2025-11-25 10:56"
"5.60","","2.30","49","764","1019","","","","1.10","","S","Небольшая облачность","2025-11-25 10:57"
"5.60","","2.30","49","764","1019","","","","1.10","","S","Небольшая облачность","2025-11-25 10:58"
"5.60","","2.30","49","764","1019","","","","1.10","","S","Небольшая облачность","2025-11-25 10:59"
"5.60","","2.30","49","764","1019","","","","1.10","","S","Небольшая облачность","2025-11-25 11:00"
"5.60","","2.30","49","764","1019","","","","1.10","","S","Небольшая облачность","2025-11-25 11:01"
"5.60","","2.30","49","764","1019","","","","1.10","","S","Небольшая облачность","2025-11-25 11:02"
"5.60","","2.30","49","764","1019","","","","1.10","","S","Небольшая облачность","2025-11-25 11:03"
"5.60","","2.30","49","764","1019","","","","1.10","","S","Небольшая облачность","2025-11-25 11:04"
"5.60","","2.30","49","764","1019","","","","1.10","","S","Небольшая облачность","2025-11-25 11:05"
"5.60","","2.30","49","764","1019","","","","1.10","","S","Небольшая облачность","2025-11-25 11:06"
"5.60","","2.30","49","763","1018","","","","1.10","","S","Небольшая облачность","2025-11-25 11:07"
"5.60","","2.30","49","763","1018","","","","1.10","","S","Небольшая облачность","2025-11-25 11:08"
"5.60","","2.30","49","763","1018","","","","1.10","","S","Небольшая облачность","2025-11-25 11:09"
"5.60","","2.30","49","763","1018","","","","1.10","","S","Небольшая облачность","2025-11-25 11:10"
"5.50","","2.20","48","763","1018","","","","1.10","","S","Небольшая облачность","2025-11-25 11:11"
"5.50","","2.20","48","763","1018","","","","1.10","","S","Небольшая облачность","2025-11-25 11:12"
"5.50","","2.20","48","763","1018","","","","1.10","","S","Небольшая облачность","2025-11-25 11:13"
"5.50","","2.20","48","763","1018","","","","1.10","","S","Небольшая облачность","2025-11-25 11:14"
"5.50","","2.20","48","763","1018","","","","1.10","","S","Небольшая облачность","2025-11-25 11:15"
"5.50","","2.20","48","763","1018","","","","1.10","","S","Небольшая облачность","2025-11-25 11:16"
"5.40","","2.10","49","763","1018","","","","1.10","","S","Небольшая облачность","2025-11-25 11:17"
"5.40","","2.10","49","763","1018","","","","1.10","","S","Небольшая облачность","2025-11-25 11:18"
"5.40","","2.00","48","763","1018","","","","1.10","","S","Небольшая облачность","2025-11-25 11:19"
"5.40","","2.00","48","763","1018","","","","1.10","","S","Небольшая облачность","2025-11-25 11:20"
"5.40","","2.00","48","764","1019","","","","1.10","","S","Небольшая облачность","2025-11-25 11:21"
"5.40","","2.00","48","764","1019","","","","1.10","","S","Небольшая облачность","2025-11-25 11:22"
"5.40","","2.00","48","764","1019","","","","1.10","","S","Небольшая облачность","2025-11-25 11:23"
"5.40","","2.00","48","764","1019","","","","1.10","","S","Небольшая облачность","2025-11-25 11:24"
"5.30","","1.90","48","764","1019","","","","1.10","","S","Небольшая облачность","2025-11-25 11:25"
"5.30","","1.90","48","764","1019","","","","1.10","","S","Небольшая облачность","2025-11-25 11:26"
"5.30","","1.90","48","764","1019","","","","1.10","","S","Небольшая облачность","2025-11-25 11:27"
"5.30","","1.90","48","764","1019","","","","1.10","","S","Небольшая облачность","2025-11-25 11:28"
"5.30","","1.90","48","764","1019","","","","1.10","","S","Небольшая облачность","2025-11-25 11:29"
"5.20","","1.80","48","764","1019","","","","1.10","","S","Небольшая облачность","2025-11-25 11:30"
"5.10","","1.70","48","764","1019","","","","1.10","","S","Небольшая облачность","2025-11-25 11:31"
"5.10","","1.70","48","764","1019","","","","1.10","","S","Небольшая облачность","2025-11-25 11:32"
"5.10","","1.70","48","764","1019","","","","1.10","","S","Небольшая облачность","2025-11-25 11:33"
"5.10","","1.70","48","764","1019","","","","1.10","","S","Небольшая облачность","2025-11-25 11:34"
"5.10","","1.70","48","764","1019","","","","1.10","","S","Небольшая облачность","2025-11-25 11:35"
"5.10","","1.70","48","764","1019","","","","1.10","","S","Небольшая облачность","2025-11-25 11:36"
"5.10","","1.70","48","764","1019","","","","1.10","","S","Небольшая облачность","2025-11-25 11:37"
"5.00","","1.60","48","764","1019","","","","1.10","","S","Небольшая облачность","2025-11-25 11:38"
"5.10","","1.70","48","764","1019","","","","1.10","","S","Небольшая облачность","2025-11-25 11:39"
"5.10","","1.70","48","764","1019","","","","1.10","","S","Небольшая облачность","2025-11-25 11:40"
"5.10","","1.70","48","764","1019","","","","1.10","","S","Небольшая облачность","2025-11-25 11:41"
"5.10","","1.70","48","764","1019","","","","1.10","","S","Небольшая облачность","2025-11-25 11:42"
"5.10","","1.70","48","764","1019","","","","1.10","","S","Небольшая облачность","2025-11-25 11:43"
"5.10","","1.70","48","764","1019","","","","1.10","","S","Небольшая облачность","2025-11-25 11:44"
"5.10","","1.70","48","764","1019","","","","1.10","","S","Небольшая облачность","2025-11-25 11:45"
"4.90","","1.50","48","764","1019","","","","1.10","","S","Небольшая облачность","2025-11-25 11:46"
"4.90","","1.50","48","764","1019","","","","1.10","","S","Небольшая облачность","2025-11-25 11:47"
"4.90","","1.50","48","764","1019","","","","1.10","","S","Небольшая облачность","2025-11-25 11:48"
"4.90","","1.50","48","764","1019","","","","1.10","","S","Небольшая облачность","2025-11-25 11:49"
"4.90","","1.50","48","764","1019","","","","1.10","","S","Небольшая облачность","2025-11-25 11:50"
"4.90","","1.50","48","764","1019","","","","1.10","","S","Небольшая облачность","2025-11-25 11:51"
"4.90","","1.50","48","764","1019","","","","1.10","","S","Небольшая облачность","2025-11-25 11:52"
"4.90","","1.50","48","764","1019","","","","1.10","","S","Небольшая облачность","2025-11-25 11:53"
"4.90","","1.50","48","764","1019","","","","1.10","","S","Небольшая облачность","2025-11-25 11:54"
"4.90","","1.50","48","764","1019","","","","1.10","","S","Небольшая облачность","2025-11-25 11:55"
"4.90","","1.50","48","764","1019","","","","1.10","","S","Небольшая облачность","2025-11-25 11:56"
"4.90","","1.50","48","764","1019","","","","1.10","","S","Небольшая облачность","2025-11-25 11:57"
"4.90","","1.50","48","764","1019","","","","1.10","","S","Небольшая облачность","2025-11-25 11:58"
"4.90","","1.50","48","764","1019","","","","1.10","","S","Небольшая облачность","2025-11-25 11:59"
"4.70","","1.30","48","764","1019","","","","1.10","","S","Небольшая облачность","2025-11-25 12:00"
"4.70","","1.30","47","764","1019","","","","1.10","","S","Небольшая облачность","2025-11-25 12:01"
"4.60","","1.10","47","764","1019","","","","1.10","","S","Небольшая облачность","2025-11-25 12:02"
"4.60","","1.10","47","764","1019","","","","1.10","","S","Небольшая облачность","2025-11-25 12:03"
"4.60","","1.10","47","764","1019","","","","1.10","","S","Небольшая облачность","2025-11-25 12:04"
"4.60","","1.10","47","764","1019","","","","1.10","","S","Небольшая облачность","2025-11-25 12:05"
"4.60","","1.10","47","764","1019","","","","1.10","","S","Небольшая облачность","2025-11-25 12:06"
"4.50","","1.00","47","765","1020","","","","1.10","","S","Небольшая облачность","2025-11-25 12:07"
"4.50","","1.00","47","765","1020","","","","1.10","","S","Небольшая облачность","2025-11-25 12:08"
"4.50","","1.00","47","765","1020","","","","1.10","","S","Небольшая облачность","2025-11-25 12:09"
"4.40","","1.00","48","765","1020","","","","1.10","","S","Небольшая облачность","2025-11-25 12:10"
"4.40","","1.00","48","765","1020","","","","1.10","","S","Небольшая облачность","2025-11-25 12:11"
"4.40","","1.00","48","765","1020","","","","1.10","","S","Небольшая облачность","2025-11-25 12:12"
"4.40","","1.00","48","765","1020","","","","1.10","","S","Небольшая облачность","2025-11-25 12:13"
"4.40","","1.00","48","765","1020","","","","1.10","","S","Небольшая облачность","2025-11-25 12:14"
"4.30","","0.80","48","765","1020","","","","1.10","","S","Небольшая облачность","2025-11-25 12:15"
"4.30","","0.80","48","765","1020","","","","1.10","","S","Небольшая облачность","2025-11-25 12:16"
"4.30","","0.80","48","765","1020","","","","1.10","","S","Небольшая облачность","2025-11-25 12:17"
"4.30","","0.80","48","765","1020","","","","1.10","","S","Небольшая облачность","2025-11-25 12:18"
"4.30","","0.80","48","765","1020","","","","1.10","","S","Небольшая облачность","2025-11-25 12:19"
"4.30","","0.80","48","765","1020","","","","1.10","","S","Небольшая облачность","2025-11-25 12:20"
"4.30","","0.80","48","765","1020","","","","1.10","","S","Небольшая облачность","2025-11-25 12:21"
"4.30","","0.80","48","765","1020","","","","1.10","","S","Небольшая облачность","2025-11-25 12:22"
"4.30","","0.80","48","765","1020","","","","1.10","","S","Небольшая облачность","2025-11-25 12:23"
"4.30","","0.80","48","765","1020","","","","1.10","","S","Небольшая облачность","2025-11-25 12:24"
"4.20","","0.70","48","765","1020","","","","1.10","","S","Небольшая облачность","2025-11-25 12:25"
"4.20","","0.70","48","765","1020","","","","1.10","","S","Небольшая облачность","2025-11-25 12:26"
"4.20","","0.70","48","765","1020","","","","1.10","","S","Небольшая облачность","2025-11-25 12:27"
"4.20","","0.70","48","765","1020","","","","1.10","","S","Небольшая облачность","2025-11-25 12:28"
"4.20","","0.70","48","765","1020","","","","1.10","","S","Небольшая облачность","2025-11-25 12:29"
"4.20","","0.70","48","765","1020","","","","1.10","","S","Небольшая облачность","2025-11-25 12:30"
"4.20","","0.70","48","765","1020","","","","1.10","","S","Небольшая облачность","2025-11-25 12:31"
"4.20","","0.70","48","765","1020","","","","1.10","","S","Небольшая облачность","2025-11-25 12:32"
"4.20","","0.70","48","765","1020","","","","1.10","","S","Небольшая облачность","2025-11-25 12:33"
"4.20","","0.70","48","765","1020","","","","1.10","","S","Небольшая облачность","2025-11-25 12:34"
"4.20","","0.70","48","765","1020","","","","1.10","","S","Небольшая облачность","2025-11-25 12:35"
"4.20","","0.70","48","765","1020","","","","1.10","","S","Небольшая облачность","2025-11-25 12:36"
"4.20","","0.70","48","765","1020","","","","1.10","","S","Небольшая облачность","2025-11-25 12:37"
"4.20","","0.70","48","765","1020","","","","1.10","","S","Небольшая облачность","2025-11-25 12:38"
"4.20","","0.70","48","765","1020","","","","1.10","","S","Небольшая облачность","2025-11-25 12:39"
"4.20","","0.70","48","765","1020","","","","1.10","","S","Небольшая облачность","2025-11-25 12:40"
"4.20","","0.70","48","765","1020","","","","1.10","","S","Небольшая облачность","2025-11-25 12:41"
"4.20","","0.70","48","765","1020","","","","1.10","","S","Небольшая облачность","2025-11-25 12:42"
"4.20","","0.70","48","765","1020","","","","1.10","","S","Небольшая облачность","2025-11-25 12:43"
"4.20","","0.70","48","765","1020","","","","1.10","","S","Небольшая облачность","2025-11-25 12:44"
"4.20","","0.70","48","765","1020","","","","1.10","","S","Небольшая облачность","2025-11-25 12:45"
"4.20","","0.70","48","765","1020","","","","1.10","","S","Небольшая облачность","2025-11-25 12:46"
"4.30","","0.90","49","765","1020","","","","1.10","","S","Небольшая облачность","2025-11-25 12:47"
"4.30","","0.90","49","765","1020","","","","1.10","","S","Небольшая облачность","2025-11-25 12:48"
"4.30","","0.90","49","765","1020","","","","1.10","","S","Небольшая облачность","2025-11-25 12:49"
"4.30","","0.80","48","765","1020","","","","1.10","","S","Небольшая облачность","2025-11-25 12:50"
"4.30","","0.80","48","765","1020","","","","1.10","","S","Небольшая облачность","2025-11-25 12:51"
"4.20","","0.70","48","765","1020","","","","1.10","","S","Небольшая облачность","2025-11-25 12:52"
"4.20","","0.70","48","765","1020","","","","1.10","","S","Небольшая облачность","2025-11-25 12:53"
"4.20","","0.70","48","765","1020","","","","1.10","","S","Небольшая облачность","2025-11-25 12:54"
"4.20","","0.70","48","765","1020","","","","1.10","","S","Небольшая облачность","2025-11-25 12:55"
"4.20","","0.70","48","765","1020","","","","1.10","","S","Небольшая облачность","2025-11-25 12:56"
"4.30","","0.80","48","765","1020","","","","1.10","","S","Небольшая облачность","2025-11-25 12:57"
"4.30","","0.80","48","765","1020","","","","1.10","","S","Небольшая облачность","2025-11-25 12:58"
"4.30","","0.80","48","765","1020","","","","1.10","","S","Небольшая облачность","2025-11-25 12:59"
"4.30","","0.80","48","765","1020","","","","1.10","","S","Небольшая облачность","2025-11-25 13:00"
"4.30","","0.80","48","765","1020","","","","1.10","","S","Небольшая облачность","2025-11-25 13:01"
"4.30","","0.80","48","765","1020","","","","1.10","","S","Небольшая облачность","2025-11-25 13:02"
"4.30","","0.80","48","765","1020","","","","1.10","","S","Небольшая облачность","2025-11-25 13:03"
"4.30","","0.80","48","765","1020","","","","1.10","","S","Небольшая облачность","2025-11-25 13:04"
"4.30","","0.80","48","765","1020","","","","1.10","","S","Небольшая облачность","2025-11-25 13:05"
"4.30","","0.80","48","764","1019","","","","1.10","","S","Небольшая облачность","2025-11-25 13:06"
"4.30","","0.80","48","764","1019","","","","1.10","","S","Небольшая облачность","2025-11-25 13:07"
"4.30","","0.80","48","764","1019","","","","1.10","","S","Небольшая облачность","2025-11-25 13:08"
"4.30","","0.80","48","764","1019","","","","1.10","","S","Небольшая облачность","2025-11-25 13:09"
"4.30","","0.80","48","764","1019","","","","1.10","","S","Небольшая облачность","2025-11-25 13:10"
"4.30","","0.80","48","764","1019","","","","1.10","","S","Небольшая облачность","2025-11-25 13:11"
"4.20","","0.70","48","764","1019","","","","1.10","","S","Небольшая облачность","2025-11-25 13:12"
"4.20","","0.70","48","764","1019","","","","1.10","","S","Небольшая облачность","2025-11-25 13:13"
"4.20","","0.70","48","764","1019","","","","1.10","","S","Небольшая облачность","2025-11-25 13:14"
"4.20","","0.70","48","764","1019","","","","1.10","","S","Небольшая облачность","2025-11-25 13:15"
"4.20","","0.70","48","764","1019","","","","1.10","","S","Небольшая облачность","2025-11-25 13:16"
"4.20","","0.70","48","764","1019","","","","1.10","","S","Небольшая облачность","2025-11-25 13:17"
"4.20","","0.70","48","764","1019","","","","1.10","","S","Небольшая облачность","2025-11-25 13:18"
"4.20","","0.70","48","764","1019","","","","1.10","","S","Небольшая облачность","2025-11-25 13:19"
"4.20","","0.70","48","764","1019","","","","1.10","","S","Небольшая облачность","2025-11-25 13:20"
"4.20","","0.70","48","765","1020","","","","1.10","","S","Небольшая облачность","2025-11-25 13:21"
"4.20","","0.70","48","765","1020","","","","1.10","","S","Небольшая облачность","2025-11-25 13:22"
"4.20","","0.70","48","765","1020","","","","1.10","","S","Небольшая облачность","2025-11-25 13:23"
"4.20","","0.70","48","765","1020","","","","1.10","","S","Небольшая облачность","2025-11-25 13:24"
"4.20","","0.70","48","765","1020","","","","1.10","","S","Небольшая облачность","2025-11-25 13:25"
"4.20","","0.70","48","765","1020","","","","1.10","","S","Небольшая облачность","2025-11-25 13:26"
"4.10","","0.60","48","765","1020","","","","1.10","","S","Небольшая облачность","2025-11-25 13:27"
"4.10","","0.60","48","765","1020","","","","1.10","","S","Небольшая облачность","2025-11-25 13:28"
"4.10","","0.60","48","765","1020","","","","1.10","","S","Небольшая облачность","2025-11-25 13:29"
"4.10","","0.60","48","765","1020","","","","1.10","","S","Небольшая облачность","2025-11-25 13:30"
"4.10","","0.60","48","765","1020","","","","1.10","","S","Небольшая облачность","2025-11-25 13:31"
"4.10","","0.60","48","765","1020","","","","1.10","","S","Небольшая облачность","2025-11-25 13:32"
"4.10","","0.60","48","765","1020","","","","1.10","","S","Небольшая облачность","2025-11-25 13:33"
"4.10","","0.60","48","765","1020","","","","1.10","","S","Небольшая облачность","2025-11-25 13:34"
"4.00","","0.50","48","765","1020","","","","1.10","","S","Небольшая облачность","2025-11-25 13:35"
"4.00","","0.50","48","765","1020","","","","1.10","","S","Небольшая облачность","2025-11-25 13:36"
"4.00","","0.50","48","765","1020","","","","1.10","","S","Небольшая облачность","2025-11-25 13:37"
"4.00","","0.50","48","765","1020","","","","1.10","","S","Небольшая облачность","2025-11-25 13:38"
"4.00","","0.50","48","765","1020","","","","1.10","","S","Небольшая облачность","2025-11-25 13:39"
"4.00","","0.50","48","765","1020","","","","1.10","","S","Небольшая облачность","2025-11-25 13:40"
"4.00","","0.50","48","765","1020","","","","1.10","","S","Небольшая облачность","2025-11-25 13:41"
"4.00","","0.50","48","765","1020","","","","1.10","","S","Небольшая облачность","2025-11-25 13:42"
"4.00","","0.50","48","765","1020","","","","1.10","","S","Небольшая облачность","2025-11-25 13:43"
"3.90","","0.40","48","765","1020","","","","1.10","","S","Небольшая облачность","2025-11-25 13:44"
"3.90","","0.40","48","765","1020","","","","1.10","","S","Небольшая облачность","2025-11-25 13:45"
"3.90","","0.40","48","765","1020","","","","1.10","","S","Небольшая облачность","2025-11-25 13:46"
"3.90","","0.40","48","765","1020","","","","1.10","","S","Небольшая облачность","2025-11-25 13:47"
"3.90","","0.40","48","765","1020","","","","1.10","","S","Небольшая облачность","2025-11-25 13:48"
"3.90","","0.40","48","765","1020","","","","1.10","","S","Небольшая облачность","2025-11-25 13:49"
"3.80","","0.30","48","765","1020","","","","1.10","","S","Небольшая облачность","2025-11-25 13:50"
"3.80","","0.30","48","765","1020","","","","1.10","","S","Небольшая облачность","2025-11-25 13:51"
"3.80","","0.30","48","765","1020","","","","1.10","","S","Небольшая облачность","2025-11-25 13:52"
"3.80","","0.30","48","765","1020","","","","1.10","","S","Небольшая облачность","2025-11-25 13:53"
"3.80","","0.30","48","765","1020","","","","1.10","","S","Небольшая облачность","2025-11-25 13:54"
"3.80","","0.30","48","765","1020","","","","1.10","","S","Небольшая облачность","2025-11-25 13:55"
"3.80","","0.30","48","765","1020","","","","1.10","","S","Небольшая облачность","2025-11-25 13:56"
"3.70","","0.20","47","765","1020","","","","1.10","","S","Небольшая облачность","2025-11-25 13:57"
"3.60","","0.10","47","765","1020","","","","1.10","","S","Небольшая облачность","2025-11-25 13:58"
"3.60","","0.10","47","765","1020","","","","1.10","","S","Небольшая облачность","2025-11-25 13:59"
"3.50","","-0.10","47","765","1020","","","","1.10","","S","Небольшая облачность","2025-11-25 14:00"
"3.50","","-0.10","47","765","1020","","","","1.10","","S","Небольшая облачность","2025-11-25 14:01"
"3.50","","-0.10","47","765","1020","","","","1.10","","S","Небольшая облачность","2025-11-25 14:02"
"3.40","","-0.20","47","765","1020","","","","1.10","","S","Небольшая облачность","2025-11-25 14:03"
"3.40","","-0.20","47","765","1020","","","","1.10","","S","Небольшая облачность","2025-11-25 14:04"
"3.40","","-0.20","47","765","1020","","","","1.10","","S","Небольшая облачность","2025-11-25 14:05"
"3.40","","-0.20","47","765","1020","","","","1.10","","S","Облачно","2025-11-25 14:06"
"3.30","","-0.30","47","765","1020","","","","1.10","","S","Облачно","2025-11-25 14:07"
"3.30","","-0.30","47","765","1020","","","","1.10","","S","Облачно","2025-11-25 14:08"
"3.30","","-0.30","47","765","1020","","","","1.10","","S","Облачно","2025-11-25 14:09"
"3.30","","-0.30","47","765","1020","","","","1.10","","S","Облачно","2025-11-25 14:10"
"3.30","","-0.30","47","765","1020","","","","1.10","","S","Облачно","2025-11-25 14:11"
"3.30","","-0.30","47","765","1020","","","","1.10","","S","Облачно","2025-11-25 14:12"
"3.30","","-0.30","47","765","1020","","","","1.10","","S","Облачно","2025-11-25 14:13"
"3.20","","-0.40","47","765","1020","","","","1.10","","S","Облачно","2025-11-25 14:14"
"3.20","","-0.40","47","765","1020","","","","1.10","","S","Облачно","2025-11-25 14:15"
"3.20","","-0.40","47","765","1020","","","","1.10","","S","Облачно","2025-11-25 14:16"
"3.10","","-0.50","47","765","1020","","","","1.10","","S","Облачно","2025-11-25 14:17"
"3.10","","-0.50","47","765","1020","","","","1.10","","S","Облачно","2025-11-25 14:18"
"3.10","","-0.50","47","765","1020","","","","1.10","","S","Облачно","2025-11-25 14:19"
"3.00","","-0.60","47","765","1020","","","","1.10","","S","Облачно","2025-11-25 14:20"
"3.00","","-0.60","47","765","1020","","","","1.10","","S","Облачно","2025-11-25 14:21"
"3.00","","-0.60","47","765","1020","","","","1.10","","S","Облачно","2025-11-25 14:22"
"3.00","","-0.60","47","765","1020","","","","1.10","","S","Облачно","2025-11-25 14:23"
"3.00","","-0.60","47","765","1020","","","","1.10","","S","Облачно","2025-11-25 14:24"
"3.00","","-0.60","47","765","1020","","","","1.10","","S","Облачно","2025-11-25 14:25"
"2.90","","-0.70","47","765","1020","","","","1.10","","S","Облачно","2025-11-25 14:26"
"2.90","","-0.70","47","765","1020","","","","1.10","","S","Облачно","2025-11-25 14:27"
"2.90","","-0.70","47","765","1020","","","","1.10","","S","Облачно","2025-11-25 14:28"
"2.90","","-0.70","47","765","1020","","","","1.10","","S","Облачно","2025-11-25 14:29"
"2.90","","-0.70","47","765","1020","","","","1.10","","S","Облачно","2025-11-25 14:30"
"2.80","","-0.80","47","765","1020","","","","1.10","","S","Облачно","2025-11-25 14:31"
"2.80","","-0.80","47","765","1020","","","","1.10","","S","Облачно","2025-11-25 14:32"
"2.80","","-0.80","46","765","1020","","","","1.10","","S","Облачно","2025-11-25 14:33"
"2.80","","-0.80","47","765","1020","","","","1.10","","S","Облачно","2025-11-25 14:34"
"2.80","","-0.80","47","765","1020","","","","1.10","","S","Облачно","2025-11-25 14:35"
"2.80","","-0.80","47","765","1021","","","","1.10","","S","Облачно","2025-11-25 14:36"
"2.80","","-0.80","47","765","1021","","","","1.10","","S","Облачно","2025-11-25 14:37"
"2.80","","-0.80","47","765","1021","","","","1.10","","S","Облачно","2025-11-25 14:38"
"2.80","","-0.80","47","765","1021","","","","1.10","","S","Облачно","2025-11-25 14:39"
"2.80","","-0.80","47","765","1021","","","","1.10","","S","Облачно","2025-11-25 14:40"
"2.80","","-0.80","47","765","1021","","","","1.10","","S","Облачно","2025-11-25 14:41"
"2.70","","-0.90","47","765","1021","","","","1.10","","S","Облачно","2025-11-25 14:42"
"2.70","","-0.90","47","765","1021","","","","1.10","","S","Облачно","2025-11-25 14:43"
"2.70","","-0.90","47","765","1021","","","","1.10","","S","Облачно","2025-11-25 14:44"
"2.70","","-0.90","47","765","1021","","","","1.10","","S","Облачно","2025-11-25 14:45"
"2.60","","-1.00","47","765","1021","","","","1.10","","S","Облачно","2025-11-25 14:46"
"2.60","","-1.00","47","765","1021","","","","1.10","","S","Облачно","2025-11-25 14:47"
"2.60","","-1.00","47","765","1021","","","","1.10","","S","Облачно","2025-11-25 14:48"
"2.60","","-1.00","47","765","1021","","","","1.10","","S","Облачно","2025-11-25 14:49"
"2.60","","-1.00","47","765","1021","","","","1.10","","S","Облачно","2025-11-25 14:50"
"2.60","","-1.00","47","765","1021","","","","1.10","","S","Облачно","2025-11-25 14:51"
"2.60","","-1.00","47","765","1021","","","","1.10","","S","Облачно","2025-11-25 14:52"
"2.60","","-1.00","47","765","1021","","","","1.10","","S","Облачно","2025-11-25 14:53"
"2.60","","-1.00","47","765","1021","","","","1.10","","S","Облачно","2025-11-25 14:54"
"2.60","","-1.00","47","765","1021","","","","1.10","","S","Облачно","2025-11-25 14:55"
"2.60","","-1.00","47","765","1021","","","","1.10","","S","Облачно","2025-11-25 14:56"
"2.50","","-1.10","47","765","1021","","","","1.10","","S","Облачно","2025-11-25 14:57"
"2.50","","-1.10","47","765","1021","","","","1.10","","S","Облачно","2025-11-25 14:58"
"2.50","","-1.10","47","765","1021","","","","1.10","","S","Облачно","2025-11-25 14:59"
"2.50","","-1.10","47","765","1021","","","","1.10","","S","Облачно","2025-11-25 15:00"
"2.50","","-1.10","47","765","1021","","","","1.10","","S","Облачно","2025-11-25 15:01"
"2.50","","-1.10","47","765","1021","","","","1.10","","S","Облачно","2025-11-25 15:02"
"2.50","","-1.10","47","765","1021","","","","1.10","","S","Облачно","2025-11-25 15:03"
"2.50","","-1.10","47","765","1021","","","","1.10","","S","Облачно","2025-11-25 15:04"
"2.50","","-1.10","47","765","1021","","","","1.10","","S","Облачно","2025-11-25 15:05"
"2.50","","-1.10","47","765","1020","","","","1.10","","S","Небольшая облачность","2025-11-25 15:06"
"2.40","","-1.20","47","765","1020","","","","1.10","","S","Небольшая облачность","2025-11-25 15:07"
"2.40","","-1.20","47","765","1020","","","","1.10","","S","Небольшая облачность","2025-11-25 15:08"
"2.40","","-1.20","47","765","1020","","","","1.10","","S","Небольшая облачность","2025-11-25 15:09"
"2.40","","-1.20","47","765","1020","","","","1.10","","S","Небольшая облачность","2025-11-25 15:10"
"2.40","","-1.20","47","765","1020","","","","1.10","","S","Небольшая облачность","2025-11-25 15:11"
"2.40","","-1.20","47","765","1020","","","","1.10","","S","Небольшая облачность","2025-11-25 15:12"
"2.40","","-1.20","47","765","1020","","","","1.10","","S","Небольшая облачность","2025-11-25 15:13"
"2.40","","-1.20","47","765","1020","","","","1.10","","S","Небольшая облачность","2025-11-25 15:14"
"2.40","","-1.20","47","765","1020","","","","1.10","","S","Небольшая облачность","2025-11-25 15:15"
"2.40","","-1.20","47","765","1020","","","","1.10","","S","Небольшая облачность","2025-11-25 15:16"
"2.40","","-1.20","47","765","1020","","","","1.10","","S","Небольшая облачность","2025-11-25 15:17"
"2.30","","-1.40","47","765","1020","","","","1.10","","S","Небольшая облачность","2025-11-25 15:18"
"2.30","","-1.40","47","765","1020","","","","1.10","","S","Небольшая облачность","2025-11-25 15:19"
"2.30","","-1.40","47","765","1020","","","","1.10","","S","Небольшая облачность","2025-11-25 15:20"
"2.30","","-1.40","47","765","1021","","","","1.10","","S","Небольшая облачность","2025-11-25 15:21"
"2.30","","-1.40","47","765","1021","","","","1.10","","S","Небольшая облачность","2025-11-25 15:22"
"2.30","","-1.40","47","765","1021","","","","1.10","","S","Небольшая облачность","2025-11-25 15:23"
"2.30","","-1.40","47","765","1021","","","","1.10","","S","Небольшая облачность","2025-11-25 15:24"
"2.30","","-1.40","47","765","1021","","","","1.10","","S","Небольшая облачность","2025-11-25 15:25"
"2.30","","-1.40","47","765","1021","","","","1.10","","S","Небольшая облачность","2025-11-25 15:26"
"2.20","","-1.50","47","765","1021","","","","1.10","","S","Небольшая облачность","2025-11-25 15:27"
"2.20","","-1.50","47","765","1021","","","","1.10","","S","Небольшая облачность","2025-11-25 15:28"
"2.20","","-1.50","47","765","1021","","","","1.10","","S","Небольшая облачность","2025-11-25 15:29"
"2.20","","-1.50","47","765","1021","","","","1.10","","S","Небольшая облачность","2025-11-25 15:30"
"2.20","","-1.50","47","765","1021","","","","1.10","","S","Небольшая облачность","2025-11-25 15:31"
"2.20","","-1.50","47","765","1021","","","","1.10","","S","Небольшая облачность","2025-11-25 15:32"
"2.20","","-1.50","47","765","1021","","","","1.10","","S","Небольшая облачность","2025-11-25 15:33"
"2.20","","-1.50","47","765","1021","","","","1.10","","S","Небольшая облачность","2025-11-25 15:34"
"2.20","","-1.50","47","765","1021","","","","1.10","","S","Небольшая облачность","2025-11-25 15:35"
"2.20","","-1.50","47","766","1022","","","","1.10","","S","Небольшая облачность","2025-11-25 15:36"
"2.20","","-1.50","47","766","1022","","","","1.10","","S","Небольшая облачность","2025-11-25 15:37"
"2.20","","-1.50","47","766","1022","","","","1.10","","S","Небольшая облачность","2025-11-25 15:38"
"2.20","","-1.50","47","766","1022","","","","1.10","","S","Небольшая облачность","2025-11-25 15:39"
"2.20","","-1.50","47","766","1022","","","","1.10","","S","Небольшая облачность","2025-11-25 15:40"
"2.20","","-1.50","47","766","1022","","","","1.10","","S","Небольшая облачность","2025-11-25 15:41"
"2.20","","-1.50","47","766","1022","","","","1.10","","S","Небольшая облачность","2025-11-25 15:42"
"2.20","","-1.50","47","766","1022","","","","1.10","","S","Небольшая облачность","2025-11-25 15:43"
"2.20","","-1.50","47","766","1022","","","","1.10","","S","Небольшая облачность","2025-11-25 15:44"
"2.20","","-1.50","47","766","1022","","","","1.10","","S","Небольшая облачность","2025-11-25 15:45"
"2.20","","-1.50","47","766","1022","","","","1.10","","S","Небольшая облачность","2025-11-25 15:46"
"2.10","","-1.60","47","766","1022","","","","1.10","","S","Небольшая облачность","2025-11-25 15:47"
"2.10","","-1.60","47","766","1022","","","","1.10","","S","Небольшая облачность","2025-11-25 15:48"
"2.10","","-1.60","47","766","1022","","","","1.10","","S","Небольшая облачность","2025-11-25 15:49"
"2.10","","-1.60","47","766","1022","","","","1.10","","S","Небольшая облачность","2025-11-25 15:50"
"2.10","","-1.60","47","766","1022","","","","1.10","","S","Небольшая облачность","2025-11-25 15:51"
"2.10","","-1.60","47","766","1022","","","","1.10","","S","Небольшая облачность","2025-11-25 15:52"
"2.10","","-1.60","47","766","1022","","","","1.10","","S","Небольшая облачность","2025-11-25 15:53"
"2.10","","-1.60","47","766","1022","","","","1.10","","S","Небольшая облачность","2025-11-25 15:54"
"2.10","","-1.60","47","766","1022","","","","1.10","","S","Небольшая облачность","2025-11-25 15:55"
"2.10","","-1.60","47","766","1022","","","","1.10","","S","Небольшая облачность","2025-11-25 15:56"
"2.10","","-1.60","47","766","1022","","","","1.10","","S","Небольшая облачность","2025-11-25 15:57"
"2.10","","-1.60","47","766","1022","","","","1.10","","S","Небольшая облачность","2025-11-25 15:58"
"2.10","","-1.60","47","766","1022","","","","1.10","","S","Небольшая облачность","2025-11-25 15:59"
"2.10","","-1.60","47","766","1022","","","","1.10","","S","Небольшая облачность","2025-11-25 16:00"
"2.10","","-1.60","47","766","1022","","","","1.10","","S","Небольшая облачность","2025-11-25 16:01"
"2.10","","-1.60","47","766","1022","","","","1.10","","S","Небольшая облачность","2025-11-25 16:02"
"2.10","","-1.60","47","766","1022","","","","1.10","","S","Небольшая облачность","2025-11-25 16:03"
"2.00","","-1.70","47","766","1022","","","","1.10","","S","Небольшая облачность","2025-11-25 16:04"
"2.00","","-1.70","47","766","1022","","","","1.10","","S","Небольшая облачность","2025-11-25 16:05"
"2.00","","-1.70","47","766","1022","","","","1.10","","S","Небольшая облачность","2025-11-25 16:06"
"2.00","","-1.70","47","766","1022","","","","1.10","","S","Небольшая облачность","2025-11-25 16:07"
"2.00","","-1.70","47","766","1022","","","","1.10","","S","Небольшая облачность","2025-11-25 16:08"
"2.00","","-1.70","47","766","1022","","","","1.10","","S","Небольшая облачность","2025-11-25 16:09"
"2.00","","-1.70","47","766","1022","","","","1.10","","S","Небольшая облачность","2025-11-25 16:10"
"2.00","","-1.70","47","766","1022","","","","1.10","","S","Небольшая облачность","2025-11-25 16:11"
"2.00","","-1.70","47","766","1022","","","","1.10","","S","Небольшая облачность","2025-11-25 16:12"
"1.90","","-1.80","47","766","1022","","","","1.10","","S","Небольшая облачность","2025-11-25 16:13"
"1.90","","-1.80","47","766","1022","","","","1.10","","S","Небольшая облачность","2025-11-25 16:14"
"1.90","","-1.80","47","766","1022","","","","1.10","","S","Небольшая облачность","2025-11-25 16:15"
"1.90","","-1.80","47","766","1022","","","","1.10","","S","Небольшая облачность","2025-11-25 16:16"
"1.90","","-1.80","47","766","1022","","","","1.10","","S","Небольшая облачность","2025-11-25 16:17"
"2.00","","-1.70","47","766","1022","","","","1.10","","S","Небольшая облачность","2025-11-25 16:18"
"1.90","","-1.80","47","766","1022","","","","1.10","","S","Небольшая облачность","2025-11-25 16:19"
"1.90","","-1.80","47","766","1022","","","","1.10","","S","Небольшая облачность","2025-11-25 16:20"
"1.90","","-1.80","47","765","1021","","","","1.10","","S","Небольшая облачность","2025-11-25 16:21"
"1.90","","-1.80","47","765","1021","","","","1.10","","S","Небольшая облачность","2025-11-25 16:22"
"1.90","","-1.80","47","765","1021","","","","1.10","","S","Небольшая облачность","2025-11-25 16:23"
"1.90","","-1.80","47","765","1021","","","","1.10","","S","Небольшая облачность","2025-11-25 16:24"
"1.90","","-1.80","47","765","1021","","","","1.10","","S","Небольшая облачность","2025-11-25 16:25"
"1.90","","-1.80","47","765","1021","","","","1.10","","S","Небольшая облачность","2025-11-25 16:26"
"1.90","","-1.80","47","765","1021","","","","1.10","","S","Небольшая облачность","2025-11-25 16:27"
"1.80","","-1.90","47","765","1021","","","","1.10","","S","Небольшая облачность","2025-11-25 16:28"
"1.80","","-1.90","47","765","1021","","","","1.10","","S","Небольшая облачность","2025-11-25 16:29"
"1.90","","-1.80","47","765","1021","","","","1.10","","S","Небольшая облачность","2025-11-25 16:30"
"1.90","","-1.80","47","765","1021","","","","1.10","","S","Небольшая облачность","2025-11-25 16:31"
"1.90","","-1.80","47","765","1021","","","","1.10","","S","Небольшая облачность","2025-11-25 16:32"
"1.80","","-1.90","47","765","1021","","","","1.10","","S","Небольшая облачность","2025-11-25 16:33"
"1.80","","-1.90","47","765","1021","","","","1.10","","S","Небольшая облачность","2025-11-25 16:34"
"1.80","","-1.90","47","765","1021","","","","1.10","","S","Небольшая облачность","2025-11-25 16:35"
"1.80","","-1.90","47","766","1022","","","","1.10","","S","Небольшая облачность","2025-11-25 16:36"
"1.80","","-1.90","47","766","1022","","","","1.10","","S","Небольшая облачность","2025-11-25 16:37"
"1.80","","-1.90","47","766","1022","","","","1.10","","S","Небольшая облачность","2025-11-25 16:38"
"1.80","","-1.90","47","766","1022","","","","1.10","","S","Небольшая облачность","2025-11-25 16:39"
"1.80","","-1.90","47","766","1022","","","","1.10","","S","Небольшая облачность","2025-11-25 16:40"
"1.80","","-1.90","47","766","1022","","","","1.10","","S","Небольшая облачность","2025-11-25 16:41"
"1.80","","-1.90","47","766","1022","","","","1.10","","S","Небольшая облачность","2025-11-25 16:42"
"1.80","","-1.90","47","766","1022","","","","1.10","","S","Небольшая облачность","2025-11-25 16:43"
"1.80","","-1.90","47","766","1022","","","","1.10","","S","Небольшая облачность","2025-11-25 16:44"
"1.80","","-1.90","47","766","1022","","","","1.10","","S","Небольшая облачность","2025-11-25 16:45"
"1.80","","-1.90","47","766","1022","","","","1.10","","S","Небольшая облачность","2025-11-25 16:46"
"1.70","","-2.00","47","766","1022","","","","1.10","","S","Небольшая облачность","2025-11-25 16:47"
"1.70","","-2.00","47","766","1022","","","","1.10","","S","Небольшая облачность","2025-11-25 16:48"
"1.70","","-2.00","47","766","1022","","","","1.10","","S","Небольшая облачность","2025-11-25 16:49"
"1.70","","-2.00","47","766","1022","","","","1.10","","S","Небольшая облачность","2025-11-25 16:50"
"1.60","","-2.10","47","766","1022","","","","1.10","","S","Небольшая облачность","2025-11-25 16:51"
"1.60","","-2.10","47","766","1022","","","","1.10","","S","Небольшая облачность","2025-11-25 16:52"
"1.60","","-2.10","47","766","1022","","","","1.10","","S","Небольшая облачность","2025-11-25 16:53"
"1.60","","-2.10","47","766","1022","","","","1.10","","S","Небольшая облачность","2025-11-25 16:54"
"1.60","","-2.10","47","766","1022","","","","1.10","","S","Небольшая облачность","2025-11-25 16:55"
"1.60","","-2.10","47","766","1022","","","","1.10","","S","Небольшая облачность","2025-11-25 16:56"
"1.60","","-2.10","47","766","1022","","","","1.10","","S","Небольшая облачность","2025-11-25 16:57"
"1.60","","-2.10","47","766","1022","","","","1.10","","S","Небольшая облачность","2025-11-25 16:58"
"1.60","","-2.10","47","766","1022","","","","1.10","","S","Небольшая облачность","2025-11-25 16:59"
"1.60","","-2.10","47","766","1022","","","","1.10","","S","Небольшая облачность","2025-11-25 17:00"
"1.60","","-2.10","47","766","1022","","","","1.10","","S","Небольшая облачность","2025-11-25 17:01"
"1.60","","-2.10","47","766","1022","","","","1.10","","S","Небольшая облачность","2025-11-25 17:02"
"1.60","","-2.10","47","766","1022","","","","1.10","","S","Небольшая облачность","2025-11-25 17:03"
"1.60","","-2.10","47","766","1022","","","","1.10","","S","Небольшая облачность","2025-11-25 17:04"
"1.60","","-2.10","47","766","1022","","","","1.10","","S","Небольшая облачность","2025-11-25 17:05"
"1.60","","-2.10","47","766","1022","","","","1.10","","S","Небольшая облачность","2025-11-25 17:06"
"1.60","","-2.10","47","766","1022","","","","1.10","","S","Небольшая облачность","2025-11-25 17:07"
"1.60","","-2.10","47","766","1022","","","","1.10","","S","Небольшая облачность","2025-11-25 17:08"
"1.50","","-2.20","47","766","1022","","","","1.10","","S","Небольшая облачность","2025-11-25 17:09"
"1.50","","-2.20","47","766","1022","","","","1.10","","S","Небольшая облачность","2025-11-25 17:10"
"1.50","","-2.20","47","766","1022","","","","1.10","","S","Небольшая облачность","2025-11-25 17:11"
"1.50","","-2.20","47","766","1022","","","","1.10","","S","Небольшая облачность","2025-11-25 17:12"
"1.50","","-2.20","47","766","1022","","","","1.10","","S","Небольшая облачность","2025-11-25 17:13"
"1.50","","-2.20","47","766","1022","","","","1.10","","S","Небольшая облачность","2025-11-25 17:14"
"1.50","","-2.20","47","766","1022","","","","1.10","","S","Небольшая облачность","2025-11-25 17:15"
"1.50","","-2.20","47","766","1022","","","","1.10","","S","Небольшая облачность","2025-11-25 17:16"
"1.50","","-2.20","47","766","1022","","","","1.10","","S","Небольшая облачность","2025-11-25 17:17"
"1.50","","-2.20","47","766","1022","","","","1.10","","S","Небольшая облачность","2025-11-25 17:18"
"1.50","","-2.20","47","766","1022","","","","1.10","","S","Небольшая облачность","2025-11-25 17:19"
"1.50","","-2.20","47","766","1022","","","","1.10","","S","Небольшая облачность","2025-11-25 17:20"
"1.50","","-2.20","47","765","1021","","","","1.10","","S","Небольшая облачность","2025-11-25 17:21"
"1.50","","-2.20","47","765","1021","","","","1.10","","S","Небольшая облачность","2025-11-25 17:22"
"1.50","","-2.20","47","765","1021","","","","1.10","","S","Небольшая облачность","2025-11-25 17:23"
"1.50","","-2.20","47","765","1021","","","","1.10","","S","Небольшая облачность","2025-11-25 17:24"
"1.50","","-2.20","47","765","1021","","","","1.10","","S","Небольшая облачность","2025-11-25 17:25"
"1.50","","-2.20","47","765","1021","","","","1.10","","S","Небольшая облачность","2025-11-25 17:26"
"1.50","","-2.20","47","765","1021","","","","1.10","","S","Небольшая облачность","2025-11-25 17:27"
"1.50","","-2.20","47","765","1021","","","","1.10","","S","Небольшая облачность","2025-11-25 17:28"
"1.50","","-2.20","47","765","1021","","","","1.10","","S","Небольшая облачность","2025-11-25 17:29"
"1.50","","-2.20","47","765","1021","","","","1.10","","S","Небольшая облачность","2025-11-25 17:30"
"1.50","","-2.20","47","765","1021","","","","1.10","","S","Небольшая облачность","2025-11-25 17:31"
"1.50","","-2.20","47","765","1021","","","","1.10","","S","Небольшая облачность","2025-11-25 17:32"
"1.50","","-2.20","47","765","1021","","","","1.10","","S","Небольшая облачность","2025-11-25 17:33"
"1.50","","-2.20","47","765","1021","","","","1.10","","S","Небольшая облачность","2025-11-25 17:34"
"1.50","","-2.20","47","765","1021","","","","1.10","","S","Небольшая облачность","2025-11-25 17:35"
"1.50","","-2.20","47","766","1022","","","","1.10","","S","Небольшая облачность","2025-11-25 17:36"
"1.60","","-2.10","47","766","1022","","","","1.10","","S","Небольшая облачность","2025-11-25 17:37"
"1.60","","-2.10","47","766","1022","","","","1.10","","S","Небольшая облачность","2025-11-25 17:38"
"1.60","","-2.10","47","766","1022","","","","1.10","","S","Небольшая облачность","2025-11-25 17:39"
"1.60","","-2.10","47","766","1022","","","","1.10","","S","Небольшая облачность","2025-11-25 17:40"
"1.60","","-2.10","47","766","1022","","","","1.10","","S","Небольшая облачность","2025-11-25 17:41"
"1.60","","-2.10","47","766","1022","","","","1.10","","S","Небольшая облачность","2025-11-25 17:42"
"1.60","","-2.10","47","766","1022","","","","1.10","","S","Небольшая облачность","2025-11-25 17:43"
"1.60","","-2.10","47","766","1022","","","","1.10","","S","Небольшая облачность","2025-11-25 17:44"
"1.60","","-2.10","47","766","1022","","","","1.10","","S","Небольшая облачность","2025-11-25 17:45"
"1.60","","-2.10","47","766","1022","","","","1.10","","S","Небольшая облачность","2025-11-25 17:46"
"1.60","","-2.10","47","766","1022","","","","1.10","","S","Небольшая облачность","2025-11-25 17:47"
"1.60","","-2.10","47","766","1022","","","","1.10","","S","Небольшая облачность","2025-11-25 17:48"
"1.60","","-2.10","47","766","1022","","","","1.10","","S","Небольшая облачность","2025-11-25 17:49"
"1.60","","-2.10","48","766","1022","","","","1.10","","S","Небольшая облачность","2025-11-25 17:50"
"1.60","","-2.10","47","766","1022","","","","1.10","","S","Небольшая облачность","2025-11-25 17:51"
"1.60","","-2.10","47","766","1022","","","","1.10","","S","Небольшая облачность","2025-11-25 17:52"
"1.60","","-2.10","47","766","1022","","","","1.10","","S","Небольшая облачность","2025-11-25 17:53"
"1.60","","-2.10","47","766","1022","","","","1.10","","S","Небольшая облачность","2025-11-25 17:54"
"1.60","","-2.10","47","766","1022","","","","1.10","","S","Небольшая облачность","2025-11-25 17:55"
"1.70","","-2.00","47","766","1022","","","","1.10","","S","Небольшая облачность","2025-11-25 17:56"
"1.70","","-2.00","47","766","1022","","","","1.10","","S","Небольшая облачность","2025-11-25 17:57"
"1.70","","-2.00","47","766","1022","","","","1.10","","S","Небольшая облачность","2025-11-25 17:58"
"1.70","","-2.00","47","766","1022","","","","1.10","","S","Небольшая облачность","2025-11-25 17:59"
"1.70","","-2.00","47","766","1022","","","","1.10","","S","Небольшая облачность","2025-11-25 18:00"
"1.70","","-2.00","47","766","1022","","","","1.10","","S","Небольшая облачность","2025-11-25 18:01"
"1.70","","-2.00","47","766","1022","","","","1.10","","S","Небольшая облачность","2025-11-25 18:02"
"1.70","","-2.00","47","766","1022","","","","1.10","","S","Небольшая облачность","2025-11-25 18:03"
"1.70","","-2.00","47","766","1022","","","","1.10","","S","Небольшая облачность","2025-11-25 18:04"
"1.70","","-2.00","47","766","1022","","","","1.10","","S","Небольшая облачность","2025-11-25 18:05"
"1.70","","-2.00","47","766","1022","","","","1.10","","S","Небольшая облачность","2025-11-25 18:06"
"1.70","","-2.00","47","766","1022","","","","1.10","","S","Небольшая облачность","2025-11-25 18:07"
"1.70","","-2.00","47","766","1022","","","","1.10","","S","Небольшая облачность","2025-11-25 18:08"
"1.60","","-2.10","47","766","1022","","","","1.10","","S","Небольшая облачность","2025-11-25 18:09"
"1.60","","-2.10","47","766","1022","","","","1.10","","S","Небольшая облачность","2025-11-25 18:10"
"1.60","","-2.10","47","766","1022","","","","1.10","","S","Небольшая облачность","2025-11-25 18:11"
"1.60","","-2.10","47","766","1022","","","","1.10","","S","Небольшая облачность","2025-11-25 18:12"
"1.60","","-2.10","47","766","1022","","","","1.10","","S","Небольшая облачность","2025-11-25 18:13"
"1.60","","-2.10","47","766","1022","","","","1.10","","S","Небольшая облачность","2025-11-25 18:14"
"1.60","","-2.10","47","766","1022","","","","1.10","","S","Небольшая облачность","2025-11-25 18:15"
"1.60","","-2.10","47","766","1022","","","","1.10","","S","Небольшая облачность","2025-11-25 18:16"
"1.60","","-2.10","47","766","1022","","","","1.10","","S","Небольшая облачность","2025-11-25 18:17"
"1.70","","-2.00","47","766","1022","","","","1.10","","S","Небольшая облачность","2025-11-25 18:18"
"1.70","","-2.00","47","766","1022","","","","1.10","","S","Небольшая облачность","2025-11-25 18:19"
"1.70","","-2.00","47","766","1022","","","","1.10","","S","Небольшая облачность","2025-11-25 18:20"
"1.70","","-2.00","47","766","1022","","","","1.10","","S","Небольшая облачность","2025-11-25 18:21"
"1.70","","-2.00","47","765","1021","","","","1.10","","S","Небольшая облачность","2025-11-25 18:22"
"1.70","","-2.00","47","765","1021","","","","1.10","","S","Небольшая облачность","2025-11-25 18:23"
"1.60","","-2.10","47","765","1021","","","","1.10","","S","Небольшая облачность","2025-11-25 18:24"
"1.60","","-2.10","47","765","1021","","","","1.10","","S","Небольшая облачность","2025-11-25 18:25"
"1.70","","-2.00","47","765","1021","","","","1.10","","S","Небольшая облачность","2025-11-25 18:26"
"1.70","","-2.00","47","765","1021","","","","1.10","","S","Небольшая облачность","2025-11-25 18:27"
"1.70","","-2.00","47","765","1021","","","","1.10","","S","Небольшая облачность","2025-11-25 18:28"
"1.70","","-2.00","47","765","1021","","","","1.10","","S","Небольшая облачность","2025-11-25 18:29"
"1.70","","-2.00","47","765","1021","","","","1.10","","S","Небольшая облачность","2025-11-25 18:30"
"1.70","","-2.00","47","765","1021","","","","1.10","","S","Небольшая облачность","2025-11-25 18:31"
"1.70","","-2.00","47","765","1021","","","","1.10","","S","Небольшая облачность","2025-11-25 18:32"
"1.70","","-2.00","47","765","1021","","","","1.10","","S","Небольшая облачность","2025-11-25 18:33"
"1.70","","-2.00","47","765","1021","","","","1.10","","S","Небольшая облачность","2025-11-25 18:34"
"1.70","","-2.00","47","765","1021","","","","1.10","","S","Небольшая облачность","2025-11-25 18:35"
"1.70","","-2.00","47","766","1022","","","","1.10","","S","Небольшая облачность","2025-11-25 18:36"
"1.70","","-2.00","47","766","1022","","","","1.10","","S","Небольшая облачность","2025-11-25 18:37"
"1.60","","-2.10","47","766","1022","","","","1.10","","S","Небольшая облачность","2025-11-25 18:38"
"1.60","","-2.10","47","766","1022","","","","1.10","","S","Небольшая облачность","2025-11-25 18:39"
"1.60","","-2.10","47","766","1022","","","","1.10","","S","Небольшая облачность","2025-11-25 18:40"
"1.60","","-2.10","47","766","1022","","","","1.10","","S","Небольшая облачность","2025-11-25 18:41"
"1.60","","-2.10","47","766","1022","","","","1.10","","S","Небольшая облачность","2025-11-25 18:42"
"1.60","","-2.10","47","766","1022","","","","1.10","","S","Небольшая облачность","2025-11-25 18:43"
"1.60","","-2.10","47","766","1022","","","","1.10","","S","Небольшая облачность","2025-11-25 18:44"
"1.60","","-2.10","47","766","1022","","","","1.10","","S","Небольшая облачность","2025-11-25 18:45"
"1.60","","-2.10","47","766","1022","","","","1.10","","S","Небольшая облачность","2025-11-25 18:46"
"1.60","","-2.10","47","766","1022","","","","1.10","","S","Небольшая облачность","2025-11-25 18:47"
"1.60","","-2.10","47","766","1022","","","","1.10","","S","Небольшая облачность","2025-11-25 18:48"
"1.60","","-2.10","47","766","1022","","","","1.10","","S","Небольшая облачность","2025-11-25 18:49"
"1.60","","-2.10","47","766","1022","","","","1.10","","S","Небольшая облачность","2025-11-25 18:50"
"1.60","","-2.10","47","766","1022","","","","1.10","","S","Небольшая облачность","2025-11-25 18:51"
"1.60","","-2.10","47","766","1022","","","","1.10","","S","Небольшая облачность","2025-11-25 18:52"
"1.60","","-2.10","47","766","1022","","","","1.10","","S","Небольшая облачность","2025-11-25 18:53"
"1.60","","-2.10","47","766","1022","","","","1.10","","S","Небольшая облачность","2025-11-25 18:54"
"1.60","","-2.10","47","766","1022","","","","1.10","","S","Небольшая облачность","2025-11-25 18:55"
"1.60","","-2.10","47","766","1022","","","","1.10","","S","Небольшая облачность","2025-11-25 18:56"
"1.60","","-2.10","47","766","1022","","","","1.10","","S","Небольшая облачность","2025-11-25 18:57"
"1.60","","-2.10","47","766","1022","","","","1.10","","S","Небольшая облачность","2025-11-25 18:58"
"1.60","","-2.10","47","766","1022","","","","1.10","","S","Небольшая облачность","2025-11-25 18:59"
"1.60","","-2.10","47","766","1022","","","","1.10","","S","Небольшая облачность","2025-11-25 19:00"
"1.60","","-2.10","47","766","1022","","","","1.10","","S","Небольшая облачность","2025-11-25 19:01"
"1.60","","-2.10","47","766","1022","","","","1.10","","S","Небольшая облачность","2025-11-25 19:02"
"1.60","","-2.10","47","766","1022","","","","1.10","","S","Небольшая облачность","2025-11-25 19:03"
"1.60","","-2.10","47","766","1022","","","","1.10","","S","Небольшая облачность","2025-11-25 19:04"
"1.60","","-2.10","47","766","1022","","","","1.10","","S","Небольшая облачность","2025-11-25 19:05"
"1.60","","-2.10","47","766","1022","","","","1.10","","S","Небольшая облачность","2025-11-25 19:06"
"1.60","","-2.10","47","766","1022","","","","1.10","","S","Небольшая облачность","2025-11-25 19:07"
"1.60","","-2.10","47","766","1022","","","","1.10","","S","Небольшая облачность","2025-11-25 19:08"
"1.60","","-2.10","47","766","1022","","","","1.10","","S","Небольшая облачность","2025-11-25 19:09"
"1.50","","-2.20","47","766","1022","","","","1.10","","S","Небольшая облачность","2025-11-25 19:10"
"1.50","","-2.20","46","766","1022","","","","1.10","","S","Небольшая облачность","2025-11-25 19:11"
"1.50","","-2.20","46","766","1022","","","","1.10","","S","Небольшая облачность","2025-11-25 19:12"
"1.50","","-2.20","46","766","1022","","","","1.10","","S","Небольшая облачность","2025-11-25 19:13"
"1.50","","-2.20","46","766","1022","","","","1.10","","S","Небольшая облачность","2025-11-25 19:14"
"1.50","","-2.20","46","766","1022","","","","1.10","","S","Небольшая облачность","2025-11-25 19:15"
"1.50","","-2.20","46","766","1022","","","","1.10","","S","Небольшая облачность","2025-11-25 19:16"
"1.50","","-2.20","46","766","1022","","","","1.10","","S","Небольшая облачность","2025-11-25 19:17"
"1.50","","-2.20","46","766","1022","","","","1.10","","S","Небольшая облачность","2025-11-25 19:18"
"1.50","","-2.20","46","766","1022","","","","1.10","","S","Небольшая облачность","2025-11-25 19:19"
"1.50","","-2.20","46","766","1022","","","","1.10","","S","Небольшая облачность","2025-11-25 19:20"
"1.50","","-2.20","47","766","1022","","","","1.10","","S","Небольшая облачность","2025-11-25 19:21"
"1.50","","-2.20","47","766","1022","","","","1.10","","S","Небольшая облачность","2025-11-25 19:22"
"1.50","","-2.20","46","766","1022","","","","1.10","","S","Небольшая облачность","2025-11-25 19:23"
"1.50","","-2.20","47","766","1022","","","","1.10","","S","Небольшая облачность","2025-11-25 19:24"
"1.50","","-2.20","47","766","1022","","","","1.10","","S","Небольшая облачность","2025-11-25 19:25"
"1.50","","-2.20","47","766","1022","","","","1.10","","S","Небольшая облачность","2025-11-25 19:26"
"1.50","","-2.20","47","766","1022","","","","1.10","","S","Небольшая облачность","2025-11-25 19:27"
"1.50","","-2.20","47","766","1022","","","","1.10","","S","Небольшая облачность","2025-11-25 19:28"
"1.50","","-2.20","47","766","1022","","","","1.10","","S","Небольшая облачность","2025-11-25 19:29"
"1.50","","-2.20","47","766","1022","","","","1.10","","S","Небольшая облачность","2025-11-25 19:30"
"1.50","","-2.20","47","766","1022","","","","1.10","","S","Небольшая облачность","2025-11-25 19:31"
"1.50","","-2.20","47","766","1022","","","","1.10","","S","Небольшая облачность","2025-11-25 19:32"
"1.50","","-2.20","47","766","1022","","","","1.10","","S","Небольшая облачность","2025-11-25 19:33"
"1.50","","-2.20","47","766","1022","","","","1.10","","S","Небольшая облачность","2025-11-25 19:34"
"1.50","","-2.20","47","766","1022","","","","1.10","","S","Небольшая облачность","2025-11-25 19:35"
"1.40","","-2.30","47","766","1022","","","","1.10","","S","Небольшая облачность","2025-11-25 19:36"
"1.40","","-2.30","47","766","1022","","","","1.10","","S","Небольшая облачность","2025-11-25 19:37"
"1.40","","-2.30","47","766","1022","","","","1.10","","S","Небольшая облачность","2025-11-25 19:38"
"1.40","","-2.30","47","766","1022","","","","1.10","","S","Небольшая облачность","2025-11-25 19:39"
"1.40","","-2.30","47","766","1022","","","","1.10","","S","Небольшая облачность","2025-11-25 19:40"
"1.40","","-2.30","47","766","1022","","","","1.10","","S","Небольшая облачность","2025-11-25 19:41"
"1.40","","-2.30","47","766","1022","","","","1.10","","S","Небольшая облачность","2025-11-25 19:42"
"1.40","","-2.30","47","766","1022","","","","1.10","","S","Небольшая облачность","2025-11-25 19:43"
"1.40","","-2.30","47","766","1022","","","","1.10","","S","Небольшая облачность","2025-11-25 19:44"
"1.40","","-2.30","47","766","1022","","","","1.10","","S","Небольшая облачность","2025-11-25 19:45"
"1.40","","-2.30","47","766","1022","","","","1.10","","S","Небольшая облачность","2025-11-25 19:46"
"1.40","","-2.30","47","766","1022","","","","1.10","","S","Небольшая облачность","2025-11-25 19:47"
"1.40","","-2.30","47","766","1022","","","","1.10","","S","Небольшая облачность","2025-11-25 19:48"
"1.40","","-2.30","47","766","1022","","","","1.10","","S","Небольшая облачность","2025-11-25 19:49"
"1.30","","-2.40","47","766","1022","","","","1.10","","S","Небольшая облачность","2025-11-25 19:50"
"1.30","","-2.40","47","766","1022","","","","1.10","","S","Небольшая облачность","2025-11-25 19:51"
"1.30","","-2.40","47","766","1022","","","","1.10","","S","Небольшая облачность","2025-11-25 19:52"
"1.30","","-2.40","47","766","1022","","","","1.10","","S","Небольшая облачность","2025-11-25 19:53"
"1.30","","-2.40","47","766","1022","","","","1.10","","S","Небольшая облачность","2025-11-25 19:54"
"1.30","","-2.40","47","766","1022","","","","1.10","","S","Небольшая облачность","2025-11-25 19:55"
"1.20","","-2.50","47","766","1022","","","","1.10","","S","Небольшая облачность","2025-11-25 19:56"
"1.20","","-2.50","47","766","1022","","","","1.10","","S","Небольшая облачность","2025-11-25 19:57"
"1.20","","-2.60","46","766","1022","","","","1.10","","S","Небольшая облачность","2025-11-25 19:58"
"1.20","","-2.60","46","766","1022","","","","1.10","","S","Небольшая облачность","2025-11-25 19:59"
"1.10","","-2.70","46","766","1022","","","","1.10","","S","Небольшая облачность","2025-11-25 20:00"
"1.10","","-2.70","46","766","1022","","","","1.10","","S","Небольшая облачность","2025-11-25 20:01"
"1.10","","-2.70","46","766","1022","","","","1.10","","S","Небольшая облачность","2025-11-25 20:02"
"1.10","","-2.70","46","766","1022","","","","1.10","","S","Небольшая облачность","2025-11-25 20:03"
"1.10","","-2.70","46","766","1022","","","","1.10","","S","Небольшая облачность","2025-11-25 20:04"
"1.10","","-2.70","46","766","1022","","","","1.10","","S","Небольшая облачность","2025-11-25 20:05"
"1.10","","-2.70","46","766","1022","","","","1.10","","S","Небольшая облачность","2025-11-25 20:06"
"1.10","","-2.70","46","766","1022","","","","1.10","","S","Небольшая облачность","2025-11-25 20:07"
"1.00","","-2.80","46","766","1022","","","","1.10","","S","Небольшая облачность","2025-11-25 20:08"
"1.00","","-2.80","46","766","1022","","","","1.10","","S","Небольшая облачность","2025-11-25 20:09"
"1.00","","-2.80","46","766","1022","","","","1.10","","S","Небольшая облачность","2025-11-25 20:10"
"1.00","","-2.80","46","766","1022","","","","1.10","","S","Небольшая облачность","2025-11-25 20:11"
"1.00","","-2.80","46","766","1022","","","","1.10","","S","Небольшая облачность","2025-11-25 20:12"
"1.00","","-2.80","46","766","1022","","","","1.10","","S","Небольшая облачность","2025-11-25 20:13"
"1.00","","-2.80","46","766","1022","","","","1.10","","S","Небольшая облачность","2025-11-25 20:14"
"1.00","","-2.80","46","766","1022","","","","1.10","","S","Небольшая облачность","2025-11-25 20:15"
"1.00","","-2.80","46","766","1022","","","","1.10","","S","Небольшая облачность","2025-11-25 20:16"
"1.00","","-2.80","46","766","1022","","","","1.10","","S","Небольшая облачность","2025-11-25 20:17"
"1.00","","-2.80","46","766","1022","","","","1.10","","S","Небольшая облачность","2025-11-25 20:18"
"1.00","","-2.80","46","766","1022","","","","1.10","","S","Небольшая облачность","2025-11-25 20:19"
"1.00","","-2.80","46","766","1022","","","","1.10","","S","Небольшая облачность","2025-11-25 20:20"
"1.00","","-2.80","47","766","1022","","","","1.10","","S","Небольшая облачность","2025-11-25 20:21"
"1.00","","-2.80","47","766","1022","","","","1.10","","S","Небольшая облачность","2025-11-25 20:22"
"1.00","","-2.80","47","766","1022","","","","1.10","","S","Небольшая облачность","2025-11-25 20:23"
"1.00","","-2.80","47","766","1022","","","","1.10","","S","Небольшая облачность","2025-11-25 20:24"
"1.00","","-2.80","47","766","1022","","","","1.10","","S","Небольшая облачность","2025-11-25 20:25"
"1.00","","-2.80","47","766","1022","","","","1.10","","S","Небольшая облачность","2025-11-25 20:26"
"1.00","","-2.80","47","766","1022","","","","1.10","","S","Небольшая облачность","2025-11-25 20:27"
"1.00","","-2.80","47","766","1022","","","","1.10","","S","Небольшая облачность","2025-11-25 20:28"
"1.00","","-2.80","47","766","1022","","","","1.10","","S","Небольшая облачность","2025-11-25 20:29"
"1.00","","-2.80","47","766","1022","","","","1.10","","S","Небольшая облачность","2025-11-25 20:30"
"1.00","","-2.80","47","766","1022","","","","1.10","","S","Небольшая облачность","2025-11-25 20:31"
"1.00","","-2.80","47","766","1022","","","","1.10","","S","Небольшая облачность","2025-11-25 20:32"
"1.00","","-2.80","47","766","1022","","","","1.10","","S","Небольшая облачность","2025-11-25 20:33"
"1.00","","-2.80","47","766","1022","","","","1.10","","S","Небольшая облачность","2025-11-25 20:34"
"1.00","","-2.80","47","766","1022","","","","1.10","","S","Небольшая облачность","2025-11-25 20:35"
"1.00","","-2.80","47","766","1022","","","","1.10","","S","Небольшая облачность","2025-11-25 20:36"
"1.00","","-2.80","47","766","1022","","","","1.10","","S","Небольшая облачность","2025-11-25 20:37"
"1.00","","-2.80","47","766","1022","","","","1.10","","S","Небольшая облачность","2025-11-25 20:38"
"1.00","","-2.80","47","766","1022","","","","1.10","","S","Небольшая облачность","2025-11-25 20:39"
"1.00","","-2.80","47","766","1022","","","","1.10","","S","Небольшая облачность","2025-11-25 20:40"
"1.00","","-2.80","47","766","1022","","","","1.10","","S","Небольшая облачность","2025-11-25 20:41"
"1.00","","-2.80","47","766","1022","","","","1.10","","S","Небольшая облачность","2025-11-25 20:42"
"1.00","","-2.80","47","766","1022","","","","1.10","","S","Небольшая облачность","2025-11-25 20:43"
"1.00","","-2.80","47","766","1022","","","","1.10","","S","Небольшая облачность","2025-11-25 20:44"
"1.00","","-2.80","47","766","1022","","","","1.10","","S","Небольшая облачность","2025-11-25 20:45"
"1.00","","-2.80","47","766","1022","","","","1.10","","S","Небольшая облачность","2025-11-25 20:46"
"1.00","","-2.80","47","766","1022","","","","1.10","","S","Небольшая облачность","2025-11-25 20:47"
"1.00","","-2.80","47","766","1022","","","","1.10","","S","Небольшая облачность","2025-11-25 20:48"
"1.00","","-2.80","47","766","1022","","","","1.10","","S","Небольшая облачность","2025-11-25 20:49"
"1.00","","-2.80","47","766","1022","","","","1.10","","S","Небольшая облачность","2025-11-25 20:50"
"1.00","","-2.80","47","766","1022","","","","1.10","","S","Небольшая облачность","2025-11-25 20:51"
"1.00","","-2.80","47","766","1022","","","","1.10","","S","Небольшая облачность","2025-11-25 20:52"
"1.00","","-2.80","47","766","1022","","","","1.10","","S","Небольшая облачность","2025-11-25 20:53"
"1.00","","-2.80","47","766","1022","","","","1.10","","S","Небольшая облачность","2025-11-25 20:54"
"1.00","","-2.80","47","766","1022","","","","1.10","","S","Небольшая облачность","2025-11-25 20:55"
"1.00","","-2.80","47","766","1022","","","","1.10","","S","Небольшая облачность","2025-11-25 20:56"
"1.00","","-2.80","47","766","1022","","","","1.10","","S","Небольшая облачность","2025-11-25 20:57"
"1.00","","-2.80","47","766","1022","","","","1.10","","S","Небольшая облачность","2025-11-25 20:58"
"1.00","","-2.80","47","766","1022","","","","1.10","","S","Небольшая облачность","2025-11-25 20:59"
"1.00","","-2.80","47","766","1022","","","","1.10","","S","Небольшая облачность","2025-11-25 21:00"
"1.00","","-2.80","47","766","1022","","","","1.10","","S","Небольшая облачность","2025-11-25 21:01"
"1.00","","-2.80","47","766","1022","","","","1.10","","S","Небольшая облачность","2025-11-25 21:02"
"1.10","","-2.60","47","766","1022","","","","1.10","","S","Небольшая облачность","2025-11-25 21:03"
"1.10","","-2.60","47","766","1022","","","","1.10","","S","Небольшая облачность","2025-11-25 21:04"
"1.00","","-2.80","47","766","1022","","","","1.10","","S","Небольшая облачность","2025-11-25 21:05"
"1.00","","-2.80","47","766","1022","","","","1.10","","S","Небольшая облачность","2025-11-25 21:06"
"1.00","","-2.80","47","766","1022","","","","1.10","","S","Небольшая облачность","2025-11-25 21:07"
"1.00","","-2.80","47","766","1022","","","","1.10","","S","Небольшая облачность","2025-11-25 21:08"
"1.10","","-2.60","47","766","1022","","","","1.10","","S","Небольшая облачность","2025-11-25 21:09"
"1.10","","-2.60","47","766","1022","","","","1.10","","S","Небольшая облачность","2025-11-25 21:10"
"1.10","","-2.60","47","766","1022","","","","1.10","","S","Небольшая облачность","2025-11-25 21:11"
"1.10","","-2.60","47","766","1022","","","","1.10","","S","Небольшая облачность","2025-11-25 21:12"
"1.10","","-2.60","47","766","1022","","","","1.10","","S","Небольшая облачность","2025-11-25 21:13"
"1.10","","-2.60","47","766","1022","","","","1.10","","S","Небольшая облачность","2025-11-25 21:14"
"1.10","","-2.60","47","766","1022","","","","1.10","","S","Небольшая облачность","2025-11-25 21:15"
"1.10","","-2.60","47","766","1022","","","","1.10","","S","Небольшая облачность","2025-11-25 21:16"
"1.10","","-2.60","47","766","1022","","","","1.10","","S","Небольшая облачность","2025-11-25 21:17"
"1.10","","-2.60","47","766","1022","","","","1.10","","S","Небольшая облачность","2025-11-25 21:18"
"1.10","","-2.60","47","766","1022","","","","1.10","","S","Небольшая облачность","2025-11-25 21:19"
"1.10","","-2.60","47","766","1022","","","","1.10","","S","Небольшая облачность","2025-11-25 21:20"
"1.10","","-2.60","47","766","1022","","","","1.10","","S","Небольшая облачность","2025-11-25 21:21"
"1.00","","-2.80","47","766","1022","","","","1.10","","S","Небольшая облачность","2025-11-25 21:22"
"1.00","","-2.80","47","766","1022","","","","1.10","","S","Небольшая облачность","2025-11-25 21:23"
"1.00","","-2.80","47","766","1022","","","","1.10","","S","Небольшая облачность","2025-11-25 21:24"
"1.00","","-2.80","47","766","1022","","","","1.10","","S","Небольшая облачность","2025-11-25 21:25"
"1.00","","-2.80","47","766","1022","","","","1.10","","S","Небольшая облачность","2025-11-25 21:26"
"1.00","","-2.80","47","766","1022","","","","1.10","","S","Небольшая облачность","2025-11-25 21:27"
"1.00","","-2.80","47","766","1022","","","","1.10","","S","Небольшая облачность","2025-11-25 21:28"
"1.00","","-2.80","47","766","1022","","","","1.10","","S","Небольшая облачность","2025-11-25 21:29"
"1.00","","-2.80","47","766","1022","","","","1.10","","S","Небольшая облачность","2025-11-25 21:30"
"1.00","","-2.80","47","766","1022","","","","1.10","","S","Небольшая облачность","2025-11-25 21:31"
"1.00","","-2.80","47","766","1022","","","","1.10","","S","Небольшая облачность","2025-11-25 21:32"
"1.00","","-2.80","47","766","1022","","","","1.10","","S","Небольшая облачность","2025-11-25 21:33"
"1.00","","-2.80","47","766","1022","","","","1.10","","S","Небольшая облачность","2025-11-25 21:34"
"1.00","","-2.80","47","766","1022","","","","1.10","","S","Небольшая облачность","2025-11-25 21:35"
"1.00","","-2.80","47","766","1022","","","","1.10","","S","Облачно","2025-11-25 21:36"
"1.00","","-2.80","47","766","1022","","","","1.10","","S","Облачно","2025-11-25 21:37"
"1.00","","-2.80","47","766","1022","","","","1.10","","S","Облачно","2025-11-25 21:38"
"1.00","","-2.80","47","766","1022","","","","1.10","","S","Облачно","2025-11-25 21:39"
"1.00","","-2.80","47","766","1022","","","","1.10","","S","Облачно","2025-11-25 21:40"
"1.00","","-2.80","47","766","1022","","","","1.10","","S","Облачно","2025-11-25 21:41"
"1.00","","-2.80","47","766","1022","","","","1.10","","S","Облачно","2025-11-25 21:42"
"1.00","","-2.80","47","766","1022","","","","1.10","","S","Облачно","2025-11-25 21:43"
"1.00","","-2.80","47","766","1022","","","","1.10","","S","Облачно","2025-11-25 21:44"
"1.00","","-2.80","47","766","1022","","","","1.10","","S","Облачно","2025-11-25 21:45"
"1.00","","-2.80","47","766","1022","","","","1.10","","S","Облачно","2025-11-25 21:46"
"1.00","","-2.80","47","766","1022","","","","1.10","","S","Облачно","2025-11-25 21:47"
"1.00","","-2.80","47","766","1022","","","","1.10","","S","Облачно","2025-11-25 21:48"
"1.00","","-2.80","47","766","1022","","","","1.10","","S","Облачно","2025-11-25 21:49"
"0.90","","-2.90","47","766","1022","","","","1.10","","S","Облачно","2025-11-25 21:50"
"0.90","","-2.90","47","766","1022","","","","1.10","","S","Облачно","2025-11-25 21:51"
"0.90","","-2.90","47","766","1022","","","","1.10","","S","Облачно","2025-11-25 21:52"
"0.90","","-2.90","47","766","1022","","","","1.10","","S","Облачно","2025-11-25 21:53"
"0.90","","-2.90","47","766","1022","","","","1.10","","S","Облачно","2025-11-25 21:54"
"0.90","","-2.90","47","766","1022","","","","1.10","","S","Облачно","2025-11-25 21:55"
"0.90","","-2.90","47","766","1022","","","","1.10","","S","Облачно","2025-11-25 21:56"
"0.90","","-2.90","47","766","1022","","","","1.10","","S","Облачно","2025-11-25 21:57"
"0.90","","-2.90","47","766","1022","","","","1.10","","S","Облачно","2025-11-25 21:58"
"0.90","","-2.90","47","766","1022","","","","1.10","","S","Облачно","2025-11-25 21:59"
"0.90","","-2.90","47","766","1022","","","","1.10","","S","Облачно","2025-11-25 22:00"
"0.90","","-2.90","47","766","1022","","","","1.10","","S","Облачно","2025-11-25 22:01"
"1.00","","-2.80","47","766","1022","","","","1.10","","S","Облачно","2025-11-25 22:02"
"1.00","","-2.80","47","766","1022","","","","1.10","","S","Облачно","2025-11-25 22:03"
"1.00","","-2.80","47","766","1022","","","","1.10","","S","Облачно","2025-11-25 22:04"
"1.00","","-2.80","47","766","1022","","","","1.10","","S","Облачно","2025-11-25 22:05"
"1.00","","-2.80","47","765","1021","","","","1.10","","S","Облачно","2025-11-25 22:06"
"1.00","","-2.80","47","765","1021","","","","1.10","","S","Облачно","2025-11-25 22:07"
"1.00","","-2.80","47","765","1021","","","","1.10","","S","Облачно","2025-11-25 22:08"
"0.90","","-2.90","47","765","1021","","","","1.10","","S","Облачно","2025-11-25 22:09"
"0.90","","-2.90","47","765","1021","","","","1.10","","S","Облачно","2025-11-25 22:10"
"0.90","","-2.90","47","765","1021","","","","1.10","","S","Облачно","2025-11-25 22:11"
"0.90","","-2.90","47","765","1021","","","","1.10","","S","Облачно","2025-11-25 22:12"
"0.90","","-2.90","47","765","1021","","","","1.10","","S","Облачно","2025-11-25 22:13"
"0.90","","-2.90","47","765","1021","","","","1.10","","S","Облачно","2025-11-25 22:14"
"0.90","","-2.90","47","765","1021","","","","1.10","","S","Облачно","2025-11-25 22:15"
"1.00","","-2.80","47","765","1021","","","","1.10","","S","Облачно","2025-11-25 22:16"
"1.00","","-2.80","47","765","1021","","","","1.10","","S","Облачно","2025-11-25 22:17"
"1.00","","-2.80","47","765","1021","","","","1.10","","S","Облачно","2025-11-25 22:18"
"0.90","","-2.90","47","765","1021","","","","1.10","","S","Облачно","2025-11-25 22:19"
"0.90","","-2.90","47","765","1021","","","","1.10","","S","Облачно","2025-11-25 22:20"
"0.90","","-2.90","47","766","1022","","","","1.10","","S","Облачно","2025-11-25 22:21"
"1.00","","-2.80","47","766","1022","","","","1.10","","S","Облачно","2025-11-25 22:22"
"1.00","","-2.80","47","766","1022","","","","1.10","","S","Облачно","2025-11-25 22:23"
"1.00","","-2.80","47","766","1022","","","","1.10","","S","Облачно","2025-11-25 22:24"
"1.00","","-2.80","47","766","1022","","","","1.10","","S","Облачно","2025-11-25 22:25"
"1.00","","-2.80","47","766","1022","","","","1.10","","S","Облачно","2025-11-25 22:26"
"1.00","","-2.80","47","766","1022","","","","1.10","","S","Облачно","2025-11-25 22:27"
"1.00","","-2.80","47","766","1022","","","","1.10","","S","Облачно","2025-11-25 22:28"
"1.00","","-2.80","47","766","1022","","","","1.10","","S","Облачно","2025-11-25 22:29"
"1.00","","-2.80","47","766","1022","","","","1.10","","S","Облачно","2025-11-25 22:30"
"1.00","","-2.80","47","766","1022","","","","1.10","","S","Облачно","2025-11-25 22:31"
"1.00","","-2.80","47","766","1022","","","","1.10","","S","Облачно","2025-11-25 22:32"
"1.00","","-2.80","47","766","1022","","","","1.10","","S","Облачно","2025-11-25 22:33"
"1.00","","-2.80","47","766","1022","","","","1.10","","S","Облачно","2025-11-25 22:34"
"1.00","","-2.80","47","766","1022","","","","1.10","","S","Облачно","2025-11-25 22:35"
"1.00","","-2.80","47","766","1022","","","","1.10","","S","Облачно","2025-11-25 22:36"
"1.00","","-2.80","47","766","1022","","","","1.10","","S","Облачно","2025-11-25 22:37"
"1.00","","-2.80","47","766","1022","","","","1.10","","S","Облачно","2025-11-25 22:38"
"1.00","","-2.80","47","766","1022","","","","1.10","","S","Облачно","2025-11-25 22:39"
"1.00","","-2.80","47","766","1022","","","","1.10","","S","Облачно","2025-11-25 22:40"
"1.00","","-2.80","47","766","1022","","","","1.10","","S","Облачно","2025-11-25 22:41"
"1.00","","-2.80","47","766","1022","","","","1.10","","S","Облачно","2025-11-25 22:42"
"1.00","","-2.80","47","766","1022","","","","1.10","","S","Облачно","2025-11-25 22:43"
"1.00","","-2.80","47","766","1022","","","","1.10","","S","Облачно","2025-11-25 22:44"
"1.00","","-2.80","47","766","1022","","","","1.10","","S","Облачно","2025-11-25 22:45"
"1.00","","-2.80","47","766","1022","","","","1.10","","S","Облачно","2025-11-25 22:46"
"1.00","","-2.80","47","766","1022","","","","1.10","","S","Облачно","2025-11-25 22:47"
"1.00","","-2.80","47","766","1022","","","","1.10","","S","Облачно","2025-11-25 22:48"
"1.00","","-2.80","47","766","1022","","","","1.10","","S","Облачно","2025-11-25 22:49"
"1.00","","-2.80","47","766","1022","","","","1.10","","S","Облачно","2025-11-25 22:50"
"1.00","","-2.80","47","766","1022","","","","1.10","","S","Облачно","2025-11-25 22:51"
"1.00","","-2.80","47","766","1022","","","","1.10","","S","Облачно","2025-11-25 22:52"
"1.00","","-2.80","47","766","1022","","","","1.10","","S","Облачно","2025-11-25 22:53"
"1.00","","-2.80","47","766","1022","","","","1.10","","S","Облачно","2025-11-25 22:54"
"1.00","","-2.80","47","766","1022","","","","1.10","","S","Облачно","2025-11-25 22:55"
"1.00","","-2.80","47","766","1022","","","","1.10","","S","Облачно","2025-11-25 22:56"
"1.00","","-2.80","47","766","1022","","","","1.10","","S","Облачно","2025-11-25 22:57"
"1.00","","-2.80","47","766","1022","","","","1.10","","S","Облачно","2025-11-25 22:58"
"1.00","","-2.80","47","766","1022","","","","1.10","","S","Облачно","2025-11-25 22:59"
"1.00","","-2.80","47","766","1022","","","","1.10","","S","Облачно","2025-11-25 23:00"
"1.00","","-2.80","47","766","1022","","","","1.10","","S","Облачно","2025-11-25 23:01"
"1.00","","-2.80","47","766","1022","","","","1.10","","S","Облачно","2025-11-25 23:02"
"1.00","","-2.80","47","766","1022","","","","1.10","","S","Облачно","2025-11-25 23:03"
"1.00","","-2.80","47","766","1022","","","","1.10","","S","Облачно","2025-11-25 23:04"
"1.00","","-2.80","47","766","1022","","","","1.10","","S","Облачно","2025-11-25 23:05"
"1.00","","-2.80","47","766","1022","","","","1.10","","S","Облачно","2025-11-25 23:06"
"1.00","","-2.80","47","766","1022","","","","1.10","","S","Облачно","2025-11-25 23:07"
"1.00","","-2.80","47","766","1022","","","","1.10","","S","Облачно","2025-11-25 23:08"
"1.10","","-2.60","47","766","1022","","","","1.10","","S","Облачно","2025-11-25 23:09"
"1.10","","-2.60","47","766","1022","","","","1.10","","S","Облачно","2025-11-25 23:10"
"1.10","","-2.60","48","766","1022","","","","1.10","","S","Облачно","2025-11-25 23:11"
"1.10","","-2.60","48","766","1022","","","","1.10","","S","Облачно","2025-11-25 23:12"
"1.10","","-2.60","48","766","1022","","","","1.10","","S","Облачно","2025-11-25 23:13"
"1.10","","-2.60","48","766","1022","","","","1.10","","S","Облачно","2025-11-25 23:14"
"1.10","","-2.60","48","766","1022","","","","1.10","","S","Облачно","2025-11-25 23:15"
"1.10","","-2.60","48","766","1022","","","","1.10","","S","Облачно","2025-11-25 23:16"
"1.10","","-2.60","47","766","1022","","","","1.10","","S","Облачно","2025-11-25 23:17"
"1.10","","-2.60","47","766","1022","","","","1.10","","S","Облачно","2025-11-25 23:18"
"1.10","","-2.60","47","766","1022","","","","1.10","","S","Облачно","2025-11-25 23:19"
"1.10","","-2.60","47","766","1022","","","","1.10","","S","Облачно","2025-11-25 23:20"
"1.10","","-2.60","47","766","1022","","","","1.10","","S","Облачно","2025-11-25 23:21"
"1.00","","-2.80","47","767","1023","","","","1.10","","S","Облачно","2025-11-25 23:22"
"0.90","","-2.90","47","767","1023","","","","1.10","","S","Облачно","2025-11-25 23:23"
"0.90","","-2.90","47","767","1023","","","","1.10","","S","Облачно","2025-11-25 23:24"
"0.90","","-2.90","47","767","1023","","","","1.10","","S","Облачно","2025-11-25 23:25"
"0.90","","-2.90","47","767","1023","","","","1.10","","S","Облачно","2025-11-25 23:26"
"0.90","","-2.90","47","767","1023","","","","1.10","","S","Облачно","2025-11-25 23:27"
"0.90","","-2.90","47","767","1023","","","","1.10","","S","Облачно","2025-11-25 23:28"
"0.90","","-2.90","47","767","1023","","","","1.10","","S","Облачно","2025-11-25 23:29"
"0.90","","-2.90","47","767","1023","","","","1.10","","S","Облачно","2025-11-25 23:30"
"0.90","","-2.90","47","767","1023","","","","1.10","","S","Облачно","2025-11-25 23:31"
"0.90","","-2.90","47","767","1023","","","","1.10","","S","Облачно","2025-11-25 23:32"
"0.90","","-2.90","47","767","1023","","","","1.10","","S","Облачно","2025-11-25 23:33"
"0.90","","-2.90","47","767","1023","","","","1.10","","S","Облачно","2025-11-25 23:34"
"0.90","","-2.90","47","767","1023","","","","1.10","","S","Облачно","2025-11-25 23:35"
"0.90","","-2.90","47","767","1023","","","","1.10","","S","Облачно","2025-11-25 23:36"
"0.90","","-2.90","47","767","1023","","","","1.10","","S","Облачно","2025-11-25 23:37"
"0.90","","-2.90","47","767","1023","","","","1.10","","S","Облачно","2025-11-25 23:38"
"0.90","","-2.90","47","767","1023","","","","1.10","","S","Облачно","2025-11-25 23:39"
"0.90","","-2.90","47","767","1023","","","","1.10","","S","Облачно","2025-11-25 23:40"
"0.90","","-2.90","47","767","1023","","","","1.10","","S","Облачно","2025-11-25 23:41"
"0.90","","-2.90","47","767","1023","","","","1.10","","S","Облачно","2025-11-25 23:42"
"0.90","","-2.90","47","767","1023","","","","1.10","","S","Облачно","2025-11-25 23:43"
"0.90","","-2.90","47","767","1023","","","","1.10","","S","Облачно","2025-11-25 23:44"
"0.80","","-3.00","47","767","1023","","","","1.10","","S","Облачно","2025-11-25 23:45"
"0.80","","-3.00","47","767","1023","","","","1.10","","S","Облачно","2025-11-25 23:46"
"0.80","","-3.00","47","767","1023","","","","1.10","","S","Облачно","2025-11-25 23:47"
"0.80","","-3.00","47","767","1023","","","","1.10","","S","Облачно","2025-11-25 23:48"
"0.80","","-3.00","47","767","1023","","","","1.10","","S","Облачно","2025-11-25 23:49"
"0.70","","-3.10","47","767","1023","","","","1.10","","S","Облачно","2025-11-25 23:50"
"0.70","","-3.10","47","767","1023","","","","1.10","","S","Облачно","2025-11-25 23:51"
"0.70","","-3.10","47","767","1023","","","","1.10","","S","Облачно","2025-11-25 23:52"
"0.70","","-3.10","47","767","1023","","","","1.10","","S","Облачно","2025-11-25 23:53"
"0.60","","-3.20","47","767","1023","","","","1.10","","S","Облачно","2025-11-25 23:54"
"0.60","","-3.20","47","767","1023","","","","1.10","","S","Облачно","2025-11-25 23:55"
"0.60","","-3.20","47","767","1023","","","","1.10","","S","Облачно","2025-11-25 23:56"
"0.60","","-3.20","47","767","1023","","","","1.10","","S","Облачно","2025-11-25 23:57"
"0.60","","-3.20","47","767","1023","","","","1.10","","S","Облачно","2025-11-25 23:58"
"0.60","","-3.20","47","767","1023","","","","1.10","","S","Облачно","2025-11-25 23:59"