"Temp","Temp Water","Temp Feels Like","Humidity","Pressure Mm","Pressure Hpa","Precip Mm","Precip Type","Precip Intensity","Wind Speed Ms","Wind Gust Speed Ms","Wind Dir","Condition","Created At"
"-3.20","","-7.10","58","766","1022","","","","1.10","","SSW","Переменная облачность","2025-12-17 00:00"
"-3.20","","-7.60","58","766","1022","","","","1.90","","SSW","Переменная облачность","2025-12-17 00:01"
"-3.20","","-7.10","58","766","1022","","","","1.20","","SSW","Переменная облачность","2025-12-17 00:02"
"-3.20","","-7.10","58","766","1022","","","","1.20","","SSW","Переменная облачность","2025-12-17 00:03"
"-3.10","","-6.40","58","766","1022","","","","1.00","","SSW","Переменная облачность","2025-12-17 00:04"
"-3.10","","-7.10","58","766","1022","","","","1.40","","SSW","Переменная облачность","2025-12-17 00:05"
"-3.10","","-7.10","58","767","1023","","","","1.40","","SSW","Переменная облачность","2025-12-17 00:06"
"-3.10","","-7.10","58","767","1023","","","","1.40","","SSW","Переменная облачность","2025-12-17 00:07"
"-3.00","","-7.00","58","767","1023","","","","1.30","","SSW","Переменная облачность","2025-12-17 00:08"
"-3.00","","-7.00","58","767","1023","","","","1.30","","SSW","Переменная облачность","2025-12-17 00:09"
"-3.00","","-6.80","58","767","1023","","","","1.00","","SSW","Переменная облачность","2025-12-17 00:10"
"-3.00","","-6.80","58","767","1023","","","","1.00","","SSW","Переменная облачность","2025-12-17 00:11"
"-2.90","","-6.80","59","767","1023","","","","1.20","","SSW","Переменная облачность","2025-12-17 00:12"
"-2.90","","-6.80","59","767","1023","","","","1.10","","SSW","Переменная облачность","2025-12-17 00:13"
"-2.90","","-6.80","59","767","1023","","","","1.10","","SSW","Переменная облачность","2025-12-17 00:14"
"-2.90","","-7.20","59","767","1023","","","","0.90","","SSW","Переменная облачность","2025-12-17 00:15"
"-2.90","","-7.20","59","767","1023","","","","0.90","","SSW","Переменная облачность","2025-12-17 00:16"
"-2.80","","-7.00","59","767","1023","","","","1.70","","SSW","Переменная облачность","2025-12-17 00:17"
"-2.80","","-7.00","59","767","1023","","","","1.70","","SSW","Переменная облачность","2025-12-17 00:18"
"-2.80","","-7.00","59","767","1023","","","","1.70","","SSW","Переменная облачность","2025-12-17 00:19"
"-2.80","","-6.90","59","767","1023","","","","1.30","","SSW","Переменная облачность","2025-12-17 00:20"
"-2.80","","-6.70","59","767","1023","","","","1.20","","SSW","Переменная облачность","2025-12-17 00:21"
"-2.80","","-6.70","59","767","1023","","","","1.30","","SSW","Переменная облачность","2025-12-17 00:22"
"-2.80","","-6.70","59","767","1023","","","","1.20","","SSW","Переменная облачность","2025-12-17 00:23"
"-2.70","","-6.40","59","767","1023","","","","1.00","","SSW","Переменная облачность","2025-12-17 00:24"
"-2.70","","-6.40","59","767","1023","","","","1.00","","SSW","Переменная облачность","2025-12-17 00:25"
"-2.70","","-7.00","59","767","1023","","","","2.60","","SSW","Переменная облачность","2025-12-17 00:26"
"-2.70","","-7.50","59","767","1023","","","","2.60","","SSW","Переменная облачность","2025-12-17 00:27"
"-2.60","","-6.90","60","767","1023","","","","1.80","","SSW","Переменная облачность","2025-12-17 00:28"
"-2.60","","-6.90","60","767","1023","","","","1.80","","SSW","Переменная облачность","2025-12-17 00:29"
"-2.60","","-6.90","60","767","1023","","","","1.90","","SSW","Переменная облачность","2025-12-17 00:30"
"-2.60","","-6.90","60","767","1023","","","","1.90","","SSW","Переменная облачность","2025-12-17 00:31"
"-2.60","","-6.90","60","767","1023","","","","1.90","","SSW","Переменная облачность","2025-12-17 00:32"
"-2.60","","-6.90","60","767","1023","","","","1.70","","SSW","Переменная облачность","2025-12-17 00:33"
"-2.60","","-6.90","60","767","1023","","","","1.70","","SSW","Переменная облачность","2025-12-17 00:34"
"-2.50","","-6.70","60","767","1023","","","","1.70","","SSW","Переменная облачность","2025-12-17 00:35"
"-2.50","","-6.70","60","767","1023","","","","1.70","","SSW","Переменная облачность","2025-12-17 00:36"
"-2.50","","-6.10","60","766","1022","","","","1.30","","SSW","Переменная облачность","2025-12-17 00:37"
"-2.50","","-6.40","60","766","1022","","","","0.60","","SSW","Переменная облачность","2025-12-17 00:38"
"-2.50","","-6.40","60","766","1022","","","","0.60","","SSW","Переменная облачность","2025-12-17 00:39"
"-2.50","","-5.50","60","766","1022","","","","1.20","","SSW","Переменная облачность","2025-12-17 00:40"
"-2.50","","-5.50","60","766","1022","","","","1.20","","SSW","Переменная облачность","2025-12-17 00:41"
"-2.40","","-6.20","60","766","1022","","","","1.50","","SSW","Переменная облачность","2025-12-17 00:42"
"-2.40","","-6.20","60","766","1022","","","","1.10","","SSW","Переменная облачность","2025-12-17 00:43"
"-2.40","","-6.20","60","766","1022","","","","1.10","","SSW","Переменная облачность","2025-12-17 00:44"
"-2.40","","-7.70","60","766","1022","","","","1.50","","SSW","Переменная облачность","2025-12-17 00:45"
"-2.40","","-7.70","60","766","1022","","","","1.50","","SSW","Переменная облачность","2025-12-17 00:46"
"-2.40","","-6.40","60","766","1022","","","","1.50","","SSW","Переменная облачность","2025-12-17 00:47"
"-2.40","","-6.10","60","766","1022","","","","1.00","","SSW","Переменная облачность","2025-12-17 00:48"
"-2.40","","-6.10","60","766","1022","","","","1.00","","SSW","Переменная облачность","2025-12-17 00:49"
"-2.40","","-6.10","60","766","1022","","","","1.60","","SSW","Переменная облачность","2025-12-17 00:50"
"-2.40","","-6.50","60","766","1022","","","","1.40","","SSW","Переменная облачность","2025-12-17 00:51"
"-2.40","","-6.50","60","766","1022","","","","1.40","","SSW","Переменная облачность","2025-12-17 00:52"
"-2.40","","-6.50","60","766","1022","","","","0.50","","SSW","Переменная облачность","2025-12-17 00:53"
"-2.30","","-6.00","60","766","1022","","","","1.10","","SSW","Переменная облачность","2025-12-17 00:54"
"-2.30","","-6.00","60","766","1022","","","","1.10","","SSW","Переменная облачность","2025-12-17 00:55"
"-2.30","","-6.00","60","766","1022","","","","1.10","","SSW","Переменная облачность","2025-12-17 00:56"
"-2.20","","-6.40","60","766","1022","","","","1.80","","SSW","Переменная облачность","2025-12-17 00:57"
"-2.20","","-5.60","60","766","1022","","","","0.60","","SSW","Переменная облачность","2025-12-17 00:58"
"-2.20","","-5.60","61","766","1022","","","","0.60","","SSW","Переменная облачность","2025-12-17 00:59"
"-2.20","","-5.60","61","766","1022","","","","1.00","","SSW","Переменная облачность","2025-12-17 01:00"
"-2.20","","-5.60","61","766","1022","","","","1.40","","SSW","Переменная облачность","2025-12-17 01:01"
"-2.20","","-5.80","61","766","1022","","","","0.90","","SSW","Переменная облачность","2025-12-17 01:02"
"-2.10","","-5.90","61","766","1022","","","","1.20","","SSW","Переменная облачность","2025-12-17 01:03"
"-2.10","","-5.90","61","766","1022","","","","1.20","","SSW","Переменная облачность","2025-12-17 01:04"
"-2.10","","-6.00","61","766","1022","","","","1.30","","SSW","Переменная облачность","2025-12-17 01:05"
"-2.10","","-5.70","61","766","1022","","","","1.00","","SSW","Переменная облачность","2025-12-17 01:06"
"-2.10","","-5.70","61","766","1022","","","","2.00","","SSW","Переменная облачность","2025-12-17 01:07"
"-2.10","","-5.70","61","766","1022","","","","2.00","","SSW","Переменная облачность","2025-12-17 01:08"
"-2.00","","-5.60","61","766","1022","","","","1.00","","SSW","Переменная облачность","2025-12-17 01:09"
"-2.00","","-6.20","61","766","1022","","","","1.80","","SSW","Переменная облачность","2025-12-17 01:10"
"-2.00","","-6.20","61","766","1022","","","","1.80","","SSW","Переменная облачность","2025-12-17 01:11"
"-2.00","","-5.80","61","766","1022","","","","1.50","","SSW","Переменная облачность","2025-12-17 01:12"
"-2.00","","-6.00","61","766","1022","","","","1.50","","SSW","Переменная облачность","2025-12-17 01:13"
"-2.00","","-6.00","62","766","1022","","","","2.40","","SSW","Переменная облачность","2025-12-17 01:14"
"-1.90","","-6.50","62","766","1022","","","","2.60","","SSW","Переменная облачность","2025-12-17 01:15"
"-1.90","","-6.60","62","766","1022","","","","0.90","","SSW","Переменная облачность","2025-12-17 01:16"
"-1.90","","-5.30","62","766","1022","","","","0.70","","SSW","Переменная облачность","2025-12-17 01:17"
"-1.90","","-5.20","62","766","1022","","","","0.60","","SSW","Переменная облачность","2025-12-17 01:18"
"-1.90","","-5.30","62","766","1022","","","","0.70","","SSW","Переменная облачность","2025-12-17 01:19"
"-1.90","","-5.30","62","766","1022","","","","0.70","","SSW","Переменная облачность","2025-12-17 01:20"
"-1.90","","-5.30","62","766","1022","","","","1.70","","SSW","Переменная облачность","2025-12-17 01:21"
"-1.90","","-6.00","62","766","1022","","","","1.70","","SSW","Переменная облачность","2025-12-17 01:22"
"-1.90","","-6.00","62","766","1022","","","","1.70","","SSW","Переменная облачность","2025-12-17 01:23"
"-1.90","","-5.70","62","766","1022","","","","1.30","","SSW","Переменная облачность","2025-12-17 01:24"
"-1.90","","-5.70","62","766","1022","","","","1.30","","SSW","Переменная облачность","2025-12-17 01:25"
"-1.90","","-6.50","62","766","1022","","","","2.40","","SSW","Переменная облачность","2025-12-17 01:26"
"-1.90","","-6.50","62","766","1022","","","","1.40","","SSW","Переменная облачность","2025-12-17 01:27"
"-1.90","","-5.80","62","766","1022","","","","1.10","","SSW","Переменная облачность","2025-12-17 01:28"
"-1.90","","-5.80","62","766","1022","","","","1.50","","SSW","Переменная облачность","2025-12-17 01:29"
"-1.90","","-5.90","62","766","1022","","","","0.70","","SSW","Переменная облачность","2025-12-17 01:30"
"-1.90","","-5.30","62","766","1022","","","","0.60","","SSW","Переменная облачность","2025-12-17 01:31"
"-1.90","","-5.20","62","766","1022","","","","0.90","","SSW","Переменная облачность","2025-12-17 01:32"
"-1.90","","-5.20","62","766","1022","","","","0.90","","SSW","Переменная облачность","2025-12-17 01:33"
"-1.80","","-6.00","62","766","1022","","","","1.40","","SSW","Переменная облачность","2025-12-17 01:34"
"-1.80","","-5.70","62","766","1022","","","","1.70","","SSW","Переменная облачность","2025-12-17 01:35"
"-1.80","","-5.90","62","765","1021","","","","0.60","","SSW","Переменная облачность","2025-12-17 01:36"
"-1.80","","-5.10","62","765","1021","","","","1.20","","SSW","Переменная облачность","2025-12-17 01:37"
"-1.80","","-5.50","62","765","1021","","","","1.20","","SSW","Переменная облачность","2025-12-17 01:38"
"-1.80","","-5.50","62","765","1021","","","","1.20","","SSW","Переменная облачность","2025-12-17 01:39"
"-1.80","","-5.40","62","765","1021","","","","1.00","","SSW","Переменная облачность","2025-12-17 01:40"
"-1.80","","-5.40","62","765","1021","","","","1.00","","SSW","Переменная облачность","2025-12-17 01:41"
"-1.80","","-5.80","62","765","1021","","","","1.50","","SSW","Переменная облачность","2025-12-17 01:42"
"-1.80","","-5.80","62","765","1021","","","","1.30","","SSW","Переменная облачность","2025-12-17 01:43"
"-1.80","","-5.60","62","765","1021","","","","1.30","","SSW","Переменная облачность","2025-12-17 01:44"
"-1.80","","-5.60","62","765","1021","","","","1.30","","SSW","Переменная облачность","2025-12-17 01:45"
"-1.80","","-5.60","62","765","1021","","","","1.30","","SSW","Переменная облачность","2025-12-17 01:46"
"-1.80","","-5.70","62","765","1021","","","","1.40","","SSW","Переменная облачность","2025-12-17 01:47"
"-1.80","","-5.70","62","765","1021","","","","1.40","","SSW","Переменная облачность","2025-12-17 01:48"
"-1.70","","-5.00","62","765","1021","","","","0.60","","SSW","Переменная облачность","2025-12-17 01:49"
"-1.70","","-5.00","62","765","1021","","","","0.60","","SSW","Переменная облачность","2025-12-17 01:50"
"-1.70","","-5.70","62","766","1022","","","","2.10","","SSW","Переменная облачность","2025-12-17 01:51"
"-1.70","","-6.10","62","766","1022","","","","0.60","","SSW","Переменная облачность","2025-12-17 01:52"
"-1.70","","-6.10","62","766","1022","","","","0.60","","SSW","Переменная облачность","2025-12-17 01:53"
"-1.70","","-5.80","62","766","1022","","","","1.70","","SSW","Переменная облачность","2025-12-17 01:54"
"-1.70","","-5.80","62","766","1022","","","","1.70","","SSW","Переменная облачность","2025-12-17 01:55"
"-1.70","","-5.40","62","766","1022","","","","1.20","","SSW","Переменная облачность","2025-12-17 01:56"
"-1.70","","-5.40","63","766","1022","","","","1.00","","SSW","Переменная облачность","2025-12-17 01:57"
"-1.60","","-5.20","63","766","1022","","","","1.30","","SSW","Переменная облачность","2025-12-17 01:58"
"-1.60","","-5.40","63","766","1022","","","","1.30","","SSW","Переменная облачность","2025-12-17 01:59"
"-1.60","","-5.60","63","766","1022","","","","1.60","","SSW","Переменная облачность","2025-12-17 02:00"
"-1.60","","-5.60","63","766","1022","","","","1.50","","SSW","Переменная облачность","2025-12-17 02:01"
"-1.60","","-5.50","63","766","1022","","","","1.50","","SSW","Переменная облачность","2025-12-17 02:02"
"-1.60","","-5.30","63","766","1022","","","","1.20","","SSW","Переменная облачность","2025-12-17 02:03"
"-1.60","","-5.30","63","766","1022","","","","1.20","","SSW","Переменная облачность","2025-12-17 02:04"
"-1.60","","-5.00","63","766","1022","","","","1.00","","SSW","Переменная облачность","2025-12-17 02:05"
"-1.60","","-5.00","63","766","1022","","","","1.00","","SSW","Небольшая облачность","2025-12-17 02:06"
"-1.60","","-5.60","63","766","1022","","","","1.00","","SSW","Небольшая облачность","2025-12-17 02:07"
"-1.50","","-5.10","63","766","1022","","","","1.10","","SSW","Небольшая облачность","2025-12-17 02:08"
"-1.50","","-5.10","63","766","1022","","","","1.10","","SSW","Небольшая облачность","2025-12-17 02:09"
"-1.50","","-5.30","63","766","1022","","","","0.90","","SSW","Небольшая облачность","2025-12-17 02:10"
"-1.50","","-5.30","63","766","1022","","","","0.90","","SSW","Небольшая облачность","2025-12-17 02:11"
"-1.50","","-5.00","63","766","1022","","","","0.90","","SSW","Небольшая облачность","2025-12-17 02:12"
"-1.50","","-5.00","63","766","1022","","","","0.90","","SSW","Небольшая облачность","2025-12-17 02:13"
"-1.50","","-5.70","63","766","1022","","","","1.50","","SSW","Небольшая облачность","2025-12-17 02:14"
"-1.50","","-5.40","63","766","1022","","","","1.50","","SSW","Небольшая облачность","2025-12-17 02:15"
"-1.50","","-4.90","63","766","1022","","","","1.80","","SSW","Небольшая облачность","2025-12-17 02:16"
"-1.50","","-5.40","63","766","1022","","","","1.50","","SSW","Небольшая облачность","2025-12-17 02:17"
"-1.50","","-5.40","63","766","1022","","","","2.70","","SSW","Небольшая облачность","2025-12-17 02:18"
"-1.50","","-5.40","63","766","1022","","","","0.70","","SSW","Небольшая облачность","2025-12-17 02:19"
"-1.40","","-5.10","63","766","1022","","","","1.20","","SSW","Небольшая облачность","2025-12-17 02:20"
"-1.40","","-5.10","63","766","1022","","","","1.70","","SSW","Небольшая облачность","2025-12-17 02:21"
"-1.40","","-5.40","63","766","1022","","","","1.20","","SSW","Небольшая облачность","2025-12-17 02:22"
"-1.40","","-5.10","63","766","1022","","","","2.60","","SSW","Небольшая облачность","2025-12-17 02:23"
"-1.40","","-5.20","63","766","1022","","","","1.40","","SSW","Небольшая облачность","2025-12-17 02:24"
"-1.40","","-5.10","63","766","1022","","","","1.20","","SSW","Небольшая облачность","2025-12-17 02:25"
"-1.40","","-5.10","63","766","1022","","","","1.20","","SSW","Небольшая облачность","2025-12-17 02:26"
"-1.40","","-5.10","63","766","1022","","","","1.20","","SSW","Небольшая облачность","2025-12-17 02:27"
"-1.40","","-5.10","63","766","1022","","","","1.20","","SSW","Небольшая облачность","2025-12-17 02:28"
"-1.30","","-4.60","63","766","1022","","","","1.50","","SSW","Небольшая облачность","2025-12-17 02:29"
"-1.30","","-5.20","63","766","1022","","","","1.50","","SSW","Небольшая облачность","2025-12-17 02:30"
"-1.30","","-5.30","63","766","1022","","","","1.50","","SSW","Небольшая облачность","2025-12-17 02:31"
"-1.30","","-5.00","63","766","1022","","","","1.20","","SSW","Небольшая облачность","2025-12-17 02:32"
"-1.30","","-5.00","63","766","1022","","","","1.20","","SSW","Небольшая облачность","2025-12-17 02:33"
"-1.30","","-5.00","63","766","1022","","","","1.90","","SSW","Небольшая облачность","2025-12-17 02:34"
"-1.30","","-5.50","63","766","1022","","","","1.90","","SSW","Небольшая облачность","2025-12-17 02:35"
"-1.30","","-4.60","63","766","1022","","","","0.70","","SSW","Небольшая облачность","2025-12-17 02:36"
"-1.20","","-4.50","63","766","1022","","","","1.00","","SSW","Небольшая облачность","2025-12-17 02:37"
"-1.20","","-4.70","63","766","1022","","","","1.80","","SSW","Небольшая облачность","2025-12-17 02:38"
"-1.20","","-5.30","63","766","1022","","","","1.80","","SSW","Небольшая облачность","2025-12-17 02:39"
"-1.20","","-4.80","63","766","1022","","","","1.10","","SSW","Небольшая облачность","2025-12-17 02:40"
"-1.20","","-4.80","63","766","1022","","","","2.00","","SSW","Небольшая облачность","2025-12-17 02:41"
"-1.20","","-4.50","63","766","1022","","","","0.70","","SSW","Небольшая облачность","2025-12-17 02:42"
"-1.20","","-4.50","63","766","1022","","","","0.70","","SSW","Небольшая облачность","2025-12-17 02:43"
"-1.10","","-4.60","63","766","1022","","","","1.00","","SSW","Небольшая облачность","2025-12-17 02:44"
"-1.20","","-4.70","63","766","1022","","","","1.00","","SSW","Небольшая облачность","2025-12-17 02:45"
"-1.10","","-4.60","63","766","1022","","","","1.00","","SSW","Небольшая облачность","2025-12-17 02:46"
"-1.10","","-4.70","63","766","1022","","","","1.10","","SSW","Небольшая облачность","2025-12-17 02:47"
"-1.10","","-4.70","63","766","1022","","","","1.10","","SSW","Небольшая облачность","2025-12-17 02:48"
"-1.10","","-4.70","63","766","1022","","","","1.00","","SSW","Небольшая облачность","2025-12-17 02:49"
"-1.10","","-4.70","63","766","1022","","","","0.90","","SSW","Небольшая облачность","2025-12-17 02:50"
"-1.10","","-4.60","63","765","1021","","","","1.10","","SSW","Небольшая облачность","2025-12-17 02:51"
"-1.10","","-4.60","63","765","1021","","","","1.10","","SSW","Небольшая облачность","2025-12-17 02:52"
"-1.10","","-4.30","63","765","1021","","","","0.60","","SSW","Небольшая облачность","2025-12-17 02:53"
"-1.10","","-5.70","63","765","1021","","","","2.60","","SSW","Небольшая облачность","2025-12-17 02:54"
"-1.10","","-4.90","63","765","1021","","","","1.40","","SSW","Небольшая облачность","2025-12-17 02:55"
"-1.10","","-4.90","63","765","1021","","","","1.40","","SSW","Небольшая облачность","2025-12-17 02:56"
"-1.10","","-4.90","63","765","1021","","","","1.40","","SSW","Небольшая облачность","2025-12-17 02:57"
"-1.10","","-4.70","63","765","1021","","","","1.10","","SSW","Небольшая облачность","2025-12-17 02:58"
"-1.10","","-4.70","63","765","1021","","","","1.50","","SSW","Небольшая облачность","2025-12-17 02:59"
"-1.10","","-5.00","63","765","1021","","","","1.50","","SSW","Небольшая облачность","2025-12-17 03:00"
"-1.10","","-5.00","63","765","1021","","","","0.90","","SSW","Небольшая облачность","2025-12-17 03:01"
"-1.10","","-4.90","63","765","1021","","","","1.40","","SSW","Небольшая облачность","2025-12-17 03:02"
"-1.10","","-4.90","63","765","1021","","","","2.60","","SSW","Небольшая облачность","2025-12-17 03:03"
"-1.10","","-4.90","63","765","1021","","","","1.80","","SSW","Небольшая облачность","2025-12-17 03:04"
"-1.00","","-5.10","63","765","1021","","","","1.60","","SSW","Небольшая облачность","2025-12-17 03:05"
"-1.00","","-4.90","63","765","1021","","","","1.60","","SSW","Небольшая облачность","2025-12-17 03:06"
"-1.00","","-4.90","64","765","1021","","","","2.40","","SSW","Небольшая облачность","2025-12-17 03:07"
"-1.00","","-5.50","64","765","1021","","","","2.10","","SSW","Небольшая облачность","2025-12-17 03:08"
"-1.00","","-4.80","64","765","1021","","","","1.50","","SSW","Небольшая облачность","2025-12-17 03:09"
"-1.00","","-5.10","64","765","1021","","","","1.80","","SSW","Небольшая облачность","2025-12-17 03:10"
"-1.00","","-5.10","64","765","1021","","","","1.80","","SSW","Облачно","2025-12-17 03:11"
"-1.00","","-5.10","64","765","1021","","","","2.50","","SSW","Облачно","2025-12-17 03:12"
"-1.00","","-5.50","64","765","1021","","","","1.20","","SSW","Облачно","2025-12-17 03:13"
"-1.00","","-4.30","64","765","1021","","","","0.70","","SSW","Облачно","2025-12-17 03:14"
"-1.00","","-4.30","64","765","1021","","","","1.70","","SSW","Облачно","2025-12-17 03:15"
"-1.00","","-4.30","64","765","1021","","","","1.70","","SSW","Облачно","2025-12-17 03:16"
"-1.00","","-4.30","64","765","1021","","","","0.70","","SSW","Облачно","2025-12-17 03:17"
"-1.00","","-4.10","64","765","1021","","","","0.50","","SSW","Облачно","2025-12-17 03:18"
"-1.00","","-4.10","64","765","1021","","","","0.40","","SSW","Облачно","2025-12-17 03:19"
"-1.00","","-4.10","64","765","1021","","","","1.10","","SSW","Облачно","2025-12-17 03:20"
"-0.90","","-4.50","64","765","1020","","","","1.80","","SSW","Облачно","2025-12-17 03:21"
"-0.90","","-4.50","64","765","1020","","","","1.80","","SSW","Облачно","2025-12-17 03:22"
"-0.90","","-4.30","64","765","1020","","","","0.60","","SSW","Облачно","2025-12-17 03:23"
"-0.90","","-3.70","64","765","1020","","","","0.00","","SSW","Облачно","2025-12-17 03:24"
"-0.90","","-4.00","64","765","1020","","","","0.40","","SSW","Облачно","2025-12-17 03:25"
"-0.90","","-4.00","64","765","1020","","","","0.40","","SSW","Облачно","2025-12-17 03:26"
"-0.90","","-3.70","64","765","1020","","","","0.00","","SSW","Облачно","2025-12-17 03:27"
"-0.90","","-3.70","64","765","1020","","","","0.00","","SSW","Облачно","2025-12-17 03:28"
"-0.90","","-3.70","64","765","1020","","","","0.00","","SSW","Облачно","2025-12-17 03:29"
"-0.90","","-3.70","64","765","1020","","","","0.50","","SSW","Облачно","2025-12-17 03:30"
"-0.90","","-4.00","64","765","1020","","","","0.90","","SSW","Облачно","2025-12-17 03:31"
"-0.90","","-4.30","64","765","1020","","","","0.90","","SSW","Облачно","2025-12-17 03:32"
"-0.90","","-4.30","64","765","1020","","","","0.90","","SSW","Облачно","2025-12-17 03:33"
"-0.90","","-4.40","64","765","1020","","","","1.00","","SSW","Облачно","2025-12-17 03:34"
"-0.90","","-4.40","64","765","1020","","","","1.00","","SSW","Облачно","2025-12-17 03:35"
"-0.90","","-4.00","64","765","1021","","","","1.40","","SSW","Облачно","2025-12-17 03:36"
"-0.90","","-4.00","64","765","1021","","","","1.10","","SSW","Облачно","2025-12-17 03:37"
"-0.90","","-4.50","64","765","1021","","","","2.00","","SSW","Облачно","2025-12-17 03:38"
"-0.90","","-4.50","64","765","1021","","","","2.00","","SSW","Облачно","2025-12-17 03:39"
"-0.80","","-5.00","65","765","1021","","","","2.00","","SSW","Облачно","2025-12-17 03:40"
"-0.80","","-4.80","65","765","1021","","","","1.60","","SSW","Облачно","2025-12-17 03:41"
"-0.80","","-4.80","65","765","1021","","","","1.60","","SSW","Облачно","2025-12-17 03:42"
"-0.80","","-4.70","65","765","1021","","","","1.10","","SSW","Облачно","2025-12-17 03:43"
"-0.80","","-4.70","65","765","1021","","","","1.10","","SSW","Облачно","2025-12-17 03:44"
"-0.80","","-4.30","65","765","1021","","","","1.10","","SSW","Облачно","2025-12-17 03:45"
"-0.80","","-4.30","65","765","1021","","","","1.10","","SSW","Облачно","2025-12-17 03:46"
"-0.80","","-4.80","65","765","1021","","","","1.80","","SSW","Облачно","2025-12-17 03:47"
"-0.80","","-4.80","65","765","1021","","","","1.80","","SSW","Облачно","2025-12-17 03:48"
"-0.80","","-4.80","65","765","1021","","","","2.60","","SSW","Облачно","2025-12-17 03:49"
"-0.80","","-4.80","65","765","1021","","","","1.20","","SSW","Облачно","2025-12-17 03:50"
"-0.80","","-4.30","65","765","1020","","","","1.00","","SSW","Облачно","2025-12-17 03:51"
"-0.70","","-4.20","65","765","1020","","","","1.00","","SSW","Облачно","2025-12-17 03:52"
"-0.70","","-4.60","65","765","1020","","","","1.20","","SSW","Облачно","2025-12-17 03:53"
"-0.70","","-4.60","65","765","1020","","","","1.20","","SSW","Облачно","2025-12-17 03:54"
"-0.70","","-4.30","65","765","1020","","","","1.20","","SSW","Облачно","2025-12-17 03:55"
"-0.70","","-4.30","65","765","1020","","","","1.00","","SSW","Облачно","2025-12-17 03:56"
"-0.70","","-3.70","65","765","1020","","","","0.40","","SSW","Облачно","2025-12-17 03:57"
"-0.70","","-3.70","65","765","1020","","","","0.40","","SSW","Облачно","2025-12-17 03:58"
"-0.70","","-3.90","65","765","1020","","","","0.60","","SSW","Облачно","2025-12-17 03:59"
"-0.70","","-3.90","65","765","1020","","","","1.20","","SSW","Облачно","2025-12-17 04:00"
"-0.70","","-3.90","65","765","1020","","","","1.10","","SSW","Облачно","2025-12-17 04:01"
"-0.60","","-4.10","65","765","1020","","","","1.10","","SSW","Облачно","2025-12-17 04:02"
"-0.60","","-4.10","65","765","1020","","","","1.10","","SSW","Облачно","2025-12-17 04:03"
"-0.60","","-4.40","65","765","1020","","","","1.50","","SSW","Облачно","2025-12-17 04:04"
"-0.60","","-4.00","65","765","1020","","","","1.00","","SSW","Облачно","2025-12-17 04:05"
"-0.60","","-4.00","66","765","1021","","","","0.90","","SSW","Облачно","2025-12-17 04:06"
"-0.60","","-4.00","66","765","1021","","","","0.70","","SSW","Облачно","2025-12-17 04:07"
"-0.60","","-3.80","65","765","1021","","","","0.70","","SSW","Облачно","2025-12-17 04:08"
"-0.60","","-3.80","65","765","1021","","","","0.70","","SSW","Облачно","2025-12-17 04:09"
"-0.60","","-3.60","66","765","1021","","","","0.40","","SSW","Облачно","2025-12-17 04:10"
"-0.60","","-3.60","66","765","1021","","","","0.40","","SSW","Облачно","2025-12-17 04:11"
"-0.60","","-4.30","66","765","1021","","","","1.40","","SSW","Облачно","2025-12-17 04:12"
"-0.60","","-4.30","66","765","1021","","","","0.70","","SSW","Облачно","2025-12-17 04:13"
"-0.60","","-4.30","66","765","1021","","","","0.70","","SSW","Облачно","2025-12-17 04:14"
"-0.50","","-3.70","66","765","1021","","","","0.70","","SSW","Облачно","2025-12-17 04:15"
"-0.50","","-3.70","66","765","1021","","","","1.00","","SSW","Облачно","2025-12-17 04:16"
"-0.50","","-3.90","66","765","1021","","","","1.00","","SSW","Облачно","2025-12-17 04:17"
"-0.50","","-3.80","66","765","1021","","","","0.90","","SSW","Облачно","2025-12-17 04:18"
"-0.50","","-3.80","66","765","1021","","","","0.90","","SSW","Облачно","2025-12-17 04:19"
"-0.50","","-3.80","66","765","1021","","","","2.90","","SSW","Облачно","2025-12-17 04:20"
"-0.50","","-5.20","66","765","1021","","","","1.00","","SSW","Облачно","2025-12-17 04:21"
"-0.50","","-3.90","66","765","1021","","","","1.00","","SSW","Облачно","2025-12-17 04:22"
"-0.50","","-3.90","66","765","1021","","","","1.50","","SSW","Облачно","2025-12-17 04:23"
"-0.40","","-4.20","66","765","1021","","","","0.90","","SSW","Облачно","2025-12-17 04:24"
"-0.40","","-4.10","66","765","1021","","","","1.40","","SSW","Облачно","2025-12-17 04:25"
"-0.40","","-3.70","66","765","1021","","","","0.90","","SSW","Облачно","2025-12-17 04:26"
"-0.40","","-3.70","66","765","1021","","","","0.90","","SSW","Облачно","2025-12-17 04:27"
"-0.40","","-3.70","66","765","1021","","","","0.90","","SSW","Облачно","2025-12-17 04:28"
"-0.40","","-3.70","66","765","1021","","","","0.90","","SSW","Облачно","2025-12-17 04:29"
"-0.40","","-3.80","66","765","1021","","","","0.70","","SSW","Облачно","2025-12-17 04:30"
"-0.40","","-3.60","66","765","1021","","","","0.70","","SSW","Облачно","2025-12-17 04:31"
"-0.40","","-3.60","66","765","1021","","","","0.70","","SSW","Облачно","2025-12-17 04:32"
"-0.40","","-4.30","66","765","1021","","","","1.70","","SSW","Облачно","2025-12-17 04:33"
"-0.40","","-4.30","66","765","1021","","","","1.70","","SSW","Облачно","2025-12-17 04:34"
"-0.40","","-3.50","66","765","1021","","","","0.60","","SSW","Облачно","2025-12-17 04:35"
"-0.40","","-3.50","66","765","1021","","","","1.10","","SSW","Облачно","2025-12-17 04:36"
"-0.40","","-4.10","66","765","1021","","","","1.40","","SSW","Облачно","2025-12-17 04:37"
"-0.40","","-4.10","66","765","1021","","","","1.40","","SSW","Облачно","2025-12-17 04:38"
"-0.40","","-4.10","66","765","1021","","","","1.40","","SSW","Облачно","2025-12-17 04:39"
"-0.40","","-4.10","66","765","1021","","","","1.40","","SSW","Облачно","2025-12-17 04:40"
"-0.40","","-4.10","66","765","1021","","","","1.60","","SSW","Облачно","2025-12-17 04:41"
"-0.40","","-4.10","66","765","1021","","","","1.60","","SSW","Облачно","2025-12-17 04:42"
"-0.40","","-4.40","66","765","1021","","","","1.90","","SSW","Облачно","2025-12-17 04:43"
"-0.40","","-4.40","66","765","1021","","","","1.90","","SSW","Облачно","2025-12-17 04:44"
"-0.40","","-3.60","66","765","1021","","","","0.70","","SSW","Облачно","2025-12-17 04:45"
"-0.40","","-3.60","66","765","1021","","","","0.70","","SSW","Облачно","2025-12-17 04:46"
"-0.40","","-3.40","66","765","1021","","","","0.40","","SSW","Облачно","2025-12-17 04:47"
"-0.40","","-3.50","66","765","1021","","","","0.50","","SSW","Облачно","2025-12-17 04:48"
"-0.40","","-3.50","66","765","1021","","","","0.50","","SSW","Облачно","2025-12-17 04:49"
"-0.40","","-3.50","66","765","1021","","","","1.10","","SSW","Облачно","2025-12-17 04:50"
"-0.40","","-3.70","66","766","1022","","","","0.90","","SSW","Облачно","2025-12-17 04:51"
"-0.40","","-3.70","66","766","1022","","","","0.60","","SSW","Облачно","2025-12-17 04:52"
"-0.40","","-3.70","66","766","1022","","","","0.60","","SSW","Облачно","2025-12-17 04:53"
"-0.40","","-3.50","66","766","1022","","","","0.60","","SSW","Облачно","2025-12-17 04:54"
"-0.40","","-3.70","66","766","1022","","","","0.90","","SSW","Облачно","2025-12-17 04:55"
"-0.40","","-3.70","66","766","1022","","","","0.90","","SSW","Облачно","2025-12-17 04:56"
"-0.40","","-3.70","66","766","1022","","","","0.60","","SSW","Облачно","2025-12-17 04:57"
"-0.40","","-3.50","66","766","1022","","","","0.60","","SSW","Облачно","2025-12-17 04:58"
"-0.40","","-3.50","66","766","1022","","","","0.60","","SSW","Облачно","2025-12-17 04:59"
"-0.40","","-3.90","66","766","1022","","","","1.20","","SSW","Облачно","2025-12-17 05:00"
"-0.40","","-3.90","66","766","1022","","","","0.60","","SSW","Облачно","2025-12-17 05:01"
"-0.40","","-3.50","66","766","1022","","","","0.60","","SSW","Облачно","2025-12-17 05:02"
"-0.40","","-3.50","66","766","1022","","","","0.60","","SSW","Облачно","2025-12-17 05:03"
"-0.40","","-3.70","66","766","1022","","","","1.00","","SSW","Облачно","2025-12-17 05:04"
"-0.40","","-3.80","66","766","1022","","","","1.00","","SSW","Облачно","2025-12-17 05:05"
"-0.40","","-3.90","66","766","1022","","","","1.10","","SSW","Облачно","2025-12-17 05:06"
"-0.40","","-3.90","66","766","1022","","","","1.10","","SSW","Облачно","2025-12-17 05:07"
"-0.40","","-3.90","66","766","1022","","","","1.30","","SSW","Облачно","2025-12-17 05:08"
"-0.40","","-4.00","66","766","1022","","","","1.30","","SSW","Облачно","2025-12-17 05:09"
"-0.40","","-4.20","66","766","1022","","","","1.40","","SSW","Облачно","2025-12-17 05:10"
"-0.40","","-4.10","66","766","1022","","","","1.40","","SSW","Облачно","2025-12-17 05:11"
"-0.40","","-4.10","66","766","1022","","","","1.10","","SSW","Облачно","2025-12-17 05:12"
"-0.40","","-3.90","66","766","1022","","","","1.10","","SSW","Облачно","2025-12-17 05:13"
"-0.40","","-3.90","66","766","1022","","","","1.10","","SSW","Облачно","2025-12-17 05:14"
"-0.40","","-3.90","66","766","1022","","","","1.10","","SSW","Облачно","2025-12-17 05:15"
"-0.40","","-3.90","66","766","1022","","","","1.10","","SSW","Облачно","2025-12-17 05:16"
"-0.40","","-3.90","67","766","1022","","","","1.20","","SSW","Облачно","2025-12-17 05:17"
"-0.40","","-3.90","67","766","1022","","","","1.20","","SSW","Облачно","2025-12-17 05:18"
"-0.40","","-3.90","67","766","1022","","","","1.20","","SSW","Облачно","2025-12-17 05:19"
"-0.40","","-3.90","67","766","1022","","","","1.20","","SSW","Облачно","2025-12-17 05:20"
"-0.40","","-3.90","67","766","1022","","","","1.20","","SSW","Облачно","2025-12-17 05:21"
"-0.30","","-3.80","67","766","1022","","","","1.20","","SSW","Облачно","2025-12-17 05:22"
"-0.30","","-3.80","67","766","1022","","","","1.20","","SSW","Облачно","2025-12-17 05:23"
"-0.30","","-3.80","67","766","1022","","","","1.20","","SSW","Облачно","2025-12-17 05:24"
"-0.40","","-3.90","67","766","1022","","","","1.20","","SSW","Облачно","2025-12-17 05:25"
"-0.40","","-3.90","67","766","1022","","","","1.20","","SSW","Облачно","2025-12-17 05:26"
"-0.40","","-3.90","67","766","1022","","","","1.20","","SSW","Облачно","2025-12-17 05:27"
"-0.40","","-3.90","67","766","1022","","","","1.20","","SSW","Облачно","2025-12-17 05:28"
"-0.40","","-3.90","67","766","1022","","","","1.20","","SSW","Облачно","2025-12-17 05:29"
"-0.40","","-3.90","67","766","1022","","","","1.20","","SSW","Облачно","2025-12-17 05:30"
"-0.40","","-3.90","67","766","1022","","","","1.20","","SSW","Облачно","2025-12-17 05:31"
"-0.40","","-3.90","67","766","1022","","","","1.20","","SSW","Облачно","2025-12-17 05:32"
"-0.40","","-3.90","67","766","1022","","","","1.20","","SSW","Облачно","2025-12-17 05:33"
"-0.40","","-3.90","67","766","1022","","","","1.20","","SSW","Облачно","2025-12-17 05:34"
"-0.40","","-3.90","67","766","1022","","","","1.20","","SSW","Облачно","2025-12-17 05:35"
"-0.40","","-3.90","67","766","1022","","","","1.20","","SSW","Небольшая облачность","2025-12-17 05:36"
"-0.40","","-3.90","67","766","1022","","","","1.20","","SSW","Небольшая облачность","2025-12-17 05:37"
"-0.40","","-3.90","67","766","1022","","","","1.20","","SSW","Небольшая облачность","2025-12-17 05:38"
"-0.40","","-3.90","67","766","1022","","","","1.20","","SSW","Небольшая облачность","2025-12-17 05:39"
"-0.40","","-3.90","67","766","1022","","","","1.20","","SSW","Небольшая облачность","2025-12-17 05:40"
"-0.40","","-3.90","67","766","1022","","","","1.20","","SSW","Небольшая облачность","2025-12-17 05:41"
"-0.40","","-3.90","68","766","1022","","","","1.20","","SSW","Небольшая облачность","2025-12-17 05:42"
"-0.40","","-3.90","68","766","1022","","","","1.20","","SSW","Небольшая облачность","2025-12-17 05:43"
"-0.40","","-3.90","68","766","1022","","","","1.20","","SSW","Небольшая облачность","2025-12-17 05:44"
"-0.40","","-3.90","68","766","1022","","","","1.20","","SSW","Небольшая облачность","2025-12-17 05:45"
"-0.40","","-3.90","68","766","1022","","","","1.20","","SSW","Небольшая облачность","2025-12-17 05:46"
"-0.40","","-3.90","68","766","1022","","","","1.20","","SSW","Небольшая облачность","2025-12-17 05:47"
"-0.30","","-3.80","68","766","1022","","","","1.20","","SSW","Небольшая облачность","2025-12-17 05:48"
"-0.30","","-3.80","68","766","1022","","","","1.20","","SSW","Небольшая облачность","2025-12-17 05:49"
"-0.30","","-3.80","68","766","1022","","","","1.20","","SSW","Небольшая облачность","2025-12-17 05:50"
"-0.30","","-3.80","68","766","1022","","","","1.20","","SSW","Небольшая облачность","2025-12-17 05:51"
"-0.30","","-3.80","68","766","1022","","","","1.20","","SSW","Небольшая облачность","2025-12-17 05:52"
"-0.30","","-3.80","68","766","1022","","","","1.20","","SSW","Небольшая облачность","2025-12-17 05:53"
"-0.30","","-3.80","68","766","1022","","","","1.20","","SSW","Небольшая облачность","2025-12-17 05:54"
"-0.30","","-3.80","69","766","1022","","","","1.20","","SSW","Небольшая облачность","2025-12-17 05:55"
"-0.20","","-3.70","69","766","1022","","","","1.20","","SSW","Небольшая облачность","2025-12-17 05:56"
"-0.20","","-3.70","69","766","1022","","","","1.20","","SSW","Небольшая облачность","2025-12-17 05:57"
"-0.20","","-3.70","69","766","1022","","","","1.20","","SSW","Небольшая облачность","2025-12-17 05:58"
"-0.20","","-3.70","69","766","1022","","","","1.20","","SSW","Небольшая облачность","2025-12-17 05:59"
"-0.20","","-3.70","69","766","1022","","","","1.20","","SSW","Небольшая облачность","2025-12-17 06:00"
"-0.20","","-3.70","69","766","1022","","","","1.20","","SSW","Небольшая облачность","2025-12-17 06:01"
"-0.20","","-3.70","69","766","1022","","","","1.20","","SSW","Небольшая облачность","2025-12-17 06:02"
"-0.20","","-3.70","69","766","1022","","","","1.20","","SSW","Небольшая облачность","2025-12-17 06:03"
"-0.20","","-3.70","69","766","1022","","","","1.20","","SSW","Небольшая облачность","2025-12-17 06:04"
"-0.20","","-3.70","69","766","1022","","","","1.20","","SSW","Небольшая облачность","2025-12-17 06:05"
"-0.20","","-3.70","69","765","1021","","","","1.20","","SSW","Небольшая облачность","2025-12-17 06:06"
"-0.20","","-3.70","69","765","1021","","","","1.20","","SSW","Небольшая облачность","2025-12-17 06:07"
"-0.20","","-3.70","69","765","1021","","","","1.20","","SSW","Небольшая облачность","2025-12-17 06:08"
"-0.20","","-3.70","69","765","1021","","","","1.20","","SSW","Небольшая облачность","2025-12-17 06:09"
"-0.20","","-3.60","70","765","1021","","","","1.20","","SSW","Небольшая облачность","2025-12-17 06:10"
"-0.10","","-3.50","70","765","1021","","","","1.20","","SSW","Небольшая облачность","2025-12-17 06:11"
"-0.10","","-3.50","70","765","1021","","","","1.20","","SSW","Небольшая облачность","2025-12-17 06:12"
"-0.10","","-3.50","70","765","1021","","","","1.20","","SSW","Небольшая облачность","2025-12-17 06:13"
"-0.10","","-3.50","70","765","1021","","","","1.20","","SSW","Небольшая облачность","2025-12-17 06:14"
"-0.10","","-3.50","70","765","1021","","","","1.20","","SSW","Небольшая облачность","2025-12-17 06:15"
"-0.10","","-3.50","70","765","1021","","","","1.20","","SSW","Небольшая облачность","2025-12-17 06:16"
"-0.10","","-3.50","70","765","1021","","","","1.20","","SSW","Небольшая облачность","2025-12-17 06:17"
"-0.10","","-3.50","70","765","1021","","","","1.20","","SSW","Небольшая облачность","2025-12-17 06:18"
"-0.10","","-3.50","70","765","1021","","","","1.20","","SSW","Небольшая облачность","2025-12-17 06:19"
"-0.10","","-3.50","70","765","1021","","","","1.20","","SSW","Небольшая облачность","2025-12-17 06:20"
"-0.10","","-3.50","70","766","1022","","","","1.20","","SSW","Небольшая облачность","2025-12-17 06:21"
"-0.10","","-3.50","70","766","1022","","","","1.20","","SSW","Небольшая облачность","2025-12-17 06:22"
"0.00","","-3.40","70","766","1022","","","","1.20","","SSW","Небольшая облачность","2025-12-17 06:23"
"0.00","","-3.40","70","766","1022","","","","1.20","","SSW","Небольшая облачность","2025-12-17 06:24"
"0.00","","-3.40","70","766","1022","","","","1.20","","SSW","Небольшая облачность","2025-12-17 06:25"
"0.00","","-3.40","70","766","1022","","","","1.20","","SSW","Небольшая облачность","2025-12-17 06:26"
"0.00","","-3.40","71","766","1022","","","","1.20","","SSW","Небольшая облачность","2025-12-17 06:27"
"0.10","","-3.30","71","766","1022","","","","1.20","","SSW","Небольшая облачность","2025-12-17 06:28"
"0.10","","-3.30","71","766","1022","","","","1.20","","SSW","Небольшая облачность","2025-12-17 06:29"
"0.10","","-3.30","71","766","1022","","","","1.20","","SSW","Небольшая облачность","2025-12-17 06:30"
"0.10","","-3.30","71","766","1022","","","","1.20","","SSW","Небольшая облачность","2025-12-17 06:31"
"0.10","","-3.30","71","766","1022","","","","1.20","","SSW","Небольшая облачность","2025-12-17 06:32"
"0.10","","-3.30","71","766","1022","","","","1.20","","SSW","Небольшая облачность","2025-12-17 06:33"
"0.10","","-3.30","71","766","1022","","","","1.20","","SSW","Небольшая облачность","2025-12-17 06:34"
"0.20","","-3.20","71","766","1022","","","","1.20","","SSW","Небольшая облачность","2025-12-17 06:35"
"0.20","","-3.20","71","766","1022","","","","1.20","","SSW","Небольшая облачность","2025-12-17 06:36"
"0.20","","-3.20","71","766","1022","","","","1.20","","SSW","Небольшая облачность","2025-12-17 06:37"
"0.20","","-3.20","71","766","1022","","","","1.20","","SSW","Небольшая облачность","2025-12-17 06:38"
"0.20","","-3.20","71","766","1022","","","","1.20","","SSW","Небольшая облачность","2025-12-17 06:39"
"0.30","","-3.10","71","766","1022","","","","1.20","","SSW","Небольшая облачность","2025-12-17 06:40"
"0.30","","-3.10","71","766","1022","","","","1.20","","SSW","Небольшая облачность","2025-12-17 06:41"
"0.30","","-3.10","71","766","1022","","","","1.20","","SSW","Небольшая облачность","2025-12-17 06:42"
"0.30","","-3.10","71","766","1022","","","","1.20","","SSW","Небольшая облачность","2025-12-17 06:43"
"0.30","","-3.10","71","766","1022","","","","1.20","","SSW","Небольшая облачность","2025-12-17 06:44"
"0.30","","-3.10","71","766","1022","","","","1.20","","SSW","Небольшая облачность","2025-12-17 06:45"
"0.30","","-3.10","72","766","1022","","","","1.20","","SSW","Небольшая облачность","2025-12-17 06:46"
"0.40","","-2.90","72","766","1022","","","","1.20","","SSW","Небольшая облачность","2025-12-17 06:47"
"0.40","","-2.90","72","766","1022","","","","1.20","","SSW","Небольшая облачность","2025-12-17 06:48"
"0.40","","-2.90","72","766","1022","","","","1.20","","SSW","Небольшая облачность","2025-12-17 06:49"
"0.40","","-2.90","72","766","1022","","","","1.20","","SSW","Небольшая облачность","2025-12-17 06:50"
"0.40","","-2.90","72","766","1022","","","","1.20","","SSW","Небольшая облачность","2025-12-17 06:51"
"0.40","","-2.90","72","766","1022","","","","1.20","","SSW","Небольшая облачность","2025-12-17 06:52"
"0.50","","-2.90","71","766","1022","","","","1.20","","SSW","Небольшая облачность","2025-12-17 06:53"
"0.50","","-2.90","71","766","1022","","","","1.20","","SSW","Небольшая облачность","2025-12-17 06:54"
"0.50","","-2.90","71","766","1022","","","","1.20","","SSW","Небольшая облачность","2025-12-17 06:55"
"0.50","","-2.90","71","766","1022","","","","1.20","","SSW","Небольшая облачность","2025-12-17 06:56"
"0.50","","-2.90","71","766","1022","","","","1.20","","SSW","Небольшая облачность","2025-12-17 06:57"
"0.50","","-2.90","71","766","1022","","","","1.20","","SSW","Небольшая облачность","2025-12-17 06:58"
"0.50","","-2.80","72","766","1022","","","","1.20","","SSW","Небольшая облачность","2025-12-17 06:59"
"0.50","","-2.80","72","766","1022","","","","1.20","","SSW","Небольшая облачность","2025-12-17 07:00"
"0.50","","-2.80","72","766","1022","","","","1.20","","SSW","Небольшая облачность","2025-12-17 07:01"
"0.60","","-2.70","72","766","1022","","","","1.20","","SSW","Небольшая облачность","2025-12-17 07:02"
"0.60","","-2.70","72","766","1022","","","","1.20","","SSW","Небольшая облачность","2025-12-17 07:03"
"0.60","","-2.70","71","766","1022","","","","1.20","","SSW","Небольшая облачность","2025-12-17 07:04"
"0.60","","-2.70","71","766","1022","","","","1.20","","SSW","Небольшая облачность","2025-12-17 07:05"
"0.60","","-2.70","71","766","1022","","","","1.20","","SSW","Небольшая облачность","2025-12-17 07:06"
"0.60","","-2.70","71","766","1022","","","","1.20","","SSW","Небольшая облачность","2025-12-17 07:07"
"0.60","","-2.70","71","766","1022","","","","1.20","","SSW","Небольшая облачность","2025-12-17 07:08"
"0.60","","-2.70","71","766","1022","","","","1.20","","SSW","Небольшая облачность","2025-12-17 07:09"
"0.60","","-2.70","71","766","1022","","","","1.20","","SSW","Небольшая облачность","2025-12-17 07:10"
"0.70","","-2.60","71","766","1022","","","","1.20","","SSW","Небольшая облачность","2025-12-17 07:11"
"0.70","","-2.60","71","766","1022","","","","1.20","","SSW","Небольшая облачность","2025-12-17 07:12"
"0.70","","-2.60","71","766","1022","","","","1.20","","SSW","Небольшая облачность","2025-12-17 07:13"
"0.70","","-2.60","71","766","1022","","","","1.20","","SSW","Небольшая облачность","2025-12-17 07:14"
"0.70","","-2.60","71","766","1022","","","","1.20","","SSW","Небольшая облачность","2025-12-17 07:15"
"0.70","","-2.60","71","766","1022","","","","1.20","","SSW","Переменная облачность","2025-12-17 07:16"
"0.70","","-2.60","71","766","1022","","","","1.20","","SSW","Переменная облачность","2025-12-17 07:17"
"0.70","","-2.60","71","766","1022","","","","1.20","","SSW","Переменная облачность","2025-12-17 07:18"
"0.70","","-2.60","71","766","1022","","","","1.20","","SSW","Переменная облачность","2025-12-17 07:19"
"0.80","","-2.50","71","766","1022","","","","1.20","","SSW","Переменная облачность","2025-12-17 07:20"
"0.80","","-2.50","71","766","1022","","","","1.20","","SSW","Переменная облачность","2025-12-17 07:21"
"0.80","","-2.50","71","766","1022","","","","1.20","","SSW","Переменная облачность","2025-12-17 07:22"
"0.80","","-2.50","71","766","1022","","","","1.20","","SSW","Переменная облачность","2025-12-17 07:23"
"0.80","","-2.50","71","766","1022","","","","1.20","","SSW","Переменная облачность","2025-12-17 07:24"
"0.80","","-2.50","71","766","1022","","","","1.20","","SSW","Переменная облачность","2025-12-17 07:25"
"0.80","","-2.50","71","766","1022","","","","1.20","","SSW","Переменная облачность","2025-12-17 07:26"
"0.80","","-2.50","71","766","1022","","","","1.20","","SSW","Переменная облачность","2025-12-17 07:27"
"0.80","","-2.50","71","766","1022","","","","1.20","","SSW","Переменная облачность","2025-12-17 07:28"
"0.80","","-2.50","71","766","1022","","","","1.20","","SSW","Переменная облачность","2025-12-17 07:29"
"0.80","","-2.50","71","766","1022","","","","1.20","","SSW","Переменная облачность","2025-12-17 07:30"
"0.80","","-2.50","71","766","1022","","","","1.20","","SSW","Переменная облачность","2025-12-17 07:31"
"0.80","","-2.50","71","766","1022","","","","1.20","","SSW","Переменная облачность","2025-12-17 07:32"
"0.90","","-2.40","71","766","1022","","","","1.20","","SSW","Переменная облачность","2025-12-17 07:33"
"0.90","","-2.40","71","766","1022","","","","1.20","","SSW","Переменная облачность","2025-12-17 07:34"
"0.90","","-2.40","71","766","1022","","","","1.20","","SSW","Переменная облачность","2025-12-17 07:35"
"0.90","","-2.40","71","766","1022","","","","1.20","","SSW","Переменная облачность","2025-12-17 07:36"
"0.90","","-2.40","71","766","1022","","","","1.20","","SSW","Переменная облачность","2025-12-17 07:37"
"0.90","","-2.40","71","766","1022","","","","1.20","","SSW","Переменная облачность","2025-12-17 07:38"
"0.90","","-2.40","71","766","1022","","","","1.20","","SSW","Переменная облачность","2025-12-17 07:39"
"0.90","","-2.40","71","766","1022","","","","1.20","","SSW","Переменная облачность","2025-12-17 07:40"
"0.90","","-2.40","71","766","1022","","","","1.20","","SSW","Переменная облачность","2025-12-17 07:41"
"0.90","","-2.40","71","766","1022","","","","1.20","","SSW","Переменная облачность","2025-12-17 07:42"
"0.90","","-2.40","71","766","1022","","","","1.20","","SSW","Переменная облачность","2025-12-17 07:43"
"0.90","","-2.40","71","766","1022","","","","1.20","","SSW","Переменная облачность","2025-12-17 07:44"
"1.00","","-2.30","71","766","1022","","","","1.20","","SSW","Переменная облачность","2025-12-17 07:45"
"1.00","","-2.30","71","766","1022","","","","1.20","","SSW","Переменная облачность","2025-12-17 07:46"
"1.00","","-2.30","71","766","1022","","","","1.20","","SSW","Переменная облачность","2025-12-17 07:47"
"1.00","","-2.30","70","766","1022","","","","1.20","","SSW","Переменная облачность","2025-12-17 07:48"
"1.00","","-2.30","70","766","1022","","","","1.20","","SSW","Переменная облачность","2025-12-17 07:49"
"1.00","","-2.30","70","766","1022","","","","1.20","","SSW","Переменная облачность","2025-12-17 07:50"
"1.00","","-2.30","70","765","1021","","","","1.20","","SSW","Переменная облачность","2025-12-17 07:51"
"1.00","","-2.30","70","765","1021","","","","1.20","","SSW","Переменная облачность","2025-12-17 07:52"
"1.00","","-2.30","70","765","1021","","","","1.20","","SSW","Переменная облачность","2025-12-17 07:53"
"1.00","","-2.30","70","765","1021","","","","1.20","","SSW","Переменная облачность","2025-12-17 07:54"
"1.00","","-2.30","70","765","1021","","","","1.20","","SSW","Переменная облачность","2025-12-17 07:55"
"1.00","","-2.30","70","765","1021","","","","1.20","","SSW","Переменная облачность","2025-12-17 07:56"
"1.00","","-2.30","70","765","1021","","","","1.20","","SSW","Переменная облачность","2025-12-17 07:57"
"1.00","","-2.30","70","765","1021","","","","1.20","","SSW","Переменная облачность","2025-12-17 07:58"
"1.00","","-2.30","70","765","1021","","","","1.20","","SSW","Переменная облачность","2025-12-17 07:59"
"1.00","","-2.30","70","765","1021","","","","1.20","","SSW","Переменная облачность","2025-12-17 08:00"
"1.00","","-2.30","70","765","1021","","","","1.20","","SSW","Переменная облачность","2025-12-17 08:01"
"1.10","","-2.20","70","765","1021","","","","1.20","","SSW","Переменная облачность","2025-12-17 08:02"
"1.10","","-2.20","70","765","1021","","","","1.20","","SSW","Переменная облачность","2025-12-17 08:03"
"1.10","","-2.20","70","765","1021","","","","1.20","","SSW","Переменная облачность","2025-12-17 08:04"
"1.10","","-2.20","70","765","1021","","","","1.20","","SSW","Переменная облачность","2025-12-17 08:05"
"1.10","","-2.20","70","766","1022","","","","1.20","","SSW","Переменная облачность","2025-12-17 08:06"
"1.10","","-2.20","70","766","1022","","","","1.20","","SSW","Переменная облачность","2025-12-17 08:07"
"1.10","","-2.20","70","766","1022","","","","1.20","","SSW","Переменная облачность","2025-12-17 08:08"
"1.10","","-2.20","70","766","1022","","","","1.20","","SSW","Переменная облачность","2025-12-17 08:09"
"1.10","","-2.20","70","766","1022","","","","1.20","","SSW","Переменная облачность","2025-12-17 08:10"
"1.10","","-2.20","70","766","1022","","","","1.20","","SSW","Переменная облачность","2025-12-17 08:11"
"1.10","","-2.20","70","766","1022","","","","1.20","","SSW","Переменная облачность","2025-12-17 08:12"
"1.10","","-2.20","70","766","1022","","","","1.20","","SSW","Переменная облачность","2025-12-17 08:13"
"1.10","","-2.20","70","766","1022","","","","1.20","","SSW","Переменная облачность","2025-12-17 08:14"
"1.10","","-2.20","70","766","1022","","","","1.20","","SSW","Переменная облачность","2025-12-17 08:15"
"1.10","","-2.20","70","766","1022","","","","1.20","","SSW","Переменная облачность","2025-12-17 08:16"
"1.10","","-2.20","70","766","1022","","","","1.20","","SSW","Переменная облачность","2025-12-17 08:17"
"1.10","","-2.20","70","766","1022","","","","1.20","","SSW","Переменная облачность","2025-12-17 08:18"
"1.10","","-2.20","70","766","1022","","","","1.20","","SSW","Переменная облачность","2025-12-17 08:19"
"1.10","","-2.20","70","766","1022","","","","1.20","","SSW","Переменная облачность","2025-12-17 08:20"
"1.10","","-2.20","70","766","1022","","","","1.20","","SSW","Переменная облачность","2025-12-17 08:21"
"1.10","","-2.20","70","765","1021","","","","1.20","","SSW","Переменная облачность","2025-12-17 08:22"
"1.10","","-2.20","70","765","1021","","","","1.20","","SSW","Переменная облачность","2025-12-17 08:23"
"1.10","","-2.20","70","765","1021","","","","1.20","","SSW","Переменная облачность","2025-12-17 08:24"
"1.10","","-2.20","70","765","1021","","","","1.20","","SSW","Переменная облачность","2025-12-17 08:25"
"1.10","","-2.20","70","765","1021","","","","1.20","","SSW","Переменная облачность","2025-12-17 08:26"
"1.10","","-2.20","70","765","1021","","","","1.20","","SSW","Переменная облачность","2025-12-17 08:27"
"1.10","","-2.20","70","765","1021","","","","1.20","","SSW","Переменная облачность","2025-12-17 08:28"
"1.10","","-2.20","70","765","1021","","","","1.20","","SSW","Переменная облачность","2025-12-17 08:29"
"1.10","","-2.20","70","765","1021","","","","1.20","","SSW","Переменная облачность","2025-12-17 08:30"
"1.10","","-2.20","70","765","1021","","","","1.20","","SSW","Переменная облачность","2025-12-17 08:31"
"1.10","","-2.20","70","765","1021","","","","1.20","","SSW","Переменная облачность","2025-12-17 08:32"
"1.10","","-2.20","70","765","1021","","","","1.20","","SSW","Переменная облачность","2025-12-17 08:33"
"1.10","","-2.20","70","765","1021","","","","1.20","","SSW","Переменная облачность","2025-12-17 08:34"
"1.10","","-2.20","70","765","1021","","","","1.20","","SSW","Переменная облачность","2025-12-17 08:35"
"1.10","","-2.20","70","765","1021","","","","1.20","","SSW","Небольшая облачность","2025-12-17 08:36"
"1.10","","-2.20","70","766","1022","","","","1.20","","SSW","Небольшая облачность","2025-12-17 08:37"
"1.20","","-2.10","70","766","1022","","","","1.20","","SSW","Небольшая облачность","2025-12-17 08:38"
"1.20","","-2.10","70","766","1022","","","","1.20","","SSW","Небольшая облачность","2025-12-17 08:39"
"1.20","","-2.10","70","766","1022","","","","1.20","","SSW","Небольшая облачность","2025-12-17 08:40"
"1.20","","-2.10","70","766","1022","","","","1.20","","SSW","Небольшая облачность","2025-12-17 08:41"
"1.20","","-2.10","70","766","1022","","","","1.20","","SSW","Небольшая облачность","2025-12-17 08:42"
"1.20","","-2.10","70","766","1022","","","","1.20","","SSW","Небольшая облачность","2025-12-17 08:43"
"1.20","","-2.10","70","766","1022","","","","1.20","","SSW","Небольшая облачность","2025-12-17 08:44"
"1.20","","-2.10","70","766","1022","","","","1.20","","SSW","Небольшая облачность","2025-12-17 08:45"
"1.20","","-2.10","70","766","1022","","","","1.20","","SSW","Небольшая облачность","2025-12-17 08:46"
"1.20","","-2.10","70","766","1022","","","","1.20","","SSW","Небольшая облачность","2025-12-17 08:47"
"1.20","","-2.10","70","766","1022","","","","1.20","","SSW","Небольшая облачность","2025-12-17 08:48"
"1.20","","-2.10","70","766","1022","","","","1.20","","SSW","Небольшая облачность","2025-12-17 08:49"
"1.20","","-2.10","70","766","1022","","","","1.20","","SSW","Небольшая облачность","2025-12-17 08:50"
"1.20","","-2.10","70","766","1022","","","","1.20","","SSW","Небольшая облачность","2025-12-17 08:51"
"1.20","","-2.10","70","766","1022","","","","1.20","","SSW","Небольшая облачность","2025-12-17 08:52"
"1.20","","-2.10","70","766","1022","","","","1.20","","SSW","Небольшая облачность","2025-12-17 08:53"
"1.20","","-2.10","70","766","1022","","","","1.20","","SSW","Небольшая облачность","2025-12-17 08:54"
"1.20","","-2.10","70","766","1022","","","","1.20","","SSW","Небольшая облачность","2025-12-17 08:55"
"1.20","","-2.10","70","766","1022","","","","1.20","","SSW","Небольшая облачность","2025-12-17 08:56"
"1.20","","-2.10","70","766","1022","","","","1.20","","SSW","Небольшая облачность","2025-12-17 08:57"
"1.20","","-2.10","70","766","1022","","","","1.20","","SSW","Небольшая облачность","2025-12-17 08:58"
"1.20","","-2.10","70","766","1022","","","","1.20","","SSW","Небольшая облачность","2025-12-17 08:59"
"1.20","","-2.10","70","766","1022","","","","1.20","","SSW","Небольшая облачность","2025-12-17 09:00"
"1.20","","-2.10","70","766","1022","","","","1.20","","SSW","Небольшая облачность","2025-12-17 09:01"
"1.20","","-2.10","70","766","1022","","","","1.20","","SSW","Небольшая облачность","2025-12-17 09:02"
"1.20","","-2.10","70","766","1022","","","","1.20","","SSW","Небольшая облачность","2025-12-17 09:03"
"1.30","","-2.00","70","766","1022","","","","1.20","","SSW","Небольшая облачность","2025-12-17 09:04"
"1.30","","-2.00","70","766","1022","","","","1.20","","SSW","Небольшая облачность","2025-12-17 09:05"
"1.30","","-2.00","70","766","1022","","","","1.20","","SSW","Небольшая облачность","2025-12-17 09:06"
"1.30","","-2.00","70","766","1022","","","","1.20","","SSW","Небольшая облачность","2025-12-17 09:07"
"1.30","","-2.00","71","766","1022","","","","1.20","","SSW","Небольшая облачность","2025-12-17 09:08"
"1.30","","-2.00","71","766","1022","","","","1.20","","SSW","Небольшая облачность","2025-12-17 09:09"
"1.30","","-2.00","71","766","1022","","","","1.20","","SSW","Небольшая облачность","2025-12-17 09:10"
"1.40","","-1.90","71","766","1022","","","","1.20","","SSW","Небольшая облачность","2025-12-17 09:11"
"1.40","","-1.90","71","766","1022","","","","1.20","","SSW","Небольшая облачность","2025-12-17 09:12"
"1.40","","-1.90","71","766","1022","","","","1.20","","SSW","Небольшая облачность","2025-12-17 09:13"
"1.40","","-1.90","71","766","1022","","","","1.20","","SSW","Небольшая облачность","2025-12-17 09:14"
"1.40","","-1.90","71","766","1022","","","","1.20","","SSW","Небольшая облачность","2025-12-17 09:15"
"1.40","","-1.90","71","766","1022","","","","1.20","","SSW","Небольшая облачность","2025-12-17 09:16"
"1.40","","-1.90","71","766","1022","","","","1.20","","SSW","Небольшая облачность","2025-12-17 09:17"
"1.50","","-1.70","71","766","1022","","","","1.20","","SSW","Небольшая облачность","2025-12-17 09:18"
"1.50","","-1.70","71","766","1022","","","","1.20","","SSW","Небольшая облачность","2025-12-17 09:19"
"1.50","","-1.70","71","766","1022","","","","1.20","","SSW","Небольшая облачность","2025-12-17 09:20"
"1.50","","-1.70","71","766","1022","","","","1.20","","SSW","Небольшая облачность","2025-12-17 09:21"
"1.50","","-1.70","71","766","1022","","","","1.20","","SSW","Небольшая облачность","2025-12-17 09:22"
"1.50","","-1.70","71","766","1022","","","","1.20","","SSW","Небольшая облачность","2025-12-17 09:23"
"1.50","","-1.70","71","766","1022","","","","1.20","","SSW","Небольшая облачность","2025-12-17 09:24"
"1.60","","-1.60","71","766","1022","","","","1.20","","SSW","Небольшая облачность","2025-12-17 09:25"
"1.60","","-1.60","71","766","1022","","","","1.20","","SSW","Небольшая облачность","2025-12-17 09:26"
"1.60","","-1.60","71","766","1022","","","","1.20","","SSW","Небольшая облачность","2025-12-17 09:27"
"1.60","","-1.60","71","766","1022","","","","1.20","","SSW","Небольшая облачность","2025-12-17 09:28"
"1.60","","-1.70","70","766","1022","","","","1.20","","SSW","Небольшая облачность","2025-12-17 09:29"
"1.60","","-1.70","70","766","1022","","","","1.20","","SSW","Небольшая облачность","2025-12-17 09:30"
"1.60","","-1.70","70","766","1022","","","","1.20","","SSW","Небольшая облачность","2025-12-17 09:31"
"1.60","","-1.70","70","766","1022","","","","1.20","","SSW","Небольшая облачность","2025-12-17 09:32"
"1.60","","-1.70","70","766","1022","","","","1.20","","SSW","Небольшая облачность","2025-12-17 09:33"
"1.60","","-1.70","70","766","1022","","","","1.20","","SSW","Небольшая облачность","2025-12-17 09:34"
"1.60","","-1.70","70","766","1022","","","","1.20","","SSW","Небольшая облачность","2025-12-17 09:35"
"1.70","","-1.50","70","766","1022","","","","1.20","","SSW","Небольшая облачность","2025-12-17 09:36"
"1.70","","-1.50","70","766","1022","","","","1.20","","SSW","Небольшая облачность","2025-12-17 09:37"
"1.70","","-1.50","70","766","1022","","","","1.20","","SSW","Небольшая облачность","2025-12-17 09:38"
"1.70","","-1.50","70","766","1022","","","","1.20","","SSW","Небольшая облачность","2025-12-17 09:39"
"1.70","","-1.50","70","766","1022","","","","1.20","","SSW","Небольшая облачность","2025-12-17 09:40"
"1.70","","-1.60","69","766","1022","","","","1.20","","SSW","Небольшая облачность","2025-12-17 09:41"
"1.70","","-1.60","69","766","1022","","","","1.20","","SSW","Небольшая облачность","2025-12-17 09:42"
"1.70","","-1.60","69","766","1022","","","","1.20","","SSW","Небольшая облачность","2025-12-17 09:43"
"1.70","","-1.60","69","766","1022","","","","1.20","","SSW","Небольшая облачность","2025-12-17 09:44"
"1.70","","-1.60","69","766","1022","","","","1.20","","SSW","Небольшая облачность","2025-12-17 09:45"
"1.70","","-1.60","69","766","1022","","","","1.20","","SSW","Небольшая облачность","2025-12-17 09:46"
"1.70","","-1.60","69","766","1022","","","","1.20","","SSW","Небольшая облачность","2025-12-17 09:47"
"1.70","","-1.60","69","766","1022","","","","1.20","","SSW","Небольшая облачность","2025-12-17 09:48"
"1.80","","-1.50","69","766","1022","","","","1.20","","SSW","Небольшая облачность","2025-12-17 09:49"
"1.80","","-1.50","68","766","1022","","","","1.20","","SSW","Небольшая облачность","2025-12-17 09:50"
"1.80","","-1.50","68","766","1022","","","","1.20","","SSW","Небольшая облачность","2025-12-17 09:51"
"1.80","","-1.50","68","766","1022","","","","1.20","","SSW","Небольшая облачность","2025-12-17 09:52"
"1.80","","-1.50","68","766","1022","","","","1.20","","SSW","Небольшая облачность","2025-12-17 09:53"
"1.80","","-1.50","68","766","1022","","","","1.20","","SSW","Небольшая облачность","2025-12-17 09:54"
"1.80","","-1.50","68","766","1022","","","","1.20","","SSW","Небольшая облачность","2025-12-17 09:55"
"1.80","","-1.50","68","766","1022","","","","1.20","","SSW","Небольшая облачность","2025-12-17 09:56"
"1.80","","-1.50","68","766","1022","","","","1.20","","SSW","Небольшая облачность","2025-12-17 09:57"
"1.80","","-1.50","67","766","1022","","","","1.20","","SSW","Небольшая облачность","2025-12-17 09:58"
"1.80","","-1.50","67","766","1022","","","","1.20","","SSW","Небольшая облачность","2025-12-17 09:59"
"1.80","","-1.50","67","766","1022","","","","1.20","","SSW","Небольшая облачность","2025-12-17 10:00"
"1.80","","-1.50","67","766","1022","","","","1.20","","SSW","Небольшая облачность","2025-12-17 10:01"
"1.80","","-1.50","67","766","1022","","","","1.20","","SSW","Небольшая облачность","2025-12-17 10:02"
"1.80","","-1.50","67","766","1022","","","","1.20","","SSW","Небольшая облачность","2025-12-17 10:03"
"1.80","","-1.50","67","766","1022","","","","1.20","","SSW","Небольшая облачность","2025-12-17 10:04"
"1.80","","-1.50","67","766","1022","","","","1.20","","SSW","Небольшая облачность","2025-12-17 10:05"
"1.80","","-1.50","67","766","1022","","","","1.20","","SSW","Переменная облачность","2025-12-17 10:06"
"1.80","","-1.50","67","766","1022","","","","1.20","","SSW","Переменная облачность","2025-12-17 10:07"
"1.80","","-1.50","67","766","1022","","","","1.20","","SSW","Переменная облачность","2025-12-17 10:08"
"1.80","","-1.50","67","766","1022","","","","1.20","","SSW","Переменная облачность","2025-12-17 10:09"
"1.80","","-1.50","66","766","1022","","","","1.20","","SSW","Переменная облачность","2025-12-17 10:10"
"1.80","","-1.50","66","766","1022","","","","1.20","","SSW","Переменная облачность","2025-12-17 10:11"
"1.80","","-1.50","66","766","1022","","","","1.20","","SSW","Переменная облачность","2025-12-17 10:12"
"1.80","","-1.50","66","766","1022","","","","1.20","","SSW","Переменная облачность","2025-12-17 10:13"
"1.80","","-1.50","66","766","1022","","","","1.20","","SSW","Переменная облачность","2025-12-17 10:14"
"1.80","","-1.50","66","766","1022","","","","1.20","","SSW","Переменная облачность","2025-12-17 10:15"
"1.80","","-1.50","66","766","1022","","","","1.20","","SSW","Переменная облачность","2025-12-17 10:16"
"1.80","","-1.50","65","766","1022","","","","1.20","","SSW","Переменная облачность","2025-12-17 10:17"
"1.80","","-1.50","65","766","1022","","","","1.20","","SSW","Переменная облачность","2025-12-17 10:18"
"1.80","","-1.50","65","766","1022","","","","1.20","","SSW","Переменная облачность","2025-12-17 10:19"
"1.80","","-1.50","65","766","1022","","","","1.20","","SSW","Переменная облачность","2025-12-17 10:20"
"1.80","","-1.50","65","765","1021","","","","1.20","","SSW","Переменная облачность","2025-12-17 10:21"
"1.80","","-1.50","65","765","1021","","","","1.20","","SSW","Переменная облачность","2025-12-17 10:22"
"1.80","","-1.50","65","765","1021","","","","1.20","","SSW","Переменная облачность","2025-12-17 10:23"
"1.80","","-1.50","65","765","1021","","","","1.20","","SSW","Переменная облачность","2025-12-17 10:24"
"1.80","","-1.50","65","765","1021","","","","1.20","","SSW","Переменная облачность","2025-12-17 10:25"
"1.80","","-1.50","65","765","1021","","","","1.20","","SSW","Переменная облачность","2025-12-17 10:26"
"1.80","","-1.50","65","765","1021","","","","1.20","","SSW","Переменная облачность","2025-12-17 10:27"
"1.80","","-1.60","64","765","1021","","","","1.20","","SSW","Переменная облачность","2025-12-17 10:28"
"1.80","","-1.60","64","765","1021","","","","1.20","","SSW","Переменная облачность","2025-12-17 10:29"
"1.80","","-1.60","64","765","1021","","","","1.20","","SSW","Переменная облачность","2025-12-17 10:30"
"1.80","","-1.60","64","765","1021","","","","1.20","","SSW","Переменная облачность","2025-12-17 10:31"
"1.80","","-1.60","64","765","1021","","","","1.20","","SSW","Переменная облачность","2025-12-17 10:32"
"1.80","","-1.60","64","765","1021","","","","1.20","","SSW","Переменная облачность","2025-12-17 10:33"
"1.80","","-1.60","64","765","1021","","","","1.20","","SSW","Переменная облачность","2025-12-17 10:34"
"1.80","","-1.60","64","765","1021","","","","1.20","","SSW","Переменная облачность","2025-12-17 10:35"
"1.80","","-1.60","64","766","1022","","","","1.20","","SSW","Переменная облачность","2025-12-17 10:36"
"1.80","","-1.60","64","766","1022","","","","1.20","","SSW","Переменная облачность","2025-12-17 10:37"
"1.90","","-1.50","64","766","1022","","","","1.20","","SSW","Переменная облачность","2025-12-17 10:38"
"1.90","","-1.50","64","766","1022","","","","1.20","","SSW","Переменная облачность","2025-12-17 10:39"
"1.90","","-1.50","64","766","1022","","","","1.20","","SSW","Переменная облачность","2025-12-17 10:40"
"1.90","","-1.50","64","766","1022","","","","1.20","","SSW","Переменная облачность","2025-12-17 10:41"
"1.90","","-1.50","64","766","1022","","","","1.20","","SSW","Переменная облачность","2025-12-17 10:42"
"1.90","","-1.50","64","766","1022","","","","1.20","","SSW","Переменная облачность","2025-12-17 10:43"
"1.90","","-1.50","64","766","1022","","","","1.20","","SSW","Переменная облачность","2025-12-17 10:44"
"1.90","","-1.50","63","766","1022","","","","1.20","","SSW","Переменная облачность","2025-12-17 10:45"
"1.80","","-1.60","63","766","1022","","","","1.20","","SSW","Переменная облачность","2025-12-17 10:46"
"1.80","","-1.60","63","766","1022","","","","1.20","","SSW","Переменная облачность","2025-12-17 10:47"
"1.80","","-1.60","63","766","1022","","","","1.20","","SSW","Переменная облачность","2025-12-17 10:48"
"1.80","","-1.60","63","766","1022","","","","1.20","","SSW","Переменная облачность","2025-12-17 10:49"
"1.90","","-1.50","63","766","1022","","","","1.20","","SSW","Переменная облачность","2025-12-17 10:50"
"1.90","","-1.50","63","765","1021","","","","1.20","","SSW","Переменная облачность","2025-12-17 10:51"
"1.80","","-1.60","63","765","1021","","","","1.20","","SSW","Переменная облачность","2025-12-17 10:52"
"1.80","","-1.60","63","765","1021","","","","1.20","","SSW","Переменная облачность","2025-12-17 10:53"
"1.80","","-1.60","63","765","1021","","","","1.20","","SSW","Переменная облачность","2025-12-17 10:54"
"1.90","","-1.50","63","765","1021","","","","1.20","","SSW","Переменная облачность","2025-12-17 10:55"
"1.90","","-1.50","63","765","1021","","","","1.20","","SSW","Переменная облачность","2025-12-17 10:56"
"1.90","","-1.50","63","765","1021","","","","1.20","","SSW","Переменная облачность","2025-12-17 10:57"
"1.90","","-1.50","63","765","1021","","","","1.20","","SSW","Переменная облачность","2025-12-17 10:58"
"1.90","","-1.50","63","765","1021","","","","1.20","","SSW","Переменная облачность","2025-12-17 10:59"
"1.90","","-1.50","63","765","1021","","","","1.20","","SSW","Переменная облачность","2025-12-17 11:00"
"1.90","","-1.50","63","765","1021","","","","1.20","","SSW","Переменная облачность","2025-12-17 11:01"
"1.90","","-1.50","63","765","1021","","","","1.20","","SSW","Переменная облачность","2025-12-17 11:02"
"1.90","","-1.50","62","765","1021","","","","1.20","","SSW","Переменная облачность","2025-12-17 11:03"
"1.90","","-1.50","62","765","1021","","","","1.20","","SSW","Переменная облачность","2025-12-17 11:04"
"1.90","","-1.50","62","765","1021","","","","1.20","","SSW","Переменная облачность","2025-12-17 11:05"
"1.90","","-1.50","62","765","1021","","","","1.20","","SSW","Небольшая облачность","2025-12-17 11:06"
"1.90","","-1.50","62","766","1022","","","","1.20","","SSW","Небольшая облачность","2025-12-17 11:07"
"1.90","","-1.50","62","766","1022","","","","1.20","","SSW","Небольшая облачность","2025-12-17 11:08"
"1.90","","-1.50","62","766","1022","","","","1.20","","SSW","Небольшая облачность","2025-12-17 11:09"
"1.90","","-1.50","62","766","1022","","","","1.20","","SSW","Небольшая облачность","2025-12-17 11:10"
"1.90","","-1.50","62","766","1022","","","","1.20","","SSW","Небольшая облачность","2025-12-17 11:11"
"1.90","","-1.50","62","766","1022","","","","1.20","","SSW","Небольшая облачность","2025-12-17 11:12"
"1.90","","-1.50","62","766","1022","","","","1.20","","SSW","Небольшая облачность","2025-12-17 11:13"
"1.90","","-1.50","62","766","1022","","","","1.20","","SSW","Небольшая облачность","2025-12-17 11:14"
"1.90","","-1.50","62","766","1022","","","","1.20","","SSW","Небольшая облачность","2025-12-17 11:15"
"1.90","","-1.50","62","766","1022","","","","1.20","","SSW","Небольшая облачность","2025-12-17 11:16"
"1.90","","-1.50","62","766","1022","","","","1.20","","SSW","Небольшая облачность","2025-12-17 11:17"
"1.90","","-1.50","62","766","1022","","","","1.20","","SSW","Небольшая облачность","2025-12-17 11:18"
"1.90","","-1.50","62","766","1022","","","","1.20","","SSW","Небольшая облачность","2025-12-17 11:19"
"1.90","","-1.50","62","766","1022","","","","1.20","","SSW","Небольшая облачность","2025-12-17 11:20"
"1.90","","-1.50","62","766","1022","","","","1.20","","SSW","Небольшая облачность","2025-12-17 11:21"
"1.90","","-1.50","62","766","1022","","","","1.20","","SSW","Небольшая облачность","2025-12-17 11:22"
"1.90","","-1.50","62","766","1022","","","","1.20","","SSW","Небольшая облачность","2025-12-17 11:23"
"1.90","","-1.50","62","766","1022","","","","1.20","","SSW","Небольшая облачность","2025-12-17 11:24"
"1.90","","-1.50","62","766","1022","","","","1.20","","SSW","Небольшая облачность","2025-12-17 11:25"
"1.90","","-1.50","62","766","1022","","","","1.20","","SSW","Небольшая облачность","2025-12-17 11:26"
"1.90","","-1.50","62","766","1022","","","","1.20","","SSW","Небольшая облачность","2025-12-17 11:27"
"1.90","","-1.50","62","766","1022","","","","1.20","","SSW","Небольшая облачность","2025-12-17 11:28"
"1.90","","-1.50","62","766","1022","","","","1.20","","SSW","Небольшая облачность","2025-12-17 11:29"
"1.90","","-1.50","62","766","1022","","","","1.20","","SSW","Небольшая облачность","2025-12-17 11:30"
"1.90","","-1.50","62","766","1022","","","","1.20","","SSW","Небольшая облачность","2025-12-17 11:31"
"1.90","","-1.50","61","766","1022","","","","1.20","","SSW","Небольшая облачность","2025-12-17 11:32"
"1.90","","-1.50","61","766","1022","","","","1.20","","SSW","Небольшая облачность","2025-12-17 11:33"
"1.90","","-1.50","61","766","1022","","","","1.20","","SSW","Небольшая облачность","2025-12-17 11:34"
"1.90","","-1.50","61","766","1022","","","","1.20","","SSW","Небольшая облачность","2025-12-17 11:35"
"1.80","","-1.60","61","766","1022","","","","1.20","","SSW","Небольшая облачность","2025-12-17 11:36"
"1.80","","-1.60","61","766","1022","","","","1.20","","SSW","Небольшая облачность","2025-12-17 11:37"
"1.80","","-1.60","61","766","1022","","","","1.20","","SSW","Небольшая облачность","2025-12-17 11:38"
"1.80","","-1.60","61","766","1022","","","","1.20","","SSW","Небольшая облачность","2025-12-17 11:39"
"1.80","","-1.60","61","766","1022","","","","1.20","","SSW","Небольшая облачность","2025-12-17 11:40"
"1.80","","-1.60","61","766","1022","","","","1.20","","SSW","Небольшая облачность","2025-12-17 11:41"
"1.80","","-1.60","61","766","1022","","","","1.20","","SSW","Небольшая облачность","2025-12-17 11:42"
"1.80","","-1.60","61","766","1022","","","","1.20","","SSW","Небольшая облачность","2025-12-17 11:43"
"1.80","","-1.60","61","766","1022","","","","1.20","","SSW","Небольшая облачность","2025-12-17 11:44"
"1.80","","-1.60","61","766","1022","","","","1.20","","SSW","Небольшая облачность","2025-12-17 11:45"
"1.80","","-1.60","61","766","1022","","","","1.20","","SSW","Небольшая облачность","2025-12-17 11:46"
"1.80","","-1.60","61","766","1022","","","","1.20","","SSW","Небольшая облачность","2025-12-17 11:47"
"1.80","","-1.60","61","766","1022","","","","1.20","","SSW","Небольшая облачность","2025-12-17 11:48"
"1.80","","-1.60","61","766","1022","","","","1.20","","SSW","Небольшая облачность","2025-12-17 11:49"
"1.80","","-1.60","61","766","1022","","","","1.20","","SSW","Небольшая облачность","2025-12-17 11:50"
"1.80","","-1.60","61","766","1022","","","","1.20","","SSW","Небольшая облачность","2025-12-17 11:51"
"1.80","","-1.60","61","766","1022","","","","1.20","","SSW","Небольшая облачность","2025-12-17 11:52"
"1.80","","-1.60","61","766","1022","","","","1.20","","SSW","Небольшая облачность","2025-12-17 11:53"
"1.80","","-1.60","61","766","1022","","","","1.20","","SSW","Небольшая облачность","2025-12-17 11:54"
"1.80","","-1.60","61","766","1022","","","","1.20","","SSW","Небольшая облачность","2025-12-17 11:55"
"1.80","","-1.60","61","766","1022","","","","1.20","","SSW","Небольшая облачность","2025-12-17 11:56"
"1.80","","-1.60","61","766","1022","","","","1.20","","SSW","Небольшая облачность","2025-12-17 11:57"
"1.80","","-1.60","61","766","1022","","","","1.20","","SSW","Небольшая облачность","2025-12-17 11:58"
"1.80","","-1.60","61","766","1022","","","","1.20","","SSW","Небольшая облачность","2025-12-17 11:59"
"1.80","","-1.60","61","766","1022","","","","1.20","","SSW","Небольшая облачность","2025-12-17 12:00"
"1.80","","-1.60","61","766","1022","","","","1.20","","SSW","Небольшая облачность","2025-12-17 12:01"
"1.80","","-1.60","61","766","1022","","","","1.20","","SSW","Небольшая облачность","2025-12-17 12:02"
"1.80","","-1.60","61","766","1022","","","","1.20","","SSW","Небольшая облачность","2025-12-17 12:03"
"1.80","","-1.60","61","766","1022","","","","1.20","","SSW","Небольшая облачность","2025-12-17 12:04"
"1.80","","-1.60","61","766","1022","","","","1.20","","SSW","Небольшая облачность","2025-12-17 12:05"
"1.80","","-1.60","61","766","1022","","","","1.20","","SSW","Переменная облачность","2025-12-17 12:06"
"1.80","","-1.60","61","766","1022","","","","1.20","","SSW","Переменная облачность","2025-12-17 12:07"
"1.80","","-1.60","62","766","1022","","","","1.20","","SSW","Переменная облачность","2025-12-17 12:08"
"1.80","","-1.60","62","766","1022","","","","1.20","","SSW","Переменная облачность","2025-12-17 12:09"
"1.80","","-1.60","62","766","1022","","","","1.20","","SSW","Переменная облачность","2025-12-17 12:10"
"1.80","","-1.60","62","766","1022","","","","1.20","","SSW","Переменная облачность","2025-12-17 12:11"
"1.80","","-1.60","62","766","1022","","","","1.20","","SSW","Переменная облачность","2025-12-17 12:12"
"1.80","","-1.60","62","766","1022","","","","1.20","","SSW","Переменная облачность","2025-12-17 12:13"
"1.80","","-1.60","62","766","1022","","","","1.20","","SSW","Переменная облачность","2025-12-17 12:14"
"1.80","","-1.60","62","766","1022","","","","1.20","","SSW","Переменная облачность","2025-12-17 12:15"
"1.80","","-1.60","62","766","1022","","","","1.20","","SSW","Переменная облачность","2025-12-17 12:16"
"1.80","","-1.60","62","766","1022","","","","1.20","","SSW","Переменная облачность","2025-12-17 12:17"
"1.80","","-1.60","62","766","1022","","","","1.20","","SSW","Переменная облачность","2025-12-17 12:18"
"1.80","","-1.60","62","766","1022","","","","1.20","","SSW","Переменная облачность","2025-12-17 12:19"
"1.80","","-1.60","62","766","1022","","","","1.20","","SSW","Переменная облачность","2025-12-17 12:20"
"1.80","","-1.60","62","766","1022","","","","1.20","","SSW","Переменная облачность","2025-12-17 12:21"
"1.80","","-1.60","62","766","1022","","","","1.20","","SSW","Переменная облачность","2025-12-17 12:22"
"1.80","","-1.60","62","766","1022","","","","1.20","","SSW","Переменная облачность","2025-12-17 12:23"
"1.80","","-1.60","62","766","1022","","","","1.20","","SSW","Переменная облачность","2025-12-17 12:24"
"1.80","","-1.60","62","766","1022","","","","1.20","","SSW","Переменная облачность","2025-12-17 12:25"
"1.70","","-1.70","62","766","1022","","","","1.20","","SSW","Переменная облачность","2025-12-17 12:26"
"1.70","","-1.70","62","766","1022","","","","1.20","","SSW","Переменная облачность","2025-12-17 12:27"
"1.80","","-1.60","62","766","1022","","","","1.20","","SSW","Переменная облачность","2025-12-17 12:28"
"1.70","","-1.70","62","766","1022","","","","1.20","","SSW","Переменная облачность","2025-12-17 12:29"
"1.70","","-1.70","62","766","1022","","","","1.20","","SSW","Переменная облачность","2025-12-17 12:30"
"1.70","","-1.70","62","766","1022","","","","1.20","","SSW","Переменная облачность","2025-12-17 12:31"
"1.70","","-1.70","62","766","1022","","","","1.20","","SSW","Переменная облачность","2025-12-17 12:32"
"1.70","","-1.70","62","766","1022","","","","1.20","","SSW","Переменная облачность","2025-12-17 12:33"
"1.70","","-1.70","62","766","1022","","","","1.20","","SSW","Переменная облачность","2025-12-17 12:34"
"1.70","","-1.70","62","766","1022","","","","1.20","","SSW","Переменная облачность","2025-12-17 12:35"
"1.70","","-1.70","62","766","1022","","","","1.20","","SSW","Небольшая облачность","2025-12-17 12:36"
"1.70","","-1.70","62","766","1022","","","","1.20","","SSW","Небольшая облачность","2025-12-17 12:37"
"1.70","","-1.70","62","766","1022","","","","1.20","","SSW","Небольшая облачность","2025-12-17 12:38"
"1.70","","-1.70","62","766","1022","","","","1.20","","SSW","Небольшая облачность","2025-12-17 12:39"
"1.70","","-1.70","62","766","1022","","","","1.20","","SSW","Небольшая облачность","2025-12-17 12:40"
"1.70","","-1.70","62","766","1022","","","","1.20","","SSW","Небольшая облачность","2025-12-17 12:41"
"1.70","","-1.70","62","766","1022","","","","1.20","","SSW","Небольшая облачность","2025-12-17 12:42"
"1.70","","-1.70","62","766","1022","","","","1.20","","SSW","Небольшая облачность","2025-12-17 12:43"
"1.70","","-1.70","62","766","1022","","","","1.20","","SSW","Небольшая облачность","2025-12-17 12:44"
"1.70","","-1.70","62","766","1022","","","","1.20","","SSW","Небольшая облачность","2025-12-17 12:45"
"1.70","","-1.70","62","766","1022","","","","1.20","","SSW","Небольшая облачность","2025-12-17 12:46"
"1.70","","-1.70","62","766","1022","","","","1.20","","SSW","Небольшая облачность","2025-12-17 12:47"
"1.70","","-1.70","62","766","1022","","","","1.20","","SSW","Небольшая облачность","2025-12-17 12:48"
"1.70","","-1.70","62","766","1022","","","","1.20","","SSW","Небольшая облачность","2025-12-17 12:49"
"1.70","","-1.70","62","766","1022","","","","1.20","","SSW","Небольшая облачность","2025-12-17 12:50"
"1.70","","-1.70","62","765","1021","","","","1.20","","SSW","Небольшая облачность","2025-12-17 12:51"
"1.70","","-1.70","62","765","1021","","","","1.20","","SSW","Небольшая облачность","2025-12-17 12:52"
"1.70","","-1.70","62","765","1021","","","","1.20","","SSW","Небольшая облачность","2025-12-17 12:53"
"1.70","","-1.70","62","765","1021","","","","1.20","","SSW","Небольшая облачность","2025-12-17 12:54"
"1.70","","-1.70","62","765","1021","","","","1.20","","SSW","Небольшая облачность","2025-12-17 12:55"
"1.60","","-1.80","62","765","1021","","","","1.20","","SSW","Небольшая облачность","2025-12-17 12:56"
"1.60","","-1.80","62","765","1021","","","","1.20","","SSW","Небольшая облачность","2025-12-17 12:57"
"1.60","","-1.80","62","765","1021","","","","1.20","","SSW","Небольшая облачность","2025-12-17 12:58"
"1.60","","-1.80","62","765","1021","","","","1.20","","SSW","Небольшая облачность","2025-12-17 12:59"
"1.60","","-1.80","62","765","1021","","","","1.20","","SSW","Небольшая облачность","2025-12-17 13:00"
"1.60","","-1.80","62","765","1021","","","","1.20","","SSW","Небольшая облачность","2025-12-17 13:01"
"1.60","","-1.80","62","765","1021","","","","1.20","","SSW","Небольшая облачность","2025-12-17 13:02"
"1.60","","-1.80","62","765","1021","","","","1.20","","SSW","Небольшая облачность","2025-12-17 13:03"
"1.60","","-1.80","62","765","1021","","","","1.20","","SSW","Небольшая облачность","2025-12-17 13:04"
"1.60","","-1.80","62","765","1021","","","","1.20","","SSW","Небольшая облачность","2025-12-17 13:05"
"1.70","","-1.70","62","766","1022","","","","1.20","","SSW","Небольшая облачность","2025-12-17 13:06"
"1.60","","-1.80","63","766","1022","","","","1.20","","SSW","Небольшая облачность","2025-12-17 13:07"
"1.60","","-1.80","62","766","1022","","","","1.20","","SSW","Небольшая облачность","2025-12-17 13:08"
"1.60","","-1.80","63","766","1022","","","","1.20","","SSW","Небольшая облачность","2025-12-17 13:09"
"1.70","","-1.70","63","766","1022","","","","1.20","","SSW","Небольшая облачность","2025-12-17 13:10"
"1.70","","-1.70","63","766","1022","","","","1.20","","SSW","Небольшая облачность","2025-12-17 13:11"
"1.70","","-1.70","63","766","1022","","","","1.20","","SSW","Небольшая облачность","2025-12-17 13:12"
"1.60","","-1.80","63","766","1022","","","","1.20","","SSW","Небольшая облачность","2025-12-17 13:13"
"1.60","","-1.80","63","766","1022","","","","1.20","","SSW","Небольшая облачность","2025-12-17 13:14"
"1.60","","-1.80","63","766","1022","","","","1.20","","SSW","Небольшая облачность","2025-12-17 13:15"
"1.60","","-1.80","63","766","1022","","","","1.20","","SSW","Небольшая облачность","2025-12-17 13:16"
"1.60","","-1.80","63","766","1022","","","","1.20","","SSW","Небольшая облачность","2025-12-17 13:17"
"1.70","","-1.70","63","766","1022","","","","1.20","","SSW","Небольшая облачность","2025-12-17 13:18"
"1.60","","-1.80","63","766","1022","","","","1.20","","SSW","Небольшая облачность","2025-12-17 13:19"
"1.60","","-1.80","63","766","1022","","","","1.20","","SSW","Небольшая облачность","2025-12-17 13:20"
"1.60","","-1.80","63","766","1022","","","","1.20","","SSW","Небольшая облачность","2025-12-17 13:21"
"1.60","","-1.80","63","765","1021","","","","1.20","","SSW","Небольшая облачность","2025-12-17 13:22"
"1.60","","-1.80","63","765","1021","","","","1.20","","SSW","Небольшая облачность","2025-12-17 13:23"
"1.60","","-1.80","63","765","1021","","","","1.20","","SSW","Небольшая облачность","2025-12-17 13:24"
"1.60","","-1.80","63","765","1021","","","","1.20","","SSW","Небольшая облачность","2025-12-17 13:25"
"1.60","","-1.80","63","765","1021","","","","1.20","","SSW","Небольшая облачность","2025-12-17 13:26"
"1.60","","-1.80","63","765","1021","","","","1.20","","SSW","Небольшая облачность","2025-12-17 13:27"
"1.60","","-1.80","63","765","1021","","","","1.20","","SSW","Небольшая облачность","2025-12-17 13:28"
"1.60","","-1.80","63","765","1021","","","","1.20","","SSW","Небольшая облачность","2025-12-17 13:29"
"1.60","","-1.80","63","765","1021","","","","1.20","","SSW","Небольшая облачность","2025-12-17 13:30"
"1.60","","-1.80","63","765","1021","","","","1.20","","SSW","Небольшая облачность","2025-12-17 13:31"
"1.60","","-1.80","63","765","1021","","","","1.20","","SSW","Небольшая облачность","2025-12-17 13:32"
"1.60","","-1.80","63","765","1021","","","","1.20","","SSW","Небольшая облачность","2025-12-17 13:33"
"1.60","","-1.80","63","765","1021","","","","1.20","","SSW","Небольшая облачность","2025-12-17 13:34"
"1.60","","-1.80","63","765","1021","","","","1.20","","SSW","Небольшая облачность","2025-12-17 13:35"
"1.60","","-1.80","63","765","1021","","","","1.20","","SSW","Небольшая облачность","2025-12-17 13:36"
"1.60","","-1.80","63","766","1022","","","","1.20","","SSW","Небольшая облачность","2025-12-17 13:37"
"1.60","","-1.80","63","766","1022","","","","1.20","","SSW","Небольшая облачность","2025-12-17 13:38"
"1.60","","-1.80","63","766","1022","","","","1.20","","SSW","Небольшая облачность","2025-12-17 13:39"
"1.60","","-1.80","63","766","1022","","","","1.20","","SSW","Небольшая облачность","2025-12-17 13:40"
"1.60","","-1.80","63","766","1022","","","","1.20","","SSW","Небольшая облачность","2025-12-17 13:41"
"1.60","","-1.80","63","766","1022","","","","1.20","","SSW","Небольшая облачность","2025-12-17 13:42"
"1.60","","-1.80","63","766","1022","","","","1.20","","SSW","Небольшая облачность","2025-12-17 13:43"
"1.60","","-1.80","63","766","1022","","","","1.20","","SSW","Небольшая облачность","2025-12-17 13:44"
"1.60","","-1.80","64","766","1022","","","","1.20","","SSW","Небольшая облачность","2025-12-17 13:45"
"1.60","","-1.80","64","766","1022","","","","1.20","","SSW","Небольшая облачность","2025-12-17 13:46"
"1.60","","-1.80","64","766","1022","","","","1.20","","SSW","Небольшая облачность","2025-12-17 13:47"
"1.60","","-1.80","64","766","1022","","","","1.20","","SSW","Небольшая облачность","2025-12-17 13:48"
"1.60","","-1.80","64","766","1022","","","","1.20","","SSW","Небольшая облачность","2025-12-17 13:49"
"1.60","","-1.80","64","766","1022","","","","1.20","","SSW","Небольшая облачность","2025-12-17 13:50"
"1.60","","-1.80","64","766","1022","","","","1.20","","SSW","Небольшая облачность","2025-12-17 13:51"
"1.60","","-1.80","64","766","1022","","","","1.20","","SSW","Небольшая облачность","2025-12-17 13:52"
"1.60","","-1.80","64","766","1022","","","","1.20","","SSW","Небольшая облачность","2025-12-17 13:53"
"1.60","","-1.80","64","766","1022","","","","1.20","","SSW","Небольшая облачность","2025-12-17 13:54"
"1.60","","-1.80","64","766","1022","","","","1.20","","SSW","Небольшая облачность","2025-12-17 13:55"
"1.60","","-1.80","64","766","1022","","","","1.20","","SSW","Небольшая облачность","2025-12-17 13:56"
"1.60","","-1.80","64","766","1022","","","","1.20","","SSW","Небольшая облачность","2025-12-17 13:57"
"1.60","","-1.80","64","766","1022","","","","1.20","","SSW","Небольшая облачность","2025-12-17 13:58"
"1.60","","-1.80","64","766","1022","","","","1.20","","SSW","Небольшая облачность","2025-12-17 13:59"
"1.60","","-1.80","64","766","1022","","","","1.20","","SSW","Небольшая облачность","2025-12-17 14:00"
"1.60","","-1.80","64","766","1022","","","","1.20","","SSW","Небольшая облачность","2025-12-17 14:01"
"1.60","","-1.80","64","766","1022","","","","1.20","","SSW","Небольшая облачность","2025-12-17 14:02"
"1.60","","-1.80","64","766","1022","","","","1.20","","SSW","Небольшая облачность","2025-12-17 14:03"
"1.60","","-1.80","64","766","1022","","","","1.20","","SSW","Небольшая облачность","2025-12-17 14:04"
"1.60","","-1.80","64","766","1022","","","","1.20","","SSW","Небольшая облачность","2025-12-17 14:05"
"1.60","","-1.80","64","765","1021","","","","1.20","","SSW","Облачно","2025-12-17 14:06"
"1.60","","-1.80","64","765","1021","","","","1.20","","SSW","Облачно","2025-12-17 14:07"
"1.60","","-1.80","64","765","1021","","","","3.80","","SSW","Облачно","2025-12-17 14:08"
"1.60","","-1.80","64","765","1021","","","","3.80","","SSW","Облачно","2025-12-17 14:09"
"1.60","","-3.60","64","765","1021","","","","3.80","","SSW","Облачно","2025-12-17 14:10"
"1.60","","-3.60","64","765","1021","","","","3.80","","SSW","Облачно","2025-12-17 14:11"
"1.60","","-3.60","64","765","1021","","","","3.80","","SSW","Облачно","2025-12-17 14:12"
"1.60","","-3.60","64","765","1021","","","","3.80","","SSW","Облачно","2025-12-17 14:13"
"1.60","","-3.60","64","765","1021","","","","3.80","","SSW","Облачно","2025-12-17 14:14"
"1.60","","-3.60","64","765","1021","","","","3.80","","SSW","Облачно","2025-12-17 14:15"
"1.60","","-3.60","64","765","1021","","","","3.80","","SSW","Облачно","2025-12-17 14:16"
"1.60","","-3.60","64","765","1021","","","","3.80","","SSW","Облачно","2025-12-17 14:17"
"1.60","","-3.60","64","765","1021","","","","3.80","","SSW","Облачно","2025-12-17 14:18"
"1.60","","-3.60","64","765","1021","","","","3.80","","SSW","Облачно","2025-12-17 14:19"
"1.60","","-3.60","64","765","1021","","","","3.80","","SSW","Облачно","2025-12-17 14:20"
"1.60","","-3.60","64","766","1022","","","","3.80","","SSW","Облачно","2025-12-17 14:21"
"1.60","","-3.60","64","766","1022","","","","3.80","","SSW","Облачно","2025-12-17 14:22"
"1.60","","-3.60","64","766","1022","","","","3.80","","SSW","Облачно","2025-12-17 14:23"
"1.60","","-3.60","64","766","1022","","","","3.80","","SSW","Облачно","2025-12-17 14:24"
"1.60","","-3.60","64","766","1022","","","","3.80","","SSW","Облачно","2025-12-17 14:25"
"1.60","","-3.60","64","766","1022","","","","3.80","","SSW","Облачно","2025-12-17 14:26"
"1.60","","-3.60","64","766","1022","","","","3.80","","SSW","Облачно","2025-12-17 14:27"
"1.60","","-3.60","64","766","1022","","","","3.80","","SSW","Облачно","2025-12-17 14:28"
"1.60","","-3.60","64","766","1022","","","","3.80","","SSW","Облачно","2025-12-17 14:29"
"1.60","","-3.60","64","766","1022","","","","3.80","","SSW","Облачно","2025-12-17 14:30"
"1.60","","-3.60","64","766","1022","","","","3.80","","SSW","Облачно","2025-12-17 14:31"
"1.60","","-3.60","64","766","1022","","","","3.80","","SSW","Облачно","2025-12-17 14:32"
"1.60","","-3.60","64","766","1022","","","","3.80","","SSW","Облачно","2025-12-17 14:33"
"1.60","","-3.60","64","766","1022","","","","3.80","","SSW","Облачно","2025-12-17 14:34"
"1.60","","-3.60","64","766","1022","","","","3.80","","SSW","Облачно","2025-12-17 14:35"
"1.60","","-3.60","64","766","1022","","","","3.80","","SSW","Небольшая облачность","2025-12-17 14:36"
"1.60","","-3.60","64","766","1022","","","","1.30","","SSW","Небольшая облачность","2025-12-17 14:37"
"1.60","","-1.90","64","766","1022","","","","1.30","","SSW","Небольшая облачность","2025-12-17 14:38"
"1.60","","-1.90","64","766","1022","","","","1.30","","SSW","Небольшая облачность","2025-12-17 14:39"
"1.60","","-1.90","64","766","1022","","","","1.30","","SSW","Небольшая облачность","2025-12-17 14:40"
"1.60","","-1.90","64","766","1022","","","","1.30","","SSW","Небольшая облачность","2025-12-17 14:41"
"1.60","","-1.80","65","766","1022","","","","1.30","","SSW","Небольшая облачность","2025-12-17 14:42"
"1.60","","-1.80","65","766","1022","","","","1.30","","SSW","Небольшая облачность","2025-12-17 14:43"
"1.60","","-1.80","65","766","1022","","","","1.30","","SSW","Небольшая облачность","2025-12-17 14:44"
"1.60","","-1.80","65","766","1022","","","","1.30","","SSW","Небольшая облачность","2025-12-17 14:45"
"1.60","","-1.80","65","766","1022","","","","1.30","","SSW","Небольшая облачность","2025-12-17 14:46"
"1.60","","-1.80","65","766","1022","","","","1.30","","SSW","Небольшая облачность","2025-12-17 14:47"
"1.60","","-1.80","65","766","1022","","","","1.30","","SSW","Небольшая облачность","2025-12-17 14:48"
"1.60","","-1.80","65","766","1022","","","","1.30","","SSW","Небольшая облачность","2025-12-17 14:49"
"1.60","","-1.80","65","766","1022","","","","2.50","","SSW","Небольшая облачность","2025-12-17 14:50"
"1.60","","-2.70","65","766","1022","","","","2.50","","SSW","Небольшая облачность","2025-12-17 14:51"
"1.60","","-2.70","65","766","1022","","","","2.50","","SSW","Небольшая облачность","2025-12-17 14:52"
"1.60","","-2.70","65","766","1022","","","","3.50","","SSW","Небольшая облачность","2025-12-17 14:53"
"1.60","","-3.40","65","766","1022","","","","3.50","","SSW","Небольшая облачность","2025-12-17 14:54"
"1.60","","-3.40","65","766","1022","","","","3.50","","SSW","Небольшая облачность","2025-12-17 14:55"
"1.60","","-3.40","65","766","1022","","","","3.50","","SSW","Небольшая облачность","2025-12-17 14:56"
"1.60","","-3.40","65","766","1022","","","","3.50","","SSW","Небольшая облачность","2025-12-17 14:57"
"1.60","","-3.40","65","766","1022","","","","3.50","","SSW","Небольшая облачность","2025-12-17 14:58"
"1.60","","-3.40","65","766","1022","","","","3.50","","SSW","Небольшая облачность","2025-12-17 14:59"
"1.60","","-3.40","65","766","1022","","","","3.50","","SSW","Небольшая облачность","2025-12-17 15:00"
"1.60","","-3.40","65","766","1022","","","","3.50","","SSW","Небольшая облачность","2025-12-17 15:01"
"1.60","","-3.40","65","766","1022","","","","3.50","","SSW","Небольшая облачность","2025-12-17 15:02"
"1.60","","-3.40","65","766","1022","","","","3.50","","SSW","Небольшая облачность","2025-12-17 15:03"
"1.60","","-3.40","65","766","1022","","","","1.70","","SSW","Небольшая облачность","2025-12-17 15:04"
"1.60","","-3.40","65","766","1022","","","","2.20","","SSW","Небольшая облачность","2025-12-17 15:05"
"1.60","","-2.50","65","766","1022","","","","2.20","","SSW","Небольшая облачность","2025-12-17 15:06"
"1.60","","-1.70","65","766","1022","","","","1.20","","SSW","Небольшая облачность","2025-12-17 15:07"
"1.60","","-1.80","65","766","1022","","","","1.20","","SSW","Небольшая облачность","2025-12-17 15:08"
"1.60","","-1.80","65","766","1022","","","","1.20","","SSW","Небольшая облачность","2025-12-17 15:09"
"1.60","","-1.80","65","766","1022","","","","1.20","","SSW","Небольшая облачность","2025-12-17 15:10"
"1.60","","-1.80","65","766","1022","","","","1.20","","SSW","Небольшая облачность","2025-12-17 15:11"
"1.60","","-1.80","65","766","1022","","","","2.00","","SSW","Небольшая облачность","2025-12-17 15:12"
"1.60","","-2.30","65","766","1022","","","","1.20","","SSW","Небольшая облачность","2025-12-17 15:13"
"1.60","","-1.80","65","766","1022","","","","1.20","","SSW","Небольшая облачность","2025-12-17 15:14"
"1.60","","-1.80","65","766","1022","","","","1.60","","SSW","Небольшая облачность","2025-12-17 15:15"
"1.60","","-1.80","65","766","1022","","","","1.40","","SSW","Небольшая облачность","2025-12-17 15:16"
"1.60","","-1.70","65","766","1022","","","","1.10","","SSW","Небольшая облачность","2025-12-17 15:17"
"1.60","","-1.70","65","766","1022","","","","1.10","","SSW","Небольшая облачность","2025-12-17 15:18"
"1.60","","-1.70","65","766","1022","","","","1.10","","SSW","Небольшая облачность","2025-12-17 15:19"
"1.60","","-1.70","65","766","1022","","","","1.10","","SSW","Небольшая облачность","2025-12-17 15:20"
"1.60","","-1.70","65","766","1022","","","","2.20","","SSW","Небольшая облачность","2025-12-17 15:21"
"1.60","","-2.50","65","766","1022","","","","2.20","","SSW","Небольшая облачность","2025-12-17 15:22"
"1.60","","-2.50","65","766","1022","","","","2.20","","SSW","Небольшая облачность","2025-12-17 15:23"
"1.60","","-2.50","65","766","1022","","","","2.20","","SSW","Небольшая облачность","2025-12-17 15:24"
"1.60","","-2.90","65","766","1022","","","","2.80","","SSW","Небольшая облачность","2025-12-17 15:25"
"1.60","","-2.90","65","766","1022","","","","2.80","","SSW","Небольшая облачность","2025-12-17 15:26"
"1.60","","-2.90","65","766","1022","","","","2.80","","SSW","Небольшая облачность","2025-12-17 15:27"
"1.60","","-2.90","65","766","1022","","","","2.80","","SSW","Небольшая облачность","2025-12-17 15:28"
"1.60","","-2.30","65","766","1022","","","","1.80","","SSW","Небольшая облачность","2025-12-17 15:29"
"1.60","","-2.20","65","766","1022","","","","1.80","","SSW","Небольшая облачность","2025-12-17 15:30"
"1.60","","-2.20","65","766","1022","","","","1.80","","SSW","Небольшая облачность","2025-12-17 15:31"
"1.60","","-2.20","65","766","1022","","","","1.80","","SSW","Небольшая облачность","2025-12-17 15:32"
"1.60","","-3.10","65","766","1022","","","","2.80","","SSW","Небольшая облачность","2025-12-17 15:33"
"1.60","","-3.10","65","766","1022","","","","2.80","","SSW","Небольшая облачность","2025-12-17 15:34"
"1.60","","-1.70","65","766","1022","","","","1.10","","SSW","Небольшая облачность","2025-12-17 15:35"
"1.60","","-1.70","65","766","1022","","","","0.90","","SSW","Небольшая облачность","2025-12-17 15:36"
"1.60","","-1.60","65","766","1022","","","","0.90","","SSW","Небольшая облачность","2025-12-17 15:37"
"1.60","","-1.60","65","766","1022","","","","0.50","","SSW","Небольшая облачность","2025-12-17 15:38"
"1.60","","-1.30","65","766","1022","","","","0.50","","SSW","Небольшая облачность","2025-12-17 15:39"
"1.60","","-1.30","65","766","1022","","","","0.50","","SSW","Небольшая облачность","2025-12-17 15:40"
"1.60","","-1.60","65","766","1022","","","","1.00","","SSW","Небольшая облачность","2025-12-17 15:41"
"1.60","","-1.60","65","766","1022","","","","1.00","","SSW","Небольшая облачность","2025-12-17 15:42"
"1.60","","-1.60","65","766","1022","","","","1.30","","SSW","Небольшая облачность","2025-12-17 15:43"
"1.60","","-1.80","65","766","1022","","","","1.50","","SSW","Небольшая облачность","2025-12-17 15:44"
"1.60","","-2.00","65","766","1022","","","","1.50","","SSW","Небольшая облачность","2025-12-17 15:45"
"1.60","","-2.00","65","766","1022","","","","1.80","","SSW","Небольшая облачность","2025-12-17 15:46"
"1.60","","-1.40","65","766","1022","","","","0.70","","SSW","Небольшая облачность","2025-12-17 15:47"
"1.60","","-2.70","65","766","1022","","","","2.60","","SSW","Небольшая облачность","2025-12-17 15:48"
"1.60","","-2.70","65","766","1022","","","","2.60","","SSW","Небольшая облачность","2025-12-17 15:49"
"1.60","","-2.90","65","766","1022","","","","2.80","","SSW","Небольшая облачность","2025-12-17 15:50"
"1.60","","-2.90","65","766","1022","","","","2.80","","SSW","Небольшая облачность","2025-12-17 15:51"
"1.60","","-2.90","65","766","1022","","","","2.80","","SSW","Небольшая облачность","2025-12-17 15:52"
"1.60","","-2.90","65","766","1022","","","","0.70","","SSW","Небольшая облачность","2025-12-17 15:53"
"1.60","","-1.40","65","766","1022","","","","0.50","","SSW","Небольшая облачность","2025-12-17 15:54"
"1.60","","-1.30","65","766","1022","","","","0.50","","SSW","Небольшая облачность","2025-12-17 15:55"
"1.60","","-2.10","65","766","1022","","","","1.70","","SSW","Небольшая облачность","2025-12-17 15:56"
"1.60","","-1.20","65","766","1022","","","","0.40","","SSW","Небольшая облачность","2025-12-17 15:57"
"1.60","","-1.20","65","766","1022","","","","0.40","","SSW","Небольшая облачность","2025-12-17 15:58"
"1.60","","-1.20","65","766","1022","","","","0.40","","SSW","Небольшая облачность","2025-12-17 15:59"
"1.60","","-1.20","65","766","1022","","","","0.50","","SSW","Небольшая облачность","2025-12-17 16:00"
"1.60","","-1.30","65","766","1022","","","","0.50","","SSW","Небольшая облачность","2025-12-17 16:01"
"1.60","","-1.30","65","766","1022","","","","0.50","","SSW","Небольшая облачность","2025-12-17 16:02"
"1.60","","-1.30","65","766","1022","","","","0.60","","SSW","Небольшая облачность","2025-12-17 16:03"
"1.60","","-1.80","65","766","1022","","","","1.30","","SSW","Небольшая облачность","2025-12-17 16:04"
"1.60","","-2.70","65","766","1022","","","","2.50","","SSW","Небольшая облачность","2025-12-17 16:05"
"1.60","","-2.70","65","766","1022","","","","2.50","","SSW","Небольшая облачность","2025-12-17 16:06"
"1.60","","-2.70","65","766","1022","","","","0.90","","SSW","Небольшая облачность","2025-12-17 16:07"
"1.60","","-1.60","65","766","1022","","","","0.90","","SSW","Небольшая облачность","2025-12-17 16:08"
"1.60","","-1.60","65","766","1022","","","","0.90","","SSW","Небольшая облачность","2025-12-17 16:09"
"1.60","","-3.40","65","766","1022","","","","3.60","","SSW","Небольшая облачность","2025-12-17 16:10"
"1.60","","-3.40","65","766","1022","","","","3.60","","SSW","Небольшая облачность","2025-12-17 16:11"
"1.60","","-2.10","65","766","1022","","","","2.40","","SSW","Небольшая облачность","2025-12-17 16:12"
"1.60","","-2.60","65","766","1022","","","","2.40","","SSW","Небольшая облачность","2025-12-17 16:13"
"1.60","","-2.00","65","766","1022","","","","1.50","","SSW","Небольшая облачность","2025-12-17 16:14"
"1.60","","-2.00","65","766","1022","","","","2.20","","SSW","Небольшая облачность","2025-12-17 16:15"
"1.60","","-2.50","65","766","1022","","","","2.20","","SSW","Небольшая облачность","2025-12-17 16:16"
"1.60","","-2.50","65","766","1022","","","","2.20","","SSW","Небольшая облачность","2025-12-17 16:17"
"1.60","","-3.40","65","766","1022","","","","3.50","","SSW","Небольшая облачность","2025-12-17 16:18"
"1.60","","-3.00","65","766","1022","","","","2.20","","SSW","Небольшая облачность","2025-12-17 16:19"
"1.60","","-2.50","65","766","1022","","","","2.20","","SSW","Небольшая облачность","2025-12-17 16:20"
"1.60","","-2.50","65","766","1022","","","","2.20","","SSW","Небольшая облачность","2025-12-17 16:21"
"1.60","","-2.50","65","766","1022","","","","2.20","","SSW","Небольшая облачность","2025-12-17 16:22"
"1.60","","-2.50","65","766","1022","","","","2.20","","SSW","Небольшая облачность","2025-12-17 16:23"
"1.60","","-2.70","65","766","1022","","","","2.50","","SSW","Небольшая облачность","2025-12-17 16:24"
"1.60","","-2.90","65","766","1022","","","","2.80","","SSW","Небольшая облачность","2025-12-17 16:25"
"1.60","","-2.90","65","766","1022","","","","2.80","","SSW","Небольшая облачность","2025-12-17 16:26"
"1.60","","-1.90","65","766","1022","","","","1.20","","SSW","Небольшая облачность","2025-12-17 16:27"
"1.60","","-1.90","65","766","1022","","","","1.40","","SSW","Небольшая облачность","2025-12-17 16:28"
"1.60","","-1.90","65","766","1022","","","","1.40","","SSW","Небольшая облачность","2025-12-17 16:29"
"1.60","","-2.10","66","766","1022","","","","1.10","","SSW","Небольшая облачность","2025-12-17 16:30"
"1.60","","-2.10","66","766","1022","","","","1.60","","SSW","Небольшая облачность","2025-12-17 16:31"
"1.60","","-2.00","66","766","1022","","","","0.70","","SSW","Небольшая облачность","2025-12-17 16:32"
"1.60","","-1.40","66","766","1022","","","","0.70","","SSW","Небольшая облачность","2025-12-17 16:33"
"1.60","","-2.00","66","766","1022","","","","1.60","","SSW","Небольшая облачность","2025-12-17 16:34"
"1.60","","-2.00","66","766","1022","","","","2.90","","SSW","Небольшая облачность","2025-12-17 16:35"
"1.60","","-2.90","66","766","1022","","","","0.50","","SSW","Небольшая облачность","2025-12-17 16:36"
"1.60","","-1.30","66","766","1022","","","","0.50","","SSW","Небольшая облачность","2025-12-17 16:37"
"1.60","","-1.30","66","766","1022","","","","0.50","","SSW","Небольшая облачность","2025-12-17 16:38"
"1.60","","-1.30","66","766","1022","","","","0.90","","SSW","Небольшая облачность","2025-12-17 16:39"
"1.60","","-1.30","66","766","1022","","","","0.50","","SSW","Небольшая облачность","2025-12-17 16:40"
"1.60","","-1.30","66","766","1022","","","","0.50","","SSW","Небольшая облачность","2025-12-17 16:41"
"1.60","","-1.20","66","766","1022","","","","0.40","","SSW","Небольшая облачность","2025-12-17 16:42"
"1.60","","-2.40","66","766","1022","","","","2.20","","SSW","Небольшая облачность","2025-12-17 16:43"
"1.60","","-2.40","66","766","1022","","","","2.20","","SSW","Небольшая облачность","2025-12-17 16:44"
"1.60","","-2.40","66","766","1022","","","","1.20","","SSW","Небольшая облачность","2025-12-17 16:45"
"1.60","","-1.70","66","766","1022","","","","1.70","","SSW","Небольшая облачность","2025-12-17 16:46"
"1.60","","-1.70","66","766","1022","","","","1.70","","SSW","Небольшая облачность","2025-12-17 16:47"
"1.60","","-2.10","66","766","1022","","","","1.70","","SSW","Небольшая облачность","2025-12-17 16:48"
"1.60","","-2.60","66","766","1022","","","","2.40","","SSW","Небольшая облачность","2025-12-17 16:49"
"1.60","","-2.60","66","766","1022","","","","2.40","","SSW","Небольшая облачность","2025-12-17 16:50"
"1.60","","-2.60","66","766","1022","","","","1.50","","SSW","Небольшая облачность","2025-12-17 16:51"
"1.60","","-2.00","66","766","1022","","","","1.50","","SSW","Небольшая облачность","2025-12-17 16:52"
"1.60","","-2.00","66","766","1022","","","","1.90","","SSW","Небольшая облачность","2025-12-17 16:53"
"1.60","","-2.20","66","766","1022","","","","1.90","","SSW","Небольшая облачность","2025-12-17 16:54"
"1.60","","-1.40","66","766","1022","","","","0.70","","SSW","Небольшая облачность","2025-12-17 16:55"
"1.60","","-1.40","66","766","1022","","","","0.70","","SSW","Небольшая облачность","2025-12-17 16:56"
"1.60","","-1.40","66","766","1022","","","","0.70","","SSW","Небольшая облачность","2025-12-17 16:57"
"1.60","","-1.40","66","766","1022","","","","2.50","","SSW","Небольшая облачность","2025-12-17 16:58"
"1.60","","-2.70","66","766","1022","","","","2.50","","SSW","Небольшая облачность","2025-12-17 16:59"
"1.60","","-2.70","66","766","1022","","","","2.50","","SSW","Небольшая облачность","2025-12-17 17:00"
"1.60","","-2.70","66","766","1022","","","","1.10","","SSW","Небольшая облачность","2025-12-17 17:01"
"1.60","","-1.70","66","766","1022","","","","1.10","","SSW","Небольшая облачность","2025-12-17 17:02"
"1.60","","-1.60","66","766","1022","","","","1.00","","SSW","Небольшая облачность","2025-12-17 17:03"
"1.60","","-1.60","66","766","1022","","","","1.00","","SSW","Небольшая облачность","2025-12-17 17:04"
"1.60","","-1.90","66","766","1022","","","","1.40","","SSW","Небольшая облачность","2025-12-17 17:05"
"1.60","","-1.90","66","767","1023","","","","0.00","","SSW","Небольшая облачность","2025-12-17 17:06"
"1.60","","-0.90","66","767","1023","","","","0.00","","SSW","Небольшая облачность","2025-12-17 17:07"
"1.60","","-1.70","66","767","1023","","","","0.90","","SSW","Небольшая облачность","2025-12-17 17:08"
"1.60","","-1.50","66","767","1023","","","","0.90","","SSW","Небольшая облачность","2025-12-17 17:09"
"1.60","","-1.90","66","767","1023","","","","1.40","","SSW","Небольшая облачность","2025-12-17 17:10"
"1.60","","-1.90","66","767","1023","","","","1.40","","SSW","Небольшая облачность","2025-12-17 17:11"
"1.60","","-1.90","66","767","1023","","","","0.60","","SSW","Небольшая облачность","2025-12-17 17:12"
"1.60","","-1.80","66","767","1023","","","","1.30","","SSW","Небольшая облачность","2025-12-17 17:13"
"1.60","","-1.80","66","767","1023","","","","1.30","","SSW","Небольшая облачность","2025-12-17 17:14"
"1.60","","-1.50","66","767","1023","","","","0.70","","SSW","Небольшая облачность","2025-12-17 17:15"
"1.60","","-1.40","66","767","1023","","","","0.70","","SSW","Небольшая облачность","2025-12-17 17:16"
"1.60","","-1.50","66","767","1023","","","","0.90","","SSW","Небольшая облачность","2025-12-17 17:17"
"1.60","","-1.50","66","767","1023","","","","0.90","","SSW","Небольшая облачность","2025-12-17 17:18"
"1.60","","-1.60","66","767","1023","","","","1.00","","SSW","Небольшая облачность","2025-12-17 17:19"
"1.60","","-1.60","66","767","1023","","","","1.00","","SSW","Небольшая облачность","2025-12-17 17:20"
"1.60","","-2.00","66","766","1022","","","","1.60","","SSW","Небольшая облачность","2025-12-17 17:21"
"1.60","","-2.00","66","766","1022","","","","0.70","","SSW","Небольшая облачность","2025-12-17 17:22"
"1.60","","-2.00","66","766","1022","","","","0.70","","SSW","Небольшая облачность","2025-12-17 17:23"
"1.60","","-1.60","66","766","1022","","","","0.60","","SSW","Небольшая облачность","2025-12-17 17:24"
"1.60","","-1.30","66","766","1022","","","","0.90","","SSW","Небольшая облачность","2025-12-17 17:25"
"1.60","","-1.30","66","766","1022","","","","0.90","","SSW","Небольшая облачность","2025-12-17 17:26"
"1.60","","-1.70","66","766","1022","","","","1.10","","SSW","Небольшая облачность","2025-12-17 17:27"
"1.60","","-1.70","66","766","1022","","","","1.10","","SSW","Небольшая облачность","2025-12-17 17:28"
"1.60","","-1.70","66","766","1022","","","","1.10","","SSW","Небольшая облачность","2025-12-17 17:29"
"1.60","","-2.40","66","766","1022","","","","3.50","","SSW","Небольшая облачность","2025-12-17 17:30"
"1.60","","-2.40","66","766","1022","","","","1.00","","SSW","Небольшая облачность","2025-12-17 17:31"
"1.60","","-2.00","66","766","1022","","","","1.50","","SSW","Небольшая облачность","2025-12-17 17:32"
"1.60","","-2.00","66","766","1022","","","","1.50","","SSW","Небольшая облачность","2025-12-17 17:33"
"1.60","","-2.00","66","766","1022","","","","1.50","","SSW","Небольшая облачность","2025-12-17 17:34"
"1.60","","-2.00","66","766","1022","","","","2.70","","SSW","Небольшая облачность","2025-12-17 17:35"
"1.60","","-2.80","66","767","1023","","","","2.70","","SSW","Небольшая облачность","2025-12-17 17:36"
"1.60","","-2.80","66","767","1023","","","","1.20","","SSW","Небольшая облачность","2025-12-17 17:37"
"1.60","","-2.80","66","767","1023","","","","1.40","","SSW","Небольшая облачность","2025-12-17 17:38"
"1.60","","-1.90","66","767","1023","","","","2.40","","SSW","Небольшая облачность","2025-12-17 17:39"
"1.60","","-2.60","66","767","1023","","","","2.40","","SSW","Небольшая облачность","2025-12-17 17:40"
"1.60","","-1.50","66","767","1023","","","","0.90","","SSW","Небольшая облачность","2025-12-17 17:41"
"1.60","","-1.50","66","767","1023","","","","0.90","","SSW","Небольшая облачность","2025-12-17 17:42"
"1.60","","-1.50","66","767","1023","","","","0.90","","SSW","Небольшая облачность","2025-12-17 17:43"
"1.60","","-1.50","66","767","1023","","","","3.40","","SSW","Небольшая облачность","2025-12-17 17:44"
"1.60","","-3.30","66","767","1023","","","","3.40","","SSW","Небольшая облачность","2025-12-17 17:45"
"1.60","","-3.30","66","767","1023","","","","3.40","","SSW","Небольшая облачность","2025-12-17 17:46"
"1.60","","-3.30","66","767","1023","","","","2.00","","SSW","Небольшая облачность","2025-12-17 17:47"
"1.60","","-2.70","66","767","1023","","","","2.50","","SSW","Небольшая облачность","2025-12-17 17:48"
"1.60","","-2.70","66","767","1023","","","","1.90","","SSW","Небольшая облачность","2025-12-17 17:49"
"1.60","","-2.20","66","767","1023","","","","2.60","","SSW","Небольшая облачность","2025-12-17 17:50"
"1.60","","-2.70","66","767","1023","","","","1.40","","SSW","Небольшая облачность","2025-12-17 17:51"
"1.60","","-2.70","66","767","1023","","","","1.40","","SSW","Небольшая облачность","2025-12-17 17:52"
"1.60","","-2.70","66","767","1023","","","","2.60","","SSW","Небольшая облачность","2025-12-17 17:53"
"1.60","","-2.70","66","767","1023","","","","2.60","","SSW","Небольшая облачность","2025-12-17 17:54"
"1.60","","-2.70","66","767","1023","","","","2.60","","SSW","Небольшая облачность","2025-12-17 17:55"
"1.60","","-2.70","66","767","1023","","","","2.50","","SSW","Небольшая облачность","2025-12-17 17:56"
"1.60","","-2.70","66","767","1023","","","","2.50","","SSW","Небольшая облачность","2025-12-17 17:57"
"1.60","","-2.00","66","767","1023","","","","0.90","","SSW","Небольшая облачность","2025-12-17 17:58"
"1.60","","-2.00","66","767","1023","","","","0.90","","SSW","Небольшая облачность","2025-12-17 17:59"
"1.60","","-1.70","66","767","1023","","","","1.10","","SSW","Небольшая облачность","2025-12-17 18:00"
"1.60","","-1.70","66","767","1023","","","","1.80","","SSW","Небольшая облачность","2025-12-17 18:01"
"1.60","","-1.70","66","767","1023","","","","1.80","","SSW","Небольшая облачность","2025-12-17 18:02"
"1.60","","-1.80","66","767","1023","","","","0.50","","SSW","Небольшая облачность","2025-12-17 18:03"
"1.60","","-1.80","66","767","1023","","","","3.10","","SSW","Небольшая облачность","2025-12-17 18:04"
"1.60","","-1.80","66","767","1023","","","","2.10","","SSW","Небольшая облачность","2025-12-17 18:05"
"1.60","","-1.80","66","767","1023","","","","1.50","","SSW","Небольшая облачность","2025-12-17 18:06"
"1.60","","-1.80","66","767","1023","","","","1.50","","SSW","Небольшая облачность","2025-12-17 18:07"
"1.60","","-1.80","66","767","1023","","","","1.50","","SSW","Небольшая облачность","2025-12-17 18:08"
"1.60","","-1.80","66","767","1023","","","","2.00","","SSW","Небольшая облачность","2025-12-17 18:09"
"1.60","","-2.00","66","767","1023","","","","1.60","","SSW","Небольшая облачность","2025-12-17 18:10"
"1.60","","-2.00","66","767","1023","","","","1.60","","SSW","Небольшая облачность","2025-12-17 18:11"
"1.60","","-2.00","66","767","1023","","","","1.60","","SSW","Небольшая облачность","2025-12-17 18:12"
"1.60","","-2.00","66","767","1023","","","","1.60","","SSW","Небольшая облачность","2025-12-17 18:13"
"1.60","","-2.00","66","767","1023","","","","1.60","","SSW","Небольшая облачность","2025-12-17 18:14"
"1.60","","-2.00","66","767","1023","","","","1.60","","SSW","Небольшая облачность","2025-12-17 18:15"
"1.60","","-2.00","66","767","1023","","","","1.60","","SSW","Небольшая облачность","2025-12-17 18:16"
"1.60","","-2.00","66","767","1023","","","","1.60","","SSW","Небольшая облачность","2025-12-17 18:17"
"1.60","","-0.90","66","767","1023","","","","0.00","","SSW","Небольшая облачность","2025-12-17 18:18"
"1.60","","-1.30","66","767","1023","","","","0.60","","SSW","Небольшая облачность","2025-12-17 18:19"
"1.60","","-1.30","66","767","1023","","","","1.10","","SSW","Небольшая облачность","2025-12-17 18:20"
"1.60","","-1.30","66","767","1023","","","","1.10","","SSW","Небольшая облачность","2025-12-17 18:21"
"1.60","","-2.30","66","767","1023","","","","2.00","","SSW","Небольшая облачность","2025-12-17 18:22"
"1.60","","-2.00","66","767","1023","","","","1.60","","SSW","Небольшая облачность","2025-12-17 18:23"
"1.60","","-2.00","66","767","1023","","","","2.60","","SSW","Небольшая облачность","2025-12-17 18:24"
"1.60","","-2.70","66","767","1023","","","","2.60","","SSW","Небольшая облачность","2025-12-17 18:25"
"1.60","","-2.70","66","767","1023","","","","2.60","","SSW","Небольшая облачность","2025-12-17 18:26"
"1.60","","-2.70","66","767","1023","","","","2.60","","SSW","Небольшая облачность","2025-12-17 18:27"
"1.60","","-3.30","66","767","1023","","","","3.40","","SSW","Небольшая облачность","2025-12-17 18:28"
"1.60","","-2.40","66","767","1023","","","","2.10","","SSW","Небольшая облачность","2025-12-17 18:29"
"1.60","","-2.40","66","767","1023","","","","2.70","","SSW","Небольшая облачность","2025-12-17 18:30"
"1.60","","-2.80","66","767","1023","","","","2.70","","SSW","Небольшая облачность","2025-12-17 18:31"
"1.60","","-1.90","66","767","1023","","","","1.40","","SSW","Небольшая облачность","2025-12-17 18:32"
"1.60","","-1.80","66","767","1023","","","","1.30","","SSW","Небольшая облачность","2025-12-17 18:33"
"1.60","","-1.80","66","767","1023","","","","1.30","","SSW","Небольшая облачность","2025-12-17 18:34"
"1.60","","-1.80","66","767","1023","","","","3.50","","SSW","Небольшая облачность","2025-12-17 18:35"
"1.60","","-2.40","66","767","1023","","","","2.10","","SSW","Небольшая облачность","2025-12-17 18:36"
"1.60","","-2.40","66","767","1023","","","","2.20","","SSW","Небольшая облачность","2025-12-17 18:37"
"1.60","","-2.40","66","767","1023","","","","2.20","","SSW","Небольшая облачность","2025-12-17 18:38"
"1.60","","-2.40","66","767","1023","","","","2.90","","SSW","Небольшая облачность","2025-12-17 18:39"
"1.60","","-2.10","66","767","1023","","","","1.70","","SSW","Небольшая облачность","2025-12-17 18:40"
"1.60","","-2.10","67","767","1023","","","","1.70","","SSW","Небольшая облачность","2025-12-17 18:41"
"1.60","","-2.10","67","767","1023","","","","1.70","","SSW","Небольшая облачность","2025-12-17 18:42"
"1.60","","-1.70","67","767","1023","","","","1.10","","SSW","Небольшая облачность","2025-12-17 18:43"
"1.50","","-1.30","67","767","1023","","","","0.50","","SSW","Небольшая облачность","2025-12-17 18:44"
"1.50","","-1.30","67","767","1023","","","","0.40","","SSW","Небольшая облачность","2025-12-17 18:45"
"1.50","","-1.30","67","767","1023","","","","0.50","","SSW","Небольшая облачность","2025-12-17 18:46"
"1.50","","-1.30","67","767","1023","","","","0.00","","SSW","Небольшая облачность","2025-12-17 18:47"
"1.50","","-1.00","67","767","1023","","","","0.00","","SSW","Небольшая облачность","2025-12-17 18:48"
"1.50","","-1.00","67","767","1023","","","","0.00","","SSW","Небольшая облачность","2025-12-17 18:49"
"1.50","","-1.00","67","767","1023","","","","0.00","","SSW","Небольшая облачность","2025-12-17 18:50"
"1.50","","-1.00","67","767","1023","","","","1.10","","SSW","Небольшая облачность","2025-12-17 18:51"
"1.50","","-1.30","67","767","1023","","","","0.40","","SSW","Небольшая облачность","2025-12-17 18:52"
"1.50","","-1.30","67","767","1023","","","","0.00","","SSW","Небольшая облачность","2025-12-17 18:53"
"1.50","","-1.00","67","767","1023","","","","0.00","","SSW","Небольшая облачность","2025-12-17 18:54"
"1.50","","-1.00","67","767","1023","","","","0.00","","SSW","Небольшая облачность","2025-12-17 18:55"
"1.50","","-1.00","67","767","1023","","","","0.60","","SSW","Небольшая облачность","2025-12-17 18:56"
"1.50","","-1.30","67","767","1023","","","","0.50","","SSW","Небольшая облачность","2025-12-17 18:57"
"1.50","","-1.00","67","767","1023","","","","0.00","","SSW","Небольшая облачность","2025-12-17 18:58"
"1.50","","-1.00","67","767","1023","","","","0.00","","SSW","Небольшая облачность","2025-12-17 18:59"
"1.50","","-1.00","67","767","1023","","","","0.50","","SSW","Небольшая облачность","2025-12-17 19:00"
"1.60","","-1.20","67","767","1023","","","","0.40","","SSW","Небольшая облачность","2025-12-17 19:01"
"1.60","","-1.20","67","767","1023","","","","0.40","","SSW","Небольшая облачность","2025-12-17 19:02"
"1.60","","-0.90","67","767","1023","","","","0.90","","SSW","Небольшая облачность","2025-12-17 19:03"
"1.50","","-1.60","67","767","1023","","","","0.90","","SSW","Небольшая облачность","2025-12-17 19:04"
"1.50","","-1.60","67","767","1023","","","","0.00","","SSW","Небольшая облачность","2025-12-17 19:05"
"1.50","","-1.30","67","767","1023","","","","0.40","","SSW","Небольшая облачность","2025-12-17 19:06"
"1.50","","-1.30","67","767","1023","","","","0.40","","SSW","Небольшая облачность","2025-12-17 19:07"
"1.60","","-1.30","68","767","1023","","","","1.40","","SSW","Небольшая облачность","2025-12-17 19:08"
"1.60","","-1.80","68","767","1023","","","","1.70","","SSW","Небольшая облачность","2025-12-17 19:09"
"1.60","","-2.10","68","767","1023","","","","1.50","","SSW","Небольшая облачность","2025-12-17 19:10"
"1.60","","-1.90","68","767","1023","","","","1.50","","SSW","Небольшая облачность","2025-12-17 19:11"
"1.60","","-1.90","68","767","1023","","","","0.40","","SSW","Небольшая облачность","2025-12-17 19:12"
"1.60","","-1.90","68","767","1023","","","","0.40","","SSW","Небольшая облачность","2025-12-17 19:13"
"1.60","","-0.90","68","767","1023","","","","0.00","","SSW","Небольшая облачность","2025-12-17 19:14"
"1.60","","-0.90","68","767","1023","","","","0.70","","SSW","Небольшая облачность","2025-12-17 19:15"
"1.60","","-1.40","68","767","1023","","","","0.60","","SSW","Небольшая облачность","2025-12-17 19:16"
"1.60","","-1.30","68","767","1023","","","","0.00","","SSW","Небольшая облачность","2025-12-17 19:17"
"1.60","","-0.90","68","767","1023","","","","0.00","","SSW","Небольшая облачность","2025-12-17 19:18"
"1.60","","-0.90","68","767","1023","","","","0.00","","SSW","Небольшая облачность","2025-12-17 19:19"
"1.60","","-0.90","68","767","1023","","","","0.00","","SSW","Небольшая облачность","2025-12-17 19:20"
"1.60","","-0.90","68","767","1023","","","","0.00","","SSW","Небольшая облачность","2025-12-17 19:21"
"1.50","","-1.30","68","768","1024","","","","0.40","","SSW","Небольшая облачность","2025-12-17 19:22"
"1.50","","-1.30","68","768","1024","","","","0.00","","SSW","Небольшая облачность","2025-12-17 19:23"
"1.50","","-1.30","68","768","1024","","","","0.00","","SSW","Небольшая облачность","2025-12-17 19:24"
"1.60","","-0.90","68","768","1024","","","","0.50","","SSW","Небольшая облачность","2025-12-17 19:25"
"1.60","","-0.90","68","768","1024","","","","0.50","","SSW","Небольшая облачность","2025-12-17 19:26"
"1.60","","-0.90","68","768","1024","","","","0.60","","SSW","Небольшая облачность","2025-12-17 19:27"
"1.60","","-1.20","68","768","1024","","","","0.50","","SSW","Небольшая облачность","2025-12-17 19:28"
"1.60","","-1.40","68","768","1024","","","","0.70","","SSW","Небольшая облачность","2025-12-17 19:29"
"1.60","","-1.30","68","768","1024","","","","0.60","","SSW","Небольшая облачность","2025-12-17 19:30"
"1.60","","-1.30","68","768","1024","","","","0.60","","SSW","Небольшая облачность","2025-12-17 19:31"
"1.60","","-1.10","68","768","1024","","","","0.60","","SSW","Небольшая облачность","2025-12-17 19:32"
"1.60","","-1.30","68","768","1024","","","","0.50","","SSW","Небольшая облачность","2025-12-17 19:33"
"1.60","","-1.20","68","768","1024","","","","1.00","","SSW","Небольшая облачность","2025-12-17 19:34"
"1.60","","-1.20","68","768","1024","","","","0.50","","SSW","Небольшая облачность","2025-12-17 19:35"
"1.60","","-1.20","68","768","1024","","","","0.50","","SSW","Переменная облачность","2025-12-17 19:36"
"1.60","","-0.90","68","768","1024","","","","0.00","","SSW","Переменная облачность","2025-12-17 19:37"
"1.60","","-0.90","68","768","1024","","","","1.00","","SSW","Переменная облачность","2025-12-17 19:38"
"1.60","","-1.60","68","768","1024","","","","1.00","","SSW","Переменная облачность","2025-12-17 19:39"
"1.60","","-1.10","68","768","1024","","","","0.90","","SSW","Переменная облачность","2025-12-17 19:40"
"1.60","","-1.50","68","768","1024","","","","1.20","","SW","Переменная облачность","2025-12-17 19:41"
"1.60","","-1.70","68","768","1024","","","","1.10","","SW","Переменная облачность","2025-12-17 19:42"
"1.60","","-1.70","68","768","1024","","","","1.10","","SW","Переменная облачность","2025-12-17 19:43"
"1.60","","-1.40","68","768","1024","","","","0.70","","SW","Переменная облачность","2025-12-17 19:44"
"1.60","","-1.20","68","768","1024","","","","0.50","","SW","Переменная облачность","2025-12-17 19:45"
"1.60","","-1.20","68","768","1024","","","","0.50","","SW","Переменная облачность","2025-12-17 19:46"
"1.60","","-1.20","68","768","1024","","","","0.50","","SW","Переменная облачность","2025-12-17 19:47"
"1.60","","-1.20","68","768","1024","","","","0.50","","SW","Переменная облачность","2025-12-17 19:48"
"1.60","","-1.60","68","768","1024","","","","0.40","","SW","Переменная облачность","2025-12-17 19:49"
"1.60","","-1.10","68","768","1024","","","","0.40","","SW","Переменная облачность","2025-12-17 19:50"
"1.60","","-1.50","68","768","1024","","","","0.90","","SW","Переменная облачность","2025-12-17 19:51"
"1.60","","-1.10","68","768","1024","","","","0.40","","SW","Переменная облачность","2025-12-17 19:52"
"1.60","","-1.10","68","768","1024","","","","0.00","","SW","Переменная облачность","2025-12-17 19:53"
"1.60","","-0.90","68","768","1024","","","","0.00","","SW","Переменная облачность","2025-12-17 19:54"
"1.60","","-0.90","68","768","1024","","","","1.00","","SW","Переменная облачность","2025-12-17 19:55"
"1.60","","-0.90","68","768","1024","","","","1.00","","SW","Переменная облачность","2025-12-17 19:56"
"1.60","","-0.90","68","768","1024","","","","1.80","","SW","Переменная облачность","2025-12-17 19:57"
"1.60","","-2.10","68","768","1024","","","","0.60","","SW","Переменная облачность","2025-12-17 19:58"
"1.60","","-0.90","68","768","1024","","","","0.00","","SW","Переменная облачность","2025-12-17 19:59"
"1.60","","-0.90","68","768","1024","","","","0.00","","SW","Переменная облачность","2025-12-17 20:00"
"1.60","","-0.90","68","768","1024","","","","0.00","","N","Переменная облачность","2025-12-17 20:01"
"1.60","","-0.90","68","768","1024","","","","0.00","","N","Переменная облачность","2025-12-17 20:02"
"1.60","","-0.90","68","768","1024","","","","0.00","","N","Переменная облачность","2025-12-17 20:03"
"1.60","","-1.80","68","768","1024","","","","1.50","","NW","Переменная облачность","2025-12-17 20:04"
"1.60","","-1.90","68","768","1024","","","","0.60","","NW","Переменная облачность","2025-12-17 20:05"
"1.60","","-0.90","68","768","1024","","","","0.00","","NW","Переменная облачность","2025-12-17 20:06"
"1.60","","-0.90","68","768","1024","","","","0.00","","NW","Переменная облачность","2025-12-17 20:07"
"1.60","","-0.90","68","768","1024","","","","0.00","","NW","Переменная облачность","2025-12-17 20:08"
"1.60","","-0.90","68","768","1024","","","","0.40","","NW","Переменная облачность","2025-12-17 20:09"
"1.60","","-1.10","68","768","1024","","","","0.60","","NW","Переменная облачность","2025-12-17 20:10"
"1.60","","-1.30","68","768","1024","","","","0.00","","NW","Переменная облачность","2025-12-17 20:11"
"1.60","","-0.90","68","768","1024","","","","0.00","","NW","Переменная облачность","2025-12-17 20:12"
"1.60","","-0.90","68","768","1024","","","","0.00","","NW","Переменная облачность","2025-12-17 20:13"
"1.60","","-0.90","68","768","1024","","","","0.00","","NW","Переменная облачность","2025-12-17 20:14"
"1.60","","-1.10","68","768","1024","","","","0.40","","NW","Переменная облачность","2025-12-17 20:15"
"1.60","","-1.10","68","768","1024","","","","0.40","","NW","Переменная облачность","2025-12-17 20:16"
"1.60","","-1.10","68","768","1024","","","","0.90","","NW","Переменная облачность","2025-12-17 20:17"
"1.60","","-1.50","68","768","1024","","","","0.40","","NW","Переменная облачность","2025-12-17 20:18"
"1.60","","-1.10","68","768","1024","","","","0.90","","NW","Переменная облачность","2025-12-17 20:19"
"1.60","","-1.30","68","768","1024","","","","0.60","","NW","Переменная облачность","2025-12-17 20:20"
"1.60","","-1.30","68","767","1023","","","","0.60","","NW","Переменная облачность","2025-12-17 20:21"
"1.60","","-1.30","68","767","1023","","","","0.00","","NW","Переменная облачность","2025-12-17 20:22"
"1.60","","-0.90","68","767","1023","","","","0.00","","NW","Переменная облачность","2025-12-17 20:23"
"1.60","","-0.90","68","767","1023","","","","1.00","","NW","Переменная облачность","2025-12-17 20:24"
"1.60","","-1.60","68","767","1023","","","","0.50","","NW","Переменная облачность","2025-12-17 20:25"
"1.60","","-1.20","68","767","1023","","","","0.50","","NW","Переменная облачность","2025-12-17 20:26"
"1.60","","-1.20","68","767","1023","","","","0.00","","NW","Переменная облачность","2025-12-17 20:27"
"1.60","","-0.90","68","767","1023","","","","0.00","","NW","Переменная облачность","2025-12-17 20:28"
"1.60","","-0.90","68","767","1023","","","","0.00","","NW","Переменная облачность","2025-12-17 20:29"
"1.60","","-0.90","68","767","1023","","","","0.00","","NW","Переменная облачность","2025-12-17 20:30"
"1.60","","-0.90","68","767","1023","","","","0.00","","NW","Переменная облачность","2025-12-17 20:31"
"1.60","","-0.90","68","767","1023","","","","0.00","","NW","Переменная облачность","2025-12-17 20:32"
"1.60","","-0.90","68","767","1023","","","","0.00","","NW","Переменная облачность","2025-12-17 20:33"
"1.60","","-0.90","68","767","1023","","","","0.00","","NW","Переменная облачность","2025-12-17 20:34"
"1.50","","-1.00","68","767","1023","","","","0.00","","NW","Переменная облачность","2025-12-17 20:35"
"1.50","","-1.00","68","768","1024","","","","0.00","","NW","Небольшая облачность","2025-12-17 20:36"
"1.50","","-1.60","68","768","1024","","","","0.90","","NW","Небольшая облачность","2025-12-17 20:37"
"1.60","","-1.50","68","768","1024","","","","0.60","","NW","Небольшая облачность","2025-12-17 20:38"
"1.60","","-1.30","68","768","1024","","","","0.60","","NW","Небольшая облачность","2025-12-17 20:39"
"1.60","","-1.30","68","768","1024","","","","1.20","","NNW","Небольшая облачность","2025-12-17 20:40"
"1.60","","-1.70","68","768","1024","","","","0.60","","NNW","Небольшая облачность","2025-12-17 20:41"
"1.50","","-1.40","68","768","1024","","","","0.60","","NNW","Небольшая облачность","2025-12-17 20:42"
"1.50","","-1.50","68","768","1024","","","","0.70","","NNW","Небольшая облачность","2025-12-17 20:43"
"1.50","","-1.30","68","768","1024","","","","0.40","","NNW","Небольшая облачность","2025-12-17 20:44"
"1.50","","-1.30","68","768","1024","","","","0.50","","NNW","Небольшая облачность","2025-12-17 20:45"
"1.50","","-1.30","68","768","1024","","","","0.50","","NNW","Небольшая облачность","2025-12-17 20:46"
"1.50","","-1.00","68","768","1024","","","","0.00","","NNW","Небольшая облачность","2025-12-17 20:47"
"1.50","","-1.00","68","768","1024","","","","0.00","","NNW","Небольшая облачность","2025-12-17 20:48"
"1.50","","-1.00","68","768","1024","","","","0.00","","NNW","Небольшая облачность","2025-12-17 20:49"
"1.50","","-1.00","68","768","1024","","","","0.00","","NNW","Небольшая облачность","2025-12-17 20:50"
"1.50","","-1.00","68","768","1024","","","","0.00","","NNW","Небольшая облачность","2025-12-17 20:51"
"1.50","","-1.00","68","768","1024","","","","0.40","","NNW","Небольшая облачность","2025-12-17 20:52"
"1.50","","-1.00","68","768","1024","","","","0.40","","NNW","Небольшая облачность","2025-12-17 20:53"
"1.60","","-1.20","68","768","1024","","","","0.50","","NNW","Небольшая облачность","2025-12-17 20:54"
"1.60","","-1.20","68","768","1024","","","","0.40","","NNW","Небольшая облачность","2025-12-17 20:55"
"1.50","","-1.30","68","768","1024","","","","0.50","","NNW","Небольшая облачность","2025-12-17 20:56"
"1.50","","-1.30","68","768","1024","","","","0.40","","NNW","Небольшая облачность","2025-12-17 20:57"
"1.50","","-1.30","68","768","1024","","","","0.50","","NNW","Небольшая облачность","2025-12-17 20:58"
"1.50","","-1.30","68","768","1024","","","","0.00","","NNW","Небольшая облачность","2025-12-17 20:59"
"1.50","","-1.50","68","768","1024","","","","0.70","","NNW","Небольшая облачность","2025-12-17 21:00"
"1.50","","-1.50","68","768","1024","","","","0.50","","NNW","Небольшая облачность","2025-12-17 21:01"
"1.50","","-1.50","68","768","1024","","","","0.50","","NNW","Небольшая облачность","2025-12-17 21:02"
"1.50","","-1.50","68","768","1024","","","","0.50","","NNW","Небольшая облачность","2025-12-17 21:03"
"1.50","","-1.50","68","768","1024","","","","0.50","","NW","Небольшая облачность","2025-12-17 21:04"
"1.50","","-1.40","68","768","1024","","","","0.00","","NW","Небольшая облачность","2025-12-17 21:05"
"1.50","","-1.00","68","768","1024","","","","0.50","","NW","Небольшая облачность","2025-12-17 21:06"
"1.50","","-1.00","68","768","1024","","","","0.00","","NW","Небольшая облачность","2025-12-17 21:07"
"1.50","","-1.30","68","768","1024","","","","0.40","","NW","Небольшая облачность","2025-12-17 21:08"
"1.50","","-1.60","68","768","1024","","","","0.90","","NW","Небольшая облачность","2025-12-17 21:09"
"1.50","","-1.60","68","768","1024","","","","0.90","","NW","Небольшая облачность","2025-12-17 21:10"
"1.50","","-1.60","68","768","1024","","","","0.90","","NW","Небольшая облачность","2025-12-17 21:11"
"1.50","","-1.60","68","768","1024","","","","1.30","","NW","Небольшая облачность","2025-12-17 21:12"
"1.50","","-1.40","68","768","1024","","","","0.60","","NW","Небольшая облачность","2025-12-17 21:13"
"1.50","","-1.30","68","768","1024","","","","0.50","","NW","Небольшая облачность","2025-12-17 21:14"
"1.50","","-1.30","68","768","1024","","","","0.40","","NW","Небольшая облачность","2025-12-17 21:15"
"1.50","","-1.00","68","768","1024","","","","0.00","","NW","Небольшая облачность","2025-12-17 21:16"
"1.50","","-1.00","68","768","1024","","","","0.00","","NW","Небольшая облачность","2025-12-17 21:17"
"1.50","","-1.00","68","768","1024","","","","0.00","","NW","Небольшая облачность","2025-12-17 21:18"
"1.50","","-1.70","68","768","1024","","","","0.70","","NW","Небольшая облачность","2025-12-17 21:19"
"1.50","","-1.50","68","768","1024","","","","0.70","","NW","Небольшая облачность","2025-12-17 21:20"
"1.50","","-1.50","68","768","1024","","","","0.70","","NW","Небольшая облачность","2025-12-17 21:21"
"1.50","","-1.50","68","768","1024","","","","0.70","","NW","Небольшая облачность","2025-12-17 21:22"
"1.50","","-1.30","68","768","1024","","","","0.00","","NW","Небольшая облачность","2025-12-17 21:23"
"1.50","","-1.00","68","768","1024","","","","0.00","","NW","Небольшая облачность","2025-12-17 21:24"
"1.50","","-1.00","68","768","1024","","","","2.70","","NW","Небольшая облачность","2025-12-17 21:25"
"1.50","","-2.90","68","768","1024","","","","0.90","","NW","Небольшая облачность","2025-12-17 21:26"
"1.50","","-2.90","68","768","1024","","","","0.90","","NW","Небольшая облачность","2025-12-17 21:27"
"1.50","","-1.60","68","768","1024","","","","0.90","","NW","Небольшая облачность","2025-12-17 21:28"
"1.50","","-1.60","68","768","1024","","","","0.90","","NW","Небольшая облачность","2025-12-17 21:29"
"1.40","","-1.40","68","768","1024","","","","0.50","","NW","Небольшая облачность","2025-12-17 21:30"
"1.50","","-1.30","68","768","1024","","","","0.50","","NW","Небольшая облачность","2025-12-17 21:31"
"1.50","","-1.30","68","768","1024","","","","0.50","","NW","Небольшая облачность","2025-12-17 21:32"
"1.50","","-1.30","68","768","1024","","","","1.70","","NW","Небольшая облачность","2025-12-17 21:33"
"1.50","","-1.30","68","768","1024","","","","1.70","","NW","Небольшая облачность","2025-12-17 21:34"
"1.40","","-2.30","68","768","1024","","","","1.30","","NW","Небольшая облачность","2025-12-17 21:35"
"1.40","","-2.10","68","768","1024","","","","1.50","","NW","Небольшая облачность","2025-12-17 21:36"
"1.40","","-1.80","68","768","1024","","","","1.00","","NW","Небольшая облачность","2025-12-17 21:37"
"1.40","","-1.40","68","768","1024","","","","0.40","","NW","Небольшая облачность","2025-12-17 21:38"
"1.40","","-1.60","68","768","1024","","","","0.70","","NW","Небольшая облачность","2025-12-17 21:39"
"1.40","","-1.60","68","768","1024","","","","0.70","","NW","Небольшая облачность","2025-12-17 21:40"
"1.40","","-1.60","68","768","1024","","","","0.70","","NW","Небольшая облачность","2025-12-17 21:41"
"1.40","","-1.60","68","768","1024","","","","1.20","","NW","Небольшая облачность","2025-12-17 21:42"
"1.40","","-1.90","69","768","1024","","","","1.20","","NW","Небольшая облачность","2025-12-17 21:43"
"1.40","","-2.40","69","768","1024","","","","1.90","","NW","Небольшая облачность","2025-12-17 21:44"
"1.40","","-2.40","69","768","1024","","","","1.90","","WNW","Небольшая облачность","2025-12-17 21:45"
"1.40","","-1.70","69","768","1024","","","","1.20","","WNW","Небольшая облачность","2025-12-17 21:46"
"1.40","","-1.70","69","768","1024","","","","1.20","","WNW","Небольшая облачность","2025-12-17 21:47"
"1.40","","-1.90","69","768","1024","","","","1.20","","WNW","Небольшая облачность","2025-12-17 21:48"
"1.40","","-1.90","69","768","1024","","","","1.20","","WNW","Небольшая облачность","2025-12-17 21:49"
"1.40","","-1.40","69","768","1024","","","","0.70","","WNW","Небольшая облачность","2025-12-17 21:50"
"1.40","","-1.40","69","768","1024","","","","0.70","","WNW","Небольшая облачность","2025-12-17 21:51"
"1.40","","-2.00","69","768","1024","","","","1.30","","WNW","Небольшая облачность","2025-12-17 21:52"
"1.40","","-2.00","69","768","1024","","","","1.70","","WNW","Небольшая облачность","2025-12-17 21:53"
"1.40","","-2.30","69","768","1024","","","","1.70","","WNW","Небольшая облачность","2025-12-17 21:54"
"1.40","","-2.30","69","768","1024","","","","1.70","","WNW","Небольшая облачность","2025-12-17 21:55"
"1.40","","-2.30","69","768","1024","","","","0.70","","WNW","Небольшая облачность","2025-12-17 21:56"
"1.40","","-1.60","69","768","1024","","","","0.70","","WNW","Небольшая облачность","2025-12-17 21:57"
"1.40","","-3.00","69","768","1024","","","","2.70","","WNW","Небольшая облачность","2025-12-17 21:58"
"1.40","","-3.00","69","768","1024","","","","2.70","","WNW","Небольшая облачность","2025-12-17 21:59"
"1.40","","-1.30","69","768","1024","","","","0.40","","WNW","Небольшая облачность","2025-12-17 22:00"
"1.40","","-1.30","69","768","1024","","","","0.40","","WNW","Небольшая облачность","2025-12-17 22:01"
"1.40","","-1.50","69","768","1024","","","","0.00","","WNW","Небольшая облачность","2025-12-17 22:02"
"1.40","","-1.10","69","768","1024","","","","0.00","","WNW","Небольшая облачность","2025-12-17 22:03"
"1.40","","-1.10","69","768","1024","","","","0.00","","WNW","Небольшая облачность","2025-12-17 22:04"
"1.40","","-1.10","69","768","1024","","","","1.60","","WNW","Небольшая облачность","2025-12-17 22:05"
"1.40","","-1.80","69","768","1024","","","","1.10","","WNW","Небольшая облачность","2025-12-17 22:06"
"1.40","","-1.80","69","768","1024","","","","0.60","","WNW","Небольшая облачность","2025-12-17 22:07"
"1.40","","-1.80","69","768","1024","","","","0.60","","WNW","Небольшая облачность","2025-12-17 22:08"
"1.40","","-1.40","69","768","1024","","","","0.60","","WNW","Небольшая облачность","2025-12-17 22:09"
"1.40","","-1.50","69","768","1024","","","","0.60","","WNW","Небольшая облачность","2025-12-17 22:10"
"1.40","","-1.50","69","768","1024","","","","0.60","","WNW","Небольшая облачность","2025-12-17 22:11"
"1.40","","-1.50","69","768","1024","","","","1.60","","WNW","Небольшая облачность","2025-12-17 22:12"
"1.40","","-1.40","69","768","1024","","","","0.50","","WNW","Небольшая облачность","2025-12-17 22:13"
"1.40","","-1.40","69","768","1024","","","","0.50","","WNW","Небольшая облачность","2025-12-17 22:14"
"1.40","","-1.00","70","768","1024","","","","0.00","","WNW","Небольшая облачность","2025-12-17 22:15"
"1.40","","-1.00","70","768","1024","","","","0.00","","WNW","Небольшая облачность","2025-12-17 22:16"
"1.40","","-2.90","70","768","1024","","","","1.90","","WNW","Небольшая облачность","2025-12-17 22:17"
"1.40","","-2.90","70","768","1024","","","","1.90","","WNW","Небольшая облачность","2025-12-17 22:18"
"1.40","","-2.30","70","768","1024","","","","0.60","","WNW","Небольшая облачность","2025-12-17 22:19"
"1.30","","-1.60","70","768","1024","","","","0.00","","WNW","Небольшая облачность","2025-12-17 22:20"
"1.40","","-1.00","70","768","1024","","","","0.40","","WNW","Небольшая облачность","2025-12-17 22:21"
"1.40","","-1.00","70","768","1024","","","","0.40","","WNW","Небольшая облачность","2025-12-17 22:22"
"1.30","","-1.60","70","768","1024","","","","0.70","","WNW","Небольшая облачность","2025-12-17 22:23"
"1.30","","-1.80","70","768","1024","","","","0.50","","WNW","Небольшая облачность","2025-12-17 22:24"
"1.40","","-1.40","70","768","1024","","","","1.00","","WNW","Небольшая облачность","2025-12-17 22:25"
"1.40","","-1.40","70","768","1024","","","","0.40","","WNW","Небольшая облачность","2025-12-17 22:26"
"1.40","","-1.40","70","768","1024","","","","0.40","","WNW","Небольшая облачность","2025-12-17 22:27"
"1.40","","-1.30","70","768","1024","","","","0.40","","WNW","Небольшая облачность","2025-12-17 22:28"
"1.40","","-1.30","70","768","1024","","","","0.50","","WNW","Небольшая облачность","2025-12-17 22:29"
"1.40","","-2.10","70","768","1024","","","","1.50","","WNW","Небольшая облачность","2025-12-17 22:30"
"1.40","","-2.10","70","768","1024","","","","0.90","","WNW","Небольшая облачность","2025-12-17 22:31"
"1.40","","-1.00","70","768","1024","","","","0.00","","WNW","Небольшая облачность","2025-12-17 22:32"
"1.40","","-1.00","70","768","1024","","","","0.00","","WNW","Небольшая облачность","2025-12-17 22:33"
"1.40","","-1.00","70","768","1024","","","","0.00","","WNW","Небольшая облачность","2025-12-17 22:34"
"1.40","","-1.00","70","768","1024","","","","0.90","","WNW","Небольшая облачность","2025-12-17 22:35"
"1.40","","-1.00","70","768","1024","","","","0.00","","WNW","Небольшая облачность","2025-12-17 22:36"
"1.40","","-1.00","70","768","1024","","","","0.00","","WNW","Небольшая облачность","2025-12-17 22:37"
"1.40","","-1.00","70","768","1024","","","","0.60","","WNW","Небольшая облачность","2025-12-17 22:38"
"1.40","","-1.70","70","768","1024","","","","0.90","","WNW","Небольшая облачность","2025-12-17 22:39"
"1.40","","-1.70","70","768","1024","","","","0.70","","WNW","Небольшая облачность","2025-12-17 22:40"
"1.40","","-1.70","70","768","1024","","","","0.70","","WNW","Небольшая облачность","2025-12-17 22:41"
"1.40","","-1.50","70","768","1024","","","","0.50","","WNW","Небольшая облачность","2025-12-17 22:42"
"1.40","","-1.50","70","768","1024","","","","0.50","","WNW","Небольшая облачность","2025-12-17 22:43"
"1.40","","-1.50","70","768","1024","","","","0.60","","WNW","Небольшая облачность","2025-12-17 22:44"
"1.40","","-1.00","70","768","1024","","","","0.00","","WNW","Небольшая облачность","2025-12-17 22:45"
"1.40","","-1.50","70","768","1024","","","","0.60","","WNW","Небольшая облачность","2025-12-17 22:46"
"1.40","","-1.50","70","768","1024","","","","0.60","","WNW","Небольшая облачность","2025-12-17 22:47"
"1.40","","-1.00","70","768","1024","","","","0.40","","WNW","Небольшая облачность","2025-12-17 22:48"
"1.40","","-1.00","70","768","1024","","","","0.40","","WNW","Небольшая облачность","2025-12-17 22:49"
"1.40","","-1.60","71","768","1024","","","","1.40","","WNW","Небольшая облачность","2025-12-17 22:50"
"1.40","","-1.60","71","768","1024","","","","1.40","","WNW","Небольшая облачность","2025-12-17 22:51"
"1.40","","-2.00","71","768","1024","","","","1.70","","WNW","Небольшая облачность","2025-12-17 22:52"
"1.40","","-2.00","71","768","1024","","","","1.70","","WNW","Небольшая облачность","2025-12-17 22:53"
"1.40","","-2.30","71","768","1024","","","","1.80","","WNW","Небольшая облачность","2025-12-17 22:54"
"1.40","","-2.30","71","768","1024","","","","0.70","","WNW","Небольшая облачность","2025-12-17 22:55"
"1.40","","-1.50","71","768","1024","","","","0.70","","WNW","Небольшая облачность","2025-12-17 22:56"
"1.40","","-1.50","71","768","1024","","","","1.30","","WNW","Небольшая облачность","2025-12-17 22:57"
"1.40","","-1.90","71","768","1024","","","","1.30","","WNW","Небольшая облачность","2025-12-17 22:58"
"1.40","","-1.90","70","768","1024","","","","1.80","","WNW","Небольшая облачность","2025-12-17 22:59"
"1.40","","-1.90","70","768","1024","","","","1.80","","WNW","Небольшая облачность","2025-12-17 23:00"
"1.40","","-1.90","70","768","1024","","","","2.10","","WNW","Небольшая облачность","2025-12-17 23:01"
"1.40","","-1.90","70","768","1024","","","","0.90","","WNW","Небольшая облачность","2025-12-17 23:02"
"1.40","","-1.90","70","768","1024","","","","1.30","","WNW","Небольшая облачность","2025-12-17 23:03"
"1.40","","-1.90","70","768","1024","","","","1.40","","WNW","Небольшая облачность","2025-12-17 23:04"
"1.40","","-1.90","70","768","1024","","","","1.40","","WNW","Небольшая облачность","2025-12-17 23:05"
"1.50","","-1.90","70","768","1024","","","","1.40","","WNW","Небольшая облачность","2025-12-17 23:06"
"1.50","","-1.90","70","768","1024","","","","1.40","","WNW","Небольшая облачность","2025-12-17 23:07"
"1.40","","-1.60","71","768","1024","","","","0.90","","WNW","Небольшая облачность","2025-12-17 23:08"
"1.40","","-1.40","71","768","1024","","","","0.60","","WNW","Небольшая облачность","2025-12-17 23:09"
"1.40","","-1.40","71","768","1024","","","","0.60","","WNW","Небольшая облачность","2025-12-17 23:10"
"1.40","","-1.40","71","768","1024","","","","1.30","","WNW","Небольшая облачность","2025-12-17 23:11"
"1.50","","-1.80","70","768","1024","","","","1.30","","WNW","Небольшая облачность","2025-12-17 23:12"
"1.50","","-1.80","70","768","1024","","","","1.20","","WNW","Небольшая облачность","2025-12-17 23:13"
"1.50","","-1.80","70","768","1024","","","","1.20","","WNW","Небольшая облачность","2025-12-17 23:14"
"1.40","","-2.70","70","768","1024","","","","2.40","","WNW","Небольшая облачность","2025-12-17 23:15"
"1.40","","-2.30","70","768","1024","","","","1.80","","WNW","Небольшая облачность","2025-12-17 23:16"
"1.40","","-1.50","70","768","1024","","","","0.70","","WNW","Небольшая облачность","2025-12-17 23:17"
"1.40","","-1.50","70","768","1024","","","","0.70","","WNW","Небольшая облачность","2025-12-17 23:18"
"1.40","","-1.50","70","768","1024","","","","0.00","","WNW","Небольшая облачность","2025-12-17 23:19"
"1.40","","-1.50","70","768","1024","","","","0.90","","WNW","Небольшая облачность","2025-12-17 23:20"
"1.40","","-1.90","70","768","1024","","","","1.30","","WNW","Небольшая облачность","2025-12-17 23:21"
"1.40","","-2.00","70","768","1024","","","","1.40","","WNW","Небольшая облачность","2025-12-17 23:22"
"1.40","","-2.00","70","768","1024","","","","1.40","","WNW","Небольшая облачность","2025-12-17 23:23"
"1.40","","-2.00","70","768","1024","","","","1.40","","WNW","Небольшая облачность","2025-12-17 23:24"
"1.40","","-1.50","70","768","1024","","","","0.70","","WNW","Небольшая облачность","2025-12-17 23:25"
"1.40","","-1.80","70","768","1024","","","","1.00","","WNW","Небольшая облачность","2025-12-17 23:26"
"1.40","","-1.70","70","768","1024","","","","1.00","","WNW","Небольшая облачность","2025-12-17 23:27"
"1.40","","-1.70","70","768","1024","","","","0.90","","WNW","Небольшая облачность","2025-12-17 23:28"
"1.40","","-1.00","70","768","1024","","","","0.00","","WNW","Небольшая облачность","2025-12-17 23:29"
"1.40","","-1.00","70","768","1024","","","","0.00","","WNW","Небольшая облачность","2025-12-17 23:30"
"1.40","","-1.00","70","768","1024","","","","0.00","","WNW","Небольшая облачность","2025-12-17 23:31"
"1.40","","-1.00","70","768","1024","","","","0.00","","WNW","Небольшая облачность","2025-12-17 23:32"
"1.40","","-1.00","70","768","1024","","","","0.00","","WNW","Небольшая облачность","2025-12-17 23:33"
"1.40","","-1.50","70","768","1024","","","","0.60","","WNW","Небольшая облачность","2025-12-17 23:34"
"1.40","","-1.90","70","768","1024","","","","1.30","","WNW","Небольшая облачность","2025-12-17 23:35"
"1.40","","-1.90","70","768","1024","","","","1.30","","WNW","Небольшая облачность","2025-12-17 23:36"
"1.40","","-1.90","70","768","1024","","","","1.30","","WNW","Небольшая облачность","2025-12-17 23:37"
"1.40","","-1.80","70","768","1024","","","","1.10","","WNW","Небольшая облачность","2025-12-17 23:38"
"1.40","","-1.90","70","768","1024","","","","1.30","","WNW","Небольшая облачность","2025-12-17 23:39"
"1.40","","-1.90","70","768","1024","","","","1.10","","WNW","Небольшая облачность","2025-12-17 23:40"
"1.40","","-1.80","70","768","1024","","","","1.30","","WNW","Небольшая облачность","2025-12-17 23:41"
"1.40","","-1.90","70","768","1024","","","","1.20","","WNW","Небольшая облачность","2025-12-17 23:42"
"1.40","","-1.90","70","768","1024","","","","0.60","","WNW","Небольшая облачность","2025-12-17 23:43"
"1.40","","-1.30","70","768","1024","","","","0.40","","WNW","Небольшая облачность","2025-12-17 23:44"
"1.40","","-1.30","70","768","1024","","","","0.50","","WNW","Небольшая облачность","2025-12-17 23:45"
"1.40","","-1.00","70","768","1024","","","","0.00","","WNW","Небольшая облачность","2025-12-17 23:46"
"1.40","","-1.70","70","768","1024","","","","0.90","","WNW","Небольшая облачность","2025-12-17 23:47"
"1.40","","-1.70","70","768","1024","","","","0.50","","WNW","Небольшая облачность","2025-12-17 23:48"
"1.40","","-1.40","70","768","1024","","","","0.40","","WNW","Небольшая облачность","2025-12-17 23:49"
"1.40","","-1.30","70","768","1024","","","","0.50","","WNW","Небольшая облачность","2025-12-17 23:50"
"1.40","","-2.40","70","768","1024","","","","2.00","","WNW","Небольшая облачность","2025-12-17 23:51"
"1.40","","-2.40","70","768","1024","","","","2.00","","WNW","Небольшая облачность","2025-12-17 23:52"
"1.40","","-1.90","70","768","1024","","","","1.30","","WNW","Небольшая облачность","2025-12-17 23:53"
"1.40","","-1.40","70","768","1024","","","","0.50","","WNW","Небольшая облачность","2025-12-17 23:54"
"1.40","","-1.50","70","768","1024","","","","0.60","","WNW","Небольшая облачность","2025-12-17 23:55"
"1.40","","-1.50","70","768","1024","","","","0.60","","WNW","Небольшая облачность","2025-12-17 23:56"
"1.40","","-1.30","70","768","1024","","","","0.00","","WNW","Небольшая облачность","2025-12-17 23:57"
"1.40","","-1.00","70","768","1024","","","","0.40","","WNW","Небольшая облачность","2025-12-17 23:58"
"1.40","","-1.00","70","768","1024","","","","0.40","","WNW","Небольшая облачность","2025-12-17 23:59"